0,1,2,3,4,5,6,7,8,9,10,11,12,13,14,15,16,17,18,19
0.0,0.0,0.0,0.0,0.0,0.0,0.0,0.0,0.0,0.0,0.0,0.0,0.0,0.0,0.0,0.0,0.0,0.0,0.0,0.0
0.0,0.0,0.0,0.0,0.0,0.0,0.0,0.0,0.0,0.0,0.0,0.0,0.0,0.0,0.0,0.0,0.0,0.0,0.0,0.0
6.846107815313628,3.773456909622767,2.376007923632389,0.9096796050670104,1.251830587748359,0.0,0.0,0.0,0.0,0.0,0.1618945346954304,0.43194005686143033,0.7395362231026206,1.4937246164855063,1.1755728699897214,1.340686229250447,1.0603000135163203,1.0305628388056727,1.0060907564995418,1.0098875810628025
6.161960536844109,3.4803491023820827,2.170149715034357,1.3006196725337158,1.0227802683295881,0.0,0.0,0.0,0.0,0.0,0.15887162275285058,0.4215316309129915,0.7412326483177848,1.4955289864223662,1.1304681149406408,1.3378021664944106,1.0604473993136072,1.025067300738162,1.0041718567721,1.012960718761698
7.043811038329947,3.170857951096559,2.202347174027927,1.076412233994351,1.0807437215955398,0.0,0.0,0.0,0.0,0.0,0.1556130450398929,0.4028816423089861,0.669051031964095,1.467866782171615,0.952610968398928,1.3003984446607286,1.0606860289311717,1.022428465290495,1.0048533065480623,1.018462393833389
7.862759894785009,3.1729850730356617,2.2118656850367264,1.227394847657473,1.213805125677085,0.0,0.0,0.0,0.0,0.0,0.17442196309316216,0.4564655149430786,0.7670834743217416,1.4710809734176038,1.1554694257763174,1.2674373784184536,1.0538653245365888,1.0243568385816175,1.0041567818797672,1.0112407425491021
3.706072656636367,2.010337851785142,1.6497631207353336,1.3726932885762744,0.9571439640455338,0.0,0.0,0.0,0.0,0.0,0.20896352144584518,0.5939172404045511,0.9439348995466266,1.3725512186223654,1.5842452482383762,1.3618137186659465,1.051757770023702,1.0165791180821444,1.0050804314018578,1.0025089080023044
5.577110809374825,2.1004336850157785,1.2235923455581574,0.8829757980483948,0.766711559089064,0.0,0.0,0.0,0.0,0.0,0.18193375515760357,0.5163096942462311,0.8954634107279256,1.527830460378954,1.2156566879746393,1.2948574344848491,1.0624970586903844,1.0161326432347533,1.0035501460666765,1.0092252051540176
4.003737056096992,1.8692399550469763,2.107952254300392,0.8906167405621683,0.8507275434396041,0.0,0.0,0.0,0.0,0.0,0.17161872439061823,0.4038646376952161,0.649495430154457,1.4582343833464082,0.9319495589847263,1.2777766633523149,1.0558798967027772,1.0192373909747643,1.0055102133740441,1.0189438073292327
5.0869206124281305,2.5854963470383483,1.8110224679848976,0.9997028937507693,0.876307719603982,0.0,0.0,0.0,0.0,0.0,0.15825754737261072,0.3899916333873382,0.6493212797780562,1.451412061757379,0.9553066699120554,1.2929311642635084,1.0570003514561832,1.0220993853415525,1.0061226620184767,1.0182844259687172
3.9738035126084044,2.529375659811742,3.842929806705557,4.603134216689705,6.119521999277211,0.0,0.0,0.0,0.0,0.0,0.21128171341531576,0.7116853690345402,1.0863979107908748,1.5868250191612114,1.341178716474748,1.5093203526163126,1.037331983937248,1.0084966836538964,1.0018833145981165,1.0039776293366818
4.963152671541634,3.1904754767279613,1.9354977929871624,0.5892945719504954,1.36398497239602,0.0,0.0,0.0,0.0,0.0,0.14111404399066887,0.40166665280493263,0.7650822606391485,1.625105082116559,1.359525170522029,1.5513554204648592,1.0774800353481366,1.0330816680650599,1.0038181005209104,1.0070933642781863
6.620491152101886,2.1087635864794567,1.022060876879045,0.6247545286131803,0.5516058433541048,0.0,0.0,0.0,0.0,0.0,0.161212597054846,0.4722574245810973,0.8252476033251065,1.3357801204574264,1.5777778651932934,1.3036627877616809,1.0527707168691431,1.0258561541745008,1.0085244626787175,1.0034581825362234
1.5664777141178217,0.8632240920610844,0.7803647801476716,0.4039059428416434,0.29822904261190847,0.0,0.0,0.0,0.0,0.0,0.17535644587125057,0.48939597811913993,0.7706540408442977,1.3242620425297198,1.605726992186139,1.3724338398276699,1.0572410768346854,1.0255022461550425,1.009352604027073,1.0031092199953413
2.0640346808240366,1.2513990794175316,0.7870333605616346,0.5755658266873608,0.3937846515854758,0.0,0.0,0.0,0.0,0.0,0.17217973397792263,0.4421456949833334,0.7929165803377646,1.2146420558889341,1.5280309216514734,1.3285887977103938,1.0600273839136773,1.0251124910917777,1.0089562718239362,1.005455571369656
3.9004224891308086,1.3909943862730771,0.8010824979748857,0.47070266171394765,0.4833570200984426,0.0,0.0,0.0,0.0,0.0,0.18219988588953617,0.47946643188845217,0.7597809796532256,1.1703267490581613,1.5264395691495098,1.2348596966885501,1.0416772122687756,1.02582378521791,1.013289714557498,1.000764287841705
1.7273286230834557,1.4123538636175192,1.1985486668200225,1.5285874853313417,0.6069237594821804,0.0,0.0,0.0,0.0,0.0,0.20172418387940122,0.6276525736855085,1.1193174358355533,1.4191924176951596,1.6403091830148246,1.46632968771778,1.0527254838674616,1.0120489980450282,1.0030455947963393,1.0024006975235058
1.657586352270068,0.9095292765287752,0.46115625411567107,0.48332954448149457,0.4033993370759729,0.0,0.0,0.0,0.0,0.0,0.18125237363023264,0.5416171785239566,0.9113010592377236,1.2546386162453413,1.6028640088075223,1.36922130876498,1.0545792946172452,1.0184552478336202,1.0071219225214194,1.0031550254259203
2.444613125141121,0.9604259358807028,0.4165711440656924,0.2701179083438759,0.30990338870147144,0.0,0.0,0.0,0.0,0.0,0.17552340248599568,0.5602333297032035,0.9461168010124451,1.6007186119358292,1.3239088533356034,1.3338990531760893,1.0490086375171026,1.0204101377606936,1.002247481600575,1.0063236115524805
17.04828208648831,9.418823624334454,6.738550393072129,3.922045036538365,3.6539893619000012,0.0,0.0,0.0,0.0,0.0,0.1668386054872337,0.41331773705022445,0.6587743272994335,1.4622107505540616,0.9484756592154279,1.3252984635627212,1.0590150231301887,1.025274704633269,1.0061142247180734,1.0186869732622765
16.58871356302548,8.77271702483812,9.0873715618113,4.83147554219857,3.070753002813272,0.0,0.0,0.0,0.0,0.0,0.16883669728855832,0.4298472001151509,0.7108927088651581,1.4732671951137366,1.150511029239577,1.355138023269057,1.064436822632565,1.022638458667874,1.005343154354741,1.011171817917381
1.9929565494755586,1.7544022666859589,1.118927335694223,0.639236134313825,0.8184887331020285,0.0,0.0,0.0,0.0,0.0,0.15969984909220372,0.42051346612380847,0.6894978542679695,1.548177140268588,1.2930608521464884,1.50525938291883,1.0615592096278423,1.0413991029809921,1.003771800221997,1.0085602987400557
2.3226110858091262,1.386843105382825,0.8519930952886753,0.8167323424827699,0.6809970624795307,0.0,0.0,0.0,0.0,0.0,0.18109217926378543,0.562217828091992,1.0856018664131382,1.418932607113853,1.6513146923493938,1.4869647716276286,1.0734028501448272,1.014590088327747,1.0043745048578923,1.0023282126490203
28.72618339109623,14.455111741510247,14.851401350634983,27.235614691576195,12.523262457338536,0.0,0.0,0.0,0.0,0.0,0.19013982783100228,0.8603057297979734,1.166957469977626,1.4287440962792355,1.6293951922327388,1.627765851578374,1.0212360369391962,1.0079796851878335,1.0025438957336832,1.0014690932229933
22.55394339663907,10.999751511385291,6.344472875452427,2.7334263289333394,4.22121164761765,0.0,0.0,0.0,0.0,0.0,0.1476348898001971,0.3855907606616623,0.6571637759716138,1.0840569007643919,1.475030156155552,1.3198379956103217,1.0502834683600313,1.0305981149245538,1.0186719978181888,1.0052540487575827
11.061553378431393,6.77917604022033,3.424812491144576,2.240079779182371,2.5743181029205764,0.0,0.0,0.0,0.0,0.0,0.16768099160472916,0.44746938817709875,0.7685353392737707,1.509729961502077,1.1744445337904854,1.3150470088308701,1.0502319161575973,1.0280487943786636,1.0043138851401068,1.0088450790242691
21.313129368496618,8.477369360758463,5.794460933467993,5.746621076530607,4.021821055930093,0.0,0.0,0.0,0.0,0.0,0.16545302674950868,0.4792571065852668,1.0820725116647625,1.4006252909425325,1.6205257973620484,1.3803210319925598,1.0937866293334892,1.0137653960751118,1.0047105441143347,1.0025521088866727
1.155453463226851,0.9882588754217447,0.42054064803162794,0.431584118449954,0.2562860825391738,0.0,0.0,0.0,0.0,0.0,0.1761552714237118,0.4870287364014263,0.8950274192983333,1.4153425302095728,1.6519585167858664,1.4753702449120474,1.0627224095909946,1.0294451723919282,1.0053739149455543,1.0011729685327615
1.4629042743989062,1.3167268441702704,0.482551883495443,0.6611216727839507,0.43231301056030896,0.0,0.0,0.0,0.0,0.0,0.19905199854577665,0.5346359869934907,0.9523613461248581,1.3539418731717399,1.5873578865100768,1.397246196749648,1.0497795953700988,1.025224526461,1.0058261497943364,1.0030678475516552
3.066709602963612,1.2179606271759629,0.6167580927159294,0.4089813091576042,0.4451053473860716,0.0,0.0,0.0,0.0,0.0,0.1542574125970365,0.41420781697730763,0.709411392658091,1.2130123822850376,1.5585415585018811,1.2756226606315682,1.0540599422371204,1.0308470577851627,1.0122940312008029,1.0044676125711247
1.3535706449813312,0.7388521321420886,0.4300158160947067,0.682049586152889,0.38238067268284115,0.0,0.0,0.0,0.0,0.0,0.17434419403765192,0.499827351270244,1.0001442603127866,1.3875567782621525,1.6345516239377444,1.4745788926680998,1.0917854510000693,1.022288174647494,1.0046939394219725,1.0025493267486418
4.619321607091593,2.5419238798920603,1.8882479724089052,1.4723871409032798,0.7271343836119997,0.0,0.0,0.0,0.0,0.0,0.1692734364228231,0.5062788559342416,0.8403712937025276,1.3711871759713463,1.6402297835980286,1.4608598730823656,1.061148131301492,1.0289017940182124,1.007537141878252,1.0027562461557533
1.0687488509779253,0.4357807066931354,0.2874870673467977,0.2214445338439946,0.17393963073864438,0.0,0.0,0.0,0.0,0.0,0.16569959311307358,0.4515906722429705,0.7558372809825542,1.3892612555116113,1.6561277659182474,1.355818331587966,1.0633836347395653,1.0353852364440643,1.0062002632948557,1.0027431478354125
0.6397778533292751,0.3475976029865478,0.25166890526409935,0.3347157973819734,0.23612361306567026,0.0,0.0,0.0,0.0,0.0,0.1945078947952122,0.5465493913838156,0.8620829611678407,1.3303303545100225,1.6640326207619511,1.3420580165237765,1.0461410317173272,1.0217593089769563,1.0058678486389971,1.0023042062812046
38.73636164041917,11.965727380127031,2.7274832279969474,1.546651484960252,1.5555315810441557,0.0,0.0,0.0,0.0,0.0,0.13872927870838989,0.2983474146616831,0.7329722510890789,1.4920485716816263,1.2101291948500255,1.1953527987636525,1.117083502760501,1.035397272677812,1.0026885266873564,1.0103272493540831
33.47996697588395,12.184342742931547,2.5626747265403784,1.3420376590863945,1.919852331407498,0.0,0.0,0.0,0.0,0.0,0.1362696480201532,0.2827810708011904,0.7387481443494437,1.5070154643588412,1.2492087303516355,1.2217148209422353,1.1231271242043162,1.0413473078764313,1.0039531910745427,1.00814137681273
30.228069794756372,9.879228573204992,2.492328293702377,1.3141420264998132,1.3301948262648247,0.0,0.0,0.0,0.0,0.0,0.13679134724075187,0.2942592215763787,0.7392501190960172,1.490945091053255,1.229766377228986,1.2019767761190363,1.1230926486757193,1.030429392925192,1.0032759110065828,1.007605751607267
29.168670148988504,10.602687761961388,2.6909061339494604,1.485788767780438,1.5945356455288326,0.0,0.0,0.0,0.0,0.0,0.1411204571640195,0.29549036948711344,0.7442350094289442,1.5016631993344132,1.2230472467174693,1.202605848642881,1.1161823555437753,1.0286092827078819,1.003593238813167,1.00716620874153
21.365155033123475,3.4578175043248875,2.0268235070090563,1.5703797390959149,1.914447169749095,0.0,0.0,0.0,0.0,0.0,0.14717339680547847,0.37083715070978157,0.7826950980865107,1.5093666855068488,1.2604113764297487,1.227205797029136,1.1145117423945066,1.0346965049011396,1.0034343847641702,1.0075471428394016
24.338445964943435,9.547420391763207,1.7762776741594828,1.0363316097827797,1.3096632934032806,0.0,0.0,0.0,0.0,0.0,0.1392684726569813,0.281540086470776,0.7379130313518222,1.5094673693181357,1.2317669850428477,1.186967875178148,1.1037332536944497,1.032024108434869,1.003450233124545,1.0077044901654388
21.918146932472347,7.241555762091627,2.0879538354241327,1.0332893239942238,1.0259425837505742,0.0,0.0,0.0,0.0,0.0,0.13620106728529535,0.272194765610294,0.5828151011716665,1.4974211068462882,1.2190614423637018,1.2041690635967275,1.1132379911205763,1.0705740783204338,1.003762418128423,1.0106332189190788
17.731699016961596,4.642629172192471,1.8640994018828465,1.0379260892176585,1.1194885499146086,0.0,0.0,0.0,0.0,0.0,0.14689408552434702,0.3435396062332192,0.7097775037748867,1.494088094840554,1.2161154211051495,1.2110379573582082,1.0978403724953019,1.036637683357184,1.004123459144185,1.0073258104881113
15.210013727364895,3.4734076997480074,3.8528858739919905,4.2709762505338515,4.388581956175362,0.0,0.0,0.0,0.0,0.0,0.16223806004641547,0.44280159354052373,0.9661457147686655,1.2285058581834574,1.5551944723561835,1.3334494339921925,1.1026818871958757,1.013557683932456,1.0043605885355784,1.0026645409275599
11.758939963528364,3.1633818945431025,1.8235410314007638,0.714329412960064,1.0805660078612096,0.0,0.0,0.0,0.0,0.0,0.14524757242810302,0.3777843146429488,0.7374930838073382,1.5400889681551337,1.1891423424471699,1.2766952533164642,1.0929544879936355,1.0318150798017758,1.005733196070974,1.0125026878071317
15.328895244527947,4.7796261382925165,1.0083975380726335,0.7613695075064785,0.8175518589810021,0.0,0.0,0.0,0.0,0.0,0.1378830753267911,0.2813164193970077,0.6870946913869626,1.1628381708929847,1.5251342205406797,1.198467448472557,1.1190023595930314,1.0486994647630254,1.0150290997475733,1.004562130401228
10.823767602115927,1.842039606262849,0.7354167933341972,0.4584769945120337,0.5349163890375082,0.0,0.0,0.0,0.0,0.0,0.1522994055597674,0.395462751919826,0.7742895723724031,1.1924146041778005,1.4993538297868632,1.2098676094801288,1.0790676126914562,1.0260669739788593,1.0098211795038854,1.0051788820621814
10.261439601114015,3.6302579919360705,0.9085189835045113,0.7380853220777089,0.7028402102487703,0.0,0.0,0.0,0.0,0.0,0.13923210325086516,0.2887654553471486,0.7543204567777546,1.2373132932197224,1.5004777931713493,1.237743021579702,1.1302739819716505,1.0344862126033294,1.0069702904583413,1.0034713846832417
10.414254205074208,3.4167537115675217,1.1615233554489903,0.44354980165830665,0.606298551032794,0.0,0.0,0.0,0.0,0.0,0.14254759929735783,0.3099145924963313,0.7259630081847834,1.516209210709651,1.1991583637300371,1.1907579585669574,1.1097485247560146,1.0283273070136867,1.0032182681501307,1.0072526821513743
6.071000392486281,2.2910625304597696,0.7450615138221195,0.9805320188409518,1.0439438120711648,0.0,0.0,0.0,0.0,0.0,0.1364591271776333,0.29685353161792594,0.8246081237101732,1.2447613385773928,1.5470439941161416,1.3610532950811884,1.156240157461362,1.030638431554941,1.0056189909718325,1.0035216748748046
7.667346914927842,2.3580808441512744,0.8816438689615094,0.6853528283421951,0.3930666887250277,0.0,0.0,0.0,0.0,0.0,0.1376511593577403,0.29798785062742017,0.7525295419630407,1.26208855530055,1.5916209949482187,1.222824325394674,1.1277530609350463,1.0292770500515895,1.0048535258343523,1.0051045470208146
5.906988927072446,2.2198619219353204,0.7669940526730995,0.4595012188457305,0.355450715385906,0.0,0.0,0.0,0.0,0.0,0.138863719143448,0.27569449547057406,0.7246691509220566,1.2399173900385527,1.5034438297350563,1.250495684595879,1.1249499516823438,1.0351837777514519,1.0095672947826742,1.0050043092826026
92.13502412353384,30.56632163720219,7.538391610974449,4.167861880988869,4.221568250855894,0.0,0.0,0.0,0.0,0.0,0.14090866374209918,0.2890143441891795,0.6906195564206127,1.4841721623830402,1.20240721869652,1.1790119537603558,1.1147376857734776,1.042373527705681,1.0043808411147699,1.0102851860788065
60.771471981256056,12.87423503356733,8.118979283414848,4.671266801391302,4.870535494393584,0.0,0.0,0.0,0.0,0.0,0.15156154721635465,0.3904031653010363,0.775935166530547,1.534817640296774,1.258381514490392,1.2526011949278353,1.0969016203216777,1.0288531257872262,1.0027728667124391,1.0078639076511315
6.449250455926752,1.9558746344235858,1.0691076613922956,0.8581294367876149,0.7201418019993352,0.0,0.0,0.0,0.0,0.0,0.14865798764209076,0.39329107387530704,0.7389539608797736,1.219385068785304,1.5203494862717348,1.2970748225236095,1.0736712663518388,1.0254455829081444,1.0088621973911402,1.0044503693288929
5.4078070413125126,1.4797361639465298,1.1088854616630555,0.9208612810760071,0.9317405354686576,0.0,0.0,0.0,0.0,0.0,0.15811463248814703,0.437878106265304,0.8713921636633779,1.273129607763505,1.5858011651993504,1.3277381212883177,1.0872647516080056,1.0220970479995946,1.0087402302959774,1.0034260985020673
13.714136886291692,11.917014764651034,17.795630582572556,14.212716745878046,14.528222071639044,0.0,0.0,0.0,0.0,0.0,0.18225445540182983,0.788863103486764,1.106916182438299,1.382738972899908,1.6128678147440754,1.6216649961925997,1.0146583909504308,1.0068542710939707,1.0042711796764368,1.001463134964308
56.015976447562636,19.11132901825944,6.94957560863808,4.471552611564854,5.283114746520243,0.0,0.0,0.0,0.0,0.0,0.13931350457047348,0.29704444466515934,0.6927309771081988,1.1124906630932312,1.4761445706607135,1.2545937205143662,1.1342039807160778,1.0398250589579772,1.0152350952937144,1.004904211349863
53.13338749662413,18.955943135599416,5.021808134742054,3.2622027083593337,3.2973858952743775,0.0,0.0,0.0,0.0,0.0,0.14163796408279797,0.3009111941817031,0.7261781685511554,1.5106554496464848,1.153455056720614,1.213509701222258,1.1137625309364823,1.0281611963999058,1.0047008646930662,1.0136124476208779
54.7806848229431,13.346277268549475,5.285503629346019,5.536067456198876,6.711153164117869,0.0,0.0,0.0,0.0,0.0,0.1435354822599781,0.3520848959479528,0.7365063075214079,1.119472538135224,1.5239416010800846,1.2596042297241086,1.1096798592343635,1.032188465873286,1.0154043454428596,1.004720622337971
3.7246970644974207,0.9586125712923199,0.6130246215872085,0.4199174143025591,0.2962571226015117,0.0,0.0,0.0,0.0,0.0,0.14859528715621106,0.3886628125120686,0.7388730960717218,1.1743108764503618,1.5419090054989963,1.2808041867703193,1.0812996314720422,1.030874353317782,1.0086633799783076,1.006116732903524
4.380905876029107,0.921665599948043,0.8210694652057576,0.6479403838854133,0.771035906720581,0.0,0.0,0.0,0.0,0.0,0.14669664440092292,0.4898230057974629,0.8480661973427402,1.177627086002597,1.5095294135549722,1.4026345107821274,1.0679559173024373,1.0139618766524532,1.009920840484125,1.0051661198056752
8.022426115519218,1.9772808075244512,0.7938936645528516,0.43596097006954393,0.4160743674813469,0.0,0.0,0.0,0.0,0.0,0.14908640953447003,0.3259622194699654,0.6864051575845341,1.0857862858767673,1.4449097753167413,1.195490397242512,1.0922976699779625,1.0301718562643543,1.0152890919186122,1.0042812997138797
2.5978699648050814,0.6539443494161202,0.6479364001144908,0.5305415655549561,0.4444127480880663,0.0,0.0,0.0,0.0,0.0,0.1773131468557705,0.5691725840353916,0.8857694455576323,1.3135029312714017,1.6135997653208622,1.3520683989978506,1.0464552127316542,1.0188120099444382,1.0063860457681384,1.0028349991545973
19.86378311842575,7.413127956761033,2.172030518607989,2.686843884897608,1.8392704896571097,0.0,0.0,0.0,0.0,0.0,0.13960410588822314,0.28112402888575455,0.7874567271615329,1.2605295374708645,1.5218800349983272,1.3265846291750936,1.163369659475671,1.0426890972557594,1.0062295806775863,1.0051637838358796
4.861170021347167,0.8185127046120417,0.25806376396334385,0.19953875328757728,0.16639030893046347,0.0,0.0,0.0,0.0,0.0,0.1408350029710455,0.3554383942021686,0.7068875485295023,1.2109812532261834,1.6255095608937564,1.1648935079054776,1.084533939983247,1.040667457798973,1.014765862993238,1.0044222816016224
0.8239273166627656,0.7221820708766625,0.33120642232596686,0.21303214245047403,0.2364871855069469,0.0,0.0,0.0,0.0,0.0,0.15045355272066188,0.32005331145880495,0.7881359633497607,1.2151943845744126,1.6296353933026928,1.5323998174331825,1.1276940914159799,1.0328458117433177,1.0118100835790005,1.0043298431923757
90.17491837515946,8.52046534027132,2.8675985562901936,1.2373899825096608,1.4844337041488622,0.0,0.0,0.0,0.0,0.0,0.14195208372755128,0.37986774168889526,0.7610070408617859,1.5474052059500993,1.2206594196531468,1.1641653444384346,1.0749239943623081,1.0315014415842139,1.004857785711572,1.0096855435602639
78.38526617652464,8.967349541659933,2.0720270867869908,1.1682467224569433,1.3977230855192573,0.0,0.0,0.0,0.0,0.0,0.14042127982475144,0.3594735015543223,0.743979141718569,1.5432215482452425,1.170438646806492,1.169176535577367,1.0788653172361566,1.0383703100282862,1.004881626497146,1.0105535599501025
59.19844203802859,7.491729979258105,2.3864352825185073,0.9268102220387515,1.2311130172918463,0.0,0.0,0.0,0.0,0.0,0.14227030354558595,0.36915080890646096,0.7387153405632094,1.5352256572487877,1.169725067570109,1.1806731689010521,1.080373999991184,1.0352723876095329,1.0052973435981265,1.0117353480732865
59.78654609137588,7.0862130295591,2.6597493036578257,1.3595588291675023,1.3451991092452944,0.0,0.0,0.0,0.0,0.0,0.13887212478727107,0.3799449183763038,0.7830576328941141,1.5378016810568038,1.2357563002456817,1.2004145540133984,1.0928723775642715,1.0276554682317298,1.0038463884687263,1.0067598683883587
35.76676240137613,6.435468042697387,2.1251968213045815,1.5115250734431507,1.3367873178892946,0.0,0.0,0.0,0.0,0.0,0.14189884939776423,0.37727755314929307,0.8225902945187594,1.549756499101254,1.1667679583429458,1.2313806163380954,1.0838402960012752,1.025761935535602,1.004962927321527,1.0123928106249045
43.81513025130394,6.338679957381012,1.838246335078329,0.9269521868358142,1.009070725449218,0.0,0.0,0.0,0.0,0.0,0.1365671672302592,0.3697886111851995,0.8039274185730415,1.5497713505651396,1.2798072603169712,1.2082858734479518,1.0868006227742162,1.0270751234788207,1.0039199654784805,1.0072625686863441
41.39920125251549,6.044837419361555,2.3520784146839597,1.0344005716950913,1.2977682147721945,0.0,0.0,0.0,0.0,0.0,0.13574074483950602,0.3080647054504172,0.5921355755774013,1.4913533552638039,1.0026741148897231,1.1882376421878311,1.1016528191821606,1.0475260779778668,1.0067473035659829,1.0225536084020472
31.253561350129257,5.162544284977413,2.243070317745187,0.9024282963103591,1.266935519002486,0.0,0.0,0.0,0.0,0.0,0.13802448279264262,0.3149522794297208,0.6491560268875498,1.4680782661356495,0.9904978272374089,1.2001244369024764,1.1107329363661873,1.0380567646805143,1.0065781998029648,1.0202820635604664
24.860253671423433,3.427060302306008,6.066108168905238,4.943774160626857,4.7018262936307575,0.0,0.0,0.0,0.0,0.0,0.154415149943038,0.5968285888049119,1.155278112856886,1.403061613334848,1.6175282297473021,1.3898556252982919,1.0793353775906187,1.006958601226149,1.0029480172375482,1.000879967176655
28.694421341270743,3.8715322042929614,2.454542648520396,1.365813847110929,1.6798761232399109,0.0,0.0,0.0,0.0,0.0,0.1447139735322412,0.37203178168273,0.7030476194023311,1.5445093212475085,1.2146848830278616,1.2013706747198132,1.0836980685523463,1.0333080547754392,1.0031510921421982,1.0078876231937164
30.861361756304042,3.868444818609949,1.0426366747155724,0.8180447517627838,0.9927652157504252,0.0,0.0,0.0,0.0,0.0,0.13871174499990083,0.3646021276581786,0.7865310388570097,1.5541355603369595,1.2796098441219046,1.1932983467145977,1.0891542132314582,1.0332288533816958,1.004236775298669,1.0073646796338307
14.172365516576019,2.5476970727702524,1.1577253068537536,0.5381647983479934,0.7560545875736878,0.0,0.0,0.0,0.0,0.0,0.12865683301069245,0.28554478149592993,0.5310543037526391,0.957332663351485,1.4986088588905278,1.228097811355194,1.1013408895236534,1.0529275052704041,1.0272655607939296,1.0062181657222278
23.060648434622117,2.404208324563272,0.9759999793022196,0.6513700698720667,0.6411386355166601,0.0,0.0,0.0,0.0,0.0,0.14130852746439573,0.38546743642489095,0.8017806815337818,1.2457465165129544,1.5797781543310057,1.1877237686959734,1.0891171984645083,1.0300645637286034,1.0088169158375622,1.003945710269029
13.963904792991007,2.7934399642609757,1.2157747959411376,0.5868779821295161,0.7432375648162352,0.0,0.0,0.0,0.0,0.0,0.13000499784726816,0.26125812100429907,0.5232734626244916,1.483046369270305,0.8913266415128779,1.2492686516366598,1.1474163293209163,1.0591922685004707,1.0077234570115752,1.0265303473973972
14.498085454380611,1.9913247043680993,1.013009750529864,1.7760958805613853,1.1920872747683444,0.0,0.0,0.0,0.0,0.0,0.13544332322536898,0.39836605863773966,0.900287336713207,1.3322125279763641,1.5926183593777188,1.2797855093985298,1.1057920842007318,1.0261833234371442,1.0052842761607583,1.0031011135507664
17.005261330300094,2.3294796159941025,0.8587386376469311,0.43139199465796024,0.48191309758358025,0.0,0.0,0.0,0.0,0.0,0.13704043832436,0.37438926430776437,0.7909179712302512,1.5621297758521022,1.2854247863750132,1.199971957352118,1.0860481762140273,1.025319939104903,1.0043535656189222,1.007459289759203
11.955947484891706,1.9177459277862767,0.6615318990177723,0.35268915704802334,0.37570394617063946,0.0,0.0,0.0,0.0,0.0,0.13610045087014735,0.3556617490399643,0.7684329669738615,1.1956697347740788,1.561370910735422,1.2210360339508812,1.092297078372441,1.0323593622621767,1.0094315819397464,1.0041353417907415
119.82873504326214,37.95744834086776,12.767920491349653,4.742209329129222,6.4083607162468414,0.0,0.0,0.0,0.0,0.0,0.12208959328286129,0.2176577268740149,0.44660449197931384,1.4702980588060626,0.8800238746530356,1.2781386358898867,1.1556878709785392,1.0824782389672407,1.0088537264271498,1.0325737952270324
110.0313954012694,22.55846093155925,10.225930886737912,6.21664329486711,5.916841740029166,0.0,0.0,0.0,0.0,0.0,0.13186559074952686,0.30186499340163486,0.6110154486525506,1.492617313020512,0.991645324083403,1.2476686943444582,1.1182350303930517,1.042239405678997,1.0050653434800885,1.0231793865536545
12.956985008279407,1.9825968768288624,1.4890576264074196,0.9074012088796695,1.4318723100535204,0.0,0.0,0.0,0.0,0.0,0.1397092224584899,0.3748079256841551,0.7226567179662026,1.5470050070524164,1.2546628613286126,1.2667027207652652,1.100989520092293,1.0359439643038528,1.0043259984207302,1.0077562409625889
21.593243659109028,2.9727275661495276,0.9362429436773084,0.8190424847428623,1.301100916320278,0.0,0.0,0.0,0.0,0.0,0.14052363935907142,0.33543439515523316,0.7995262463545589,1.6107609633967754,1.3492139626518298,1.176249931097053,1.1105880206888086,1.0334395257492444,1.0021878921585758,1.0048969936507868
47.084091680493735,11.388448381997005,13.56148561012725,24.116328821163727,15.94873984270725,0.0,0.0,0.0,0.0,0.0,0.1724552491503597,0.8710794299405246,1.1814874830883708,1.3814749908816435,1.610983496497215,1.4732589975516455,1.0193563768231175,1.0058090830989463,1.0018515327854813,1.0017756070635668
97.364338291222,18.688410496363474,7.021914673703952,3.949578088577899,4.33614602600239,0.0,0.0,0.0,0.0,0.0,0.13504736771115974,0.32350941849704273,0.6503492165950505,1.4889906015128382,1.1429574803048617,1.236091612647498,1.1085175911477458,1.048883546069141,1.0062477190737176,1.017154859712641
121.21210486348575,12.697457022179128,4.999079291065068,2.5656645838687497,3.6559667498041053,0.0,0.0,0.0,0.0,0.0,0.1409717500346966,0.37778351202945604,0.7662829952134708,1.5601569336059011,1.2521189885156472,1.1823255656214846,1.0851667097193995,1.033081007435875,1.0046065448160253,1.007010107376884
109.16676747556899,13.650851978407001,4.856048933594005,5.698890677351163,10.082493053744372,0.0,0.0,0.0,0.0,0.0,0.14122433853727268,0.3588033070271873,0.8172249206707778,1.604539624508744,1.3137535478749207,1.2150485829263957,1.1148283205945708,1.0436311248972285,1.0030811291762556,1.00635800028745
4.892449863258054,1.1266041738032002,0.4708250250993765,0.42993188300919805,0.32661822234222315,0.0,0.0,0.0,0.0,0.0,0.15239011558565058,0.41926311314654535,0.7953159336349561,1.308445695000995,1.5771962708268583,1.2493804041506673,1.0773386319967548,1.0353206919914852,1.0051271704656264,1.0035323740562316
6.799572561904614,1.2744565495799427,1.0660795319623382,0.9758552024606155,0.5134081498074695,0.0,0.0,0.0,0.0,0.0,0.13888396178014015,0.3921849113396201,0.7430811526804073,1.2919004400653338,1.600788668686783,1.325978094511995,1.0965126908711706,1.0307045694548391,1.0073106314377887,1.0040063467880376
6.669895161184736,1.6681557497715775,0.7114368769920819,0.3618999482356691,0.5221278331182587,0.0,0.0,0.0,0.0,0.0,0.13201275296570564,0.3169873816632634,0.7063637663425666,1.5996226079901432,1.2060908683985037,1.314343889274416,1.131461118890593,1.048568317863805,1.0036571239247858,1.007659735824742
2.765714657759003,0.9580336766125279,0.6510537277483006,0.520030984199814,0.3904395090050289,0.0,0.0,0.0,0.0,0.0,0.17714552190582228,0.40168362477271363,0.7438871202478142,1.2816109114473486,1.6091227689504997,1.2400929231704998,1.0755861452591482,1.036902923965621,1.007816401624388,1.0023560759099288
46.44261765583793,5.424772710258862,2.054526686866397,1.6756329658424682,1.7588991914287753,0.0,0.0,0.0,0.0,0.0,0.14141791429602357,0.3379624368270879,0.6138185091340681,1.1836050063558252,1.543570007399966,1.1849410990375293,1.0977376957608524,1.0563602086766821,1.0126411218301872,1.0042747472981006
2.8603299878444792,0.5098500092230619,0.17906161716040064,0.1793149307093216,0.17588653106101337,0.0,0.0,0.0,0.0,0.0,0.17166821980843536,0.5262968809643012,1.0115793683268144,1.3589540723283269,1.6333414177132317,1.266032992092021,1.0709135089743536,1.015999942907039,1.0040577715301893,1.0019403330809484
1.3909850484415862,0.4301079180112387,0.3275743162919488,0.2911670576859874,0.27881387356083154,0.0,0.0,0.0,0.0,0.0,0.15613928505526367,0.41317770693063277,0.7960235660635782,1.2216954084155736,1.615315115036778,1.3397736700333946,1.098860637577584,1.028824787123798,1.0111950238519853,1.0039886501128799
0.0,0.0,0.0,0.0,0.0,0.0,0.0,0.0,0.0,0.0,0.0,0.0,0.0,0.0,0.0,0.0,0.0,0.0,0.0,0.0
1.740870548158173,1.7216716858106298,3.105771795148681,5.193198868066512,2.7067527474028354,0.0,0.0,0.0,0.0,0.0,0.2268577807494973,0.6659742428081504,1.0198510559377258,1.2861382758971414,1.6089050915896053,1.4735831218425586,1.0418629466009748,1.008520920986924,1.004679364285309,1.0025532293906343
9.492367186658532,4.026833037070707,3.8898998927063992,3.3601562657139654,3.2009856087009494,0.0,0.0,0.0,0.0,0.0,0.17049628949873302,0.5024351784915072,0.8326646716871287,1.2019127407331747,1.5895503655495131,1.4032744236447914,1.0591194275040123,1.0172642641173775,1.0099575792501982,1.0030409390665445
9.971989492377057,4.6070399613316075,3.7940370067235234,2.6343715766379296,3.0211215413811403,0.0,0.0,0.0,0.0,0.0,0.22711665213069285,0.7372206068624129,1.1410902909286667,1.3987646528035078,1.62469998793977,1.369590619298553,1.0372814024803487,1.006592813406681,1.0041614219660053,1.0003223698691726
9.712325171212695,6.26661100261971,3.483461360573334,3.8051589745755914,3.671468603190289,0.0,0.0,0.0,0.0,0.0,0.16898675992671994,0.5275071858455875,0.8514223301494693,1.2388596274048702,1.58146418408361,1.407761255289078,1.0405373339198696,1.017460126350374,1.0087520658033826,1.0029677233345815
6.405440776243319,3.6146582600584103,2.7633670868963156,3.0170178962824195,2.869991549153871,0.0,0.0,0.0,0.0,0.0,0.16452951539666233,0.5161393908115744,0.8788228226174709,1.2721152931613116,1.58684128635594,1.441289488107381,1.0522523205307375,1.0166209360672673,1.0092946524031565,1.0020800067097886
2.8839341028305667,1.651492012377242,1.4414021455820056,1.0341663070676121,1.198313105182596,0.0,0.0,0.0,0.0,0.0,0.21367826514910154,0.6586855436202195,1.1213075028762647,1.387072052245681,1.6319864497457597,1.3960305938958697,1.0517378202847747,1.009949678773304,1.0043087395886208,1.0014533130777155
7.76162474244653,4.050222172475676,3.1324965062901704,2.8077216687587976,2.7771122031484694,0.0,0.0,0.0,0.0,0.0,0.16499375227287497,0.5242380986786319,0.8854077648310654,1.2968899806793575,1.6054906639561506,1.3980419326862352,1.0473697752714979,1.0141548293954084,1.0096776552868534,1.0028034647463777
5.982430817946872,3.041595020290432,1.9583751010168453,1.8714685828641067,2.102999471989802,0.0,0.0,0.0,0.0,0.0,0.16458851675171138,0.5425473591793865,0.8839421266303596,1.2703987558710932,1.593083275836517,1.4078017873405888,1.0440096311543514,1.0173509723847909,1.0094044828506945,1.0019661832420264
4.703753866156925,2.1500976589274274,1.5566362207357076,1.218508466402136,1.3697829286092114,0.0,0.0,0.0,0.0,0.0,0.20069634102209447,0.6981211911139674,1.1217194853798056,1.3917758170037084,1.619456784276543,1.4347525937264254,1.045251904000558,1.0088786738975835,1.0044929804302374,1.0003659819089636
4.707928742653704,2.5013122614732084,1.5780072995849057,1.4091118117227304,1.3367908017905001,0.0,0.0,0.0,0.0,0.0,0.1669179188075047,0.5230250490882529,0.8565479617828727,1.2359270494695138,1.6030559424569424,1.3813895782285377,1.044656629460948,1.015136680291136,1.0111456721682608,1.0023382733288724
2.5044077801487132,1.4908029456659746,1.4331256949931492,1.5017010621074074,1.4241854548794382,0.0,0.0,0.0,0.0,0.0,0.20015271704841486,0.4824169527259826,0.878797870273598,1.2849392405393207,1.6010629423412612,1.3491395653365716,1.072378029812591,1.0208050847280628,1.0085807423879203,1.0016884745939285
5.340571548958008,2.725745544785326,1.425390873283277,1.5705280597663518,1.3671935620512246,0.0,0.0,0.0,0.0,0.0,0.16780976694664954,0.5482913610166514,1.118077033352504,1.4431263977499047,1.654279421623147,1.4802157196067878,1.072647961499152,1.0167885986361513,1.0042946827934602,0.9995287443792529
2.1922106793175153,1.2233001851864251,0.8910806879787613,0.8696769691479485,0.8411757479564944,0.0,0.0,0.0,0.0,0.0,0.2495294402474921,0.7612441546154272,1.1154734606022674,1.3685175894414345,1.591943604144495,1.3494436943311872,1.033455798265272,1.0058292709902823,1.0043832343650352,1.0011620722250123
2.4369604557287694,1.5822701782987358,1.1063695993927756,0.9283666845370284,0.9076049712633921,0.0,0.0,0.0,0.0,0.0,0.2086336454706303,0.7623855075299601,1.135369777678832,1.3903843897430794,1.6227353951344952,1.4767155796254232,1.0259067001473114,1.0034546432717553,1.004225450762201,1.0012152515094097
52.708834850426875,23.45838405196149,19.450825143822748,20.02396304746675,19.551969633657098,0.0,0.0,0.0,0.0,0.0,0.17947662337154702,0.6171714808857603,1.1396600891147741,1.4387522045543153,1.6509422034115304,1.457885787312488,1.067937033529362,1.0112474746271825,1.00396499810718,1.0000675995082626
2.6636137652923564,1.785329040176808,0.9496942070923466,0.9916838175921455,1.0928931048449335,0.0,0.0,0.0,0.0,0.0,0.1736972030987202,0.4929393213028998,0.8590788396387007,1.2112205284932869,1.571739914157291,1.3919559106007715,1.0540814752163594,1.0138366013592606,1.008189780269511,1.0032979570355398
1.9617659859607035,0.7978706954696401,0.8429094407018081,0.7676882958685354,0.8518426413880154,0.0,0.0,0.0,0.0,0.0,0.18167016804262562,0.5275318109714617,0.8730769264486535,1.2756485102534378,1.6038087481369165,1.370503538061162,1.0616028289088346,1.019538178027437,1.0102417808735327,1.0017742641517013
2.266272228512243,1.4445280691056521,0.9976336443203012,0.7549302686209842,0.8031737171094198,0.0,0.0,0.0,0.0,0.0,0.17035933152408295,0.5309424033420377,0.8415582845924859,1.2099573888859958,1.5958000054400534,1.4011929570811494,1.0426526048621956,1.0104221610137705,1.0106202087686487,1.0017566700542253
1.146425410405372,0.8995532375633332,0.5896304764535414,0.6298436426237531,0.5077660545157526,0.0,0.0,0.0,0.0,0.0,0.19391952806738022,0.47369720880753075,0.8575922796881946,1.2624238460047226,1.558968879482032,1.3553132333442814,1.0621185746786128,1.024087835578643,1.0073063974431806,1.0044483087301854
3.0575721984976774,1.3995757146759547,0.6910001697267046,0.5822003680901605,0.48167293692173524,0.0,0.0,0.0,0.0,0.0,0.19522975526116282,0.6167818124910608,1.074475241238334,1.3808749260947666,1.6385400342403431,1.3390409087952673,1.0473925784094793,1.0129401584961126,1.0047625320461315,1.0001793630259197
3.25991183902307,1.3586742886792704,1.0309845789388763,0.8623217543482806,0.7794959910667313,0.0,0.0,0.0,0.0,0.0,0.15915072486254467,0.41755725265968957,0.7580691386759657,1.1387970244706058,1.5616752247457368,1.3764661333466144,1.0886319663286381,1.0297060291987317,1.0094828465584567,1.004784095253623
2.351368749923606,1.718009016735428,1.2552343599288776,0.7123576291290604,0.6355900680718524,0.0,0.0,0.0,0.0,0.0,0.17717888000947313,0.41324482985462446,0.6904739021149464,1.1222347742013705,1.5398474459239653,1.358248906954233,1.070512964035598,1.03334962707204,1.0150383840732229,1.0046470057020869
2.52200350248921,1.536193093875297,0.5383197877130308,0.6205545922903004,0.4446126507638695,0.0,0.0,0.0,0.0,0.0,0.182606339606193,0.5362266262854826,0.9684965378409762,1.3471545957123003,1.6786340958585955,1.3523723696662524,1.0539621936114068,1.021215830782068,1.0067093680393564,1.0010974657561573
10.758145818038424,5.988379439613352,6.205254744152851,5.542963935413857,4.042609289901192,0.0,0.0,0.0,0.0,0.0,0.15847249651486073,0.4626142920009197,0.8181708996619396,1.2190829976248982,1.5743878265464477,1.5450072095489003,1.0884234081432576,1.0217413006923541,1.0106270689514607,1.0042782396846004
2.673042533103864,1.1146079624585807,0.7110797481662501,0.6108430751049986,0.5515176114124152,0.0,0.0,0.0,0.0,0.0,0.18707325588249712,0.5618551652097784,0.9168239446842886,1.3726133556235594,1.6664357378451988,1.328677801691243,1.0498567092367714,1.0239554439663137,1.0069013383204917,1.0013831098080987
1.231377078777991,0.681409615391801,0.5242003070235315,0.5100086609547837,0.43697987967302704,0.0,0.0,0.0,0.0,0.0,0.2322188275293418,0.7215514675356534,1.15035190632879,1.4311433885162756,1.6295350545319176,1.3544279558548742,1.0359024805503396,1.0059074108725639,1.003545434170637,1.001628368063317
1.202237286937526,0.691291399197606,0.556387300665407,0.6667951723374441,0.47291392630665785,0.0,0.0,0.0,0.0,0.0,0.4345799874234486,0.8737474351055053,1.1870041314001674,1.3672549189461374,1.6326716714846334,1.0792438677046527,1.011749414686554,1.00211205417528,1.0003511103764797,1.001214932108831
9.903164108121992,15.157739633780078,15.966111560709786,14.353557869807497,11.111575243832048,0.0,0.0,0.0,0.0,0.0,0.2079700608473671,0.8761447597187124,1.1812691314182882,1.4114482906388,1.6124932769948455,1.6484596617483398,1.015951068416561,1.0008044438309256,1.0032383931541422,1.001962772471143
1.144002422475459,0.8881581260486435,0.6011085602571589,0.5425180892705118,0.41341024739183324,0.0,0.0,0.0,0.0,0.0,0.19175494989397227,0.4740197515446819,0.7870451867746651,1.198765601275979,1.5613538999591576,1.343424021360097,1.0634282410083562,1.0241008651513908,1.0064098280621394,1.0043609392970623
0.8237453186329102,0.6708180131527854,0.39862834207963643,0.5087428603262915,0.2413702193719184,0.0,0.0,0.0,0.0,0.0,0.18229436217059597,0.5054625096534191,0.8606051985212632,1.321658622567794,1.617252866571125,1.381575095990653,1.0530451881231762,1.027821206028639,1.005841249831231,1.003666766841606
6.592628579361543,3.74289203442837,2.8277183009407363,1.8567208512163162,2.161639420305005,0.0,0.0,0.0,0.0,0.0,0.21183430294667838,0.6697249008190994,1.1239954399675414,1.4001468065796714,1.658397514351506,1.3775368541933253,1.0463127197062327,1.0097213715455162,1.0045243996326534,0.9991753943812122
1.9395293474523918,0.8144758257484506,0.5596389531061234,0.8261840960780722,0.6292168625207918,0.0,0.0,0.0,0.0,0.0,0.18192216359391747,0.5853786155118066,0.8989454963288066,1.287877581219624,1.5681864382986175,1.3568349208351016,1.0309360925784,1.0136603312123034,1.0063838844942188,1.0041507599453579
2.973477492367811,4.2986475450918515,2.6158036832054394,2.0943257894102394,1.8686428907686534,0.0,0.0,0.0,0.0,0.0,0.21676285735767692,0.8832706401276593,1.095494181442604,1.4184229430394797,1.6220453099745595,1.5168506117797462,1.0098764662505184,1.0033185161852671,1.003356846370841,1.0022566591373612
83.29626637199206,9.67318305470176,4.886829656092513,3.963793412885279,2.9388454467339336,0.0,0.0,0.0,0.0,0.0,0.14623754200957056,0.40962573162033716,0.8051402476589924,1.3399507889445803,1.6140573590608371,1.195940179822255,1.1001634789952117,1.0378246515507885,1.005837097022764,1.0037181712181509
74.68983431217734,9.24554227791425,5.036596721202067,3.821176003677678,4.072703120478476,0.0,0.0,0.0,0.0,0.0,0.145387838523949,0.4374663932824045,0.8202711572137553,1.5707471635729418,1.3109583425228257,1.2205081635470394,1.0833111314951185,1.0318974272496058,1.00384279176688,1.0060859528285866
54.59292788695575,5.846888953671696,4.294583611818425,4.9900808683932985,3.5698385171591163,0.0,0.0,0.0,0.0,0.0,0.14902023247015717,0.510362091593931,0.8841180039499664,1.3550949735023958,1.6432258106087383,1.250353061299807,1.0615950428167817,1.0223376723395319,1.0023508231544092,1.0028890948183673
43.232783276298434,5.257085416930411,3.4930688559693706,3.7311903155698234,2.6658154561164222,0.0,0.0,0.0,0.0,0.0,0.14790630049827463,0.4564939439280294,0.8749518415453986,1.348276082360092,1.6245963961805174,1.2330662633318838,1.0771617993642881,1.023637959467456,1.0014274958292093,1.003197518145693
34.55980024825352,3.892342360622829,1.9026018102183795,1.8694172568356051,1.3459771344208373,0.0,0.0,0.0,0.0,0.0,0.14502522680699187,0.42849213156150145,0.8404265854630479,1.3292221923805438,1.6275785809968815,1.2152465992909358,1.0938274057530366,1.0339127847721823,1.0041571729869034,1.0034420379488704
23.065575062706,3.899531115757064,3.573597197356404,3.5046750219712934,2.6100286642031705,0.0,0.0,0.0,0.0,0.0,0.14904023164368438,0.4468177695022681,0.889306764276284,1.326195628782626,1.6362718101429943,1.2869176290048894,1.0902988104756495,1.0198573617342057,1.000747701556161,1.0034618852164738
29.34593446778946,3.865342092879125,2.0425799945818173,2.536005404339803,1.8673885574156217,0.0,0.0,0.0,0.0,0.0,0.14880891516497383,0.4467529028818404,0.8633753027502288,1.359669676279846,1.6422248139273499,1.2424552523500734,1.0870806333925582,1.0308726187147574,1.0030499246137687,1.0026574185175663
31.438433384484615,4.105954673170551,2.2278304242037366,1.9219688744158525,1.5744694350293804,0.0,0.0,0.0,0.0,0.0,0.1459104454597435,0.42331261477911036,0.826999044665722,1.3302737175670913,1.58058704638568,1.229058483947188,1.094525065114229,1.0330340587464213,1.0041130728168657,1.0039634577616918
27.782164150453724,3.2661689414082247,1.8523521019251248,1.334525444727164,1.4267331623474313,0.0,0.0,0.0,0.0,0.0,0.1467193264601755,0.4306677182217436,0.8192708081841023,1.2676498644485759,1.5532172314286474,1.2035957531949735,1.0878175894116051,1.0289003368691765,1.0034289063808517,1.0044240959593578
19.004447882619342,2.887444632390845,1.8615023974900204,1.8734970026806785,1.491030704446036,0.0,0.0,0.0,0.0,0.0,0.141093834218715,0.391486562015613,0.7862340129265954,1.3144914280397688,1.5993104980025368,1.2688500690346007,1.1107781291119314,1.0341825113718461,0.9995437729170797,1.002109631640999
14.034285144086379,2.5230726696118486,2.07215441262118,1.8497317538973381,1.7192873278161556,0.0,0.0,0.0,0.0,0.0,0.14073606816891118,0.38887185619664405,0.866691361205463,1.2982376031751404,1.5997464013971683,1.3234572039885917,1.1236725972651294,1.022584994355436,1.002237284213948,1.0041893290175539
17.834773508713525,2.9483088901573073,1.5593455960330629,1.1378690527483912,1.1311447837920954,0.0,0.0,0.0,0.0,0.0,0.14348127107524486,0.4264959863541763,0.8287957469094958,1.5853704461532367,1.2850810172334894,1.2743868115545878,1.0898852309809308,1.0312356854205496,1.0039589847026158,1.0060637083907813
16.466488264316418,2.3719437943130535,1.6179571949558231,1.3013536868739273,0.9179852739218092,0.0,0.0,0.0,0.0,0.0,0.1457987233881224,0.4705862357498749,0.8919249915449178,1.3453958262568655,1.606759716932005,1.2603190331733525,1.0778025191213032,1.0223916376531759,1.0053617527200684,1.0037904798428732
110.03721122326428,22.790880844535657,26.538605456266417,27.99524504746675,21.57272083678196,0.0,0.0,0.0,0.0,0.0,0.15864295237776885,0.4662184484644211,0.9079965004908985,1.3395836290665153,1.6313334453817843,1.3321079981819226,1.08956855620928,1.0197524578001467,1.0002963813672017,1.0032122222107591
11.148590739669118,1.7889529308105452,1.207238033855624,0.9474149614766203,1.0198691893427345,0.0,0.0,0.0,0.0,0.0,0.14318014493955486,0.42506920040770485,0.8395950283223004,1.205919830280758,1.5326416849536721,1.2644211934444274,1.0927922889853414,1.0221080748029545,0.9969299019290763,1.0039409363171858
12.62738349909586,1.3947786886682398,0.912643833071501,1.1312885855311847,0.7013126562587508,0.0,0.0,0.0,0.0,0.0,0.15128840660155163,0.4657356130027935,0.8842188347890065,1.3585604832694445,1.6237932995615925,1.2399832497824672,1.0859744931957083,1.0270603288387674,1.0012173776842526,1.0027924347560317
12.57365598465931,1.545393280752719,0.9171512528542065,0.8491352406066286,0.6582390557260311,0.0,0.0,0.0,0.0,0.0,0.1474458082247324,0.4403631602530231,0.8693308659335247,1.353287719630237,1.6409651711974464,1.2400355816708373,1.0941005437851559,1.0284627207992025,1.0031110283005686,1.002313823329798
9.502250094177988,1.4053626269834185,0.8369164135490006,0.7675962750191895,0.6732417365383604,0.0,0.0,0.0,0.0,0.0,0.13720883712858217,0.3617238222287401,0.7879504254017906,1.3275693124865053,1.5855185518208765,1.2398928797219786,1.1252114903550938,1.0325197769317604,1.0066867307294924,1.003466760641574
10.347678336089654,2.1215565937202046,1.2878833188162218,0.6750278542109088,0.8223451202390162,0.0,0.0,0.0,0.0,0.0,0.14879011671790654,0.34061093037131057,0.6427775598118092,1.067268819054658,1.4780396409676175,1.2256241699222483,1.116130391984842,1.0411423192053262,1.016192674012335,1.0064311816535432
10.175413538944245,2.3155764676463155,1.3811645284309209,0.9204079979810054,0.6860720776725262,0.0,0.0,0.0,0.0,0.0,0.14724556069398562,0.40488004876431116,0.8071113819597397,1.3277207094129304,1.5830667295376442,1.2698690220288205,1.0965435323220298,1.032702114252278,1.0070437149673823,1.0043745694001356
13.264488919180954,1.9755728046113366,1.3905297641808123,0.6035565175381548,0.6854140847738327,0.0,0.0,0.0,0.0,0.0,0.1391555088837374,0.3563080070835632,0.6649926078270616,1.1142313299447006,1.5401091110558196,1.2052637147743934,1.099301142877444,1.0333637558104887,1.0130810850821281,1.0056586816327422
3.505541956106897,1.0778267035046603,0.8496388149872146,0.43336997448179665,0.5281079755297965,0.0,0.0,0.0,0.0,0.0,0.15163929001037146,0.3376836086181496,0.702968729482938,1.1834589264183957,1.5232343109753215,1.3104115622216632,1.1225458075816428,1.03820065561562,1.0092369712042955,1.0054155788650707
107.66355965676853,13.721430132224725,8.627258898377672,4.381731835376637,5.793533692554658,0.0,0.0,0.0,0.0,0.0,0.13799898237331293,0.33319296817588456,0.6609668350765392,1.2037995344415602,1.567216180141117,1.1831361487778655,1.1230047637150709,1.0436769121352576,1.0137838847501395,1.0040961017971382
5.492191556773736,1.4430463186381626,0.8128899148421034,0.7910959457034966,0.5981909755189967,0.0,0.0,0.0,0.0,0.0,0.16233816831323616,0.5080455183335414,0.8551873639165033,1.2994314560044296,1.6322140635175315,1.297447840796271,1.0623643823896824,1.0288627371831618,1.003801348142703,1.0034540584344513
2.8494945487342824,0.6103404666781596,0.4520682846144787,0.48011447423147435,0.48925285697009846,0.0,0.0,0.0,0.0,0.0,0.16593391787338393,0.5023507491937097,0.9083810234456218,1.31967710551908,1.5907356931143213,1.329324594140872,1.0782094606593984,1.0221720997735007,1.0054406538116414,1.0034899148826084
0.9874308213208259,0.615455891712639,0.5496075683706099,0.5890441142662513,0.682034823648386,0.0,0.0,0.0,0.0,0.0,0.14424014898892318,0.4901279015548041,0.9491327172383494,1.3118875810567032,1.5527667050734828,1.7717002451647645,1.0765171024935278,1.016623714940825,1.0026182680284959,1.0032367060484189
28.57793449876082,8.465608585845674,14.862951648005554,7.910148155224183,13.80944312171944,0.0,0.0,0.0,0.0,0.0,0.1561498224215443,0.8332497593717216,1.110438901794393,1.628217858103878,1.4029572594439894,1.586255661178152,1.0261508238134496,1.003740824045144,0.999840704668748,1.004253877835938
2.9073057642485343,0.9919912414651645,0.592581125720712,0.5284326923558675,0.5211901117285913,0.0,0.0,0.0,0.0,0.0,0.12445210507233949,0.39176252551173,0.691376654624471,1.1716844018572952,1.5074634024134324,1.5553308875382186,1.0812964090861275,1.0344642969780762,1.0114483083768901,1.0057689884993017
0.9975142573526371,0.5859585426346886,0.3560485530458341,0.39255498678030654,0.3054974421272366,0.0,0.0,0.0,0.0,0.0,0.18453364071161213,0.5827293800303666,0.940467115017708,1.3585233184974468,1.6518352066906625,1.4108463858478106,1.0357945428295359,1.0141166273914268,1.0054043913066273,1.0024860494034764
27.32387983390759,5.7595536760313255,3.51728452297145,2.776798013048437,3.343206540205096,0.0,0.0,0.0,0.0,0.0,0.14572017681291446,0.35544636513245154,0.676192889420606,1.1356572492144077,1.5439768469110269,1.2834822305385025,1.1151892846971503,1.0441078605846665,1.0058163526324604,1.004425087755737
1.9610383722040328,0.7307803223012777,0.7217806279618972,0.7238333876760153,0.6149674588955311,0.0,0.0,0.0,0.0,0.0,0.19205187359769335,0.5160375501698964,0.9155344752658341,1.3055686246063212,1.6298434616245439,1.367955658679054,1.085138216977858,1.0177202118228081,1.0007324882242155,1.0025986300885361
16.251597091613693,5.069711579951008,2.9982587412192223,2.745083742506435,2.1930997029713013,0.0,0.0,0.0,0.0,0.0,0.1481505688482416,0.46692731771540913,0.8430831479475666,1.3351133042796908,1.6242466242137663,1.3385793465731541,1.059525292561928,1.026914611879224,1.0067417990515393,1.0028073523184933
11.093444870023212,4.0227176643892175,4.700087298976119,4.956526407858307,2.417286277183602,0.0,0.0,0.0,0.0,0.0,0.1578259581444543,0.46819418472455043,0.8962416498787023,1.3442938219770684,1.6387523847961185,1.4391415332762025,1.0990794599882034,1.0210046070366228,1.0042085439018287,1.003228037241415
17.10522397536129,5.568741783018116,5.20614517424898,5.537316017683429,3.113175092065424,0.0,0.0,0.0,0.0,0.0,0.15799604776430093,0.4500486982578299,0.8960003056844263,1.3460601786125335,1.6581468595264446,1.3626799345749112,1.0976351408874658,1.0238326107092721,1.0056147917802143,1.0026344994099685
14.66258697321644,5.151520742729057,4.2642661904234345,5.212176701055887,2.829742108417462,0.0,0.0,0.0,0.0,0.0,0.16330829882292222,0.5025006728524604,0.9242080600202999,1.35011165519544,1.6317721145748936,1.382788910120227,1.0806723436365833,1.0195514820373903,1.0042653101307553,1.002094201298775
9.661111712095229,2.9919249805902046,4.018348770096461,4.780809958636999,2.324868068259302,0.0,0.0,0.0,0.0,0.0,0.16511169245650456,0.5181746764340753,0.9300375063877544,1.3643298753672186,1.6318886684351102,1.42501342878116,1.0903926993662059,1.016823101345759,1.0035572259782506,1.0027367799306766
8.179345999218782,1.827049871983316,1.7180665526903465,2.220875418124307,1.6100518514828153,0.0,0.0,0.0,0.0,0.0,0.15377461915223284,0.46235643289868283,0.8880964080955114,1.3333231206739253,1.6294131299839234,1.317599971250084,1.0998594426681612,1.0241531819298841,1.0059182234987154,1.002414790031457
7.4680110288163615,3.9080359322621945,3.418630297855858,4.054876712663378,2.9476353666234716,0.0,0.0,0.0,0.0,0.0,0.18764942268888252,0.610597426037369,0.9762941452915519,1.3653845266905127,1.5626271731273242,1.4573608269933884,1.0430085114157626,1.0145715253290741,1.002162950432923,1.0026716208057969
17.294339209931955,4.621803447957946,3.157505755451243,3.428592106562578,1.7357728421827037,0.0,0.0,0.0,0.0,0.0,0.14739215605412803,0.39185780008047905,0.8735618708413992,1.3618972365158297,1.650284325663774,1.3040411057226216,1.0921467970844485,1.0284265034470341,1.0052311656264445,1.0034501303724117
6.5941505675000744,2.1456554648430286,2.4181183601243683,2.4823715430921522,1.4506500943403056,0.0,0.0,0.0,0.0,0.0,0.1535511041049429,0.4460268122073682,0.9028850198934872,1.3463263013949343,1.6537798189231825,1.4040010471354984,1.1033085325351266,1.0215008125676681,1.0055049483259253,1.002365027817951
4.544890654932058,1.9548453183058672,2.1459043037463883,2.0996553937461946,1.1117852963800314,0.0,0.0,0.0,0.0,0.0,0.16459638943947136,0.46293385697751666,0.89005472259046,1.351537050750729,1.6184974842713606,1.4317124737873475,1.0974737109855772,1.0228239461872617,1.004276284851896,1.0029879676444133
5.443398968996783,2.0816026854608887,2.0847459526168435,2.459833846493373,1.4070960254911224,0.0,0.0,0.0,0.0,0.0,0.16005222744976047,0.42923390224447533,0.9131635953234453,1.3547108890615955,1.6494911832293446,1.4247043671301929,1.1121711357426205,1.0179225980488344,1.0052431950920506,1.0031738819498683
6.601043673032116,2.344860743844748,2.179715627377025,2.7812741382223622,1.576340503815174,0.0,0.0,0.0,0.0,0.0,0.13798954076227377,0.4590541341468198,0.9178092986439599,1.372507407760539,1.6375253857643008,1.6120791407998671,1.1086575122393294,1.0206423550713248,1.003579896782853,1.0027529842236347
5.470953602009675,1.8454107767001253,1.3908290512223,1.500920709579685,1.0578533782645998,0.0,0.0,0.0,0.0,0.0,0.14985592007116047,0.4080081482755599,0.8010778845735081,1.32892209226738,1.5912767761897766,1.4117431737008665,1.1071980719236596,1.0393693600073466,1.0068785137612593,1.0027338950303475
3.048513839330147,1.497993289553817,1.4264279805876803,1.387933130796429,0.7799461003092112,0.0,0.0,0.0,0.0,0.0,0.16434153109839506,0.4864647592813953,0.9190951162019131,1.3502689749180259,1.605925225570123,1.4538369343637019,1.0845024743869853,1.0210712427897497,1.0049106149666147,1.002049118248289
59.61443125946887,25.664711219653633,23.220227257562183,33.17496558898533,16.94428951058033,0.0,0.0,0.0,0.0,0.0,0.16226024429930128,0.5739914886306875,0.9575968964350727,1.3849737443909922,1.6423547363566395,1.548069462900322,1.059324074836227,1.0168813414450493,1.0035522375969417,1.002857913166116
2.4121967039351753,1.4023941013989725,1.4574435094750258,1.3820778812863233,0.7802225329460099,0.0,0.0,0.0,0.0,0.0,0.17293962660800077,0.506844742087014,0.9230558070622905,1.3568843384437634,1.5877675542855707,1.4961916108549116,1.0779455309507184,1.0159254076083846,1.0039806916161957,1.002564130092995
2.9336969281373726,0.9305660650986873,1.1473269610028258,1.344127883895502,0.774643946894693,0.0,0.0,0.0,0.0,0.0,0.15630046250458957,0.4638593401276696,0.9263670694692476,1.3595309482593947,1.6326413533923834,1.4209728639503945,1.1046457947698318,1.0168891744951298,1.0040843725314592,1.0027133553657734
2.630457510756152,1.022180985834267,0.8490933781165871,0.9543832892159914,0.5759182261194069,0.0,0.0,0.0,0.0,0.0,0.19622803270936237,0.5754650127920324,0.9252607789529349,1.3405156681808865,1.5975787313119099,1.3193728997976721,1.055540514664278,1.0173149494142182,1.0046941240168572,1.0022452139226083
4.548402503132072,1.3662807273328617,0.7621290273593223,1.0679250578538493,0.737664964443102,0.0,0.0,0.0,0.0,0.0,0.15787636619027495,0.4281981633610665,0.8762634064292928,1.334597701002213,1.63046891673179,1.2990271940780778,1.0837471946870614,1.022397832644067,1.005717953642114,1.0028387717577012
2.995845493611179,1.3549003540896563,0.8806780537645114,0.6316467556192089,0.5725334423255746,0.0,0.0,0.0,0.0,0.0,0.19173434181647206,0.7412670909590833,1.2795259452486318,1.4789144628110509,1.7023619919271717,1.604729295156737,1.0515770292293594,1.0071143142653844,1.0023810235164736,1.0011265131039815
2.8354934409086825,1.3837290482778004,1.3564707520788095,1.151737939355045,0.7497269029357122,0.0,0.0,0.0,0.0,0.0,0.16425111090442945,0.4261073182490307,0.8207679434368441,1.3207759241669925,1.652789797535159,1.385473141245098,1.0840971744890862,1.0281857457457602,1.0076535621270217,1.0026910479643814
2.8091245233567825,1.2075730604197232,0.8691303856167979,0.697547612875475,0.6505479346513567,0.0,0.0,0.0,0.0,0.0,0.17773183024565828,0.4494244345799118,0.8455439781397367,1.314623764241638,1.6506507223532172,1.263527028379005,1.0738267347945325,1.0255366328971685,1.0059100604560716,1.0020512656565959
3.291634196550233,1.352517301281817,0.6566430195674198,0.9158651454090583,0.5742899516344175,0.0,0.0,0.0,0.0,0.0,0.16150497135254313,0.4298010349039959,0.8883357475231511,1.3271297744990733,1.6332335241295455,1.3316162229062825,1.0817973463239359,1.0234433090354538,1.0055989720256988,1.0030774090341938
19.126049506874274,8.276179765449442,8.064563755905326,6.139397111325108,4.180320468823043,0.0,0.0,0.0,0.0,0.0,0.16921574949848117,0.4685019334174752,0.7657471315583728,1.296709051756964,1.6225121143401615,1.3649573665297292,1.071790866964474,1.026127379423844,1.0084098936528363,1.004128374560949
1.7233454446393672,1.0851092790878956,0.8860197484523983,0.9966714795294351,0.819124122578098,0.0,0.0,0.0,0.0,0.0,0.16938819206241074,0.4769859941063939,0.8783651356280652,1.337978419872228,1.5484828546964686,1.4558490112959206,1.0716720444100623,1.0242828552455459,1.003982191571837,1.0018497302992715
1.687042547880806,0.47821535954820077,0.4898748821025925,0.39992724837963955,0.3992631886927405,0.0,0.0,0.0,0.0,0.0,0.1705214770636385,0.5494474419037381,0.9217058491637219,1.3051538010812824,1.588115957975491,1.3535988917498176,1.0598022678631127,1.0181576653693791,1.007523815421591,0.9996715253678269
1.052813766334082,0.9062850951198607,0.6074420879523744,0.7773261403179245,1.0059700829226053,0.0,0.0,0.0,0.0,0.0,0.18573058105655518,0.44488232821458745,0.8558040434029159,1.2443790177387526,1.5137814660403914,1.4819561855221417,1.0704249619163928,1.012497664364064,1.00900631392813,1.0043178030331974
10.916227939989238,6.87522755572567,14.067872904335877,8.534693240386622,12.30280158067836,0.0,0.0,0.0,0.0,0.0,0.179473748364551,0.6743987146543203,0.9729381547982426,1.6060960087748377,1.3881821160924024,1.544148426411891,1.0296829590555217,1.0083795396411295,1.0024455268725478,1.003273591375492
1.9479999539579957,0.5744528083794191,0.4890724473745962,0.5370943493256952,0.44550002366586333,0.0,0.0,0.0,0.0,0.0,0.16850889818023457,0.5434309375390655,0.9357052643604408,1.2773365932987173,1.569811404440577,1.424544890201129,1.0683914169892166,1.0189130679690614,1.0053383192044938,1.0039443333296896
2.1154622863952683,0.8725942467504932,0.41933326702026363,0.34765477140238954,0.3427855403938905,0.0,0.0,0.0,0.0,0.0,0.16253707855873883,0.5277349794369557,0.9629659282367445,1.3880252016972379,1.6079224252506399,1.3907544613285985,1.0593882772360257,1.015407200112556,1.0056052946447742,1.0022133467233467
13.835499259360887,4.023574145616818,3.335623571681205,2.1595297175824006,2.067244550174226,0.0,0.0,0.0,0.0,0.0,0.17663350537720884,0.8837275063980992,1.2782247315776778,1.4826596609358866,1.700185781303538,1.598738837844103,1.028916363617316,1.0056289197152164,1.0027777218748846,1.0010719144836122
1.31431300444473,1.0130613034642444,0.55550505312096,0.7128912168546706,0.5445119747106313,0.0,0.0,0.0,0.0,0.0,0.21016349164138176,0.5852447051245274,0.9773928349250399,1.3794676190222142,1.6132838613679088,1.383266318568406,1.042776035391002,1.0141328180450837,1.0036249710196445,1.002495693287507
0.0,0.0,0.0,0.0,0.0,0.0,0.0,0.0,0.0,0.0,0.0,0.0,0.0,0.0,0.0,0.0,0.0,0.0,0.0,0.0
2.0631722114628546,1.0186588503602216,0.995519859810261,0.7165401965401764,0.38979855274070363,0.0,0.0,0.0,0.0,0.0,0.21316992311682434,0.6140658109334952,1.1878455969137265,1.4840043397967855,1.6821066269355052,1.3141570271719734,1.0579859405999863,1.005679064661661,1.0022566534122883,1.0018036452238461
2.3640164004976407,0.9836067163155182,0.671468447649794,0.799195969804708,0.7925307645606738,0.0,0.0,0.0,0.0,0.0,0.18157523158084626,0.49076075801159175,0.8699893817896261,1.5953336615768794,1.30376660517644,1.3064595762129398,1.0641203125125254,1.016750173431267,1.0036378989873784,1.0077464736514785
2.7899567579821407,1.5250891564440898,0.689141347691675,0.623243268689266,0.733648760390875,0.0,0.0,0.0,0.0,0.0,0.20200099226077572,0.5175638669644173,0.855511738139997,1.2826800430022682,1.5911546897826507,1.257306661604348,1.0435641874797343,1.0111715751185846,1.0087551594132178,1.0035897573551107
2.1659176373333136,1.3316650092316458,0.5396478877316535,0.4643026646318419,0.49035631231272986,0.0,0.0,0.0,0.0,0.0,0.20979624892239487,0.5177827488854378,0.8593315217086371,1.293292320950945,1.603707935702188,1.2542061970398788,1.041859755437132,1.0143662364194266,1.007643164537348,1.0038334971278091
2.3333574120845495,1.0205720187699856,0.5837212909894351,0.5359830036491251,0.5914531738269501,0.0,0.0,0.0,0.0,0.0,0.19210654318567663,0.4862265768754947,0.882536518577357,1.624246770506203,1.3456968314865139,1.270662798249847,1.0617149389231328,1.0160501319503252,1.0028723358270006,1.0075286943046302
1.8101592226755183,0.8524172311758627,0.42184257293703215,0.4125395697684566,0.31554687494016165,0.0,0.0,0.0,0.0,0.0,0.23202965776034504,0.5848021757748887,1.1715475134171753,1.4576312224460501,1.6450039440810134,1.2646274088828298,1.0668997737501296,1.0081392055226823,1.003365879147617,1.0020825677427816
1.6607041421092243,0.7538899971765056,0.551152240345039,0.6006554608402161,0.7275794608192466,0.0,0.0,0.0,0.0,0.0,0.1873700662066797,0.49877620634832415,0.8620753277360039,1.256647408336455,1.5375404924276002,1.3163855635498947,1.0629572963893046,1.0201553281493991,1.0068073913925306,1.00360008593987
1.878789515000409,1.2151006174919945,0.5602964003227411,0.54105740432534,0.48098589209435705,0.0,0.0,0.0,0.0,0.0,0.19543938615868592,0.4860614975401561,0.8771281937209676,1.2671830493935694,1.5907439193822872,1.283946022020241,1.057659548180473,1.0107939997841222,1.0077958417065096,1.0043731286615736
1.9342025135982372,0.9908701934510017,0.4907924240625087,0.5432474351878692,0.5522650208991797,0.0,0.0,0.0,0.0,0.0,0.2053807667996462,0.5076149318283532,0.8994191620707302,1.3145363271114032,1.608791877158351,1.2427805454845635,1.0550421081287444,1.0236475534781042,1.0062099375087339,1.0023180000801122
1.3841977686173956,0.7781284875296717,0.4343410674457827,0.4761599851654946,0.5653530662638169,0.0,0.0,0.0,0.0,0.0,0.19627264013048537,0.5632690513997991,1.1728168475354899,1.457970252951034,1.6622337984824587,1.4286402308292299,1.0711077808987155,1.0146035457917082,1.003545566411821,1.0012461987593515
2.1811665250102403,1.047561002463041,0.41736360915565046,0.5306460341696552,0.4065291265644683,0.0,0.0,0.0,0.0,0.0,0.20161009940609026,0.513855342460159,0.9914974738527355,1.4506705690410837,1.6612832557216217,1.2457720624752098,1.0500334939475682,1.02273329417281,1.00511079853595,1.000641292621199
0.8367776606126132,0.5680658670277611,0.28311093661364745,0.30084183135598214,0.283739006077708,0.0,0.0,0.0,0.0,0.0,0.2444001124449722,0.5547010541995655,1.1624631316381848,1.4404392522394203,1.629308868077137,1.2765529347364064,1.0659909524316342,1.0129425620761083,1.0025112492021835,1.0012869487988634
0.8103866583798487,0.5900478566408045,0.46797761224316864,0.34896258120913837,0.32658281478729956,0.0,0.0,0.0,0.0,0.0,0.17595768605888537,0.5040546975603564,0.8626815238004728,1.2869801941142016,1.598242834639631,1.513421772309651,1.069570270725454,1.0227359448643834,1.00955655129188,1.0036421643842166
0.683310307056721,0.605429960471306,0.26520833350167095,0.31240438224718997,0.25902044685961656,0.0,0.0,0.0,0.0,0.0,0.22479472786260374,0.5483592492144467,1.2090130385154112,1.4590924435395136,1.685440887997297,1.3747148839331038,1.0638181446780088,1.0082917398916162,1.0021215917997628,1.0004185058187571
1.910109261711744,1.074902726850998,0.47621735656741376,0.5968070206483109,0.47797769315481287,0.0,0.0,0.0,0.0,0.0,0.17048145951449434,0.5324828482672262,0.8929011693211313,1.3508752447138552,1.6154282673430003,1.4326755077353812,1.0479402761874639,1.0285058790677049,1.005296730982192,1.0030164440918918
1.3434585715046385,0.4368675071952837,0.38637502176662436,0.3515519965797206,0.3955484702970447,0.0,0.0,0.0,0.0,0.0,0.22927991722494914,0.5278949113463409,0.8775294303846929,1.2406075976704665,1.5845687364578431,1.181771485157682,1.0518569762711336,1.0162249934191276,1.0081316082802507,1.004056313120169
1.6808007270833372,0.7995678776550343,0.5767066215825103,0.6674267092795173,0.4166352448356817,0.0,0.0,0.0,0.0,0.0,0.20040451442635582,0.5446367749128843,1.1763259305197424,1.456765055086453,1.6402056064859802,1.3392605574535976,1.070814800955657,1.0118405391324488,1.002326926677943,1.002199180794283
16.0355322332194,10.470957263853185,4.187151734372663,3.058047590676961,3.3536521830958783,0.0,0.0,0.0,0.0,0.0,0.18963364597117588,0.5313928484308954,0.8709514745679271,1.59609893449873,1.3265077312699323,1.2946498615035902,1.035304014123787,1.0104237680358115,1.0033146436951927,1.0072589387664082
1.365328888234356,0.8472604639933401,0.31690652983044615,0.3991987247528413,0.4618143755890305,0.0,0.0,0.0,0.0,0.0,0.20863861629145225,0.5163168811278805,0.8771178492407095,1.3118691250348655,1.6174625047194964,1.248423116367049,1.0406014895699867,1.0168410862589938,1.0075083802520362,1.0030495944344018
7.561589853647229,3.584599821047591,2.1905730182303054,1.9221672198198205,1.8670733411038731,0.0,0.0,0.0,0.0,0.0,0.2079971081785973,0.47007358381229847,0.876693444177955,1.600887769692686,1.274154193055877,1.226313183315521,1.0588833969290998,1.0129744380860592,1.0036954683771309,1.0086185024027714
1.111401121404492,0.48465121493052504,0.2977175780805945,0.3281513355552828,0.37640528784321364,0.0,0.0,0.0,0.0,0.0,0.17205418833029362,0.5243520177824893,0.8508878312829455,1.304926082172153,1.6023603476447323,1.3565789234001264,1.0469363360945119,1.0227614462801355,1.00750241390321,1.0037189498877306
0.666368942855948,0.7288592441478826,0.4891493807231894,0.5807170248439247,0.34602294997059313,0.0,0.0,0.0,0.0,0.0,0.21782707892781702,0.5664870498833332,1.0965409429218356,1.4596242893720743,1.6523058457174515,1.4038010916485664,1.0533012038525118,1.0122705650282935,1.0026060074736867,1.001481791885787
11.3263233946663,5.993532232439515,2.9242968993981817,2.696279498715387,2.640817809013325,0.0,0.0,0.0,0.0,0.0,0.2133428174194015,0.4940460135114277,0.8550724710533546,1.2555341738296601,1.5639416710220917,1.2066154384936785,1.0420069818930202,1.00955474468911,1.005588513997661,1.0041893395127561
12.136319555155849,6.756227319590318,2.9364049179775837,3.3273394097527116,2.783786469045342,0.0,0.0,0.0,0.0,0.0,0.1814794382147019,0.5248479540226733,0.8515497291199606,1.3022039580281881,1.6263573291546367,1.322952894112415,1.0413283107169187,1.0161903714651714,1.0066347419004764,1.0032154075266935
8.780386446670846,3.5767532138970033,5.3930768645069564,6.9878186542197485,9.466550456864422,0.0,0.0,0.0,0.0,0.0,0.19053066735630936,0.6258725531195045,1.150668416770653,1.4314003416956185,1.6337613786490632,1.5027773558625357,1.0789920728743145,1.0119502617475056,1.0032014352945173,1.001557382844302
1.0905554493140726,0.6066869263927025,0.46810370929822886,0.41564436003877336,0.44936645211615867,0.0,0.0,0.0,0.0,0.0,0.19469076867475965,0.5281555029894598,0.9060630062920573,1.3400137366089766,1.636066826700496,1.3557884092408743,1.052459721755755,1.0192327660282676,1.0065588148063156,1.0027838483145541
2.7518704874824365,0.9814679192184682,0.7221416504462583,0.8552726428770392,0.6196307617504403,0.0,0.0,0.0,0.0,0.0,0.21664342332361225,0.5991144693348973,1.0543635811375398,1.4401607693390264,1.6697108555058628,1.264614413438143,1.0543560043948164,1.018360248486604,1.0027760280811622,1.0019458524694813
0.6829359709642289,0.49457733079892846,0.20912433155470125,0.1979921750328506,0.18408190982683745,0.0,0.0,0.0,0.0,0.0,0.19747963238215283,0.5245963044094304,0.8191113314184301,1.2468835339812776,1.6127593243643865,1.2854495798938566,1.040270424227813,1.0262313225504571,1.0092611368447602,1.002570735831115
0.5492863513682418,0.5865809687120663,0.11938903386628272,0.23379731626502948,0.19232138011421762,0.0,0.0,0.0,0.0,0.0,0.1951923603652156,0.5575669823571047,0.9629174126463564,1.2971875108414006,1.6428390879924502,1.358236387769182,1.0281589124549035,1.0207508093598512,1.0045516309916436,1.0017980287716857
4.795674427939432,2.6627752108180687,1.4845292084759993,1.5517130533919314,1.5451012814232263,0.0,0.0,0.0,0.0,0.0,0.21598329803858204,0.5555355498753556,1.1832597809872665,1.6327641212870707,1.4288453613755598,1.3391184131150264,1.0725939327567346,1.0106272179422446,1.001362448346406,1.0030370616962647
4.719890890135891,2.058113197136381,1.2025191156309083,0.8121173733042543,1.07863201032603,0.0,0.0,0.0,0.0,0.0,0.20078241465733163,0.48527860236586706,0.8796525954912174,1.1953857327593764,1.5803986122847125,1.2539688941728906,1.0607383919581845,1.018844598662271,1.0104225636702875,1.004281790789234
2.5566731102053497,1.802296413290625,0.8537634839562319,0.8113944785430401,0.8620115936732237,0.0,0.0,0.0,0.0,0.0,0.18853388743620464,0.535095874744874,0.8671140196850159,1.3184520229695125,1.6187773080408536,1.3468529156374827,1.0334477559630975,1.0139103747562521,1.0070820903545465,1.0028818173603375
1.6884600194004282,0.9395690970173352,1.0481683443206933,0.5290156331870366,0.4641042512877034,0.0,0.0,0.0,0.0,0.0,0.20215294117171034,0.5648347695477482,1.175110797218521,1.4705066677761145,1.6999521435177032,1.3879983430142127,1.0796347251278733,1.0073541086652493,1.0017332210605217,1.0005836421607586
2.6249471975115966,1.3529897302723668,0.6163134381895348,0.6963780961382806,0.5625500035791955,0.0,0.0,0.0,0.0,0.0,0.1655163142783062,0.44761609762257637,0.9678713042774632,1.3173637786198154,1.6301160166691617,1.3867315184989488,1.0874218784779521,1.0131144589013497,1.004506881832644,1.001760963105402
2.184092091825851,1.6614350457608005,0.5134808651664515,0.5019192637906927,0.7844349061630279,0.0,0.0,0.0,0.0,0.0,0.15559869054625655,0.4423547040695495,0.859479876735129,1.611814407740631,1.3173911986512428,1.4483365469622949,1.066314003608874,1.0317634093163666,1.0008408213336866,1.003736589546864
3.1633522077937357,2.2107564826764787,0.6321973524303256,0.40993955609365296,0.5665005685562209,0.0,0.0,0.0,0.0,0.0,0.15115734365550845,0.39286751770865397,0.7128638429489461,1.646193468121963,1.3061883242919137,1.416707408499602,1.0634849283927676,1.0488230378330747,1.0001770108722674,1.0085961523295572
2.0248119214702065,1.3321111750146255,0.5864183459665137,0.6028816921953801,0.47668367144725765,0.0,0.0,0.0,0.0,0.0,0.1529840381843972,0.41828718291770567,0.7255737739326121,1.3233776493704819,1.6363635370057419,1.4488229400464838,1.0601249314521979,1.0452892538941712,1.0052849481479122,1.0024282250852208
2.0477053455067056,1.2720013916666404,0.6191731821679852,0.6489592454814839,0.4654953110304151,0.0,0.0,0.0,0.0,0.0,0.1537040435939164,0.42797062199810915,0.6900999976632278,1.281250030049404,1.57205083490061,1.4394538857306247,1.0550526875808413,1.0425769163311205,1.003378355885178,1.0035750544955557
1.4129150375967154,0.9598488637593647,0.5091323861319087,0.6385990480624384,0.5350571918138394,0.0,0.0,0.0,0.0,0.0,0.17101702341437774,0.4879784449945509,0.9587161892445983,1.3443951354079193,1.6157527103646487,1.4560973686941292,1.0743955564820917,1.0171349333724797,1.0025823020769613,1.0011804459635365
2.063311323492171,1.5893718416235658,0.48494154649788185,0.47105392996538376,0.3650614034510274,0.0,0.0,0.0,0.0,0.0,0.15082757480337738,0.42573966743235586,0.8636987778396994,1.3155516651171828,1.6208217404525118,1.4776369735942312,1.0699755200819474,1.0273519703994052,1.0029664513807908,1.0028433298935484
2.2071608445575968,1.0721667906339205,0.5006770353431578,0.6050015079404755,0.5534491755526056,0.0,0.0,0.0,0.0,0.0,0.17193672839650087,0.5414947107949926,0.9679898774065012,1.3451474102949283,1.5949881522074267,1.380155280697036,1.0469288775736554,1.0088336500947217,1.0053930061815965,1.0026485323077503
1.084926163950921,0.6937651497046189,0.3020248289559391,0.3368995216875826,0.32398484175393066,0.0,0.0,0.0,0.0,0.0,0.2074683155132521,0.5098808705555098,0.94735139591592,1.3688512378341848,1.648827410141339,1.3168012397589535,1.0646210399399083,1.0209566542295085,1.0056485766619816,1.001426499694362
1.7063222969097267,0.8563579453359758,0.40660522877955074,0.4150237603716523,0.4353160973816417,0.0,0.0,0.0,0.0,0.0,0.17808756884338867,0.5305676410206625,0.955671612406528,1.331954770076008,1.613382277629127,1.3544032305486764,1.0588419843008077,1.0128877749063785,1.004987370654776,1.000574375068171
0.7358341221321909,0.7920222062853246,0.35342868976801645,0.3099733031390207,0.2703390672415943,0.0,0.0,0.0,0.0,0.0,0.16338579435575445,0.4189387616081067,0.7002023577060773,1.3327066537440875,1.6120472445992555,1.5328167197987506,1.056288874305143,1.0493536564790111,1.0068352517595527,1.0031885598141586
0.8800158056590878,0.8959250218058612,0.554090523486497,0.36846202117937255,0.4218195391134497,0.0,0.0,0.0,0.0,0.0,0.18522933878067122,0.4920698816724806,0.8947399985310204,1.3604814262691591,1.6112862201634255,1.4674726198303887,1.0620792851596608,1.0229541014866732,1.0068795412911504,1.000342506174866
0.8800817027839113,0.5325923193952964,0.21590906190926823,0.2986191933088878,0.2856389658024976,0.0,0.0,0.0,0.0,0.0,0.1824895129937903,0.4811758182133774,0.9168499411237698,1.3362181735478698,1.6308542557035781,1.337519013702442,1.0659239304455772,1.0216033224951,1.0024398870600444,1.0021949181494347
1.2479750626401287,0.8691321183775227,0.3603236617075883,0.5919795746446814,0.2828534872221299,0.0,0.0,0.0,0.0,0.0,0.17987766568171457,0.4360644949744678,0.8065333865605843,1.3178998320004178,1.65319194747406,1.3924563191255068,1.074612309254348,1.0393250799247542,1.0025277439525968,1.0015957261426736
1.1768893158853504,0.7605830298133827,0.3803122590389571,0.3719973238377329,0.3879389111285886,0.0,0.0,0.0,0.0,0.0,0.16472028187379148,0.4242854045553954,0.8603699378916885,1.324472765675748,1.5884796304299509,1.4123757497735203,1.0728460283148624,1.0268542558311649,1.0069440767287654,1.0013376143363169
1.2058322103179648,0.6616204320149722,0.47512133262730194,0.46198921903242585,0.48803329802723183,0.0,0.0,0.0,0.0,0.0,0.15750212477251452,0.41361090000508477,0.7468814480263081,1.3272274279707925,1.6288552687581725,1.453246599373324,1.081751219791533,1.038321780275449,1.007065290836032,1.0027407809229572
9.011992387986474,7.742515940014935,2.805540340227078,3.051349734666548,1.9043188823345734,0.0,0.0,0.0,0.0,0.0,0.1687502392509249,0.44145261627378846,0.9231044351466466,1.3073168852406298,1.608656832457189,1.4553992958158228,1.0764497663002455,1.022071080050774,1.0041086588439527,1.0017251781791536
0.6667688395433944,0.7141430163924901,0.27603001175475017,0.25740298279415585,0.2957404451097561,0.0,0.0,0.0,0.0,0.0,0.17230182159682586,0.45078069614134136,0.784193262367395,1.2123371502326468,1.597563195052309,1.4185406924242823,1.046647957319923,1.0324161438563981,1.0110614395758757,1.0041128279965172
7.131812905472804,4.219953226165925,1.5898847799378863,2.0798648296100666,1.716793582380277,0.0,0.0,0.0,0.0,0.0,0.16198589598878002,0.45031172984863194,0.8978168536497123,1.3348174174420078,1.6037715410370033,1.411866876562712,1.076597411480651,1.0218294272923807,1.0048491499089518,1.0014818897346933
0.6836874276478953,0.5156125574185803,0.2863331423811623,0.3191328864347823,0.3503053581928621,0.0,0.0,0.0,0.0,0.0,0.17420717427429572,0.4787557448614425,0.8796734546319249,1.6079290255987346,1.3117371912323996,1.451718251122512,1.0750907591377192,1.0256297376325993,1.0007117641767291,1.0060348600684168
0.945720763828691,0.5837868629187969,0.25995535585056073,0.4025709074513772,0.3114368260521404,0.0,0.0,0.0,0.0,0.0,0.18171722135365184,0.5024154191061803,0.8406742067722032,1.2753046734254327,1.5923649346324025,1.3450817801444819,1.0471828812869086,1.0217100176486797,1.0074285649895631,1.0039447503216004
11.160984663928835,7.503804977871238,3.7876161971677234,2.7103554909068945,1.5031311667409906,0.0,0.0,0.0,0.0,0.0,0.15428035462859546,0.41681365455035246,0.6835139025539263,1.282647670989752,1.5792642082421093,1.414406208121486,1.0596880130341004,1.0448262915475874,1.0065751123981088,1.0047154696093934
7.635041541587493,4.802490352382641,2.4345776540556243,3.720429529599028,2.179141296794751,0.0,0.0,0.0,0.0,0.0,0.1878743737367183,0.457713801502522,0.8662946482306421,1.3252678550744839,1.662740634483433,1.3571054294569722,1.080186764178015,1.0292554186322278,1.0035882577009128,1.0008856094298682
7.174483287497485,5.311807048322063,8.342582960301453,5.350725220707039,9.736637345407,0.0,0.0,0.0,0.0,0.0,0.2528917188897378,0.9157432694146407,1.3040925058134043,1.471024436513653,1.6341644753383155,1.4982082347878265,1.0238840056197998,1.0027310586694265,1.002155284401574,0.9995006693974764
0.6830484366760308,0.5316780804583731,0.2798700065459164,0.3571813397027614,0.2571579911082975,0.0,0.0,0.0,0.0,0.0,0.19485770536909286,0.512713009416342,0.9798442951919326,1.3854481572113595,1.625198067392872,1.411647787899409,1.0658011209594305,1.013686164381514,1.0037778185754382,1.0031401612924904
2.4730838469571466,1.2601551064186052,0.9092053079412225,1.2458776023281586,0.6249985340639475,0.0,0.0,0.0,0.0,0.0,0.19150389562685013,0.45374030966406154,0.911576150989718,1.416798688872292,1.67780023608928,1.3458066244935059,1.087454107888424,1.0278597611065632,1.006195812563406,1.0010714914192105
0.7828603358496944,0.3651913891787254,0.17737308995914902,0.20893264380315868,0.20888097536584022,0.0,0.0,0.0,0.0,0.0,0.18102341942842834,0.5432981898860894,0.9933615729748028,1.3476077957394368,1.5967589760572543,1.3785415886040442,1.0562443359219298,1.0167804996638004,1.0029348763914971,1.0025873868060602
0.5623192909523846,0.34730801821505464,0.26194290324812125,0.15788363843996706,0.1500944442754987,0.0,0.0,0.0,0.0,0.0,0.18788273644727815,0.5426754296989856,1.2221362255222645,1.4843321477010372,1.695007166485013,1.4668754881233617,1.0824473552367284,1.0089982676391815,1.0035153570833604,1.0006174212037715
4.723761705762809,2.9998562165823692,1.279947551383943,1.629106798112646,1.4363506175952456,0.0,0.0,0.0,0.0,0.0,0.17120787799613632,0.47958195548675603,0.893112323682431,1.3333703018856846,1.604780718766976,1.4258401777376701,1.0688262021372017,1.026801370868841,1.0037433164639031,1.0022936615303115
4.459066330900311,2.4272423579014064,1.1222174677924912,1.3559252599571618,0.7199823400134415,0.0,0.0,0.0,0.0,0.0,0.1568577192547204,0.4189836598315839,0.7672423796007503,1.4178130270502352,1.6654223642275083,1.429917982051668,1.082538155698563,1.0397315475768196,1.0054208262295563,1.0022924848419583
2.6212456148814485,2.052781853686936,0.7172687320791182,0.8034988701417408,0.6842905822093714,0.0,0.0,0.0,0.0,0.0,0.1827199484592032,0.4199961231041804,0.7657550503472397,1.3008830075570361,1.6277966304336315,1.3433845588574986,1.0653651779525215,1.0416489698093163,1.007343326399745,0.9992774164548784
2.543265693345688,1.0852456079043187,1.236515336012486,0.5733860760763975,0.4874078649429512,0.0,0.0,0.0,0.0,0.0,0.1667226670896426,0.5845916370024687,1.1795275117911306,1.5051384528753553,1.6841579332956076,1.4759714243395838,1.0661752242508522,1.0076772188326102,1.0032486834850691,0.9997786607503211
4.4385358380947535,1.2381257307052969,0.6374877077893703,0.6827149245050528,0.962030620425675,0.0,0.0,0.0,0.0,0.0,0.15534111945187656,0.5072558710492989,0.9646842943000912,1.6136476379050915,1.366547431943799,1.3352483673722697,1.0688105268255281,1.0222450150949025,1.0019434857419685,1.0038610539697352
5.200747188634902,1.4823515891435977,0.5963031497217196,0.7755709291064151,0.7357742493282372,0.0,0.0,0.0,0.0,0.0,0.15559511342047175,0.4714455505654736,0.8555901528950449,1.3404622268297304,1.6078924420293308,1.2959756509396487,1.0744013205315377,1.0314031668789354,1.0051830499629355,1.0018054145162163
4.371477503037525,1.3359096469508667,0.5441834186879817,0.541752444962998,0.48283727563758705,0.0,0.0,0.0,0.0,0.0,0.15100426776427425,0.4565390250077418,0.8394545952866463,1.2968722970436593,1.5873501046605984,1.2906533381798921,1.0680459674917886,1.0274470182490962,1.0090355578277512,1.0031613960640795
3.7553089161980204,1.2751966098028835,0.8239989669281996,0.5777248763042369,0.7726591021178012,0.0,0.0,0.0,0.0,0.0,0.14441008833113547,0.3780951730125282,0.6451455726638016,1.2022266541401287,1.5932784930112247,1.3380590177064777,1.077861146027657,1.0455841597243873,1.013770276872147,1.0021135841536493
6.068706860496294,1.546276840586902,0.5262262577447239,0.550210091446463,0.6617189880888563,0.0,0.0,0.0,0.0,0.0,0.15172323247564534,0.4397172455049476,0.9297431299769009,1.6122727256115459,1.3733834561103646,1.2589669700087547,1.0797589188397225,1.0253559173351237,1.0026193779908412,1.0051857703163272
4.045755844990079,0.8983733014882554,0.5203989681586403,0.7554251989883326,0.6020878175228146,0.0,0.0,0.0,0.0,0.0,0.1503721440435036,0.5040326286442058,0.9878445519810852,1.3543776504572864,1.5907625938241505,1.3268425073665322,1.075732211110534,1.0183309679505441,1.0047999798289196,1.0035353194498422
3.8564066126151446,1.2100173868199353,0.43879016011801,0.43811283520886074,0.47934947905426845,0.0,0.0,0.0,0.0,0.0,0.15241006754626665,0.4289882967765859,0.8170236793850679,1.210809951566707,1.5973984397425087,1.2789201251960824,1.0788355331437753,1.0272052953684905,1.0109312903748622,1.0012393513012854
2.825034411702911,1.0189658508203132,0.47764684673678753,0.6037042466017959,0.9366201457400795,0.0,0.0,0.0,0.0,0.0,0.16020944061604395,0.4344610267096,0.961475677725052,1.6239266740491223,1.3636260157527647,1.3461524399261162,1.1174548528996096,1.0262402831001591,1.0021186403174343,1.0043654156468231
1.9809943601722957,0.7106768812853284,0.3037024958685851,0.4792482919610487,0.381074621500224,0.0,0.0,0.0,0.0,0.0,0.16970197636094433,0.5284733436608126,0.9820791981519938,1.3626348582878127,1.652561173290866,1.3809497893319052,1.059189522867333,1.0230100797766564,1.0059164879710494,1.0030951103735237
3.081400632788781,0.9676883819265516,0.3911304479856191,0.6304834596354082,0.3782240800194858,0.0,0.0,0.0,0.0,0.0,0.16097696111505208,0.4993963046218469,0.9665373255247123,1.349965152302215,1.635222144429031,1.3309012644446345,1.0738753260051423,1.0233515675082394,1.0052132424263232,1.0026130791375116
1.537126319058956,0.49377989138716905,0.30563615392673416,0.4253569226192722,0.3345455540493273,0.0,0.0,0.0,0.0,0.0,0.1677424673261406,0.5057262414751642,0.9327640834893777,1.3578842740741939,1.6154267467440362,1.329284850797484,1.0692198659302856,1.0168405611643585,1.0017651429674344,1.0023637626984547
1.0506074726133092,0.7946398291148443,0.6095669107411193,0.43923653675083923,0.5577341342088673,0.0,0.0,0.0,0.0,0.0,0.1544571369045347,0.41411751046927786,0.762232140012486,1.2255064708632284,1.5947974695168043,1.5593336781067864,1.0773329071419595,1.0259637943167532,1.0103950380398472,1.0033771807696292
1.4469603148150785,0.43247731059958505,0.2248338060549603,0.32151795769580316,0.25875514089227997,0.0,0.0,0.0,0.0,0.0,0.16178992853728139,0.5078633150667654,0.9745696396699276,1.3642303060505576,1.5986316923985162,1.3363944775582717,1.0679064881766906,1.019384118549563,1.0041832335533543,1.0027598782422729
3.3649533559526548,1.2881483610606324,0.45807326090730455,0.4973725379727284,0.4600173738533974,0.0,0.0,0.0,0.0,0.0,0.1423974554388732,0.391483981904034,0.8733803011073186,1.2887245257004731,1.595390642355228,1.3403352466320382,1.0843643371201583,1.0296851682710688,1.0077049618247518,1.003147291500054
2.900185531892128,0.7935280082788284,0.45826383283547284,0.42674965339315774,0.4091053508848114,0.0,0.0,0.0,0.0,0.0,0.15640502557922736,0.4393749805891637,0.8971801152046116,1.3370383535443342,1.6253363664085465,1.268514921931455,1.0981628786021578,1.0267364040284443,1.0071840836959534,1.002187359215385
2.539879399396515,0.6626168356681442,0.576606223400433,0.7391514319831891,0.6521751421775732,0.0,0.0,0.0,0.0,0.0,0.16226553194093477,0.5041545789613381,0.9970913615918982,1.350936367303786,1.6242727857653805,1.339867797696749,1.0826283938536703,1.0148090158556862,1.004795387460643,1.0023523179262344
21.093468700918486,7.1994490207655275,2.9550041058684,3.26112916339426,3.135620425116575,0.0,0.0,0.0,0.0,0.0,0.16199826077597806,0.4902286964459831,0.9324572539673719,1.3417115575495873,1.6015784919125984,1.3121203495895362,1.0616509564690644,1.0229597788751092,1.0050531298467957,1.0023743193677308
1.587366287940655,0.5501259092111596,0.3020184010889323,0.42177838329011647,0.40880359067591704,0.0,0.0,0.0,0.0,0.0,0.15956536577588912,0.49681090418066975,0.8683697387368368,1.3178043819458303,1.6027527255648613,1.365520340219106,1.0578575832356143,1.0281932296880683,1.005575282141628,1.003191997865186
17.090235008662525,5.511353387461915,2.3757466402942797,2.32936593285523,2.3895273172384006,0.0,0.0,0.0,0.0,0.0,0.15317163682731302,0.4655077765429884,0.9516337174363162,1.6107600543820262,1.3505862621835443,1.297470014713738,1.0794925380871,1.0205463194007873,1.0021667699392596,1.004092683488666
1.7078741938751425,0.43904591643167457,0.24330185103675267,0.3455766271663874,0.3734741695148086,0.0,0.0,0.0,0.0,0.0,0.15762787898140537,0.4274135809578378,0.9423268880360982,1.365089805093084,1.6144081659161158,1.301909536030726,1.1029719192011525,1.0263304807423939,1.0049776588537227,1.0022945441714186
3.284532959399109,0.5838711231543524,0.3025271865112492,0.35176357916844936,0.3518144402673933,0.0,0.0,0.0,0.0,0.0,0.1569476675401772,0.4559546064471532,0.9283740070422366,1.347518109292085,1.6030825817117447,1.272371978971583,1.0851107094415722,1.020163680462427,1.0068299791684736,1.0007258704786575
21.771666307764367,8.177661435521259,2.960563205534731,1.8300117634302784,2.849426825259645,0.0,0.0,0.0,0.0,0.0,0.15673851013543652,0.45446093453009223,0.8965476491443337,1.6083308899809552,1.3232558223872506,1.2950532373350223,1.0744057914120488,1.0263676333191485,1.0029125174469744,1.0068314963794618
21.3863578479483,6.210730086858724,2.922283249515151,3.2318735185036322,3.4078538109716945,0.0,0.0,0.0,0.0,0.0,0.14617627224591562,0.4124860159096376,0.8511304910624593,1.3191732431443366,1.599311068212916,1.3149342181103756,1.10244001795851,1.0284769111861893,1.0068790666219627,1.0026935944548065
15.240072849740622,4.754939627176462,5.971991844481488,11.935052399164238,15.598480390689176,0.0,0.0,0.0,0.0,0.0,0.16304207950367014,0.5034747523218494,1.050309650514177,1.4047734520779571,1.6119699574696769,1.4272980232549484,1.084548524166333,1.0142208094937766,1.0029927141567416,1.0011977181755483
2.4391483404640044,0.7094713182808641,0.29263639766440286,0.38148920704590555,0.4508702291019443,0.0,0.0,0.0,0.0,0.0,0.15834691171910695,0.49248868902966886,0.902995092450112,1.2910385653945533,1.59942606149377,1.294216101569655,1.0622131543401048,1.0243947693152944,1.0086150316834206,1.0019512645017903
3.49930451205877,1.2174351446837262,0.8540526154540423,0.9169216015524434,1.046953623201693,0.0,0.0,0.0,0.0,0.0,0.1562299800237507,0.4139517627876978,0.8602161600259942,1.2999193565860518,1.6449251970725447,1.389532118952539,1.1127415218436496,1.028329868093376,1.0080192438749134,1.0025471315951806
1.0861228353613537,0.5191056087443997,0.1482202232777043,0.1362217924903533,0.12098758146300562,0.0,0.0,0.0,0.0,0.0,0.19695862171529702,0.5572491719231631,1.2164960851415152,1.4809350187826495,1.6899209121292609,1.3773276017768017,1.0696100388890215,1.0103180008500157,1.001617030684708,1.0015314792553527
0.875602031206442,0.49530719583939026,0.2096124016009747,0.1862374257982962,0.1546059543467073,0.0,0.0,0.0,0.0,0.0,0.20475337200336635,0.5390287519358804,1.2336006830024975,1.483814962868621,1.6713559184729896,1.308116018339362,1.0502437541297267,1.0081582720252282,1.0013355468969884,1.0010802285026215
9.108847817191114,2.5818412514028966,1.6036458955796338,1.6639374435454055,1.71485747941485,0.0,0.0,0.0,0.0,0.0,0.1505917675499101,0.42617406305486455,0.9665154523130722,1.3818010297535457,1.6212471768030179,1.3319702864867753,1.1055643977556768,1.019348086917221,1.0033350976522022,1.0019489134105322
6.434653327063444,2.4887938133527308,1.2585004554205952,0.9758204670311054,0.8550720081450602,0.0,0.0,0.0,0.0,0.0,0.14854462344715647,0.40346169051333775,0.8161577106867524,1.2873743695592756,1.616280083145851,1.3494606368292092,1.096514987756126,1.0360078177377796,1.0103766956902,1.0007408042414483
4.794760610330341,1.7414891781752921,0.7919888214752442,0.7573484291234329,0.9945855415579239,0.0,0.0,0.0,0.0,0.0,0.16012399253893217,0.41266720988321265,0.7687211213666787,1.2050366088803204,1.6203158938982598,1.2927919280075444,1.0824636610294485,1.0315247189111776,1.010554019126905,1.0030797929474569
0.0,0.0,0.0,0.0,0.0,0.0,0.0,0.0,0.0,0.0,0.0,0.0,0.0,0.0,0.0,0.0,0.0,0.0,0.0,0.0
11.099193031026823,6.760228798423631,1.8955323631470347,1.7661708207040234,1.9979206567015193,0.0,0.0,0.0,0.0,0.0,0.19931583184829102,0.4592126633071012,0.8579528712404607,1.2596542843580405,1.6014520920987048,1.2315196065424447,1.041914045443433,1.025927601411709,1.010228354633586,1.0033358112941517
8.369726928850486,3.1572470947181315,1.8792536547187915,1.256935623888806,0.9840969597275034,0.0,0.0,0.0,0.0,0.0,0.15722575254133772,0.38130994627040804,0.6840820790956921,1.2513466926532775,1.6048239209587747,1.2981957673837181,1.0769452199002543,1.0251574332703814,1.011771982254046,1.0042831220306612
5.632497794105078,4.577084412456388,1.0270530197704195,0.7150827670735629,0.8798166131711367,0.0,0.0,0.0,0.0,0.0,0.19417915244874207,0.3867775859268083,0.7289940210569408,1.5366048637964118,1.161019078701001,1.220879011654713,1.0566103130227025,1.0426113900398428,1.0059411968915362,1.0113212935512481
1.8934369898546557,1.1474658453459343,0.5997294954206188,0.49983669247161344,0.5730848690614214,0.0,0.0,0.0,0.0,0.0,0.17287221805498953,0.4027773066310406,0.6856720063830528,1.2210406352172245,1.5422589359570658,1.3567487286912678,1.0755326052112424,1.0400860365895077,1.0111553678227547,1.0040886586276974
3.5118347782016945,3.567749901844311,1.086094489511265,0.8666101933946863,0.7373188735622817,0.0,0.0,0.0,0.0,0.0,0.1628662841107703,0.35156148910511237,0.6513476925541787,1.518480859511593,1.1280022645511623,1.3993513620604965,1.0771431434289458,1.0479942269494926,1.0047775052360453,1.0128793092221253
3.9107434750205563,1.6992709013313039,0.4989406834502711,0.37683190999790217,0.34326953491072054,0.0,0.0,0.0,0.0,0.0,0.20844558366737367,0.48814290019665585,1.1546526022899928,1.465020283880311,1.6804614644376967,1.238172951823764,1.0762943841202746,1.014392569099338,1.003931112098837,1.00199538380479
2.124756870371476,1.4576445873980517,0.3296273551027983,0.27915505457661177,0.31716870103481615,0.0,0.0,0.0,0.0,0.0,0.20080692354740298,0.4740679520089943,0.8797780997207559,1.2932306528444772,1.6165674203121008,1.2270832260804891,1.0387428776298653,1.024174075035259,1.0094832179372755,1.004397396683151
2.7273195667748893,2.018017026098136,1.07734113190978,0.5101034991448797,0.4548191997100977,0.0,0.0,0.0,0.0,0.0,0.1459750145337727,0.33058600881011924,0.5907120798225112,1.127714839057933,1.5339518248359283,1.447309467444671,1.0900061983632618,1.0385587368708171,1.0096858311912438,1.0058240683390745
5.808869351311637,1.3931750659046898,0.683163829778967,0.30686274896841015,0.24824267281896523,0.0,0.0,0.0,0.0,0.0,0.15887473856551676,0.40938895449309753,0.6731390978092777,1.2125559502283303,1.5864166837832747,1.142346206906619,1.0616593695873875,1.0339206029322752,1.0110170899688853,1.0048490567976067
1.6764449151649097,1.0128325252379604,0.5640804886444025,0.21345111197782182,0.28074592098190754,0.0,0.0,0.0,0.0,0.0,0.19866411482520177,0.5002663433056739,1.1752462297562063,1.6344281121894717,1.3742116062541254,1.3318141892945787,1.0662125351182041,1.0048802103024947,1.0024284608984448,1.0030218034054743
1.5734913925250134,0.7765927531691373,0.3065020270933266,0.4896540233283691,0.2632366685694782,0.0,0.0,0.0,0.0,0.0,0.22566819597734109,0.4778797837162979,0.8742441710336463,1.3261175362744204,1.5831951915355555,1.2022562515397586,1.0591515193336805,1.026392804535988,1.0056038315596243,1.00268745121208
0.41791814847753006,0.21031510819799598,0.1908843377462442,0.12906594296945673,0.18569332571579505,0.0,0.0,0.0,0.0,0.0,0.21070817417147786,0.5965396276575387,1.1897801057336101,1.5051332910579482,1.6974461520799344,1.362887049087401,1.0523027522203736,1.008486182872988,1.0035051785722924,1.0012166309514943
0.8302180326005315,0.49832347150620304,0.3165999978012381,0.3628795856170221,0.2727819055111686,0.0,0.0,0.0,0.0,0.0,0.17306495326405286,0.5716674940474119,1.0794445231022798,1.385444720921721,1.647452755245474,1.5281099135650384,1.0588301428571332,1.0086298582740145,1.0038053714044426,1.0023302065934088
1.3826742957957083,1.6515334769773133,0.5171125772444461,0.3184787144771481,0.2763755824824579,0.0,0.0,0.0,0.0,0.0,0.1737938577900019,0.3598542827177539,0.6098647377471839,1.1478316033331437,1.537612615172023,1.3366286515770651,1.0573048027748,1.0378717924207423,1.0116721788376255,1.0061536008415943
1.7811281776486303,1.3806965366850679,0.3221669706672354,0.27207193103074906,0.2676402681737807,0.0,0.0,0.0,0.0,0.0,0.19779433129423765,0.4757426081232902,0.8823709822878428,1.227977008669141,1.544758935987524,1.257532838730389,1.0381633576365017,1.0200462262611416,1.0089591780625455,1.0042863391312293
13.952891547422315,9.619445808994824,4.658363441613737,2.0097563518047123,2.2054155246458196,0.0,0.0,0.0,0.0,0.0,0.16160953850283946,0.3465791832539595,0.588456595568074,1.5206525587277713,1.1511316849610658,1.3400446195381799,1.0783414910488074,1.0489035606472346,1.0055921462488582,1.0146464302628162
1.9183491896203129,0.8093661270993497,0.3472163730304508,0.4198213593255975,0.2720939162622005,0.0,0.0,0.0,0.0,0.0,0.16785697436290503,0.514722644865836,1.0496714127665838,1.4186672999763654,1.6848845669638024,1.4204840058012331,1.0691767792901583,1.0187267402442188,1.0027940204282022,1.0019857546943378
2.2766279815064845,0.8913317063112162,0.39125533129486323,0.2505698088852598,0.21534547124650363,0.0,0.0,0.0,0.0,0.0,0.13554221718334947,0.3435861907112006,0.6717392613582995,1.060654538813911,1.5720583631672123,1.351562031120799,1.0749276392120322,1.0321596457334559,1.0140689171689117,1.0037327184788238
2.1570320821447604,0.503305397649564,0.23225953600827473,0.15003318709656707,0.20444612442789029,0.0,0.0,0.0,0.0,0.0,0.15558918643600514,0.4332275659294022,0.8091794157493623,1.2561728158889167,1.6106322800676576,1.2108811142436475,1.0739545221657232,1.0274516603982282,1.0099057195979637,1.0014652254675251
1.8225025796379282,1.314306557632945,0.5320347440620454,0.4865536017015911,0.35517846821570254,0.0,0.0,0.0,0.0,0.0,0.18419891995699064,0.4795880637664092,0.9388927452763358,1.372985103790789,1.656448453429997,1.3271705085702656,1.0476600693131761,1.0205821349101154,1.0058911125435002,1.002309618091046
1.387225779129917,0.916017284956536,0.8108899700939943,0.5154315323801703,0.9088757226269625,0.0,0.0,0.0,0.0,0.0,0.22337828634439785,0.5042635512326321,0.9055503351966662,1.264279312571206,1.5872503506256546,1.2803395155946486,1.054649748568781,1.0166316381821638,1.007234370446415,1.0003388201654253
14.439874419968316,7.839147327582819,4.41400796710511,2.925476563738644,2.6670046225812376,0.0,0.0,0.0,0.0,0.0,0.15556896172818255,0.36050065546955795,0.6435605139758153,1.5081900698003574,1.1341674911802753,1.3143069933905502,1.0735091165530968,1.0280859750264886,1.0054512385797147,1.013016027313999
1.46276539552368,0.8431861093926873,0.48026264106369665,0.38078415845870006,0.34801902650468025,0.0,0.0,0.0,0.0,0.0,0.16722701970500972,0.38785358681656285,0.6706872557935848,1.1837102040194343,1.531261783945151,1.3208928054261124,1.08108520501673,1.0413466319520923,1.0092041732748924,1.0020780263308735
7.795676085229753,3.92409828381347,1.7175361689160162,0.9873154922520652,0.9424598125259216,0.0,0.0,0.0,0.0,0.0,0.15988784060656658,0.3610615597895231,0.7134872701716555,1.1781373819307874,1.5570605838743077,1.297717081738458,1.0782703799741515,1.0329639394257633,1.0117026758767742,1.0044645042539515
7.479035310354385,7.5386298827705875,3.350170871778505,1.7197283422250833,2.119151350999972,0.0,0.0,0.0,0.0,0.0,0.1766674792779728,0.3547307155011763,0.5963953851527012,1.163433968751312,1.5287705870319874,1.3380961632112727,1.071571119264072,1.0445384439544532,1.013228002019476,1.0047125194528714
5.43044176482893,3.3454103323961393,1.1045572412214484,1.0256679292325868,0.6357736106932274,0.0,0.0,0.0,0.0,0.0,0.26535042058181957,0.5564380401049425,1.0909968905488714,1.4453519554940872,1.6590983703973046,1.1734401983136646,1.0329125508471624,1.0117075098823243,1.0043500934353409,1.00244772671891
4.991097222153568,4.289130846315333,1.0422772251165857,1.145284285027996,1.3677174282774396,0.0,0.0,0.0,0.0,0.0,0.18606636610281355,0.4697678062116424,0.8807271714921453,1.2606990218021688,1.5979401175176982,1.3577234772390647,1.0466873764465046,1.0258682292413723,1.006932778926469,1.0014012039216367
4.263593371731678,3.05390314754582,1.4579796476181481,1.5662215185508166,1.4607181992169902,0.0,0.0,0.0,0.0,0.0,0.17622099526533871,0.42587129456478995,0.7790101770857589,1.1993930083198743,1.5114197653865609,1.3713384691184545,1.06374117196245,1.0260571561051879,1.0051334528792453,1.0037754279671693
4.224925752509099,2.9964885573531133,2.0607715735749847,1.7135030071964692,1.301451248934314,0.0,0.0,0.0,0.0,0.0,0.17458661372359244,0.3991357886205023,0.7121741738123801,1.2054467555987365,1.5886513495034023,1.3708487160896667,1.0845160029325105,1.034315801268516,1.0104996405232025,1.003977951479789
8.02520151059564,3.508746561874603,1.0107758588299856,1.0695981838847834,0.8226024748879311,0.0,0.0,0.0,0.0,0.0,0.1674958975307123,0.5029157772843816,0.8580842589294951,1.2827137515572744,1.5787461981866229,1.3152186484580017,1.0385496113081627,1.0203301557030124,1.0076365188237197,1.0039887889799906
4.588572141894825,1.4622258443743452,0.6784893312326412,0.5223305949446896,0.6984753960694702,0.0,0.0,0.0,0.0,0.0,0.1603541453530159,0.4498305723190127,0.7813635729822758,1.2539275894065303,1.576749721235228,1.2331569956911854,1.0610824485575168,1.0294837327920152,1.0102932190073057,1.0045374276696242
3.9635059036225484,2.5562020394405627,0.58302690562209,0.5447927256070186,0.4527249173165358,0.0,0.0,0.0,0.0,0.0,0.1645685113150402,0.49290949215997676,1.0901030782232766,1.4769786389901363,1.6875353217573215,1.3954317551708504,1.0513411169552658,1.0169468433267848,1.0015896249454195,1.0010320258118734
8.294553459503911,5.861863175306892,3.209471717794732,1.8508473939614407,2.4486020169110696,0.0,0.0,0.0,0.0,0.0,0.16102998821892442,0.3600496627618899,0.5913700984365536,1.1912357659904806,1.6066658475287054,1.457213011516033,1.0821551738660364,1.05715945607533,1.0088341137364387,1.0040378575156392
10.489622759611198,5.830352541471043,2.4881743612585794,1.6444185908544982,1.3958067739077291,0.0,0.0,0.0,0.0,0.0,0.1497723675334066,0.3695688945548379,0.7013444370961194,1.266764715664783,1.6147094413850083,1.387641714855368,1.0793416804357672,1.0446852522299703,1.0100250211089243,1.0039877839363687
5.877062068977831,3.774769905895546,1.6441952528476012,0.9033775870338572,0.9165784948195833,0.0,0.0,0.0,0.0,0.0,0.15926154537483175,0.3722499231252721,0.6480152409130973,1.1673424493484552,1.6090981874303836,1.347999374891303,1.0670144089848892,1.0454235197624857,1.0082657457015587,1.003720235517015
2.058577600776042,1.1388625292563463,0.39528239903997636,0.611803213224215,0.5178725846459601,0.0,0.0,0.0,0.0,0.0,0.17466576635144157,0.4213635952882002,0.8216634091316924,1.2969609306297016,1.6158272419129218,1.3206817657137562,1.0786002530751582,1.039300042134908,1.007025526863313,1.0028608362731923
3.6639478182323204,3.038768179198551,1.4792993165209747,0.7401807378819818,0.8591477538197065,0.0,0.0,0.0,0.0,0.0,0.162386864631962,0.36040227368585637,0.6227885117615117,1.1882813411510873,1.586509491200479,1.4319852333567835,1.0710882489799107,1.0503059955179939,1.0108392460079298,1.0047948698014695
3.5318556145505395,1.6729010883804,0.5735593601027787,0.4706066299099545,0.6066675316274172,0.0,0.0,0.0,0.0,0.0,0.16802541612487157,0.4254936346339762,0.745408024883054,1.202099596409671,1.6196533609791872,1.2648099731393896,1.0575257734656542,1.0288909390592325,1.0027092435904645,1.0039353517404734
3.7034671550712135,1.7691637221811298,0.620912185275834,0.3818422751375077,0.41518010838556874,0.0,0.0,0.0,0.0,0.0,0.1653650408568369,0.4005825387184035,0.7459186526261292,1.2525435768233635,1.645996369878259,1.2459623835963354,1.0656230972382341,1.0325794902680203,1.007736778870071,1.0032119560554091
4.38407677916931,1.7750842385372554,0.7013172811240818,0.46002095683781585,0.46696067300912725,0.0,0.0,0.0,0.0,0.0,0.17458858539755037,0.3908637413332011,0.7196231645766912,1.5897846418164485,1.2328865139970349,1.2344547796172882,1.0802311384553136,1.0441289592219416,1.0038967187763237,1.0095519528794503
1.8742850763776673,1.1034579575712726,0.7968180601583663,0.4080874946019778,0.41577552227764797,0.0,0.0,0.0,0.0,0.0,0.1787476135573111,0.3754665935368639,0.6477550109560531,1.0513702076734568,1.5537699507472078,1.2588755985113833,1.0710647893225378,1.0357136593074736,1.0143813684814695,1.0046262204120624
1.4842854887009167,0.738020176550258,0.2703229821825949,0.3847522964417545,0.3151711361275022,0.0,0.0,0.0,0.0,0.0,0.16047898349549014,0.43521211930091563,0.9080291903368586,1.3316656048733513,1.5937965753159036,1.3888023673057417,1.0890635516436824,1.0281097419313998,1.007226202716042,1.0035748440416126
1.3418432584470834,0.7574096288324217,0.3567009186427673,0.4527359800096093,0.29081070152924327,0.0,0.0,0.0,0.0,0.0,0.1720903504476867,0.3964814920130267,0.7934511043299253,1.333727162903067,1.628306695893822,1.3417115304617357,1.0856761534790864,1.037123671710167,1.0050262267221184,1.0013248058436794
0.4493814777579745,0.30733232856900494,0.24951338418003827,0.14094539818234408,0.14805453665286836,0.0,0.0,0.0,0.0,0.0,0.17243231096654205,0.49557720619701895,1.1793836785490437,1.4616438279366701,1.7025892041162722,1.5471335425883326,1.0800988277343904,1.0035393354806819,1.0039842964038632,0.9997194128948208
1.609030568276474,0.44746248183921156,0.3276089462546653,0.343819814023204,0.3155787217398251,0.0,0.0,0.0,0.0,0.0,0.1785499976043014,0.47803488258902604,0.8187762129762937,1.2877315266457288,1.597739794293517,1.2874106580278049,1.0712217974020026,1.0306355003492609,1.0086564600905117,1.00335750210669
2.258713784157816,1.3941738675160955,0.4636134925288954,0.34816748598605923,0.3425468354130715,0.0,0.0,0.0,0.0,0.0,0.16507001072224767,0.39414845540981697,0.7275655921829715,1.1971321085955446,1.570816047433607,1.3110162538935226,1.0646671077360608,1.0315666229517562,1.0084790485007984,1.005021194253202
1.8592982267014229,1.2716598918157547,0.3291381922980121,0.2663836503645218,0.2743673901176993,0.0,0.0,0.0,0.0,0.0,0.1706802890229767,0.46766050323942826,0.8314601703882232,1.2248612710910711,1.618135575175149,1.280270925835955,1.0374334178892284,1.028634130492906,1.006462594769731,1.004038904364492
17.351576462855796,6.910356247784546,4.117921924025605,2.410098604894389,1.9309726126068625,0.0,0.0,0.0,0.0,0.0,0.15052187728738975,0.3742380723776693,0.5964534072867512,1.113448888976363,1.591889395144356,1.303032517435744,1.0621150658387561,1.0432262516802546,1.0113538477964938,1.0041809665659096
1.4381886641557382,0.8064194895933611,0.4271879850047604,0.441007287020712,0.4176784452160236,0.0,0.0,0.0,0.0,0.0,0.16885859048198454,0.4767661030436365,0.8104520125539104,1.324913406450014,1.6207556157033154,1.4011553359546058,1.0718417413499552,1.0317218920012712,1.0069003645687618,1.002689423326838
2.000273979188266,0.756928238867997,0.33204643139338924,0.18693329114326981,0.2859304391709811,0.0,0.0,0.0,0.0,0.0,0.15550627651981874,0.40306129715564754,0.658477502064952,1.2012591084884754,1.5933233478495386,1.2724561383554784,1.0605213159610658,1.0440054028213226,1.0120762821364444,1.001875526603698
0.8473845886805382,0.5610279043150053,0.2086143007785537,0.20870130594140282,0.1939870370602574,0.0,0.0,0.0,0.0,0.0,0.19450902205123782,0.49434904176752004,0.9215095553477176,1.390730323645968,1.6329703042033337,1.2555892251647771,1.0451588255709272,1.0189129657011566,1.002519286155837,1.000752931940683
1.504522790881733,1.154712254382765,0.5084839976025022,0.443137902593336,0.5251167871760176,0.0,0.0,0.0,0.0,0.0,0.18508067888840993,0.47754864086686216,0.8136087863799457,1.3578196158601967,1.5946115138747603,1.3103813147752241,1.0424535071752452,1.0299102712226011,1.0011106080536705,1.0026844851958734
1.5791084124814632,0.8640951849720733,0.677135994790516,0.5937054772098069,0.7816457108391137,0.0,0.0,0.0,0.0,0.0,0.21625703145438582,0.5280673272086609,0.910944450519231,1.3604860900389641,1.6117601201747644,1.2876122833988783,1.0586176147570912,1.0210266804232302,1.0004094001998383,1.0017631010440413
15.536409622603022,7.316296427360018,2.4138063721815546,2.6466447157227004,2.860172695158341,0.0,0.0,0.0,0.0,0.0,0.17480287841209907,0.5014491713105984,0.9118615258416545,1.602012396126247,1.3008178884227937,1.3352219120705278,1.0650267800030024,1.0179065258681297,1.0028131786515926,1.00514612005957
1.5753358386448046,0.9037382651690414,0.38084684338893376,0.35568081719700056,0.42023408404496915,0.0,0.0,0.0,0.0,0.0,0.15575871209144954,0.3916342694073595,0.7543698779797647,1.1891794110977267,1.6061924463887087,1.3966023915365375,1.0681544342870433,1.0360917109514811,1.0101298059505537,1.0040039339192808
8.743845459972622,3.7721709507000982,1.2058439840518147,0.6521307081428122,0.685103211128129,0.0,0.0,0.0,0.0,0.0,0.15884624839148306,0.44752797817603257,0.8289744569837487,1.3201216256185857,1.6580158076539695,1.2616372762020733,1.049396871586239,1.0316793557683326,1.0104529488284735,1.0024896226592297
9.400106401819585,6.885344094868421,2.751578312884981,1.9730388910246248,1.8850390831519235,0.0,0.0,0.0,0.0,0.0,0.1684020239450376,0.3734793194670774,0.6390381284543963,1.1688427326238457,1.5849188417918745,1.3552722407962825,1.0606338110626015,1.0505380420946941,1.0086172590287468,1.0042000350607576
5.082976126987941,3.1918613117551367,1.6167553966819448,1.1765208283926594,1.2209568625004688,0.0,0.0,0.0,0.0,0.0,0.17900490469138283,0.38770220016659096,0.6883123511550719,1.1785566477546248,1.583037718200195,1.3171913853737098,1.0727561965260126,1.0455368165412857,1.0119683245013777,1.0036300199980137
6.07263576196075,3.7817558243097564,1.157161383892868,1.3800811272486304,1.3575721774627245,0.0,0.0,0.0,0.0,0.0,0.21053170247447375,0.4763482089587855,0.8577252436278718,1.598011439527383,1.225283179427792,1.217488793078402,1.050689806784364,1.021735084878362,1.0030843541422307,1.0030865597249834
5.891083426977305,3.287718394375898,1.877602721447439,1.4190812940520299,1.5543873310600447,0.0,0.0,0.0,0.0,0.0,0.21471463005626748,0.5166580775009503,0.8278076006798304,1.2165724969369531,1.5759023914462724,1.2231043659281804,1.0377270042394104,1.0201232335072752,1.002859974972186,1.0043834271744436
5.446128991329717,3.1911365978157256,1.7521893853283839,1.6888605119917728,1.6679030766416356,0.0,0.0,0.0,0.0,0.0,0.17416538520881633,0.3914424536396685,0.8032025032624054,1.2682876360846056,1.602077758208471,1.352103378059228,1.0854550136934595,1.0318614371361399,1.0076311068638846,1.0031521824247032
6.372994865476253,3.037011278144098,1.1381423196907714,0.8436043869715727,0.8281808058701496,0.0,0.0,0.0,0.0,0.0,0.19816337281539828,0.5629745592089085,1.0011182680876876,1.4101106063804822,1.6205832352495164,1.2988624369436552,1.0494558753779044,1.014691454637655,1.0036506330087331,1.0002988800775716
3.159343271834052,1.088996258115226,0.43508041087108235,0.7468169772619755,0.6636571309604842,0.0,0.0,0.0,0.0,0.0,0.20321880198891532,0.6317065242571183,1.0109508533299534,1.3679168133169697,1.649039115479922,1.2866120430923522,1.0359501826067143,1.0093070455115813,1.0052962356546418,1.0021655781228693
3.915538819076083,1.8457447807471845,0.4710857205358224,0.4757076287898959,0.5851142178501831,0.0,0.0,0.0,0.0,0.0,0.17467825438914258,0.5285859175724738,1.006306052569083,1.3289726389331786,1.6295971130356535,1.304021736815208,1.0545002554896128,1.0158174625700231,1.0061707825302377,1.0027100984917632
5.4240154434063665,4.530989097360566,1.9763644310677158,1.6988946577195716,2.155800536560474,0.0,0.0,0.0,0.0,0.0,0.19041614238810042,0.48477042668687476,0.8152348910508063,1.3284719801755145,1.6401879911964872,1.3322565903094383,1.0436292616850902,1.032120203008779,1.0073471422119273,1.0010283406203833
3.4346113306262778,3.0242144632408783,1.6384162072755402,1.1605679874661583,1.1005695210351765,0.0,0.0,0.0,0.0,0.0,0.19577002205686975,0.5006675958717776,0.7873166870577131,1.2992278588879729,1.565884315586647,1.31862949351823,1.0423598643069247,1.026848486555045,1.007981008043226,1.0037769048762688
4.2958791282438,3.0430006966868675,1.019460454709625,0.6684705785454991,0.5512029032668868,0.0,0.0,0.0,0.0,0.0,0.18670675150804894,0.4993093467542874,0.8069945225029245,1.2712681971150406,1.6210827404559425,1.29100252303377,1.0370566652572624,1.026552239438935,1.0108050726621858,1.0030881659862843
1.0181014670432653,0.8612432971375636,0.5640493145107326,0.411502221691622,0.3781470546703901,0.0,0.0,0.0,0.0,0.0,0.1905512519991707,0.49249625877543945,0.8119362027944769,1.3488610446381604,1.6120802873327658,1.350471758959552,1.0485030946917882,1.0295818764551763,1.0088716278240748,1.003010437638605
2.681414573093177,2.203603825967484,0.9483519987261388,0.7577997802629269,0.6142128064594761,0.0,0.0,0.0,0.0,0.0,0.18291184749647507,0.48437794773325354,0.8456152497986477,1.3632676787342652,1.643506245099876,1.3295416132146014,1.0487774703504038,1.02726880771543,1.0052996533703127,1.001702058286212
1.8476057745106569,1.2521755734905036,0.5854280460435174,0.43476509641256345,0.4338733464987188,0.0,0.0,0.0,0.0,0.0,0.17226524927069317,0.44528120854790654,0.7421676526008667,1.3641248444533918,1.6597961029746084,1.3967421202104733,1.070802709527033,1.0409102841339193,1.009603473443313,1.0016377885326846
1.215989464460773,1.0873141878799992,0.3803575737895149,0.3252493483142439,0.22241264352621784,0.0,0.0,0.0,0.0,0.0,0.17065436305352172,0.5040850547638702,0.8010284660031377,1.3573007987224623,1.6555566346258503,1.38925783544905,1.036413126385772,1.0308544816968863,1.006146438096736,1.0026047756983851
1.5468456023629649,1.1301158239729936,0.7208341091404582,0.5388880942424561,0.2864596462266894,0.0,0.0,0.0,0.0,0.0,0.19905516494977202,0.4811483842254121,0.7871187835658789,1.3336309281065402,1.610221198430038,1.2462972847415377,1.0416722452177678,1.0262002210611663,1.0060774363554885,1.0029974920791243
1.656324902150574,1.60090896336838,0.3018208862621241,0.37399648164638793,0.24630520054373414,0.0,0.0,0.0,0.0,0.0,0.18713453029229918,0.519442996800768,0.905123657743928,1.366630533323158,1.6650785327183388,1.3212311725720016,1.0401556224407844,1.0284283703429515,1.006686018728013,1.0016402302995084
0.9425557148301195,0.7727721872970245,0.37953546429140106,0.28784524186189825,0.21268605457150183,0.0,0.0,0.0,0.0,0.0,0.18862818368013098,0.5390073089995869,1.1730715048742195,1.3948346610160876,1.6354399396324064,1.4667841870722205,1.0621465518048727,1.0098107545487633,1.0020453767785085,1.0027740425206195
3.9008437694561438,1.5593751120714467,0.7743617758174,0.36417740348324257,0.48085741794124176,0.0,0.0,0.0,0.0,0.0,0.16080321095381084,0.4152445609087917,0.7153447197764935,1.1917668996243156,1.557581964236244,1.2921532594035527,1.066879320867199,1.031141767054538,1.013060991472924,1.003831116437022
0.23774735421739254,0.21831394890940956,0.1571982730010681,0.15122726364089328,0.1561522538694696,0.0,0.0,0.0,0.0,0.0,0.2104069567318935,0.5568155943484754,1.1665166621790048,1.4523109824164906,1.6760627005693096,1.3669333000688106,1.0515006457515539,1.0082218675555608,1.002265477963925,1.000950902829919
0.652068134878628,0.5089925124834384,0.20291794549163167,0.34590021938914545,0.3061722849596897,0.0,0.0,0.0,0.0,0.0,0.26819244804760534,0.6663208300142782,1.100360903133985,1.3490683848435443,1.6328565610757315,1.2486824116994275,1.0357136037834127,1.0100573603919676,1.0042895428398122,1.0027068325778432
1.2310003573327666,1.1835632577395003,0.5189371465796142,0.27605124235055756,0.24467874504855222,0.0,0.0,0.0,0.0,0.0,0.18442729995791843,0.49025854684766673,0.716951538887191,1.1985373302829418,1.5483742904607114,1.3211194450804,1.0296900538476357,1.026484764636,1.0118227683036465,1.0050567033418993
0.9852224457857452,0.949336259634468,0.3352881304949793,0.25629412661526096,0.25242954817683333,0.0,0.0,0.0,0.0,0.0,0.18738985173831005,0.5065378264092749,0.8209295092191721,1.236664217622326,1.5978039570618503,1.3020323607473312,1.0297639371506047,1.0258049840069083,1.009302938741358,1.0031030103212057
8.045550255488248,6.186187022307388,2.7657236623996426,1.7097438340052364,1.6666417883116054,0.0,0.0,0.0,0.0,0.0,0.18057886551084515,0.49606841395864393,0.7561915671351391,1.2010594279345261,1.5618517569534844,1.3157612931106941,1.0333911399276672,1.0259513441084425,1.012850834119031,1.0055170143726833
1.083402728408295,1.3437416997064429,0.3576719672497298,0.3689060717806557,0.3319359467526911,0.0,0.0,0.0,0.0,0.0,0.21949215383911688,0.5735036390812799,1.0231820065371866,1.3566404426003806,1.6146778082117936,1.3353694552063073,1.033802095035542,1.011542799580766,1.0054013133433153,1.0018175481983371
0.7424929315006297,0.2833620467868775,0.2152335832875787,0.1519400508909115,0.17413938600339585,0.0,0.0,0.0,0.0,0.0,0.18248813682376916,0.5261129607466575,0.8732464959022621,1.2758277869776065,1.5954489225782085,1.278504731452968,1.0580902643061858,1.0233218026166278,1.009275055664327,1.0033335510014367
0.8087907659763968,0.5306170837355492,0.2917879708012416,0.16639699835575,0.13616332078716867,0.0,0.0,0.0,0.0,0.0,0.17377406832755835,0.4683891462842534,0.7306873008024382,1.3182031776556613,1.61527348117506,1.343224445511709,1.0482777529999214,1.037544173751884,1.0079826666307565,1.0037408766495466
0.8989423840416088,0.8429811177775054,0.4603487109867487,0.4572317691428086,0.4559375589809241,0.0,0.0,0.0,0.0,0.0,0.18926712497197012,0.5310592551739249,0.8740779289046373,1.3946619832074798,1.620577779641184,1.372761827958724,1.0427474878736325,1.0269800485743052,1.0050406906238905,1.000014836608683
0.9495851450243968,0.6646513123639608,0.7186409293319415,0.7746335839361815,0.5644074854991321,0.0,0.0,0.0,0.0,0.0,0.22367406702182469,0.558953779438281,0.9345510543581935,1.3675243312918075,1.6087332088184105,1.30125464765136,1.0566758706514758,1.0172441473875153,1.0019486920454892,1.002348093944498
8.204327409339452,6.851181093094527,3.695978369550069,2.3620043411943628,1.8693330148439196,0.0,0.0,0.0,0.0,0.0,0.19843431647490334,0.49594447729281044,0.7757045283234192,1.2712480701761222,1.6032744957090805,1.2671896755259262,1.041090073135621,1.0282026510321247,1.00964685415782,1.0036100112054116
1.1449980579664927,0.7789362247299758,0.36856236139926746,0.30364423472435026,0.32797009652907444,0.0,0.0,0.0,0.0,0.0,0.1726560687059878,0.4669888422405309,0.8024623282319034,1.2039150134459071,1.5446530697023482,1.2988981650992255,1.0494405071833157,1.0251239101772411,1.0103128386881193,1.0050723520225051
2.4136195555408797,1.1925710642172747,0.8417581892024228,0.7560292742791568,0.6845669998762511,0.0,0.0,0.0,0.0,0.0,0.1887691894343273,0.5099461732459297,0.8304655937356005,1.287524638141793,1.5968536698925415,1.295640908281448,1.0540625037340283,1.0237731716386405,1.008024644237439,1.0036466308249408
6.351285987493288,5.715488802525352,2.7342430996547917,1.543735016630826,1.3452017374947107,0.0,0.0,0.0,0.0,0.0,0.1873652798582283,0.49659124949164135,0.7827501522013068,1.3371882331416638,1.6261069830848272,1.3227766078972267,1.0391150176461812,1.02460149116753,1.008862241252933,1.0030423678860003
3.4328990805958264,3.308204158442249,1.3654050084778373,1.0580407890007784,0.968688187778796,0.0,0.0,0.0,0.0,0.0,0.1909215225429415,0.5236801667426655,0.8328828017020854,1.303905850839339,1.6179284280426496,1.326211446553474,1.0337525059669557,1.0252185403613379,1.009342947976349,1.003194951721147
3.566718883822566,2.7050536366869613,1.657245951337974,1.5408211073014884,1.1898479140211162,0.0,0.0,0.0,0.0,0.0,0.20573387369641544,0.48104426801257527,0.7668056076640111,1.3458003438405703,1.6445278076842402,1.2671277740212175,1.0464982917808945,1.0323511058928574,1.007407180711897,1.0022807016554796
2.7830463392836484,2.2151515408685856,1.6574737742543888,1.5273997495256892,1.1410266339793076,0.0,0.0,0.0,0.0,0.0,0.2136479046136414,0.5266515192774937,0.8564574523918435,1.3512076667222306,1.6213248491375596,1.325001897550476,1.0548358500561235,1.0251193758089077,1.0033959101008902,1.0025897323537694
3.9098365633718957,2.8512688298375237,2.2126277916720993,1.1979376491280458,1.363451306372262,0.0,0.0,0.0,0.0,0.0,0.18589147427005448,0.4669959134024354,0.80014492798323,1.3024255435490897,1.637565563439153,1.3328561332235702,1.0618102215333942,1.0277925615997336,1.0105663599806496,1.0025828053720371
2.7136519022931482,4.007239993713096,1.1245294713568375,1.2647929981300892,0.9117394868930505,0.0,0.0,0.0,0.0,0.0,0.2110985962513089,0.5388585265769165,0.8540652850730093,1.3605162649008218,1.6103635219633203,1.3168150124655682,1.035881016724109,1.028226761101521,1.0053786264168227,1.001910405941316
1.586395676227761,1.137470691293234,0.8041290742372793,0.7236158039607619,0.5447395028834616,0.0,0.0,0.0,0.0,0.0,0.1871009597523513,0.4528211762502404,0.7941927258004919,1.322240864851145,1.6422177795089248,1.3153099103149355,1.0657409824583408,1.0279314612522217,1.0076934638953063,1.0025589048136827
1.8252998867294674,1.9207164263880507,0.8498543752414645,0.4202560109921912,0.49602027055457204,0.0,0.0,0.0,0.0,0.0,0.1812480631267485,0.5135849761240046,0.6882801754432883,1.2301509822974634,1.631208058138624,1.2872489508320366,1.0216439194293605,1.0259107615710548,1.0107740103945648,1.0027668545579895
0.0,0.0,0.0,0.0,0.0,0.0,0.0,0.0,0.0,0.0,0.0,0.0,0.0,0.0,0.0,0.0,0.0,0.0,0.0,0.0
7.209817510350618,5.264391168267607,2.8016024744877184,1.2775448238265177,1.9151123474294267,0.0,0.0,0.0,0.0,0.0,0.17053964493396545,0.473160522402207,0.7963566018409481,1.5114928374567587,1.2605084387818943,1.3624070950174374,1.0502902713775213,1.0215830221657394,1.0045507179118776,1.0045410056831872
33.88101286593327,5.184776063747753,2.850678477248485,2.3454010439022235,2.0472795779984074,0.0,0.0,0.0,0.0,0.0,0.167070337796051,0.551981740662997,1.194618793876756,1.4683131931153488,1.6891201377806029,1.2669861753032063,1.0862505165997354,1.009670907460919,1.0033340197125682,1.0014911065367518
3.176779956067394,2.2395376496406785,1.4307542595372138,0.9941333518956741,1.092278269861725,0.0,0.0,0.0,0.0,0.0,0.165519226708603,0.43730047336621036,0.6860051548153794,1.175845200824629,1.51022536164289,1.3658317741326815,1.0538158160380624,1.0366135345791212,1.0091581845764694,1.005211782238115
10.50047467172335,8.652040557356026,3.6831321846636014,2.771764546677334,3.6068542575623868,0.0,0.0,0.0,0.0,0.0,0.18273491736312478,0.5314469564467372,0.8846475033016958,1.5614977202543936,1.3114581875479092,1.363721483632125,1.0357031472098819,1.0133868557698884,1.003413195137713,1.0026776822690515
2.8953162428596464,2.2950936416976284,1.3551650707197074,0.8189535658484038,0.7987714912676073,0.0,0.0,0.0,0.0,0.0,0.16197357142318838,0.43817454684188506,0.7499605663039999,1.2108754970502245,1.5139879069885631,1.4055502170048837,1.055842031628884,1.0245932031765639,1.007658680570437,1.0049067203930848
3.5623248363506534,4.121214551224099,2.266738674451985,2.8090873807660635,2.6197245852887034,0.0,0.0,0.0,0.0,0.0,0.18917643461978112,0.5072461990221596,0.8280593552052729,1.2865201023196333,1.5393061716776355,1.426525944330795,1.0489077458958804,1.0263075415601537,1.0042889614131512,1.0035842502056147
4.360767158541429,2.9227028923583886,1.491900872471247,1.219111639719569,0.8109199582750751,0.0,0.0,0.0,0.0,0.0,0.20436813342218846,0.5430548902883806,0.9460668965429845,1.3002299740190786,1.6351851414226641,1.2895767010488266,1.0474707160159635,1.0088865251077055,1.0081802712873853,1.0035686497367204
5.522562190026997,2.816261798714874,1.959993004168492,2.112211247622149,1.951170416182403,0.0,0.0,0.0,0.0,0.0,0.18902577972810622,0.4949830540452991,0.8858704929962018,1.2366788277903178,1.5202706792285263,1.3286886517404466,1.0690971507423703,1.0195054525807519,1.0072485945662528,1.0051003804731353
5.256745817318624,4.48599786950348,1.6978709386222899,1.4896196084530797,0.9652332362467757,0.0,0.0,0.0,0.0,0.0,0.1760512557131394,0.5207729764652705,0.875861955614685,1.2624468412868872,1.5185392451737718,1.3665259785511576,1.04516398821188,1.0146859947576758,1.0030241080691187,1.0043031890025131
3.1730102446607575,2.173953909403535,1.2017802471219965,0.5031049306695774,0.8011809796934262,0.0,0.0,0.0,0.0,0.0,0.18690799809465922,0.5437008830265114,0.9011879725106374,1.5323352274740758,1.2760996213867979,1.3618789414051249,1.0440384456051501,1.0159749281481811,1.0041851246286824,1.0047615777274186
3.185139724548136,2.236819031115099,1.4575178653772556,1.289312128324259,1.1286484876172367,0.0,0.0,0.0,0.0,0.0,0.17492308382981292,0.4906043553653846,0.8614104768713416,1.270555782118594,1.5110337103385323,1.37235258187667,1.0622224438498433,1.0177488570345754,1.0039314018504693,1.0042065632299435
3.666133155413283,2.501384605172414,1.7175737209016924,0.6939623153944228,2.033066453679614,0.0,0.0,0.0,0.0,0.0,0.1753165178815247,0.50201782688248,0.8705545489333946,1.5277799090429223,1.2565528836507591,1.4023495097290732,1.0647391130684538,1.0157665139401815,1.0052995880430369,1.000289844285468
3.3415036080051146,3.421271515377698,1.0885051980170293,0.7938186806853311,0.5945572728407487,0.0,0.0,0.0,0.0,0.0,0.17439248727013318,0.4936305964252273,0.8499774373747385,1.2471762073336787,1.4918201041325987,1.3389766367025864,1.0458644416797296,1.0204157437890822,1.0028907865077574,1.0043532935408677
3.469214422500073,2.9332919947017406,1.8360293927420153,1.4656228609862865,0.7232274695876476,0.0,0.0,0.0,0.0,0.0,0.17912222057481092,0.5063398937265527,0.8609851935843433,1.2819522781478139,1.51969925667718,1.379282692204695,1.0553369673301032,1.018171368814635,1.0028232037411562,1.0042778370729393
1.7394232660397506,1.331677942641606,0.9199982617448788,0.6714663244581981,0.6528360668458065,0.0,0.0,0.0,0.0,0.0,0.1567938494629278,0.4489537358150033,0.7102246997047246,1.2164993309563938,1.496974227538853,1.4593115856044365,1.0566889432269744,1.0329752393735865,1.0051495949299887,1.0039878125808683
2.758742367903443,2.6017780298690942,1.0311922016031487,0.5459277140925645,0.7079161606257076,0.0,0.0,0.0,0.0,0.0,0.1655701884199764,0.4821535640172275,0.8600983285786346,1.4830965515195982,1.241214134594429,1.4233065024555638,1.0569628093973766,1.015290311803788,1.0045043300047503,1.005211781831919
3.049894486140666,2.1174311681280114,1.4134481132424257,0.9906394595644168,1.0339282179202047,0.0,0.0,0.0,0.0,0.0,0.1774785889994905,0.4544513892950175,0.8274670665359279,1.5335050840415847,1.31535961797604,1.369705505530474,1.0660823687654095,1.022682605102918,1.0040446012893425,1.0050563865121125
1.4577423928895983,1.0272912953649143,0.7042274848455566,0.5754398017785354,0.6274076736015713,0.0,0.0,0.0,0.0,0.0,0.15938276493599457,0.4183262318254527,0.6951634661685698,1.368735803565487,1.018212841151578,1.4706608700524566,1.0601811306734776,1.0243311443173173,1.0036769420822806,1.014075743691335
1.5948058345049985,1.3268991090964066,0.7407587716274586,0.6619885036070409,0.9998176163242087,0.0,0.0,0.0,0.0,0.0,0.17663760862534472,0.4717082991662688,0.8185575390111176,1.490408953034819,1.2218280871301828,1.3951660541386213,1.0533888749388043,1.0255259931342746,1.0036719660673792,1.0076522223440458
1.0862162356572689,0.4743912993738263,0.3367316576319682,0.2953541222966766,0.1702596483337408,0.0,0.0,0.0,0.0,0.0,0.20717745189796535,0.5407058063446943,0.9675870594293596,1.2524076427344264,1.641748028956467,1.298235280221896,1.0581956107426689,1.0115786909647326,1.006806992959811,1.0037494676704655
13.074864395991636,7.117578004017679,4.94510545688627,5.0905363449099434,4.051782160362092,0.0,0.0,0.0,0.0,0.0,0.18963775187738705,0.4532966863717824,0.8133202364410972,1.2590163541967452,1.6340141875610081,1.3205931910725044,1.0685063923840494,1.0235269913363982,1.0106302901557638,1.0042742922611425
1.6762039708106418,1.4334371939219508,0.7426907075286554,0.5490702250739545,0.6266841842639492,0.0,0.0,0.0,0.0,0.0,0.1880420800306915,0.5563220916207211,0.9901041975990373,1.3760338379485044,1.6226218868954685,1.416644646566723,1.0505226208007425,1.0077924579642996,1.0014259039357754,1.0020394722424253
1.154690808451455,1.1482386445365838,0.5852218636959856,0.559124051415145,0.1762198337045322,0.0,0.0,0.0,0.0,0.0,0.189798139713185,0.5308598803988397,0.8677354521980999,1.3048948917326397,1.6555651599064627,1.400305049840528,1.0470973439154294,1.0184994744661582,1.0065449419485857,1.003290392869615
19.814555094622285,14.745848605162303,7.094133300250682,4.450428016927302,6.037436934767652,0.0,0.0,0.0,0.0,0.0,0.1745610909842231,0.46699518269253015,0.7611700662576456,1.5461092654103643,1.290658185816534,1.3168998266101437,1.048167445343517,1.0328041570628916,1.0035683513743179,1.0039819815725082
1.8085366651171668,1.3929147411061567,0.9249736995246689,1.22252156334659,0.8223360613109432,0.0,0.0,0.0,0.0,0.0,0.20566833591117087,0.5116717514404515,0.8882026614168614,1.2081478427551757,1.532948494366491,1.3359572682573317,1.0580482318876707,1.0142315395779136,1.0070731841292004,1.0057233683037494
0.8150335914342681,0.6206247812024871,0.2981697205930957,0.488329682981323,0.19837153586901707,0.0,0.0,0.0,0.0,0.0,0.1745727688845865,0.5441899421179544,0.9182601568025598,1.2653439263623536,1.628959230784193,1.4307218193641482,1.0388742760906176,1.0139356568312117,1.0045316100796993,1.0042992304469314
4.852540520072037,3.8027641673520405,1.9568959629608595,1.6318607746829312,1.0917983928287092,0.0,0.0,0.0,0.0,0.0,0.18358265677267097,0.5232763119224965,0.8885172468413167,1.266249691369469,1.5375767852523068,1.3605924660118767,1.0508006237896133,1.0124035634827113,1.00672351314888,1.004590316267325
8.943585506912902,4.821460092880711,2.8069266704948164,1.299040904822101,2.8742180552806134,0.0,0.0,0.0,0.0,0.0,0.19382878611461782,0.48113439792528495,0.8694465549812417,1.6180597468366844,1.237002469613749,1.2756973072091689,1.0693058878091855,1.0239530928382448,1.0042991729078454,1.0044082871828581
11.674335520132383,6.262037369339117,3.1887569578000345,4.026725063296323,3.1633020031612586,0.0,0.0,0.0,0.0,0.0,0.17545462991269206,0.5083205422616555,0.8733578380331336,1.2784389514747692,1.5541770822944392,1.3528190207769208,1.05919669937958,1.0233889499641702,1.0056181120943237,1.003990477121203
0.7956002099681744,0.9097073169874829,0.7963749865563445,0.91917074350185,0.7267489160927761,0.0,0.0,0.0,0.0,0.0,0.1976748080726891,0.5179517510809596,0.8765118436844951,1.3077548339014926,1.5772292694995629,1.4367833656203168,1.053211351541342,1.0233276926910082,1.006097016244943,1.003161210334615
0.6274412429943566,0.4019048483711651,0.27123094833038686,0.21787412452570712,0.22112283556659323,0.0,0.0,0.0,0.0,0.0,0.19325113156670992,0.6269027090135775,1.0550071959258165,1.340886203812647,1.5871368621544921,1.4078283917289212,1.0374704398602395,1.0018760196260066,1.0044115032117675,1.0024673413532121
3.7258954319661726,2.283801549399782,0.9818221428646894,1.6250133650939453,1.2984698785169357,0.0,0.0,0.0,0.0,0.0,0.1989011615675631,0.518373956491116,0.9197531599394304,1.255078705958774,1.6088091559747104,1.2763389933483555,1.0490055172497295,1.020844697251114,1.0025847477381462,1.0032940846211262
30.606154789424572,11.417653785630327,3.142055819344302,1.5452052279502357,2.306114086039949,0.0,0.0,0.0,0.0,0.0,0.1594132405302523,0.4440434127318975,0.7138070163356116,1.4630906128336632,1.042564325006947,1.205101617769785,1.0328051204170887,1.0229746658073595,1.0063403878242605,1.0076192653919585
8.158318838305753,3.130112139870465,1.786984837842057,1.9563454006411576,1.8374254897776985,0.0,0.0,0.0,0.0,0.0,0.17156605439937025,0.5680105956638498,0.9728574276661598,1.2759323865132957,1.5186438636469857,1.4133315585066375,1.0460170446153305,1.009034822089087,1.0038216240738504,1.003975950067688
2.61514405883355,1.8542775752294964,1.3260451953871295,0.8890924863776342,1.1521334750308112,0.0,0.0,0.0,0.0,0.0,0.1802935510502781,0.5215978508689003,0.9067433460675237,1.5811178962364416,1.2877530603262637,1.435577230853314,1.0634774691432591,1.020668028384674,1.0040158880742718,1.0077880094668796
9.666229551316636,5.672253524643821,4.281565592579449,2.808862926374357,4.182781794930448,0.0,0.0,0.0,0.0,0.0,0.1736409085340332,0.48203575064687226,0.8408913651119885,1.5333452065731816,1.2606144859520614,1.3666978422757872,1.0659165403802462,1.0226765726416496,1.004115292959828,1.005106297284806
3.0955225997107574,2.78297910458028,0.9431886670810083,1.0839337823355624,0.8344238605820135,0.0,0.0,0.0,0.0,0.0,0.1972256633080526,0.5584936337786913,0.8645587192304269,1.2216471592347171,1.523222935364479,1.2925576655221407,1.0378465260099046,1.0208489561794594,1.0027942833993677,1.0036201305033527
3.2985446263627862,3.80393359319658,2.1533572126748277,1.863377337673699,2.262901546385075,0.0,0.0,0.0,0.0,0.0,0.18107026594349904,0.558759537810048,0.9617072385515363,1.5746306024756447,1.3309350603579397,1.4958022725704134,1.0387283053281446,1.015878396071337,1.0029138266856044,1.004630760312267
2.956934229512016,2.472692628826541,1.1638177059028203,1.2099121629073797,0.9005893469900309,0.0,0.0,0.0,0.0,0.0,0.17038413032200825,0.4821655818560155,0.796197265538038,1.2391362118539726,1.5296894222898583,1.4277667318921523,1.0499708655262545,1.0303782189287105,1.0055955465107038,1.00508791488492
3.2410510700432615,2.72525131430541,1.9121098157237344,2.160964084385349,1.4740663096513917,0.0,0.0,0.0,0.0,0.0,0.22820101609346433,0.6039524912974865,0.9556979841272338,1.2425859803974144,1.5299925156583516,1.3031175948549145,1.0349918477525875,1.0038193442036296,1.003659495591798,1.0050223292848013
6.105723081317658,2.912429623869539,2.6669520273610288,1.1870029935035142,1.8131027452106423,0.0,0.0,0.0,0.0,0.0,0.16074078253246427,0.43347670449936576,0.6715131355493705,1.4129439563896111,1.0264421913231176,1.354173038458334,1.0558244118216447,1.025278855145424,1.008645546105506,0.9972685728757894
4.110238196270937,2.194769416346865,1.5970569875559975,1.0413529801906551,0.5881981156129699,0.0,0.0,0.0,0.0,0.0,0.170024103842703,0.40541404051196694,0.7090687812802471,1.0696308193252204,1.4923659867046914,1.2760925491857629,1.0659281859441603,1.026598151970836,1.0083822089977583,1.007448775826583
5.0743922392965235,2.24027047472131,1.2956999689190358,1.197687231416634,0.8080738576693139,0.0,0.0,0.0,0.0,0.0,0.1706664542669349,0.5027318913766217,0.8260396831966874,1.2784834373941554,1.5284118081003817,1.2952724424796667,1.0498534242182176,1.028549481213433,1.004929115072036,1.0049392018961654
3.040106934248956,2.5087728696928444,1.3205210528460836,1.6149302434744368,1.1756674395245272,0.0,0.0,0.0,0.0,0.0,0.17205417060889097,0.5626804270766717,0.8509096919617823,1.1893560439983235,1.4520905844460406,1.4489669581831865,1.043605126903497,1.0185950371173755,1.0014865475632528,1.0036204942524583
3.585937990826558,2.7657556275574358,1.211060570640559,0.5636633392924069,0.547373394025166,0.0,0.0,0.0,0.0,0.0,0.17815656372337277,0.5611921531087632,0.9378755899653078,1.498217087995804,1.2363659715075939,1.3602470741645363,1.039936837397681,1.0112414534520675,1.0043047354479944,1.0034467307610155
4.603414453905745,2.3664236820074787,1.3601384753592463,0.7910296088838458,0.8364322337175676,0.0,0.0,0.0,0.0,0.0,0.18331137485682658,0.5627514594116858,0.9352707933311478,1.535766922314265,1.2714985979154232,1.3662769885464132,1.054651846321283,1.0152188488966931,1.0042604321558466,1.0040963133914098
1.9263406478419611,1.754105471633099,0.8572975692725354,0.6683322497032924,0.534023090124635,0.0,0.0,0.0,0.0,0.0,0.1799239270470122,0.5549494663457931,0.9644590666382842,1.2882160752402216,1.5685693579724658,1.4219997409602405,1.0416459145051218,1.0133912779619005,1.007275886536241,1.0042478729732742
3.0422417701910835,1.5567158121595324,1.4605637834176435,0.9276437931654838,0.8468673476837058,0.0,0.0,0.0,0.0,0.0,0.16180631887700536,0.4652508308768126,0.6762265992314513,1.0384299345766255,1.4482153511827975,1.3534417577889803,1.0463898555837579,1.0246390859772507,1.0084646865330495,1.0062070919920054
1.7708792338985433,1.9956924870374753,0.923145401599105,0.8456281536494463,1.1794793528613776,0.0,0.0,0.0,0.0,0.0,0.19156409885531156,0.566154943077976,0.8995291771348993,1.512086007030077,1.2952930800267883,1.4346974856945558,1.0351909105241592,1.0206481259349396,1.0045352529781428,1.0031169010244088
12.868348929016733,2.9359385500651216,1.1859150102421032,0.4776056159192925,0.6551218560043173,0.0,0.0,0.0,0.0,0.0,0.1516029329133872,0.43995986395975956,0.6864046928482471,1.4381958997071826,1.0751404085876857,1.1885814694484709,1.0380719221729278,1.0174749155848584,1.0081776840129935,1.0125634131194123
1.589092329594146,0.8605203930875074,0.8432494644522357,0.7341882463223366,0.43559332109906135,0.0,0.0,0.0,0.0,0.0,0.1636393096607255,0.4313623321114007,0.7783877256074597,1.2351292624050065,1.5460464876112872,1.4463611359070816,1.08984206538613,1.030950236165019,1.0061418740211943,1.0046854815337036
1.5575262352448729,0.69387673908664,0.43659477183129847,0.28816540675379143,0.19233594668545606,0.0,0.0,0.0,0.0,0.0,0.17485852135307423,0.5079023590613685,0.8601602461357628,1.2476310449363215,1.6143311338509265,1.314419284001777,1.0500131356275133,1.0138647267286542,1.0045091693719086,1.0032102207527862
8.099296409598736,7.262889942673906,4.987687392254115,6.282933899696805,3.1345398590677136,0.0,0.0,0.0,0.0,0.0,0.2414486516748915,0.6236719911635193,1.0239818834856151,1.3987460436651138,1.587079798386308,1.311196163861055,1.040675851685816,1.0118449745799876,1.0036968088639624,1.0029405328403576
1.3764616382433867,1.2240614025351775,0.9996419631767506,0.773497280141082,0.5028282073907542,0.0,0.0,0.0,0.0,0.0,0.21533619539954862,0.5348435380650546,1.0286715319390984,1.3669346648616194,1.6149420462959652,1.3507835111484208,1.0522690709502474,1.0091458585186492,1.003175140872976,1.0033118738407198
2.730879430772923,2.019745069759149,0.8933071894536718,0.24568502659514646,0.33729034345401077,0.0,0.0,0.0,0.0,0.0,0.17340193533156045,0.49089519340910426,0.912544047168622,1.544267963993573,1.2636858678634633,1.3125274158431133,1.051115908314764,1.0106257623074675,1.0036479630842339,1.0068346339331555
13.572810786675365,12.921066683793834,6.571911251779913,4.276659917331955,5.344365180324178,0.0,0.0,0.0,0.0,0.0,0.18346106152375286,0.5550197942698579,0.9562250839312737,1.5307868224465708,1.2974724790694419,1.4044810044541254,1.040445375893298,1.013171476779911,1.0032191480689732,1.0037170430980091
1.716132330292654,0.8814525508009531,0.7924536645627738,1.0847461870051838,0.5420002240894422,0.0,0.0,0.0,0.0,0.0,0.17866892128784265,0.4671529306880156,0.824249460606029,1.3139246063014955,1.585514681757107,1.416090458228233,1.0825119056044974,1.0286948321011358,1.0074463434702885,1.002818489444209
2.504406556381357,0.7706550333247575,0.3003109485182824,0.41417187417147616,0.3612535335113757,0.0,0.0,0.0,0.0,0.0,0.15801251139084255,0.4924730607649805,0.7826034626947665,1.2074156817424355,1.4666175610910317,1.2307609579246157,1.0399189235288908,1.0303065892138925,1.0049232120048037,1.0049994223483594
5.007142010194419,3.121977447143012,1.7812628848022551,1.5517036950098047,2.2949133555159156,0.0,0.0,0.0,0.0,0.0,0.18472395718354992,0.4851434203879603,0.796951319424085,1.0904564046573602,1.4536745642997957,1.326031704251044,1.0500423805924017,1.0208872204148907,1.0120264437986688,1.0048026776454697
5.934009915259276,3.134022017890704,2.151597984642218,2.1560699270263206,1.516293192860439,0.0,0.0,0.0,0.0,0.0,0.1874811948112964,0.5471771564131301,0.9323910171175039,1.255216780498912,1.5599488946382583,1.345224250089106,1.0596017768322172,1.016805491537569,1.00070193203837,1.0045473290773095
9.211240933098447,5.113546635938926,4.465563271741816,3.3761867832332926,2.6723663230185766,0.0,0.0,0.0,0.0,0.0,0.18268506423234787,0.48115872214677297,0.7746041590052426,1.457850297674764,1.1567232099701954,1.3432617830896976,1.0576331724403643,1.0193322152258568,1.0043302365948423,1.0070085259991428
0.8042155067644707,0.8600813478143252,0.6771896731296376,0.4856343554547989,0.7196623080013191,0.0,0.0,0.0,0.0,0.0,0.22565384228247162,0.6039601895126117,1.149374320023587,1.6218089059490028,1.3697390553908737,1.4290439461670386,1.0628862003113626,1.0091822293139563,1.0024469824024613,1.003611218594122
0.6825075259388287,0.4135341947370722,0.2371237240236015,0.27720915984872463,0.21587451647632488,0.0,0.0,0.0,0.0,0.0,0.16970334666141618,0.5303346466164078,0.9596224489837203,1.3050100476577469,1.6427607972393807,1.4448081756236253,1.0658484658812273,1.0159149212366114,1.0055171714572353,1.0031951560380623
6.046935308033327,2.143666099693728,1.3995762405821868,1.459303175527357,1.169317005798651,0.0,0.0,0.0,0.0,0.0,0.17654096358186538,0.4513718322801849,0.8150579877232609,1.2600361223087164,1.5921170272167422,1.2803260303358335,1.0781938978498657,1.0199186843215298,1.0058254847987693,1.0031995110752396
237.39932267092863,42.87512496982693,2.5408980028426407,1.8320898300579667,4.74726334441949,0.0,0.0,0.0,0.0,0.0,0.1474430737472648,0.2409783880266147,1.0081943400329847,1.33947048431197,0.6348711355062129,1.0571083686205593,1.083388349813187,1.0109203098148258,1.0073156296222625,1.0354862137893794
12.269622616279332,3.2765722010531753,3.1016493861216374,2.152462235920188,1.358452320905102,0.0,0.0,0.0,0.0,0.0,0.1854854867507816,0.40738513324388015,0.7297706172936098,1.1699332907332751,1.573858858914705,1.2271533091874343,1.07650854525886,1.0334145199935214,1.0124859843766736,1.0052715273120418
11.40448297953741,3.1065251412640236,1.8813362581447215,1.2259099491368504,1.4265342612019323,0.0,0.0,0.0,0.0,0.0,0.1907055482280758,0.4196022701133365,0.7501400322389494,1.4209302943438282,1.0793774100870244,1.1962910735962844,1.0708780998286163,1.0265830649625236,1.0070662338297094,1.0126969494988567
15.313797911925496,12.759611829837109,5.4232701336090035,5.765152738388522,4.217735170758166,0.0,0.0,0.0,0.0,0.0,0.15100076075016172,0.32660607116534074,0.7206008516525597,1.4502928056123636,1.155853810583674,1.5079783666275368,1.1189620113865966,1.0434896232548023,1.0031575204978063,1.0127770623499666
4.460119072238033,1.3526051467253448,1.3538370738656087,0.7119085158497651,0.8187627474236292,0.0,0.0,0.0,0.0,0.0,0.1670823303010599,0.38696308874339014,0.6941289225804953,1.1424027939010803,1.469765519924088,1.2885730886479483,1.105531716970535,1.0317618580450383,1.0154992388695894,1.004232805482906
5.767401747722242,2.395814449222783,2.17738646058489,2.0040240330835064,2.2575400962768852,0.0,0.0,0.0,0.0,0.0,0.2292903378638383,0.5279880295656046,0.8805647671342574,1.511927543153828,1.2225948195878438,1.209439455251001,1.0518067919341143,1.0153223985480873,1.0049126477079322,1.0083325189980326
62.153415379389365,19.109524766254797,4.627776321347541,1.2394812975526825,2.579694356045713,0.0,0.0,0.0,0.0,0.0,0.20494651644113895,0.431652983481813,0.7739499642754887,1.6155638427349042,1.1755892761379925,1.1342185907641857,1.046366717799923,1.0275677489546777,1.0051094026159415,1.0124822292729097
6.463113294966773,3.603578709430914,2.604307799876127,2.568919118153416,1.090806599546466,0.0,0.0,0.0,0.0,0.0,0.2120136206531719,0.5291766969459336,0.927615110222828,1.3365074117640499,1.6561605224911151,1.270512685200376,1.0542029434370226,1.024093399468715,1.004213286514467,1.003068598719401
9.492730029403038,3.384589189407823,3.1261928025407855,0.7247291476377736,1.2809527482940655,0.0,0.0,0.0,0.0,0.0,0.20362135408164164,0.5319959829929517,0.8041734378228848,1.450207577545166,1.1015194478058754,1.228370396602763,1.0397948294045118,1.0080548705492596,1.008890206577199,1.0120663663784508
5.577301218151797,2.261148200121865,1.6820479248028952,1.0128847346374026,0.6383126660271614,0.0,0.0,0.0,0.0,0.0,0.2234504146690826,0.4551419059430097,0.7670366371940991,1.0266595380304329,1.452892527418067,1.1590391644509184,1.0576632551239649,1.0150449789413665,1.012831120810236,1.0069823999859373
8.935835226613303,2.312933024323183,1.8207712839971102,1.106172597199485,1.2681861931345677,0.0,0.0,0.0,0.0,0.0,0.1613714131976086,0.41742817579914476,0.7662950574704654,1.462310051709651,1.1025907024173267,1.2859973388917787,1.094966703474417,1.0204872853727636,1.0070906623391809,1.0132082560235094
8.115115168814333,2.6783897837993633,2.5368282255172394,1.3839247074178058,2.1892821813743586,0.0,0.0,0.0,0.0,0.0,0.20063154603042174,0.4448719580493884,0.7046151924976589,1.4363799993065733,1.1323582161676033,1.2128151606262416,1.0674195354684646,1.0287338773413481,1.0061958950683638,1.0118146041348826
7.2001810105974,1.6627852849552252,1.4629873390444588,0.6448119428560684,0.8148181757015063,0.0,0.0,0.0,0.0,0.0,0.1906048524991299,0.5712642175326045,0.804992205338694,1.444518709709264,1.1064896590944624,1.2513503422695655,1.0365869447967122,1.0054626437713345,1.0072778096172266,1.0113344871171657
6.538458765531992,2.6001295694143396,2.0095144609830933,0.921668502696909,1.3437987211036555,0.0,0.0,0.0,0.0,0.0,0.20568371248671177,0.48746839546748605,0.7744184926978998,1.460939022606148,1.0855760140382205,1.2335519517255138,1.0510355979910204,1.013446819226438,1.0075066569561164,1.0140887381989347
2.9318226894065402,0.9409859124643187,0.8946684754558836,0.7364091578871513,0.4644852509562229,0.0,0.0,0.0,0.0,0.0,0.18034362883544086,0.5033544570207595,0.8176839003966719,1.211145286035741,1.5628887842787362,1.3144302633852698,1.0576408921038867,1.0187673865187135,1.0086548921680532,1.0052433110016468
6.316132885644298,2.0667267985716173,1.3867079829281517,0.6195997938330493,1.0707551518190055,0.0,0.0,0.0,0.0,0.0,0.1960849342616817,0.5686355078723186,0.8303034315009367,1.4459673432208384,1.2169922366965158,1.2576663296249886,1.0330872083228742,1.0077479080375096,1.004557201383702,1.0047915745669287
4.793126203992474,1.9556074231796234,1.6788107569133963,0.8181844448925203,1.1609900377847633,0.0,0.0,0.0,0.0,0.0,0.16435798737716556,0.3537099652475026,0.6811290425370182,1.4185060679281483,1.0254271506755246,1.2890745237162864,1.1024949747580255,1.0267480998371419,1.0038883843660442,1.0142581141309264
25.59287047311382,3.331313087009088,1.1618005047234068,0.35492832236450234,0.5596679352417013,0.0,0.0,0.0,0.0,0.0,0.14791313045881388,0.3062721138968081,0.7107243812363636,1.4672053457020995,1.1063754378549293,1.0830732506874283,1.0996329507495686,1.028224571762163,1.0071866411648214,1.0138363145057192
2.294531999513148,0.8435122532832668,0.8162223684473794,0.9082141717441494,0.5693815848276153,0.0,0.0,0.0,0.0,0.0,0.22538915306470117,0.5885901128069252,0.8435695139711631,1.2389897796497455,1.5402056459794402,1.2514165897600145,1.033986173428414,1.0159664370971546,1.0058944507936645,1.0038457348564789
6.241138295493938,1.8850480829584106,1.1780545534887437,0.24849924568224768,0.4472681454270332,0.0,0.0,0.0,0.0,0.0,0.20340095646139655,0.44456983666934463,0.6947930313580387,1.5610625561354587,1.1626743564466506,1.1492320218626733,1.0455447311816122,1.0284821810037528,1.005202699489333,1.011705338461426
23.65210601400001,13.510898512247621,7.330293949023345,5.986696903091596,3.795261248867553,0.0,0.0,0.0,0.0,0.0,0.20749255008534104,0.5343444196659918,1.0297878186988139,1.4095479777932212,1.6709339277918354,1.2823141469218557,1.056456445886297,1.0177572562620059,1.0045933131914793,1.0016192733957052
3.226864553748741,1.2715785982073664,0.9493593129510313,0.7073136111776146,0.6940367094653613,0.0,0.0,0.0,0.0,0.0,0.21604378256354176,0.529413704725277,0.8364239375169217,1.237529136229374,1.5924697893607758,1.2280376274460176,1.042776879948244,1.0190365880701964,1.0106682093549177,1.002683789070385
6.521731580842394,1.2683317950361945,1.0233148541271107,0.3635390759444789,0.27718161976217875,0.0,0.0,0.0,0.0,0.0,0.165255405359959,0.516522888667351,0.8525899736809412,1.2604482589788075,1.5747539751791408,1.2389603579121193,1.0549917122582202,1.0132342729017572,1.0077955788721138,1.0048833816975997
24.39810344331331,8.349470345186987,8.318937781816427,4.585056878529191,6.465114719165159,0.0,0.0,0.0,0.0,0.0,0.20639757352415966,0.47035734891849357,0.7586217526098252,1.4322690081525415,1.0790129069371421,1.2222819122065642,1.0682195799485537,1.0110749465736648,1.0061682905419447,1.011327960462216
6.312035722592047,2.31853430261524,1.007635659557653,0.8603877891266822,0.5832721115922849,0.0,0.0,0.0,0.0,0.0,0.1869590546187774,0.5413145649160198,1.075709827813342,1.428119831126586,1.6562253117262469,1.3197141674938486,1.0583084133694023,1.016836418038335,1.003641784943839,1.0018300669016678
4.020432586305487,0.6176028537685397,0.3801316977310095,0.36800489109764456,0.18548463769974488,0.0,0.0,0.0,0.0,0.0,0.16310559499349672,0.5703634610426345,0.9893869835688075,1.402508945914154,1.6821895066599484,1.2892994885869118,1.0554740795114819,1.0184534719941585,1.006055966059179,1.0004789521137119
5.489892435736809,2.7468967895534875,2.272700919522712,2.1134966558857564,1.143046307771177,0.0,0.0,0.0,0.0,0.0,0.21833728077913755,0.563987593198406,0.8286591081395097,1.2091737008170658,1.561132664380564,1.2521043447222338,1.0334955161606998,1.0116403521697361,1.007866954320657,1.0049920219938295
15.701237326005733,5.888927238850527,3.281146470158467,1.5145153466988102,2.9104231655609234,0.0,0.0,0.0,0.0,0.0,0.16950665514659694,0.40099096096170433,0.6480740206973622,1.474216393206564,1.1274494819107044,1.2563605444572647,1.0650432020544558,1.0301134106606067,1.0082362378803589,1.0114512593172222
13.306497607658354,6.688356869320546,4.166390928812973,2.5026045070113283,3.3783833454184573,0.0,0.0,0.0,0.0,0.0,0.19395959659956172,0.510129013442566,0.7965496492144823,1.5345447224836606,1.1278780363035894,1.2770728986696025,1.0432955429605495,1.0121585110883269,1.0053256015970533,1.0107519578667243
1.5421999200812522,0.9305496291142024,0.4473487215205406,0.6113108657271511,0.6683215746656785,0.0,0.0,0.0,0.0,0.0,0.20837303431945994,0.5754998662455226,0.8782541454477848,1.2399688609840864,1.52023236626012,1.3194822771532184,1.0381954446093469,1.0207626639917753,1.0086832779156618,1.0032003733258075
0.9655660097612528,0.5157199037568536,0.2493747903273314,0.19302487059886264,0.18804029180862472,0.0,0.0,0.0,0.0,0.0,0.17992798444750607,0.6399054727012575,1.1637304566667674,1.4519210336668025,1.6755113357091782,1.4915525425431528,1.061102428599002,1.0101659857090524,1.0043429677306817,1.0018115371042942
4.761943464744695,2.1177152859493367,1.367323818104944,1.1728005491488218,1.3063230136715993,0.0,0.0,0.0,0.0,0.0,0.17281113490835215,0.534019689048972,0.8453401945494785,1.2568236808977122,1.5675503122051124,1.341882749078184,1.0462456411096843,1.0169932407958364,1.0065392419586352,1.0036123642162358
0.0,0.0,0.0,0.0,0.0,0.0,0.0,0.0,0.0,0.0,0.0,0.0,0.0,0.0,0.0,0.0,0.0,0.0,0.0,0.0
236.72886048124988,58.014998936757294,6.8521041167176575,2.8014868951618603,2.3502957560890225,0.0,0.0,0.0,0.0,0.0,0.12368236757160223,0.2575795809343716,0.7210766483401239,1.4609931489598549,1.1727589555546776,1.1293237167541357,1.0144195911677478,1.0328896002007897,1.0052634069324413,1.014556422733652
242.3241582109848,55.76300211497746,6.212947889251916,3.788952384698482,4.562589718369238,0.0,0.0,0.0,0.0,0.0,0.12333106685999036,0.2610471562221217,0.6315606916690835,1.4100713133608742,0.9136516288196022,1.123625421147522,1.0113085690966375,1.0409227192448434,1.0044132262647774,1.0199300027801428
154.02302145023086,37.92543561096779,6.781736116641371,2.178437163575285,3.0759808179724244,0.0,0.0,0.0,0.0,0.0,0.1250434306613602,0.2569310903805628,0.7696278045155037,1.6490080291001625,1.3386458310462728,1.161509163989999,1.0420916843584196,1.0327379816844162,1.0027932255347896,1.009552279920855
184.41770021185656,45.120934712944816,5.342388344216296,3.6703719505674774,3.859171082285868,0.0,0.0,0.0,0.0,0.0,0.1246856563020996,0.2547183314700268,0.6662945274361325,1.4259307522328986,0.9376602654360796,1.134910108649837,1.022271701426647,1.0336319457309937,1.0057534023762467,1.0202477656616034
79.06731019785383,16.098745104308076,6.833629850607002,3.888973557274234,4.831157634163091,0.0,0.0,0.0,0.0,0.0,0.1280844514078263,0.28976110465606997,0.7186958087912919,1.213955003234839,1.5270102552523992,1.22308645220615,1.0909646631300727,1.0427170114966071,1.0102208833127242,1.0035562403920844
156.6667083267251,44.69983288613488,5.8723452831941145,2.395187696480467,2.7919260125124286,0.0,0.0,0.0,0.0,0.0,0.12412585585099427,0.24971020490783857,0.6869567403073121,1.4879198522869708,1.2166731510465747,1.147984785420841,1.0238347023851164,1.0404010558507186,1.0043203104276395,1.0101039754505083
178.1868432309253,47.438736745304254,6.217117605441565,2.0779695523471147,3.021715072954531,0.0,0.0,0.0,0.0,0.0,0.12462609823609506,0.25353890313063654,0.701690160290462,1.6293310912199594,1.266217603902692,1.1393154088585402,1.024410666861702,1.0418289104935323,1.00400585566633,1.010569800075643
104.76873277284733,30.15102766283017,3.1600308327993405,0.7652425353227451,1.3544227227904178,0.0,0.0,0.0,0.0,0.0,0.12317573013771826,0.251739210485976,0.6832519047566239,1.5662283550376377,1.232222968638685,1.128831571028564,1.0093330351757817,1.0362333161314432,1.005948250548925,1.0086885430524157
40.5451930889847,9.091684523838804,2.2224129772980366,1.2752080817020786,1.4176812175578515,0.0,0.0,0.0,0.0,0.0,0.12307452156545898,0.26241273899155193,0.7405484453151624,1.4729139931809683,1.212431745842941,1.1912188071482133,1.0455938861399428,1.0338164668874887,1.00448169150387,1.0065254894030684
76.73985499997379,22.023515457787887,2.165230239771013,1.0256917348675887,1.1000421887967884,0.0,0.0,0.0,0.0,0.0,0.12286078185705972,0.25090595832302903,0.6920263560079916,1.4782584005162371,1.188480628457635,1.1373523925731683,1.0106553519964907,1.0391833681595712,1.0052942550436677,1.0092836090824258
37.90123089210651,2.5631795467859773,2.2950061858769555,0.9014547689079915,1.5888111553029678,0.0,0.0,0.0,0.0,0.0,0.15105586687142902,0.6555204307558965,1.1687388278562174,1.6569478573935754,1.3649643567005463,1.311540591051723,1.0520425721162066,1.0080294435420367,1.0018936396699334,1.0023964857028418
23.782251434291293,2.108813647185894,0.9299387559465646,0.40880861175325556,0.6967553666387752,0.0,0.0,0.0,0.0,0.0,0.1497094256584082,0.6326508432401607,1.1939963377999694,1.6605256426472614,1.4448431414181795,1.3672193425628343,1.0618423843160496,1.0087038108683348,1.0021749275603933,1.0018923938161068
29.404423206171735,6.57028846877987,1.4311485107877975,0.7113542366871233,0.5700305721048546,0.0,0.0,0.0,0.0,0.0,0.12627340858705288,0.27704845531026573,0.7808618052712898,1.4792915608892903,1.193278477175755,1.1796749750755815,1.054154017474627,1.031326122343602,1.0031552240314445,1.0078044587785677
60.65676025596753,11.517727072225078,1.9757548954143673,1.1694456576759245,1.7372686284717056,0.0,0.0,0.0,0.0,0.0,0.12292690784518065,0.2731284811288421,0.5369235835688206,1.436491688711243,0.8712271080594013,1.1310325369422014,1.0170596799100218,1.0344356590367032,1.003116368778566,1.027283508722357
16.80113956486182,4.788976225707056,1.6818463412997864,1.5707699804473674,0.856685101150602,0.0,0.0,0.0,0.0,0.0,0.12350502453543938,0.2709725725320478,0.7293989937449337,1.236439539780809,1.5886146622082802,1.3226279274689814,1.1091804083829868,1.0410029338570332,1.0084504016179063,1.0029475443363214
35.07847008723549,11.011869119076838,1.7627953119118076,0.46072128432107784,1.0015793944425773,0.0,0.0,0.0,0.0,0.0,0.12158176753576064,0.2538068147772963,0.6815587317532308,1.6270607213854011,1.2374953811199527,1.1783330472885722,1.028597773473822,1.0418498608550761,1.0036524929471295,1.0084942302713573
7.421762148454294,1.7276896064791287,1.6722197178400726,0.8366052268955351,1.089747410127249,0.0,0.0,0.0,0.0,0.0,0.17059230974561315,0.4526093222857093,0.8506074226942563,1.2186101196192087,1.5485687817149334,1.2151704158764267,1.0690902333341026,1.0156881332809733,1.0097166122903127,1.001018136439129
18.182328651962468,5.462951664969927,1.4761413663465737,0.4444503800111743,0.7878022641147464,0.0,0.0,0.0,0.0,0.0,0.12839867417744716,0.2608932456263485,0.7033141946516079,1.524820671134607,1.2252930872189411,1.2273925085966024,1.0795311177454145,1.0485685832946428,1.0064358111944538,1.0097881929068149
17.17784129894526,5.209218640548933,0.8440208145455383,0.6084901307306125,0.567889264480427,0.0,0.0,0.0,0.0,0.0,0.12498254776865343,0.2538215275103037,0.6183561369592276,1.2098228687085246,1.5098498029595337,1.189964618811203,1.032455357179982,1.0514449035848312,1.008983460216063,1.004844492859023
11.669291714688597,2.9999453536744687,1.1774633501068945,0.5766063012292032,0.5108379958835203,0.0,0.0,0.0,0.0,0.0,0.12631882605702555,0.2778833016023917,0.7534793264144263,1.4748461800915944,1.189764692520341,1.2412782205466404,1.077268547208323,1.0241426126836892,1.0027428739968807,1.0100565970681574
15.84105234300078,1.2423004533457174,0.8300360329418316,0.25823386500027584,0.26927038030294226,0.0,0.0,0.0,0.0,0.0,0.1529949923341009,0.4748355716010123,1.1940856853139232,1.6483999745659332,1.4363061498843115,1.2883651258907782,1.1450756870620558,1.0053298608678956,1.0017449394275102,1.006089242912776
48.058429473538354,8.16092701780877,6.062020350988271,1.8233029768746676,3.394916723285525,0.0,0.0,0.0,0.0,0.0,0.1680665777780174,0.49226718295187794,1.201222330669031,1.6399505032328865,1.4581385365620994,1.2953860904669783,1.127713402836996,1.0059177198464428,1.00232501367052,1.0011522622443227
1.4312253045627368,0.6715163199890765,0.7608364735047617,0.43263427147948513,0.3805782308169982,0.0,0.0,0.0,0.0,0.0,0.1798249521053561,0.5162821611467365,0.8711797136083466,1.236948691489057,1.5345619485869124,1.3402266793803272,1.057469921920594,1.0167034589920119,1.0075047539249469,1.00354011929239
89.36343731446009,7.38845368246884,3.651336478213218,1.985202453455042,4.154147543000772,0.0,0.0,0.0,0.0,0.0,0.14422540173809245,0.5669818657688299,1.0131898015529952,1.6158467969663453,1.3946526753100539,1.2984481649053647,1.0427470012241082,1.0176984195184384,1.0018815942328567,1.0018481560520418
4.806413172282821,1.1874555757322582,0.6297777314750131,0.8464547834936301,0.6346219314739491,0.0,0.0,0.0,0.0,0.0,0.13863613794903695,0.347579376961421,0.9101698586818591,1.3447741637788888,1.6385067961395705,1.3336453996079336,1.1243485450569177,1.0305544730105773,1.0079058819458626,1.002988770649684
2.572606623916872,0.59103799446812,0.7340734339186101,0.7137970271591505,0.3184858410069723,0.0,0.0,0.0,0.0,0.0,0.1653312528940838,0.5418554099050756,0.8220165076601558,1.2298692687242052,1.6249442982266802,1.3265816734913216,1.0599319397646938,1.0224153202575197,1.0059287689492737,1.0028236904296632
3.2156194142888497,0.7205955129061405,0.674593799178128,0.49399991827130163,0.3682574659176623,0.0,0.0,0.0,0.0,0.0,0.15158693938782175,0.5200538738491886,0.8409767701223759,1.227796388366365,1.4885109007750459,1.3950200984928804,1.0565513901734014,1.017860419795084,1.004722659948124,1.0019752402753466
6.640362814463147,1.7449451559655416,1.2616945092053595,0.3141016396674642,0.5435166664799311,0.0,0.0,0.0,0.0,0.0,0.13023119383038512,0.2914428710877848,0.7405817015160135,1.6052457091541457,1.1982607944524912,1.3025331568987597,1.10817662030235,1.0226543808506046,1.0043705862723153,1.0126489461438988
3.890468490021612,1.3716495975386593,0.4858007600875398,0.28364192655865017,0.307002600021702,0.0,0.0,0.0,0.0,0.0,0.1268955006832581,0.2667084161218509,0.7594971266191358,1.2180860158430409,1.5008269499918219,1.386659801097693,1.1419641338178692,1.0354667856122233,1.0090644293638897,1.0048436515082915
63.03126166097335,14.269613816417039,3.798732893826899,2.5101090050429335,1.1523866357185026,0.0,0.0,0.0,0.0,0.0,0.12749936167602727,0.27209971881787176,0.8250011925834454,1.3803684935538372,1.6573974709101496,1.2267936773887393,1.0869271234621836,1.0286357451286967,1.0056014963809785,1.0026653005621722
2.6866745808091035,0.6418231315030669,0.485572297086189,0.3708093785707745,0.19996328144841927,0.0,0.0,0.0,0.0,0.0,0.19252920963501852,0.7526757426639037,1.2178392336881678,1.4658044276169409,1.6796843636053915,1.3282116557801071,1.0403527359443416,1.0070860525190881,0.999703854141085,1.0012799680551274
10.256292148415886,2.4838040224250717,2.181194849183834,2.09859549212998,1.103051176740927,0.0,0.0,0.0,0.0,0.0,0.1598624051967508,0.5457342822497091,0.8272734751945506,1.274398536168181,1.6480866927515256,1.328406214949954,1.0423739012769104,1.0144120351005952,1.0060498837284941,1.0028556696162656
202.12711928163242,214.5427847786479,4.728670805186516,2.4751941580068455,12.633449760300229,0.0,0.0,0.0,0.0,0.0,0.09897766136171028,0.2216941586233049,0.7868956648639445,1.3713836677300126,0.5086372347178338,1.2945215553622678,1.046141687778093,1.019963640389654,1.012319279250556,1.019765579250405
175.5904906253649,188.78425708567795,5.234599699413076,2.626213085453344,14.171795537626878,0.0,0.0,0.0,0.0,0.0,0.09482239479508096,0.21712427854425217,0.7913741625658066,1.3664320408012132,0.515567314486289,1.3684240673091166,1.0490572345186824,1.0209426861250153,1.0122334783430127,1.0218867887229404
140.55285208282422,157.6000011633975,9.67478872683171,3.6810906999148587,4.347088486570106,0.0,0.0,0.0,0.0,0.0,0.1021725259140336,0.22558613597068422,0.5221965145394114,1.431770410689136,0.8083256026040913,1.3570225578357864,1.0523497882609074,1.0301279564011516,1.0098293976855135,1.0260957024706827
149.722387320079,168.40868194931664,10.74731286429831,2.8417014712190785,4.8667293082381935,0.0,0.0,0.0,0.0,0.0,0.09791101494343354,0.22250309872705729,0.5139209644565806,1.3975297843003514,0.7861010192192595,1.3462507523316403,1.0497639506804979,1.024219942179923,1.010068698968774,1.0186888953058306
54.680432247253705,47.02732651780205,8.863016908771616,6.305886921738268,3.277638595390293,0.0,0.0,0.0,0.0,0.0,0.11674722374742343,0.23416029810027347,0.5892806737982808,1.2293557937812818,1.6273121800631372,1.5518591584796764,1.1193285433307931,1.064294059689103,1.0098666079868035,1.0051450400652573
127.04527601866933,129.1282122450715,8.137583290936648,2.949795799617145,4.028998341828119,0.0,0.0,0.0,0.0,0.0,0.09400509503317651,0.22118567759520494,0.5188788323345217,1.3444968584895347,0.7794359739785016,1.3833684537580897,1.0534352555087605,1.0275698635259305,1.00973526800278,1.015697708093286
158.980127599804,174.08221757264977,9.73826909038723,2.827716739122598,4.001753938678691,0.0,0.0,0.0,0.0,0.0,0.09942686136686499,0.22433952878345031,0.5176317619296681,1.364117675473806,0.7782609800305255,1.3325037307039131,1.0500385918894937,1.024204222308836,1.0107206451751722,1.0194751538163045
97.03232621860131,101.84128382188533,1.42226588476086,0.7125585899347959,6.743616627863571,0.0,0.0,0.0,0.0,0.0,0.09879132243301911,0.22408875405325107,1.2178754697775178,1.5527636003881997,0.547328430366718,1.3370387674128483,1.0528744151477116,1.012234081799621,1.0061441724564644,1.0342174659122332
34.97484859571994,35.35204834176357,4.187439179647141,1.0400248089340611,1.6901304848148342,0.0,0.0,0.0,0.0,0.0,0.09995643701992252,0.2235512576506155,0.5539814879867996,1.5182392455230884,1.1546280974457237,1.4798636191903696,1.0678930145590575,1.0410612752941242,1.0061464751912694,1.008052136300967
83.90587884564135,86.33353627502883,1.5514849465031144,1.1212010430812924,3.6572691062503635,0.0,0.0,0.0,0.0,0.0,0.10429441329130293,0.2248116658102326,0.8377468619612235,1.3923935582092273,0.49939870983858237,1.233396377099095,1.0424859539981688,1.0181229167547552,1.0093067520061876,1.0184742193880674
59.93927444327936,3.8673518613610725,1.8693209697501239,0.6114996153276159,0.9468463166060272,0.0,0.0,0.0,0.0,0.0,0.1729096277952424,0.5483854733293453,1.1855969501932908,1.6742340635946427,1.4529101997849438,1.2446986580401707,1.0666045373336945,1.0107853077784228,1.0007429622727628,1.0049381658062977
29.229919115075784,7.333275416885613,1.9638308337588242,0.46829576778406345,0.9070884009356268,0.0,0.0,0.0,0.0,0.0,0.16016436496831102,0.5015364305973908,0.8240007309674507,1.6108060223482417,1.2112651293774868,1.2868378932469409,1.0284492003800028,1.0170455290176172,1.0039575566608534,1.0052103938517547
22.812544572329667,24.842454165649965,2.8210374227162625,0.5743544025372429,0.8905731193998484,0.0,0.0,0.0,0.0,0.0,0.10100813740628235,0.2194539666934875,0.5553469575028054,1.5929925017301605,1.2069260460662057,1.4554453960120692,1.06569827354686,1.0467817101359203,1.00457134258526,1.0104455959423513
28.13925720596298,35.63534114374197,4.755790134998702,1.0120288349488873,1.5419477186591748,0.0,0.0,0.0,0.0,0.0,0.0907702807116991,0.20675799351617988,0.5286011048203532,1.33547313657714,0.819436565686654,1.664387452418434,1.0578917098464284,1.024256036041029,1.0129840443001494,1.0259571539946597
16.775665842126436,18.830984858692503,2.2755011471293853,0.969295527055406,1.554475342300687,0.0,0.0,0.0,0.0,0.0,0.10574403953051063,0.22540001744854468,0.6161257124493955,1.5121824226475704,1.1866226800213795,1.5912090110932047,1.0831066893451138,1.050115100205752,1.0074696971108383,1.010045693617536
36.263533332493665,31.768616327426344,3.148244661288547,0.3337325387199571,1.0017627179913398,0.0,0.0,0.0,0.0,0.0,0.09738627243948146,0.2247279933325861,0.5853162787197367,1.541076732581035,1.209994312458427,1.461222668308443,1.0684541206012512,1.054001618551348,1.0086323217076674,1.012014233247066
6.801065980503192,2.2048343121698104,1.5105405478843008,0.9725241571097346,0.9538050007339315,0.0,0.0,0.0,0.0,0.0,0.1775755794995628,0.5572181957342486,0.8348590176597481,1.3255616155468006,1.5940949559007194,1.2690708666057564,1.0409308386121572,1.0205105873041909,1.0084649631826148,1.0035002230539494
13.701492919079973,16.421249480036288,2.085649026087806,0.8800579479673104,0.4945180229424714,0.0,0.0,0.0,0.0,0.0,0.09533243276525549,0.22385908893509876,0.5856813865346935,1.222510119548005,1.5836829006368416,1.7888804194615786,1.0903892062343992,1.0672679688467932,1.0122584044855407,1.005177288011952
16.72562476038819,17.039011757216052,1.356384358582804,0.6774169015750073,0.6915662139426951,0.0,0.0,0.0,0.0,0.0,0.09697117956889482,0.2273752520188796,0.6107111941479814,1.5113579875350356,1.1846381099497125,1.5156823268796111,1.0689957298567967,1.0531403607353136,1.005008667198437,1.0124760948097091
19.820397760211584,1.8784092037631706,0.7277377142809285,0.45236138887079946,0.6531544057568658,0.0,0.0,0.0,0.0,0.0,0.1630593859698711,0.4770597407194067,0.7801990213149073,1.5065151539238841,1.2110400739199572,1.2518238913278759,1.0542169891387618,1.0240923323424216,1.0051292033737023,1.007607176387243
13.772193093352886,12.033045829906502,1.5984424841169875,0.4218187758874053,0.9838013439310374,0.0,0.0,0.0,0.0,0.0,0.10962103546013524,0.24063369108420485,0.5649854145063937,1.6170500803769834,1.2119833227529502,1.4138439942317202,1.0709381718314,1.0558509801167202,1.0033973618929817,1.0069341037288804
22.067443181995653,19.473157489251314,5.45584173811996,2.443051892177843,5.654731233010336,0.0,0.0,0.0,0.0,0.0,0.13980630219977253,0.2903627456334681,0.7752468471916365,1.6182415146113156,1.2243253800441045,1.5387564581723547,1.1221419879024306,1.0386005909633749,1.0049850734165369,1.0042217036143606
1.0962591214785185,0.8442685391890311,0.6851150037403608,0.41633689264670914,0.16533485998549555,0.0,0.0,0.0,0.0,0.0,0.2169481537121613,0.6027357253611325,1.1743971843850485,1.4034545052439664,1.6823902322665831,1.3861770685690094,1.0731613828459696,1.0036920162116312,1.0031380079895136,1.0026373470071213
59.706621997971254,60.59026512113363,12.05752168728508,3.5418380937178746,5.575190197581553,0.0,0.0,0.0,0.0,0.0,0.10283032357911988,0.22882818404296912,0.5733922494126503,1.5391207274958727,1.193792759652995,1.6839379606164697,1.098571201254454,1.0469877521031468,1.005363675393228,1.0117825033277348
9.05094380356007,1.3057797204566033,0.9238912801611651,0.873838958217152,0.6263918630638879,0.0,0.0,0.0,0.0,0.0,0.17571830090735177,0.654625642704409,1.1742111958592953,1.4125749024072445,1.6529062058789823,1.294645884482681,1.0419868724790913,1.0091171380559825,1.003026206040788,1.0020862496845806
3.864907332086557,1.848629111342153,0.8420741854946867,0.35783545089312596,0.28041509519843294,0.0,0.0,0.0,0.0,0.0,0.1793808523467006,0.5892959815963328,1.2024241119841639,1.3672360773510912,1.6400175719632375,1.3109471502562504,1.0448660725217915,1.0053241096368184,1.0017471104337632,1.0031183453364203
4.3896181045092115,1.088491305268645,0.6790408674992484,0.32946361965694326,0.15180253001217497,0.0,0.0,0.0,0.0,0.0,0.16884622904529567,0.5260705865534075,1.2168493583687694,1.4676442234745004,1.6971968572197629,1.3032776615334984,1.0736186287628449,1.006220410706488,1.0032844867542425,1.0013548468147062
7.878185979723431,4.030932126481131,1.4128064074654842,0.24133543957793496,0.7418241112975696,0.0,0.0,0.0,0.0,0.0,0.15555986393091606,0.5237597899091193,0.8373148114730582,1.634225791731027,1.2365249610959748,1.3374531812369057,1.022617353866357,1.0138103813972827,1.0050096911470072,1.00834004205442
3.8106475877232087,4.32480400702981,0.6208361504687321,0.37643219342624634,0.2650945222414351,0.0,0.0,0.0,0.0,0.0,0.09859323043606527,0.23450591894560396,0.7418358861407685,1.2216912462007146,1.5287143273442452,1.855575030104237,1.1040237105491153,1.0372419819706844,1.0094091479941985,1.0061812617890966
42.1136721128562,48.7011057256947,5.091104073116446,1.633772473775815,2.5875247048983234,0.0,0.0,0.0,0.0,0.0,0.09389631592757824,0.2223883372600077,0.6728415730763321,1.5734409341667057,1.2146253736549806,1.7271202329755475,1.0845027278825776,1.0491745863391597,1.0065546226580977,1.0099153795207407
1.938818033736671,1.3356459091405533,0.494414795194302,0.34283067249099475,0.17742504645344098,0.0,0.0,0.0,0.0,0.0,0.18525699062728798,0.6038681786830735,1.1579949125080784,1.460623107279472,1.6732343215568184,1.3383956163258108,1.0400103546839115,1.009648106538299,1.0025878555605496,1.0016480625714388
14.998381199109318,3.9731689191741033,2.4185190487889585,0.9812390538095777,0.8477160817841198,0.0,0.0,0.0,0.0,0.0,0.18613229862060884,0.5666229900084067,1.2168026029436079,1.4208109707366587,1.6873739002858983,1.2703889425693182,1.0615248684568397,1.0069881315152611,1.0026384583572274,1.0020687114213578
12.825052695579519,6.226756681305064,2.326339963380508,2.1233870606436254,2.906853995536015,0.0,0.0,0.0,0.0,0.0,0.19480638941676653,0.5292454238915135,0.853056665241475,1.5001540613384767,1.2612803126295111,1.2420911832762564,1.032695945646989,1.0228152287369427,1.0056025231403316,1.0073619377173948
11.766311937584076,8.162481957957024,2.8018541540361697,2.5110121195219084,2.7483262592156925,0.0,0.0,0.0,0.0,0.0,0.20383653848920152,0.5243652096305138,0.8279527879719467,1.4694817811997092,1.2194884999400166,1.2294903581125594,1.0237699861273362,1.0187310406091716,1.0053648495874752,1.0080093679979774
9.905176989118683,6.7835092927908605,2.863554368792527,2.570768641117767,4.052406170837016,0.0,0.0,0.0,0.0,0.0,0.19973464385446268,0.5351875103089848,0.8984192052801011,1.6094646577513783,1.314416383802468,1.2826734756654583,1.0354589487383505,1.0225006144718107,1.0030972606507136,1.006387546883274
10.433578037458236,8.624021456393391,2.608593827799823,1.823744206521188,3.4078997562842006,0.0,0.0,0.0,0.0,0.0,0.2152357274791435,0.5295375042859434,0.8790798256195433,1.5831119918183987,1.2880785416927993,1.2100469838148065,1.0245896158002856,1.021591688048659,1.0047591542576455,1.0068496522331063
8.818141067839997,5.026256534024705,5.381750384533072,4.088629687156434,2.492406092652206,0.0,0.0,0.0,0.0,0.0,0.22162235668651858,0.7407806225356889,1.1143000272965427,1.4281333768311648,1.6671451075724644,1.3538157563214226,1.030786440866917,1.0097453885722205,1.0029034198589308,1.0020826585961249
5.745198640928695,4.580367483009693,3.0449097340992695,1.8782348098942498,1.5480050212076881,0.0,0.0,0.0,0.0,0.0,0.23698239139451227,0.5722707710175864,1.1940061441547405,1.3768431359043571,1.6201731840881441,1.2388954741472182,1.0494906179251267,1.0067263647103744,1.003556871590159,1.0022132802661299
6.637287175541954,5.630691695684672,2.1546574632324815,2.1327537354032913,3.7145441533309738,0.0,0.0,0.0,0.0,0.0,0.2343731428287777,0.5393313450294904,0.8765856140051846,1.6052747640178058,1.2866380089636589,1.186422567855275,1.0288727547086507,1.0238515060076148,1.0035894883737164,1.0061594538256227
4.3861351459818065,1.753407875921728,0.9461891410843307,1.7138674255790274,0.7027752735637239,0.0,0.0,0.0,0.0,0.0,0.19757785329174873,0.5785663055680809,1.0460216961681474,1.2974763306351806,1.6122995475630735,1.2746244190159863,1.05385799867787,1.0119348584376784,1.0045735194416032,1.0028711153012304
4.330211846788674,1.225926675389495,1.0377009703529754,0.7073167234871638,1.5427899931308677,0.0,0.0,0.0,0.0,0.0,0.17563697660274719,0.5328927723674134,0.9034739273847654,1.6055264105652491,1.2847925792203512,1.3153211778762308,1.0656379786907324,1.022104654248802,1.004046059562994,1.0060049417563433
5.54168700712564,1.3600506810629431,1.127857139607011,0.4783879270025744,0.9296672961082987,0.0,0.0,0.0,0.0,0.0,0.19223307094462436,0.6082680413974123,1.0241134022612506,1.6386122788359045,1.3560586869747737,1.2418734500655004,1.0461610264285488,1.013304428104171,1.0028158196437358,1.0061185763330285
5.830114845373155,2.3321933075779993,1.403496765930687,3.2923055904538527,0.9269142782211819,0.0,0.0,0.0,0.0,0.0,0.1875368509037939,0.5679141601131695,0.9743170334682927,1.300249391657836,1.6107995412217755,1.2621130763866895,1.0398223529396893,1.0080898656027417,1.0041780836571146,1.0043706486588562
3.339668520556539,1.2122765987855562,0.8088451694829171,0.9816182551132157,0.6714587167735327,0.0,0.0,0.0,0.0,0.0,0.16541245208043862,0.4442363491804532,0.8176021090527065,1.2597357354889582,1.5880216169149755,1.3188076708688519,1.0814144514936967,1.0323602064508275,1.0054107167737645,1.001169424442529
3.437461533632059,3.4106285115443797,0.9065990429732633,0.5056413480881066,1.0264231666147499,0.0,0.0,0.0,0.0,0.0,0.19050931257417125,0.5260777176396042,0.8364952458448991,1.5243825942799356,1.234909685563659,1.2644542043281601,1.0159348382465354,1.0149190940012158,1.0060135220890989,1.0054611204990396
3.958722030420836,2.4438710169704985,1.0885044203286038,0.8236142287640928,0.7683177894824352,0.0,0.0,0.0,0.0,0.0,0.19471558275438625,0.5307493829711096,0.7991698855020212,1.4612752589976894,1.188109194178206,1.2314770974928009,1.0202425155078367,1.010881674460248,1.0046565428853378,1.007825908699164
5.9891568960321155,1.7926327527110026,1.6332452163605709,1.1127526889620207,0.9508779107124002,0.0,0.0,0.0,0.0,0.0,0.16870847551504686,0.4976699896137084,1.0466090138863609,1.393511341130199,1.636371662431914,1.350611905035358,1.1011174882032928,1.0158878076672577,1.006565590167757,1.0019143897166873
1.9261286456173394,1.001475029311423,0.5485115016789883,1.2832225799018742,0.33012199643835827,0.0,0.0,0.0,0.0,0.0,0.21249746643908038,0.5871639185326072,0.969340501633906,1.2411255831471089,1.5703766253263647,1.2434350011507678,1.0391463637055325,1.013245304197726,1.0019445373056923,1.0052040097035455
9.272953404809583,3.723077420686829,1.3142878641916895,1.2630005407448077,0.6551489740218953,0.0,0.0,0.0,0.0,0.0,0.16504983109071397,0.47640156443610027,0.9468211631227088,1.3835458893684036,1.6558360142253126,1.3119572914292335,1.0584237112430743,1.0210993890779279,1.006482967747199,1.0021353321304434
1.71648746608438,2.180968073499254,0.6111684262715006,0.9477773426403295,0.4004450207568871,0.0,0.0,0.0,0.0,0.0,0.2260331083548342,0.513568774641362,0.885766206721603,1.248126146773708,1.588685027468317,1.2325720429686828,1.0207766612196902,1.0264000901734676,1.006078618854235,1.0058794585412818
1.5871543335249718,0.7177659154704068,0.4608389773215003,0.6983840977062618,0.29754349517084705,0.0,0.0,0.0,0.0,0.0,0.19724476461365265,0.5827089166900754,1.1023788923167361,1.4628833081379233,1.6826077952451466,1.3593518446800632,1.0609336250883696,1.0172478872010888,1.0026071938201744,1.0012193111140688
2.196090442364678,1.0125253124363338,0.824211612603554,0.3073503939646313,0.7046480885631989,0.0,0.0,0.0,0.0,0.0,0.1912182991444954,0.5710069043591649,0.8570155018524727,1.662726926849516,1.2741547381236613,1.3097948427749206,1.0410378250332928,1.017816871613141,1.003484537039792,1.006101865520119
3.1748988299431806,0.8687102341072681,0.9723573299785843,0.23401760211555697,0.3601774444436139,0.0,0.0,0.0,0.0,0.0,0.179548123111047,0.6601092256130573,1.2012177837965547,1.45384655119627,1.6501422620940718,1.418815947104196,1.0572216458780699,1.007007403858671,1.0038465661913838,1.0018023327039416
35.994007268131746,10.89713422707697,4.885535314503983,6.5975707324373,3.266217781355593,0.0,0.0,0.0,0.0,0.0,0.15618673553095153,0.36868266299907443,0.7896624006434179,1.216164658736003,1.518931239275475,1.2728553136149259,1.1050061901406565,1.0339613302048523,1.004525475793625,1.0036563057214944
0.88816597781329,0.7935741192948498,0.63993064922066,0.44499223898218,0.22842348455314415,0.0,0.0,0.0,0.0,0.0,0.3261031442229691,0.8182194589484252,1.1995374786907809,1.4441093809520407,1.6579092783208593,1.2450031060821147,1.0221468213009166,1.0040616320979905,1.0028072118432503,1.002335007808477
7.355678103146147,5.082201694617796,3.8351091370978283,3.6442338338770304,2.155173532359194,0.0,0.0,0.0,0.0,0.0,0.16856535707537362,0.47139328250142193,0.8648483941985551,1.2548179896337341,1.6093587296269527,1.45902534892263,1.080309076049061,1.0212296962432015,1.0063365233253097,1.003963726094834
0.7579766854061099,0.782758476922926,1.3234626187578349,0.8640686065379921,0.5908675883533218,0.0,0.0,0.0,0.0,0.0,0.25101191407995627,0.6176015996519515,1.202883065285258,1.463167627256273,1.6614687677202016,1.4053766422564147,1.0760855412847585,1.0070227901051712,1.002332772964264,1.0016053600158938
1.3580589413535533,0.6794793540385664,1.190416741308211,0.2932248880451782,0.21330133540618124,0.0,0.0,0.0,0.0,0.0,0.19751058601380897,0.6739200279554307,1.205103994776751,1.4231428114166456,1.6599806474549468,1.4251705014852063,1.0670798806942492,1.0054691003550453,1.0023249715391056,1.0019801671480664
1.093391167102141,1.1541294136868676,0.46170739138435063,0.36573557723052136,0.19658282652013576,0.0,0.0,0.0,0.0,0.0,0.2006082976844507,0.5475829179002709,1.1586070628512108,1.4295385585228495,1.648552823677791,1.3991685513155074,1.0462231349903293,1.0135001509848547,1.000013061197762,1.0019059844004239
1.4672215589372204,1.2909053767038752,0.629444533327991,0.24927882792534017,0.3686497917389104,0.0,0.0,0.0,0.0,0.0,0.23712090718303797,0.639718657944898,1.1946357867021864,1.4458185714453309,1.6399776053260646,1.3288294237133758,1.056051340685924,1.0077588455020465,1.0036913361667215,1.0011036555731103
0.9136061484091968,0.35387216108783043,0.33730357469407907,0.25679428996442366,0.25120137977618173,0.0,0.0,0.0,0.0,0.0,0.19703768648832376,0.4740394686634802,0.9310165999697528,1.276395567321447,1.6771788339828422,1.2510829562732038,1.0712274405552424,1.019069549034549,1.008964054541715,1.001525072511674
5.916216981946098,2.97503234099283,2.1870581396224105,2.368167559219077,1.4159930852309355,0.0,0.0,0.0,0.0,0.0,0.20065047317526,0.49815252171139845,0.8549617889188428,1.2844645345233474,1.6389308338250197,1.2685218299646626,1.0497363674273101,1.0256443261096564,1.0076491476004426,1.0038174333142291
0.6555997276146766,0.6781260311893531,0.5956530233098076,0.294583543527883,0.13570935488842467,0.0,0.0,0.0,0.0,0.0,0.2096236061669202,0.6425530897471081,1.2073366272490547,1.4472152582348137,1.6973988975082988,1.4625688652593956,1.0553994240290998,1.0045387421741157,1.0023793272850352,1.0014746918167676
5.024849697260659,1.3588333130512398,1.6740805289878764,1.216385696169604,1.0574060674648842,0.0,0.0,0.0,0.0,0.0,0.19443084449967865,0.5430038309107913,0.9289714163913118,1.24679507600402,1.6186596573432799,1.272644673235953,1.0666885652871803,1.0167260763966555,1.0085765322560218,1.0033378071961605
0.0,0.0,0.0,0.0,0.0,0.0,0.0,0.0,0.0,0.0,0.0,0.0,0.0,0.0,0.0,0.0,0.0,0.0,0.0,0.0
36.94447156552521,16.39573153016307,10.061540427568588,4.967333397188217,4.597228996046473,0.0,0.0,0.0,0.0,0.0,0.15331507827918903,0.32420834008663607,0.5488005561585556,1.4613403206007922,0.9933829554134463,1.2374560081158854,1.0721203422103767,1.0418485409799876,1.0069607172090194,1.0221046641643985
28.85262862432028,13.993093212807903,9.699999194010434,3.872064056621795,3.794697169702509,0.0,0.0,0.0,0.0,0.0,0.15815773098464697,0.3442994019034393,0.5605267799295132,1.479381996669647,1.0053259362338194,1.2467733573875066,1.0661965203299795,1.038630624670033,1.006530828600163,1.0199293485441583
17.168898399480216,12.897385012625415,2.185869853000706,2.102720369672414,1.7368723686973897,0.0,0.0,0.0,0.0,0.0,0.18284390462061711,0.4897072376754539,0.9120350860192596,1.3164220058261542,1.542770072818683,1.2761879062107688,1.0415883017851546,1.0223926658355627,1.005275101719892,1.0024331965724886
14.124460816241314,6.832269562553591,4.4617548521982435,2.0482456168236443,1.787579624922575,0.0,0.0,0.0,0.0,0.0,0.14805203002075104,0.32651971774792227,0.5566856248686876,1.4819389118320048,0.990171903571781,1.3054399901475464,1.0719849806132333,1.0409259476505115,1.0064036782271282,1.0224359007772756
11.09026525773795,4.6838619112990125,3.7753397981006116,1.3263266407447847,1.69359052873379,0.0,0.0,0.0,0.0,0.0,0.1638339821016076,0.3910167406088896,0.5841231259857302,1.42069996458304,0.9997133100771558,1.213317327492526,1.0571398661001363,1.0280618076166712,1.007834232369605,1.015180635887061
5.693849850378551,3.1176716207849937,1.718957685770437,0.9711163711507759,0.9687832664323857,0.0,0.0,0.0,0.0,0.0,0.16683344114093593,0.43038661709609244,0.7350549498295196,1.2585859955514829,1.5289112982450612,1.3214150249687966,1.0693063355522991,1.0273049722745944,1.0108149586966257,1.0033769385404347
8.02347548500018,3.6100169789344365,1.2354672862495892,0.8957401372499803,0.9222837311180623,0.0,0.0,0.0,0.0,0.0,0.17700620562813352,0.47092082145105807,0.7990079128764742,1.543828742933613,1.3069765647036318,1.2601066731350001,1.053617143385483,1.0229515810911178,1.002889276446074,1.0078048772759711
13.391025857304026,6.100984988466569,3.4386753508474777,1.236772011868395,1.2063479086642688,0.0,0.0,0.0,0.0,0.0,0.1517175320382343,0.3317921759365124,0.5604413986800869,1.47737816175015,1.0229251972826987,1.2406331603436953,1.0640393985458412,1.0452943034675541,1.0075000808731998,1.0255542736940062
8.714787429138045,4.041503839408905,4.097615527206876,1.1979970130673556,1.0222646768549541,0.0,0.0,0.0,0.0,0.0,0.16301687391669997,0.33697656821287086,0.5420544470202893,1.4414732754468826,0.9783996202874223,1.2223884521287465,1.0750445647995122,1.0257102701201533,1.0075995373554671,1.0225883602064665
7.956697647757676,5.121227749767547,4.169860879858225,0.9045725830552985,0.9882874106409286,0.0,0.0,0.0,0.0,0.0,0.1650644313059214,0.4397781517375767,0.5685332696252338,1.4496752612500843,0.9955613930356663,1.2576698618714,1.0289889074066259,1.0195759204137402,1.0082806199266967,1.0161676574085954
50.01730033385154,63.5255573650259,9.607899446390629,6.307754944382593,7.070031510606785,0.0,0.0,0.0,0.0,0.0,0.187429722374362,0.5051770055027103,0.9126642367992189,1.541208010059842,1.3112181050522782,1.2890707665034358,1.0305968062120228,1.0175049135700232,1.0020488155821838,1.0056525421221354
2.3725130481789014,3.6130916748646142,0.8300442195133639,0.8249470023193703,0.7179544288082161,0.0,0.0,0.0,0.0,0.0,0.19268038466056414,0.5237326577581956,0.8793139032000729,1.307887359378499,1.5354174424394147,1.3684323349648029,1.0282098649991915,1.0272003046500495,1.0056582860169556,1.0011943166463477
3.572435193847755,1.6039289288346918,0.8998284451151999,0.8175447798437172,0.34774242000794253,0.0,0.0,0.0,0.0,0.0,0.18315035196890037,0.5674300062057309,1.2249761954829606,1.5080224156953352,1.65476812064257,1.3891918617485963,1.0577944090944311,1.0099127048781054,1.0022872454445233,1.0002712128345228
3.698473590267855,4.337824462422155,0.7799880524473615,0.5316518665556126,0.6281093049427465,0.0,0.0,0.0,0.0,0.0,0.18483758837270728,0.5267407445483678,0.9616972290029495,1.594113319210709,1.3367559411986454,1.3026965090521399,1.0329712844387071,1.0172563289542054,1.0019660126761687,1.004877205320469
8.055584980814226,2.721772792832122,0.7096124080042852,0.7225394684554608,0.5278706646411777,0.0,0.0,0.0,0.0,0.0,0.17496043134398784,0.47803175971305445,0.8383897549012491,1.2922381426509089,1.55892997714496,1.244930536627051,1.0522736923330132,1.0306527074564376,1.0066188119233797,1.0037496990066406
4.485997292409783,4.791993758956633,1.5209807141547729,0.8411269000510739,1.2159605123747907,0.0,0.0,0.0,0.0,0.0,0.1869690879199254,0.5248496108869876,0.96670733647562,1.5835766616139795,1.3313392664663228,1.3370254361487106,1.0421646490454963,1.0111473590296267,1.0025507273154433,1.0041908796836838
3.3859791493184934,1.4715558965656808,0.5651241499376318,0.3820409516684159,0.4949779102839765,0.0,0.0,0.0,0.0,0.0,0.15261422556545856,0.4426444697531066,0.7573483318624477,1.0774478962560003,1.5443097766773197,1.296799575491975,1.050806568164025,1.0276894520615474,1.0170956961386952,1.003778293277682
5.194612884382509,2.9651858778766877,0.649914722536321,0.4894321623961872,0.6872672618288057,0.0,0.0,0.0,0.0,0.0,0.18162861793952956,0.48977889356860677,0.946645836636508,1.2862416880145653,1.5767840804931414,1.276273618970513,1.035946121841779,1.0152080158370276,1.0070337128847835,1.0023920628517256
1.1929629335258556,1.3852141644890386,0.5506706740311399,0.3747335741335506,0.35761167340358874,0.0,0.0,0.0,0.0,0.0,0.19625629774128198,0.4975895263526133,0.7498936114096239,1.1861051634288182,1.5423984125692465,1.3622567089977886,1.0145457932944748,1.020536389505174,1.010625339642957,1.0020524539809184
5.081637940590929,2.1942522906089383,1.5265482054784272,1.173153612097287,1.5689721157633088,0.0,0.0,0.0,0.0,0.0,0.14472497556155758,0.3975185745166282,0.7511334550468727,1.2979592390529215,1.5577263058452184,1.47223591715757,1.0937803192561106,1.0359255019107838,1.0074449380421011,1.0009097490583723
1.7331779311649282,1.3875005176213164,0.422315290157565,0.36779789035928767,0.39101649103614344,0.0,0.0,0.0,0.0,0.0,0.18928913698002955,0.4832818248141934,0.8023753086268596,1.2914761509998685,1.5832938645936627,1.3158650771941958,1.0431955551359773,1.0277294989545758,1.0069435647556488,1.001587459415152
2.4747022676674666,1.3783489683083434,0.8333831264165751,0.3521257034978899,0.36976568982875,0.0,0.0,0.0,0.0,0.0,0.16143102681724236,0.3788047973214347,0.6652657880142526,1.2318919958195875,1.5409579481589986,1.286210656571879,1.0720059547773702,1.037730946754393,1.011475616278021,1.0029546414237636
2.5119204768568766,3.3735110967566877,4.1658068050251575,0.5784861243651906,0.6395271325012029,0.0,0.0,0.0,0.0,0.0,0.18043652520931425,0.45680813472851534,0.5841746248187839,1.0118680166158636,1.4629197998952586,1.3904222277712404,1.0297047480046604,1.0100566530698922,1.0252186097940774,1.0071346304552398
1.6208335972510362,2.927840008234811,0.550101678901803,0.29264777429394695,0.3603485335298483,0.0,0.0,0.0,0.0,0.0,0.19415540220718785,0.5288664375638845,0.8472477557120938,1.272465397258524,1.583617256972576,1.3306069641749223,1.0182381703812697,1.024664669608602,1.008725678445855,1.0026718271415596
10.344762654700261,12.320083928079558,5.2934276407607275,8.373080684264874,5.803956297874281,0.0,0.0,0.0,0.0,0.0,0.20991209362986438,0.5786085437588196,0.9990006138303544,1.3354048145168032,1.569616269171607,1.348141437001255,1.0406583097154467,1.0137460553671225,1.0037771363322507,1.0033595126528458
3.086181029330688,1.547729642596644,0.5080217606602444,0.356097827574879,0.17282735660031592,0.0,0.0,0.0,0.0,0.0,0.17418611328411363,0.4389091097207738,0.7841352513563793,1.3572923572793185,1.6539126618440638,1.2659787949226593,1.0712415113401215,1.0302483723200972,1.0084185266442878,1.0037338197612644
5.320717945317308,2.228731025509019,0.8778001255228306,0.3859104961388175,0.620746263431675,0.0,0.0,0.0,0.0,0.0,0.1994167536381114,0.4909487361650673,0.7455867601841861,1.5519210858528203,1.3090488715055373,1.2232079394990811,1.0431589152519296,1.0195735225618845,1.0044943581493055,1.0038502044561906
2.143760155911847,1.4665467277920439,0.5213057488431282,0.3947890204421275,0.3169312218615949,0.0,0.0,0.0,0.0,0.0,0.17534999486889555,0.5177641440635014,0.8101777433855792,1.289101951503153,1.5804636346372933,1.3518891899367413,1.0361273761118535,1.027977000914571,1.006513263317327,1.0034068784767405
48.219188844087554,9.937212087453196,5.643218007725049,0.9927986386147255,1.4104754199492533,0.0,0.0,0.0,0.0,0.0,0.13680704015603873,0.2800408228118224,0.4656945925806436,1.367029873252868,0.7800033845034179,1.1413061030282425,1.0739107956633862,1.0304030257380425,1.0105132653012316,1.0371428607219768
4.966112284477411,4.869849729772253,3.727049274302209,0.69776581392723,1.0030330860692642,0.0,0.0,0.0,0.0,0.0,0.18948342456846567,0.44265614359222055,0.580012668260526,1.097192999615224,1.444452196361193,1.2693518951633385,1.030087246035877,1.0175945893845153,1.017007445586967,1.007327759741403
1.7071989389178668,2.9072948792811095,1.1429447737394658,0.7790736725711853,1.3763787015389208,0.0,0.0,0.0,0.0,0.0,0.19238555469156482,0.5379314889137631,0.9284857719686215,1.6279153635777135,1.3952608906816637,1.4226703123897915,1.0347230536159462,1.0191817561451126,1.0022764350319546,1.0038804455939176
1.4531543145344583,2.51971293152583,0.5720843321049983,0.43028520799030023,0.23475964940567637,0.0,0.0,0.0,0.0,0.0,0.17666230904266414,0.5282660131712986,0.790923067249562,1.2806688309635315,1.578177045153318,1.4002609048919812,1.025031591867863,1.0210457711035914,1.0064202507263231,1.0047559221180529
795.0735951985304,580.3415350974177,23.98226464113505,4.931194899700115,87.51601487824509,0.0,0.0,0.0,0.0,0.0,0.12541116018197657,0.17662289175276133,0.585167495271968,1.3995183290410858,0.35086718487827534,1.1053485707297819,1.0586419244930019,1.0444021876177194,1.0142178923039513,1.0448754697445313
624.7724318817111,474.1182507667492,19.531757637874904,4.36617618218137,77.28339279461518,0.0,0.0,0.0,0.0,0.0,0.1248095190264268,0.17775543865408008,0.5956474437055547,1.381458375864155,0.35276910221285435,1.1137768185069796,1.0611852713075225,1.0453543163352923,1.0142508669025732,1.043842683526082
386.53689524256333,276.39183736524444,10.367027319018629,2.383127597930424,39.65674549145769,0.0,0.0,0.0,0.0,0.0,0.125411893164926,0.17675394394555777,0.619002327679818,1.3370510857563036,0.3552080671085725,1.1027180752331753,1.058443962934139,1.042446433579715,1.0175632995169428,1.0476951637536576
314.0654220326077,226.27903371093288,9.166280490506315,2.1082448824256987,37.807876016057946,0.0,0.0,0.0,0.0,0.0,0.12538210219345217,0.17694232771576288,0.5826873511132767,1.4437288507152786,0.34974991712836323,1.1075226177275037,1.0601309070142597,1.049173242525567,1.0109118236622139,1.0424857062598747
173.3579167052713,135.33089566407367,6.056228937653431,1.3092892374347405,20.231195761956208,0.0,0.0,0.0,0.0,0.0,0.12461347897908316,0.17638676749739765,0.6371344474286451,1.3427912222917884,0.35666083414995364,1.111563679266928,1.0579532978307762,1.0334980892552155,1.0164917273377256,1.0462677276809618
159.65356191648226,88.15554184065849,5.460027457144342,1.1581595702931629,16.160632017581513,0.0,0.0,0.0,0.0,0.0,0.12695238925140304,0.17906674113949525,0.5799498665816796,1.342084081485159,0.34623916364965246,1.1134560123160058,1.077145643893539,1.0452032649747864,1.017889471605119,1.0533831334219979
165.41361235846625,98.82463480950629,4.792202185411649,1.1400397672583524,16.802316066623753,0.0,0.0,0.0,0.0,0.0,0.12684723703000095,0.17998798832038018,0.6002351939805887,1.4011016068681634,0.3575019693263033,1.1063230121176815,1.0687408821499698,1.0447961130117502,1.0139313254233775,1.0479279318936447
149.1013009744573,116.27762977724967,6.3017325199580245,1.3662688551686428,20.307909383211435,0.0,0.0,0.0,0.0,0.0,0.12589345519747014,0.17847531009422501,0.5662614819723768,1.3816285018326206,0.35412328003546034,1.1193964006162611,1.0624993874107027,1.0418674419884166,1.0140393320392815,1.0408980155768288
135.17170689331994,94.10337542606699,5.138640579744138,1.3277777745115023,15.05733618758176,0.0,0.0,0.0,0.0,0.0,0.12626602939072068,0.17842105285826526,0.6237942683522806,1.3777653259687417,0.35987674570493333,1.118616317604313,1.0678396638819956,1.0405920958111083,1.0139238149994658,1.053467294017506
151.28046805591705,56.36567694523414,4.5876173314791036,0.8885619599309059,14.269333272861314,0.0,0.0,0.0,0.0,0.0,0.13096651681836022,0.18748406971277934,0.6442745846931508,1.3376577702084815,0.35847549897345343,1.0848879809166263,1.073322758712304,1.030886852667362,1.0160896582755723,1.040582367791704
1424.2709766534051,934.9894879481815,39.9394969693069,8.490899618577426,136.02851903516762,0.0,0.0,0.0,0.0,0.0,0.12641972360454756,0.1777112095465478,0.6249005697792829,1.3494960185204599,0.35665727274415415,1.0978468438295548,1.060404241560527,1.0382112889897195,1.0166780118659116,1.049897749866643
213.72113642966528,132.4128263525007,5.321795569477604,1.011945984483293,19.450256418586683,0.0,0.0,0.0,0.0,0.0,0.12640183596434784,0.17218880994946945,0.5798294955036943,1.3863371095878756,0.345709085086561,1.0875726648764708,1.0561781209949972,1.043848368139144,1.0147886738445473,1.0426647685866222
91.27998431841877,59.83685496115722,2.835216679503123,1.1286377190708483,9.31771517138511,0.0,0.0,0.0,0.0,0.0,0.12702626835221542,0.1756573294210629,0.6046694233020371,1.4166122595298625,0.3444541579229151,1.1244679573385845,1.0715205102183063,1.053434705286493,1.0125056677123907,1.0578349316561801
194.30391681333134,43.79015236762659,3.8410254626718787,1.0056788240641612,11.5710798933715,0.0,0.0,0.0,0.0,0.0,0.13155039788427728,0.1842090865796229,0.6175488113807077,1.3462711236169718,0.34619181171599395,1.0702411769359772,1.08535205150842,1.0387154198917283,1.0144810622459566,1.051969757678112
115.04650593006163,70.02275576903979,2.638587223665997,0.7884446269091325,11.64074227379928,0.0,0.0,0.0,0.0,0.0,0.12773184705829294,0.1790982168606835,0.6299253781413265,1.3881109460974697,0.35014718444074855,1.0939211709365206,1.0625768557953241,1.0435504528392499,1.014150219605172,1.048183799255096
541.4655654301888,19.990868884827428,1.4376383685243916,1.357937910342991,6.912369185630984,0.0,0.0,0.0,0.0,0.0,0.14537399663847503,0.32287811032983543,0.9541024510685783,1.45094320245841,0.5643829249569349,1.0748862969883803,1.0697053429167989,1.0200824711026757,1.0099135419248109,1.0305571733753025
63.48645953153299,42.32928385158179,2.132926384947683,0.5821278577603022,7.098652623380414,0.0,0.0,0.0,0.0,0.0,0.12567791544919124,0.17588942049668174,0.5713448781453654,1.4676722664445419,0.34326778535593067,1.1217479155826244,1.0713388858031747,1.0549887475605504,1.0108350381115385,1.0537580332569358
96.91455872246944,64.66278715578066,2.170394252571133,0.7833576881565488,10.036087517620436,0.0,0.0,0.0,0.0,0.0,0.12534429449779674,0.17581267213473376,0.6360523447311062,1.4809900689040665,0.3535145701940748,1.12303084535217,1.0695222386112502,1.0528016899909838,1.0080935389565322,1.0548805535005805
88.99649592027617,17.077759035485098,2.056968987880656,0.5582856873852107,6.6395445367525125,0.0,0.0,0.0,0.0,0.0,0.13987192072317806,0.20735423453069862,0.5859204091410426,1.4264001319646284,0.35957467793494924,1.0831339310834998,1.0941712158952255,1.047538174414477,1.01177949972517,1.0459703639598075
261.74844611782095,218.820808189273,1.736050424418518,1.640305178524374,22.5826122349607,0.0,0.0,0.0,0.0,0.0,0.12517926130391285,0.17070740870048676,0.8623015404579021,1.4681628994605576,0.37227550356455935,1.0926253363198632,1.046068209445666,1.0457243990764928,1.0077173170811555,1.0574708694128312
52.27477195156898,40.37604759649337,1.428335226650613,0.5163394475565195,6.509210334384813,0.0,0.0,0.0,0.0,0.0,0.12485338078416508,0.17673296330408705,0.6349387995929848,1.4331569767593686,0.356505736146258,1.1256011818281464,1.064384483786538,1.049310012560375,1.012678486526299,1.0446767720786267
43.347851217633576,26.007458738644537,5.446244743089754,0.4270947626553171,1.9135871153376378,0.0,0.0,0.0,0.0,0.0,0.12615740930174169,0.17938786635707582,0.3508269671790573,1.4689297202644767,0.5771676130112542,1.1386780811736281,1.0848806710488632,1.0507066742815072,1.0114245290535182,1.0491808211726372
64.35098904636305,9.427301257289987,4.441488138278906,0.7030983640982917,3.4644005634488337,0.0,0.0,0.0,0.0,0.0,0.13533850400205188,0.21818709552143942,0.38663195546815554,1.3812498630245136,0.5961019983714739,1.0941939042096127,1.1182179552357252,1.0615171623660777,1.0111202491274907,1.0347000500137435
53.54157668927043,7.357183010354189,2.779790340513793,0.4091112463357479,0.4409672113282844,0.0,0.0,0.0,0.0,0.0,0.1384398496614854,0.23754401803906527,0.48157823100719643,1.4749806379707144,0.8994394258190992,1.084849856639466,1.105673094373494,1.0499431623975874,1.0080195983869131,1.039435179456836
589.0454147519926,92.95555432716534,25.315848773658633,8.117422892316501,6.334934868687607,0.0,0.0,0.0,0.0,0.0,0.13690884169506962,0.23289394353930265,0.492726056216101,1.5016432686584482,1.0260834380935442,1.0937465015050793,1.1120923954811384,1.062111871883441,1.0046904960789118,1.0253111458942121
22.984181962153357,9.793167088626042,2.3085271112213674,0.5198760554035509,0.5553882388042782,0.0,0.0,0.0,0.0,0.0,0.13314990588341202,0.1994602533679333,0.5011631820451872,1.4080695699005668,0.9543121442671219,1.1528488531170706,1.1167274128648603,1.0536952992828075,1.0084059797149578,1.025490268671648
87.47073527256465,16.31583529213774,2.3833395424138226,0.6978963525359859,6.717010180983107,0.0,0.0,0.0,0.0,0.0,0.12762333293142897,0.23956998923954217,0.6524922211920774,1.4367921993251156,0.422253726440796,1.1010294318220042,1.0648923654059,1.0277035796895073,1.0100079526416723,1.0456195891462132
40.59637527626553,10.05386557973284,4.473314679391359,0.6111395346292319,1.273364921786832,0.0,0.0,0.0,0.0,0.0,0.12569015754620688,0.20673672787011962,0.37748194816096875,1.3896516454355845,0.6375806162595941,1.1437516052491905,1.118076235680431,1.052583852665285,1.0102336745668172,1.0530302079506237
71.43808942062903,17.87976628862186,8.12800396514606,1.1475831818257782,2.684174631634574,0.0,0.0,0.0,0.0,0.0,0.13622345486981402,0.23014571125734432,0.37437702536785533,1.3955457941081386,0.5892111514648848,1.1111348733343256,1.0777760604494235,1.0488779046687593,1.0095638044575999,1.0414853184477775
89.92662662679375,38.83978560789136,10.650834556463943,1.003725840620143,4.363526723770847,0.0,0.0,0.0,0.0,0.0,0.12924479390508697,0.1921685684604748,0.3696749221468643,1.4109602148672715,0.6539951478877627,1.1308339852828913,1.0948552298388998,1.0546001663431743,1.0149591187251483,1.0324025507645815
14.730087585815767,3.257724716058091,1.2988844193098248,1.488670410497676,0.8755024537897682,0.0,0.0,0.0,0.0,0.0,0.15325940548998343,0.5389354343529068,1.0461667681790099,1.4111422175346868,1.6496474560027594,1.2485342438045204,1.0473302001345446,1.0153102911954746,1.0033187763034255,1.0019412403590524
3.6461668284827446,1.2265431850856139,2.2494911649605074,0.31685827789534415,0.2550310747256456,0.0,0.0,0.0,0.0,0.0,0.14784440049245653,0.3886484308414056,0.5813487570434539,1.0693274406382052,1.5037319298680922,1.2613221031781465,1.0682444607874828,1.0157448857706912,1.020776196472419,1.0082559454408806
77.994120207289,42.932488962173906,20.16948540106889,5.951773831545394,6.862016836961038,0.0,0.0,0.0,0.0,0.0,0.1435408622444151,0.29930521950244937,0.5479087408921705,1.4500658509333344,0.9128945063715663,1.2159220644578534,1.056509246728135,1.025031363904123,1.0073136890368404,1.025832666663925
68.50113855659454,33.32362244711859,16.51648475960539,4.772340024161923,5.442509771806492,0.0,0.0,0.0,0.0,0.0,0.14376592887221396,0.29297193838370394,0.5486405291581882,1.4529659119566065,0.9153674865553927,1.2021119003986536,1.0645810052168414,1.0267993527598516,1.007232054776919,1.025517072824019
34.10081161598515,21.187013274232726,12.012355835210965,3.079221056570012,3.1742177360152537,0.0,0.0,0.0,0.0,0.0,0.14595133357570422,0.31048227351690616,0.5212046406501755,1.3777143780382386,0.9093127768315531,1.2461944869065542,1.0443958323906979,1.0292413036312023,1.0101745087895484,1.026253436747843
39.415940532427314,14.78578874100037,8.192170622674077,2.411696358814647,2.984498229908458,0.0,0.0,0.0,0.0,0.0,0.14260265541614964,0.29119683265853247,0.5506132693172608,1.4590796033993207,0.936456764335302,1.1988808896272503,1.0714506262757288,1.0272203987758162,1.0069689571747522,1.0257313800108503
18.22444500499314,8.78192502737188,6.406829744805956,1.3275512205222004,1.8539216195665893,0.0,0.0,0.0,0.0,0.0,0.14107126878834195,0.293522940079393,0.5488433949285395,1.4569867465985293,0.8805271242953568,1.251149670350576,1.079246367232413,1.0299019562223815,1.0084615027506079,1.028573280390716
14.726554698027888,8.359267963240026,4.586554792187236,1.7840308960651072,1.5386970353506524,0.0,0.0,0.0,0.0,0.0,0.14293401751594317,0.2978776119046643,0.5254004324666159,1.4161385375055704,0.9097138451911718,1.2885538121332367,1.0688686668926262,1.0378445201820174,1.007527865671977,1.0288013532128273
14.267615304295358,7.946647549544588,4.562390476376729,1.4232107159133307,1.5679095216494368,0.0,0.0,0.0,0.0,0.0,0.14519753443447522,0.3070943369542158,0.5357104403501316,1.3765013271420052,0.9085769373148334,1.2679066131737287,1.0592370997965976,1.0315117559923672,1.0102834034943318,1.0241928077006335
22.393549383443744,10.696566393698946,5.9062509782231585,1.4206365593163925,1.996934828199739,0.0,0.0,0.0,0.0,0.0,0.14415200154977137,0.30302873143887793,0.5424790553134411,1.4520319601277603,0.8917257512394257,1.2160205025930415,1.0621053794426025,1.0253653206185933,1.0081201114422913,1.0247230910425775
14.1859213380862,8.41457106112907,5.834601662823468,1.1709751588084831,1.4427821828285263,0.0,0.0,0.0,0.0,0.0,0.1437771470346455,0.3078581882001143,0.5392566749757878,1.4428438820641747,0.8899004155364105,1.2599866622505635,1.0610743664103006,1.0266612792260053,1.0080407561544011,1.0290958314452516
12.006416864099009,7.140795169143973,5.561343485446891,1.0237786108395686,1.3317194466089775,0.0,0.0,0.0,0.0,0.0,0.144682342108953,0.30172556811965023,0.5510158101690195,1.4606002845981,0.9491784709928826,1.2816886176523719,1.0738119278679448,1.0246183118646837,1.007078362865296,1.024395819670109
108.94487250203936,73.51726080272013,58.4429943657849,9.774320158290191,12.078349562089858,0.0,0.0,0.0,0.0,0.0,0.1478092757355234,0.31297552121499383,0.5225207764541461,1.4329597993097278,0.9555595808314151,1.268982965397544,1.0481603679704334,1.023918891861166,1.0080377968468848,1.0259396388668751
18.20597519683219,6.7912371249570045,1.1754616230161474,1.1042879769703093,0.8479985930102145,0.0,0.0,0.0,0.0,0.0,0.1784911455716268,0.4558105141532032,0.7640526917276314,1.4937918576198608,1.1484389845413954,1.2033921363933635,1.028859675281603,1.02639345334396,1.0050751684877082,1.0131793116253625
10.875001971389688,4.691451316746968,1.2376518587799912,0.7548801525672408,0.8962184770497664,0.0,0.0,0.0,0.0,0.0,0.19150346434907675,0.47763097236243557,0.9541865255869375,1.6091532040526213,1.3663663733174412,1.2123253569406403,1.0376786802664049,1.0176168208997296,0.9991006576540302,1.0061179182208373
8.093527088508909,4.8943670755725055,6.019305708394235,0.9108809293233099,1.1637091775779533,0.0,0.0,0.0,0.0,0.0,0.15178636848039484,0.29156185217916586,0.5013006256512054,1.4687753008940863,0.9747207260531962,1.278957864817796,1.073008341731641,1.029043809177255,1.00692206146979,1.0222111145275203
11.490350994302055,5.985564409480654,3.239658119289529,0.9174898397783396,0.9746002610768132,0.0,0.0,0.0,0.0,0.0,0.145267154189232,0.3054960635318049,0.5392771076170181,1.43459508843282,0.9092538724295988,1.231172477177683,1.051764719872969,1.0202700713987611,1.0089069252459584,1.029158939069188
13.597204500975835,5.8531016949224295,1.4908045250849227,1.0063962579831474,1.155577659183703,0.0,0.0,0.0,0.0,0.0,0.18243498988247742,0.5126463528925723,0.9178980652183287,1.5841071100465465,1.2948757470583063,1.2717368639092579,1.0438436031154625,1.0196693894429838,1.0026185093453825,1.0076431741811571
7.153211167277104,2.8575467103181986,1.794211079810077,0.5366944611582392,0.5232338084598034,0.0,0.0,0.0,0.0,0.0,0.14832301740794196,0.29626748627303356,0.5495538319043116,1.4636534696985302,0.9765408964882999,1.2144705978367536,1.0816064377693864,1.032529285237503,1.0072222898678214,1.0262455277886704
11.56473038963885,5.279822385166267,2.3630073723328673,0.9752761049487162,0.7741827298956873,0.0,0.0,0.0,0.0,0.0,0.14772522235714625,0.313466731095524,0.5393914509424229,1.466273123219041,1.010961713450353,1.2289437051354164,1.0535446910082094,1.0317997676000075,1.0066802362288547,1.0261913485934269
7.336775356805572,2.2097729753797504,0.5940297153204768,0.42758443382073724,0.46013114443069913,0.0,0.0,0.0,0.0,0.0,0.18402554271764507,0.469207154003034,0.7850899631676995,1.5275226831811586,1.1686830069328107,1.1680804942944198,1.0288519595350991,1.030666694021069,1.0062952784307269,1.0118441379981504
19.51531123237122,4.11987388793741,1.9063075451639349,0.9665679883520879,1.6181956363352448,0.0,0.0,0.0,0.0,0.0,0.17786273060063654,0.4969626845590721,0.9070709296413625,1.6036396883371924,1.4009420194073923,1.2382897881787132,1.055968323101675,1.0225650206897312,0.9992239295507134,1.0049863828541437
7.472795944403115,2.2474563902627565,0.7193345022004572,0.4432989132353528,0.35179877144262495,0.0,0.0,0.0,0.0,0.0,0.17395965871552405,0.4815568594873681,0.8378893695780846,1.3507603668839538,1.6204920419794384,1.2541778101994339,1.0471694227467214,1.0254117160200193,1.0085306304621995,1.002628256137115
5.9352692864591345,2.589810423478617,1.6568896721091484,0.5201044616842625,0.537789995542229,0.0,0.0,0.0,0.0,0.0,0.14726753618709587,0.30621130620971343,0.5630938173495655,1.456097262126793,0.9582387645537906,1.221476503454971,1.0680736305161294,1.0233219594457152,1.0057260752989996,1.0232217212053534
5.113989519631685,4.391398885529407,4.684192891011219,0.7511928287393677,0.787610089333623,0.0,0.0,0.0,0.0,0.0,0.16718454776441793,0.38492500597662016,0.5356220799622992,1.4803487963625903,0.91939932582941,1.3047457142061598,1.027779523447316,1.0248417184722978,1.0075930257178325,1.0287441676255529
4.1302606482970585,2.407839952403708,5.3059795945603145,0.6212204911889259,0.4725846772932304,0.0,0.0,0.0,0.0,0.0,0.15825252070057744,0.33300840908347296,0.5011946140041844,0.8878805162753817,1.4450252985786662,1.3057125080415122,1.0417391302888905,1.0159632977280915,1.0256725904599553,1.0092545357083431
34.25292266651541,13.751909242618286,11.303875550383548,5.589818356247177,9.79628380465996,0.0,0.0,0.0,0.0,0.0,0.15788898041467392,0.3522826105813676,0.6503881392013783,1.5242486659986503,1.2608035773650195,1.3335150748452267,1.1045224117246255,1.0351692818994487,1.0053050074319818,1.0071181696743485
3.988970328212015,2.047230808662621,0.7982574538826761,0.44709308954860616,0.4237642282976859,0.0,0.0,0.0,0.0,0.0,0.1937239515026531,0.46581843658405164,0.8058665999228948,1.1800941949453414,1.500093179914953,1.2734846353455702,1.0544485384619682,1.0222163061564538,1.0111693527467172,1.0053515691630555
6.673623388890519,5.722182934714148,1.3621047920154654,0.35265822560363946,0.861469651288387,0.0,0.0,0.0,0.0,0.0,0.1676222885977972,0.45839940855939176,0.8352629642939026,1.5794403331425375,1.287328631764054,1.3197905360463436,1.0472908318534886,1.0176254710620116,1.0045028438189674,1.0065364176485228
4.065762127970084,1.939853316208851,0.731103160334664,0.4634046480571306,0.3733966418202246,0.0,0.0,0.0,0.0,0.0,0.178583826133022,0.4970503431970281,0.8296990854374816,1.3001484884391683,1.5543301493197328,1.2640857253954296,1.0416182593094692,1.0200741946227512,1.0060933192545625,1.0036301323965304
46.20624056011551,19.633250738539957,1.1950310665590294,0.7346086643107059,8.30488124592159,0.0,0.0,0.0,0.0,0.0,0.13533401327354821,0.25808020550010863,1.0111823794701564,1.5022282956588249,0.42515016260834143,1.1984968646262446,1.0746433292035167,1.018172838688484,1.0079653834568005,1.0589489249199722
7.175328967471797,5.5107430542142435,7.799223656751704,1.638118000352486,0.9688659351543688,0.0,0.0,0.0,0.0,0.0,0.14422517116643777,0.31027700074705156,0.5043952852322273,0.8668980305217306,1.499740681395279,1.4585018875786786,1.0838594298360746,1.0290865249122059,1.0322062269985115,1.0080292595449565
3.4550533568087216,5.312862774956208,2.4636518284312183,1.4395249950797708,1.8511938564044144,0.0,0.0,0.0,0.0,0.0,0.19092404056168066,0.4947805286201179,0.9660936956901953,1.6234521478651773,1.3801121708182718,1.4068960342933783,1.040626125126786,1.0140364637709667,1.0024713224278263,1.0039293550829067
1.612737648598023,2.59714008824208,1.7380984098028616,0.36277367131576466,0.3530226075016182,0.0,0.0,0.0,0.0,0.0,0.18004146952124725,0.43509484508272867,0.5761244392142909,1.3311311267862123,0.9437008640868397,1.3415719850489307,1.0226670776007456,1.018686152129228,1.0088080231012404,1.0196968955815033
0.0,0.0,0.0,0.0,0.0,0.0,0.0,0.0,0.0,0.0,0.0,0.0,0.0,0.0,0.0,0.0,0.0,0.0,0.0,0.0
30.799340038430284,12.748642205961762,10.182601080228746,4.966817488069713,6.752719059942436,0.0,0.0,0.0,0.0,0.0,0.17420382085111552,0.40450748424789845,0.7136606763868136,1.531486984752316,1.2061051698153817,1.2769979043739934,1.0886981216513112,1.037852224594578,1.0040894906004931,1.0110900639854226
25.28075195876423,13.738629303583867,8.745033947492102,2.555741010273655,2.1988111406241733,0.0,0.0,0.0,0.0,0.0,0.17518839752816676,0.434456607217032,0.6412502762767283,1.0629066429401328,1.5167789361421227,1.245109543216321,1.042469685422272,1.02592586392085,1.020977748387066,1.0068070466737244
20.630854509725754,12.570999625728911,3.832968967813364,4.725458054591656,2.43024127032779,0.0,0.0,0.0,0.0,0.0,0.21205274271614877,0.5418293016308655,0.9899455011450594,1.462902538359543,1.6886066875231933,1.243018674380119,1.0422570664673778,1.0231407633813558,1.0039401957349274,1.0016400018726968
10.531057347696846,5.656552415400635,3.7393160456426977,1.3470527892038198,1.7466654194765305,0.0,0.0,0.0,0.0,0.0,0.19825213234708122,0.47582169318850726,0.6724714922602658,1.4789152000123744,1.0637999236744122,1.228142422004865,1.0399718725778202,1.0203553808956978,1.0055483344968243,1.0157946003653509
15.542301115829991,8.782252540410042,2.480273401588986,3.281478271750885,1.735706539639181,0.0,0.0,0.0,0.0,0.0,0.20041995230903462,0.5284332696354648,0.9813627333635307,1.4557300176397658,1.6856606231882396,1.2405758791026993,1.0436686564199493,1.0187706217882988,1.0035089420867662,1.0012037890939036
7.331077453876986,3.9560896473533007,1.3073927913249817,0.9818781821363526,0.8835657348750423,0.0,0.0,0.0,0.0,0.0,0.19236371374664468,0.5024540229316563,0.7902969767947557,1.2029883420100365,1.5313797295904927,1.2519670668776899,1.0451277109946087,1.029656889784328,1.010051562700006,1.0035958622762258
7.10345578226606,4.313155305831777,1.4663140857737211,1.0962003588218077,1.1739929791585326,0.0,0.0,0.0,0.0,0.0,0.2088951165646005,0.5178305128094408,0.8718120356154453,1.253264391024295,1.5584778290559755,1.2504265432158939,1.0416993525975253,1.0215951679618858,1.0074736436895475,1.0045341967783568
6.141521336794225,2.682252785977167,2.457986438670688,0.9026439082582443,0.7600395877061261,0.0,0.0,0.0,0.0,0.0,0.18445803804567912,0.44632868955101773,0.6789829847135213,1.1993524199563363,1.5446287144965696,1.2451192292266502,1.0561059228935132,1.0262369105486882,1.0110480006062774,1.0031384162862598
6.9506491175870995,6.748691697390089,2.7506760081297146,1.1861500455006506,1.0731996170138163,0.0,0.0,0.0,0.0,0.0,0.22472621896472142,0.506792295419297,0.7450922416075931,1.4813798773863875,1.0678017690780042,1.205864541519695,1.031961306053523,1.0143783026563624,1.00350385910442,1.014486309710996
9.493349555065251,7.36813861024621,1.9842938192576411,1.5400529211802991,1.7052655145496405,0.0,0.0,0.0,0.0,0.0,0.2145594416634413,0.524467484209666,0.8524537967750959,1.2042423495329793,1.5325079750852708,1.211160848705425,1.0357936086831117,1.0214154460057179,1.0091948453742308,1.0041087207204213
5.836932429390383,3.7540504138263513,2.271786555217594,0.7930777670038237,0.8562947978415363,0.0,0.0,0.0,0.0,0.0,0.1867333050704748,0.4576400586833222,0.6626924718056953,1.4823846799944247,1.0397609773338732,1.255145776469108,1.0376440092333161,1.0254589674162728,1.0058882615571336,1.0190561647292327
7.238140810827531,5.918806501057563,3.9525411114894395,0.9638719821718766,2.050224733946386,0.0,0.0,0.0,0.0,0.0,0.20075098418183204,0.484287605857749,0.6659844104533175,1.3738649072098703,0.9574471282824626,1.258694113562858,1.0329238346663694,1.0178854689699965,1.0109196249750456,1.006069023053269
5.397637763081827,3.246273432949438,1.9034742123916124,1.089250953223107,0.8306548748941012,0.0,0.0,0.0,0.0,0.0,0.1734112880381944,0.4326984815681664,0.7085824337269518,1.2287870873286855,1.5843628164310315,1.320311870060193,1.0553794156273497,1.0359592842310392,1.0108468173302732,1.0048859680687248
6.380372908184769,3.628741459384736,3.7424158830446523,0.6760132003898176,1.56104858641578,0.0,0.0,0.0,0.0,0.0,0.1654350811353168,0.4166863537478853,0.6379799523370874,1.4706517584757535,0.9427811570498582,1.3076010274939485,1.0478740936777398,1.0208149977235765,1.0099999393654662,1.0126287987788585
6.435518560838557,5.867388006792618,2.4358783514016116,1.3357474652794306,1.2366691144663158,0.0,0.0,0.0,0.0,0.0,0.20760988843167905,0.5003493350706709,0.6810591139948989,1.0291412066724996,1.4772331461665105,1.2207961689293794,1.0227061946805092,1.0218881899505399,1.0136514887720998,1.005634694141407
6.212097152589378,2.5562128770579062,0.7247763362463561,0.6800317462124382,0.7301060103407864,0.0,0.0,0.0,0.0,0.0,0.18418023033051112,0.5237497328597882,0.860249532277618,1.2562331280357169,1.5600075122485573,1.2526923408887018,1.0388684900076508,1.0280717059007305,1.0074958766192819,1.0039609586476654
2.9436776590397598,1.590900229398912,1.6362365075765823,0.5830107904294313,0.5119486218828204,0.0,0.0,0.0,0.0,0.0,0.16863745578444736,0.49750003494040435,0.7543246114117796,1.5072902037803044,1.1909269746000388,1.3373792651858278,1.046172621370882,1.0120471162395976,1.0062987263851944,1.013147778040022
5.81835667690556,5.062482007930493,1.7635464548359248,0.8126017634869956,0.6382240417597241,0.0,0.0,0.0,0.0,0.0,0.20251714772442275,0.4968792956851655,0.7644185892742033,1.1827461459980808,1.518379099617032,1.2449347078564093,1.0344496728561172,1.0188076762618232,1.0119382061601727,1.0031410335860433
15.579617707060788,13.557403334984434,6.3669455507470145,3.6538503699417206,5.650126588214475,0.0,0.0,0.0,0.0,0.0,0.20486079756745873,0.5220650970413946,0.7714661753097729,1.257372619979258,1.5260402933305426,1.278746956824167,1.0368075294802954,1.0208567376853024,1.0097197882087579,1.0043353821963297
3.7418526839785216,3.813455014707473,2.7991215211594813,0.8474996513983524,1.2009363112441152,0.0,0.0,0.0,0.0,0.0,0.2071591442897162,0.4815612496834554,0.6450273435984447,1.235660253141036,1.5447749835492808,1.2576187081210564,1.035638348000476,1.0248483301063493,1.0119090976145624,1.0043982238454463
3.477579710033639,1.980058559780631,0.9155052375952355,0.7641644358526803,0.5237292295958458,0.0,0.0,0.0,0.0,0.0,0.18445359730723535,0.4766718350732264,0.8114974808834671,1.2363332878424087,1.585706932391346,1.2973648648145484,1.055340398284879,1.0289796259265578,1.008577074235796,1.0044048596626693
4.338240284895354,1.8505498573224002,1.5399327808527936,0.5660999927742784,0.5797679496657377,0.0,0.0,0.0,0.0,0.0,0.17300871557353908,0.4505361784593753,0.6981768725077383,1.2059544744528818,1.5638951523761553,1.2631133738239777,1.051589786891026,1.0257413812723504,1.014306282811678,1.0053021946018088
4.911087071778684,4.495296177411978,1.378666588662016,0.849888269841305,0.766569388959543,0.0,0.0,0.0,0.0,0.0,0.2014098611966923,0.5387673850112806,0.8171349591346,1.2059530121442472,1.5363026736290915,1.281591005930682,1.0327665225815144,1.0221344892878623,1.0078868551271807,1.0033417302079397
3.9849612225888293,3.6827690959852526,1.6854766622433353,0.9942232563720792,0.6345915439584873,0.0,0.0,0.0,0.0,0.0,0.17819016069114896,0.4956258912212112,0.6926998297064797,1.1682241106896087,1.5463343625140786,1.3293941679369246,1.0292704106127428,1.0292573736643689,1.0120567477397444,1.005910673366345
4.430832641762782,2.554941502874905,2.1716844579489267,0.6056884039748438,0.6828854806633242,0.0,0.0,0.0,0.0,0.0,0.1917257274306985,0.4499851633181175,0.694538969607759,1.5234416081597408,1.2023240889502682,1.2730427301493525,1.047414938182155,1.0269020822441706,1.0051566708404478,1.012414803707338
1.361062385250812,0.8256228753201817,0.7635015904357262,0.21676440573627712,0.22785152032806755,0.0,0.0,0.0,0.0,0.0,0.1855804264244229,0.3665642667765913,0.5913764562937426,0.9851056544835749,1.5373386041102926,1.2419321805080814,1.0627483166638538,1.0322221575588852,1.0234272714324468,1.0069432364784558
1.4262027368428793,1.9795657004473477,1.7657562028908855,0.36339793886636923,0.346496914556088,0.0,0.0,0.0,0.0,0.0,0.18580963353909116,0.4513674714871044,0.6238999386872772,0.9832178024639726,1.4756328267453203,1.3502595092451533,1.0338879673449834,1.0076334991133145,1.0246476731877092,1.007570068583786
2.4577905032609846,2.1321309458654247,1.6704487905996757,0.387941563336624,0.5928051807451322,0.0,0.0,0.0,0.0,0.0,0.20397442393498147,0.46762309523997714,0.6610032969729712,1.4998567278087487,1.0624486441605685,1.2440833757921566,1.038197858947413,1.0078457981274487,1.004371526992069,1.0107093102402362
2.7013510463445507,1.545367099994296,1.3641408350469493,0.6268680327115994,0.5797168919295486,0.0,0.0,0.0,0.0,0.0,0.19328125150156958,0.46814676141254496,0.685905512750079,1.1911449699433576,1.544825120156271,1.272168751629107,1.048449546041447,1.0257085825306413,1.0118950040541954,1.0049481768862125
1.0474257690510886,1.7477428422601524,1.0862043042322278,0.4377128776287851,0.32581896511699454,0.0,0.0,0.0,0.0,0.0,0.18472089901379224,0.40867518958995763,0.6484557828387165,1.0537316159632353,1.5430411741743624,1.3951986637847527,1.0516706386645664,1.021453038306743,1.0146603790168471,1.0064715896992467
2.147627181946059,1.8872800853296379,0.7357680960332382,0.34396224631188965,0.22724387523096956,0.0,0.0,0.0,0.0,0.0,0.19479077715267556,0.5220248189583091,0.8474972055456903,1.1870524003688905,1.556134147834094,1.2944257785217754,1.0454067967899376,1.0160725129496455,1.0107922209292026,1.0038182658193335
1.4124274051928023,0.769226464080563,0.4877895665087381,0.382150333893294,0.32726726795839656,0.0,0.0,0.0,0.0,0.0,0.1814353207993851,0.5110584056871026,0.8658966769938673,1.407329369214047,1.6309189323882631,1.317058037911539,1.044656684543834,1.0205144675521907,1.0033853443205223,1.0014405992573465
22.696658158404354,19.296411631121064,17.296142994481265,7.2160081789568125,5.389333639171941,0.0,0.0,0.0,0.0,0.0,0.17266669581129043,0.4404248220062224,0.6118951386271297,1.4816267728736894,1.0854063947671773,1.366525208827463,1.0393806783064026,1.0238649369094739,1.0056956672138668,1.0148547193832689
180.02140752914465,42.92904248914177,25.898524248961223,3.147921093758954,9.25489961931365,0.0,0.0,0.0,0.0,0.0,0.1387722269308412,0.24179042102618606,0.40520878459852855,1.4093060704132352,0.6557233328569442,1.121614748102658,1.0810786212920467,1.0445425322478674,1.0107711772740555,1.034755065164683
20.925891750471415,10.777851780061315,3.7983156185872553,3.3316794071540814,4.367343817173138,0.0,0.0,0.0,0.0,0.0,0.18524356429522476,0.5059394570798772,0.9834283340080855,1.3924119622699282,1.6655936719318953,1.2896239938821745,1.05775489504636,1.0191264751496232,1.001082347818717,1.001718214241654
14.112535004875378,8.380219281675476,7.145439523326163,1.5568055053039676,1.7943965103614061,0.0,0.0,0.0,0.0,0.0,0.16343343089565568,0.4270016366932123,0.606608497012983,1.4686729773330478,1.0262028239289933,1.2599535652495655,1.0403639153123287,1.0145276901106692,1.005961181911575,1.0176655140425612
19.9182170419759,7.739001278781458,2.5436414571889876,1.962997420907302,2.824781864503273,0.0,0.0,0.0,0.0,0.0,0.1814102531427627,0.49398218967769275,0.9815411718919337,1.3701404678944917,1.6565379833028884,1.2620401998805861,1.0676927221071535,1.0203828023466497,1.0036882696755534,1.0020673215572324
16.76205846620492,4.24753518305896,2.443489939961317,1.026953689132002,0.9452317187713148,0.0,0.0,0.0,0.0,0.0,0.1559540704163237,0.3825025300385693,0.6266710683410102,1.49038570998956,1.1113366192098435,1.1820928795103556,1.062699767626861,1.0232819258014016,1.0059142289888205,1.0135994031874365
10.240756118966177,8.243728663722248,1.539893378972847,1.314287053388226,1.1221270787005442,0.0,0.0,0.0,0.0,0.0,0.18567804458602305,0.5213219291641837,0.9492847435291901,1.3822895419707375,1.6690763982383447,1.286910378200602,1.0379587413891176,1.0219963243327936,1.0009777777675688,1.0019974959906566
16.381037431727144,4.584181311083961,6.594947414207928,1.1170425509921755,0.9550144393096878,0.0,0.0,0.0,0.0,0.0,0.15150396714468406,0.35015763514454107,0.5336914445656649,1.4645484443818844,0.9537700110505726,1.2253913399910725,1.0710774795812092,1.0246461203759762,1.007626477260774,1.0318072845498678
8.508511694942092,11.795095047128248,6.15090951086995,1.134180174193528,1.8960513124667628,0.0,0.0,0.0,0.0,0.0,0.1440185986493287,0.45020978773122594,0.6028682489322745,1.4111097165940405,0.9113206918341082,1.4701928052331092,1.0214491676689301,1.0118988210667006,1.0089451309370117,1.013391363970543
7.87127512317944,7.22381292166173,1.4814090341588417,1.226526131639023,1.0968937285006604,0.0,0.0,0.0,0.0,0.0,0.22061576104140365,0.539095630812902,0.9379800168614636,1.385288148703546,1.6646201486833294,1.2854561888808882,1.0346383335733398,1.021235071627835,1.0035067865741814,1.0021377759500147
6.919016841849529,3.895940223088754,6.021372990378849,1.1026749703078491,0.8779289992725812,0.0,0.0,0.0,0.0,0.0,0.16327884957306496,0.3682165935867243,0.542335569823717,0.9049779367918298,1.4162782092438384,1.2674012491161972,1.0569182349620447,1.017833426025612,1.02064663758885,1.0063428628771385
11.96364465552637,9.088486041684671,6.639831667131472,0.9735031348605002,1.5977014760140857,0.0,0.0,0.0,0.0,0.0,0.1653724411705321,0.4391030870372426,0.6224508919810814,1.4801943001544802,1.004978325321006,1.2674064978888795,1.028005835528104,1.0193443806871365,1.006563273641282,1.0146662482542155
11.437752845693863,5.131714998925064,2.6129142148303055,1.0129825822755338,0.8072197073158275,0.0,0.0,0.0,0.0,0.0,0.16493190668350938,0.4375370605742584,0.6687449031298702,1.5079234861308854,1.1837526189063494,1.2551140298156547,1.0392006847995645,1.0262338599459093,1.0056648659778271,1.012289386545754
7.085290814176281,6.645394688332277,4.918909820274612,0.8384502278622936,1.0284351693821754,0.0,0.0,0.0,0.0,0.0,0.1768888707804957,0.4397284791876922,0.593730508306733,1.4568332430246729,0.9781223892422949,1.2708127910667972,1.0220375528418477,1.0243002766867,1.0067442992791298,1.0178175829496827
6.759607353435081,6.615269064362446,3.791110221771946,1.2599964906078907,0.9481020269733982,0.0,0.0,0.0,0.0,0.0,0.17245307866394155,0.4535722518725839,0.6338888316177917,1.0636404322184119,1.5293317325807827,1.2830824539221057,1.0264373917527285,1.0212167975874034,1.016005156184862,1.0057836182615263
7.552840010374078,2.5495069282499316,1.863595775457076,0.7336698153638379,0.762761406646911,0.0,0.0,0.0,0.0,0.0,0.15832458343835606,0.38652242243409557,0.6279660957270733,1.1438653426088785,1.562552471993562,1.2317802312240602,1.0638848609751923,1.0184868723423892,1.0142622006488715,1.0066511135908096
7.411614597841485,4.258392676048252,1.3866361108306073,0.5345795254451149,0.5336989811857376,0.0,0.0,0.0,0.0,0.0,0.1643836567432061,0.45850602535133866,0.7322609025207109,1.564567562625581,1.1901626360133222,1.2845355174242987,1.0368174577483298,1.0269106726451236,1.0040852529537267,1.0143825321870614
3.201026769253738,4.3633938207524725,4.925071737459412,1.022266680521271,0.8673287556676363,0.0,0.0,0.0,0.0,0.0,0.16373924653803648,0.38231414419412474,0.5661523981716872,0.9992101102848645,1.4707048095353228,1.4807069398241604,1.0566409160725325,1.0124260835217815,1.0198876382323452,1.0067680658153442
131.89083089004265,31.881520930021775,7.0608115795692985,3.9301271950338714,3.5649176738058985,0.0,0.0,0.0,0.0,0.0,0.1514494463548338,0.4158359617664975,0.732023119896646,1.6534184131693395,1.3803806635277827,1.2316147623797746,1.0591691380490984,1.0445088116477104,1.00257741800612,1.0061432809293078
5.4383686274143415,3.881404746884292,1.3409834683553103,1.522902021041646,1.3087160022850601,0.0,0.0,0.0,0.0,0.0,0.17242575876388544,0.525912638067249,0.9112642326565085,1.6028747320363619,1.296893172778482,1.3611934716463971,1.049988043203945,1.0247037205656193,1.00286746360021,1.000734365413026
4.64953535415012,3.6590374471808382,1.9883932420776163,0.7447716935863145,0.7086258852912406,0.0,0.0,0.0,0.0,0.0,0.1678780926505332,0.44110666987564756,0.6316219619313171,1.4720160742411224,1.0672318981369877,1.2843163615862665,1.0264127420619111,1.0220907500483898,1.0058815748332033,1.0139558929998782
12.80375449700917,3.730325635180175,3.6901194914015774,0.6284825195000586,0.6480168398638894,0.0,0.0,0.0,0.0,0.0,0.1523795912438765,0.4010000086836387,0.5574662109341431,1.4954320820996043,1.0145646608308418,1.2289794901950053,1.0498614620666757,1.024036875288024,1.006660922070696,1.021661586133449
4.582906363280053,3.940014193118368,2.383466489654611,0.5520580272271507,0.677745417896442,0.0,0.0,0.0,0.0,0.0,0.18326555376012624,0.4545280919937733,0.6946585605255762,1.656427772443798,1.305932350001594,1.3072564548239682,1.043584638777061,1.020949548125514,1.0029439494598247,1.0080192377869683
4.783032462699447,6.21031888185311,0.9170705533249439,0.77827547799373,0.6137922283535755,0.0,0.0,0.0,0.0,0.0,0.18712536017327394,0.5232875945032327,0.932066772235262,1.3673073479093496,1.5920773055767043,1.3161332831808634,1.0303442572931254,1.0203604084146507,1.005938227606415,1.0016061372514005
7.019679272579388,7.20549535866912,5.238079906499822,0.8352717696577102,0.5982488873262829,0.0,0.0,0.0,0.0,0.0,0.18412619202255398,0.45613758614609534,0.5998765928500251,1.0077271594530894,1.5077973416598134,1.2798493744983477,1.026123525705496,1.020612298535,1.0146113481392776,1.0062001443389585
9.315217742322906,3.0158724622061017,1.4116635799227981,0.2753007551722888,0.23333565660068328,0.0,0.0,0.0,0.0,0.0,0.13867462552873694,0.26824841410416783,0.4776531602947785,1.636811472105294,1.0100804714581881,1.141801850735124,1.0697345159795597,1.044356886607888,1.0050761620908681,1.031622211640616
2.735486170693394,4.846536589428597,2.1439416344960045,0.5644526680161281,0.3559274032397811,0.0,0.0,0.0,0.0,0.0,0.1586661366645057,0.46792172555216205,0.6590784262025042,1.0814957700821204,1.5355229786397027,1.4471549988507095,1.0185787515469908,1.0176339574371116,1.018306268414417,1.0065215878669584
2.4538931873501744,3.1439403133527932,2.751922049272314,0.5559401805637156,0.9287080233112706,0.0,0.0,0.0,0.0,0.0,0.16507338063699242,0.4472593580562259,0.5714650967809807,1.335989053373742,0.9037981244307434,1.3769777098115465,1.026834776703058,1.0157539511842972,1.008948343183935,1.0137022059725187
2.349442399831731,3.385141953992116,0.8326471362063345,0.4951342025637896,0.4638912995777112,0.0,0.0,0.0,0.0,0.0,0.2333519321673431,0.5134267507410495,0.7884308748866775,1.3385740580809886,1.65520325480728,1.2498143384352642,1.0276147007930387,1.0264682829928775,1.0055442963836776,1.0025344331068322
2.9092648947948008,6.817199839794105,0.8322578747677308,0.6671417343026704,0.35057772924886155,0.0,0.0,0.0,0.0,0.0,0.1698663939079125,0.49798641460124377,0.6952469743329626,1.1174857205827144,1.5501113709361936,1.3860160107860477,1.0178677949826216,1.0323409621679813,1.0148110804663948,1.0047941202550195
1.7480238825276466,2.520075073507754,2.2866187313946256,0.3913572621831459,0.33360215737345433,0.0,0.0,0.0,0.0,0.0,0.19191030975852275,0.4419443646673149,0.5874224690075769,0.9859011686441059,1.4565713595928818,1.332238675773196,1.0311256782727514,1.0222910018586338,1.0131430398880994,1.0083789549346323
3.3895575899291592,1.099293886718491,0.3547137970251069,0.2880901478574299,0.3734606009633451,0.0,0.0,0.0,0.0,0.0,0.16984272979239928,0.4659760417489992,0.8375854503734397,1.2536639717869753,1.5859636524412135,1.2568598059441967,1.0543950188898354,1.02504060710957,1.0084518957118853,1.0016499005491142
77.55200724071224,46.0797469963557,9.342795211461311,6.787506669411736,6.449277820258513,0.0,0.0,0.0,0.0,0.0,0.1669321498638675,0.5092193395848985,0.8054772970517479,1.5353656177432122,1.2229153345464023,1.3023099653756702,1.0277978320535472,1.0255298127277725,1.0023940408679524,1.01007379400769
106.30649106672422,23.272691583097306,27.455454528952295,3.0956055612654003,3.3737384248038182,0.0,0.0,0.0,0.0,0.0,0.14913583881358877,0.30642377190645725,0.5410641183241511,1.525027621237277,0.9642200761038602,1.130421690713511,1.0716610974541807,1.0194095554988127,1.0071149978355152,1.0304366828304081
29.015415877547145,24.750438842474253,4.479237447661862,4.382592847150348,5.008596776492756,0.0,0.0,0.0,0.0,0.0,0.17511165772881407,0.5048421314253385,0.8179852070600447,1.2789894452400612,1.5914267707895808,1.2906786280325788,1.0285097372302807,1.024071449564703,1.0055777209010457,1.0024524608761993
26.126656869814234,20.373301747773308,21.96206445115407,1.6784278931250463,3.125316142102527,0.0,0.0,0.0,0.0,0.0,0.17479992451542936,0.45007562769173887,0.550880446084952,1.5052018459444798,0.9381789082116101,1.2533996142479416,1.0263692760694303,1.0165938857164378,1.0068301126168104,1.0266757325384759
10.708578560286144,10.375605765596607,2.5222000281001966,2.7732267364604706,3.9364408904825554,0.0,0.0,0.0,0.0,0.0,0.1801836650226939,0.5132319395162193,0.859287238701688,1.290033270114212,1.6049022020718213,1.3713995263552814,1.0350709028640597,1.024168706725475,1.0050520365308486,1.0027398736294202
33.83939103030397,13.688996859023394,1.3713527130997991,1.4345920661240454,1.6205814472250857,0.0,0.0,0.0,0.0,0.0,0.15977380448412903,0.5029702497114598,0.9060880209435185,1.5579245558639752,1.2862343363540623,1.2027954814075592,1.0249683627031008,1.0191589195107533,1.0014826384887228,1.0050646886092605
18.35003507680826,16.849765367661256,1.9423433943266226,1.6181010844302535,1.530729354842927,0.0,0.0,0.0,0.0,0.0,0.17450215767278277,0.5001023804820212,0.8189050446268609,1.279912915746782,1.5648721288187493,1.244134247162904,1.0246931491228068,1.0241374140202613,1.0067414862392,1.0020203166910777
21.753382810558794,14.128700002498453,1.956988343028462,1.1247115694774916,1.499521089688165,0.0,0.0,0.0,0.0,0.0,0.17271265469905378,0.5026168462195926,0.8040071653686571,1.546246630948498,1.253707730932304,1.2571963633698084,1.0268903178295856,1.026454719597748,1.0022871984221113,1.007219468217966
8.688888870715944,18.764005609650887,30.415451724891465,1.6216429245323851,2.3686761741654356,0.0,0.0,0.0,0.0,0.0,0.18429268036030647,0.4247987784801677,0.5221031237839219,1.383585276270041,0.9428338402738251,1.3310084509568456,1.0269922696387064,1.012371120500893,1.0106927680920677,1.0152616111711916
11.382616754458223,30.072477924323607,3.1451920334184673,1.5237727773574992,1.4338595056597956,0.0,0.0,0.0,0.0,0.0,0.18868420396519145,0.49373773674584165,0.7911925245809056,1.2134670883492882,1.572841975037863,1.3174109382127202,1.0203985415998678,1.0271834923173262,1.0104133157136514,1.0020131475797363
12.075349942520756,5.912542635816489,16.87856187383549,1.2543707738903258,1.5757750879962122,0.0,0.0,0.0,0.0,0.0,0.15959124748831435,0.37338495479831646,0.531244408259014,1.360929975729616,0.8960728674409135,1.259986688598311,1.0576680227924316,1.015701062126648,1.011044319779249,1.0245889314488992
19.558849835833236,32.097974244047826,3.30220183722322,1.1390474962444697,1.3436837356599107,0.0,0.0,0.0,0.0,0.0,0.19224148083809836,0.5039850064142823,0.8149473927894083,1.5451829858827617,1.220449295469364,1.242095625203054,1.0217268880830557,1.023042693220884,1.0024459213524564,1.0099990656748694
24.307940329712515,11.385942446617367,1.6471222024624619,1.2103288742907004,1.4587430407211883,0.0,0.0,0.0,0.0,0.0,0.15490856201669753,0.5202582046590369,0.83262612191691,1.5313037033476546,1.2664328393878885,1.269978056691289,1.0232517970523198,1.0275448620476932,1.0039525209291817,1.0072777703298539
12.441413657145718,13.161286948259923,2.3122819422612997,0.9368788009158167,1.0104852652928555,0.0,0.0,0.0,0.0,0.0,0.16827487142232272,0.49836463150549126,0.827700645867703,1.5191224817937494,1.202727103978477,1.319302605372606,1.0257092089004483,1.0215935803496088,1.0034834281466023,1.0089502060090358
9.476834858087852,15.629970257395893,4.042865759979124,1.184670453119716,1.288982123848135,0.0,0.0,0.0,0.0,0.0,0.18878526374000806,0.4702882824459067,0.6490313766936932,1.5671321276385222,1.1772860106915688,1.2744646353481524,1.021978038724502,1.033943455517696,1.0050150486204286,1.0160202981111752
10.767020634533969,7.109463774053144,1.0273739561383233,1.0311058511113023,0.9053400852168896,0.0,0.0,0.0,0.0,0.0,0.1771697337018269,0.49887082343480443,0.8627757676493101,1.2741407349321732,1.5720345839128864,1.25055117099618,1.029387769188144,1.023917557104506,1.0066167980541654,1.001633663331562
5.793968063483051,4.289990989153061,1.4114395085481095,0.630136490591841,0.7162820895759051,0.0,0.0,0.0,0.0,0.0,0.18258042999412658,0.5050623235113727,0.8130840083862207,1.2111239093698993,1.524992416529505,1.2587422637296284,1.0292907735400636,1.0181509941396398,1.0107456162638937,1.0043659155284566
7.2805755925970645,16.99897766965556,12.614674685861907,0.8365956403339583,1.641169014402815,0.0,0.0,0.0,0.0,0.0,0.2035011531522075,0.46388467629745556,0.5709235858250593,1.5342863514237355,0.9878321416906681,1.2811804322903069,1.019475997417676,1.0170501428256737,1.004972123291274,1.017674678606952
36.426802591981094,47.54115857724761,5.962739648372536,5.074895352684218,3.7177421046085017,0.0,0.0,0.0,0.0,0.0,0.1605896883169927,0.4834480775307855,0.808283486852145,1.5423423542856072,1.2295158149974843,1.3393995931817846,1.021833887151595,1.0192276168292176,1.00248574783021,1.0076250004577314
8.454098496631525,10.195444148688857,1.7949661809973236,2.0965916401696667,2.180492423221134,0.0,0.0,0.0,0.0,0.0,0.18092747655482339,0.5178363809287908,0.7989092423330226,1.244651958192435,1.5624872145794972,1.2735332436633076,1.018453274213799,1.0209673193902908,1.0078390143536453,1.0014306837260731
8.988705498242263,5.658408993700066,0.8526707785442301,0.6952101416050636,0.7444635166459618,0.0,0.0,0.0,0.0,0.0,0.1749326679445276,0.5044761504069442,0.8283030211415895,1.5518117343300422,1.2182049970084192,1.2576765340391487,1.0259169204832652,1.019926075482309,1.0034820361237404,1.0101150071425868
9.131645805771376,4.82154906375803,1.1502950781324601,0.7075884055349257,0.6330134378552235,0.0,0.0,0.0,0.0,0.0,0.17014189859004764,0.5012241462548521,0.817640585981703,1.5755940782218556,1.2298152601743462,1.2834073846707597,1.030408568099945,1.019772033325665,1.0032987564572964,1.0089628481279005
7.327116690092519,12.14977084699564,1.652378170283073,0.8305401788580914,0.5425254376685287,0.0,0.0,0.0,0.0,0.0,0.19284423178008916,0.5092025213295447,0.8059912104857759,1.2444740522654663,1.5794760272838697,1.283617587198425,1.0217958071158737,1.023637201026696,1.008145089539059,1.002506090777922
7.108674245889722,9.785118979043512,1.184891918935838,0.7219811946121938,0.878931545771701,0.0,0.0,0.0,0.0,0.0,0.17132000345820025,0.4923607047895639,0.896649979043413,1.6142541943388333,1.3816784993726423,1.338889185540733,1.0306739274897903,1.0241318480018873,1.0015979297252935,1.0070797099001652
9.90001596887452,20.30823784478295,1.7370414804098744,0.6875244609559638,0.7403331490720995,0.0,0.0,0.0,0.0,0.0,0.20343783868848198,0.5206745842757048,0.8061333374093241,1.517041449100364,1.1825996100332465,1.2725399908925084,1.0162280482844468,1.0234396731806588,1.0051395932808207,1.0105844823618129
4.36470981423774,1.140472412150372,0.40174462278206313,0.261935796909713,0.2854206079652853,0.0,0.0,0.0,0.0,0.0,0.15658715188103217,0.45833547516940726,0.7521692861658243,1.3250768719932882,1.6219051485860407,1.226744593094547,1.0454861535211017,1.0356367417762677,1.0046574719504573,1.003147513419203
3.1160959011176805,6.884633803160286,7.792864166035322,0.5704606716300764,0.6639848729187523,0.0,0.0,0.0,0.0,0.0,0.18576323649677595,0.45035578315875563,0.5485474793451716,1.4462694465149086,0.9815892821850535,1.3274337259717268,1.01978337285428,1.0136817210183036,1.0101824998628193,1.019132157934464
3.8927940517487243,13.484055243882228,2.588056137654596,0.3682059618655158,0.712598304653026,0.0,0.0,0.0,0.0,0.0,0.18366962631923103,0.4767042263572748,0.6208052634142303,1.5258692544975048,1.007512846877562,1.3046879355548138,1.013044604059935,1.0223537982953708,1.0068870348505792,1.018722084409204
7.146058037491292,9.144105181332623,1.4372266510976268,0.8566204028321043,0.8403653254764123,0.0,0.0,0.0,0.0,0.0,0.15215332769989637,0.49703033096117616,0.7359546585635561,1.2473612725427166,1.553135582354781,1.4310392430312622,1.0223183578918513,1.0313082792543973,1.0090919528116298,1.0034206451614371
4.309604052077531,7.004686983700519,0.713200749572948,0.5135825140003941,0.4420953672387117,0.0,0.0,0.0,0.0,0.0,0.16469009242196167,0.4858219027146974,0.8924353846058072,1.5643972143513194,1.2841450443698907,1.3530703287836243,1.0279242918808509,1.0219845362965658,1.0030617707753862,1.0061499130529388
2.9610555005162915,3.611955161825523,3.349676710509475,0.3816594795857839,0.822199885625475,0.0,0.0,0.0,0.0,0.0,0.17479017977990707,0.44114072258823894,0.5616762718796663,1.3962405574238737,0.9123382135554096,1.314847939641607,1.026378332409427,1.0146256126679392,1.0084804603218862,1.0181499108637957
2.365999036865021,1.0132642063189685,0.3977525879476837,0.49621165666491895,0.4091859499355334,0.0,0.0,0.0,0.0,0.0,0.1849007222653386,0.529755936158221,1.0547016552852597,1.4199829863173778,1.6363448635990976,1.2921007994735216,1.0554438128715302,1.017174758566843,1.0029149186153996,1.002100446583965
0.0,0.0,0.0,0.0,0.0,0.0,0.0,0.0,0.0,0.0,0.0,0.0,0.0,0.0,0.0,0.0,0.0,0.0,0.0,0.0
63.9663637304953,21.320715882839334,6.60338169348959,1.8593467319281474,1.588044868874072,0.0,0.0,0.0,0.0,0.0,0.15198517613334536,0.2990566006445575,0.5019447581835857,1.4997543040126322,1.021143266406283,1.1268303561006865,1.0626082020597674,1.0535491056709845,1.0057933766686522,1.0236791956220277
20.215568021033008,7.241378580376872,2.7094025250444673,1.3542656446999548,1.108699202396803,0.0,0.0,0.0,0.0,0.0,0.15645269097108927,0.31691053741155173,0.5828019184079579,1.50442576433212,1.0869136036325104,1.1530916286725386,1.0667055304521198,1.0446529294445992,1.0050735014033778,1.0177534685644347
70.4335885384942,17.341455069831248,3.5780024207298053,2.6074537453581437,2.504935277872731,0.0,0.0,0.0,0.0,0.0,0.15733927954849572,0.3712850508245561,0.7652689937505858,1.5253791909535952,1.2536099813323422,1.1583100536295174,1.0732631197650708,1.0334334920581858,1.0030106127994973,1.0092161209527986
14.71323449323026,3.5266002003438417,2.1292763762144857,1.6265186644732448,1.2262377137494835,0.0,0.0,0.0,0.0,0.0,0.1557037561571516,0.32768741509699606,0.6310643006489906,1.5276137001617596,1.1117021644335319,1.1652966415053727,1.0968397662116933,1.043374056436368,1.0042267742206856,1.0170804472709665
9.072807289679226,3.2343451456743137,2.940553249611172,5.611441295258993,3.146987327160752,0.0,0.0,0.0,0.0,0.0,0.18145968522492184,0.5479506704266007,0.9221895283381754,1.3130351810035157,1.5768776012820116,1.2803961761403004,1.0524745422865196,1.0186731025393696,1.0043174222175721,1.0027173629208468
18.236531822350607,3.9951288929637316,2.4282547581321845,2.45485242959692,3.0294340418681904,0.0,0.0,0.0,0.0,0.0,0.16959414128610792,0.5175202804475073,0.7981199435776539,1.2120280442815405,1.5376637033587706,1.1926406455419238,1.0485894380401948,1.021669372160238,1.009900130276122,1.0025382291345406
3.7260003402054402,1.7155712089007467,1.1967483588249261,0.9806371416668442,1.015257652874568,0.0,0.0,0.0,0.0,0.0,0.17466835607031955,0.4111885024919201,0.6985178869207289,1.2078078555534653,1.5328841276786618,1.2951751486817429,1.0720062759641085,1.0358609248232375,1.0067530131163662,1.0030382619912068
97.07758062304366,19.022862672899983,15.434415240449436,12.1063398086476,9.776434801159382,0.0,0.0,0.0,0.0,0.0,0.16011160072107544,0.43200938553045076,0.728369046203266,1.5312191939046624,1.1787796887241937,1.2163760905210996,1.0737301433079387,1.0265625309914805,1.0033175611026524,1.012146609387038
5.885007927341244,2.5160678595129,0.9654987455356903,1.0151753329248883,1.3496589375447177,0.0,0.0,0.0,0.0,0.0,0.1869046720486505,0.5813369552648989,0.8868029054957688,1.2388569456900165,1.5552679962473897,1.2692139142372096,1.036388442980085,1.0168350815935452,1.0084249730581591,1.00286543748291
64.64909632415318,14.890528761574899,10.616124966567792,9.04886661522357,9.04496416427287,0.0,0.0,0.0,0.0,0.0,0.14702984899266303,0.33653364203141406,0.6683885703774746,1.5279285003280993,1.1918426968969102,1.2546950613145773,1.1232272595203656,1.0434511146961984,1.0042641799405922,1.0115281405689425
13.85262024336655,3.34537961949831,1.7917212462610312,1.2845637513872676,1.2426916523069491,0.0,0.0,0.0,0.0,0.0,0.1519182593687861,0.33916817236103436,0.6266570671828067,1.530798270607995,1.131244137997998,1.1919576566652361,1.0880555982957074,1.0448872515091228,1.0048855702747665,1.0137411150899878
5.358269236554095,1.6093515548528614,1.1227057290496223,0.943846122086408,1.1634012491986188,0.0,0.0,0.0,0.0,0.0,0.17120591662180162,0.47127885873210074,0.7608372359757561,1.1425820541830263,1.5274583644266162,1.2129091538149828,1.0517129662274907,1.0218670354276933,1.010413685762377,1.0037430576544284
6.729428819454408,2.274259250927451,0.9371667526297923,0.7800712675228275,0.5935312393112969,0.0,0.0,0.0,0.0,0.0,0.1807407408889348,0.5654470958343314,0.829710152094282,1.5579640679880185,1.2486524916967536,1.2357439294141828,1.0387442365933504,1.021862937066223,1.0034651924940032,1.0099881974776843
2.8310417238492556,1.0360596925036696,0.4053230200106778,0.19808690155501263,0.2694624272371958,0.0,0.0,0.0,0.0,0.0,0.14166921098323668,0.33150636428084596,0.7378784857553493,1.655573910397326,1.321820703294081,1.2995838311056205,1.1061389776903652,1.047895446012741,1.002477801865691,1.0065685702920295
5.694826665203292,1.091794848032481,1.3731100495555868,0.5903269803604806,0.7737119255502076,0.0,0.0,0.0,0.0,0.0,0.15218960366016812,0.33534669415010115,0.6350481028628205,1.157217758491702,1.5390136570709896,1.2350587494121497,1.1369141708410737,1.0356323957656943,1.0141178411814513,1.0042337257572944
3.8953273886204642,1.3664492879298387,0.7234992007008711,0.835634918507273,1.356100847200296,0.0,0.0,0.0,0.0,0.0,0.19400560369220535,0.5858373175066456,1.0101676627577096,1.307681218337648,1.5222352433839692,1.301050613734728,1.0533039979489227,1.0139269867124021,1.0038601695210114,1.0014368710677553
8.959683311477553,2.7168873471657795,2.7134896785177167,0.6605733837381761,0.6986618300716827,0.0,0.0,0.0,0.0,0.0,0.1581952764544537,0.42846991207824187,0.654024452898846,1.5178426991607243,1.1998263111964158,1.1823165761819527,1.047828612297289,1.0235952142875884,1.0043634517960274,1.0129709743157913
7.251258149810414,1.64454113666972,0.9335776707719219,0.6004012992407393,0.5563817993721821,0.0,0.0,0.0,0.0,0.0,0.1682425811882352,0.4641629142524058,0.7906269920371465,1.4989074706766612,1.1408561445575096,1.2250260538442745,1.0574193894331747,1.0141018577594065,1.0062406265111017,1.013119995079945
19.13361964507398,4.922654802467375,3.0714735858208004,2.7359977848037857,2.963684626176985,0.0,0.0,0.0,0.0,0.0,0.16366126522444083,0.5405596344752313,0.8426026414316604,1.272509431242521,1.5712138400749927,1.220586436809837,1.0461189584355668,1.0236598624645892,1.008154511267586,1.0032221437378672
6.21198238754426,1.4360662352985982,0.6082998780369543,0.9387385361677406,0.7885264611610966,0.0,0.0,0.0,0.0,0.0,0.166921427417342,0.5523953428093594,1.004393425249366,1.5601163377274863,1.3052891060061107,1.2210187850147292,1.047711569884464,1.0158727326205872,1.0015728721429595,1.0044627683266805
1.613370202002466,0.44999818025384786,0.4012952008955174,0.553208639542494,0.4140999391922284,0.0,0.0,0.0,0.0,0.0,0.2156637511184784,0.599790853835305,1.0584073778630212,1.3496976159234855,1.615747367324848,1.2206890993285169,1.0554958175166056,1.011854846615638,1.0023723762041317,1.0026397096455228
47.13879724337688,10.58265007666392,6.086757596365345,3.839499250639554,4.982567611901205,0.0,0.0,0.0,0.0,0.0,0.15867852867929333,0.40907478019800947,0.6785680822804279,1.1380798020722231,1.5316786213622238,1.1897476606106383,1.06707918383977,1.038866122420289,1.0160734007583798,1.0045302935870337
7.075575963183839,2.6089459222021505,0.9267029848490885,0.6646596022025818,0.6033259703390543,0.0,0.0,0.0,0.0,0.0,0.15961361687327186,0.3276049943117087,0.5865431847716195,1.0932081178239308,1.5303570706887912,1.1894743778526093,1.0687035294302485,1.0587085009782042,1.0139410319398487,1.0035049102879194
1.8148019585197548,0.5022198703623701,0.25788399571397236,0.316817299520587,0.22589720204056407,0.0,0.0,0.0,0.0,0.0,0.17434514452178634,0.5889766712542348,1.1271320052330065,1.476864824012193,1.6536743315767783,1.2966587051153813,1.0580440401778797,1.01299498312282,1.002742417524622,1.0017220493769707
5.605473997241492,1.6992595530628916,0.8159814831543667,0.503587330932364,0.5344313273620782,0.0,0.0,0.0,0.0,0.0,0.16799359335097797,0.39462029174472324,0.7566057018290656,1.2867512542271047,1.5521952399708154,1.151372131632827,1.0574751916913312,1.0293442646616175,1.0070673226779385,1.002803952835669
20.4746113747128,6.083723025773896,6.034885882298858,3.842641361201527,3.7310569659551844,0.0,0.0,0.0,0.0,0.0,0.17422964174118385,0.4208433412126177,0.6780894251207875,1.2358864891122099,1.524332373798746,1.256486834474912,1.077620068830402,1.0270866044601532,1.008865174205912,1.0040989120296537
0.8860502036734028,0.7202962159122055,0.2911702137122621,0.2468518444333804,0.19988068154764066,0.0,0.0,0.0,0.0,0.0,0.20684558840942094,0.4822886848454805,0.8439570939737192,1.3761370026511708,1.6621479698120634,1.2865471233789827,1.0570115691641626,1.0330703198694982,1.006488034312914,1.002187091821535
15.408184564856018,4.907168571417753,1.797551688527929,1.3607010102354835,1.5405486929509276,0.0,0.0,0.0,0.0,0.0,0.16619988620338141,0.5488541738468038,0.8618369332050907,1.281876663915661,1.5819911989131505,1.2467284188489596,1.0442948005557156,1.02495086617794,1.0084561662743954,1.0029219722218996
17.974848003937957,3.290208184219055,3.4065181537508296,1.5081977415725338,1.6602904909054843,0.0,0.0,0.0,0.0,0.0,0.15919136254497995,0.3634200884980555,0.639162241009067,1.141108895934039,1.5631290558926711,1.1648960894858078,1.091909767150542,1.032466100825034,1.0123085101860245,1.004574328048472
9.027359377752134,3.9838109853670596,1.3735921254664514,0.9560934025386324,1.5128607232419173,0.0,0.0,0.0,0.0,0.0,0.18432808253251523,0.6067684499127602,0.9380839992844755,1.2592304743140934,1.5395148910572538,1.2980034374035085,1.029846923952932,1.014729938307469,1.0037324773882181,1.0033056384415342
12.15989167330411,3.744134998499297,1.6381440156995608,1.086760913470579,1.2366501227682833,0.0,0.0,0.0,0.0,0.0,0.16017990892441983,0.41889725765172015,0.762841596678627,1.1981484887157996,1.5601214713271985,1.2462583910731002,1.067288167542251,1.030828874978695,1.0106179859423563,1.0043515250873425
3.805501932132651,1.4451956481859765,0.48514578852998,0.5196444045882712,0.6166399203169518,0.0,0.0,0.0,0.0,0.0,0.17310568510687202,0.5725682557634054,1.0904122102371197,1.3545367524349416,1.6734222195506727,1.3602828736180006,1.0609683509577408,1.0183954526916983,1.0073801449472926,1.0017921573178015
157.2408340449715,43.71956400197767,4.003902618241803,1.2638917010775739,22.449739677942215,0.0,0.0,0.0,0.0,0.0,0.15512421674478227,0.25361095896788155,0.6633054433239386,1.4385554752633154,0.3836500872342069,1.0609943296215545,1.0430399639443477,1.0463725713474281,1.0115955975361846,1.0258435578736531
27.858717265132025,10.666686796577423,2.4961994998896833,0.9694273108915585,0.8255854763082624,0.0,0.0,0.0,0.0,0.0,0.15909485501794518,0.27936611543053774,0.5276340854410384,1.5192597751952976,1.1442292670258787,1.1062557319023276,1.0723748065435168,1.0688772423393145,1.0055141246811123,1.018529413511526
71.57767658538765,36.04226819987781,14.426213699478188,2.443159847836042,4.532159819825813,0.0,0.0,0.0,0.0,0.0,0.1535488215306823,0.26244494062241003,0.4395034304865569,1.4811657873659754,0.8157704330528781,1.1471760570433869,1.0630984345896124,1.0456921569511988,1.0095605861791017,1.035202194203136
14.627919985922393,3.034233757894399,1.9259272399960026,0.9519416003229348,0.9585586166146278,0.0,0.0,0.0,0.0,0.0,0.16579136282723242,0.39353545425550013,0.7714442766777171,1.5850324884423233,1.2757858485452664,1.1383147269271872,1.0654016652740408,1.0228295403171088,1.0038231223905434,1.01042311723529
11.605056506678304,3.721153847999349,3.041349453894219,2.5134748580573136,2.483540197046147,0.0,0.0,0.0,0.0,0.0,0.15853503143676348,0.6793003202221485,1.10194853860833,1.334552206397141,1.5722954944380056,1.4869903120825463,1.0423588196752376,1.0064811818534027,1.003633687518632,1.001074931134201
20.658549828692777,9.05065667173017,4.4262633654393255,1.959609815663051,2.07438080551576,0.0,0.0,0.0,0.0,0.0,0.1531938032725312,0.4202501415510668,0.7393630584875265,1.3063752556890302,1.5485222352703722,1.3276725645751297,1.0650170148300238,1.022955937827973,1.00935357168138,1.0043914573209183
6.171353477933055,1.345786744363749,1.0616674874189398,0.5934898977081265,0.9559731740785555,0.0,0.0,0.0,0.0,0.0,0.16067365148917645,0.3997565705821475,0.7387446629700607,1.2187696881291548,1.5207803547819456,1.24695863300631,1.0897563047844208,1.0222252037810264,1.0117968791438356,1.0036184454720294
90.09727285234374,24.008813790987336,16.548780051438104,8.029932737723987,8.85155568076254,0.0,0.0,0.0,0.0,0.0,0.1710493028331264,0.40811110473137524,0.7819488341783928,1.2744801191164576,1.5455983157729098,1.1851848580627997,1.068165456009729,1.018272372575585,1.0100258647604503,1.0036816939759083
5.134260390018713,1.6115401277272003,1.0139701431514159,0.8029211573190033,0.6310245003485152,0.0,0.0,0.0,0.0,0.0,0.20241548474065985,0.6973439385556406,1.1296508497005666,1.406038235945479,1.6368247835159548,1.301869089813902,1.0325347255655208,1.0100348843905989,1.004740731996249,1.002116060556527
61.77049342090154,15.689512498058013,9.45932294574852,6.2026772922012565,6.335453293357903,0.0,0.0,0.0,0.0,0.0,0.16931464743626368,0.3884359619983499,0.7798373442099177,1.272349443589907,1.5604776222363976,1.1942332928270232,1.0799325348805504,1.0233135385846674,1.0099994694692715,1.0040155230191214
15.086834531528353,3.1990687898264625,1.6301913385629596,1.0296080408942452,1.1117637906941855,0.0,0.0,0.0,0.0,0.0,0.17376138750870243,0.39162841548224564,0.7286058276589027,1.234008640706274,1.5311210499493677,1.16768442141688,1.081995895788247,1.0378651288981096,1.0109396223415013,1.0045654883316208
4.643269574216155,2.034801824483926,1.2182414179152627,0.7761539301177001,0.777509273654875,0.0,0.0,0.0,0.0,0.0,0.16590735133875512,0.4472463483283999,0.8106463752123015,1.2756863502412121,1.5406739612314952,1.2981394774715673,1.0541164595625319,1.021660108964217,1.0081298604667128,1.0029801533111886
5.309275115488906,2.1230651886128133,1.2365212187370664,0.5453910832434063,0.6014232422570565,0.0,0.0,0.0,0.0,0.0,0.18141623306624446,0.45482061808487095,0.760569430979154,1.5206369731467886,1.1922044875429723,1.2210802311598898,1.0524760031470097,1.0164961662436482,1.0055185897715206,1.0113786469334567
9.586278214432843,3.363246350895109,0.9223505047325411,0.31197822673748493,0.37850189446479754,0.0,0.0,0.0,0.0,0.0,0.14102172866097015,0.31713084918392503,0.5869193545253528,1.447212770217788,0.9500788542385054,1.2081559746539814,1.0640817651884058,1.0439612098863684,1.010342485685515,1.0225219962245635
72.77643868314567,14.528891110411825,4.765041552478278,0.7660144653388293,2.1750977932471196,0.0,0.0,0.0,0.0,0.0,0.1405741109977305,0.2680366265009888,0.5371707479565446,1.4711501483794007,0.8220132698640774,1.0842200127056871,1.0656096329643858,1.0327763989141483,1.0111206182306056,1.025282433926946
4.741627900649033,1.1284358048463186,0.8059104373072771,0.620597374126817,0.6250849039279143,0.0,0.0,0.0,0.0,0.0,0.14773478859292713,0.44879903500595686,0.8292736887663553,1.2852531486661962,1.5666201952169185,1.3394189477831369,1.0766520703147144,1.0276107769993457,1.0079636692243215,1.0030198691251921
9.206192627819854,2.6557295531142113,1.173860482614133,0.6013971794858348,0.6235507522302992,0.0,0.0,0.0,0.0,0.0,0.18158274297316834,0.4324656975930029,0.7192152634745889,1.1608384198064665,1.5377993490475879,1.1663405308365546,1.0478773645017685,1.0304950130816597,1.0120572044012404,1.004798836045471
6.569970011052011,1.582152575275496,0.7630610108056145,0.5789381853227811,0.5913528250574243,0.0,0.0,0.0,0.0,0.0,0.15938215822687588,0.4505075148205469,0.7504316592468029,1.123594785503851,1.5020752032005873,1.2602291273726978,1.0572988761604674,1.0276810802998282,1.0125475157269666,1.0049478358950363
68.47557604755583,11.824621017850664,5.534935630298734,2.521571083072593,2.2101745631227665,0.0,0.0,0.0,0.0,0.0,0.1549109840420792,0.3947463562436952,0.747007322133388,1.496983925536854,1.166128901120588,1.1522151784750791,1.0747082875618843,1.0187439530632756,1.0056479392550663,1.0121900510421984
5.094381081719072,1.3866020357093023,0.8238595024422135,0.8190089367706641,0.7386590875716739,0.0,0.0,0.0,0.0,0.0,0.18509169498324785,0.4985955354376825,0.8084125425726647,1.1780577119855784,1.4802922909920133,1.2039198484345481,1.047049041615233,1.0202697634300248,1.008918382777204,1.005184308634523
6.325607701762352,1.6312570123809553,0.7316250871705259,0.48360783991183515,0.49870613866721536,0.0,0.0,0.0,0.0,0.0,0.14948413285213563,0.2872944489138712,0.6529601331056298,1.5552949209362215,1.210528378907949,1.176621177169644,1.1198159306758053,1.0476011361414954,1.0029180886258597,1.0127178434852149
48.155314646393144,10.722909046054173,6.540953625942561,3.155998430611948,2.8498580962964133,0.0,0.0,0.0,0.0,0.0,0.17360375195623906,0.4342075912262409,0.7931598598600416,1.5545248329355605,1.2581991825303058,1.1712560756116175,1.0686611956334264,1.0238617362648486,1.0044020823489026,1.0104391255271705
11.95869698505625,4.391034607667048,1.320254433254021,0.44249107319619546,0.38053800812231897,0.0,0.0,0.0,0.0,0.0,0.1580909385143385,0.30278380117042714,0.5842366673999885,1.541951670990076,1.1780046278106024,1.128951750492366,1.070741600966234,1.0473072611203782,1.004593034937142,1.0149393116040004
1.929177674553865,0.7140715066706006,0.4020683563617535,0.2883522606688135,0.3285931569343473,0.0,0.0,0.0,0.0,0.0,0.14934811640930779,0.38820598979835186,0.7540816483999103,1.1951607851533617,1.5803755781774582,1.3674096453053695,1.062422774396091,1.0268774328042414,1.0139033008115572,1.004994361501503
3.2512832696458878,1.3710929742231495,0.6542194679231518,0.31162794866434373,0.37114735714298897,0.0,0.0,0.0,0.0,0.0,0.17932655593427604,0.4583142166935706,0.7684175805592697,1.557192491041871,1.2308153158988087,1.2034811711230216,1.0388998083749184,1.0173955017386713,1.0039062163856467,1.0100009454888934
15.56374362627815,5.088631442292558,3.4591425484525056,3.0446452172090437,2.9003863413969375,0.0,0.0,0.0,0.0,0.0,0.1771470631133102,0.4251846170626999,0.8023528821923265,1.3208142256283644,1.5694770936757803,1.2571738057041861,1.0845160923336379,1.0209523934120452,1.007096217768219,1.0031069966009025
19.316481400100663,3.134283472357315,1.4146815370787256,0.3404666326675948,0.5058597099426969,0.0,0.0,0.0,0.0,0.0,0.14688622944621438,0.2785260243186022,0.5379134282697956,1.4699711041221115,0.8826725399304501,1.0904358780770884,1.0886291313970389,1.0346431428571252,1.0095730759636823,1.0329079975421653
23.595321624683837,4.884497870951709,2.6802551803222334,1.3425749270447205,1.088763455067754,0.0,0.0,0.0,0.0,0.0,0.1701319580462294,0.4323971727784789,0.7474668869761313,1.208438257160763,1.5510111985472306,1.186784494457036,1.0685177068624612,1.024804592437139,1.0121088218473595,1.004930455386477
36.51084970421602,10.185284511883292,5.051879168428471,3.0663598923730624,1.6610636574659439,0.0,0.0,0.0,0.0,0.0,0.14370505354416818,0.27371112591798397,0.5171251748142323,0.8038409170476424,1.470146452033205,1.1597083817321887,1.0882045436854146,1.0421649142855,1.024219714236179,1.0080869482893084
21.076064193068294,3.4968969431742254,1.0756916673183363,0.9510353971012924,0.6797087963174798,0.0,0.0,0.0,0.0,0.0,0.17084888734788858,0.556041526205117,0.9269350627292412,1.426138760689936,1.6453269329341715,1.2289146706002931,1.053540137321918,1.0246940710495682,1.0049006417444835,1.0026283327274188
12.49717350676015,3.083269497281475,1.5411951698594233,0.7520942118293358,0.9427437339300594,0.0,0.0,0.0,0.0,0.0,0.1751886446264973,0.42764523747157024,0.7478523496294209,1.2512690711265866,1.5631461839866359,1.1842533408144444,1.0612556363808474,1.0282751013205027,1.0115814552667022,1.0047395739524945
12.115977014550314,2.857258332618268,1.3491729128802514,0.5693506351160249,0.6234549894402193,0.0,0.0,0.0,0.0,0.0,0.1475294349400671,0.31173800350442804,0.6055065321694182,1.1354510042575268,1.5957902101647743,1.1677362413719923,1.0946641337214722,1.046389491805738,1.015471018543124,1.0045112234617184
69.56488872205883,50.97421036910869,2.0165710465358386,1.540295684489656,17.437350873902247,0.0,0.0,0.0,0.0,0.0,0.12438402139591075,0.2027995770262426,0.7750850379682174,1.461444998587102,0.3607705111053996,1.1706261401350093,1.0794256899204735,1.041991784271836,1.0089183361276872,1.0545678372427052
31.647808932942592,8.069133850706475,1.5909061239222293,0.8752125570119897,0.8023418846543748,0.0,0.0,0.0,0.0,0.0,0.1382236116294806,0.27750650741143496,0.5372165654989941,1.5318149817044266,1.1813994213514583,1.149676514791555,1.075437699306334,1.0723073466266675,1.0054384195422905,1.0102068420777437
69.79919542111007,34.64069162636292,10.683208170733034,1.99077477176826,2.1429561123592658,0.0,0.0,0.0,0.0,0.0,0.13763767526831786,0.2406832646315917,0.4174569622650769,1.549006793159705,1.2103481298989374,1.2229475504650686,1.0939656731167002,1.0889507287573823,1.0033111396300733,1.0145462446821456
12.864454316350436,4.511438789610691,1.5980830908007924,0.950920492760099,0.8122198268985098,0.0,0.0,0.0,0.0,0.0,0.132117508872672,0.27556946561389917,0.6332095981922382,1.5321819730644004,1.194696758311722,1.2796994179844743,1.1130510355750047,1.0470233005118952,1.004212843378261,1.011901233282314
12.666709387476319,4.601871846230455,2.14755465258763,2.813137381105905,4.504172763222369,0.0,0.0,0.0,0.0,0.0,0.18527876731506504,0.5792187926791367,1.026418777961832,1.5493154490497891,1.2751474853546225,1.2439823491506166,1.011537854061003,1.0127154405456484,1.003115469703352,1.0030702336413415
14.815681014915748,4.471175230457774,3.463319695765957,2.0892501285854017,1.7522208859365551,0.0,0.0,0.0,0.0,0.0,0.1584752636240975,0.39828488024251335,0.657113764176257,1.5330517659583383,1.2395964525928396,1.2926847603272256,1.0740926261143109,1.0358706922359866,1.00368211512819,1.0084903026167884
6.548028701604193,2.007145923371304,0.47163907364946417,0.45635350657483614,0.4804758318801235,0.0,0.0,0.0,0.0,0.0,0.14958560762431142,0.5160060694082699,0.9010392865026655,1.2936157485805848,1.5917996664449434,1.3240027377657049,1.0456995897618533,1.0200100192076291,1.008000927515854,1.0028484877385815
85.94423554639597,33.14949648021637,16.98516189448843,6.389646809033794,6.465241180231433,0.0,0.0,0.0,0.0,0.0,0.13413849124191746,0.26521113688081016,0.5950544649675364,1.5479383283447705,1.2291688023989729,1.3029874624621578,1.1234356933195428,1.0476943100285627,1.0026480132038753,1.0126120761889799
6.252155471330828,1.413503881521482,1.2970845121811938,0.9275642707099834,0.7812912808204574,0.0,0.0,0.0,0.0,0.0,0.13598429080499871,0.35432378012424387,0.6350935647840086,1.2000835563802696,1.5755917318452253,1.3684171337938433,1.1183805168890046,1.0438174180854294,1.0116177361897731,1.0044082148724556
64.23291479431786,25.179967965820424,10.057848198906168,5.096998034037434,5.859055082801076,0.0,0.0,0.0,0.0,0.0,0.12847879539803272,0.26044528094180464,0.6072206750168114,1.507796511587334,1.1836784035422105,1.3294248277963774,1.131096304330874,1.0430772303501752,1.0045395752594766,1.0115479116089685
13.291672730769386,3.0582255190212764,1.25625560029516,0.8362229487784754,0.7630439519043003,0.0,0.0,0.0,0.0,0.0,0.1518095563245274,0.33847353477092845,0.7007276798705646,1.1836881583489018,1.5042478089146618,1.199444501166796,1.0991993671993745,1.0401984440898329,1.0104468466244518,1.0040680888282807
5.572396239524944,2.535792091774129,1.9597135029765007,0.5529599826589038,0.6773128064686473,0.0,0.0,0.0,0.0,0.0,0.13484011307633356,0.3124479104770203,0.5824476508775426,1.133889701080543,1.5630463806110544,1.3528429395019332,1.096627547550956,1.0410083156647274,1.0180220450901365,1.003496986554801
6.860077817841303,1.891247581631502,0.5335422406386069,0.48249557338436705,0.44117347584759725,0.0,0.0,0.0,0.0,0.0,0.1592514377964639,0.5220398355048737,0.8807430397773066,1.5377800475415633,1.2618822873391295,1.2465867457799877,1.041225976293209,1.0156165943232605,1.0021675981923517,1.0075533966765058
5.34841055937037,2.315366659321871,0.6812270506925259,0.1978921441625499,0.2517493341816734,0.0,0.0,0.0,0.0,0.0,0.14321844068718712,0.2680704800728803,0.5225502874249143,1.1866278835235884,1.5901938958278796,1.1874314394114185,1.0848834222256107,1.0607112496124174,1.0169183802581783,1.0041658475590565
6.1195373853590365,2.0088587087519256,1.165640435499866,0.4407497398484684,0.5958901560320244,0.0,0.0,0.0,0.0,0.0,0.12795458917344552,0.2557145641073628,0.5673794983650527,1.206150796301424,1.5473938149508035,1.3322175576387052,1.1551455143842366,1.043319782113826,1.0105488602741297,1.0042836578752155
4.467524322383906,1.1825958693966907,0.49135635196345956,0.6626571169578639,0.7693007278160607,0.0,0.0,0.0,0.0,0.0,0.15834730772328434,0.5205759198057857,0.8393434951545946,1.5940770250602112,1.3448135257166793,1.3324150210159023,1.0523984121428425,1.0287781360402555,1.0024541261816866,1.0061631772182364
6.472253872311038,1.6368176758421427,1.389705973402018,0.5926061854988754,0.5367981116878002,0.0,0.0,0.0,0.0,0.0,0.1776069825314462,0.39208828415122554,0.6774115377516204,1.2212764172468769,1.5488025287590965,1.1804752208667695,1.0749068818888825,1.0300162213558413,1.0112189982344801,1.0038574245610294
4.179934175805333,1.5343577055449176,0.6320632094673572,0.7948654442015028,0.49646996890542994,0.0,0.0,0.0,0.0,0.0,0.19524765884841208,0.4218860367874419,0.8083734816474918,1.265439639832273,1.5722893376846407,1.2115192727251374,1.0704595688188394,1.0349705783521226,1.0031704348826305,1.0035395012112658
24.97282938566452,6.0591069988253805,2.294240137042369,1.9624480766457406,2.1706762048333514,0.0,0.0,0.0,0.0,0.0,0.1498052843055987,0.46832550792187094,0.7708843468586696,1.54702531165654,1.2477138834944805,1.2355039493174562,1.0517593796702567,1.0374562990631864,1.0025752377632955,1.0092806608082276
5.557195280220083,1.0235562251811425,0.5611505564260703,0.9621440571187193,0.660545344076908,0.0,0.0,0.0,0.0,0.0,0.16923054542762253,0.5426499335225827,0.9033620432568252,1.248862164346296,1.557446115501382,1.2647999466717288,1.0601665543605012,1.019998089721831,1.0054877230249293,1.0044527756789752
2.3293486471315092,0.6573315883368357,0.3299804725123888,0.8148700935310419,0.5372481051203986,0.0,0.0,0.0,0.0,0.0,0.1760874993080225,0.4595326580921707,0.8866510920057492,1.2590176809058158,1.556817099500826,1.2500667171183553,1.0799075398598255,1.0267784259351818,1.0047828142705315,1.0026989510825497
44.139146816698506,7.522410283826721,4.3863221528708065,2.799462902510818,2.720113701358529,0.0,0.0,0.0,0.0,0.0,0.15517727346237953,0.4020353571910535,0.7239422546944435,1.2433504732498928,1.5445371950914608,1.2243132917252177,1.0836602645451674,1.033785614554144,1.0096664416264016,1.0033898980171887
11.408075873126919,2.484494692374862,0.5611381849862089,0.40722151976254006,0.48987784625727154,0.0,0.0,0.0,0.0,0.0,0.1533616157889439,0.3495979864374547,0.7396718355272551,1.5348023016021421,1.2301164425254123,1.1632912819549923,1.08417301545059,1.0432340894998962,1.0024976245550246,1.0091395574639277
3.1254983884513,0.4965371726970448,0.21893499682407383,0.2541082221753059,0.2610086283752916,0.0,0.0,0.0,0.0,0.0,0.16224820634064,0.4845560739883836,0.9362944400039512,1.3092564165543545,1.5839191887774993,1.2478902694395544,1.075454628414258,1.0207628497761898,1.0054292123668083,1.0038827007900628
4.466742499491581,1.330340379644591,0.573145773272514,0.5295731828540604,0.43690519208164325,0.0,0.0,0.0,0.0,0.0,0.1661487075447889,0.4304022846682239,0.791965252688472,1.2331397552078867,1.5714823022751567,1.2142167992735935,1.0675111160139847,1.029524208194372,1.0098828802198347,1.0040766337397433
28.64252321560524,6.752620428157582,1.9228948272242519,2.042506103094149,2.361481483548276,0.0,0.0,0.0,0.0,0.0,0.15051894249337844,0.5243124350358569,0.898071784370099,1.2732071248285755,1.5494638783470687,1.290632036619338,1.0433116139258989,1.0146125599058708,1.008277129071796,1.0036441417785316
2.0935074363197232,0.8234907484762694,0.3143608094329139,0.1907128303456796,0.22447572060159696,0.0,0.0,0.0,0.0,0.0,0.15494814764168927,0.44245901714139885,0.7184329086272424,1.2243811961597884,1.581208819831657,1.2838736838939069,1.0332823320018993,1.0306879512927463,1.0065535969410115,1.0036530013267342
11.853429800821214,3.7647880787668435,1.178317826953418,1.6489760906710995,0.9789386722388794,0.0,0.0,0.0,0.0,0.0,0.16934178966218186,0.5428313217606026,0.9353418776390017,1.3096604119872477,1.5825165713891687,1.2685583519541506,1.0532304972716533,1.0207498496399654,1.0040288173289842,1.0038474637598611
16.480536198976832,3.045011572651822,2.4714879383391977,1.4200782227918765,1.085386913517175,0.0,0.0,0.0,0.0,0.0,0.16185272041871906,0.4245390871573087,0.6801010153714705,1.2453034713280162,1.5789096587812699,1.2096572666408885,1.0622256103753782,1.0341994174592601,1.0107654597385347,1.0051168409519446
11.309575224381929,2.698793365147864,1.4086379256627921,0.8932864428714751,1.10442658407083,0.0,0.0,0.0,0.0,0.0,0.15584983107216663,0.36823568181916105,0.6503582330717724,1.1343683185204838,1.5525064168600453,1.2282005101581157,1.071158864563093,1.043793338133649,1.0150111122955485,1.001030961776838
8.911829585882597,2.134150384956952,1.2293655867517217,0.8666558048016991,1.024031607318404,0.0,0.0,0.0,0.0,0.0,0.17304685556635072,0.42762759187809174,0.8088006780209014,1.2696272867830738,1.5803239745056548,1.2215696366645514,1.072438498592816,1.0252032873835537,1.0078775541995686,1.0030982415157517
4.224325005187185,1.6290930729363364,0.8405213654684921,0.8168289758565865,0.9023628967985147,0.0,0.0,0.0,0.0,0.0,0.15249676712999546,0.34015064978158005,0.6645592693011976,1.1598834511588858,1.554299999519608,1.3125654443478172,1.105524377965148,1.0407776781680271,1.0117078619023008,1.0044707629065082
0.0,0.0,0.0,0.0,0.0,0.0,0.0,0.0,0.0,0.0,0.0,0.0,0.0,0.0,0.0,0.0,0.0,0.0,0.0,0.0
21.36175546810933,4.38587271966978,2.3589858889299786,1.2825202774930724,1.1944196577555117,0.0,0.0,0.0,0.0,0.0,0.14827081231691258,0.4200225477227044,0.7687817979236727,1.1409320481417744,1.4913353762134158,1.2279189883028048,1.0745821609309922,1.017375433705579,1.0115831324221294,1.002434810334322
11.575089352271988,2.405061984087138,1.9437933179146234,1.0176064091985288,0.7009861881784817,0.0,0.0,0.0,0.0,0.0,0.15550045089274636,0.4755571592281657,0.796203060241554,1.1832127077393253,1.5843648502236702,1.2504141574144518,1.0566448868327525,1.0183609771288042,1.0081846592651378,1.0034974801327912
4.285677041874861,1.215964274028375,0.5474698875052008,0.46994393959671504,0.617255357043158,0.0,0.0,0.0,0.0,0.0,0.13426662359577496,0.3425456772857818,0.7092992790065961,1.16057687802305,1.4835129374592921,1.302299138711702,1.090610595915175,1.0265762125847127,1.0131093087190626,1.00464526452729
6.436707885572102,1.5733777990812299,1.186828861504034,0.4573871859284181,0.5510005452023534,0.0,0.0,0.0,0.0,0.0,0.15758662710964283,0.41392037238207224,0.6867617791997334,1.1313499758579852,1.5268752299094408,1.2164945210159883,1.0644420841988862,1.031399355092946,1.0161383696415174,1.0040409864331576
4.534424452896947,2.368633840536219,1.2982773755516983,0.5155094976192567,0.7254982618519341,0.0,0.0,0.0,0.0,0.0,0.1523265370641377,0.34031256226071727,0.6425410917909,1.4973618049206727,1.101046669053389,1.2871258762982722,1.0677748283082833,1.0283254230051013,1.0062162485846697,1.0171168579636192
9.578263069584326,2.1585486119802866,1.200289185886629,0.683419803842641,0.6055765221152871,0.0,0.0,0.0,0.0,0.0,0.15292163448369597,0.411326233458021,0.766130133237951,1.1380690351589338,1.5247967879048636,1.2575886702952208,1.0850932913043183,1.0180374994803567,1.0081987707482385,1.002874109561286
9.728228986476047,2.0178535791553234,1.300731211369893,0.725188201359607,0.6273706284571252,0.0,0.0,0.0,0.0,0.0,0.15751088296439913,0.46714028866628665,0.8017783952456754,1.1573011790604575,1.5311974353220066,1.2513118079897636,1.0599415299420265,1.0172154865031053,1.0075798046541191,1.0026722986338217
3.917697870237491,1.3665903449603864,0.5630113549786708,0.706777493799391,0.3029340768795576,0.0,0.0,0.0,0.0,0.0,0.1667196159531621,0.6237107304026088,1.1002838899107268,1.4248407009465531,1.6233454805076455,1.3688610947669366,1.0402342785676244,1.0125684394963363,1.003483404214131,1.0007404973320306
7.641987596495431,2.3824780599683826,0.9418240834291908,0.5921017984616663,0.5293658409118887,0.0,0.0,0.0,0.0,0.0,0.15868903697246675,0.37375805763605485,0.6840791611200756,1.5263135094994151,1.0716959605929202,1.1616137044400503,1.0592165444069583,1.0249585484422201,1.0025999124192175,1.0167501170795115
8.236999290300087,1.3198298547938332,0.607900386239141,0.4016222504047815,0.37920027883709406,0.0,0.0,0.0,0.0,0.0,0.1654885334462518,0.45822395326927606,0.7859323876824543,1.1771054192607324,1.5847510337072919,1.172751297003745,1.0636545699817528,1.0173506035715363,1.012434817595719,1.004207785915478
71.41661873193758,15.432543577029872,10.70172381998821,6.416169729998311,6.084397898242973,0.0,0.0,0.0,0.0,0.0,0.16293433786846379,0.46104810800403717,0.8088517402227939,1.3158912151775188,1.6659844447333432,1.2713188694496171,1.0768643016631154,1.0256888882640287,1.0096101993832352,1.0033438987734025
7.01791565947199,1.6657147158654184,1.3084796553593776,0.7468000899925965,0.5444036230240983,0.0,0.0,0.0,0.0,0.0,0.16155001636834349,0.43867536480290975,0.7407089116998707,1.1493890555389277,1.591773740815883,1.2552979022810544,1.0740678843201064,1.0233389148132463,1.011241441527224,1.0049194552772802
56.97181294364134,14.505227403723097,7.914673104093038,3.9020941298297034,3.8723232243927725,0.0,0.0,0.0,0.0,0.0,0.15747013791848247,0.3961736178010013,0.773668008261946,1.1344349454233171,1.5034690887381756,1.2178608231917287,1.0846523452080374,1.02259787664752,1.0114910952229978,1.0005252070088102
8.297576438127338,1.806363262841142,0.7503268635686047,0.40981620738888813,0.46179760482522686,0.0,0.0,0.0,0.0,0.0,0.15104568365556142,0.4261896084708899,0.7700017734252008,1.5542666978263162,1.2062340576859016,1.2345943538634028,1.0699037027676244,1.0243879623607464,1.0020564240082477,1.0078971790305113
56.40341651251649,9.796550018513853,5.920394304997285,2.747641194980928,2.859342673508128,0.0,0.0,0.0,0.0,0.0,0.15679085367797196,0.4177575168678985,0.7689463176910472,1.1602674757946358,1.5026029642356922,1.2158859784000255,1.0796707801877354,1.0192210889288773,1.0113651606322471,1.0017580070816645
27.348878577652165,5.443881399095706,2.8439084534182917,1.376295663311491,2.209396218869423,0.0,0.0,0.0,0.0,0.0,0.16010540090893946,0.40406081480278855,0.7970215745629166,1.5900411879773526,1.3078768963501313,1.2299468198470738,1.0961485819902865,1.0240196282059637,1.0034416856683899,1.0045621479930418
1.9368210906255392,0.585644126801838,0.49113722574921426,0.32800086261756073,0.24967940337582967,0.0,0.0,0.0,0.0,0.0,0.14475582856293698,0.32760803238393715,0.6688932111347285,1.281372287731796,1.5909569237271481,1.3763356207321538,1.1458589230575467,1.0451295315081224,1.0085659512034486,1.0038757824499092
46.061943080168064,11.504628339381965,8.071145287469054,4.2192631080658485,3.5588899272755286,0.0,0.0,0.0,0.0,0.0,0.16304468322416302,0.3699456111953107,0.7357876410678196,1.3533493532608376,1.6810811622074318,1.2253563531678302,1.101288463988045,1.0438102741270268,1.0097446978855598,1.0024502304262561
33.418275776803604,7.844455508479852,5.446009482548942,2.522448594265939,3.0693562069607756,0.0,0.0,0.0,0.0,0.0,0.1578176856561489,0.4262414824574638,0.7668135893686082,1.4922198791942256,1.1424638152916367,1.2461414102882025,1.0705288394047523,1.0200123992716386,1.0034067110137515,1.011967926401599
26.70964042964282,7.240008909303649,9.86803242911455,7.713668748432179,12.501131517349409,0.0,0.0,0.0,0.0,0.0,0.17542263689817822,0.7624832068204963,1.1961180606918074,1.5871963996870007,1.3725608648904484,1.4864639265943023,1.0360816520907177,1.0042666819152608,1.0002263041782677,1.0030762397001056
6.002943605767721,1.4437283734251327,1.1409357599338619,0.5209023839092113,0.4259212788276015,0.0,0.0,0.0,0.0,0.0,0.15696767624542973,0.41063825820293176,0.6908565912581874,1.1551043680513584,1.633108669675245,1.1971135491562865,1.0656618494691212,1.0303675845347917,1.0155064157256655,1.0028183988566444
1.8799109179937479,1.0386305361816452,0.4155809952243761,0.1783336477138425,0.166592203635108,0.0,0.0,0.0,0.0,0.0,0.1425371655708421,0.2925026630355187,0.5944167482497652,1.0693936232106611,1.576161118687494,1.3197740960348396,1.105992465149187,1.0515324019532506,1.0232401924519918,1.0011754176106582
30.955279908458316,6.660791649381181,4.247569490711491,2.4227960574601632,2.420734355730809,0.0,0.0,0.0,0.0,0.0,0.15719161534166712,0.33758868964241384,0.630945963848602,1.5095779096041688,1.0826089372492393,1.2032026856107534,1.106673254488186,1.0387488091483421,1.0049769831189277,1.0163336728852372
26.8097094496016,7.126925215070957,2.8314793573965247,3.1674696109019784,3.0096902053157586,0.0,0.0,0.0,0.0,0.0,0.20012583609480813,0.5980210438301747,1.044767950857156,1.4405312403508863,1.7030805915036071,1.2575617664109238,1.0545643542285608,1.0221034866062206,1.0016378779275008,1.0010191205576637
1.016148377351818,0.4828356205835867,0.23469154747424453,0.18081263499055605,0.1658905869921957,0.0,0.0,0.0,0.0,0.0,0.18348952858694537,0.486640398799383,0.8355850770783365,1.271253897057346,1.6992116264295196,1.3254688974371076,1.0633720265326623,1.028695641252239,1.0118831480215449,1.0014781235544574
3.3365242774120007,1.2360995603112133,0.5136119973080702,0.4997155358662953,0.5974734955463312,0.0,0.0,0.0,0.0,0.0,0.19004824918165428,0.608059677574507,1.1171916766324999,1.4473437653449928,1.704488715399915,1.3095431654742327,1.0488914352987526,1.0151182981003273,1.001590708983591,1.0011800049010209
1.1462072583707523,0.24104203783653472,0.2228496779726349,0.12166173921638004,0.11881996971178736,0.0,0.0,0.0,0.0,0.0,0.14715099149760155,0.4474606496456756,0.8039975392466107,1.33072220799817,1.6669709606836869,1.3416997368761754,1.0942698822845192,1.0338883968345973,1.006704273261928,1.0023978233250836
14.78678000874612,4.816015422949816,2.2420533613622435,1.4627198626102242,2.0008903263185642,0.0,0.0,0.0,0.0,0.0,0.13924158988751553,0.32710069407838216,0.7348838850518116,1.2118471599191132,1.5929163622770104,1.3159255580375566,1.1316195123683976,1.037161960393652,1.0100487404112843,1.0029767044578672
15.687426295626887,4.919377551215677,1.9401961325747632,0.9433698523983758,0.9280096875481589,0.0,0.0,0.0,0.0,0.0,0.16101592034664827,0.390529090739358,0.7031485524219115,1.1536231713510585,1.5540614962503294,1.2273584209359492,1.074958291674034,1.0314740668731779,1.0136477733511629,1.0047243817095988
5.421615886464957,1.3442644312182104,0.6014066504606579,0.7906410609959006,0.69481711655983,0.0,0.0,0.0,0.0,0.0,0.17223038475641567,0.5163358053112688,0.8790801808910084,1.3444531572956693,1.6878111699466847,1.2642256696126482,1.0561150913772777,1.0238675414228062,1.0057586894897668,1.0022931924486826
2.9936143856731405,1.2646537374062068,0.5961459418183133,0.7211513651653579,0.7186691852414727,0.0,0.0,0.0,0.0,0.0,0.18419437946789632,0.5111123098092537,0.922008135074628,1.4183902253072562,1.695899627743581,1.3104558877318,1.063341641078347,1.028598302896119,1.0048940473259749,1.0011937275622824
1.9955781736998923,0.6842754719356325,0.8336889955003681,1.4741464838090548,0.8900149222805759,0.0,0.0,0.0,0.0,0.0,0.18397426623855465,0.6172158032074395,1.1055313764237427,1.418983721040242,1.6484884530299557,1.3899019294445178,1.0609356039581566,1.0089235861323163,1.0041963148928053,1.0019382366682752
20.170026096615977,5.156704951907884,2.7897521803332124,1.2065357773085381,1.5268478999085435,0.0,0.0,0.0,0.0,0.0,0.16497737226564127,0.40694796419880075,0.7454979225666231,1.136275725443977,1.5298750691837235,1.211023530097357,1.0640351528811898,1.012630009955675,1.0082968053830053,1.0029453546352254
9.05892522637004,2.986687328395125,1.9425386829579327,0.9585136041182551,1.0436909275789146,0.0,0.0,0.0,0.0,0.0,0.16313142809321213,0.41850257185838186,0.7464431655534934,1.1728033385369643,1.5420549115725781,1.2690375128572555,1.0589712434213274,1.0101294159685223,1.006096975961292,1.0035991749722866
2.910743187559723,0.8978667159884915,0.5891227801000708,0.6554432714370533,0.41774222343443146,0.0,0.0,0.0,0.0,0.0,0.18068755177513052,0.5372403001001799,0.9518358432134189,1.3539877828143068,1.6091404280108925,1.3245714416969774,1.0721422872223292,1.0207413315851415,1.0053168829804042,1.0027049029807569
4.990804264466204,1.6342403787752822,0.8688128291483341,0.5636508041309434,0.5160140802034567,0.0,0.0,0.0,0.0,0.0,0.1475570172456724,0.46316922474981054,0.7830472074081278,1.206189011013644,1.567884195732072,1.313336215439804,1.0437228930111386,1.0070414586401424,1.0034808596343572,1.004356017188201
3.890457702273822,1.7311969936089224,0.5991044146496277,0.6547426718759659,0.418156200432242,0.0,0.0,0.0,0.0,0.0,0.1863320024558483,0.5437830550032526,0.9723984540506664,1.3619328887953208,1.5998186216338481,1.3547551860033158,1.0620633738452692,1.0206821628834437,1.0042676438029177,1.0030152627326008
8.743048584076757,2.0811909758055536,1.6708213434512937,0.6175260526789499,0.7753282918507958,0.0,0.0,0.0,0.0,0.0,0.16496446444291274,0.4156029507466596,0.7125742046140605,1.0895868707037977,1.525667699468847,1.2193694385510034,1.0568801792405667,1.0098047760605302,1.0145744603357607,1.003662439061438
7.34181021324018,3.3669816307384393,1.2758134897256692,0.6131482234536685,0.9236532837833351,0.0,0.0,0.0,0.0,0.0,0.15104377892880533,0.3005322990049998,0.7179867487522077,1.136481719973412,1.5391349697162597,1.2572536525642126,1.1258945970548377,1.0214326331855195,1.0134441343385399,1.002062708964683
3.649055980755697,0.8554969665087719,0.7334662329765358,0.4873560478475545,0.6756599320053519,0.0,0.0,0.0,0.0,0.0,0.16481383386030818,0.47278048598639694,0.8571839355713444,1.2119449702891625,1.5646494766175794,1.271704719654057,1.0768134086601384,1.0210734475212229,1.0081492165219887,1.0035803762304465
6.431757039202594,2.342882246925298,1.6053097102053702,0.7202513465670023,0.6512076877734074,0.0,0.0,0.0,0.0,0.0,0.1733521317700644,0.4248834923155505,0.6834021639592289,1.0730816422229346,1.5083071154537218,1.217383320719109,1.0576910242686781,1.0170470121414796,1.014071590089889,1.0060259536049363
5.381474987982284,1.4260600724204875,0.6871885941902971,0.3918512581960423,0.3072810043865634,0.0,0.0,0.0,0.0,0.0,0.18048007812261674,0.4687840029780009,0.8185290255437284,1.4071323050511773,1.6521612612167007,1.2448154752707203,1.0561594462709383,1.0243594571452275,1.0056660820145618,1.0030040937719733
65.54407392430687,19.75005930426753,9.884286896936477,4.408772146406507,7.240129993055696,0.0,0.0,0.0,0.0,0.0,0.159997544624,0.37018193195891663,0.7135452657678599,1.159554656906958,1.5474417349700822,1.239725608119544,1.0865294370812442,1.018272664939976,1.0153851084432637,1.0044934904678522
7.9582805484317705,2.811142258584696,1.2286731983073889,0.53623827001362,0.6896028035989868,0.0,0.0,0.0,0.0,0.0,0.15716758498385086,0.38895123848228474,0.7319424375385281,1.1071489003760164,1.544187462555705,1.2647853786605772,1.0701633851980024,1.0184299314253764,1.0156498919339523,1.0054671807079847
53.5597050877191,29.132518381033414,8.75910409661199,4.5716606690736405,5.980900030557104,0.0,0.0,0.0,0.0,0.0,0.15007721224568205,0.2906022299839121,0.6786920647578077,1.1174208299749873,1.5190205752918875,1.2483647097687702,1.109958460413307,1.0363345855973725,1.0149769000522653,0.9994068927460796
6.212732759664432,1.6002921517352284,1.4525246386099946,0.5197072228568527,0.5312587361298522,0.0,0.0,0.0,0.0,0.0,0.17173506973460964,0.46367618298174856,0.7044315013817424,1.076166703127355,1.5214747543578622,1.234314184659542,1.042624206908449,1.0042860795138946,1.0160568842852062,1.0053126351216077
44.428546301366204,9.960573632833473,9.510875320198263,3.4844915806232644,3.6075726888068673,0.0,0.0,0.0,0.0,0.0,0.1761338715101145,0.44897678123786516,0.7048917858298972,1.0558632041944878,1.507550495964616,1.204568618914396,1.0439003213777813,1.007858960278919,1.012005136132676,1.0050677065551183
28.765448794686414,6.088934922628421,3.660600698939439,2.177631156216367,1.9588893748130745,0.0,0.0,0.0,0.0,0.0,0.16831105019969064,0.4069918507403609,0.7033293282682588,1.18481658870359,1.539195473699564,1.1923139666631422,1.0531453141466678,1.0187737322233958,1.0088438992700384,1.0021266946006755
2.6934579619666765,0.7080048968724127,0.42213142497891776,0.3423498482753614,0.3094904059029231,0.0,0.0,0.0,0.0,0.0,0.14955863366723335,0.4255836804881719,0.7117502331789317,1.1285512124432706,1.5665175484491543,1.3063550849091012,1.0527821971801115,1.0224802204356833,1.0041408079245644,1.0048423076851665
42.59266621523253,10.197243790382945,5.758917970439396,3.0452298126214727,4.607285454482854,0.0,0.0,0.0,0.0,0.0,0.1663327441886131,0.4414538163719175,0.7862462499794056,1.246804961776915,1.5825735475070182,1.2216730620655507,1.0628002535650207,1.019451928878778,1.0094437166308088,1.0040354523308828
27.109569095174002,9.09534782892618,6.74665847621217,3.1392142685643214,2.9450058411766165,0.0,0.0,0.0,0.0,0.0,0.17914500959139187,0.4549071166861523,0.741182949229241,1.214150888257439,1.5490481172957242,1.2277916224555463,1.0447509735598663,1.0182346572121979,1.0085282689069877,1.0033908188582144
29.156679699141915,10.623633328060103,15.490922804333461,5.490728542977836,14.127876934009487,0.0,0.0,0.0,0.0,0.0,0.19656128017461807,0.7035930003609757,1.1736073193458483,1.6046802716675341,1.3776033798611467,1.3278257413585048,1.037620117098651,1.006159960054111,1.0015352479486597,1.0029802437804456
3.9579508307885662,1.5201681214571965,1.0597968778077507,0.49933867585681735,0.4756388249962778,0.0,0.0,0.0,0.0,0.0,0.1826359443464781,0.4749069504652405,0.7226557194944495,1.1960562871252034,1.5549605995382028,1.2291475893406527,1.043329108801011,1.020969574786064,1.0093820608679203,1.0058210229033457
26.927557377794976,4.365930760936921,0.7730799491199941,0.30963615779490006,0.4077006218140453,0.0,0.0,0.0,0.0,0.0,0.135744865081825,0.2639722807491971,0.6288852790510786,1.2419480521663615,1.572998041314937,1.1197759610768054,1.1135946019064793,1.0515200190067715,1.0112360601103578,1.004248222602333
26.283453623370214,5.507766266722468,5.301138772934349,2.4179426124382766,2.225530113928746,0.0,0.0,0.0,0.0,0.0,0.1726251192674206,0.45804510349147787,0.7080872925325272,1.1478388431600703,1.571841779888804,1.2198926558311542,1.0546994260854157,1.0183318289797045,1.0133900465208139,1.0046080217340674
28.191434363137233,10.651260646101344,5.162969452562456,2.882662756253146,4.62223637410193,0.0,0.0,0.0,0.0,0.0,0.17462333003251587,0.3755173830525417,0.6641214828319488,1.1583198777274024,1.5556195514083027,1.216983437346817,1.073664726410022,1.04011800314433,1.0138469699982875,1.004061640289923
4.212496334113399,1.1021515592911024,0.4520462799652628,0.2606420936725212,0.2783975555048117,0.0,0.0,0.0,0.0,0.0,0.14260321289139913,0.3013118879858893,0.6792766574831257,1.1382342945578239,1.5671435058084715,1.2029727032817747,1.1142018479344895,1.0323586029243657,1.0161369597508396,1.0038223995446343
3.0273373803006787,1.1648993806959764,0.49070740075585667,0.4499014474681481,0.4759205239933701,0.0,0.0,0.0,0.0,0.0,0.16957806086351837,0.5109268464687831,1.046843305630357,1.4761380974260845,1.6951281672333325,1.3917261976311979,1.0769281256838092,1.0164638766366916,1.0043997222190946,1.0014398674388654
0.8403725246145782,0.40680822383096904,0.16983515401087282,0.1348849609953472,0.1598423333065268,0.0,0.0,0.0,0.0,0.0,0.16157135397603772,0.39886367245797366,0.7901616443643211,1.2399909532705247,1.5860849305431395,1.325343277311314,1.0763283362759917,1.030278492935591,1.0081889455107784,1.0033674055253923
8.198682140783541,2.9098485770410965,3.0834778198502315,2.17398153696262,1.5292888389446313,0.0,0.0,0.0,0.0,0.0,0.16645326504497546,0.4672617889719257,0.7515776993323295,1.2865499096589905,1.5927936674105736,1.3494543833007437,1.061742827228561,1.0206033546718838,1.0009328883276165,1.0021774321933559
14.853213480329561,4.0911122918582805,2.8954859943429883,1.2805283164851378,1.2621097532129149,0.0,0.0,0.0,0.0,0.0,0.17561286437873375,0.4564222586088282,0.7073110108188324,1.072060144516951,1.57013061455313,1.2327409036260297,1.0473817030689159,1.0111001106665771,1.0194915108571385,1.0021387857928101
6.07822440011551,1.3724466598073453,0.6346467046944146,0.5036657049650035,0.437211118620878,0.0,0.0,0.0,0.0,0.0,0.16632105756238805,0.6105792835545116,1.1537265856002004,1.4437876525589595,1.7016721750563484,1.306969912498592,1.0506819941433285,1.0097091364521704,1.0034029140910832,1.001980219966467
5.16631385796398,1.9293289828789342,0.6570223196380719,0.7833133397435852,0.7826193410209953,0.0,0.0,0.0,0.0,0.0,0.17317505938658567,0.5864129368249088,0.917439642634969,1.3081428472992276,1.6296291228227868,1.3283018771269153,1.0325182720423471,1.0194205358595847,1.0034022642638585,1.0030369430002581
1.7549283160891924,0.8754309300990417,0.8966923014776349,0.7793413006601738,0.40423662493050444,0.0,0.0,0.0,0.0,0.0,0.1880189283538349,0.6885304994204966,1.2284373821318113,1.5034983654002336,1.6892322036050518,1.54814273614426,1.0387634275260083,1.0065727286708135,1.0013556435013335,1.0006495623305014
14.336030902747302,4.406248032988697,3.155188842532906,1.6755950584079664,1.3816022730064308,0.0,0.0,0.0,0.0,0.0,0.16574062372505816,0.3554134848030607,0.6623866154058705,1.0670784518677237,1.473874811243027,1.1893911513048125,1.0902788257374436,1.0207874819630636,1.014937871597171,1.0059724539373276
9.951693638479048,2.8757778499984283,3.1887132555545787,1.1506218970269182,0.8193417691934268,0.0,0.0,0.0,0.0,0.0,0.152998535483195,0.37610974621058607,0.6594871811622579,1.1135711377829363,1.538006252446713,1.261984375246297,1.0950027517045313,1.0207244062411815,1.0154555086438088,1.0056122860524352
3.3685229661058154,1.8401349724723843,0.7373364222026086,0.5125114787776811,0.6186327084304715,0.0,0.0,0.0,0.0,0.0,0.14988465202121515,0.3302735112580012,0.745187447221141,1.1139689897758398,1.51233420661084,1.378933853519417,1.1057657481224215,1.0351933343442392,1.0104041829497175,1.0055565645270352
6.862944737332351,1.6649629117956064,1.5176693506302543,0.7211996350175495,0.5041479758504095,0.0,0.0,0.0,0.0,0.0,0.14494573345376627,0.3994419656722147,0.6578022877179585,1.0565370100313642,1.589197254349859,1.2820973323279439,1.08018947520084,1.0217536808797931,1.0172947249036317,1.001557599833594
4.271458907520385,3.986857442371813,1.5032332825761783,0.6513111338755244,0.684871514412179,0.0,0.0,0.0,0.0,0.0,0.14063119470183863,0.3012367466222875,0.5838133419915337,1.0900512012724022,1.4768425740099957,1.4170140074604087,1.0792664637688292,1.0441387382093852,1.0160953628215639,1.0062394122894416
6.708293549136608,2.0442000903406172,1.627848683331506,0.6513703301892314,0.6392900721936229,0.0,0.0,0.0,0.0,0.0,0.16898140143707185,0.3386341044388448,0.672004991733639,1.0813177393073121,1.4777465444851066,1.197176447989637,1.1072883930335482,1.0241266552813175,1.0182992075722088,1.0062697387292834
5.966463651693244,2.274817365162908,2.001451288431227,0.7757008100429733,0.650969011782802,0.0,0.0,0.0,0.0,0.0,0.16359793295239633,0.35602374892150424,0.6530142074402359,1.124756873600374,1.52841824344097,1.2412819757031313,1.089707099640221,1.0204258562820427,1.0132135793998847,1.0067228077514334
5.063340007906169,1.5803839782671332,0.8260742111880243,0.4997079811965799,0.40740360948245086,0.0,0.0,0.0,0.0,0.0,0.1684564744094487,0.6015363634367548,1.0589656349931074,1.3991200854363264,1.6256873278858972,1.3202305746293206,1.0403881739708931,1.0104008608592017,1.001497443702187,1.0015692467811763
3.3887736751871826,3.443573392998232,1.1220869316828819,0.6805303022793411,0.5409276742333124,0.0,0.0,0.0,0.0,0.0,0.14292227443978167,0.30612215172946705,0.6204961512065842,1.0783253590313597,1.4513336817530031,1.4508573917764318,1.0842468320465408,1.0512949544655583,1.0153642166155088,1.0064316963836795
4.418006487535077,1.4631389090281948,0.8577149246019534,0.5871069235551785,0.38341265191119994,0.0,0.0,0.0,0.0,0.0,0.1658100632293408,0.332492371446468,0.7024397906899165,1.1088415235849955,1.5772242147132158,1.2114265655480174,1.1041114323231025,1.0272084989314259,1.0133182844682835,1.0054924014264939
51.16812907293069,12.25475498356376,11.250734461523468,6.678729125213006,6.192255329562966,0.0,0.0,0.0,0.0,0.0,0.17274427532101563,0.5011864949241804,0.7492504081361119,1.2017416997272587,1.6320633020566218,1.287967832330175,1.0622099557251798,1.023359770550321,1.0119997635587479,1.0039077236397254
7.21213827091608,2.6802984893907538,1.8532285376817987,0.7340051855800136,0.7328258534617568,0.0,0.0,0.0,0.0,0.0,0.1641994734568599,0.3527773436086402,0.6706672218202949,1.124438927049351,1.53371214458938,1.2140880328526589,1.087055379657429,1.0219328972417472,1.0141354704752465,1.0056756159929239
52.02948731044853,15.927206989509154,10.167988934612598,3.924337651266689,4.640324366958342,0.0,0.0,0.0,0.0,0.0,0.15718399628947397,0.3451302227459961,0.6826380098451791,1.5717589598262762,1.2053175845186959,1.225018618682067,1.097100404684575,1.0220576965561894,1.0046663307774157,1.0114384357956518
4.8076426778102,1.2896167896426367,0.6607384611429754,0.33678767651019703,0.38000628620329313,0.0,0.0,0.0,0.0,0.0,0.19960265115780101,0.5843432442550897,1.0087946509465224,1.3029552624520175,1.580006441196042,1.2343084055036542,1.0423067611803094,1.0141805924134222,1.007286625465719,1.0033957606627406
34.9805494354497,10.15208752278517,7.1574401312716205,3.268343746623509,3.5774261713824274,0.0,0.0,0.0,0.0,0.0,0.1685709839540355,0.38325072493868567,0.69900959693232,1.460423417237761,1.1035830309608137,1.200800382043156,1.0864736274446578,1.0254339389589497,1.0063483960401243,1.0126782861447698
22.045152022307953,5.843438843285886,3.3841406324670955,1.3528223511935882,2.5478294180249215,0.0,0.0,0.0,0.0,0.0,0.1533982921016901,0.33515285178656795,0.7314355243276011,1.5467809251574882,1.276572759230004,1.222296856797206,1.1025814561138683,1.0378725054445654,1.0057557944935418,1.0078230965423414
3.4837655710123463,0.7846153895859075,0.3041492297478993,0.24172304371442394,0.20802251774044533,0.0,0.0,0.0,0.0,0.0,0.16324013608085872,0.6084267563534793,1.0018411930636275,1.2722035203089643,1.5684559057744336,1.2917718240107832,1.0369451681943835,1.0126994750148006,1.007305745606685,1.0028827597342407
35.457444224935195,11.884500984891737,10.352268538801088,4.947001103087381,3.6885517700354704,0.0,0.0,0.0,0.0,0.0,0.14305403814273634,0.3329706226497342,0.6575439941651369,1.0846535143037426,1.596361507835686,1.32384697918763,1.1167063579764431,1.032611419689002,1.016846306908101,1.0047633024512932
25.96340907721551,10.064028095274686,5.219915497537357,3.6425243603350146,3.8390276831373327,0.0,0.0,0.0,0.0,0.0,0.17712663210615498,0.40609929033614556,0.7067342103839328,1.049534551192714,1.5010808695009856,1.2057626946744324,1.0671885300371917,1.020088618527655,1.0126817510001023,1.004785826520377
20.95134751355309,10.029434308956322,15.13506343287363,6.123140375138272,14.255188579610316,0.0,0.0,0.0,0.0,0.0,0.21178006030859245,0.6560700372877383,1.234273920323252,1.6182745923622175,1.3672346937417004,1.3842837372596843,1.0648559739201746,1.0057631986930595,1.0021277520689462,1.0020040080705812
3.9470238101171247,1.334217937699141,0.7220330790140902,0.6134972000967313,0.36864150515196037,0.0,0.0,0.0,0.0,0.0,0.2198155656341277,0.5561749956396704,0.8625362929094722,1.2578649892696407,1.6417387620232946,1.2291925057486268,1.0471532735818938,1.0252527408978576,1.0104083770750893,1.0036735575861768
1.54114125570294,1.029308681327641,0.4456974734930618,0.2020759103708313,0.26122352848626906,0.0,0.0,0.0,0.0,0.0,0.14947382498371936,0.30170812259756963,0.6122001481943937,1.1728907027473596,1.6206743003144666,1.346292653321353,1.0954921508871227,1.0508107392074788,1.0191126137949844,1.0042768633548205
29.194105479875134,6.710208081415578,2.523947902982943,2.3098036755152327,1.5925124096760617,0.0,0.0,0.0,0.0,0.0,0.1723369212677114,0.6011858770076532,0.9065354578655197,1.239244559266862,1.5330632008525005,1.2550295842590742,1.0313661276569668,1.0178755731017923,1.0076853256551703,1.0035005137584463
25.857264594612634,10.788146631933461,6.403699610024473,4.3651503895584955,3.4566163665961596,0.0,0.0,0.0,0.0,0.0,0.1607822626970605,0.34562788873520767,0.7124458709178102,1.2635401956327015,1.6157378391348178,1.292217269198705,1.1013494026089028,1.026170186718513,1.0081591324907033,1.0043436297108563
1.136417874916324,0.5626216319013317,0.25400529766348007,0.2311456169707636,0.22838388939082663,0.0,0.0,0.0,0.0,0.0,0.20838499809756628,0.45486270879966967,0.8968780801610099,1.211081538155808,1.5963976689415336,1.2192719686226217,1.0706311690030055,1.0206349209562857,1.0052251786463897,1.0028551125645893
2.687080735919464,1.1579083643037766,0.5357597236421097,0.43195158920314347,0.5580890906650714,0.0,0.0,0.0,0.0,0.0,0.18304567575218436,0.5928042604950703,1.0603265536932758,1.3972224026895659,1.6644454612747028,1.4036439457899699,1.0497275880682322,1.0130982246571931,1.003693110732786,1.0018094320797069
1.037268787058059,0.37791593765674436,0.1484255375380207,0.11239764253397355,0.15343926261244553,0.0,0.0,0.0,0.0,0.0,0.17765561072618763,0.5212628701614642,1.1065787288247346,1.473227498423708,1.6750090577184626,1.3393516700466568,1.0763584218150803,1.0149400508566644,1.0023493211085663,0.9997943592810242
9.587531449955438,4.857293245915074,2.299261767071434,1.459568400437013,2.1190931993533226,0.0,0.0,0.0,0.0,0.0,0.16136248426150568,0.40537330345232103,0.7496759219653447,1.1759577093529103,1.5264856416353112,1.3512958016160268,1.0798703682510775,1.0285453416732049,1.0131983263532387,1.0040734986477864
8.846136779771337,5.506450936080151,2.005485861484054,1.544539617876564,1.1821076724936521,0.0,0.0,0.0,0.0,0.0,0.1654719140188424,0.3272456335202078,0.6499986214481044,1.091613435235277,1.502156198871367,1.2544965243377502,1.0727824746595498,1.0361269715678345,1.0111637641090605,1.0061212330810345
3.8268705428621415,1.8550229340595934,0.5011193758287005,0.8008689407680564,0.5655040600848447,0.0,0.0,0.0,0.0,0.0,0.1934709795409058,0.6136980384852401,1.0421787000998508,1.3503713224807203,1.6696892606064528,1.3343943698360872,1.0374255864319961,1.0177617716562284,1.0052823184228978,1.002191936576371
3.2453277690851676,2.627381295236911,0.7130505661102452,0.5164540499050988,0.5973987831795412,0.0,0.0,0.0,0.0,0.0,0.19268889472751563,0.6124182169277911,1.0444702092369071,1.3775339986407245,1.6386980767677117,1.3439939168785169,1.0217850643917183,1.0126657352377753,1.006407454470062,1.002309837751487
1.898416551805083,0.7771071482569519,1.0183092435134249,1.4878963246757775,0.6246084814439953,0.0,0.0,0.0,0.0,0.0,0.1803869252772712,0.7346730146622533,1.237037402390184,1.476718123624695,1.6752936498627906,1.5704947508619114,1.0542906385575275,1.0083121257138978,1.0020130576490363,1.001395877012867
0.0,0.0,0.0,0.0,0.0,0.0,0.0,0.0,0.0,0.0,0.0,0.0,0.0,0.0,0.0,0.0,0.0,0.0,0.0,0.0
36.949741244521114,10.888997596968546,3.7239093137873716,0.4596232893356552,1.2893545631933336,0.0,0.0,0.0,0.0,0.0,0.14577059159565184,0.2771733219854569,0.5157308029952234,1.482569077753234,0.9400430100302279,1.1080726585269107,1.0664716635631044,1.04914456789549,1.0111719609204064,1.0250162131413099
290.0952483348072,58.48901834377324,28.857568086427005,2.411430635192814,7.1696958066172325,0.0,0.0,0.0,0.0,0.0,0.14841569718097627,0.2778124722752334,0.48778362781211687,1.238273013759908,0.8960524009963688,1.069471315036021,1.055402152815771,1.0357819128655792,1.0158539763891306,1.0171893750678636
56.211988009617606,9.529649874959194,5.95262315161195,2.0319170900426444,1.67728650955498,0.0,0.0,0.0,0.0,0.0,0.14627972944655254,0.3099962886856092,0.565089853627439,0.9759678373306699,1.5312664463820962,1.1254816766254743,1.091339708101274,1.0377147351151614,1.0267689266699405,1.0065093631945254
43.51096507282684,13.085723924239483,4.302974901766313,2.736411332395066,3.3594111403627878,0.0,0.0,0.0,0.0,0.0,0.15382209274670158,0.42891811845653016,0.8051579409805257,1.2783263819367061,1.6314624133989981,1.2538611578565644,1.0747734275390401,1.0337646319085678,1.007811648828654,1.0040640757347168
110.9505023807413,13.242810650353146,10.874419845336613,1.3139865176362515,4.003549038492375,0.0,0.0,0.0,0.0,0.0,0.1488073933697385,0.3458303594877255,0.5764791147021583,1.421921699166585,0.9325293319288106,1.0976296935243863,1.0803764079932694,1.0293361068979268,1.0110685716796444,1.017347784381734
49.39484813215505,5.218994857282406,4.408153426947318,0.7035806388529353,1.227608171691545,0.0,0.0,0.0,0.0,0.0,0.14710426417046935,0.2951299284296003,0.5616036036728628,1.5494662807325525,0.9657012508141283,1.0815128815289063,1.1047788929812388,1.0310953870518,1.0065951341560633,1.0233074647923885
81.98644893371969,9.121100781847463,6.497177208931691,0.9525406860474481,2.127603803162733,0.0,0.0,0.0,0.0,0.0,0.1492165718378708,0.3486691645353877,0.556930937198311,1.3306947314916526,0.932411467720438,1.0782534524060183,1.0646576662838239,1.0324631137203986,1.0113723595765831,1.0183329182952459
18.640728348479804,4.039930749939194,2.711495817779749,0.9534404346761457,0.5845844342296762,0.0,0.0,0.0,0.0,0.0,0.14795694059160586,0.32773275050630657,0.5971306982641155,0.9743012518241094,1.5334251042441296,1.154913676328378,1.0900113219582994,1.034853394551692,1.0254919010860704,1.0083101614716725
17.722925932207684,6.582604477890553,4.130511232435358,0.8348444496803247,1.620921092394123,0.0,0.0,0.0,0.0,0.0,0.1561523857107971,0.37189988020933984,0.6160194856587977,1.4148055262862143,0.9114523097198642,1.168054059510628,1.0486715745239545,1.022507242548286,1.0103711398658477,1.021594631754839
18.227102094724547,2.9880361214134785,2.0527129718979795,0.7113943808308557,0.33338674863888834,0.0,0.0,0.0,0.0,0.0,0.14331909716695482,0.30518531389331044,0.5707966974671728,0.9302439637042885,1.5507476176759938,1.1098636992729813,1.082919442439838,1.0316048486322453,1.02196980142232,1.0050854418000448
20.847752284962485,3.5253297742600687,1.1978419376338456,0.3026212741539035,0.47126956136451714,0.0,0.0,0.0,0.0,0.0,0.14736617232686858,0.2696190018217569,0.5165285900608342,1.5718202865257924,0.9671197483816416,1.085228918705696,1.0809965435975888,1.0572992391044218,1.0069352676383476,1.0289635092889213
9.706047811447059,2.439978770779125,1.7116390501208578,0.4238306341746679,0.7930481261299267,0.0,0.0,0.0,0.0,0.0,0.1481351662773747,0.38411654005996304,0.6195796171475099,1.5335183308559583,0.9618456202240148,1.2041061967074544,1.0684104160355825,1.0328293182106367,1.0071206154085153,1.0243756501512817
58.82527016574331,4.000303148552014,2.4550901434518067,0.48616052359549516,0.9849244077685645,0.0,0.0,0.0,0.0,0.0,0.14677859079596517,0.36532255734798813,0.6061194334519906,1.4134832300203997,0.9740771167772503,1.081392275104002,1.0676011673425456,1.0311148971394994,1.0118084593292842,1.0192026465560475
13.843573979853863,5.556391743854182,4.711070914780679,1.2316528324987899,1.875244303494933,0.0,0.0,0.0,0.0,0.0,0.15611151924739658,0.36908184301016267,0.650351104449061,1.4852931747928033,0.9496502742862286,1.2377396325686905,1.0673290202831587,1.0204132191253688,1.0078156181071705,1.021112372645229
36.30568190875399,3.338998793680124,4.27778840885173,0.517001739857631,1.2444081072526683,0.0,0.0,0.0,0.0,0.0,0.15478921769820617,0.4146537861927586,0.6026912821245255,1.374702626188429,0.9221878930788776,1.1072916651296831,1.0545548496572572,1.01788595065917,1.0115096435664432,1.0121652461248458
5.0181762745516645,2.9574937694797665,1.9105337452485585,0.805697938107523,0.5545492804448697,0.0,0.0,0.0,0.0,0.0,0.14988843296261242,0.3784230913121175,0.6106584259329381,0.9234101499839276,1.4652815994187536,1.3081663296675181,1.047678137686946,1.0250294198787309,1.0221154278356455,1.0081224871343375
8.934050652963046,3.2766745751725663,1.3643873114162672,0.7515455857446646,0.8252990759333996,0.0,0.0,0.0,0.0,0.0,0.15290426056689652,0.43586983715159383,0.736827209356014,1.299731073739916,1.6781991985702882,1.3161516757920673,1.0667510594079015,1.0424853528068048,1.00853132287994,1.0032247461647454
2.658729871830613,1.2103889860808927,0.8671589185366043,0.29107493463907136,0.3143204202585811,0.0,0.0,0.0,0.0,0.0,0.15399898292612088,0.3952998482258202,0.6867823034995797,1.2404261677475268,1.5784048582699557,1.3177635896375353,1.0714739106559705,1.0316100479056387,1.014685325436108,1.004733163891997
33.60416251707148,4.967932926403902,3.781378603154304,0.6058053167245743,1.285353301056969,0.0,0.0,0.0,0.0,0.0,0.14550901686188078,0.2995915485418508,0.5447575907751359,1.3559205186040557,0.9029118776105972,1.108878426284865,1.095812959129002,1.0381825581177095,1.0120695194938025,1.0221746830961083
10.750599840681337,1.3098785720196031,1.0829138835051952,0.25147622650460344,0.463117549162855,0.0,0.0,0.0,0.0,0.0,0.15328878015287623,0.3861811818156142,0.6463677004631929,1.5168400630050474,1.0205787203415029,1.130602323621455,1.072231679426179,1.0283840843604821,1.0085373458590492,1.0195269767718371
6.626898342705959,1.2488897914089647,0.623169319638087,0.3626543914928748,0.4508019284803809,0.0,0.0,0.0,0.0,0.0,0.15809599124363988,0.4460768529028858,0.7482514199131586,1.1983526393814676,1.5783317396829017,1.1696760169223064,1.067338856000679,1.0304022829628048,1.0089720693276751,1.0043578957948787
4.728252747790853,2.123000628776683,1.299837431238286,0.7058154316557267,0.47983096277417764,0.0,0.0,0.0,0.0,0.0,0.14998003118367287,0.37318909883063817,0.6186121820760513,0.9835188007060579,1.5514425106284184,1.325053552670257,1.0687460359832073,1.0373706979691764,1.022267591611978,1.0070656431248723
3.3992822162016822,1.3816055745857656,0.6452085052410689,0.24369116002698038,0.21213891755560263,0.0,0.0,0.0,0.0,0.0,0.14013121365393164,0.35787556904456114,0.6303144251946865,1.1314303779651689,1.5725396283396522,1.2952625596892273,1.0704362537614225,1.0371101916742185,1.0142748489021798,1.005241679701988
4.735221410362679,2.11819730342678,1.0882699494728176,0.28396695821240087,0.47430001424436546,0.0,0.0,0.0,0.0,0.0,0.16255680625132718,0.339748978509588,0.5975822115944653,1.4311190924456527,0.9488581291660372,1.1765417438951324,1.0637831207343886,1.0277570644261174,1.009548231404128,1.021457758010156
7.224887535696402,1.5921346353388697,0.38304482013841123,0.2591962011217242,0.24584392237204264,0.0,0.0,0.0,0.0,0.0,0.1532553249245785,0.4757821666378185,0.843152636582526,1.2767680459641273,1.677546378242841,1.1902341213794894,1.0503978909544989,1.0292034059747073,1.0085422570006124,1.002977889727054
10.77181599695404,2.000330821182613,1.976346698863424,0.33960278343378686,0.8536594761873302,0.0,0.0,0.0,0.0,0.0,0.15532783435709988,0.4069997581094318,0.6410851893863667,1.576867816332191,0.9519512364119,1.1547289427590146,1.0593328303464853,1.0233869409824152,1.0070352598532966,1.017677801852373
13.045942112374908,4.311994663858047,4.319794810724068,1.816416302153926,0.7885784687432075,0.0,0.0,0.0,0.0,0.0,0.14356774263009714,0.369903011773212,0.5993843809123883,0.9164673083956536,1.5109300790844538,1.3234225607706818,1.0738384566519517,1.0262196898468867,1.024086990115031,1.0065215708794921
2.351750789666738,1.5559688784972083,0.9645572931234545,0.4137898620129735,0.45188287793862764,0.0,0.0,0.0,0.0,0.0,0.16575413448783355,0.3893579209964175,0.6944385349969168,1.5308072467989742,1.1002425888526846,1.325515256761903,1.0679093292217317,1.0302243364969992,1.0053020642461898,1.0134116584829682
3.767292522699873,1.379860885708282,0.5910917603513152,0.21638374556357576,0.15155813307587634,0.0,0.0,0.0,0.0,0.0,0.15216113354750493,0.3692195886782713,0.6258806712473648,1.13870016513012,1.5903425191751634,1.2023779932081222,1.059363610629962,1.0405461943147063,1.0140103900864745,1.0054133800666398
2.391957357929557,0.744708313924934,0.46579297105528017,0.19738527330703845,0.18078198241540405,0.0,0.0,0.0,0.0,0.0,0.14007237818621582,0.39770004214617083,0.6927991777070163,1.1102696628872126,1.5429968574943838,1.2680151107467081,1.0625372245855094,1.0277717522516956,1.0133765781964847,1.005230988824104
19.162892274746948,4.450811367844693,3.7111080509159478,1.149445480704683,0.9952344301947573,0.0,0.0,0.0,0.0,0.0,0.1445455427170378,0.3637764483095762,0.6215411794967909,1.1101797180253403,1.5650888410275128,1.2327370646161953,1.0774651027328823,1.0362789455795183,1.0198645861710938,1.005911181614098
14.745368661300962,7.3449964789885716,5.110609979193326,1.4028312049249971,1.1770308608120437,0.0,0.0,0.0,0.0,0.0,0.15891655765548532,0.35502538143287193,0.6534929748358691,1.1319342261383198,1.5655040982406832,1.2405870969999393,1.070973821561536,1.029986155580071,1.0108748790234416,1.0018379645580764
1.9768096343044452,0.982080600235759,0.42259726108094775,0.3205548509304813,0.3569998038540231,0.0,0.0,0.0,0.0,0.0,0.1645658759586642,0.4120982831102198,0.7402739848857787,1.1465368448590125,1.6063332042393565,1.3131338781948834,1.065242721400892,1.0328396769114525,1.012412503396314,1.0043884794402087
4.739324731915128,1.4065120894775036,0.6455465347179641,0.33495484908101314,0.35473073237807984,0.0,0.0,0.0,0.0,0.0,0.16288002347821112,0.3765939641525723,0.7162143693668782,1.5061873546106777,1.0987760971117877,1.2080028244541994,1.0753920966097807,1.021517559306093,1.0071203821602952,1.0000162073596077
9.572316457928693,4.0864980967125435,1.880641735931451,1.1280058227553271,1.098909483835596,0.0,0.0,0.0,0.0,0.0,0.16796443079526707,0.43037709259037626,0.8203151424301166,1.3755082947188195,1.6733650545375012,1.3109285126576276,1.0790129836235485,1.0308465201718555,1.0061166834585,1.0021832482619184
23.855526511261235,10.602952277339984,3.9054686069751696,2.868907775131374,3.913229012021548,0.0,0.0,0.0,0.0,0.0,0.16479782981098473,0.42273450747766944,0.8513426393892961,1.3942793237898994,1.6705068695646512,1.3151750592541767,1.0724492941094446,1.0262087252027696,1.0065268468359054,1.001321414981002
12.272709132629886,4.0805393401177446,3.7161647522310943,1.3209531464161932,1.7910083444181155,0.0,0.0,0.0,0.0,0.0,0.15563126022837812,0.4124916663616384,0.6384695525739056,1.4240928565980162,0.8997072902815232,1.2264275293461295,1.0510538464635562,1.0167618240945535,1.0085919727984793,1.016984267336331
4.826420100560038,1.386668846178205,0.7173101435211235,0.388591485020289,0.5055360719650386,0.0,0.0,0.0,0.0,0.0,0.1681138274809623,0.5024263990436872,0.8339839204078531,1.3413321685193382,1.6698769378703262,1.2438451796241585,1.049866403643793,1.0233621715409187,1.007585086098833,1.0019610543150912
6.252712979675367,1.902947386773127,1.4796552971489345,0.6329273714019835,0.6657613251634349,0.0,0.0,0.0,0.0,0.0,0.1589303442754451,0.3661897533955119,0.6579184468169026,1.4907550475629308,1.0431165270962595,1.2208852822510177,1.0875829023481174,1.0329835057937051,1.005200865844885,1.0139389600337965
3.5267136452788903,2.1559083197534767,1.5340535515657305,0.706779977262291,0.6483711871201729,0.0,0.0,0.0,0.0,0.0,0.1629166035253018,0.38793255900305323,0.6563775289358863,0.9623366619950395,1.4578552620658896,1.3517618857877947,1.0692348728898071,1.0213585468098865,1.0218041633541493,1.0093588920505197
13.302836447056958,5.4277624763570405,4.530716302027936,1.2150812599847058,1.8691448607860874,0.0,0.0,0.0,0.0,0.0,0.15905868204769089,0.40116641263334574,0.650800702400074,1.4488408786350526,0.9222414762267629,1.2711800933349364,1.0607450124845756,1.019267053488479,1.007112692164142,1.0199982005485568
1.8668151054639253,1.0664987564114399,0.8042064141527344,0.2376385474251458,0.2243627132090044,0.0,0.0,0.0,0.0,0.0,0.18244513598473022,0.4414550842658129,0.6398790924544344,1.0150598491893066,1.5252892305020156,1.2552619044558357,1.0382750373946266,1.018357452681853,1.0209871025847301,1.0073561365637
1.3771508909774206,0.5741028564316004,0.24864979871509102,0.21635974087203486,0.1624791151154666,0.0,0.0,0.0,0.0,0.0,0.1488522800415353,0.38716140808809174,0.7390578963644282,1.2072806834713394,1.577687175262043,1.331215560755082,1.077303432238331,1.0390418425465677,1.0111535622013534,1.0051142605549919
6.835342478407938,2.3351113972164113,1.0868064866050444,0.5395330412216243,0.5677030223469707,0.0,0.0,0.0,0.0,0.0,0.1587632271503488,0.42010601456264957,0.7149891659084605,1.0421522713011753,1.4929442390556131,1.2566691639331427,1.0572062475010733,1.0258614078832948,1.0167913071524293,1.006302923448199
1.7114558740995534,0.5781516887664389,0.6542170807924099,0.2654679546649064,0.18030995905574615,0.0,0.0,0.0,0.0,0.0,0.16546058147120749,0.42902313592323393,0.7166276610333917,1.306914961896114,1.6140149099294467,1.2883492995047252,1.0684884268462675,1.030513824977466,1.0089150685108457,1.004329231535055
7.547995538278957,5.714140902270126,4.135497096319077,1.522040177878465,1.8440352580565798,0.0,0.0,0.0,0.0,0.0,0.17392270902039836,0.42003136971854715,0.6709688916646953,1.4462829564593622,0.9556300612561962,1.3070658827237478,1.0468982768364927,1.0175159497965578,1.0068049592514825,1.0186934152000788
6.499976755014342,1.9898748926456329,2.3639038283392155,0.4947355335809059,0.519499808423027,0.0,0.0,0.0,0.0,0.0,0.1656841775786897,0.37944575652452495,0.6287732465020908,1.529620309313474,1.0523431025113401,1.2078813549800782,1.0763823760246216,1.0174109038622168,1.0059280583787278,1.0233364273022154
9.1344587927375,3.287652967560515,1.6947068222773118,0.737224405277108,0.9153046416450572,0.0,0.0,0.0,0.0,0.0,0.1538260438851781,0.41687708227586995,0.6602737929714061,1.4929119975242622,0.9321392352606226,1.2570708444900867,1.0462424890508426,1.0238934084653308,1.0078906741333473,1.0189176096207209
7.343735964156897,2.9155738805417135,1.212999163627794,0.8653656835102733,0.7837751617986707,0.0,0.0,0.0,0.0,0.0,0.16786245976581968,0.4714422126090656,0.8512003952136863,1.6676709815902884,1.3915920287384373,1.3162372990005318,1.0576662075421788,1.0248211722322955,1.0012808913336175,1.0052389380813203
1.9785513384726854,1.195863019923419,0.6755540017630667,0.4079594563190211,0.34796946004688595,0.0,0.0,0.0,0.0,0.0,0.20013954200535378,0.4116142781500203,0.7194965047531235,1.144550866000017,1.5915104220001846,1.2394519106291657,1.0624614300312802,1.0315578400422327,1.015069011326851,1.004913311105297
4.947541155663082,1.6128147561153388,1.2992035797892805,0.4558455102625147,0.5729382431875221,0.0,0.0,0.0,0.0,0.0,0.1561715206788038,0.39686963669896225,0.6296897205353028,1.4598460020231074,0.933987392004436,1.2459168059480803,1.0649945473047966,1.0219175848602349,1.0081526361427806,1.0182310276497517
2.4350687665168094,0.8574130640183407,0.3786799189363854,0.1652505968311584,0.17036620377432626,0.0,0.0,0.0,0.0,0.0,0.168899795343542,0.46347495366907554,0.7589653169900994,1.2986883693928055,1.6519902176677597,1.2324044523647069,1.0431622088336046,1.033549050163714,1.0114445035532558,1.0029618609301936
3.775615904591379,0.9077571367647398,0.6789307794316057,0.3730420178157886,0.4076539465352007,0.0,0.0,0.0,0.0,0.0,0.17900479372391953,0.46545142131844475,0.8157182647186763,1.1893957775939015,1.5797827185377329,1.2125339363691898,1.072801602547898,1.0174879781941781,1.0122384778557283,1.0045083615476746
7.601203994747682,2.809949703869144,1.1814004445567217,0.5069070319735843,0.40245577370275054,0.0,0.0,0.0,0.0,0.0,0.16459380972481535,0.4258388332177135,0.7804252028189359,1.6603743237976376,1.2560897462245209,1.2642032290304333,1.057202683290994,1.0261085207562952,1.0026836417122142,1.0127328576240195
3.3895367326688386,1.4086423750638908,0.6625859836034372,0.30002644696979636,0.29551221518174675,0.0,0.0,0.0,0.0,0.0,0.16443300505574496,0.3502845780686383,0.6093840907148689,1.0126763254439093,1.4586016198727183,1.2031486767648032,1.0627234887204169,1.0342777918506447,1.0233068304671873,1.0091248992582358
4.215544609442505,1.5693974196021039,1.0070940170186267,0.3769889415988615,0.2921944382351141,0.0,0.0,0.0,0.0,0.0,0.15957495005822564,0.4047100534984911,0.6850575439099715,1.0987311237201995,1.5065683581135116,1.2313488863517885,1.0576227130954892,1.027873292946887,1.0149381596046165,1.0058670197723174
1.7056774265916907,1.1548524701892282,0.45309217602700524,0.18761464311847623,0.24468025756083045,0.0,0.0,0.0,0.0,0.0,0.16660578826512867,0.44879181979407384,0.7149052831367522,1.401474665602452,1.677045534253567,1.3659362402611663,1.0548082947904962,1.0434297410416622,1.009612079712279,1.001314411748227
4.292964773689542,2.099231265096071,1.5098388101146305,0.42552916343165037,0.4767982043233655,0.0,0.0,0.0,0.0,0.0,0.18252957777149037,0.46599815263220234,0.7158955977619581,1.5125368744036691,1.1220497584293074,1.2140304791503724,1.0400995713106151,1.0223094683504794,1.0041060473999328,1.0154136560404816
19.67946259350476,6.747410569815324,2.5686480633478626,1.147819192743453,0.8633846773464386,0.0,0.0,0.0,0.0,0.0,0.1526228679153293,0.4041213237637415,0.7619161204499852,1.633869366540165,1.1870589732902652,1.2528346524964593,1.0708101905344745,1.028668711232466,1.0035048816407501,1.0179602729453232
3.952200209300213,1.1043526428164916,1.054453741868779,0.566092953384967,0.49172612879782196,0.0,0.0,0.0,0.0,0.0,0.15960161289990454,0.3714635032137664,0.6259189517220638,0.9249329384917027,1.469895646038757,1.2532382851674613,1.090747481388499,1.0267454299298782,1.0182480748082514,1.0069095487568434
1.7820459028128908,0.6845072726626071,0.538769867585092,0.15913610775551512,0.1594024157581123,0.0,0.0,0.0,0.0,0.0,0.1627889958694887,0.3763135623977204,0.5976900943430659,1.0108100116682663,1.5787486114936125,1.2368449386463876,1.0660962776091718,1.0328768675692912,1.0276868926928115,1.0049072713694822
1.008348423442508,0.5608787558039692,0.32830870909860915,0.181420421488589,0.20950765461224186,0.0,0.0,0.0,0.0,0.0,0.19580752552407568,0.5243721113668521,0.8698263344177619,1.3489023834309601,1.6790399011270538,1.3176937523196104,1.0525559924149792,1.0159442123824973,1.003674255343394,1.00136212827711
8.223843433132926,3.570293599418463,2.1668046018786042,1.097390397688422,1.2266701862094789,0.0,0.0,0.0,0.0,0.0,0.1694746029732218,0.47276435473830336,0.8187932122282591,1.3449004495339227,1.6425173067220908,1.337006671932111,1.0614758108715692,1.0230463990327612,1.0098082744052475,1.0026856291082828
9.114011048291095,5.163470757371378,3.931182147070409,1.5028635065839784,1.8998305209987305,0.0,0.0,0.0,0.0,0.0,0.1782956047394137,0.4239011396833806,0.7306363049113653,1.1411092402947218,1.5294468338469867,1.2785896933405654,1.0549395552595568,1.0261383779380977,1.0124774684854079,1.0035389702959305
15.64512426025264,2.3641346511030243,1.5319496613905788,0.30443517748411,0.5385377171380992,0.0,0.0,0.0,0.0,0.0,0.14230824442532136,0.31465180572104423,0.5248327711454484,1.5996038568984892,1.0416900569514853,1.1257028400733882,1.0788472693466091,1.0470256753281781,1.007349064434198,1.0200052566834383
47.43260200248309,8.801153085289409,4.959540321158801,0.8123343724151381,1.4759118077029683,0.0,0.0,0.0,0.0,0.0,0.14216209965395266,0.30502985592374726,0.5153725960684671,1.3236321525713521,0.8876321430509829,1.0958534366912682,1.0528976151584848,1.035534296615181,1.0108701053684896,1.0198212356613592
32.529433139780984,11.752405324817065,5.726545494678834,1.4789196012448205,1.5777685153608592,0.0,0.0,0.0,0.0,0.0,0.1443574776380568,0.3062923815512356,0.5971295800842614,1.0868492116463928,1.5465639469172197,1.1921587539444454,1.0819850362793813,1.0359043098236889,1.020352941002026,1.006739524461571
68.49559184566921,18.87630966515788,9.10549076133816,3.7680176499984057,4.172859402327927,0.0,0.0,0.0,0.0,0.0,0.13581871697562103,0.2867612664483959,0.6192385570667971,1.1978226010798931,1.6237619079268046,1.2485279464572416,1.121711698558888,1.0517656341842667,1.014511563783145,1.0046463822608596
19.418288078134722,9.199943515126456,4.623500013827011,1.2417160457055023,1.7437681166177839,0.0,0.0,0.0,0.0,0.0,0.15315996990473552,0.31086258075751794,0.5480052046353975,1.4449379425408886,0.9545239148682677,1.2187578240860901,1.077466073140883,1.0480745377820622,1.0077307981649226,1.0208321372514513
12.069595343686093,3.6910921104913292,1.5091876741037566,0.6442864891433095,0.5047460920873327,0.0,0.0,0.0,0.0,0.0,0.14366502819826715,0.30464178591904323,0.5635022423240852,0.9996230739580343,1.512520540675854,1.168909920244293,1.0762002577848728,1.0414931057439034,1.0147085387992627,1.0066475358624671
50.13685345248544,11.175690279198857,4.983004570497559,1.0986386010713214,2.0338294654088047,0.0,0.0,0.0,0.0,0.0,0.1453545495821026,0.30210339589464147,0.5827967150248038,1.3498906518202531,0.9026540697390457,1.1165352355716665,1.0686288434999012,1.0352613663540478,1.0098401608044525,1.0156093521538825
4.8030725459094565,3.2582822564930773,1.4666831496788204,0.7356102610674725,0.6276668699163663,0.0,0.0,0.0,0.0,0.0,0.16240562411988713,0.3422479427779637,0.6089796857620933,1.057240928727519,1.5152345461691925,1.3158009030281002,1.075846760713809,1.04635402037116,1.0187551527919798,1.0080967641635392
15.040422525815009,6.659958225090657,14.09218127477143,1.0158453179405815,2.1083428644404707,0.0,0.0,0.0,0.0,0.0,0.19263203109448437,0.3885774921670494,0.5364683222829801,1.427269130608335,0.8683357807807015,1.1901477882908869,1.0564657613838018,1.0149390519836998,1.0093835962420397,1.0276693706530713
4.609206734123902,2.8719761887972344,1.534941947190832,0.20412708485869552,0.33688810897368704,0.0,0.0,0.0,0.0,0.0,0.14173721753172414,0.33689005234895913,0.5544269291394127,1.4308985254395359,0.9856836761099278,1.2229780531582406,1.044586212331146,1.0202232267631979,1.0105591313312052,1.0163337559688999
3.0545713249847655,0.766209784574622,0.7136656322043621,0.16500502690853378,0.20846964684625036,0.0,0.0,0.0,0.0,0.0,0.135946790527595,0.3153888078789464,0.562478077427493,1.2208074661503028,1.6464423388538387,1.237491306737886,1.0990455209263235,1.0387656258104552,1.014391951221537,1.0031988498393012
14.881869800401052,4.041170034351699,1.5456849534522539,0.39230561625998284,0.6794619405370467,0.0,0.0,0.0,0.0,0.0,0.14817486014880013,0.3082386697852433,0.6738785204212597,1.6392058066773143,1.26048185319525,1.1866400566837454,1.114149969968879,1.0408493444661957,1.0049058174013732,1.0110266043063805
14.65680764041492,3.305099316397995,1.5571809946059654,0.42079834034588204,0.6772133851143989,0.0,0.0,0.0,0.0,0.0,0.1407461574389058,0.3027933278959314,0.5417508886978769,1.4079219118843271,0.9003719513105415,1.1452857653299287,1.071316762724511,1.0479015410780264,1.0112958492561148,1.022948719521582
8.599472343493705,5.662483063985107,3.1864076525527376,1.350093982611787,1.8653537994501803,0.0,0.0,0.0,0.0,0.0,0.19623370487222383,0.3974699422227696,0.6356485140974084,1.399744605007759,0.9495294197205901,1.209583095168411,1.0552088815326068,1.0303845361929576,1.0089358066990517,1.0171835718609685
9.92705039288768,3.2318304462953655,6.463474730334913,0.5676241457684716,1.2172044374335116,0.0,0.0,0.0,0.0,0.0,0.1483905128047699,0.3687075174212763,0.5476856750973613,1.3601849081967188,0.8475443193855158,1.2079171513520621,1.0594008229896845,1.0208080156765973,1.010724945099542,1.0199370201594797
5.123506139079651,4.303509027467305,4.834117577824487,0.6986499012210151,0.7515995954897955,0.0,0.0,0.0,0.0,0.0,0.15812536720792478,0.288818868707699,0.5329194820198897,1.4818241353231965,0.9416399085568391,1.3271831995632133,1.0979671530380988,1.0265938404077932,1.004420282574859,1.0286801928151281
6.460740196603818,4.024659770646421,3.0009053559364873,0.8997224145899887,0.9623445220871403,0.0,0.0,0.0,0.0,0.0,0.1448148760671849,0.3203266900861675,0.5728312100869867,1.1712357461652692,1.6160470964657023,1.4156353214099062,1.0959150970231186,1.0407295414763802,1.0173195378869315,1.0051335114036026
2.5775847967585683,1.334113066203279,0.6219790790225425,0.33697396094783955,0.3689587318863487,0.0,0.0,0.0,0.0,0.0,0.16456463434431448,0.3734239509886759,0.7144678522333062,1.110502196203454,1.5352898213728081,1.3160571433038926,1.088428147166174,1.0359915583239576,1.0190994401665487,1.0061477504385754
5.281867474681779,3.3929247778419223,1.6582275116827259,0.32631803839303786,0.5076172478250602,0.0,0.0,0.0,0.0,0.0,0.14944821919346915,0.3203136344227804,0.5441151313466467,1.4284409470981758,0.9620799907891115,1.2606201511181367,1.0651911618455943,1.0363207290119023,1.0101267829558562,1.0156016492513622
1.4198044608028892,1.742305903943251,0.5097011979106932,0.21635252191970986,0.21414829489436524,0.0,0.0,0.0,0.0,0.0,0.15585240027266825,0.35766142099959763,0.6290785185368593,1.236885849831067,1.627647439041668,1.4045458565049946,1.0590984654910578,1.0452291787438028,1.0143951512735416,1.0038155259179593
5.527306055890298,0.9816759024659442,0.48612913914272476,0.3843940313410244,0.29301214646086027,0.0,0.0,0.0,0.0,0.0,0.16968020160043076,0.507676427926236,0.9190349335107985,1.3867527788302842,1.6092768281948253,1.2537917834142966,1.0630299544839883,1.02059353955061,1.0034965176635817,1.0030028476599664
8.6296747515011,3.6281676651918344,0.9583059165222185,0.5480586362865711,0.5250398993431702,0.0,0.0,0.0,0.0,0.0,0.17884224121657227,0.4991263839229229,0.8321998945299116,1.628990944343488,1.2091079002684542,1.2695624464204756,1.0411512553129083,1.016121788503546,1.0044106829470152,1.0109932289967662
3.9682524966380273,1.0965810475213877,0.9088531825729639,0.2167305443762507,0.27774806757425713,0.0,0.0,0.0,0.0,0.0,0.1600295985706641,0.35226021858816375,0.6005243347931852,1.6310293163770109,1.2476272348069508,1.2116178430444011,1.0846966822178523,1.0341147674256208,1.0037191676040877,1.0128046187281794
6.4328567848314595,2.17399110660743,1.2492102909238896,0.35466655941257874,0.4436412546068917,0.0,0.0,0.0,0.0,0.0,0.19351108774492273,0.49412955901418754,0.6704391289016045,1.4220461613715536,1.0112782424628803,1.1737998606658133,1.0271359264689872,1.0208993831748279,1.0100267955766402,1.0185811400410523
3.489700163688812,2.4287339579998197,0.5680052257941812,0.29897483452688123,0.2792947444995012,0.0,0.0,0.0,0.0,0.0,0.16594326144735266,0.5267909612117233,0.8273270895189886,1.232506302810714,1.632184149003356,1.29425833844819,1.024139960160621,1.0174574062431154,1.0102071360065685,1.0027373521810459
3.9931662254685962,1.5455760399918141,1.2088168387550469,0.4359856779278914,0.6874186135566503,0.0,0.0,0.0,0.0,0.0,0.18446430734260869,0.432753601840047,0.6443249692710065,1.4295133699033469,0.9332671016102418,1.2070447323007614,1.0489197709026172,1.0227907517412202,1.008146943249573,1.0162007362818541
19.34289244868973,11.248801494506248,6.580504564532072,1.1181769330235793,1.5050411474942305,0.0,0.0,0.0,0.0,0.0,0.14354769105470128,0.2716349087329349,0.5261284336849501,1.5600350194968844,0.9207795659667045,1.2573164975445605,1.0950355667114797,1.038676218258211,1.006846611137327,1.0239700326775834
2.1036291887838394,1.7948808701241887,1.0766967841097557,0.6486994087387574,0.4578533284751883,0.0,0.0,0.0,0.0,0.0,0.15150036781939114,0.3223876456404509,0.5460904579871589,0.9204523740186771,1.4724110512217212,1.453004398745523,1.0831306054421146,1.045573195406284,1.0229650377097226,1.0068394641944813
3.447309836148689,1.0127820115105124,0.32208753380122224,0.14858560177664923,0.18631624177463274,0.0,0.0,0.0,0.0,0.0,0.1694658286026648,0.5126755195561477,0.876121612966594,1.6591343843931694,1.2684626368571805,1.2249260098525843,1.0423276474368959,1.018579973857438,1.0023779373690465,1.00670953654988
1.1162551692885487,0.5995795978209895,0.1859297786909942,0.1859657971060195,0.14594353662355788,0.0,0.0,0.0,0.0,0.0,0.21834724617682494,0.48424101856514623,0.999445249119398,1.3951738523897164,1.665012557382945,1.2432234246878329,1.0734778053731293,1.022514905696559,1.004112209079723,1.0019935037267091
7.569703159825639,5.234371356882724,3.3859670310143075,1.1692255540304004,1.142350385663234,0.0,0.0,0.0,0.0,0.0,0.16475387534524533,0.347071954741743,0.5926452557053916,1.0858082347660711,1.5343672866387101,1.3336369911945505,1.0818196863145395,1.036426739293138,1.0200585167279834,1.0073806208478453
15.76231534689386,9.174738231924948,2.767026877169172,1.1039100359192253,1.1115758175604813,0.0,0.0,0.0,0.0,0.0,0.2033864490578746,0.5092890645941432,0.833540094131943,1.6281428777450884,1.2920827306136566,1.1976688325757083,1.0326560603974462,1.0232957106030238,1.0025617254435728,1.0085273750010877
0.0,0.0,0.0,0.0,0.0,0.0,0.0,0.0,0.0,0.0,0.0,0.0,0.0,0.0,0.0,0.0,0.0,0.0,0.0,0.0
8.368671065684921,4.656312711987108,2.4364124322988188,1.188015532665175,1.0110407305683633,0.0,0.0,0.0,0.0,0.0,0.16697432462910367,0.46591361642927714,0.7989785855247907,1.2654860337560707,1.6482460885225745,1.2967688565793105,1.0499379926331096,1.02483961132373,1.0019951022656803,1.0017758760120494
6.570441322641273,1.8006740078158359,0.9554057488517211,0.544725059619395,0.3903478904534278,0.0,0.0,0.0,0.0,0.0,0.162347410986026,0.46642523107758854,0.749757328586672,1.1579473322477392,1.560123235505075,1.2287587617476163,1.0438508692009416,1.0237439640295403,1.0041220950803738,1.0043440925117204
6.011274069796094,2.0060434188351186,1.0819221186733337,0.6228276932602466,0.4909364053397125,0.0,0.0,0.0,0.0,0.0,0.1674894497712156,0.3848191266164197,0.651073637134284,1.0863942416407992,1.5089422512329618,1.177987962581306,1.065998787935985,1.03207100398311,1.0129183884575692,1.004760888343786
7.98464793684887,3.6318889658914757,2.0106762219371066,0.629018364802783,1.0526273525494152,0.0,0.0,0.0,0.0,0.0,0.1581840067255075,0.4650940024961634,0.7339278399779726,1.474284476580824,1.0932889753197048,1.2494755728829177,1.0367974370347683,1.0211090340162192,1.0065606058131906,1.0044089548397452
9.714039986351775,3.3511741061452476,1.9967327837669386,0.5487118784940128,1.0901796891065856,0.0,0.0,0.0,0.0,0.0,0.1588916895267957,0.45875145273417284,0.7746070973868464,1.6322567038190665,1.1837003340606693,1.2268132756234293,1.0465164824133901,1.023082882975462,1.0034580361672982,1.0069159059166577
5.3505782074334025,2.7413080087886805,1.5944842795975813,0.4210696105070043,0.7532681210421874,0.0,0.0,0.0,0.0,0.0,0.15634758329092316,0.44478392519495963,0.7425644494667692,1.4860865575635205,1.0875721071170343,1.2924030006121914,1.0500826836926176,1.0232141355075959,1.0065145874673684,1.003753333367475
6.326303913885834,2.9766023952713354,1.5668154031419903,0.48403329733698264,0.8097867555272149,0.0,0.0,0.0,0.0,0.0,0.16326213131220413,0.44555852335037127,0.7472233710712924,1.559783121500559,1.1170748027347601,1.2494354168804105,1.0485716797000382,1.0230233355378304,1.0054736318194772,1.000532684628183
7.516603538238257,4.64252436093786,2.123801584648698,0.9345938552649834,0.9797526795198443,0.0,0.0,0.0,0.0,0.0,0.16567235284610318,0.4832002053069901,0.8102091144583312,1.2845615304594324,1.6760409831905807,1.305760333775627,1.0408410169226516,1.0258559275486216,1.009031611126903,1.0014186183616305
3.7416202089952733,1.878450639263758,1.2043084177114813,0.5400842484648954,0.31585556961326294,0.0,0.0,0.0,0.0,0.0,0.1708201583632344,0.4586393974695774,0.7233655603362406,1.1198157378294533,1.536878039817745,1.2593656087382905,1.0400547790993389,1.0179524130354485,1.000422576709337,1.0054347719298529
4.165648611285579,3.2054389173925073,0.9444920612580301,0.33454103311814265,0.5774674074739962,0.0,0.0,0.0,0.0,0.0,0.16602341360618586,0.48282654512083506,0.6989645130599216,1.5445344002986,1.078077237997805,1.2813062379843765,1.0262056039334293,1.0155799531531386,1.0052647177282794,1.0083906769569289
4.479801375087422,2.1555962556372994,1.408566884556811,0.5846694623491198,0.4436896840443548,0.0,0.0,0.0,0.0,0.0,0.15071770351271227,0.41613436790932795,0.7357928892811143,1.1317550783381405,1.526895456743394,1.3184809110842521,1.0554740209809568,1.0205435648740426,1.0013895594351945,1.004317443898071
30.507102245960404,10.346503051308632,7.825397375479764,1.9370178098096176,3.4129188724497572,0.0,0.0,0.0,0.0,0.0,0.15700862620000894,0.43383392276882404,0.7236024441809189,1.5178441562966283,1.1397546706235289,1.2622001735625374,1.0524350697037572,1.024440593105513,1.0061042822918045,0.9978510924538606
45.488430436464206,15.958740678837609,9.442219676361438,3.586210109270205,1.9895102170229133,0.0,0.0,0.0,0.0,0.0,0.1641280753367698,0.4400261270814208,0.7739330695543717,1.233946307611319,1.6048616457683453,1.2215022948230099,1.0581225130531848,1.025564494647421,0.9949961436485301,1.00521954261698
1.746599789935427,0.9271671847785548,0.4045958027434121,0.2762662182926977,0.23042250300041517,0.0,0.0,0.0,0.0,0.0,0.1577598518132508,0.4951436618343477,0.7868791328596905,1.2700382071109904,1.6584562931396631,1.4026629966571036,1.0322971925452689,1.0210182965974932,1.0127832425810954,1.0025079388895732
6.923675496553962,3.1234121516462805,1.2623597208156259,0.40681003816281364,0.3011429638034901,0.0,0.0,0.0,0.0,0.0,0.16666219346074132,0.4628649041113993,0.7794365245169514,1.2624387503156482,1.6430974214241545,1.2548240486402513,1.0463819618445704,1.028603211881502,1.007514370801352,1.0032389691166896
4.239839151124796,2.4417873993335126,1.3772210206342224,0.38793523863859963,0.5999872459721771,0.0,0.0,0.0,0.0,0.0,0.14917806381660387,0.4104915798491982,0.6445925665463128,1.5492862071862932,1.038341056420146,1.2949309781661782,1.0377992452372289,1.0212338421574407,1.0066413104938299,1.0085814651428724
1.4720596848529675,1.26355419573657,0.5222081713121604,0.21868246907093933,0.26410023737233884,0.0,0.0,0.0,0.0,0.0,0.17127519086301762,0.4755504334122719,0.7913509851366319,1.6058857842764185,1.2054724541626676,1.3249445206112875,1.0238791536342517,1.0170413876837534,1.001608439214731,1.0080577465625138
2.48869718698728,1.5440368762283743,0.9356100264914389,0.4505561010638381,0.2675407197802057,0.0,0.0,0.0,0.0,0.0,0.1614479229642879,0.45745322187324816,0.7444565561264014,1.0875620891467344,1.5053546395091078,1.3240450475433732,1.041022316230667,1.0213408044698977,1.0107498678548408,1.008333966635048
2.5349537390299726,0.706374052406554,0.31596775578302994,0.09133611161388534,0.11713138394651659,0.0,0.0,0.0,0.0,0.0,0.14421120220797132,0.37319271185823966,0.7620852963513289,1.6420576774240065,1.359909379897906,1.2659803297124455,1.0952814176839778,1.0355730790689441,1.0030479331929112,1.0084058405363707
2.9096751250425656,0.9676260331119876,0.6828227790183291,0.2937264454835381,0.28231019449333583,0.0,0.0,0.0,0.0,0.0,0.17752476811513374,0.4721622633308028,0.755654840902146,1.1469183763913922,1.5649508286167353,1.2345130314790564,1.0513488487080063,1.0237754244285346,1.0092629753384768,1.0050349267005316
1.7606266694336967,0.808452403462734,0.5173784683511249,0.25543158197138527,0.20712293290340308,0.0,0.0,0.0,0.0,0.0,0.1880176870185601,0.47006370447877116,0.8133424009419534,1.6304439934261254,1.2284741701400206,1.2424046093199663,1.0506577467098408,1.0197611686206192,1.0028296063379138,1.0105974786260763
13.394546932080507,8.966097820098605,5.107537438669878,2.3675171231215644,2.993512086506496,0.0,0.0,0.0,0.0,0.0,0.17793058772742049,0.5072384360083553,0.8173944374077444,1.635071334915767,1.2600088924805488,1.3274181293082756,1.0419096239331167,1.0237285876405173,1.0029640957490198,1.0041333214098525
1.8491433509570165,0.9942579832903904,0.5884813876136145,0.23011237845701454,0.14557601962613276,0.0,0.0,0.0,0.0,0.0,0.16307910934967026,0.46853633171566433,0.7465457030675481,1.129571994731665,1.6411980094579288,1.3170214362342036,1.0479281212551155,1.0255282798126768,1.009947685598984,1.0032717910553464
2.347665196960129,1.2188446509350794,0.5849253894219222,0.2090970252070919,0.31575679848506527,0.0,0.0,0.0,0.0,0.0,0.1706789462825905,0.4749759446491341,0.7843298098077662,1.5882661322607747,1.218640239283248,1.291943850584256,1.0330857981469366,1.0239099290715152,1.004869326459441,1.006557814197152
17.502711557088322,16.10416712362143,8.003484466322456,4.815016657192731,4.880348986243433,0.0,0.0,0.0,0.0,0.0,0.2023597830654453,0.48541303064058666,0.8264551276761222,1.6783399864113582,1.2801545643673584,1.3049748131210521,1.0442812158991515,1.0259136527003492,1.0006908275750401,1.0048602711721246
2.514406405530816,1.0355578255096016,0.598467859868987,0.27299521099452273,0.27557669198340357,0.0,0.0,0.0,0.0,0.0,0.16433899784715625,0.4596441317498425,0.788553824710143,1.1930745702074408,1.6574765153175488,1.2782176444354987,1.0534769353829043,1.0194100138195998,1.0098168711614353,1.0029963642130877
1.4329678333576807,0.630856712206049,0.17042628546911784,0.10996096092180181,0.14084982150502384,0.0,0.0,0.0,0.0,0.0,0.16423996435233545,0.49492798533265003,0.8904401368585853,1.4669550384553633,1.6914295019379746,1.3087293260029018,1.0422849417127036,1.0267534234309812,1.004312387393154,1.001060918298487
12.792890484816956,6.967517907933065,4.450061690223832,2.118001894351588,1.8433441956781078,0.0,0.0,0.0,0.0,0.0,0.1709526059578545,0.4752378459121134,0.7571421282594099,1.1317317715814779,1.5113124465227077,1.2802970125568471,1.0433586563949566,1.0155948956125587,1.0087710473846623,1.0060815155668041
9.881130825345773,6.297381527697295,2.9421885963523673,0.9842910092586482,1.358847346977741,0.0,0.0,0.0,0.0,0.0,0.15803229755608555,0.4798245832498091,0.8097279102580871,1.6679074986706919,1.188830248157225,1.31758340666508,1.0401118804531437,1.024160285515364,1.0023761778117342,1.0071285799035223
8.513752678391105,3.006797779286731,2.0867509515819944,1.143189966500318,1.2893045166873602,0.0,0.0,0.0,0.0,0.0,0.14751343824268995,0.44855057630435813,0.7828342729831975,1.1806268889221454,1.568103922706587,1.343590044770081,1.058458147443922,1.0203561364321574,1.0091276179488498,1.0047789519398564
7.706397671060495,2.1793436482448634,1.7016028108877996,0.6771075605432271,0.7203306583640788,0.0,0.0,0.0,0.0,0.0,0.14575228186483752,0.3404553775772413,0.5883044332932645,1.0301288395396502,1.5486240857549736,1.2425246880967884,1.0823123869769187,1.0398433638107205,1.0183116538306634,1.0059323756670144
0.7220012469216831,0.3966476816131572,0.537582601874694,0.24746790182973627,0.3260251176788858,0.0,0.0,0.0,0.0,0.0,0.2130513894675247,0.6429484389706944,1.2445024038774133,1.5316151998044385,1.7156041186486737,1.4217022052792863,1.0588903964131628,1.0013486599678862,1.0018374332249615,1.0007410030719024
9.592717575297073,2.7250668428557434,2.2180359738301147,0.7395407315801994,1.4424979678293357,0.0,0.0,0.0,0.0,0.0,0.2001446584432868,0.5044744902689363,0.8323397209177801,1.620678083250999,1.258617253573362,1.2201406876801588,1.0530069915845521,1.0134415317542067,1.002756921886462,1.007950838693106
9.507613179041169,2.665752061535442,1.0943471394207926,0.3866007905133207,0.7328303196183379,0.0,0.0,0.0,0.0,0.0,0.16815089669454814,0.4284008379466845,0.6924709499941737,1.5434376973189454,1.1104437545098602,1.1791458340879435,1.042683729654989,1.0182899529995402,1.0024872172627268,1.0096157723874517
6.71877150492711,2.8074265878871913,1.8033133211534178,0.4437257190567707,0.7282244029010307,0.0,0.0,0.0,0.0,0.0,0.16093512825805847,0.37612726162813287,0.6536840626045622,1.5388851729459527,1.15896821022572,1.2685064890987947,1.0722577270305256,1.0263684882409223,1.0061711208257582,1.013594198845541
13.46573709579682,4.739374983660953,2.7178982717471767,0.5951408914439382,0.9645209409014104,0.0,0.0,0.0,0.0,0.0,0.13996440660319467,0.353878741284873,0.6793712307774067,1.5425904831213673,1.085862701063939,1.259896841208727,1.0951777543377568,1.0107308739445398,1.0061490575102408,1.0115677456745364
10.601537997551176,3.9007148710496793,2.4673459957205504,0.5610211978875208,0.9421308728950664,0.0,0.0,0.0,0.0,0.0,0.16190717652199252,0.3688991416550406,0.6988816784947219,1.5715445142409665,1.1347061189146679,1.2215322442412193,1.088272248758319,1.0174770954397299,1.0060765148321205,1.0153836454300833
5.709015310274592,2.878253298358908,1.842284533317422,0.38428824487304786,0.6233708592847473,0.0,0.0,0.0,0.0,0.0,0.15886783245640573,0.3491092138290602,0.7199434270307781,1.6349154255181684,1.2401474866662041,1.2932556539654114,1.0995860153872064,1.0226303649852233,1.0032550731004213,1.0066323132105974
6.0286756071453995,2.9754416599809486,1.9352128115768523,0.6165306518430843,1.0727474293529342,0.0,0.0,0.0,0.0,0.0,0.1585923880850311,0.33733343656197684,0.6223126726149797,1.3250806349692295,0.8607412887748935,1.2557296992237823,1.0772337371444718,1.0162726930970185,1.0123974156792706,1.010494154409884
10.730713684524758,3.210111740258271,1.9331653556707071,1.1910108617460033,0.6394195004729707,0.0,0.0,0.0,0.0,0.0,0.16818799402246226,0.4628995733730512,0.8199043066557079,1.2505353689060916,1.6147585223109862,1.2745873163077635,1.0591345183367016,1.0143740813521878,1.0098404429666863,1.0035190191499554
3.6316050808516662,1.943810532678483,1.37286067738228,0.39442979424304025,0.8173722800237357,0.0,0.0,0.0,0.0,0.0,0.164558687794858,0.3674752533407629,0.6207945074204609,1.3175749349966965,0.8599435417389588,1.2733966097526561,1.0708745296134707,1.0160688541364848,1.012361597318245,1.0094603094534107
5.0430237973185275,2.758529071169196,1.5840892837984641,0.4094166567789494,0.5836880093625723,0.0,0.0,0.0,0.0,0.0,0.16506980269456809,0.4203371710762204,0.6386031479742597,1.5691479478931727,1.0222163105069288,1.237894543191005,1.0449327747629997,1.0217321961418695,1.0058661036733008,1.0183501631896708
4.24395047899054,2.8099512196830836,1.593325250676334,0.2841068752536001,0.5588759963518527,0.0,0.0,0.0,0.0,0.0,0.15509928535580264,0.3292019170036958,0.6843931319278376,1.5295887049632741,1.1572166263782808,1.3027412717327425,1.0835434575331464,1.021096455544164,1.0076339139656951,1.0104394354973085
30.266387435151238,15.316420215544415,9.73999489048694,1.589718989404157,3.360016784803375,0.0,0.0,0.0,0.0,0.0,0.16192856638665243,0.34693063469230645,0.6871710279117018,1.5912532101079626,1.208745014134288,1.2429132214214378,1.0798371550917751,1.0236545740616403,1.0046686205025464,1.008540174633359
33.177430982900525,15.354100082164626,9.116270749870784,3.732784344683594,5.849410394777753,0.0,0.0,0.0,0.0,0.0,0.16929495165853842,0.3249665397615471,0.6231807053849652,1.295344276461844,0.8688499400231302,1.2173215280220535,1.091198588347262,1.0201429763633032,1.01104364834479,1.0135444365943298
4.578969413022692,1.6895436616075101,0.593149207413472,0.37542983742262714,0.32832242311835635,0.0,0.0,0.0,0.0,0.0,0.1713912933118837,0.4076810273894793,0.7092220917978083,1.057274296404841,1.559899026676675,1.2141686054113023,1.053751499028899,1.0186787145226286,1.019542238600378,1.0051926457468816
6.720533989539336,2.0510198122800762,1.2803834048719716,0.5137322998298581,0.25425839783059623,0.0,0.0,0.0,0.0,0.0,0.1464065951004525,0.3589717513597925,0.7485529320955746,1.2322126994928921,1.65631095367688,1.248831016202803,1.112575839428961,1.017433060760875,1.0131808453577704,1.0041688157033533
6.405773078485663,2.5717535053967446,1.299744636182377,0.34949573577479764,0.5228850613056368,0.0,0.0,0.0,0.0,0.0,0.1578985954949187,0.3849885712981239,0.693220329287567,1.553886636968783,1.1689289058557042,1.2542860722804525,1.0768089200978408,1.0190308385694709,1.00621429198607,1.015232777226048
3.4704980988405496,1.7532857077751263,0.6616288186784669,0.19605862022455223,0.2545677008365842,0.0,0.0,0.0,0.0,0.0,0.15848902699323705,0.4371433716026356,0.7372277245780912,1.6430684498481696,1.260485123499208,1.254583963712905,1.050077917307166,1.0145403152941583,1.0024008999785408,1.0107098294853287
3.580373964544562,1.5171605729686235,1.0632996973766229,0.30663866379836274,0.3867128886081719,0.0,0.0,0.0,0.0,0.0,0.14631806273637243,0.32436383453402745,0.718169774036348,1.6038557183085618,1.1771948304338378,1.319079705610971,1.1257362538961062,1.0230133781854933,1.0044715418956587,1.0128555404747153
8.174517394155165,2.7079489256916403,0.7701062133344252,0.18278397099107052,0.27718094230588286,0.0,0.0,0.0,0.0,0.0,0.16699397098277935,0.3909898717703183,0.6571217117881208,1.5251989079428239,1.138115919583349,1.1739856545520844,1.038215137430509,1.0172196405820402,1.0077826781242196,1.0131482391193953
2.5798452644296503,0.9935299702492145,0.7290925162435914,0.3140475457522979,0.21589962665392695,0.0,0.0,0.0,0.0,0.0,0.1898683052993983,0.4400166509838472,0.7743981994944952,1.2232020271932675,1.6156940005744935,1.2157197854346546,1.0574682361772043,1.020642252156713,1.010088090892295,1.0045708566465488
3.5592911720217186,1.0821390755663745,0.5190529841043834,0.2980819385591558,0.2728087597976573,0.0,0.0,0.0,0.0,0.0,0.15133630161662073,0.4312329210874035,0.7153994885333618,1.171639178070733,1.5905596931061237,1.2647521484511188,1.0541179230943374,1.0295011656811166,1.0147866578940385,1.0046796941723999
21.065632935461895,6.228762585985405,5.0499304007243495,2.0740885980372883,2.6108102234192456,0.0,0.0,0.0,0.0,0.0,0.1838423617986368,0.47865152582090553,0.8091068190305406,1.6359048615530674,1.2821527828239274,1.2507862287473777,1.063332587395959,1.0166946832528467,1.003042511345241,1.010131833811215
3.3539551789334068,1.7769680946311603,0.9027787447099371,0.21329825744452968,0.5058730525554072,0.0,0.0,0.0,0.0,0.0,0.14058606468889823,0.27723614669840074,0.48502017647524565,1.3260388369517133,0.8104831683030037,1.2852848564037798,1.0762209626518295,1.0392531369604956,1.0135560267636519,1.0182901443939707
3.810359541745343,1.0716343049741952,0.750437537506778,0.3512005615153231,0.1823310320222152,0.0,0.0,0.0,0.0,0.0,0.15440028436476771,0.4518408957381714,0.7587765922069645,1.2708666354319413,1.6464754584361732,1.27944612877768,1.0613724351673375,1.0177343877015905,1.0085931799573489,1.0030175910084174
28.016076790826105,10.562100763804313,8.45819907284611,5.577286289459158,3.7686650613869177,0.0,0.0,0.0,0.0,0.0,0.19359276638647693,0.4887167017660886,0.829260179851849,1.2566615194702855,1.6529815437033282,1.2421864578810984,1.054127803777716,1.0152705101264754,1.0092706974380037,1.0004094136740087
3.1105211121841094,0.7587720149305124,0.5443696312395409,0.2603896700620652,0.33905213336223056,0.0,0.0,0.0,0.0,0.0,0.17126325674043566,0.4753477622178137,0.8051917978381176,1.646906347243608,1.2572468824930463,1.276586354820345,1.07282761877966,1.020404742751261,1.002653545460927,1.011241062024483
18.60539744287765,3.992088452145976,0.881926124779999,0.2673556862889532,0.38883181049599863,0.0,0.0,0.0,0.0,0.0,0.1603920220088492,0.4094241528174398,0.7199479375313941,1.5548607087627333,1.184585108526291,1.162766378764834,1.0393996262530658,1.025877804477869,1.005797248202941,1.014269137119322
16.633804262794307,7.537803399581445,4.751776681150904,2.3311193712087857,1.4466272223580734,0.0,0.0,0.0,0.0,0.0,0.19065504721678436,0.4297661563167274,0.7952316565834503,1.235426749911291,1.5670836337620295,1.219437628066595,1.0758463980083657,1.0149782536099217,1.008075917390144,1.004065631033328
14.671114379344488,5.437842215338926,2.861434622813246,0.858743237153757,1.410026261555089,0.0,0.0,0.0,0.0,0.0,0.17482421211998453,0.4595606831919796,0.7825755038386518,1.6435619758822118,1.260400280151732,1.2573195985814358,1.0447372478626382,1.016786681856119,1.0034180022305152,1.0111147341476265
10.262203479793873,2.8163786599187652,2.370904394373465,1.0321721639181631,1.237128749406618,0.0,0.0,0.0,0.0,0.0,0.14226810368783557,0.38097119300801896,0.6662349664853973,1.2301473856783605,1.5881656093868708,1.3314297251243044,1.100244577713151,1.0368811815681471,1.0133632360894487,1.0035794965257139
5.622207767126556,2.4688766785462337,1.7567688885820902,0.7443815327836925,0.7668896116337531,0.0,0.0,0.0,0.0,0.0,0.16325420277484126,0.3993345041747623,0.6755280447191587,1.1703028196528102,1.5944980029666893,1.2996928226159115,1.0607756132147539,1.0206342958118333,1.0149819103641458,1.004153312595042
4.990681988458852,1.1173615888763855,0.4282752343502391,0.47680450161851196,0.4115727004112519,0.0,0.0,0.0,0.0,0.0,0.15364596056214827,0.4061894939210024,0.7360991487484636,1.2765133430195266,1.7012478247640468,1.233570845070658,1.0665569337299057,1.0380921646057233,1.0089653199291773,1.0018753682098132
8.698908884641815,5.64668787903326,2.090918944622755,1.1601540321207324,1.0022168881516609,0.0,0.0,0.0,0.0,0.0,0.18915091369406678,0.48374684579492516,0.7657069291363676,1.1754810352880847,1.5812624531887158,1.2245230668171125,1.0297755936561261,1.0227915732438877,1.014523806912415,1.005185135419715
5.658885192764855,3.3539633515099085,1.0556410528925282,0.4598625377506057,0.32721328769536323,0.0,0.0,0.0,0.0,0.0,0.1682437592289324,0.4867121299937796,0.7277100306493105,1.128744452598813,1.559546110033062,1.2760381807437102,1.0326311689701395,1.0207546611736404,1.0067320897042635,1.0039484520961268
7.160934834582742,2.4751301717228515,2.213346511636811,0.7561516323124777,0.4424060610041131,0.0,0.0,0.0,0.0,0.0,0.14634475434520522,0.3626761153575034,0.5682292627792955,0.9412294087722295,1.478190692687927,1.2439831124173302,1.0620925429402288,1.0308005573867014,1.0242966764797063,1.0080291926243845
18.601275872079395,4.440159672638883,6.605200688387834,0.7315319398520096,2.006275791080431,0.0,0.0,0.0,0.0,0.0,0.14169706625411616,0.3385580783119685,0.536860140836342,1.3269121795103032,0.7850393049009883,1.1965867822053353,1.0624643950373007,1.0183498147829904,1.014232200314461,1.0251922579382051
11.557587869963701,4.551592978554713,1.69542111629844,0.8615205575905136,0.6253529963688792,0.0,0.0,0.0,0.0,0.0,0.16476054015919456,0.4717381005356151,0.7526413107187674,1.1504215885437281,1.561681125171524,1.2210981583892773,1.037365830429164,1.0233638282426427,1.010481069088255,1.005725260296044
7.5182330460673175,3.5097396183769414,1.512339814241535,0.7446617842679292,0.4105338769613559,0.0,0.0,0.0,0.0,0.0,0.1617161597559198,0.481292697709422,0.727964751132611,1.0783892247770421,1.5107503701998424,1.2455215490772995,1.0296899734590959,1.0194329487022338,1.0137251091862662,1.0069804825264
7.331293889951437,3.365269433448355,1.5666907708895608,0.3934005175133891,0.7518463006121208,0.0,0.0,0.0,0.0,0.0,0.16436039638716296,0.47774583445557944,0.7315671961632036,1.5214379567099083,1.1079166835007979,1.237911796693854,1.0325315291560093,1.0221486504252952,1.0060568331507658,1.0118633736174119
10.363663132460594,8.994206799929634,2.793113766887913,1.286534010073637,0.828434187088052,0.0,0.0,0.0,0.0,0.0,0.1749388959810238,0.46910125198146085,0.7539889352456187,1.2809815019505533,1.6762161413635672,1.254236076302089,1.030187143548978,1.0242349657594843,1.0102112529882787,1.0025540519087508
3.9960377217479235,2.7467034552247354,1.4453523443032061,0.3008318608664451,0.7336409839431791,0.0,0.0,0.0,0.0,0.0,0.15936481119935603,0.474932499599314,0.6849164434280017,1.5469861561289255,0.9917914621933576,1.2760301086648744,1.0294583767996672,1.0188908352870851,1.0071830440093028,1.0153085757406142
5.4950637732217125,2.9997537218180548,3.7297807877795237,0.32291420793614634,0.9084021010605063,0.0,0.0,0.0,0.0,0.0,0.150267356037404,0.4241413600457136,0.6176217890250574,1.5438604291268332,0.9335064573460579,1.3465097228437164,1.0511832663204221,1.018302620941581,1.0076893866023846,1.0128789137945244
6.918030233794068,2.686315078120591,1.3828026438838308,0.33215684559258096,0.6597434856713654,0.0,0.0,0.0,0.0,0.0,0.16395360994688102,0.4917121569123207,0.7260042766233163,1.5430772774681458,1.107096849596867,1.2281785923537116,1.0307757486367248,1.0213809555308813,1.006082965593371,1.0081190289917665
28.069098691301463,13.635467189351806,6.282579279672808,3.5158175744745734,2.2917797407548752,0.0,0.0,0.0,0.0,0.0,0.17346765184099863,0.46958147696957253,0.7201790571971365,1.058330430118722,1.540550897609849,1.1889864950913984,1.0298424416522771,1.0218885650135088,1.013904265485533,1.0056104147891598
37.49709015374849,22.480303504753913,7.01830600078807,4.099029508750493,2.4980427882229614,0.0,0.0,0.0,0.0,0.0,0.17409072269009837,0.48262793405536847,0.7380740848817584,1.0722299158962023,1.5645768326148506,1.2287134481105986,1.0250981307396978,1.021147816628708,1.0150214489991904,1.006740816390403
2.3471871187137725,0.997288038755553,0.3571172530732533,0.3004608779222451,0.27561539296114523,0.0,0.0,0.0,0.0,0.0,0.15308304768712333,0.5107658804287988,0.8440128768507988,1.272635732340834,1.6694214117231054,1.3476655629572682,1.0460574190330718,1.0230834064786056,1.0093663540864646,1.001489915758145
9.072833056203326,4.5871959391456185,1.3795416868874257,0.42293726012503263,0.34194634353068476,0.0,0.0,0.0,0.0,0.0,0.16663283505806437,0.4945574883212757,0.7433579995640038,1.1983693386149952,1.6169578236031241,1.1999193484543753,1.0240514307137547,1.0186713538585337,1.0158220874032071,1.0043015752584603
6.018624057257623,2.1898685027482636,1.9072070817740312,0.7824478072370603,0.3877990491493676,0.0,0.0,0.0,0.0,0.0,0.15216648843701897,0.4007493071183853,0.6108883759111007,0.9376456213407282,1.5318123829906574,1.2661084788717327,1.0502574077850515,1.0279293584785218,1.0155611559124842,1.0077978793605906
3.0894948246782645,1.526008036222161,0.5346720973337133,0.25776194188702156,0.19212614038439804,0.0,0.0,0.0,0.0,0.0,0.1727034540236431,0.5126058729710267,0.7882851678043531,1.2215184970191557,1.6301082857194402,1.2847208225634397,1.0334022087470403,1.0256546336173151,1.0068563720277328,1.0043793607310516
3.5752917350110165,2.5659336542403848,0.7517335397047681,0.3287565178931133,0.2657771604947827,0.0,0.0,0.0,0.0,0.0,0.16502775081769858,0.4847894645511267,0.7711977337763963,1.234917083338472,1.6302555503544676,1.2624358257211936,1.0281000474859852,1.025644701731388,1.0145677138098352,1.0032400117251163
1.2565466471195887,0.8930618905072791,0.3004106590793838,0.17993630506931338,0.13519937251051234,0.0,0.0,0.0,0.0,0.0,0.17381593139433205,0.4682877002096111,0.7432353583248993,1.2722439125489922,1.6811094025204878,1.2722184840463704,1.036745107013857,1.0275473174709384,1.0072892559079127,1.0020523049713468
2.1694463314875883,1.960208078919593,0.6586850272988274,0.395205355343369,0.2685107149097652,0.0,0.0,0.0,0.0,0.0,0.1841704162067038,0.47689569716429797,0.8240233241611945,1.1712962522763524,1.5386725687106573,1.249295171374327,1.035537455854205,1.0194643739374054,1.0098165485704047,1.0047817693104084
2.693427914211262,2.0791845152603377,0.43073508027497115,0.27287887996670424,0.2723591324122643,0.0,0.0,0.0,0.0,0.0,0.20104227199467858,0.46835587638133663,0.7587045021661504,1.1806526034895282,1.5468303948544373,1.1745887394442496,1.0305069817385915,1.0311330173650588,1.0102530974508341,1.0053511918021578
14.466705472873375,13.488175115226587,4.282951547963152,3.3075884231634234,2.1620952497772308,0.0,0.0,0.0,0.0,0.0,0.19039163930477612,0.47051453297137913,0.8506147768479622,1.3164501335888346,1.681287595445664,1.2807849685355353,1.0412972324500058,1.0293596172738215,1.009739758202803,1.0032011421791454
2.8293725157018907,2.8101483756410457,0.8250365295219527,0.26943213767427576,0.2152309895389138,0.0,0.0,0.0,0.0,0.0,0.17454710048284444,0.4970239716603491,0.702143176617251,1.0796255539934008,1.6319412416619057,1.2788893521208655,1.0194062344874806,1.019337306708379,1.0196485956899775,1.0050012175590173
2.9753186553959416,2.054149991214378,0.6098910879691017,0.31022236916179685,0.2658379156693166,0.0,0.0,0.0,0.0,0.0,0.1689196055892246,0.48277232424395017,0.7280903841855197,1.135947896097045,1.5568850570110055,1.2453934439210812,1.02523112827453,1.0233485105589477,1.0092972677436518,1.0058365804431324
27.24401415819899,23.328836644972043,7.533705805793673,5.458207014031887,4.453809698604397,0.0,0.0,0.0,0.0,0.0,0.19906360928390537,0.4719661993708782,0.7883230826202766,1.2919004024931235,1.6783401900842712,1.2264993268105526,1.0328360136874226,1.0310693177042924,1.010972851380961,1.0021902037693036
2.6691317761108126,1.454439831215523,0.6623767422395408,0.30978328031572505,0.23235893782556225,0.0,0.0,0.0,0.0,0.0,0.17784795869649,0.46317449360409674,0.7799444574509768,1.2786498276169451,1.6598041973444488,1.2456203167064661,1.0411216089743434,1.023414870010324,1.0119359411698532,1.0039283400605539
1.1986190674293506,0.5818685275322963,0.22772390372660695,0.11578608561236436,0.15513768390302102,0.0,0.0,0.0,0.0,0.0,0.17966187881029796,0.45158049464067923,0.7473595271730789,1.3191962873134568,1.6594909225904138,1.2091527813909844,1.0353419636899488,1.0250086666486455,1.0097217495666846,1.0004216307226468
12.077669478618613,5.625956728130606,3.67298447991381,2.279750638912995,1.6664178116818824,0.0,0.0,0.0,0.0,0.0,0.16321737438758208,0.47003929487783047,0.7652607581932027,1.1274153314283304,1.5745524978820042,1.3312804129353382,1.0519960658841703,1.0273175006949842,1.0106283704286494,1.0060525906448825
18.58015637384552,12.851062048593693,4.022419554527152,1.1482545255454366,1.180540702734524,0.0,0.0,0.0,0.0,0.0,0.16077427721954576,0.48008453997076994,0.7389254603653045,1.6432425590765984,1.2258249791721307,1.266824868743082,1.029149117458298,1.0206176002830973,1.0037465902102798,1.0131765438130962
12.099979898426731,3.0325112684232884,3.195395861856853,1.229299384647018,1.0148559567238713,0.0,0.0,0.0,0.0,0.0,0.14922720696488034,0.38175544661265864,0.5952727862990815,1.1687724139291766,1.5808846848537543,1.2497315784226066,1.0766266824279687,1.0395151664810742,1.0156169013461267,1.0048218171133183
7.425945916632929,3.5056945102561556,2.5693437604586746,0.5956488625574187,0.5971765512192541,0.0,0.0,0.0,0.0,0.0,0.15136260267618334,0.4009819702325345,0.595550841767787,0.9991742830222873,1.553840369026522,1.293569443106278,1.0500336161564052,1.0316350541585504,1.0263528248596638,1.004317052466984
1.2820114028848164,0.5587122090362053,0.317065135583462,0.23275802072388121,0.32138886240488607,0.0,0.0,0.0,0.0,0.0,0.18338009430259936,0.5474419979335934,1.243548281537245,1.5241430055684508,1.7254572500528342,1.3589679788348539,1.065725610579655,1.007537559593043,1.0027728531994868,1.0008243201005118
0.0,0.0,0.0,0.0,0.0,0.0,0.0,0.0,0.0,0.0,0.0,0.0,0.0,0.0,0.0,0.0,0.0,0.0,0.0,0.0
10.788380428123356,4.542237584211665,3.8318293585968837,1.9907102808954789,2.4755738906551352,0.0,0.0,0.0,0.0,0.0,0.18977988553510994,0.43643178063457144,0.7502421940982925,1.182096925882163,1.560385713631439,1.2734372898316642,1.062190636029289,1.0227329284371771,1.0130708185282649,1.0032200062419092
6.397746805239774,2.719576577792984,2.4856468434769186,1.4385601453697547,1.2390836956295448,0.0,0.0,0.0,0.0,0.0,0.17903126887503845,0.40076452245595223,0.759774686484845,1.2837292664067887,1.5916837699057327,1.3208495840291197,1.0986830082800831,1.0315322415784092,1.0104768005575147,1.0033061355091308
7.14762148422124,6.401458639452552,3.350857480491153,1.3698453545736076,1.4823826152438317,0.0,0.0,0.0,0.0,0.0,0.16394332686382065,0.3573810339425794,0.7388287899844769,1.191266989855083,1.5471380168386533,1.4135967448970501,1.0912583835419678,1.0294668906475328,1.0134870630306658,1.0040165504798835
6.063776863218481,3.44123267530417,3.0010491963302064,1.5034507643897368,1.4666165922679963,0.0,0.0,0.0,0.0,0.0,0.20625528951736036,0.44965533721172135,0.7612554995012125,1.5488599970185168,1.1590022024905149,1.2381858857073034,1.0461896370559807,1.0204803684077812,1.0041840250017644,1.0123457072063338
4.718082978033058,1.9340595795586701,1.9747144766257958,1.1039912653617576,1.2072297149746851,0.0,0.0,0.0,0.0,0.0,0.19484859951238115,0.42548835967763127,0.7322085191702113,1.2328112693251636,1.5674813824414862,1.272219976018547,1.079336305913085,1.0258808551875132,1.0114990717875294,1.0023929740503579
4.54114541039085,1.9684431161218243,1.3535329733692598,1.4944087052829143,1.3582922759202014,0.0,0.0,0.0,0.0,0.0,0.22597607560690242,0.6317295940980393,1.0114713516497817,1.446343596059677,1.6544020857204946,1.291164567649296,1.04669512984865,1.0161073206202527,1.0034937377829072,1.0008141425479966
5.892928976289237,2.205496092196202,1.9424818613641517,0.9245764627080139,1.0817566648516903,0.0,0.0,0.0,0.0,0.0,0.16357761948407043,0.4358154160676825,0.7510523941478704,1.561287074735756,1.1694951900969655,1.3593595176237019,1.0714635622903088,1.0233435139208467,1.0055085924368903,1.0129165532538194
5.1274348552015905,2.855985877410065,2.330801514808288,1.0110635624338933,1.5295680660057174,0.0,0.0,0.0,0.0,0.0,0.19290292169510753,0.4205058516430727,0.763285509561787,1.192348488019599,1.5680357245105627,1.2884020310660855,1.0650009647151593,1.0209181334538322,1.014282757465797,1.0036336021851986
4.277242832432175,1.9279202346696913,1.8184674358831514,0.9043729994998906,0.7005381105792011,0.0,0.0,0.0,0.0,0.0,0.18086322622690867,0.4219227381657298,0.7289928159244335,1.1182363477095665,1.534306599718298,1.291951906699803,1.069490567859098,1.026859753734108,1.0112422986483716,1.006134980504986
3.801683810187774,1.942983723652879,1.9003608274527022,0.7010918378707472,0.841767772498563,0.0,0.0,0.0,0.0,0.0,0.172293545447346,0.40121320108330166,0.725155338266273,1.5386208333683125,1.1450744928907064,1.357129002202671,1.0875996195604947,1.0262101776760515,1.0059385958461828,1.0128681431855924
3.7100863905775783,1.4036476084166583,1.1918291876895097,0.7461803629149059,0.6656542077308955,0.0,0.0,0.0,0.0,0.0,0.19170647968481128,0.48189574641590255,0.7944167541688691,1.1939555760670864,1.5472492095321193,1.2506841939458662,1.0489309388884478,1.0216874757447236,1.012277018204276,1.004642681665935
3.8272948079504645,2.0600217575885744,1.4340312667654571,0.8749509760454254,0.8278614536400675,0.0,0.0,0.0,0.0,0.0,0.20373796230723143,0.502725620372397,0.7937241595085516,1.5820217435858663,1.1784271273700582,1.2507942540056687,1.0384564521208663,1.022984098839344,1.0015945647024713,1.013641437240058
3.1646223029628873,2.7698254249833627,2.1878946931174377,0.6694726462579924,0.8840815615460453,0.0,0.0,0.0,0.0,0.0,0.15638786028919915,0.3396562614343772,0.7337092647825482,1.5793267403201652,1.2189220943677128,1.4549370642982775,1.0970852859237112,1.0238105691641386,1.003959774408277,1.0118512754311695
6.785885244510377,1.0801784069634475,1.0458178645300191,1.740650515111593,2.3722893403589493,0.0,0.0,0.0,0.0,0.0,0.17174817371279244,0.5662361853718787,1.0289894650516376,1.6108091589498597,1.3770918911885321,1.3319026801546414,1.073952377652073,1.0056213471425295,1.002300635103747,1.0026307341792855
19.65326797876052,8.842015441273182,10.879149275983455,3.50672814018247,4.07675027909141,0.0,0.0,0.0,0.0,0.0,0.15996209576041132,0.3708489756351278,0.7204226714689762,1.5258769266258998,1.1341441333063376,1.3661915062376904,1.1133352780118244,1.0216874660554334,1.0054875097010672,1.0148977506817858
2.0935242720306215,1.4650703627696549,0.8505536048624283,0.3776188911158144,0.384367308664393,0.0,0.0,0.0,0.0,0.0,0.16249699492313305,0.36619889511466763,0.7501015421317515,1.5637804183431803,1.1671710747640927,1.3750159214634574,1.0929063445984155,1.026202210601228,1.0050515969380613,1.010270940476439
1.1623588680182149,0.5369552608708424,0.507843388975525,0.2727827702449693,0.23967191419059697,0.0,0.0,0.0,0.0,0.0,0.1510252026220041,0.42371225667367934,0.759073024405293,1.3483213621308767,1.6336648469362054,1.4615838558391598,1.100456448944482,1.0338240185220744,1.0073752525797905,1.0035242025580242
3.65409319575218,1.417802481178724,0.8061339257237256,1.0106496800743563,1.4294982637439304,0.0,0.0,0.0,0.0,0.0,0.15779349997284672,0.39866200682316727,0.9915840570117622,1.617433102881428,1.3998286317368596,1.4698669727586915,1.1378257927555049,1.0268863097468157,1.0021307168252858,1.0028035761772167
1.5083553332747723,1.120260441127099,0.7047198242253595,0.46453378988716176,0.3760110837202731,0.0,0.0,0.0,0.0,0.0,0.19389426596810116,0.5557137692533456,0.8476024113350218,1.3140914121605989,1.5857659799115444,1.3928993634417404,1.044410801036996,1.0244778098384117,1.0063493008137194,1.0031898703899507
3.6945260706165106,1.3950458785504272,1.0619143104345512,0.6074451267845997,0.7183803548935067,0.0,0.0,0.0,0.0,0.0,0.16100159601258848,0.40064364280493264,0.7314272096618418,1.1807085735460623,1.5410495113248512,1.3325358814749992,1.0799139719489803,1.0275951677164756,1.0100738404837148,1.0047703638071017
2.2061104834652157,1.1771697074869352,0.5671548778982647,0.35833302003651213,0.37049196279398905,0.0,0.0,0.0,0.0,0.0,0.1759954136333344,0.40462598395646676,0.7519160687652745,1.245114453407218,1.5697480745769703,1.2823668375928559,1.0708209152668922,1.0287451926268347,1.0089223047185278,1.002294014597286
1.2508649209111025,0.880709085972162,0.4695171233225479,0.3077528530143943,0.25199412494743517,0.0,0.0,0.0,0.0,0.0,0.22346269061790894,0.5243098653982815,0.9089699923322274,1.3302839017966035,1.6272393390997555,1.2342001038238744,1.048845175637743,1.019040855822451,1.0052287333562575,1.0018113760119296
4.833164032873546,4.425024048338926,3.194787699515545,1.677507540455283,0.964258103111262,0.0,0.0,0.0,0.0,0.0,0.15380550096709233,0.34837776314525465,0.6950071231240584,1.1069959209677418,1.5570087564603623,1.5281915671902357,1.099469053387437,1.0310250977012931,1.0133017408969736,1.0057843246928755
9.900628116352895,4.015493377625726,2.3590689490185697,2.0242680303176046,1.9045301110758175,0.0,0.0,0.0,0.0,0.0,0.19793161098462714,0.47143528124934836,0.8060044705853886,1.5862784555456508,1.2581029335555325,1.2572388271123933,1.0511804923191659,1.0269913735755454,1.0022608004786466,1.0088247824212349
6.0031526443316165,1.9643086297320191,0.9415829487774552,1.0164966186312399,0.4984029946015355,0.0,0.0,0.0,0.0,0.0,0.2233820696069663,0.6382269967384601,1.0724522501946376,1.3785186337020985,1.6598055854408553,1.2692453212999182,1.0493066991192266,1.014068029599252,1.0036829087329031,1.0028414954859042
0.8785478749404743,0.5177651375178993,0.309440040117314,0.2792106944748097,0.15468255126486744,0.0,0.0,0.0,0.0,0.0,0.16014833772863293,0.3945406034730602,0.7669282804513007,1.3027660546711979,1.648290082122726,1.3811535225696012,1.082197422532912,1.0293028623748968,1.0046477686745405,1.0035900871969945
0.5505745628434087,0.4066742816965213,0.19871609018134215,0.18036716954012594,0.1798157899068114,0.0,0.0,0.0,0.0,0.0,0.24001711568734682,0.5524137191832454,0.8752636514466499,1.3738275938101936,1.6802326723739942,1.2091940125944276,1.0335990852918568,1.0133280784390197,1.0043192709456037,1.0011827540215454
1.0620949415678957,0.7905893878442048,0.32740498800497103,0.2478267019983825,0.16677868452413916,0.0,0.0,0.0,0.0,0.0,0.2241917127476158,0.5975548710761414,1.134038425686982,1.4591983492752592,1.6836526841764776,1.2570712753245141,1.0464802208784714,1.0122171110834213,0.9998972131989512,1.0012525944944013
3.826983330418264,1.6560834666429127,0.7373119547452129,0.7795413739798064,1.056177878021533,0.0,0.0,0.0,0.0,0.0,0.23547607926818293,0.601715083203028,0.9389898084829283,1.317913401036069,1.6168128310215009,1.2053178113483232,1.0408214158118465,1.0159283637400398,1.0060869628507105,1.0023778398606866
0.947783095858464,0.2915155034962475,0.18116758695036217,0.156691798574431,0.1518986451767293,0.0,0.0,0.0,0.0,0.0,0.1845243255845823,0.6211050804381578,1.1281129566196884,1.445448080440537,1.667503498785233,1.2983736662005614,1.0499927124388089,1.0105474379307782,1.0005159671054595,1.000685520621078
0.3850902210375723,0.23338310615440355,0.13248246828865967,0.10768981015842032,0.12472212397974673,0.0,0.0,0.0,0.0,0.0,0.24040105085262412,0.5117004652462015,0.9070728592682957,1.2943170955976053,1.6259114759091575,1.2171626998954441,1.0569019839732814,1.0177327034418677,1.0087016308549857,1.003537386024359
0.9199565021586157,0.7165053233466876,0.37780597486392486,0.23786127201856516,0.19873633089502468,0.0,0.0,0.0,0.0,0.0,0.17035291930400984,0.37475115555846356,0.8012850294383751,1.4258830547361723,1.6860353163488282,1.441942147297579,1.0865390134712107,1.0318689735688642,1.0066527524188482,0.9994661836825721
13.167379945777515,5.701693482897764,4.621676344520518,2.6013309119181924,1.71196615045384,0.0,0.0,0.0,0.0,0.0,0.15116230252034113,0.40532588305190964,0.6993145204713407,1.2882007124232746,1.6315205563941508,1.411585179158967,1.0743945187507689,1.0400477232386256,1.00943112898656,1.001799200645834
6.482229630235942,3.1188769453643976,2.414554085389179,1.6270678529426845,1.0626067233643244,0.0,0.0,0.0,0.0,0.0,0.15285625467159192,0.4091378529939683,0.7311074722434778,1.3433074734090258,1.6423658712977418,1.4698286825755598,1.0856415723910646,1.037270826740659,1.0065858819127596,1.0023368571228564
9.47188914058007,5.536529397123694,4.197268565074143,1.8261683164967604,1.3290546952119437,0.0,0.0,0.0,0.0,0.0,0.16535982434795593,0.39938051794723295,0.6901319960616795,1.2334091793937865,1.5884745939855673,1.3522920175480369,1.0684709329994844,1.0332490325534307,1.0099697036438753,1.0039115810738943
11.345697189812993,4.357654065343138,2.7475668404360993,1.6795033377608888,1.3162227809153915,0.0,0.0,0.0,0.0,0.0,0.14751777338055885,0.4141254554791521,0.7330898843116747,1.2819194609827387,1.653534454361948,1.3995372875414318,1.0753432716730507,1.041528261993641,1.0118566691386384,1.0020125440725678
6.7390122364758085,3.1438001177705965,2.9676857145142708,1.41802395135288,1.3102327614470053,0.0,0.0,0.0,0.0,0.0,0.15900052646503707,0.3791926307845467,0.7125512130990943,1.2667269063033721,1.5758448227722477,1.390448716267441,1.0933934102803597,1.0330968034553571,1.009898690617102,1.0023661979241394
14.465886246883297,4.540439294914907,3.1109303342961154,2.9071447797169525,3.2205894909316783,0.0,0.0,0.0,0.0,0.0,0.1648514483910682,0.37027428584603755,0.698102483842511,1.3496996892210074,1.6533203370266856,1.3230644821454052,1.1050988192965436,1.051516059772117,1.0069277311474885,1.0022370723267287
7.564503139573465,2.1271392422980475,1.4684764311298024,1.1601550403981062,0.8542677518446148,0.0,0.0,0.0,0.0,0.0,0.14586298988810364,0.4895384829681158,0.9365393007038895,1.3604584822479964,1.6593701288215106,1.4132475122392483,1.0844232823690718,1.0205549883624865,1.0064079961258912,1.0018831396970274
6.7427738480434085,3.44682152820817,2.3357573483030687,1.682381997131398,1.4318294422801778,0.0,0.0,0.0,0.0,0.0,0.15494135302746972,0.4160751677157395,0.7166161307228365,1.3075414955696163,1.6640818424145183,1.4215896402352217,1.0702509052814628,1.0423325559254157,1.0084465529092854,1.001680891194527
6.352199682411071,1.9878120521012907,2.1797120051543315,0.8841036934102178,0.9861798038262355,0.0,0.0,0.0,0.0,0.0,0.1488998460378615,0.42211703370239223,0.6579511558861149,1.0567466689454983,1.3717968593909793,1.3409753531993303,1.058079626227007,1.0226595519930943,1.0164242489103175,1.0071682067517964
5.247606429668783,2.452066535405934,2.040950597250383,0.8495278164302273,0.48879898774487673,0.0,0.0,0.0,0.0,0.0,0.15126564456963348,0.4113503710294527,0.6968816579685381,1.2610557719222442,1.6445582750313636,1.4021302418443318,1.0730152893847165,1.031454921121136,1.012521556058215,1.0024831063447486
5.107649631599614,1.481245236697782,1.1489656728564666,0.7909020724602598,0.49770006204498235,0.0,0.0,0.0,0.0,0.0,0.15160106184943636,0.46497403801301784,0.7964549485928921,1.2942332533711882,1.5745261441307175,1.3186307983336611,1.0686662908107218,1.0296771573046113,1.0088012471575871,1.003556058599437
6.351979602852945,2.647303029875009,1.2599190093019978,1.168865875160925,0.898801493552714,0.0,0.0,0.0,0.0,0.0,0.15218160865000202,0.514137057949883,0.8831041328356587,1.3344563033651546,1.610824181505623,1.4212125404415852,1.053312018957094,1.0212769710631227,1.0060187775765412,1.0023368852986048
4.150341030968355,2.1721653645047887,2.3717404211319177,0.7943246241063991,0.8148794080781233,0.0,0.0,0.0,0.0,0.0,0.15048495758653502,0.4084366915477848,0.6829011901316133,1.0408888621689383,1.4079184554588404,1.4280575979292778,1.053463502319937,1.0172884430262306,1.018554530002489,1.007831658248312
6.475730572912312,2.2326694255312205,3.524390187327854,2.6521400284409653,2.6199182259272527,0.0,0.0,0.0,0.0,0.0,0.17699290489564148,0.9367886598375249,1.3380781977345753,1.6519988011602555,1.4869081137574234,1.645417649908883,1.0237845937001584,1.0032445275443806,0.999433299561317,1.0020814429518834
28.76022065564367,8.533784057029491,9.039870637619762,3.455107368046562,3.366206647218889,0.0,0.0,0.0,0.0,0.0,0.14392984344408363,0.3788752595448258,0.7031113556415233,1.1387102030457026,1.4959175597018957,1.3630372637858563,1.0884986337124205,1.024607384866597,1.0138876169255864,1.0073970122939726
3.4690099361172386,1.2222871281413026,0.5637142055319451,0.28619936511681415,0.49340457196696763,0.0,0.0,0.0,0.0,0.0,0.19291767178338537,0.5923588548418781,0.920952831270343,1.5916506389825156,1.2580668139196516,1.3066353738315786,1.0459240169047492,1.017532913085692,1.0040958819881654,1.0031405469660515
1.3696495409944602,0.9217173723344274,0.227307713422981,0.3784966599929355,0.29699624411289305,0.0,0.0,0.0,0.0,0.0,0.19302132077934864,0.6264847557404419,1.0431453104281687,1.3954259150025947,1.6176202604612766,1.414185951392014,1.028177842007329,1.017353079645927,1.0031748678788335,1.0020560845078912
2.585137409405306,0.790964622973043,1.5250442085985125,1.958055829413287,1.7655726567181298,0.0,0.0,0.0,0.0,0.0,0.17496030365707618,0.634399678071152,1.1680448476042293,1.4519988009823173,1.6316880310140454,1.4771183645412496,1.0693800387641599,1.0094490279594484,1.0019907315270093,1.0021927365105596
1.8064565131205292,1.212451103713325,1.3495839086821404,0.5775169916966998,0.4590563975450717,0.0,0.0,0.0,0.0,0.0,0.1323010914465445,0.35450660862129696,0.6464515960071698,1.128832347172358,1.5290061967412687,1.728267103834627,1.0965484298913128,1.0319232935006677,1.0149675054530365,1.0058845063925963
4.697228956835057,2.0387439773768463,0.7677206399821683,0.8553134488253278,0.3949350167726545,0.0,0.0,0.0,0.0,0.0,0.1593721770334379,0.444139113981292,0.9107809534008728,1.312261269606158,1.667815361855059,1.3310250840194404,1.0552915542312884,1.0204528914449071,1.0065881517467938,1.0015951687273508
2.8388579929020077,1.5665183735499113,1.0404184249801667,0.587925971220704,0.5054909879875538,0.0,0.0,0.0,0.0,0.0,0.1700576085093127,0.3966813077380366,0.7000142894237307,1.2836990080299044,1.6693193832454132,1.3605630917135223,1.0713153946148228,1.0414266656769302,1.0089210293588027,1.0021807109327
1.568487317526246,0.7871295282915757,0.39087534795935575,0.4507150612786198,0.27685033631877054,0.0,0.0,0.0,0.0,0.0,0.168330511209576,0.555809563927004,0.9014977253498531,1.310805025669355,1.6471457526758488,1.3983973919103914,1.0510825695000472,1.0229385086771519,1.0071534219533893,1.00111013133213
8.370860577197552,3.7687839991405694,3.562225947910207,1.7917400421091743,1.1353517568355105,0.0,0.0,0.0,0.0,0.0,0.1788430086037086,0.4470149436199758,0.7048557134886757,1.16463773651233,1.6071758767595605,1.2718437234693525,1.051393368490813,1.0272921553407253,1.011673372964107,1.0041796968226957
10.18072745276517,4.175135813056892,3.6317663829549724,2.3068492687912867,1.7033148446599355,0.0,0.0,0.0,0.0,0.0,0.15440633615964405,0.40755686497133664,0.6869864168889165,1.2321885292735781,1.642941812200671,1.3614813542068849,1.0679225109767112,1.0372834441626364,1.0091395403592514,1.001985937589713
6.905860259227898,2.057719852109601,1.4443547649353274,0.9301418727494987,1.1246495104412517,0.0,0.0,0.0,0.0,0.0,0.16195402443857992,0.41679570106256153,0.6906647682472121,1.5570208171355764,1.198597991501568,1.262208704940901,1.048445601897364,1.0355062143676517,1.0037729777153372,1.010927959217432
2.5236083144408203,1.7919469973645359,0.904054219575767,0.36150071596857625,0.3904304268014154,0.0,0.0,0.0,0.0,0.0,0.16067363336131552,0.3680494882965073,0.69359391093171,1.2749219043847546,1.651720876631274,1.32218804945977,1.0616135602336072,1.0341789307815894,1.012252281947659,1.0028230528647706
1.1170151761310956,0.5921693495875798,0.22738971669421196,0.2461367051118834,0.25060935523829736,0.0,0.0,0.0,0.0,0.0,0.18700220585035224,0.6042891836396248,1.0496602169137343,1.4415979046526703,1.6703843568772234,1.3633537538938836,1.0379257564406814,1.0161933526301372,1.0040438620083325,0.9997369648968119
1.7103496777873333,0.8856819310217763,0.331720834179608,0.35624269552297005,0.33650683908136736,0.0,0.0,0.0,0.0,0.0,0.2081903335977178,0.6344148459413294,1.0658005915954982,1.358032358055335,1.6471929574435968,1.275950938723195,1.0304449522425105,1.0117083744899582,1.0043511675113623,1.0024649839970683
5.699242586083189,1.8251895309703383,1.023664206052386,0.9419019876745865,1.0678783804787295,0.0,0.0,0.0,0.0,0.0,0.1914567236540875,0.58555651084573,0.9578750513321613,1.3622159847451407,1.6533897807978801,1.3054284657976374,1.0515348422304296,1.0214288254970758,1.0069737928509093,1.0016885271422598
1.6284373017209037,0.6260461382091459,0.24607186791581884,0.2660404936324262,0.34172049561038126,0.0,0.0,0.0,0.0,0.0,0.19725483970510174,0.49119045209962575,0.9601617538687067,1.4187974193570483,1.6540345057133812,1.2337597322251692,1.0633409511798777,1.0220298960088732,1.0056203589376012,1.0014104868835716
0.7491953876634733,0.263726109512808,0.17393264534802688,0.16147163563226494,0.18721904089434407,0.0,0.0,0.0,0.0,0.0,0.1918036786557819,0.5119270537392566,0.994149702168362,1.4158454068460906,1.6754990385576878,1.2641420011944156,1.073535343254787,1.0187384710453216,1.0052577059663321,1.0020156052399163
1.020040791307288,1.0664820036519769,0.7317885163497053,0.2728683223822851,0.34629857323362107,0.0,0.0,0.0,0.0,0.0,0.17925388369890383,0.3959628772397911,0.671488578893718,1.315614626720441,1.648878034052263,1.434759100736846,1.068856318605309,1.0394923360982817,1.011511363357876,1.0019795656209043
17.854861793456195,5.553929434512611,3.6420935774584136,2.4244826016800913,2.9225476647422974,0.0,0.0,0.0,0.0,0.0,0.15874625507724935,0.40843006015032496,0.7732361433097181,1.483288694229618,1.1311272149889011,1.303001697421169,1.0773981108181725,1.02854786300978,1.0046144695224286,1.0009863556469354
13.15835400687973,3.0979073967969533,1.8479860287173007,1.6772427161890295,1.6935696716116957,0.0,0.0,0.0,0.0,0.0,0.16788550449296663,0.43488775910380645,0.779644641729578,1.1694926128082963,1.5427174057819646,1.2252106198427475,1.0766384082556688,1.0317232472212468,1.0077075892736778,1.0036543219311478
11.95787618586324,3.841563088801044,3.4361806055386084,1.4948643325316742,2.0336255043220777,0.0,0.0,0.0,0.0,0.0,0.15729284391196127,0.42477229379319253,0.7535318327498275,1.603573936532276,1.1986204101184639,1.3044101539363027,1.080488881005954,1.028282647931706,1.0040418041973984,1.0081788504817593
15.513578814633808,4.20372642002832,1.8333019696526116,1.0306055143695834,1.5558162625984906,0.0,0.0,0.0,0.0,0.0,0.18058010482097145,0.5772617804943396,0.9312045750212463,1.63497637981786,1.333589230479155,1.2916727005426865,1.0432444712342206,1.0230686552904182,1.002158043522002,1.006660556798215
12.691300584438409,2.3407214611206912,1.9386316653571256,1.2380751841476851,1.3863510920158209,0.0,0.0,0.0,0.0,0.0,0.16280917921040725,0.42448333002874034,0.8301231241108367,1.6069140235992028,1.2210030988453326,1.2195853082398302,1.0954230652568568,1.0222901436564553,1.0045375321875676,1.009940553775293
35.34742379053328,3.3135970350629003,2.1862516215424415,2.0820489214536195,1.6139389661333183,0.0,0.0,0.0,0.0,0.0,0.17720325020802669,0.5878118675430989,1.1151908186712929,1.468242390178383,1.6725691015647446,1.2203759730800816,1.060297765190671,1.0104091186111988,1.0015972735801344,1.0019308115449914
7.189730004397999,2.4819512063214977,1.3119927472945687,1.0538398628448082,1.2693192116122387,0.0,0.0,0.0,0.0,0.0,0.19760531064401718,0.5724474922009877,0.9847446464087443,1.5959668960772722,1.3192390701788068,1.2988818537761702,1.047392908198186,1.0113250204154822,0.9989885466027941,1.0049072385123958
7.577234344515278,3.0828064869519425,2.366373263338658,1.7738632849768645,1.3448655063613095,0.0,0.0,0.0,0.0,0.0,0.15614796098115552,0.39080020080951194,0.7216025238914442,1.162372913095986,1.5621923817725807,1.3800419130859327,1.0835223919728731,1.0358395488181684,1.0044216137644113,1.0056234626484404
5.762482270774214,2.6385854444884673,1.227665250924749,0.6939843008034576,1.014796050148382,0.0,0.0,0.0,0.0,0.0,0.1730411223466811,0.5655209257199996,0.869265223709001,1.5496121713111894,1.2826015461491491,1.369313182350887,1.0467977765001124,1.0240113388249759,1.0006607112379704,1.0073962983570182
6.412441244426049,1.8732874439702365,1.9985115888391882,0.5974511548882045,0.887382047697981,0.0,0.0,0.0,0.0,0.0,0.16340205429820445,0.4443092101167753,0.7003131843114453,1.5703083922208325,1.2303013837286696,1.2880444386795402,1.0744111154485452,1.0318430703369073,1.003628826792225,1.012271217709049
3.681552878151475,1.7844235509477777,1.0978491391376604,1.1141203531149753,0.6615124990991944,0.0,0.0,0.0,0.0,0.0,0.1890997054222922,0.5393589609384667,0.8892540602035938,1.3368499786177823,1.6095314990101406,1.3458594415560616,1.0505608387899494,1.0261414186657585,1.0071393347293573,1.0032947140989081
8.128352127148565,2.925759544933072,1.243460548298014,0.8821694722156913,1.1477663331195094,0.0,0.0,0.0,0.0,0.0,0.19453611964756234,0.5592456378179906,0.8860742451821164,1.6282629955927195,1.3289841013930799,1.2467758912021387,1.0412300111161878,1.0256164411872153,1.0028874142816413,1.0064578229868535
4.159684248083087,1.905857379047729,1.4485074746314315,0.8963874045880157,0.6300000496309853,0.0,0.0,0.0,0.0,0.0,0.1540518693252042,0.47453058099722617,0.8171129036356489,1.2121347100055906,1.6014505826198049,1.3894806016734906,1.0711065222519698,1.0208045045943996,1.0080884869815245,1.0010379138732326
5.180183541844116,2.1776533593601557,6.098818943118286,4.553424999970427,7.42794810429765,0.0,0.0,0.0,0.0,0.0,0.2173564543178418,0.8580392343802488,1.2625752271607908,1.6185156948647197,1.45860746197371,1.4083411657974962,1.026465662584468,1.0036756526468356,1.0008584728048375,1.0011907282303285
18.80795797607903,10.316312106791177,7.0805201119504035,4.212638376461632,3.0410847980350355,0.0,0.0,0.0,0.0,0.0,0.17651929865639657,0.49741040630675787,0.8017113955200554,1.2272151306468262,1.5664956390784912,1.3335995742110216,1.057336452449355,1.021888053605596,1.007383310594712,1.0018065014649515
1.789830742382268,1.0386994916069434,0.7399249372900909,0.5648307065524557,0.40918280472466534,0.0,0.0,0.0,0.0,0.0,0.15078063616028894,0.4104840080541135,0.747167110006104,1.1474286473489257,1.4876879033754102,1.446815576969893,1.070176344311257,1.0260032371438654,1.0026144029415645,1.0043321399236314
1.1095490440094973,0.859042751001935,0.5650517985424051,0.30799865886106914,0.42105963780197886,0.0,0.0,0.0,0.0,0.0,0.18406077176607277,0.4727951180215832,0.778690401262548,1.2427496601891188,1.562596213220941,1.374570864025621,1.0555514524488514,1.0267353548141744,1.0102684723578728,1.0038928365208795
1.8079083564129301,1.040782970250826,1.8779415180098105,1.8060735638142176,1.7222528553451077,0.0,0.0,0.0,0.0,0.0,0.21567145847049063,0.8670344200299859,1.2416975062812998,1.4762062134180114,1.6453661251647766,1.4832516340720303,1.0310478594673527,1.0013108511548814,1.00253361908901,0.9995763794602124
2.069565115509067,1.5116127250487688,1.2725132314337901,0.5237884475653443,0.47362672194166394,0.0,0.0,0.0,0.0,0.0,0.20402518158327218,0.46577447735534444,0.6812168095444657,1.5200922347568764,1.1112091404947444,1.2557587870556584,1.0449342182480927,1.0210399807929955,1.0052553793877994,1.0143133532825628
4.061607210248193,1.286169245733719,0.8402519921651095,0.8694941921362496,0.5158584427391898,0.0,0.0,0.0,0.0,0.0,0.19123295949737526,0.6173096434173437,1.0024279589128402,1.326259558747747,1.6092803648635734,1.318947524149191,1.035576251445118,1.0102567871290276,1.0054635377780108,1.0006024988437294
3.084080694236362,0.956209075102613,0.7071891686938834,0.6404482355981329,0.39985730382519097,0.0,0.0,0.0,0.0,0.0,0.18910383092329766,0.5934237881427279,0.916258983580331,1.3212132549994895,1.6223615926638397,1.3488251481652176,1.0434323608562543,1.0170020920043368,1.0072170889914356,1.0034464127881972
2.004490882765024,1.139404114782965,0.4331578379692106,0.4054171701336336,0.3225142041337763,0.0,0.0,0.0,0.0,0.0,0.19882349486285333,0.5673040177256224,0.8794411662980149,1.2929581065785907,1.5557468907696412,1.2848940223424308,1.0394219638040916,1.0224883448816655,1.0064444055913728,1.001551726676475
6.197904237114405,4.254852414397422,1.8711517110443006,1.469824384561708,0.801038482020336,0.0,0.0,0.0,0.0,0.0,0.1759317028346289,0.5877820334512638,0.8185005212839522,1.2484966584327113,1.626884260431246,1.4207770650033478,1.0359108187134318,1.021035421280448,1.00745699769107,1.003421409640553
14.890412640679267,4.389743408515582,2.9936073446010143,2.7028564621039646,1.906191468528732,0.0,0.0,0.0,0.0,0.0,0.15723317295715059,0.41101927878464023,0.762078905117155,1.1483932192658135,1.5862908255860702,1.2791780953372827,1.0692727445990728,1.030663339682459,0.9980577352411533,1.0039478216579725
2.4559780168557817,1.5652633306448684,1.1956040994699415,1.2101486741190914,0.5578589413968307,0.0,0.0,0.0,0.0,0.0,0.15945204905150434,0.5238641164025879,0.8521906725093742,1.2930862948954587,1.6154822570274936,1.5393007819319247,1.0611799890763685,1.0194752905888114,1.0067254246001391,1.0032830613464045
1.0605114471441384,0.6050763398347497,0.5528964850383646,0.3671295860360186,0.34344690379129306,0.0,0.0,0.0,0.0,0.0,0.16864763835213586,0.4269922266697759,0.7529707448595215,1.2495174119830839,1.5405266107295261,1.4468979859617075,1.0842702560999609,1.0324194863973397,1.0085433389522216,1.0048805785535349
0.5706192122067725,0.3416197621601109,0.28881604000710753,0.24244454074383692,0.2984761313288824,0.0,0.0,0.0,0.0,0.0,0.18254457232178906,0.46055482784015134,0.8001795126269653,1.266054973660476,1.5972890590323625,1.400691373042816,1.0819614629281895,1.0314350518614508,1.0100563890030034,1.0035597925020776
2.3724774403128945,0.7532384297001734,0.34429167463289234,0.34434308203369,0.3692817676400192,0.0,0.0,0.0,0.0,0.0,0.18151631857605566,0.6175532846674404,0.9868633023492327,1.3857782673683052,1.6298217241193167,1.243677334883491,1.0281176540128871,1.0157566020605806,1.0060396010421289,1.0028512551002613
10.771455142563006,1.3268651509219347,1.371433253210217,1.275592519553036,1.052225809104798,0.0,0.0,0.0,0.0,0.0,0.16403217199392126,0.4816168548120284,0.8843516044527027,1.3856357305269489,1.6493321315192069,1.2120195143151753,1.0950214576307282,1.0270139708115493,1.0061442952444593,1.0025688721365245
0.6234926676509104,0.2721699782942839,0.24174995024036025,0.37033470150207537,0.32117046277510375,0.0,0.0,0.0,0.0,0.0,0.23112221848979253,0.5599439026556209,0.930354708133898,1.3605554880756283,1.6601857334096906,1.239531038705597,1.05625320328114,1.0225332611357862,1.0063730053606936,1.0007682341634327
0.6875438781034465,0.22373282449061174,0.13454039222266367,0.1536958309447618,0.09294777716540244,0.0,0.0,0.0,0.0,0.0,0.20745528973090696,0.5898623555433665,1.1829109750876476,1.4919546263195818,1.6910921901459035,1.2848200755429149,1.062756416120733,1.0077109602270213,1.0022955893515986,0.99680639817302
1.7730635910718369,0.9050796213136335,0.6735256116644306,0.30671326357156437,0.3174141486257061,0.0,0.0,0.0,0.0,0.0,0.15783672652149455,0.4281095535228848,0.744692451922694,1.286993179540115,1.6542461016061742,1.375116065780551,1.0672869795081472,1.0309163463097697,1.0105149544573935,1.0032011908579153
0.0,0.0,0.0,0.0,0.0,0.0,0.0,0.0,0.0,0.0,0.0,0.0,0.0,0.0,0.0,0.0,0.0,0.0,0.0,0.0
9.322500920615266,6.5660851288898865,4.442672001802168,1.4060661834864598,2.610158240188936,0.0,0.0,0.0,0.0,0.0,0.1676584309115933,0.37161539952780404,0.6651182485191485,1.469861351051368,1.0468301727999176,1.305774096855103,1.0682122169577966,1.0267803950113612,1.0048699957138016,1.0168781784960554
6.347504625921141,4.67345691569916,3.4156322566994874,1.2190829586035066,2.068652763224084,0.0,0.0,0.0,0.0,0.0,0.2574867974974263,0.6410005340776564,1.154547258866426,1.606896538043996,1.4067104435669753,1.2649164959979635,1.0396541785153959,1.0070644725663638,1.003162779269257,1.0030147866754229
3.087975084631284,2.284519320030472,1.861459091141748,0.8131121879859832,0.9368881673665264,0.0,0.0,0.0,0.0,0.0,0.17558785481490274,0.3982282242952314,0.6772758584515477,1.4990545484206312,1.0861629937806239,1.3467062674111805,1.0676045419378846,1.0245523671600592,1.0036005371309136,1.017333069699963
2.995247444455908,1.5041313792310798,0.7557457615132881,0.581551234533673,0.5466786694836505,0.0,0.0,0.0,0.0,0.0,0.25368181156895053,0.5901687173766367,0.9124091348511919,1.2173056844329366,1.5317528219671763,1.2075974111173582,1.041440951846409,1.0165330602932947,1.0067431150935846,1.0031298937568451
2.1664065115221347,1.8446807368279956,1.793919850361491,0.9586509166529945,0.6657766535656442,0.0,0.0,0.0,0.0,0.0,0.18868764642676764,0.40529321881020236,0.6697218536060245,1.0375923734383488,1.4908883423584713,1.332158249026721,1.0632087150922613,1.023079596100329,1.01470637444644,1.0052787532977472
1.5767020264012221,0.8667485968448698,0.6043900095589069,0.3232228100951504,0.42862842833254844,0.0,0.0,0.0,0.0,0.0,0.22240875575118413,0.520387208410154,0.8409614765795088,1.2027023474542944,1.5441104715999665,1.2260639211400945,1.0477422498340463,1.0191439304084895,1.011083642567618,1.004459300008856
3.3148618190850683,2.2094307710732943,1.4714116740711958,0.5491915159397319,0.855944525934936,0.0,0.0,0.0,0.0,0.0,0.1628444798294267,0.37794621858055977,0.6875683574308855,1.4756453593750662,1.141138796547213,1.341942547955842,1.0766400063574788,1.0304920354070586,1.0048688127173906,1.0144056378218975
4.00896723775576,2.181383978940873,1.7157889361058718,0.6618998417946332,1.0104462696962142,0.0,0.0,0.0,0.0,0.0,0.15622066214083383,0.3645540483372661,0.6618890560804134,1.4720763789648086,1.0641439234556327,1.3130656672966559,1.0784688497423662,1.0242792312194355,1.0063916903535124,1.0149122038754175
3.6496582902238925,1.3823448565456633,0.727176789185914,0.48776821741015597,0.46333472423739624,0.0,0.0,0.0,0.0,0.0,0.1538270026906644,0.3391356050231634,0.6462701316192332,1.0114443981693573,1.4662642247314033,1.2567477665568039,1.089207086134236,1.0337330644965586,1.0191756068816034,1.0052245476968746
12.304307364493539,2.7753493958104154,1.3060584352362294,0.34743710821445156,0.6357245206492179,0.0,0.0,0.0,0.0,0.0,0.15923117408516935,0.3533297954961413,0.6431951251289341,1.528218618647389,1.12202093187989,1.1338789784939198,1.0660446915872495,1.0301305511679852,1.0042612214874727,1.0141103484852165
36.41093729165456,11.662603694244405,2.9935007810425334,0.41917633358258033,0.8296309700004798,0.0,0.0,0.0,0.0,0.0,0.1456784202639892,0.2748466001677301,0.589901446062626,1.5653402892718895,1.1741363477134512,1.1324563616666354,1.089014058498933,1.0517455088243504,1.0064688349091253,1.0148908950881967
2.0611413293859764,1.4411772382730224,1.0897398738823683,0.6822253079522159,0.6614479422372238,0.0,0.0,0.0,0.0,0.0,0.17278514568539402,0.4250754288327429,0.736577218515277,1.4907130356140532,1.178766695347254,1.4005418756284518,1.0684755180617682,1.0321414970326086,1.00417730755939,1.011790669042362
4.771401483928065,2.2969328195583403,1.7030268776140454,0.7584564827434559,0.5748150443378901,0.0,0.0,0.0,0.0,0.0,0.14961273561266294,0.36062883760253356,0.6458493556409702,1.0158139787126208,1.4612380927209905,1.3364946441146752,1.083084753471323,1.0263679187079393,1.0212088915722382,1.004241976175408
1.2683483164315108,0.9304386420687747,0.7538925370089211,0.32973825497123,0.20880166927022836,0.0,0.0,0.0,0.0,0.0,0.1855958493955624,0.40395090439428505,0.6678706409352875,1.042205462734771,1.492353913664537,1.301313816901757,1.0576669894220618,1.0204225892650496,1.0153240318810879,1.0067036379496914
1.292110792053577,1.2437190470543809,0.8363046631062112,0.5047630988883747,0.4376338526187761,0.0,0.0,0.0,0.0,0.0,0.16338391968036511,0.4117173342888354,0.6526167095707336,0.9306256051046222,1.5070966862531243,1.489171304474849,1.0552342862314608,1.0239518246615096,1.018387702953829,1.0058041781099418
3.8930837199041664,3.6448786646316704,1.616175436939643,0.38054549363077406,0.7606520234652183,0.0,0.0,0.0,0.0,0.0,0.15531896093549852,0.36486995384567816,0.663081340144885,1.5372161932633759,1.1949968411969232,1.4002849578377943,1.0635281217398724,1.035395243444249,1.0049987578224628,1.008823929860907
11.534494074286702,8.363281514276391,5.828947075102863,1.691733802808074,3.3100078771389945,0.0,0.0,0.0,0.0,0.0,0.17186435331184644,0.37611663042188476,0.6613688030915023,1.493201452189127,1.0800844090100292,1.309289208367546,1.0692611313781073,1.0259627013244674,1.0045501300161481,1.014715145374668
1.020727085904037,0.5943379889064742,0.5290903665735797,0.30740946280432174,0.2477275060792708,0.0,0.0,0.0,0.0,0.0,0.18055684491475568,0.38579806209480916,0.6968983341569573,1.1417939042877678,1.561864371187993,1.3161280632282752,1.0825387483791802,1.0284495030850893,1.0151182433438224,1.0055834041534464
1.044079197736107,0.780052329679634,0.5846955305151902,0.24758587891234685,0.24122555935964426,0.0,0.0,0.0,0.0,0.0,0.19612888017575641,0.5007385215530844,0.7796880681397151,1.2309706724096783,1.6624168283089025,1.323169594687623,1.0413976301903247,1.0211684191499262,1.0127524411054964,1.0033451506781241
2.504996966286731,0.6285364427782827,0.5414264711709893,0.347386829079137,0.337536799393393,0.0,0.0,0.0,0.0,0.0,0.2166295648055474,0.5910053774020744,0.944618174993911,1.651652114337521,1.2982297259069848,1.220403714076379,1.0489155432473511,1.0134957527312516,1.0029666766419827,1.0076234104856125
6.215233351759068,3.9931587773051014,4.4342066935020785,2.4268803133494696,2.220209845150224,0.0,0.0,0.0,0.0,0.0,0.18121339385078689,0.42799090911637083,0.6716056449491499,1.0234962337561337,1.482250563000681,1.3681700603542273,1.0646812716477827,1.0229773586778743,1.0141554374870962,1.0044467484038258
10.404814614650501,5.922534927731266,2.34702159947184,1.534403815433152,1.5959534651062515,0.0,0.0,0.0,0.0,0.0,0.2308237782263282,0.6347366891036098,0.9847172062814918,1.5461688113312775,1.2460616889509477,1.2805830353992846,1.033228781192465,1.0124045078536024,1.003651851061968,1.0054890124404565
5.222772888450237,3.391568084307722,3.2897722669600653,4.097738825305887,1.9775811981014577,0.0,0.0,0.0,0.0,0.0,0.24370890802153625,0.6348243106321046,1.1103714110531393,1.3984433848676359,1.6606312593478134,1.290420537331546,1.0471668719593783,1.0113268630931698,1.0025852524998502,1.0020141125173074
1.2977856974584785,0.6057880092383929,0.30314032981747974,0.2024825090185766,0.1395059901997629,0.0,0.0,0.0,0.0,0.0,0.19878451615516401,0.5670991615926846,0.9454332686675572,1.322876837279309,1.6207842863554924,1.31820112623904,1.0573898596622722,1.012456955632953,1.0081136431794637,1.0027291954786142
0.44831270658836875,0.38416021455431126,0.42940433825011837,0.17774295955299663,0.17135948895338604,0.0,0.0,0.0,0.0,0.0,0.1867634446042494,0.425201309908298,0.7022080820380128,1.2314679423425408,1.5966104749953844,1.4134708839902823,1.0719408944164797,1.0257445244900487,1.0106041185466914,1.0038302447007323
2.1245968387352354,0.765000700382668,0.7565513422799454,0.5392907697591577,0.5454430278446253,0.0,0.0,0.0,0.0,0.0,0.19500039178980208,0.4794401925999458,0.7599993354395161,1.217982302220089,1.5778978026065613,1.298449500932527,1.0706014331297544,1.0253272098595405,1.0105950328891042,1.0027000796493126
2.3116919740542774,0.5152785099549512,0.18374880184253745,0.164272720439759,0.14521684158443057,0.0,0.0,0.0,0.0,0.0,0.1774520791795714,0.4805108191245374,0.9612958944106129,1.6553957592323578,1.3655839860744232,1.2076218788232538,1.0819273683546087,1.0238183428120016,1.001147647094752,1.005184016278019
0.7771727725019935,0.6029716077992788,0.19033418375379813,0.1960310298451146,0.17508352405361496,0.0,0.0,0.0,0.0,0.0,0.20552113121023194,0.5460539449828509,1.0615464631555653,1.4131908834519373,1.6930540479687193,1.394767864863585,1.0615576457179046,1.0159994257981575,1.0054616342272522,1.0011131655231207
12.55605948767312,5.617336634294699,1.5741917030938253,1.3009712132160112,1.2878625039673988,0.0,0.0,0.0,0.0,0.0,0.18540449098714715,0.6093431442419384,0.9480225292075025,1.248803364045344,1.5770404512161704,1.3131339269834286,1.0331522319523656,1.0176624116801094,1.0051431515570275,1.0042348065135656
9.070843307811646,5.636364613805614,3.4838203447487572,2.616354618395072,3.294158426127477,0.0,0.0,0.0,0.0,0.0,0.22365119090954658,0.5971106947250459,0.9182893535591549,1.5623436279547571,1.2603536488952993,1.3176703467808975,1.0426240172935795,1.016576320689443,1.002856540989043,1.007065319979495
0.4798999222871041,0.24405017519306074,0.20502353487351005,0.10789937543676272,0.1300583527444573,0.0,0.0,0.0,0.0,0.0,0.16959849849264183,0.3896907568978062,0.7068977153230819,1.2149256851269956,1.6156922018682724,1.3357849776235469,1.0865757217386223,1.035431606795788,1.0136419714624292,1.0017749746799731
0.6309325822908339,0.3252720721776775,0.19381530471342812,0.1389815081792795,0.10486702206676908,0.0,0.0,0.0,0.0,0.0,0.20486351563466348,0.5979758823307155,1.0620460906399456,1.4337641775039345,1.6800608190382784,1.3716398470019657,1.0507227147034512,1.0157160467639275,1.0025598006207987,1.0017348718935142
15.621132823396099,7.447446483118017,3.405182242844718,1.3855317986932858,2.62097398429676,0.0,0.0,0.0,0.0,0.0,0.1748347494453464,0.4299280360258748,0.7180163084334201,1.4548186395616476,1.0553676398787355,1.2139555375779503,1.049398824083068,1.0276842396685284,1.0063862297085866,1.012764630869717
8.475524025016925,4.999117774056466,2.65842654223127,2.0656205679749062,2.5091846579958115,0.0,0.0,0.0,0.0,0.0,0.17537093846011842,0.4516605262926828,0.767280884460559,1.475933518545897,1.1738065004028482,1.3087277241719653,1.0568716329564805,1.0268081591719638,1.0043192213739955,1.008419451171987
5.5342566282759345,3.0546735142215486,1.643849523927147,1.0771497934285041,0.5748014175747583,0.0,0.0,0.0,0.0,0.0,0.18504269490031353,0.4257787705637513,0.6983573450752523,1.0390539965604908,1.4809154987283977,1.2227771374416438,1.0517990070457437,1.0253029162837162,1.014934420540926,1.0083709912236496
2.8701892731709444,2.2329787204217237,1.1862118953532323,0.533225749729678,0.86731010437388,0.0,0.0,0.0,0.0,0.0,0.1819357506144637,0.431109625947194,0.7257021687503398,1.4502346078450703,1.0864947453740406,1.269177186867481,1.0554750341315429,1.0247238823789622,1.0058207907704537,1.0110399802090564
3.1339258920088797,2.708056156052988,1.5007016500192956,0.9685278770671341,0.46721734927683994,0.0,0.0,0.0,0.0,0.0,0.1796314730546281,0.4269944232896498,0.7104771560034571,1.0784988408605791,1.4982014009672404,1.282835134910594,1.048043258427,1.022839657235893,1.013075740232389,1.0066362827698876
1.722203133747256,0.9397987087538697,0.5820039149794812,0.49741110327084204,0.4853551479607262,0.0,0.0,0.0,0.0,0.0,0.21868078761221887,0.5061676754753569,0.8223069130083105,1.1646763722210296,1.5663969372840651,1.215265090471866,1.0538880058470037,1.0232066440729441,1.0113665015058382,1.0029581777134624
6.5386243224935,2.616705009942261,1.1878996242006634,1.019206812015845,0.5957845837050535,0.0,0.0,0.0,0.0,0.0,0.16213943679473664,0.423871803663259,0.751629395833289,1.0764217312390822,1.447575847380491,1.2517571036729023,1.0630898912840436,1.0255778423288833,1.0097672655430927,1.0056754293717838
7.820518290507215,2.7635038282093873,1.6895769824432385,0.5552591640103196,1.0918048382787409,0.0,0.0,0.0,0.0,0.0,0.15595937834543172,0.3869906093209093,0.6315457600386208,1.5006671301102794,1.058074622975012,1.218235656531774,1.0598506880103777,1.0332080027768664,1.0044150699770704,1.011828759225754
2.286231190049281,1.7104830288672783,0.6795162099181995,0.40287926659656764,0.3938559239665208,0.0,0.0,0.0,0.0,0.0,0.16427204631974662,0.44964514397956307,0.7658443586076725,1.17187491247937,1.4518110557778392,1.3155950464450672,1.0448785703669032,1.024757967031475,1.0061082684694844,1.0050385128886936
11.376619549760665,3.186990858925584,1.6920105909902374,0.4626000958050442,0.8960641516163367,0.0,0.0,0.0,0.0,0.0,0.14704133915456227,0.34216024526807093,0.5962466040757125,1.5122843836482378,1.0331753549800078,1.1936543219070959,1.070528898808868,1.0350362085628484,1.0057326638627881,1.0125116343921623
52.17352831927034,11.307632054269998,3.101464761545035,0.650187956367736,1.4408152481681529,0.0,0.0,0.0,0.0,0.0,0.1468853240678871,0.2701411080984589,0.5375962992178653,1.4916861545394375,1.0319502104809246,1.1040280030375174,1.0821264735532394,1.0536562875165387,1.0065907330608193,1.0182297390657842
2.64846867965471,1.331447623298495,1.0936976285204534,0.8465254028551985,0.48676672644706426,0.0,0.0,0.0,0.0,0.0,0.18857504192226798,0.41191098016421634,0.7040184016284784,1.0746708353094374,1.5595445375526515,1.2641674414556188,1.0612635428242203,1.028834314513546,1.0140865124786167,1.0050507776645021
5.6560983330450565,2.1026790793454544,1.2226991353205314,0.5912198317556795,1.1012503804538052,0.0,0.0,0.0,0.0,0.0,0.16410719453161024,0.3934680057597809,0.6906660874751086,1.4620885433514368,1.069117224447983,1.229359999250404,1.0673744747300145,1.0299673519838903,1.0060793095499607,1.011497200265406
0.8947942406547276,1.183405020280882,0.48736769100827787,0.29053509592648713,0.250353284370907,0.0,0.0,0.0,0.0,0.0,0.16893936246310623,0.4378567329159485,0.7638065745543879,1.1047393334522577,1.5285190092683145,1.5055440977812602,1.0554043693421533,1.0259987556505747,1.0163059293129042,1.0066744724637404
2.293406440680159,1.439362562129227,0.9799288914221777,0.2600828283934888,0.401049460832872,0.0,0.0,0.0,0.0,0.0,0.18988183028336905,0.402717780695661,0.685292281935364,1.5572701258015775,1.0792268726957754,1.2267295508598466,1.05860445304375,1.0207871489330278,1.0049908593041583,1.0157844463116914
4.259609096618736,2.281640891500275,2.399787333030807,0.5127612424207854,1.02853117653998,0.0,0.0,0.0,0.0,0.0,0.16627983800455723,0.3580196978142558,0.6159987414767081,1.462978038786162,1.0643657064693828,1.302123564462182,1.0765594315523723,1.0325828986943069,1.0088171725166482,1.0149924595745325
31.354767552714794,9.237347464633697,6.08736124079768,1.868753097865945,3.524926027018492,0.0,0.0,0.0,0.0,0.0,0.16790651613172053,0.4134968181005739,0.6442959906428121,1.5027631421239296,1.057213946712935,1.1948114488386699,1.0562997078082688,1.0325001300017818,1.0058440042209864,1.0162031464094587
1.7336164686088762,0.8107349028909214,0.4211167154027063,0.2407449214451801,0.17249865346038495,0.0,0.0,0.0,0.0,0.0,0.18014180482938735,0.46690873879039346,0.8187107481319519,1.2103471185596753,1.5685917876694726,1.2690799359216551,1.0652689638885762,1.0224373262029065,1.0097913389433546,1.0050174647271228
1.6298016235149053,0.9904757871636203,0.7788610793544604,0.32711128487639085,0.265941299960501,0.0,0.0,0.0,0.0,0.0,0.14456216724795304,0.3500342483897076,0.637314867490941,1.069432572637796,1.5243594107871572,1.4303052387108999,1.0786953879974597,1.0373266232796698,1.0187918615944462,1.0047884456683611
1.648059709532032,1.0549233105046352,0.5901564626544283,0.3393496816584106,0.2709493787452824,0.0,0.0,0.0,0.0,0.0,0.1681834247265025,0.41447416803493475,0.7310787101882988,1.1572793174526221,1.528665746908147,1.3273762393951414,1.0643851148111856,1.03146807454457,1.0130205693119694,1.0064244162418199
9.712443640158899,4.984152727159804,4.121636182920059,2.4823747244683245,1.9578857642187102,0.0,0.0,0.0,0.0,0.0,0.20526095627796434,0.45438760266504896,0.7148451186690861,1.0637203450868713,1.4698797476900143,1.195153548855231,1.0426109880821706,1.019100100222702,1.0137138819696097,1.0051088545272502
12.058194143195035,7.9943514764399115,4.284948695394452,1.8265330838310632,2.8570215090235083,0.0,0.0,0.0,0.0,0.0,0.16481769088949336,0.42083122151589386,0.7049497324460254,1.507916091792706,1.0605186463536185,1.2946558615790922,1.048678304251273,1.026868388203391,1.0051134611768904,1.0139209910864546
5.56477756023259,4.403609941989851,4.049602630073763,3.6716232423193027,3.014615083783051,0.0,0.0,0.0,0.0,0.0,0.23534774953243076,0.5944923546521327,1.0559136777789735,1.3128301520173649,1.5739902291488637,1.3412103755008875,1.0502578871545039,1.0117254142449958,1.0052006769252821,1.0033496450792776
1.2667005184396152,0.5933890028899119,0.40525436698820333,0.2592938082050896,0.20445572496604023,0.0,0.0,0.0,0.0,0.0,0.16985209412378888,0.4201707481460741,0.7471946928903371,1.0995223556288796,1.5810186601705323,1.2914842202585233,1.0663319862572513,1.0236502889280075,1.015502183197001,1.0063792132198386
0.8286953933703991,0.43816279947684295,0.3301843114100091,0.17875559959722567,0.15609625184181947,0.0,0.0,0.0,0.0,0.0,0.2066211806000893,0.5007711083563351,0.8337253410843504,1.3149330892128064,1.644752823700739,1.281670026082311,1.0605994423989449,1.0288439295321639,1.0051317271453086,1.0037743780616961
2.5060035547162296,1.3857959582461623,0.7232898061002565,0.6067649845261586,0.3817482761429156,0.0,0.0,0.0,0.0,0.0,0.17358433195057835,0.5075999012318646,0.9583963838876114,1.2704119077693343,1.6058773481992519,1.3623133511391388,1.0614496537991494,1.015301963130383,1.0084648130178795,1.004827267215503
1.5071333841314025,0.44779388276389753,0.22234124067287847,0.15612374928771802,0.15628781147455878,0.0,0.0,0.0,0.0,0.0,0.19674616419904645,0.4969886076891751,1.0610591976627015,1.451865826536468,1.691053180386943,1.2557296871685446,1.0798553340144514,1.014272783530298,1.0039741746640667,1.0005815304886958
0.9464430025015702,0.5504884123323619,0.24127451951268236,0.14657092523123447,0.13329503441317814,0.0,0.0,0.0,0.0,0.0,0.20394205053697956,0.5530115965955656,0.9509105215341415,1.4045736712919759,1.6602726916725958,1.307442936595986,1.0430101452578793,1.023478066806654,1.0046048774210867,1.0022288492258367
14.807036182033135,6.470044310474606,6.3346570151863055,1.5952452600692468,2.5203402331753386,0.0,0.0,0.0,0.0,0.0,0.1487577114809021,0.39004506731243105,0.6159699983895954,1.4819178363410728,1.0233621076498702,1.2742670849738449,1.053737219527053,1.0255289575219246,1.0059908989620798,1.0115649723819835
10.106310737446169,5.425920469877478,4.908048402886706,1.7924873629143583,3.1131173949320017,0.0,0.0,0.0,0.0,0.0,0.21013172540351496,0.5812354078739974,1.037931621003757,1.6285345706377983,1.3369282843764307,1.3228597441159482,1.0602333327218847,1.011427974805799,1.0028416413578558,1.0054052348008438
0.3377804284902167,0.23789985217253165,0.1563284546802705,0.11923963521135636,0.1633177289396168,0.0,0.0,0.0,0.0,0.0,0.17892321979658227,0.4421031042586403,0.7938347850215371,1.2448084003935351,1.658694490893331,1.376077107166508,1.07366618555411,1.0260762799457472,1.0124632889923249,1.0026309910397786
0.5389313111204298,0.3014871062139092,0.25842793467075487,0.1718924917235698,0.13664979175706501,0.0,0.0,0.0,0.0,0.0,0.19376550010879992,0.5025822342916988,0.9261903642619067,1.3180623970425043,1.6371904078752273,1.321803323413383,1.0686571405270031,1.021163576633528,1.0051694938096112,1.0032576578710164
19.523716668871064,6.610319299145575,4.013220786865792,1.6620069014624022,2.2978318396240756,0.0,0.0,0.0,0.0,0.0,0.16227592978987543,0.44072065650484304,0.7475191428476726,1.4243424717795967,1.0634930561786546,1.2296321420073597,1.0537372266440046,1.0185926360194375,1.0025072797551238,1.0036573369232695
10.857168747112114,3.708220216878106,3.035942938089866,2.8997846729218386,2.2920496818468776,0.0,0.0,0.0,0.0,0.0,0.16200885347155056,0.46210364646350643,0.7739292792724851,1.176784608628304,1.4683321383919674,1.3182966943903427,1.0649261348143533,1.0262163503859272,1.0075112724867892,1.0055269815084071
6.243435986890512,2.435106525251475,1.2665476042932455,0.8142862545746293,1.0754803341079096,0.0,0.0,0.0,0.0,0.0,0.16972791809209298,0.4218398884939643,0.7253431981286094,1.4504462247976422,1.0243525711514916,1.2398405515181914,1.0560015868084418,1.0270032432601204,1.0021873555228629,1.0128164919418168
3.933330994800935,1.787242246115617,1.285794424125853,0.5022829036961317,0.7425073202745406,0.0,0.0,0.0,0.0,0.0,0.16486952680123354,0.4295722829813262,0.7076835144968807,1.434213594253806,1.0646583936828178,1.2699626340649792,1.0558858749759539,1.0247603108918548,1.0011998113007075,1.0066494250013283
3.6320180754063065,2.28698602229124,1.560859363719663,0.8878550909802925,0.5296064400726659,0.0,0.0,0.0,0.0,0.0,0.18693152175817904,0.4390452383294516,0.711803957457243,1.0349559690469956,1.4293795056253864,1.246732673324213,1.0471578506849946,1.0231721693546239,1.0111911747524334,1.0061194771642779
1.7414025152527493,0.9951449519707587,0.689000720366509,0.47273444456263414,0.4700838887235463,0.0,0.0,0.0,0.0,0.0,0.20225949197495166,0.46827504670157355,0.8447981152340018,1.2924681385559416,1.587732000800273,1.2497280887251219,1.0560843940007392,1.0244808195442927,1.0041771653218803,1.001820477828607
7.940194068608202,2.618048873938387,1.2635432647289986,0.7622938723383376,0.5961088615245627,0.0,0.0,0.0,0.0,0.0,0.1534617209811499,0.42276575457067006,0.7482525640092382,1.084487377917664,1.4555905616336986,1.217223358019818,1.0523146435440467,1.0211309167092524,1.001756869736001,1.0039030072363773
8.373862723447242,2.37205433272399,1.504896624980254,0.7340535426961846,0.6134121202032488,0.0,0.0,0.0,0.0,0.0,0.14943514593401297,0.4370198434594508,0.7447918515823916,1.1054101052963003,1.4992154113692087,1.2508456381995836,1.060148189532978,1.0192969226799393,0.9961617334805453,1.0005482399128136
1.7594157731264346,1.2411763400056073,0.6628476214751767,0.39403162690075927,0.39979726278231703,0.0,0.0,0.0,0.0,0.0,0.17686308517611368,0.4453562344467446,0.7856741092805193,1.1366816429841131,1.4725523510882135,1.3004217111000607,1.048315976199493,1.0213075753373946,1.01037147421868,1.0008863966023487
6.58057368274429,1.6899869909376264,0.9226770081150513,0.4154350529158098,0.5155021806291507,0.0,0.0,0.0,0.0,0.0,0.15004487821688478,0.441599326099149,0.7169146071039978,1.4853015555736437,1.1049357750030384,1.2344623331431712,1.0541594598337178,1.026201921996615,1.0027891854134101,0.9951893877143674
43.176659885768075,7.79487668119626,2.7605577103416925,0.5799477187831935,1.1348449786009929,0.0,0.0,0.0,0.0,0.0,0.12906893533374203,0.22481357449516293,0.4948029686522924,1.4775099316485727,1.0200751294811456,1.1293429942908768,1.1334535019668461,1.065572174523442,1.005278208670317,1.0112382582733292
3.116898694323251,1.5720329540257196,0.860646127415527,0.3976053647915417,0.5573678315507478,0.0,0.0,0.0,0.0,0.0,0.19994365397469566,0.49297838637488145,0.8924619328281329,1.574786700971701,1.3032397289892268,1.2308492545684961,1.057089435029027,1.024459653170447,1.0017590236545628,1.0012679649033116
7.401795556685306,2.1444473941294637,1.0447082523637239,0.6772720562340763,0.945376038637624,0.0,0.0,0.0,0.0,0.0,0.15067559778884262,0.42491778662847723,0.7435758959702035,1.467719029224288,1.1010119461214682,1.2563499049256857,1.0608880387157782,1.0244513073197017,1.002886997179452,0.9978689001108594
0.8480585516252406,0.7682950437819591,0.5158882146157194,0.3166842673944167,0.21086422424465406,0.0,0.0,0.0,0.0,0.0,0.20453669803453933,0.4448142578860683,0.709717060371005,1.0389159123072809,1.5624019041354595,1.285367247336606,1.0454780946718092,1.0240889234326922,1.0141499300950534,1.00536857202046
2.5936397591076585,1.7958550128300803,0.5420380659347537,0.17833749636067825,0.32786107460115554,0.0,0.0,0.0,0.0,0.0,0.19911228666958214,0.4812085163714236,0.8930047384610668,1.6317263421428194,1.3341425673735943,1.2397863286184125,1.0493656423157582,1.0262152379500442,1.0036066073103895,1.004893313283988
3.3013706787493704,1.6425261546031664,0.751516665855697,0.5304638244493562,0.7506681144616938,0.0,0.0,0.0,0.0,0.0,0.1716347253107954,0.41316339266336666,0.7404669164327704,1.4412558421188935,1.0889525319365223,1.2857134180617025,1.0668246320502863,1.0274546091210364,1.0027162642162442,0.9958288915171701
31.69720797223095,8.770712368669015,6.461925137392927,2.07892029117622,2.9309952954736906,0.0,0.0,0.0,0.0,0.0,0.14977062399310265,0.4051739094931634,0.7318755834821389,1.416804069503555,1.0658236846392488,1.219656313305743,1.0587701241767642,1.018300360228095,1.002211818621427,1.0067906301910061
1.6097991031596792,0.623667481834089,0.568595859714627,0.3019157184005751,0.25423289268969457,0.0,0.0,0.0,0.0,0.0,0.1591111021593291,0.4176161710702882,0.7429834745686147,1.1116457575523286,1.5229234751976137,1.3028968306307251,1.0739520132045242,1.0261418393969945,1.0134164187579051,1.004306242524771
1.403503358787692,0.8579989087190082,0.38638395116909974,0.20307676940851405,0.1807664909473065,0.0,0.0,0.0,0.0,0.0,0.2128571113984989,0.48959969658994623,0.8646365439358467,1.2484833027714752,1.5967405772771355,1.2127500612121573,1.0547267278732502,1.019807845535523,1.0107510783116656,1.0040993570980636
3.6130948366485414,1.7156693173318107,0.6098529562692788,0.3893327270197914,0.2470711160113594,0.0,0.0,0.0,0.0,0.0,0.17248026106249986,0.42450351667932246,0.7478618095530531,1.3064215965721562,1.6300058065641214,1.2428593000462105,1.0569835646965462,1.0357956241357422,1.0085372643758812,1.0025417334141034
10.396339198440335,7.126486611033586,2.631736037082946,1.6257444575101723,1.3996240085516751,0.0,0.0,0.0,0.0,0.0,0.21806286251322873,0.5125118264090692,0.9061785869180662,1.2963054765658482,1.5658070250006744,1.1967242666996372,1.048936322663022,1.0241128360155842,1.004829399329916,1.003058789502043
14.567023335083679,7.54246753864341,5.730678697440789,1.8213443875453579,2.912248283017515,0.0,0.0,0.0,0.0,0.0,0.16223367870977304,0.4185736950053337,0.7383179148941367,1.4568431947614493,1.1145479547325967,1.2774547817454782,1.0604156200717667,1.019299868808241,1.0035806639860256,1.006537186067596
7.403159799683811,3.880637141792571,4.019488198109142,7.172383392659175,5.4089489561529005,0.0,0.0,0.0,0.0,0.0,0.2070519739602524,0.6230749101053629,0.9999784096869186,1.3476588023430063,1.59757692111906,1.3733483129355784,1.050375780018308,1.009606545390482,0.9994561369489423,1.001931435122231
0.9107995389184682,0.6688571622280689,0.2544475661485105,0.1689707109894484,0.11894542363764068,0.0,0.0,0.0,0.0,0.0,0.21938282775316217,0.5935984711813038,0.978392073725379,1.3953651805026375,1.6705664669683693,1.2602658117982541,1.0372736700941627,1.01845152847199,1.0070731330659672,1.0019634480298925
1.2752876796132373,0.5158371410866444,0.3311820664410853,0.16238148783140263,0.2200792668881361,0.0,0.0,0.0,0.0,0.0,0.20145840562601577,0.4544160605100273,0.727387589169168,1.1445461686604748,1.5537638392129087,1.2044537274754057,1.0609120210866765,1.0177737522055867,1.0129435749920666,1.0046387694141605
2.304569734808345,1.2457437838025072,0.9185389654561422,0.6538734985768967,0.569429091561024,0.0,0.0,0.0,0.0,0.0,0.16121729086601722,0.4240213948589314,0.7741235289551208,1.262734238051301,1.5707582592018667,1.3526037428937914,1.071385891622955,1.0301899759542184,1.005181762156939,1.001719384716464
0.8047946135180469,0.49527982457332803,0.18134156922798994,0.14568800538849436,0.1280277332362695,0.0,0.0,0.0,0.0,0.0,0.17838914833389702,0.4894983854110537,0.8993714826949066,1.3738045173140763,1.6481473952470842,1.3215712162987612,1.0550806277239013,1.014994591246015,1.0064192439064812,1.0026585750863883
2.0415717975587606,0.9385462479156818,0.3654121918288643,0.23370384883763756,0.200566468783202,0.0,0.0,0.0,0.0,0.0,0.16337016982589003,0.38881837002919584,0.6520690278879899,1.0636949122692139,1.503057864458333,1.2664403955623422,1.0582051630882707,1.0331456191893955,1.014464724975584,1.007954026789166
15.995771776773035,5.099682939813534,6.029517310568741,1.6162338632011248,2.1383279640745547,0.0,0.0,0.0,0.0,0.0,0.15178249084248743,0.41613384030803147,0.6319334630933613,1.4558632495267843,1.0478387765375508,1.2890291526726034,1.0633316344372108,1.0236780983764344,1.0038949608379883,1.0060855775921909
9.839488320887202,5.083910432112935,2.8072316959157524,4.152412143408255,5.400459930979545,0.0,0.0,0.0,0.0,0.0,0.1943202894118562,0.4979147899621747,0.8854085527954808,1.2545195355247805,1.5381139304312914,1.2890424887224667,1.0578398408275307,1.0259232672529295,1.0068797278757486,1.0035804402767743
0.3780997650253714,0.3129849282183454,0.09753916191622472,0.12725373887916763,0.13491797502972597,0.0,0.0,0.0,0.0,0.0,0.21521324107490497,0.6288441456109221,0.9546462334669914,1.3660784576940481,1.6652349690463117,1.336895324814072,1.0289653833534778,1.0199184275436874,1.0033091832815064,1.0021673279363483
0.4557527143233073,0.2883066861467601,0.21234133517808845,0.23827169455052105,0.15537300458338504,0.0,0.0,0.0,0.0,0.0,0.20113161882634756,0.45314271571692005,0.8507402466181501,1.3036861890129858,1.5886758953436362,1.2744517855540844,1.0647591111292545,1.0277260402097401,1.0044618408119748,1.0041232804251918
0.0,0.0,0.0,0.0,0.0,0.0,0.0,0.0,0.0,0.0,0.0,0.0,0.0,0.0,0.0,0.0,0.0,0.0,0.0,0.0
24.821473458380204,8.778649124264291,5.768227833515214,3.547737203600492,3.302171935334382,0.0,0.0,0.0,0.0,0.0,0.14959592755724543,0.42833733928564016,0.7562052351332765,1.2231818487539505,1.5052299877216113,1.296928178799556,1.0600980079349882,1.0269854358909167,1.0110565721151845,1.0034756745456188
26.896851676831727,7.352979070079991,3.7246053986189906,2.284111990360375,1.9942887579051003,0.0,0.0,0.0,0.0,0.0,0.1468560864848288,0.38762044914776933,0.7132194249670134,1.5248330477078145,1.1953537599141428,1.2326988789267062,1.071999900968949,1.018901410516376,1.0026273564638133,1.0088958613899992
69.8532572615552,10.091726954740743,4.69885365549127,5.875044591713952,2.9457723552620876,0.0,0.0,0.0,0.0,0.0,0.15241262309064338,0.6205625401701486,1.1382060623182368,1.451283816511193,1.6376036600629733,1.337433251969197,1.0498720852025323,1.0120652463294655,1.001994950096954,1.0014187115075845
20.628299052150048,3.497319195589347,1.5738032782609925,0.988033928456106,1.3369241525507816,0.0,0.0,0.0,0.0,0.0,0.14747198512518853,0.38397227617350205,0.7218479986782951,1.2108220682506596,1.5459533855228693,1.1745274881872607,1.067541078293891,1.032293702959293,1.0105272561930727,1.003637637326136
24.032709272854625,4.720454447034895,2.3255756574392388,1.760126019325897,1.3202014259224069,0.0,0.0,0.0,0.0,0.0,0.13994414591622284,0.37785610185689816,0.6860323282940752,1.5460875796583406,1.2060646744033672,1.2081547762020814,1.0753491366245986,1.028772659031415,1.0031666238686372,1.0099029158575064
13.579778101720356,4.315005851223779,1.5632515114293561,0.8721940998359188,0.7811268845483224,0.0,0.0,0.0,0.0,0.0,0.1524927205968071,0.4859646143496651,0.7467870198530916,1.1890819446770815,1.506189919958994,1.2929903977896764,1.0389765210289532,1.0198214381980095,1.0066811505648754,1.0022967894271282
52.24733192715335,5.9324167422406076,5.371081912510194,1.1723446638497752,1.5909304045936827,0.0,0.0,0.0,0.0,0.0,0.13195978594726343,0.29109264455582845,0.571706723090679,1.538777249616224,1.182380623068223,1.1556718225734801,1.1420868072190133,1.0390358189767726,1.0048739680532257,1.009067974919348
35.974671748689204,3.972948833267707,2.4884546206943616,1.0757306003700098,1.2623435764112425,0.0,0.0,0.0,0.0,0.0,0.13793899916534372,0.4195308362544952,0.6725767834738825,1.5506119924927277,1.2250611991504632,1.1796221554017916,1.0591212525357492,1.016539036216433,1.0046269667058385,1.0098246936485464
17.923249426336525,4.820483937608838,2.9432635651660566,2.873871744119863,3.10404475631731,0.0,0.0,0.0,0.0,0.0,0.14782870981611873,0.3790087265278285,0.7505850242325441,1.6246271167961495,1.3133374434958467,1.3517873398496667,1.1105173517907307,1.0373515750275535,1.0028600724833945,1.0094467471821678
14.954915009226283,7.2918640289025065,1.70645531672807,1.3416731169406457,2.144078807064406,0.0,0.0,0.0,0.0,0.0,0.15817298685979492,0.4569964181421175,0.7748559858768138,1.236872637435695,1.5442422649417864,1.2939066973370252,1.0372934381886876,1.0244083341046888,1.0098017501707433,1.0035484493461206
113.18623896296154,27.477058406132034,11.765518697476159,6.9704212211464665,5.7224281343941765,0.0,0.0,0.0,0.0,0.0,0.14316910942513816,0.40954114034027256,0.7250029251639483,1.5116917732209396,1.195195723694872,1.2181879135257527,1.0550794712795246,1.022800829432958,1.0038023114144596,1.009095241180664
9.442175852240757,1.9226236543493087,1.400930099432514,0.7104516547890173,0.6825615815383956,0.0,0.0,0.0,0.0,0.0,0.13528086383511967,0.3310641680872439,0.6321075871980331,1.1845421918002148,1.502055731461978,1.2587325999773018,1.1245989095626832,1.040047111626431,1.0102676789241238,1.0051725320042997
18.36020548981926,4.076686734567049,2.2662278177734003,1.3579488147794467,1.5896225396907884,0.0,0.0,0.0,0.0,0.0,0.13804289226424515,0.3423315837348036,0.6515518033190297,1.5176623792593726,1.2191720784365696,1.23332319672225,1.1021316207734229,1.0337767673813392,1.0052912922223078,1.0087253546207569
14.075069943440331,3.2342655570854317,0.8968145802418086,0.7721989928228232,0.4938406483425174,0.0,0.0,0.0,0.0,0.0,0.15117940869517202,0.49564178004892756,1.1580345341490568,1.4169191561809626,1.6177168790130423,1.3487951079709075,1.0835839613022358,1.0113814216279577,1.0043329005472026,1.0033665026303533
7.826769928296995,1.7897580822091617,0.5316163588695857,0.6013214367929338,0.38851955409424516,0.0,0.0,0.0,0.0,0.0,0.1491206112566041,0.5097865473429342,1.1587766991089512,1.4692444689781492,1.674505687153838,1.3903840681925048,1.0973772212779909,1.0146980286651912,1.0034383664357138,1.0011937858775886
3.1647592046165007,1.6790690990416202,0.8162473979895761,0.9779405663776888,1.1812636521175475,0.0,0.0,0.0,0.0,0.0,0.15293742029545354,0.46151556362503166,0.818790342556343,1.2897982423780916,1.5869424090913309,1.4233896739139713,1.0517491084893769,1.0271098339391604,1.0034768958458826,1.0034131081012583
5.436577993925427,3.5699760714080613,1.4951783266888206,1.66819385587468,2.23653600680911,0.0,0.0,0.0,0.0,0.0,0.15221695636757226,0.48697116939332674,0.9129867873455535,1.3504746239397503,1.5963421677323355,1.4860135532599703,1.0478657142884973,1.0221754815689768,1.0036189992231814,1.0027327147856322
52.12066205629317,13.914822930804021,5.041717163326386,3.0653661071836638,2.6205598913817227,0.0,0.0,0.0,0.0,0.0,0.1432907114680009,0.430051005647545,0.7382952236406333,1.5243119595627885,1.2155160198679669,1.2423830408041856,1.051333956603181,1.0205658195128537,1.0022385046604803,1.0064492564553817
3.447783539873865,1.18659078343962,0.7303496509081988,0.4747492398715232,0.4738490438143426,0.0,0.0,0.0,0.0,0.0,0.16469342000258155,0.47801129147983756,0.6842554769864886,1.1900130196193064,1.5184913692761368,1.3108559474963422,1.044821152757112,1.0313481751190126,1.0040290074944271,1.0054911136134126
45.52074745167691,9.85371429352739,5.325274676614875,2.5240908739622734,2.908200551551908,0.0,0.0,0.0,0.0,0.0,0.1384525971005625,0.39232062033893045,0.7036262776262041,1.19249336262403,1.5075841974500324,1.2407698507860565,1.0674910892598164,1.0211861348863838,1.0106830007782834,1.0041098615503117
66.34137674618668,14.398711718113304,8.39901893578671,4.316367137852723,4.10335430196602,0.0,0.0,0.0,0.0,0.0,0.1428619138555647,0.383421546395783,0.665629896618761,1.4924668627272784,1.1822625407616905,1.23310906090427,1.07198661416935,1.025351904334566,1.0041875402114295,1.0100110191829188
57.41651619777152,14.85938237922249,7.712921694176956,5.524027335600728,4.481104414782209,0.0,0.0,0.0,0.0,0.0,0.14525599290225802,0.39886791207976846,0.6881535958767464,1.5048709370680673,1.1964092160844826,1.274535842636414,1.0670764444930174,1.0255816460908542,1.004252663378087,1.00892701521355
6.3441805312206325,2.059971693954196,1.3189710901000655,0.41160339638445204,0.46936137698170943,0.0,0.0,0.0,0.0,0.0,0.14368779748615834,0.3693968364285752,0.5741132981025503,1.4775573716600174,1.13141167956324,1.2799205427771376,1.073247588332127,1.04562321542447,1.0066998220116092,1.0138979618723758
2.402517448516533,1.304504219125964,0.32545940891008657,0.3938449623839893,0.38477817052873353,0.0,0.0,0.0,0.0,0.0,0.1658884658764985,0.49233980933992555,0.8202573045417119,1.3119975686753418,1.5703163970435585,1.3432705559664235,1.0460032399102879,1.0364952327769787,1.0076908675917993,1.0032708914456134
2.4274733004719367,1.1272621282299167,0.522026885178318,0.2865649374082563,0.21217121694782146,0.0,0.0,0.0,0.0,0.0,0.23355513632868966,0.4801375778561791,0.6836087572279352,1.2573470389257386,1.6309459847254832,1.1630783356783512,1.0402631035212444,1.034963609561781,1.00048085172476,1.0043290518230201
20.225730672186177,7.438786590023123,3.3591423436449412,1.7450503426174246,1.151299047450489,0.0,0.0,0.0,0.0,0.0,0.15198031712634977,0.5083908997692438,0.7841442989275405,1.2078278675930672,1.5593006137864227,1.3219068530147497,1.03194708688692,1.0179421128715485,1.00746223581941,1.0051140882262042
15.55471033536926,5.692976276124642,5.741181963268977,9.91402166757506,6.095194727645255,0.0,0.0,0.0,0.0,0.0,0.15895784242671473,0.5523852475072344,1.0686598770736062,1.3768314638317953,1.592244706740216,1.4573807499008564,1.0672200758073442,1.0060180352478136,1.001727697532168,1.00303163399799
2.1483261794968684,1.4499991579418279,0.44054165922003,0.7888877154309551,0.5930615909191166,0.0,0.0,0.0,0.0,0.0,0.17478595480740275,0.4953754976564721,0.926992192360799,1.3757211152887303,1.5931285645983362,1.3302955930144393,1.0465328561480471,1.022184821766294,1.0045589031202147,1.003471634825737
11.661140135433365,10.728131858976033,2.1667740240214095,1.6441081960999036,1.5434205152780933,0.0,0.0,0.0,0.0,0.0,0.16996920852577363,0.5068687464952188,0.7962040144544625,1.217913601484723,1.5153964916544542,1.3223474115578948,1.0241238749952402,1.0181304229712809,1.00396416159215,1.0039822515695633
13.527031366631139,3.1358515925483808,1.8571618894139406,2.0191393160794404,1.7857987045124042,0.0,0.0,0.0,0.0,0.0,0.14961626469571324,0.4210838705418221,0.7326837707104895,1.2223514391319086,1.5327490713374499,1.3042786493406546,1.0790349983931125,1.0355106505567404,1.0079145176382966,1.0045880880337776
3.0844071419170924,1.780884963041767,0.9582629202649656,0.7241265167348738,1.356869058816963,0.0,0.0,0.0,0.0,0.0,0.22495036325811962,0.5748149291617959,1.135055431682368,1.6367952816644082,1.34141810482339,1.2622474215217092,1.0542140246873908,1.0083887749477225,1.002431782600343,1.0016812505143626
2.8166458058880397,1.76035356678713,0.54054440205272,0.8158689324271229,0.4598573952686721,0.0,0.0,0.0,0.0,0.0,0.17255189675084992,0.5122119460108251,1.0203821015356331,1.405690547210589,1.6052069229644452,1.359369993051304,1.041389188339388,1.0195084172622897,1.0039594215423142,1.0019204648287736
23.937537315709633,5.000319420235626,3.390721992072905,4.018871793132588,3.6462552722164903,0.0,0.0,0.0,0.0,0.0,0.18189396169422262,0.637816034258731,1.1846283274986535,1.4577465517392771,1.6314981438909653,1.33031941847416,1.0602697045067069,1.0094865348773547,1.001760873553822,1.0016508805965583
30.44746649160701,6.345613624575881,2.1861559534237194,1.5338585569639394,2.4484360217249828,0.0,0.0,0.0,0.0,0.0,0.15605534237628632,0.41877712339600864,0.7765308222356659,1.5023403620389746,1.1823377725002373,1.177940277159265,1.0619993574111868,1.035088281403701,1.005396699078592,1.0086998499144448
37.08799626519409,12.791791997184859,5.316248407001284,4.178580218113969,8.069213250186653,0.0,0.0,0.0,0.0,0.0,0.15507758326939453,0.41159920398370575,0.8024965723935562,1.5715452886088914,1.2387328373967212,1.3092890496953995,1.0791345700481358,1.0340761853557097,1.0049940033768936,1.0082465171600388
11.564191918286925,2.236654951206885,0.9146193369182939,1.2357182959695852,1.2290446867950007,0.0,0.0,0.0,0.0,0.0,0.16365924640986032,0.43792576670299305,0.877414241237419,1.299617062456958,1.5864237997952655,1.1763422751642054,1.0815131203009667,1.0291280711508823,1.0074855184915437,1.0032261516628578
16.855382560534082,3.1046457392709477,1.292700232790152,1.161714591311167,1.8990473869811961,0.0,0.0,0.0,0.0,0.0,0.16319315312920382,0.413426661571337,0.7595404228881991,1.5481169377914359,1.2438087203752177,1.154863477979669,1.063614668396413,1.0385071996733497,1.004964247425782,1.0082828335282727
9.21764899543308,2.802218808754909,1.2638031651908768,0.9292897684416858,1.1095810021145684,0.0,0.0,0.0,0.0,0.0,0.16072118151401316,0.44316191126081655,0.7479839443549359,1.5086527122303517,1.1567878546751016,1.2310854762628862,1.0510874972038886,1.033607355729428,1.0056166238759672,1.013254644607445
11.966082327399132,4.129078409848894,2.093322485723356,1.0182989274358476,1.7535029363052765,0.0,0.0,0.0,0.0,0.0,0.16894963839912558,0.4083872195938401,0.7396841659397381,1.5411592455547358,1.2325548560756512,1.190858884379339,1.0566872951683683,1.032114647139677,1.005338766774204,1.0075685778559094
8.844058800735834,2.551622180744795,1.7322606017967843,1.284134093261422,1.4724678886799276,0.0,0.0,0.0,0.0,0.0,0.1660024924740691,0.43298881959113744,0.7382862261675708,1.4997181390311882,1.2090982369859455,1.2526800420232254,1.0644799130260996,1.0333689469800382,1.0047881231535714,1.008548883268577
7.56332412674477,2.198144470075746,2.4241278302693416,2.9677970960598334,3.2505268905820954,0.0,0.0,0.0,0.0,0.0,0.1631236451313719,0.4377348880665051,0.8920950722167592,1.2715301868596365,1.5787499241504788,1.345343488343647,1.1045319992969862,1.0194323037694641,1.0079326725966808,1.0032225686905671
11.596713333122164,2.3965565343172672,1.4052351600653499,1.976154376535505,1.8471789350359682,0.0,0.0,0.0,0.0,0.0,0.16144510741211993,0.4264537680969965,0.7301767429417565,1.5003583088139458,1.2054356027541082,1.2205365783469029,1.0643348390260714,1.0387958749986586,1.0041498636544826,1.0082361799396586
80.47236934343579,17.0283810264328,7.381074016835877,6.054120964436646,8.482892070661986,0.0,0.0,0.0,0.0,0.0,0.15790276435274778,0.4275855643774905,0.7596977626706424,1.5004114817006444,1.2027190400210475,1.1850842144332208,1.053127942809427,1.0347699505350727,1.0044091977480247,1.0078871068122632
5.3603967209993,1.7620799783003958,0.6745552383424487,0.6600758067219156,0.6695688351107091,0.0,0.0,0.0,0.0,0.0,0.16430397318259427,0.46064303463056966,0.9134368657630562,1.5796141636743732,1.257842107920701,1.2213584054299118,1.0569914710276962,1.0224324388978232,1.004036319434807,1.007467459484974
10.701135279355553,3.1716205749283195,1.3851862099419145,1.348214347371278,1.3661174591170138,0.0,0.0,0.0,0.0,0.0,0.163306753851472,0.4262126959525882,0.8002578379603973,1.5278864001097745,1.210335145221673,1.2107878883560836,1.066434636432287,1.031431705058659,1.0049519282640376,1.0097417680306953
7.312772316027575,2.1211276977229403,0.9267956441811382,0.9091506255615709,0.9010318645389933,0.0,0.0,0.0,0.0,0.0,0.16376561684771676,0.41278540384435913,0.7801124543162826,1.5281364042224994,1.2246294654905145,1.190007073050671,1.0581217301688535,1.0304062237451734,1.0049616800891823,1.0074195896010463
4.9046391667754845,1.1827611857362084,0.7963403860969657,0.7492654820370139,0.5826478513471127,0.0,0.0,0.0,0.0,0.0,0.16274207559753223,0.42714076691880754,0.8064069047871016,1.2163061838171794,1.5171895627974097,1.2474707390587607,1.0829373556542776,1.0278901624705452,1.0076074827953612,1.004110576098079
2.041703153516918,1.1757270674623619,0.791731892456349,1.1048194665342914,0.703574391051202,0.0,0.0,0.0,0.0,0.0,0.2342125252909891,0.6884726675744578,1.184069326545199,1.4522504671381535,1.6447588793142147,1.3617261890096586,1.0443443323745045,1.0086163899494773,1.0029541660145136,1.0019416610547336
5.727603490005945,2.3392696358738743,1.2010252945949689,2.065150514146727,2.0809207629984963,0.0,0.0,0.0,0.0,0.0,0.16658022163019176,0.48964601605106356,1.0088406663954343,1.298999921720927,1.53088374832857,1.3763166551417318,1.0761367253784415,1.01703733797443,1.0046099332925373,1.0028210985273587
39.500136774001646,8.93718716350381,4.137679181622401,4.337045161062011,2.5533174727239123,0.0,0.0,0.0,0.0,0.0,0.1622354237748946,0.42104041372639517,0.7273279136770704,1.1983967633398003,1.4876097591087307,1.1769462218123503,1.0526080822576669,1.0334894756274022,1.0087953877997509,1.0052976597754795
3.076582082563218,1.103227887459876,0.6376988874073636,0.5790640579371809,0.3216181052393573,0.0,0.0,0.0,0.0,0.0,0.1593687886039926,0.44964694300227676,0.9596424392958813,1.4258195493173031,1.6593347225376078,1.3446179043279176,1.0881812633901713,1.0232475966346104,1.004790606504162,1.0013867570417736
34.12114440439869,7.780837238695088,3.2917854620824487,3.6571474082044553,2.4914821559945275,0.0,0.0,0.0,0.0,0.0,0.15587465645322143,0.4261861035949753,0.7750537050965736,1.2106229040303833,1.5203249793770912,1.2117752125972094,1.0594030931253149,1.03346431637636,1.008192013106631,1.0046819372206275
50.959138996039925,9.882217376656822,4.75958570975541,4.184399793000479,4.997877467105778,0.0,0.0,0.0,0.0,0.0,0.15994557589748495,0.4279665598035313,0.7847867874261886,1.499111247430128,1.1993403201234645,1.1861679247468833,1.0631303060080504,1.0299578030142755,1.004964211184587,1.0086269776032413
46.23334541350551,10.694253476512428,4.425034026246816,6.604642734787186,5.984666592360003,0.0,0.0,0.0,0.0,0.0,0.158453084874079,0.43731983603056745,0.8002038032563483,1.5120690176409584,1.2208203387110488,1.214348991412402,1.057822836214771,1.034873090667276,1.0039927642387696,1.00791249871168
2.6203719450515055,1.1504833641400678,0.8110748638453312,0.5125364027969022,0.39262687115395645,0.0,0.0,0.0,0.0,0.0,0.159808287169703,0.42034817840927474,0.7041219982702138,1.1876298009238124,1.528397469120605,1.3120720452254144,1.0593069654443301,1.0357479843648147,1.0115785150835706,1.005244784428049
1.542172837408914,0.6845111686727761,0.5806633665325993,0.33021412428375063,0.4490373441348403,0.0,0.0,0.0,0.0,0.0,0.1536093581465022,0.4082265926131654,0.6979474184387939,1.2411623623472237,1.5577844292737202,1.4145395239315464,1.0789848770682269,1.0432202291711996,1.010735973648564,1.0030966547896085
1.5637792588899206,1.0496455974518915,0.556838503984378,0.31714117098311806,0.2510284938444999,0.0,0.0,0.0,0.0,0.0,0.1533374905822623,0.3494587135583587,0.6362032396754924,1.0262375351175674,1.543415891998251,1.3658856162864041,1.0783662018902398,1.0338163126766795,1.0189975273544072,1.0048723546175047
13.37563802893697,4.7757545359257065,2.4803012219413816,1.9676195019143392,1.479885918345095,0.0,0.0,0.0,0.0,0.0,0.15572058078174347,0.43387658779009297,0.7215353935710616,1.139792997381342,1.5178033768790502,1.2723166322684507,1.0533327651040445,1.0338432004389315,1.0122737659340983,1.005380499293829
13.0782174063432,4.496842712680949,4.908610933969981,7.5379244589307435,6.238854999073671,0.0,0.0,0.0,0.0,0.0,0.1660386165897824,0.6022276924782499,1.0154402064794674,1.3611279041844835,1.6387098195075898,1.4192600600066227,1.062412377022832,1.0148534379399108,1.0048611071824511,1.0027419247189457
1.988892013974418,0.7885855591492577,0.48181929284686875,0.6865526916625081,0.5951889263964142,0.0,0.0,0.0,0.0,0.0,0.17573651140273905,0.5148082861475305,0.9764739178737554,1.3001023083370733,1.6034479638859915,1.36482449431295,1.067117598761198,1.0191664342568003,1.0073899690749386,1.0036781544563396
10.225327929587616,5.279552465626461,1.8423288330076446,2.2061924949258698,1.391856061294855,0.0,0.0,0.0,0.0,0.0,0.17192838381111505,0.48406651818060953,0.8810433803452734,1.2586521059807736,1.5717135175260604,1.3063714775534696,1.0457474064938743,1.0232309672865705,1.0067321639729796,1.00396203804701
10.835628517289061,3.3048452299465643,1.535968134739997,1.8091251612231443,1.9904313613425728,0.0,0.0,0.0,0.0,0.0,0.16168102572465443,0.4762417216809341,0.9897942595910864,1.5592020767785926,1.3272719793248928,1.262927735186918,1.0683233973015653,1.014065064604858,1.000633292972913,1.0063723144221557
1.1663834729609757,0.7412933570447432,0.9484888980696891,1.1739981093859,0.9311530465226909,0.0,0.0,0.0,0.0,0.0,0.2133509175186422,0.6105556476969504,1.1224314446590697,1.406083297456595,1.617434523906243,1.3444717455266213,1.048881157513025,1.0081605285110615,1.0029383524901503,1.0016355327949304
1.8046360062718907,1.1249437141816219,0.5289577785128351,0.622347293965138,0.6242954796045754,0.0,0.0,0.0,0.0,0.0,0.16594752112323582,0.45668344016320855,0.898803640993026,1.285409037527297,1.5832199686093607,1.4030355986735905,1.0577734065427171,1.0197461324604102,1.006968932832988,1.0030478459258432
38.582231838055826,10.060516737182349,4.562376975694583,3.957012027911076,3.9123784987391197,0.0,0.0,0.0,0.0,0.0,0.12914556932542207,0.36281940179224315,0.7792496724759497,1.5131666557708467,1.2032069400027852,1.2725781816423636,1.0844646160310465,1.020801188292337,1.0054868812443263,1.0088349588124046
18.205584576417046,5.570570955717698,2.4888138637208703,1.5802565611385642,1.8954626660913767,0.0,0.0,0.0,0.0,0.0,0.13736067378057565,0.3884039315145436,0.7627802273894806,1.4831638342203772,1.1869271927120733,1.3186713228120122,1.0721926022806954,1.0309599432455612,1.005091715584371,1.0101486650703018
40.04514820563104,8.16161196245276,4.6451533046055955,5.64417560851812,5.878524808367997,0.0,0.0,0.0,0.0,0.0,0.14904671615411508,0.4528824118066337,0.8374628629606916,1.521926920527559,1.2573250867832653,1.2960923359946372,1.075023508058338,1.0316204021259874,1.0041015418884875,1.0060877003239812
12.641086936267401,2.796503548346924,1.2716655436075919,0.7684396907191374,1.2827222083355694,0.0,0.0,0.0,0.0,0.0,0.13156661005171874,0.3616880355214739,0.7633630881952372,1.2367645107181164,1.5149017442991446,1.2734667402900999,1.091480170578673,1.0279568072447707,1.009602816073661,1.0044984681410958
15.5054570626484,4.006861843920714,1.568738198066861,1.317639364365728,1.1503195625659643,0.0,0.0,0.0,0.0,0.0,0.1316715638327117,0.3767213509196095,0.7649231357184446,1.524755172942255,1.2526651974998642,1.3139500461886682,1.086805459308103,1.033061715950032,1.0047736029292689,1.009069671161592
10.54393660814696,2.544126238219823,1.5140501713996333,0.5119500680019599,0.7733119836965562,0.0,0.0,0.0,0.0,0.0,0.14493157129677434,0.4881095680288279,0.8763744845126584,1.535648592142593,1.2420366461265446,1.3183906327098034,1.0707723839585956,1.0211013627855612,1.0058636474256122,1.0086037567201147
30.159635087350825,3.8509953048447016,2.6901543746793726,1.5260105433896956,1.1322900445425301,0.0,0.0,0.0,0.0,0.0,0.13387945152417038,0.3220304778557971,0.6497116929722418,1.5170992686314526,1.1163755349668616,1.1824087448894953,1.1263941689819976,1.0330094444911864,1.0050161147960197,1.0169122307963478
27.19600271748407,2.9660168633045267,1.5583960434898105,1.5397153341417882,1.140380301021748,0.0,0.0,0.0,0.0,0.0,0.13901818824484402,0.39332622608043694,0.7643221455717218,1.5304956241224665,1.22314524757463,1.2028554621032579,1.1063748280756172,1.038181229958729,1.003541716195707,1.0112518766890237
7.820581793214044,2.325815131013252,2.574586242160411,1.7276628325772627,2.507973612190795,0.0,0.0,0.0,0.0,0.0,0.18675677022663112,0.6351460836089475,0.9588112189773041,1.2490216463320678,1.5550737904430534,1.3819467642500136,1.0452020652358873,1.0093407041402325,1.0081534205094784,1.0030667318446864
11.06713692918412,3.01454385550669,1.2875188331916467,1.3137448510395733,1.3180025726756,0.0,0.0,0.0,0.0,0.0,0.14334552319921687,0.3869710043232441,0.8200470741556142,1.259646664894424,1.5229206860938744,1.35066186972113,1.1047759938909247,1.0332721093135695,1.0072604845375548,1.004710490827112
81.2294204280008,22.2407487091156,7.186031116047175,6.2628914390029795,5.48321468108306,0.0,0.0,0.0,0.0,0.0,0.1336220622247991,0.3866336002484867,0.7681043671606871,1.4761352079299528,1.1977000118481556,1.301062132541182,1.0829101753252872,1.0357278693394714,1.0041602560976735,1.0110448708440671
6.21047481696233,1.5552590323765574,0.8135269097992379,0.5266973485683385,0.6223633197758381,0.0,0.0,0.0,0.0,0.0,0.14392539755365438,0.4598693151220934,0.8770107581199272,1.2623946030695863,1.5405968883068366,1.3076607937484928,1.0747958492161809,1.0217648409156237,1.0079404295169552,1.0042509123559107
11.854160793736302,3.3270366898146184,1.5615988242511067,1.642339900975978,1.0863201741923534,0.0,0.0,0.0,0.0,0.0,0.13207929406859245,0.3558316748940095,0.7478956370252826,1.5219170054009576,1.2255979904480878,1.3578905359463018,1.1019571818158123,1.033001627912959,1.0034067186183202,1.0107584618928658
6.700144794094255,2.948055902726644,1.0273852567849284,0.7900764442219399,0.9179924054944545,0.0,0.0,0.0,0.0,0.0,0.1333760474544424,0.30847549846862327,0.7304963568514877,1.244617063003392,1.5372590698982567,1.3940190184623535,1.1333730635286259,1.0403552159396547,1.0090783195613204,1.0043534050180585
4.830692238175985,1.1317053731512876,0.6820063939899557,0.5802021732025623,0.3121253875665152,0.0,0.0,0.0,0.0,0.0,0.16305964436232367,0.4799254178115025,0.9409480721217103,1.381621579296197,1.6433978359582928,1.330210090064327,1.0850389491205141,1.0239064893562766,1.0071043467269618,1.0032842721062527
2.646579162350008,1.1210583434648673,0.9375604313546677,0.770674486802666,1.1934584862567437,0.0,0.0,0.0,0.0,0.0,0.16388290095611566,0.4512811630894886,0.7976950298959864,1.2228415571109488,1.5888717191890096,1.4299341376453634,1.0849563135842002,1.0233723563392532,1.0109520939831067,1.0024153286876996
5.806071124820859,1.8685887110704584,0.9951205537426382,1.6640409830734786,1.0267270271779778,0.0,0.0,0.0,0.0,0.0,0.16340961344615892,0.5163867949724826,0.9210901088899605,1.334287949850367,1.605607982668838,1.3584000846511346,1.0634036801646356,1.024208057683258,1.0064555053247537,1.0037049382392194
39.227967172928075,9.561264130756594,3.1881784661710064,2.9644625747635662,2.320415843946321,0.0,0.0,0.0,0.0,0.0,0.1351572223677063,0.3997452177099456,0.800726932145764,1.458093471651524,1.1640408186022937,1.2982503283347,1.0776500994196963,1.030948463982019,1.005047293254315,1.0113930034414558
2.9199851890199384,0.8422514322479593,0.5961919161974307,0.382304271237665,0.3733157315015308,0.0,0.0,0.0,0.0,0.0,0.1504423584284838,0.49906507059861865,0.9336694849771005,1.2732628405959947,1.5330569372820422,1.372792542248646,1.0779709987462311,1.0160111818133593,1.0067080612820178,1.00419354989194
33.125448172665344,8.591417681902993,3.047532277011064,2.4544707792685427,2.8540377266636936,0.0,0.0,0.0,0.0,0.0,0.1387473384091219,0.41255304832932965,0.8269227902164435,1.537023642335486,1.2477978011112367,1.3108829192347453,1.0757428052666433,1.029318249322183,1.0042638963623092,1.0078526507147643
37.65901124692512,13.55332185510934,5.194720283910717,3.206881282291775,3.369831669549272,0.0,0.0,0.0,0.0,0.0,0.13259186998643444,0.318866993205286,0.7368930757926384,1.5081136740026428,1.2280051831401844,1.352484081618248,1.1335360138169759,1.0393052827747726,1.0045356201169038,1.0097047694768762
40.16936944849737,11.539662322391823,4.699902664089233,4.292766110937942,4.188889427275572,0.0,0.0,0.0,0.0,0.0,0.1475237922248152,0.4089961305264577,0.8285473800502642,1.5044982873649104,1.2491838651711353,1.333517995025088,1.0865384303040662,1.0282493533849604,1.004605194488417,1.0071920586560237
2.4763079328759927,1.2796079308268309,0.38901540718339966,0.3277833320035314,0.20637445548005884,0.0,0.0,0.0,0.0,0.0,0.1796375862308979,0.5421079798407142,1.1168864733504933,1.447953003444047,1.6689938835216835,1.3806256574327138,1.056357266267031,1.01555000900485,1.0032417597199592,1.002798078799139
1.4947052403854435,1.2284596844371052,0.3733640971393769,0.30446910699347657,0.3688561684518589,0.0,0.0,0.0,0.0,0.0,0.17763984198211363,0.5387589192188197,1.0760347148000438,1.3629292867358564,1.6249023449660032,1.440249865556739,1.047624998960688,1.0143320720381268,1.0068512808264922,1.0022408546733652
1.8645429064344896,0.7223635913457215,0.2304687707702678,0.2120084335263961,0.1871700575604096,0.0,0.0,0.0,0.0,0.0,0.19986133400094683,0.5793438093293537,0.9757706057590173,1.4077922653383,1.66269511909562,1.3062227358926126,1.039604943216264,1.0181286897667554,1.0064583225990353,1.0022970253181132
9.56832872558806,4.058519455879005,3.011948209178109,1.0655782000333875,1.4705175914026063,0.0,0.0,0.0,0.0,0.0,0.16525215175949565,0.5660366634073888,0.9129308008688779,1.5882764220059715,1.2815798062677295,1.36708976751683,1.0419082887306945,1.0121101384317237,1.0032818039314595,1.0069343479677546
7.302105156037422,4.810232404466399,7.836638217888655,7.8541475209412255,10.097595070985188,0.0,0.0,0.0,0.0,0.0,0.21707663721002635,0.6856666833047849,1.1493966778857645,1.6062594970575452,1.4166386615014719,1.4998335872663215,1.053802262938904,1.0077392520603323,1.0020168201461885,1.0016282031656276
3.8684604795958166,0.6362051158741358,0.4731785700522327,0.5439844260655512,0.536482607567453,0.0,0.0,0.0,0.0,0.0,0.15757809452219615,0.5117986504213391,0.8467170123539632,1.550730952698386,1.2633305938483697,1.2559048891758908,1.0533735980200565,1.0219791088299481,1.0041571255828587,1.0076773093137201
10.320862273542762,5.290470642501635,2.320090872680141,1.3559249630967714,1.5598121954330693,0.0,0.0,0.0,0.0,0.0,0.16850874368720126,0.48491681123220265,0.9000250358102808,1.5556946201790856,1.2773900045198676,1.3397815321173001,1.0713879361899274,1.0233578654922528,1.0041872591897127,1.0078264196568356
7.665361276940972,2.898770107850057,1.569399223726102,2.0272335009503237,1.8611908995539312,0.0,0.0,0.0,0.0,0.0,0.15072100238226546,0.49912265064647143,0.921752832158306,1.2974862194172758,1.5982644778968143,1.3936855586652943,1.0655860695715589,1.0186886761808938,1.0057827677173838,1.0032802294638044
1.4712646082347989,0.6700630912690337,1.0822920426003844,1.1225752945906706,0.6725527049764002,0.0,0.0,0.0,0.0,0.0,0.21028372203031412,0.6053182244061777,1.1301211723032658,1.3239502468370852,1.6088781467166604,1.3350732583101,1.0526880910813972,1.0086548571634963,1.003589041851583,1.0028338857309542
1.6983707014948368,1.155340089794076,0.6126712570157696,0.7129770721556907,0.6228470401425558,0.0,0.0,0.0,0.0,0.0,0.17690627534951506,0.44977310643293816,0.7901536387985381,1.5572514751984685,1.27533015193837,1.3663182008978507,1.0549984589025063,1.0253916017920182,1.004236220867123,1.0068419764736534
0.0,0.0,0.0,0.0,0.0,0.0,0.0,0.0,0.0,0.0,0.0,0.0,0.0,0.0,0.0,0.0,0.0,0.0,0.0,0.0
33.89712754976784,19.61910686135376,4.492508856756827,2.844691834005981,2.7194374377987347,0.0,0.0,0.0,0.0,0.0,0.15083522368679406,0.26883584802082666,0.5312317822178289,1.4268770394982406,0.9160288249636495,1.1788566095941841,1.0813508047581086,1.0447227911904,1.0065524388025204,1.0241589376676714
4.628542060713637,1.631484069773728,0.8148010239247224,0.6434009122557601,0.736323086742577,0.0,0.0,0.0,0.0,0.0,0.1706648518119934,0.39207688820318065,0.7900371686438116,1.3000398242310078,1.590896675543604,1.2373940012020663,1.0783424642011,1.031945313649694,1.0065103681892178,1.0026496019456517
42.74502454127874,10.99692785930672,2.848079901059168,1.9958456846881003,1.8609909181519988,0.0,0.0,0.0,0.0,0.0,0.1762892835234773,0.4160376034502121,0.8248898366674604,1.5166315343489267,1.1896516189146662,1.1618356583273566,1.0539820204559638,1.021031511956422,1.003619819055312,1.0072846945924718
24.001265167526732,6.08572050879008,2.9766788849132526,2.2953213769375074,4.1802488105574245,0.0,0.0,0.0,0.0,0.0,0.17698065062827656,0.3829752675835634,0.9033449526739398,1.5924392389657434,1.3617467596474742,1.2028815912587187,1.1034026496966398,1.023484638997415,1.0032688873237285,1.002486860290486
34.08472902450369,11.290232729410619,9.524180762863379,8.60544990893656,13.649128396639307,0.0,0.0,0.0,0.0,0.0,0.18483642879407086,0.48309277380597304,0.8916792404276548,1.606959316321689,1.3545951118012713,1.281427122815143,1.0807727476937325,1.025882665178639,1.0018349340759274,1.0054520019170385
12.813938743954704,7.041593653435685,1.9895168780993404,1.1428415919804054,1.1752544059663204,0.0,0.0,0.0,0.0,0.0,0.15877401609114758,0.3037791071544899,0.7983989655559437,1.5653255357486902,1.2954781391553845,1.290883734061955,1.1289821718775332,1.0324778704904247,1.0044803234404753,1.006280392179362
12.021226196765726,8.56276298790037,2.3080038062664974,1.890945615526487,1.5028151056632804,0.0,0.0,0.0,0.0,0.0,0.1475396741708206,0.2714361260182223,0.596778544986597,0.983091734557222,1.4680342078006472,1.303755371041251,1.1016437798976164,1.0456741963794576,1.0208118185404573,1.0044547740612202
12.116657613721381,2.600810286280892,1.822198793274491,0.9539078699755379,0.8470440552529853,0.0,0.0,0.0,0.0,0.0,0.17134695071373046,0.3717022333124356,0.6914064785267726,1.5284301925636905,1.1113522938481015,1.1629749939831175,1.0667196302465594,1.0293656655282333,1.0042914986662836,1.0171390340548647
10.308539716031337,2.7178411719869393,0.9122118792858162,0.6196097765631162,0.4956014767878383,0.0,0.0,0.0,0.0,0.0,0.1693277631502917,0.38315117063418097,0.7673678387226559,1.563317879865578,1.2340750192274785,1.1714259875613073,1.0640495505047325,1.0282186117363676,1.0044719816916339,1.0104820367296026
9.562770995304009,2.556056037563741,1.6076809222525543,0.6303399134630405,0.8526166691870312,0.0,0.0,0.0,0.0,0.0,0.17250657140419465,0.36883141482615467,0.6665339444865156,1.5171006665095215,1.1004439039148404,1.181215807653981,1.0623191495563733,1.0327487348932542,1.005754129468249,1.0148418968341248
133.1713254675788,35.9983245027146,7.809383364276757,5.994810396380098,5.33662466826881,0.0,0.0,0.0,0.0,0.0,0.16634591037660817,0.36408797917094404,0.774826790785673,1.4885529600861762,1.1150226367690939,1.1669118541127175,1.074242398953914,1.026200715746075,1.004467867820363,1.0115133908627134
10.691454233325903,3.3491480112425362,1.05480029471209,0.7650598460994841,0.7046134368128592,0.0,0.0,0.0,0.0,0.0,0.17243990661837735,0.4213886496544065,0.7745493404353866,1.5034559931581115,1.1629182929773696,1.183504007591784,1.0574900100523077,1.028774970762418,1.0045731243308653,1.010325301416787
6.343305099196494,1.328698916195513,0.7517138504602083,0.3860535102232544,0.3612998863075731,0.0,0.0,0.0,0.0,0.0,0.1784821668757698,0.4111139945581868,0.7728984021906303,1.5296252767221725,1.1410461146310054,1.1641044287787288,1.0687680460389928,1.0182245752152643,1.0056844939023364,1.0120531173566034
65.74796580379396,38.14814568281028,12.07150820202417,7.1443774170675,8.787857307981195,0.0,0.0,0.0,0.0,0.0,0.14874106250589983,0.2644286848647767,0.5166397074781911,1.4233734762625077,0.9007389208554618,1.2298717483013106,1.0958956724313578,1.054917297427364,1.0069218669583553,1.0221184499838163
6.054313148714297,1.709853215468081,1.3053499127179522,1.624555800021254,0.9308574059291634,0.0,0.0,0.0,0.0,0.0,0.1948983372037168,0.6444170000639955,1.2315293099759024,1.4783646656469769,1.6309703602132173,1.3351545279669612,1.0578396030057704,1.0083994156585687,1.000961400935991,0.9998559157997677
6.983364530978678,2.305820496172972,0.5848105790816479,0.8451475418794792,0.7970676703878832,0.0,0.0,0.0,0.0,0.0,0.17811275502006985,0.45025795020729986,0.844455006165052,1.2612942272699346,1.5389903304069168,1.1779129643006403,1.054982403453843,1.0329652706634889,1.0042406475703778,1.002765606294956
7.731260349522609,1.7696014889148604,0.5011607550820336,0.2983066200701341,0.4331315963694339,0.0,0.0,0.0,0.0,0.0,0.17327078984944297,0.42453635707789333,0.8652184935673317,1.6182940382807771,1.3447610045842453,1.1787104260934076,1.061461917533496,1.0218643380051657,1.0031866783521532,1.001922411248224
74.58193251049244,20.06459835682962,4.570120792319159,4.145651053943273,3.469845889548913,0.0,0.0,0.0,0.0,0.0,0.17380803137839632,0.3834020967080906,0.7879417063149302,1.4747869346415647,1.1143796766303402,1.1678323622242222,1.06412659370099,1.0229562378457597,1.0034431419914818,1.0099198992563567
2.7528092311340684,0.749198853257032,0.37760164251185685,0.402220741355801,0.33949185301426976,0.0,0.0,0.0,0.0,0.0,0.17472537356035303,0.45497630134268624,0.9464697532825714,1.3371552094907777,1.5916193576537878,1.2356802180581892,1.0713046150845622,1.0194432451772173,1.0049414776213579,1.002419051636274
4.095374408076468,1.405559641318445,0.5717613998151345,0.6885964851245474,0.4801169323093311,0.0,0.0,0.0,0.0,0.0,0.18552284705185396,0.399493271402969,0.8102084298921554,1.2042764601904543,1.5445980678834148,1.1894753381622447,1.0703091635449071,1.0311781999461167,1.0075967448839762,1.0040887240028487
4.519519760447574,1.4981760368128563,0.5668885944981773,0.43771899386346014,0.42159354849679975,0.0,0.0,0.0,0.0,0.0,0.18314144472042543,0.5665609050322327,0.9131139099515609,1.5894452700061033,1.2941446096224845,1.234761394158283,1.0340133598112022,1.021510575516141,1.002600684021136,1.006745612240035
6.167784715132624,1.493131807334555,0.7625964153846903,0.5239455412934794,0.6133792482586113,0.0,0.0,0.0,0.0,0.0,0.1783881190590565,0.4862114648914299,0.8362982511620267,1.3244087525092376,1.6170182557375974,1.20276550541219,1.0642349943409448,1.0271317558422923,1.0092977110878285,1.003024969551112
48.990004782515754,9.72924501499939,9.670914073147113,7.966171856175751,8.856327690643337,0.0,0.0,0.0,0.0,0.0,0.16637736071388115,0.4165917862283602,0.8477446728660586,1.6089748102975074,1.32405669833082,1.227008631966741,1.101594395411866,1.0156704524702191,1.0032674900260201,1.007988931754263
30.496747059395535,8.278457784656045,5.035903614618038,2.7420309055729186,2.8567025201597565,0.0,0.0,0.0,0.0,0.0,0.1668818830293803,0.36019191664866346,0.5904316128984568,1.4079186103395827,1.0117709793713179,1.199272007716753,1.060823781142943,1.0387664932099008,1.0041438339499151,1.0208785112662142
36.72576736003119,10.499786908980235,2.68036577725794,1.7711912235761524,2.57336197567637,0.0,0.0,0.0,0.0,0.0,0.17205651267350816,0.38317750393927835,0.7776049032821679,1.1359336983030548,1.4741352114027824,1.1595246601945548,1.0545033554682528,1.024601238260009,1.0088565890442198,1.0031117514567784
1.328164616194648,0.6407794006326814,0.4447170387883144,0.5333018432807914,0.4177932807526366,0.0,0.0,0.0,0.0,0.0,0.183160674617169,0.48250664121501846,0.9239595270411947,1.3136805634311741,1.6200417713112603,1.3066312198631798,1.0826436142536482,1.022468306777051,1.0032695837803947,1.001406184707908
37.51080617860298,11.099326091904478,3.292071077939835,1.9310395410508936,2.5811109144213007,0.0,0.0,0.0,0.0,0.0,0.17605604666322075,0.41649584977976545,0.863366727624515,1.5805059665984258,1.3403533309477103,1.1831347521768294,1.058652735859192,1.0254796856008292,1.0030879735902287,1.0073779373464813
22.57886597965213,7.522319442451391,2.9130295161081547,2.7891310350611525,2.2426058730795333,0.0,0.0,0.0,0.0,0.0,0.171427027329894,0.3726892698117283,0.8444283086410808,1.5227987940407042,1.2945445223076997,1.2229907712749375,1.096554156101922,1.0255285930650608,1.0032608819383642,1.00507409466825
31.290522079165054,9.161110111841802,3.239023352741416,2.976280423583609,2.6142254136081076,0.0,0.0,0.0,0.0,0.0,0.1603453289011621,0.3285329888293833,0.6322100698965241,1.1077581641859628,1.502346643037768,1.190010959874451,1.0901529390347793,1.0502456159752436,1.01343126538514,1.003561130415341
21.99033834516905,6.768824120986357,2.6914590253875352,1.7358135397444534,1.270115493095004,0.0,0.0,0.0,0.0,0.0,0.167829035130549,0.3703948353643399,0.7032385283813165,1.1798907841448187,1.5285139879542582,1.1805978705341154,1.0607416344639011,1.0230054301915836,1.0105533156643398,1.0056424903026084
1.5916772134439197,1.247168369088445,0.7358896954031175,0.48155115940885695,0.40275610810147666,0.0,0.0,0.0,0.0,0.0,0.18995729202574868,0.4141208782630807,0.6733735695965095,1.5340269700090514,1.1839563312159027,1.3230232583788282,1.0528874419617853,1.0304730275699214,1.0051392274457494,1.0155627660312088
0.7766925287311861,0.4363343823740137,0.2463510645091019,0.39089514293479094,0.268899774768991,0.0,0.0,0.0,0.0,0.0,0.19455436930339556,0.5269825368717441,0.9377825413728041,1.3832416117824162,1.6189219864702904,1.3442115070224567,1.056358990570175,1.0234306225129397,1.0046012614452395,1.002785651474745
14.169725028952353,4.08687074609514,2.1843519532713165,1.3433806458357807,1.6137069844028045,0.0,0.0,0.0,0.0,0.0,0.15552166790692942,0.4575374468421391,0.8570573764072018,1.5532872520849919,1.2393459353143836,1.335306852119309,1.0776065430815955,1.0247855805539063,1.0044613568885974,1.0087575386858278
10.868944452733867,1.7874350493603548,0.8117350556654829,0.5021789644816335,0.6151411291838073,0.0,0.0,0.0,0.0,0.0,0.1419681962140633,0.3920151427782993,0.7405728357242871,1.593043252341117,1.3268544633044812,1.166942502235796,1.0718828098262074,1.0264244464124017,1.0028913806087931,1.0051856366374339
11.392059494820577,6.794180028001759,2.348252708976983,1.5056048540008533,1.2632124420923265,0.0,0.0,0.0,0.0,0.0,0.15166053924319883,0.4645124615830004,0.8133553940951158,1.2311928424797325,1.5632667615680087,1.373954140299649,1.0407189191834552,1.0271416470751353,1.0095800937329609,1.0041818877838515
14.104935495015269,2.1249338620359834,2.2846488499903606,2.580692316972678,2.613692057680602,0.0,0.0,0.0,0.0,0.0,0.15824365209359031,0.5537301691386513,0.9290312026957362,1.5671725379041437,1.2984857409803021,1.3091173645455774,1.0672923891618062,1.0195657149548067,1.0018774216007382,1.006103570951312
117.11121221326326,55.99305686632066,16.878962193016974,18.595963219515436,14.178074378522075,0.0,0.0,0.0,0.0,0.0,0.14797910145365625,0.3130122225868618,0.7607386860370721,1.5396372055203003,1.2659214842100492,1.2996945094007244,1.1116613414098635,1.037619552643495,1.0035136314651043,1.0081071677861106
8.633982648780595,5.054583784340387,2.8838076926943272,1.3350948873960928,1.5026525199384548,0.0,0.0,0.0,0.0,0.0,0.14183152875640398,0.3053611446238931,0.6385492569627578,1.5480969611758375,1.145531317432374,1.4224974229898841,1.1104037957264725,1.0452463283548,1.004806720283067,1.0159744444792476
13.077911058867798,2.2265298395024056,1.6228362280257733,1.109323409975905,1.098797194656096,0.0,0.0,0.0,0.0,0.0,0.15085719105261303,0.44578409374886485,0.8255302775833766,1.6057538814829158,1.290024931057966,1.2295750151794314,1.0737243039662687,1.0241662810204024,1.003624803234593,1.008266486933522
6.071477069594616,1.7824136159939017,1.1074488323043248,0.6326735756381515,0.7213070923161544,0.0,0.0,0.0,0.0,0.0,0.14053780897468354,0.4154505517126473,0.8616509272723916,1.2005969031506145,1.5442241451330012,1.3518214292840771,1.1030682234740015,1.0234729723105722,1.0109700107407027,1.005608608406809
6.937328931589394,3.4739810556676884,0.7498638079370308,0.7520241000755569,0.9007497277807065,0.0,0.0,0.0,0.0,0.0,0.15130030974512773,0.39461133707386514,0.8592412987770484,1.2340243481927982,1.5487069724797964,1.2729355213814968,1.0691702697565306,1.0265865266080165,1.0069489590480958,1.0022714059197944
5.139212643281512,1.2175094206457096,0.854410245160351,0.48114600819368214,0.4147235738412345,0.0,0.0,0.0,0.0,0.0,0.13910460957647128,0.461727221484264,0.8517734368333584,1.2497204862000684,1.5912411626848377,1.3621922560752922,1.0745309722019136,1.0219037051128443,1.0089836853380387,1.0032258072051896
31.72740837575799,12.980516762630012,8.164342758799085,4.964570848650537,5.828712137961831,0.0,0.0,0.0,0.0,0.0,0.16254113097099304,0.4040534173532625,0.7012129347274331,1.5131933617964244,1.0372333361955097,1.3282084343754788,1.0821680716414908,1.0293784582868049,1.0067780833843913,1.0179883312847025
4.184371890157832,2.0534680835627475,0.7613527427181347,0.48897281847222923,0.47627265316634854,0.0,0.0,0.0,0.0,0.0,0.14662945134459007,0.45534229024041545,0.799301066497074,1.2470339682458178,1.5756455828506808,1.4027819261053636,1.0536032794812717,1.0298490726547658,1.0084924861269653,1.001844509433321
3.829317210511455,0.8497350398432953,0.6129193836674373,0.3287742296284125,0.3352874805159124,0.0,0.0,0.0,0.0,0.0,0.14268656295294885,0.4683410681747656,0.8806951659428879,1.2794340605349384,1.5403507537152306,1.2951765385426877,1.0711256016940611,1.0195370437682658,1.0086845359728804,1.0047683069322093
35.83867166089023,9.275486701461904,6.814655015804606,4.175545799355189,4.711377086387002,0.0,0.0,0.0,0.0,0.0,0.14872326537864808,0.44871377720365885,0.8419343920058252,1.2625608036900395,1.5495760597321504,1.3370162930022702,1.0764959793192816,1.0258289252808008,1.0079340746361927,1.0031495395987295
3.6412696273924063,1.479815428013227,1.0139943911446083,1.2708508791041375,1.8376922045842623,0.0,0.0,0.0,0.0,0.0,0.22439942901687712,0.7384156389596833,1.0490985744826835,1.6356742525992458,1.3909171755522702,1.306688998945408,1.027449215283584,1.0116063237426085,1.001727610587005,1.0033831433401714
4.695080235873386,1.9708446250577574,0.7429238909792761,0.6283182566547177,0.6899782915556164,0.0,0.0,0.0,0.0,0.0,0.14541602117838884,0.4459984519407958,0.7791733901073251,1.2310850361153403,1.5278573798551482,1.3701485418680546,1.0508370821649207,1.0243754643930842,1.008680936888112,0.997413799486862
2.7026627009460187,0.9306110856089569,0.5116884439523675,0.444032373736431,0.3533094767713273,0.0,0.0,0.0,0.0,0.0,0.16709889266343786,0.4288745744847184,0.7436602766219029,1.2009835135473588,1.5792804675096872,1.281919792834194,1.071826060600889,1.034193046202761,1.0106239920248135,1.002919680106313
24.157840147971353,11.05165642875545,5.133192390701542,2.6863960622399476,3.289375045386025,0.0,0.0,0.0,0.0,0.0,0.15648587460599855,0.4389324308995987,0.7930030093616742,1.579777219584576,1.2436922123575505,1.3499237497945826,1.0672208109693657,1.0324173914793977,1.0039885019915635,1.0107530191142293
3.6476893788795004,1.4080756895077648,0.6496484640169665,0.4832820457736403,0.2608225537539758,0.0,0.0,0.0,0.0,0.0,0.1443174868332378,0.3259673747180923,0.799383237751722,1.3281440583570565,1.6615523212793313,1.3337827575958516,1.1322446456089283,1.0255651999564226,1.0082416671461796,1.0032233973258722
3.1465412482069675,1.0718669908486549,0.7506916399229353,0.786599187333229,0.48069636291675544,0.0,0.0,0.0,0.0,0.0,0.1584572630236977,0.5227430317183243,1.141714487782949,1.3606075720605693,1.617723908587249,1.465982378515869,1.0866151016197763,1.0080792534584764,1.0046082432088221,1.0026044940445316
3.1444657719850975,1.506308218159567,0.5761792124636764,0.4573104018508259,0.3828548291905518,0.0,0.0,0.0,0.0,0.0,0.16101694747730702,0.5228157934489093,0.8702230328077153,1.2438475372538338,1.59293685980066,1.4307408187187154,1.046656217929036,1.0237268387554712,1.0070279082822369,1.0041805341767451
7.178721301834264,2.236311548888352,1.0873302667968816,0.6385287961076436,0.7471350897453093,0.0,0.0,0.0,0.0,0.0,0.13864061999845442,0.32179419005344867,0.6758960176572902,1.206776807020032,1.5845218807319343,1.2824338549306258,1.1069576396540333,1.038132104110256,1.0097177246443836,1.0026510961476403
16.296692360662156,8.217291817866068,9.455535449670027,6.941998008930952,9.847005521861059,0.0,0.0,0.0,0.0,0.0,0.16134443616299338,0.48112863367203734,0.9160634846587944,1.57695426836138,1.3767255133238319,1.5511102134886072,1.098509828461601,1.0179545751442616,1.0026674780898346,1.00230106240804
15.549193367694903,5.188437496094869,3.1688164656285087,2.005983070418728,2.009180452452413,0.0,0.0,0.0,0.0,0.0,0.13935654592947902,0.3941646406726583,0.740793391488418,1.1602714892643229,1.5461085837430346,1.4244139780398504,1.1035116920318144,1.0373691463653603,1.0106164554199326,1.005467204782341
9.909899312188134,5.486711216194551,2.8145236907972437,1.9339241587679523,2.0245445493630236,0.0,0.0,0.0,0.0,0.0,0.145852801457182,0.3883366557077159,0.7614104813063797,1.2046238673450422,1.5606371813116677,1.4510823621505815,1.0898613790961262,1.031307396389673,1.0121486444800718,1.004635816289594
1.051548922899131,0.598063792640197,0.42466217039678433,0.7465567554485091,0.37899458203659886,0.0,0.0,0.0,0.0,0.0,0.17292271295369255,0.5674647469441823,0.9901575315084545,1.3718705725201332,1.665012149208901,1.4464763967911423,1.048665577429029,1.0197519784147167,1.0029528109207657,1.0014954193381922
13.03642102305676,6.800848386883644,3.040470928381514,2.132716584304023,2.1068702250873486,0.0,0.0,0.0,0.0,0.0,0.1541307845385881,0.3726155534190076,0.7744164724584357,1.295594238522899,1.5717170666998852,1.3693795126712436,1.0864690107725496,1.033283085295563,1.0036717430130622,1.0034985127992428
15.021352391801198,4.4473341490833915,2.7753483077583967,2.3849338699709994,2.599040806026726,0.0,0.0,0.0,0.0,0.0,0.16897900523872186,0.5004392750364944,0.8845139680724081,1.2984306624755657,1.5381743396138428,1.3202631743965778,1.05806904442206,1.0223637380280062,1.0070259740856473,1.0017547361254984
12.102767740805454,4.593408968272621,2.041688805198814,1.6700226058831802,1.6799731111675698,0.0,0.0,0.0,0.0,0.0,0.16011296198035213,0.49660011249504504,0.881959298406929,1.2334500419517218,1.5391123236958746,1.3706821659411887,1.059046634088101,1.0155920819295785,1.0063845162701892,1.0039086220733713
13.256369420335497,3.2648032887214447,1.7040357486501037,1.6747052726881138,1.4834917968106334,0.0,0.0,0.0,0.0,0.0,0.14966118638588333,0.418355091349526,0.8057767508180037,1.165608930092067,1.506496157366641,1.2621493584907053,1.083625614329039,1.0244851219909423,1.0066500148566164,1.005036906990807
2.173786347154349,1.2051291439988705,0.39102449887750035,0.5994850717064912,0.23203394842301428,0.0,0.0,0.0,0.0,0.0,0.22498861849231208,0.5153366188778932,0.9142602862873375,1.361803371069585,1.6482549642226119,1.2395288822543453,1.0521148286935291,1.026671494551105,1.0057675040014769,1.002479307191338
0.8960205242077812,0.726663142655915,0.2446507606406767,0.29916562887858644,0.24869242247269208,0.0,0.0,0.0,0.0,0.0,0.18852194665633687,0.5179927201061724,0.9762986864133788,1.4206161125368375,1.6836722292273711,1.379626906390347,1.051243062210653,1.0228125341328407,1.0058913577720245,1.001396192253955
12.823743976221811,4.376892371807974,2.1385120339341412,1.9208297313591665,2.2098795072776207,0.0,0.0,0.0,0.0,0.0,0.15357228295237704,0.42411496950738753,0.7732591507690991,1.1871564010763311,1.5111415505460917,1.3129409854449725,1.0711306800155402,1.0318893173927786,1.0103422923712024,1.0047158750149123
18.43701065053207,1.6664576751728415,0.986371973679038,0.9941698866253728,0.9362002505921975,0.0,0.0,0.0,0.0,0.0,0.14930939845218455,0.4508838120896758,0.8579921088847218,1.6145833907003393,1.3101301734828372,1.140202390292797,1.0804341835166176,1.0299047865187685,1.0010596326424905,1.0061464049764512
10.051331979975208,6.263059500433637,1.9238796789937986,2.0056422544268395,1.668507868016426,0.0,0.0,0.0,0.0,0.0,0.16402069641416828,0.45775603967002193,0.8844290455673129,1.521736461346303,1.2317503502173683,1.338582101905826,1.0392898618673791,1.018900860746815,1.0045615283964946,1.00706379256184
7.341491079173592,2.22882908830994,2.106296820343167,1.2760953687340655,2.066078760737169,0.0,0.0,0.0,0.0,0.0,0.16076516750940303,0.5306865242979947,1.1453938903711363,1.630513765990246,1.4232378744694025,1.4830745294462648,1.0917770686607182,1.011575296800038,1.0011988287961717,1.0040966965543234
19.856442274228975,10.94791277725805,7.504051114925505,9.06788139735458,11.525355039726763,0.0,0.0,0.0,0.0,0.0,0.2040831353775481,0.7661272263857744,1.1905308190045896,1.605057240459466,1.3906596856802054,1.4723427125612643,1.03009388701128,1.0022440844261384,1.0002725227819382,1.0009044873738728
7.7111473742091,2.6044794649896046,1.3194456516071713,1.5483778649348703,0.9050821210312847,0.0,0.0,0.0,0.0,0.0,0.16151652998547228,0.48643415974812004,0.9375501898157194,1.4134719884164995,1.618309921666823,1.387054553072092,1.0732383939738919,1.0241327689379816,1.0031243674189367,1.0017721469385024
7.436368721459653,2.092511409979108,1.3118627222540007,0.9462045132212686,1.4234148454409126,0.0,0.0,0.0,0.0,0.0,0.15532826679846634,0.4740464704685314,0.8695833183023438,1.2222798403220647,1.5083263195864818,1.3586533444073698,1.0669285698569595,1.0184042393321306,1.0065620393309407,1.0021570782893718
2.9858797033574627,1.681036255231999,0.8639731180260484,0.9332051275082522,0.7803346376197886,0.0,0.0,0.0,0.0,0.0,0.1631106901519065,0.46705718213172226,0.8994330638412831,1.2863681076503373,1.5899455510282725,1.431538825256554,1.0637435566171634,1.0244561100824714,1.0055291294755622,1.003752169223862
3.788506139860286,1.0218716170719948,0.6069924181914255,0.6841302203426378,0.6483422569039684,0.0,0.0,0.0,0.0,0.0,0.16634631641480263,0.5191143072313009,0.9777972913787771,1.3347945608607348,1.6084235562494273,1.300270617624427,1.0671517608677323,1.01598886299875,1.0059847849554393,1.003521445300784
2.67009150872228,1.2991024659848418,0.674114252475338,0.6994596320180533,0.6631758319075837,0.0,0.0,0.0,0.0,0.0,0.1540016440499491,0.43827608078059854,0.804209315593703,1.1889965572174268,1.5250886264380825,1.4290630150876087,1.0648260640779492,1.030821153619284,1.006916696929567,1.0033196764912
33.65594412848824,17.395403525312172,6.765598561235109,5.9331659713604195,4.571612259393065,0.0,0.0,0.0,0.0,0.0,0.15390260625019486,0.3892879970103014,0.7608717873878682,1.5006187013733836,1.1550732657997804,1.3448693815149673,1.0747066689349918,1.0337668469876395,1.0046272790970232,1.011088325910534
2.8783579083688062,2.0437183049935395,0.6411712795586435,0.7060431754635852,0.8021973421765758,0.0,0.0,0.0,0.0,0.0,0.16807361265306575,0.4495962737265795,0.7806821140441537,1.2068320632275997,1.500129513888862,1.3880126086726574,1.0431266409322582,1.0351679238784843,1.009102851791825,1.002878030674263
2.5250860104611403,0.6767642616912312,0.4187722537376263,0.4439838617230942,0.4660265468175583,0.0,0.0,0.0,0.0,0.0,0.1502863914674959,0.4386622136516447,0.8162630694871603,1.1813932629106854,1.5430332288411666,1.3442085938074595,1.079130279966087,1.0280764018635242,1.0105248077895692,1.0053470774072681
24.372778205321517,6.660129149682686,4.694054671422893,4.832483987362233,5.344979335279905,0.0,0.0,0.0,0.0,0.0,0.1558943894410259,0.46207370373256507,0.7883303579061341,1.2031367978723562,1.5078066185782113,1.3732582384438003,1.0711294899943906,1.0274785630349992,1.0081296553505392,1.0036815191602355
3.048272993410291,1.1823108720465625,1.0743363183425234,1.2044886919444935,1.0325317815752946,0.0,0.0,0.0,0.0,0.0,0.18943704501971173,0.7153405953096897,1.1127499548737512,1.4318227928659937,1.6168070863378716,1.40599899207128,1.0356652180481054,1.0079515270654098,1.0036475472152355,1.0019989421133466
2.3036936629002986,1.2914845143526272,0.6784223265757345,0.8581189683887548,0.9074841705352771,0.0,0.0,0.0,0.0,0.0,0.17199215411377589,0.4539117251224579,0.8559304597107269,1.2672241208394417,1.5556273224190402,1.3737095342887826,1.0574514592474908,1.0263305287009015,1.0068731795557224,1.0042502363718933
2.0917967621281055,0.9525387084083707,0.5310744134027022,0.34822206271334233,0.3586985787422571,0.0,0.0,0.0,0.0,0.0,0.16191137548552378,0.43139928929651494,0.834609019247622,1.2486811944940808,1.5817853501480754,1.3269071622718283,1.0787876887330778,1.0255964547739311,1.0088830364605663,1.0040049087736915
17.038598220616507,10.179775402324768,4.5114726437681325,2.9926325666532074,3.8007868478550577,0.0,0.0,0.0,0.0,0.0,0.16914629747405388,0.3935589615572927,0.7584778234352036,1.1714170955524525,1.5035308329771722,1.3365148591638953,1.077626060424652,1.0328366758789576,1.0100288263403328,1.004316226318241
1.8041755606749306,0.5790651476004726,0.35856268207040765,0.4004112321200622,0.33723720156357484,0.0,0.0,0.0,0.0,0.0,0.18220219272914748,0.47174032613316846,0.8184851229887545,1.2586884617031546,1.6241436054405032,1.2858895022280292,1.06873907662649,1.0249082511329703,1.007003571060484,1.0035647085197625
1.668080170828943,0.7050275368506546,0.7479556971534727,0.908054859793487,0.7183398785659214,0.0,0.0,0.0,0.0,0.0,0.23412388730353564,0.8251521994848956,1.1680641276579529,1.3947628210289535,1.6092710702720756,1.380274592699046,1.0288717798137736,1.0057650021454476,1.0000767538635684,1.0021188931385174
2.762948076707791,1.2042265307361648,0.6518226716622205,0.5000520706131933,0.4338357116257436,0.0,0.0,0.0,0.0,0.0,0.17087012816709382,0.4839486962890158,0.844476035789975,1.2972663830711946,1.6095529297392885,1.331523305353494,1.0659803094228248,1.0258702051254134,1.007540143607002,1.0024914937386067
2.2571685372737855,1.2455403811083554,0.6038597068800643,0.5243250613204706,0.5622387137152749,0.0,0.0,0.0,0.0,0.0,0.1429412142709464,0.36353870166976976,0.7593290622729751,1.2338118361777102,1.5867746545106745,1.5384548464813974,1.1173643968618407,1.037742279450397,1.0116406247137848,1.0024656001367271
10.261519974182656,8.062271862936555,9.11580508576625,8.54748287313051,11.665947312400506,0.0,0.0,0.0,0.0,0.0,0.19286564460478572,0.6050130258888119,1.0181513931781232,1.598877282349577,1.3735547174618288,1.5150380920115094,1.0534806654955033,1.0168887909578892,1.0027108454332,1.0040106529686548
12.375984372486505,4.53254000878367,2.7422020176082,2.728125949138193,2.7243719635894434,0.0,0.0,0.0,0.0,0.0,0.15218723285730246,0.4317521394088485,0.8125192593217158,1.5382781316186775,1.2217509774168458,1.330547831032192,1.060807029516372,1.0265219214125674,1.0027952733266747,1.006821438113856
6.049727494191505,4.998225247539209,2.6403903011934484,1.424624929076164,1.6711546692103574,0.0,0.0,0.0,0.0,0.0,0.17342361185739483,0.40816585514007464,0.9103217675763045,1.6157331233805095,1.3620684156301954,1.4607083570258574,1.0977244194204563,1.0215631858744159,1.0019841400398557,1.007611831210671
0.8277566539016675,0.43759669249281963,0.4669856365209347,0.3918030074017308,0.3899422117257587,0.0,0.0,0.0,0.0,0.0,0.17519088537988273,0.6258731595827086,1.2071578968541092,1.6499953079610277,1.455160963050787,1.6414743698676264,1.0802523146400484,1.0093867138299997,1.0006464078682253,0.9980138593210284
10.064092886894713,3.8053211459370546,2.0059328104576024,2.2936545118757308,1.80941259185851,0.0,0.0,0.0,0.0,0.0,0.17385792007155787,0.4317246422440306,0.7918638122652942,1.2241285623699278,1.5552461442463534,1.2715113779641312,1.0749548121368093,1.027755123786903,1.006916112852127,1.0039568079665586
9.774708118563453,3.212263303375719,1.8167173997634187,2.5034485429028477,1.8980287747873823,0.0,0.0,0.0,0.0,0.0,0.16135180112947767,0.48616965414536556,0.8243862369195675,1.2509312522801994,1.595502131731127,1.3737821902506373,1.0587244699777185,1.0303781598351172,1.007408069348418,1.0042543362611038
10.610378868494077,3.1423047647399667,1.6619594707851575,1.968009955989413,2.2613643242824346,0.0,0.0,0.0,0.0,0.0,0.15227873966512792,0.41696062191074157,0.7779519305548711,1.2217401379316708,1.5475173835300922,1.3251628842497407,1.0758197725367649,1.0351872293581545,1.0094512431320783,1.0044835926819802
6.748760333898765,3.007203411860975,1.8626508676947526,1.1407539290582196,1.0339527183286772,0.0,0.0,0.0,0.0,0.0,0.16377552021624944,0.5617918371979523,1.1124209446662108,1.4109979087875442,1.6644677833348405,1.4223753927869542,1.0528694454230505,1.0089921557987356,1.0035140442323784,1.0012598805977284
2.0533345629496664,1.160742575160037,0.5639372318763101,0.41206119452845835,0.3385149750034905,0.0,0.0,0.0,0.0,0.0,0.1855203353282059,0.44061574738397685,0.8067137460904443,1.3602165054650506,1.6062673129392149,1.2897521825592,1.0625530486858221,1.0323133672646343,1.0044786209884744,1.003045649133237
0.7502365688587374,0.5120918045270859,0.21805650696820625,0.33579657963791665,0.18251568286435985,0.0,0.0,0.0,0.0,0.0,0.2082692582443485,0.5384353967016224,0.9447620799330887,1.3452757770653876,1.6341246481867797,1.284226420187541,1.04804628836887,1.0201819300900934,1.0041389212834024,1.001229887386425
0.0,0.0,0.0,0.0,0.0,0.0,0.0,0.0,0.0,0.0,0.0,0.0,0.0,0.0,0.0,0.0,0.0,0.0,0.0,0.0
6.831095599316418,2.5528024921032326,1.4056656138380768,0.8996208422147685,0.8903655338086425,0.0,0.0,0.0,0.0,0.0,0.15187477316582745,0.5331111426629699,0.9339060315539006,1.5769722435621676,1.3558972217147165,1.4970498575682,1.0607975217758667,1.0195039376800767,1.0034319325398984,1.0037769784630228
9.800871566728361,3.9541795362746783,3.1018199065288354,1.5115834568028759,2.350669333635705,0.0,0.0,0.0,0.0,0.0,0.1739326667217887,0.44894908235368386,0.6869854442650882,1.4596031988707818,0.9965852456384645,1.3261643371857708,1.0527209958302892,1.0257121694596523,1.0061533457642282,1.015529961342662
5.739980035206978,2.50476897072191,2.093898691580981,1.0235729545388375,1.2775761963578511,0.0,0.0,0.0,0.0,0.0,0.1427445715644632,0.38230702955431406,0.6345779641426258,1.457398924197845,0.9865675539770754,1.4446152975500006,1.0838413178114945,1.0307310617391219,1.003689801326755,1.0187425325038904
11.390638040202433,3.683713862675887,2.6166362970457633,1.23905812683571,1.867884051698392,0.0,0.0,0.0,0.0,0.0,0.1834164915677266,0.46281457060606923,0.6752985585762555,1.4442643251225282,1.0192197948794102,1.231964996893205,1.0448585402824528,1.0264406052804376,1.0061905634041546,1.0147090678879636
11.620409803219511,3.483668583784224,2.1611082753419817,1.2454038304815733,1.7122008806112574,0.0,0.0,0.0,0.0,0.0,0.1837200962319057,0.4669710711270131,0.7691565403868347,1.4476662934654279,1.032213734685098,1.2589449087659086,1.0529507325349554,1.0229422882525137,1.006368932252406,1.013218003975541
16.567202863865294,4.94656984705223,1.1482131800738125,1.044897141339569,0.8785996585304992,0.0,0.0,0.0,0.0,0.0,0.1517790855943514,0.35715666720073197,0.802491937656918,1.4997429813217562,1.1628785736060367,1.2130656464980414,1.061551695194787,1.0289384146437235,1.0043243494679361,1.0113024656290213
3.904439594469752,2.0349670749098565,1.4678817935152388,0.7711495414033791,1.0135030298223768,0.0,0.0,0.0,0.0,0.0,0.14666075302816553,0.40736248868873104,0.6724605223814148,1.4579446912850325,1.019990997311094,1.474025308946943,1.07106092480652,1.033584827380656,1.0053787282349276,1.0167067651230726
7.299959166347311,3.282311135569499,1.8368398638423074,1.0273502121499873,1.488163928213028,0.0,0.0,0.0,0.0,0.0,0.19391942320555275,0.4954632866952881,0.7690482329299465,1.4605277547741509,1.038122930679731,1.2491985699098216,1.040724140080192,1.0204659049839473,1.0058782837694167,1.0130463748312344
3.1470638583821082,1.441695337576988,1.7429941868210581,0.7353345127048623,0.7106784909685298,0.0,0.0,0.0,0.0,0.0,0.1365204879814936,0.3248246719510483,0.6342496919784152,1.0334908220647254,1.436320671126257,1.5469973044592686,1.1403007196154975,1.0313309036510883,1.0189212084204435,1.005665049447271
4.613539142315591,2.4398418389720358,1.50017669655346,0.7252562861349076,0.6384724617128817,0.0,0.0,0.0,0.0,0.0,0.20028864729479745,0.5354424186192851,0.9188369346515654,1.3201992639347249,1.5819734554698117,1.2787673792919323,1.0453569518550998,1.0189460767378142,1.0073037146756294,1.0037403002537302
41.31651222753801,25.161132157772265,13.81743692941888,8.080290912325799,7.270047307828856,0.0,0.0,0.0,0.0,0.0,0.1958138101329499,0.5353370281066815,0.89605303875233,1.5395656497720782,1.2848805139640957,1.3021526366596736,1.0437312029964125,1.0191720798960524,1.0024978643584022,1.0080806126334296
5.5286680420665295,1.857913097423388,1.0091253070432493,0.8403245224156807,0.5162113517509276,0.0,0.0,0.0,0.0,0.0,0.20299837158817868,0.48203794887409374,0.7814389976203672,1.0254404687899656,1.4925040228975859,1.1937132655874552,1.0403303836730713,1.0191947511314776,1.0119285658135906,1.0067198169786453
0.993285340791371,0.5726324317416719,0.4913881585822287,0.3509449278611262,0.3672170180198512,0.0,0.0,0.0,0.0,0.0,0.12349745380553975,0.39057295903497213,0.7419933890640058,1.24787208463934,1.5670059105964727,1.9821585876736814,1.1177560464346699,1.0359520448740234,1.0108540590467248,1.0049373113151436
2.695232772256071,1.288219153866234,0.5967650535940194,0.2940743492919052,0.2552696444199799,0.0,0.0,0.0,0.0,0.0,0.15321171421656185,0.5214036504495786,0.8932208798733051,1.3575598851984938,1.5852806390769518,1.419567044924402,1.0387584378782058,1.020519309577392,1.0035461273627493,1.0039324564840673
1.0248772200779996,0.9914099935190585,0.9153549696789304,0.4536865459670337,0.2834222347762613,0.0,0.0,0.0,0.0,0.0,0.2423728893428318,0.5510679708431676,0.8502119521287923,1.2253575555181482,1.52732799670804,1.2725430214831506,1.0451799714354937,1.019783778962876,1.008561392496284,1.0039455268572117
15.162132469840582,6.480360126430435,2.405519226644735,0.5217969344866139,0.7488104474048753,0.0,0.0,0.0,0.0,0.0,0.15026696045472984,0.27330872098839726,0.4702059332538111,1.5101157849475442,0.9554551208653692,1.1366086555323334,1.0715883703851519,1.0591458079265892,1.0058071987888493,1.027454695984205
4.543573617877921,1.2332775340744075,0.6545902502347973,0.3162196009063238,0.2019760572507998,0.0,0.0,0.0,0.0,0.0,0.18576414172280883,0.4800521250854511,0.8966938602400116,1.3902464012006104,1.6651879292894094,1.2126447704663637,1.0609248627497263,1.0224055808749655,1.0067130536081248,1.0033436092015464
0.8320805872065199,0.29338051388628106,0.19549631955092142,0.20390577174398414,0.14148783091166103,0.0,0.0,0.0,0.0,0.0,0.18342065093286328,0.524275555949209,1.016315571165252,1.419640708134672,1.6759439469458943,1.3177237894287117,1.0706651542595562,1.0186957468760802,1.0050094530363327,1.0025462184001899
1.5276199538979192,0.7002903381905091,0.42857869541875554,0.3669691951871571,0.24526299499849377,0.0,0.0,0.0,0.0,0.0,0.1996149177812153,0.5421995574571126,0.9683796280784964,1.3845364340837332,1.657679244380027,1.268627534910499,1.0470004153655796,1.0170907079253415,1.0042315614360562,1.001866589056218
1.7509782762331585,0.5623755519603837,0.4665202285817632,0.2824981336201865,0.26658082637029706,0.0,0.0,0.0,0.0,0.0,0.18716136316297918,0.5301161680292001,0.9980214000177088,1.3790081904696918,1.6344434161778412,1.290599150205951,1.0719738623243846,1.0170130033552864,1.005793668515891,1.0022121384612939
1.6653841778509135,0.8556419391771606,0.3926787952903045,0.23642627941629596,0.1860459552255516,0.0,0.0,0.0,0.0,0.0,0.1751587514109734,0.5635040407947572,0.97710405963443,1.418175621474868,1.6832641456023583,1.3806463075263078,1.0522436895884326,1.0180305060675294,1.0074350933724951,1.0024054471549315
1.1478580521698087,0.45995361669743956,0.41186781042927534,0.24508258925858195,0.1771856118056227,0.0,0.0,0.0,0.0,0.0,0.18433260762925038,0.47691320817651983,0.7550472335359996,1.0566141688293584,1.5214327008658346,1.287420172121543,1.0465658690322377,1.0207310002892185,1.0145660620290895,1.0045984786993973
4.915574038307024,3.398388426020793,2.3742771010161414,1.534932564569091,0.9312566905754125,0.0,0.0,0.0,0.0,0.0,0.14830798949225685,0.43409006849257054,0.7053381474108646,1.0655216482470435,1.5273505695778218,1.4949891322606765,1.0464205700322098,1.026845131204703,1.0144916401424435,1.006142190891783
1.8135149933203578,0.5296840346970578,0.8042120182269802,0.5595417404772036,0.510198160752641,0.0,0.0,0.0,0.0,0.0,0.17094936165770383,0.519843317105544,0.9891310490776936,1.398099806295395,1.6288488338914835,1.4418971625701524,1.09270968006602,1.017815324148817,1.005191476352757,1.0023337301065347
7.416584077145773,3.351594674025626,2.3233918493614865,1.3761429134575194,0.60497584373605,0.0,0.0,0.0,0.0,0.0,0.18946079831540225,0.5176689308640687,0.8958207915369671,1.3697904322783965,1.6311130147837327,1.3112736683383464,1.0577046162093957,1.0213786200603197,1.0038989613583071,1.0042456303328378
15.92682710908196,4.298848746889432,1.348966901099595,0.8101298862013191,0.5143172095564775,0.0,0.0,0.0,0.0,0.0,0.18672145012640406,0.4275627011110385,0.8972434996378805,1.3911177539553992,1.6660531266693093,1.1728689464960298,1.072973611874214,1.027577654599024,1.0042578786760634,1.0025828366643559
21.660518524785154,12.116754737330677,4.004060406273683,0.4423567779224259,0.6168132562380997,0.0,0.0,0.0,0.0,0.0,0.15565828251928773,0.25353095362002503,0.42347939928720674,1.4389023298354162,0.8739677009933109,1.0895509944966404,1.0448595428951966,1.0440109117146488,1.0075619917243572,1.0363722469765646
6.672453806590921,2.941814855923222,0.8594138497829992,0.1648424817056538,0.15744892782261785,0.0,0.0,0.0,0.0,0.0,0.15289142463590963,0.25671784481476656,0.4075855138263246,1.6178815258750183,1.0129936425242905,1.1051376417796657,1.0510176496723422,1.058812743589708,1.0047126051952682,1.0313999141583694
1.4419719655367382,0.5165102548215883,0.15709415048471534,0.12415648623694368,0.14324170551489585,0.0,0.0,0.0,0.0,0.0,0.17663008354023413,0.4056622870051268,0.8344427566024527,1.2334635316384457,1.6440176323435696,1.206592795311227,1.0622381777434442,1.0293439483864546,1.0124419392613138,1.0033264037043215
0.9005733461812252,0.35959206283108097,0.21074490297685453,0.11442869406035124,0.10448451016927555,0.0,0.0,0.0,0.0,0.0,0.17866780541049332,0.47417495577128105,0.9179039970176699,1.3885877187479858,1.6873121022156772,1.2778154030754287,1.0617095199696611,1.0172147611476718,1.004992179512275,1.0018266806954599
8.391705255730768,2.949901946426724,2.0732945056627186,1.5787634406698494,0.9762922246071264,0.0,0.0,0.0,0.0,0.0,0.20519075744116597,0.5694140884641345,0.9739687646666307,1.4053680872553203,1.6763653880630673,1.2230378621960187,1.0382018516108906,1.0188219624710728,1.0058796523630067,1.002034699247507
0.6673033595269093,0.3564105395963274,0.18106032862647298,0.13444899866021962,0.15391578622876395,0.0,0.0,0.0,0.0,0.0,0.17676409436457285,0.4860124598057367,0.9555241725908494,1.3595463284730926,1.6452822325333696,1.2981689933716698,1.0531914410459204,1.016807263705759,1.0034114378021812,1.002480079873548
8.088129808368958,2.063472935035778,1.5539462633024115,0.7644040953296308,1.236494500297482,0.0,0.0,0.0,0.0,0.0,0.18037179095491787,0.5597235914819573,0.9208488632299264,1.5987084501838515,1.291719219220322,1.3049825051551507,1.0572864274987008,1.0201966942036043,1.003449522647191,1.0089250299264843
8.967603487484102,5.747671303607786,2.9721728616922767,1.0113194438534152,1.321952720078149,0.0,0.0,0.0,0.0,0.0,0.2002783329308783,0.5121099649308988,0.909545885093305,1.609553081927872,1.3267863374619326,1.2995262571634623,1.0576857777239763,1.0209271900441699,1.003128398212517,1.007498998672915
5.667687311140324,2.6101142559012938,1.4243059640549487,0.8962427877720675,0.6688262293156378,0.0,0.0,0.0,0.0,0.0,0.1812935026331538,0.5002203995665981,0.8756890462863723,1.1644600188994143,1.5239211852960899,1.3094608494228435,1.05629156989688,1.0171816013403052,1.0110140381406,1.0053451400807536
8.304081926457513,4.248740671813186,2.288267566401268,1.1965494472735412,1.253905694341909,0.0,0.0,0.0,0.0,0.0,0.18387912536400014,0.5018541288555799,0.8279038583388637,1.5021411626456018,1.115407486534233,1.2772537295525022,1.0479748172166,1.0179438317920528,1.006388478583036,1.013029669313349
9.46210117501932,5.60540033999897,3.427468728890472,0.8313368246686806,1.1348949242807502,0.0,0.0,0.0,0.0,0.0,0.2161025501002795,0.5052489939955951,0.906951488583668,1.5986749088793566,1.3415163378777046,1.2407124419522022,1.053673162711769,1.017185095793555,1.0036824122862202,1.0078769287615459
16.289709959018758,3.8094769737522896,1.4779387444390744,0.6877606359103505,0.805814900182671,0.0,0.0,0.0,0.0,0.0,0.12035439634374973,0.3706933266249444,0.8187985561359192,1.5286460788592884,1.1590643036664554,1.398259649935499,1.121359148256977,1.0248276456734453,1.006616312231065,1.013324345471236
3.0779338747953426,3.2688306719549955,1.749338462618765,0.6713906042469995,1.6701499377951499,0.0,0.0,0.0,0.0,0.0,0.14756208691490022,0.3269078328469401,0.603034178003803,1.494721997470059,0.970473523624164,1.5644248251906945,1.0951663312409448,1.0431036926093307,1.008371179657694,1.017560369894573
7.049129816471513,3.965262991416062,2.4788810913695465,0.6077933902391357,0.8729826649156245,0.0,0.0,0.0,0.0,0.0,0.21455519014318516,0.5282026473951871,0.9053226515661896,1.6006125679986758,1.357686571469959,1.2446168221416172,1.0502220144269492,1.018387572916269,1.0036641070988064,1.0078338640668003
4.92845083627292,1.5962400843360414,0.9133732934244012,0.5591892085997168,0.573710488657021,0.0,0.0,0.0,0.0,0.0,0.17914949033890987,0.5297463183038389,0.90226647140411,1.2455678733503521,1.5746416961223415,1.2906990187224712,1.0576821252522257,1.0198720226889901,1.009351046786838,1.003571303301802
4.6644584439351355,3.1402848242660673,1.6538625176554498,0.7306656588006242,0.6038550695711202,0.0,0.0,0.0,0.0,0.0,0.21851363624689393,0.5258407921960268,0.9161465552929864,1.3876416618987872,1.626160764892522,1.2445216319651744,1.0440762688827727,1.0174716017613226,1.0048384692287617,1.0027524443841294
39.220069380912385,22.810847414030583,12.919090772101939,13.26951297215254,12.076472266813415,0.0,0.0,0.0,0.0,0.0,0.1984265131803007,0.5248760728348907,0.8556438471183961,1.2149429872019215,1.546398257029702,1.2960190240033596,1.0459175401923828,1.0214748614979876,1.0090292218649852,1.0046652110083851
4.495574794744309,2.8313425815433257,1.7842446797104732,0.6066810638029411,0.34318175319506017,0.0,0.0,0.0,0.0,0.0,0.23165735920773195,0.5139972292051894,0.9104628601363967,1.3947470534483857,1.612495884758669,1.2038201407775275,1.0482360010927856,1.0152726464768664,1.0051449602542004,1.0034942368735618
2.0828055653824635,0.5353599594638224,0.4767719530870712,0.36906945764130256,0.47099401418450126,0.0,0.0,0.0,0.0,0.0,0.1612149158246408,0.48685581928295274,0.8625190263442817,1.233386823542163,1.6042447066905687,1.3366647575845587,1.0721022439241108,1.018324817650527,1.0097577858785962,1.002974573617217
2.2209872891747153,1.2977423981018001,0.7002708999277228,0.4720225520362473,0.2918200398256001,0.0,0.0,0.0,0.0,0.0,0.20333588047487652,0.494384817982461,0.9211224822084244,1.2890451484641186,1.5808406262126402,1.274441787182794,1.0520911488397726,1.0194980112076846,1.0060446024601446,1.0042945109789387
1.4918985173403816,1.4233734543686283,1.017570260493212,0.6184579961743483,0.34799488264615447,0.0,0.0,0.0,0.0,0.0,0.19277530469417878,0.5238942595749881,0.8088212705249851,1.1369210675413084,1.51854740102804,1.3814979128022242,1.0407759372552479,1.018494622040409,1.0094692271077241,1.007387455395998
3.945479031181204,0.993213783552115,0.5204252982876394,0.49279292922956924,0.2597902354195594,0.0,0.0,0.0,0.0,0.0,0.17411121433628726,0.516155481050927,0.8759394098474337,1.205172540984294,1.5890928306164336,1.2109322987924014,1.0435670721148314,1.0210048364390683,1.0077460380659073,1.0052946108262315
2.6559473925042703,1.043672636605665,0.6157860178495513,0.2762858720498579,0.31096135667069114,0.0,0.0,0.0,0.0,0.0,0.169838089368355,0.4899920134126511,0.8253168493542841,1.5847222921494022,1.29332743226558,1.2934619125167228,1.0453544740938963,1.0233512304189238,1.0029154963905014,1.0083048813251057
0.6364930586065815,0.2599623978590763,0.24621935875350362,0.27607664167012835,0.2286364722828469,0.0,0.0,0.0,0.0,0.0,0.18005086617605479,0.4888611574201553,0.8996399871023133,1.226541438667066,1.5591339733050684,1.37144782116944,1.07253442048322,1.0187617229024488,1.0030307975432946,1.0048443276712598
1.0038539197471228,0.6457125936859128,0.40335209438323494,0.46659490089213185,0.27595009328854214,0.0,0.0,0.0,0.0,0.0,0.213882269928418,0.5388112501518223,0.953450880230109,1.3462975464391789,1.6122158323161695,1.2994648742355552,1.05117681145476,1.020579100210272,1.0054046245038575,1.003354041287007
2.3408554057035516,0.6298080423146409,0.5283161410133408,0.4976627697076855,0.4266408278557777,0.0,0.0,0.0,0.0,0.0,0.17955695244068598,0.46375567664854545,0.8033372128172144,1.1760579004360332,1.57451547961052,1.27611646770684,1.0729606460063041,1.0228456020116818,1.007475917595652,1.0038949939705544
1.1243552244177004,0.49828986164719824,0.3408702689245299,0.32734496561733156,0.28741141310713314,0.0,0.0,0.0,0.0,0.0,0.17596424009695857,0.4716562096656147,0.7802721185330147,1.212069579366388,1.5876519801341167,1.3307320757491026,1.0716216793343758,1.0336105455049651,1.0109756381853894,1.0037529726514887
0.8204556061020984,0.6616706956585957,0.5933500741077941,0.2689117248606786,0.24707965775163343,0.0,0.0,0.0,0.0,0.0,0.19896632885074952,0.5036129522002222,0.7815430917431733,1.1624554799714453,1.5022852142975043,1.3483112950322247,1.0465445318932611,1.0200008796517925,1.0132720611721187,1.0051496752818523
5.750018771568923,3.295965402686329,2.605984684181865,0.9464330204068915,1.4646483543326814,0.0,0.0,0.0,0.0,0.0,0.16280177879607152,0.49935042395186297,0.8175097206157286,1.6219850551258996,1.2832241872643773,1.4642325544117205,1.0600987239426851,1.022601334155284,1.0039923837163756,1.0101041703202536
1.1583789933374415,0.7064910442852808,1.1382808368808615,0.9000617481781112,1.2954058927414973,0.0,0.0,0.0,0.0,0.0,0.19452593637826146,0.6402457948496634,1.0909948609461122,1.3385435200417752,1.5880767490560845,1.5098601512965424,1.05423292715819,1.0076043727184603,1.0052968965996472,1.0020738198671992
6.635799184090169,4.530640114070701,2.7041648851139413,1.1439223138999648,0.997981801646534,0.0,0.0,0.0,0.0,0.0,0.22644714882153272,0.5070215698577575,0.9036051922931131,1.3589846784148853,1.624245571302001,1.247900108702466,1.0567471141169666,1.0189652387408488,1.006627878731003,1.0027200320162581
4.097168556421011,1.3883470100661348,1.3043732422159704,0.8389760799893751,0.8632316383985215,0.0,0.0,0.0,0.0,0.0,0.1727746585965208,0.5216604124233367,0.9152385592444826,1.3318520872966575,1.597502621046347,1.4072260890841717,1.0654699853169396,1.0152903293447622,1.0081471842996945,1.001595732331978
1.456225230120095,0.5810715358735055,0.3342745292856225,0.3068617395384317,0.2153120622135792,0.0,0.0,0.0,0.0,0.0,0.18372108356757053,0.5619055749352848,1.089596491266253,1.4591151470684094,1.7025106589544137,1.3312920371536971,1.0552216963668366,1.011529380526443,1.0035962522368211,1.0013039952266627
3.469244001872494,0.5371497259236708,0.1619999490879128,0.12257605146405537,0.13659479470495417,0.0,0.0,0.0,0.0,0.0,0.13327409362393489,0.35216059601492555,0.8921496408815409,1.3959693464037992,1.6860750303920329,1.2120188825565483,1.1194364873704794,1.0311124228097364,1.0058589034429573,1.0000379400697166
0.7457940244016775,0.24823674740392548,0.1639636309934903,0.10411888458223797,0.1567812668938529,0.0,0.0,0.0,0.0,0.0,0.16977032005818324,0.5674882169728196,0.9362353761457818,1.3302399186556162,1.6577573585186622,1.3702234621490195,1.0460659910710843,1.0170319725735335,1.0083546383121587,0.9999571908570826
0.5779339304946655,0.5123007964419367,0.244882456069696,0.11045643592567209,0.14213194449417363,0.0,0.0,0.0,0.0,0.0,0.2555371517864806,0.5191078713811591,0.9442084399540613,1.3730573738062306,1.6944807976028025,1.173164305389014,1.0346087847411463,1.0166531803197967,1.0078491843565056,1.0019338284842372
6.53439726212036,3.270052206663975,3.7451208272351133,2.2575788893523603,1.3936486075515486,0.0,0.0,0.0,0.0,0.0,0.2201726308201374,0.5201976084645112,0.9106767978350282,1.3827129940535572,1.625623139778974,1.2510148095878488,1.059259404764996,1.0152049667940661,1.004696388292014,1.0034203851021504
0.3628717284252944,0.1577774135850165,0.14756931164619239,0.16209532747914487,0.15503049609615438,0.0,0.0,0.0,0.0,0.0,0.16336629875445652,0.5057798407225537,1.0026703708327034,1.4627428708288868,1.7094157062912614,1.5906905473350945,1.0832610953050474,1.0191605330847504,1.0042542818078741,1.0010162573573258
5.902942165453095,3.2245341233756073,2.6901929327586283,1.144882021749029,1.550629049787211,0.0,0.0,0.0,0.0,0.0,0.13324464324405352,0.3519896348307336,0.6856600194922021,1.5665338322720985,1.1879397883007323,1.595064016062582,1.075989431909965,1.0373723261655898,1.004110610498192,1.0127575506676165
6.643319241394716,4.054641125060517,3.4582259940204003,2.3101258248128547,1.8954994068872026,0.0,0.0,0.0,0.0,0.0,0.14814002491671452,0.3693545488870615,0.6444192533253021,0.9917098857272328,1.440956939114333,1.5775039682923695,1.0766398246484816,1.0303949164116777,1.01724431679344,1.008680914589953
4.943156867469356,3.0773092709770564,2.4292269357562253,1.1719166805815795,1.1719965709746014,0.0,0.0,0.0,0.0,0.0,0.13616557274067687,0.35679825696799394,0.6834666951301248,1.4760715810037195,1.1007921406782777,1.5722072566977745,1.0690557554206663,1.0328854829929728,1.0056404882856682,1.015161871609468
4.823609177260585,3.4476400757497787,2.8688570175049866,1.3045790893277558,1.8787546307665217,0.0,0.0,0.0,0.0,0.0,0.14166925507711628,0.3748594205153151,0.6398889229296874,1.3873977869611775,0.9673767575303677,1.6259827106666676,1.0574917258667589,1.0279714947509295,1.009085207404471,1.0159772078391591
8.618747050850175,3.932667398708449,2.7610463317054554,0.7792553832996829,1.287679580371199,0.0,0.0,0.0,0.0,0.0,0.17302840712752676,0.44257514551862037,0.8443018690087097,1.607880755892003,1.2581835797538594,1.3438780545556657,1.0811173097671058,1.018858955422428,1.0038013136309705,1.010660805896297
5.469674669279443,4.506048213453471,2.086580173578763,0.8562067787993535,1.0132165906874429,0.0,0.0,0.0,0.0,0.0,0.1529447375305079,0.35668465262842713,0.6772137845500809,1.5547404206523907,1.167898705503348,1.4063072154872873,1.0567542621789525,1.0355063910481506,1.0046043322901508,1.015579825739694
4.01289875008155,2.6097094120399236,1.9895045660809223,0.8756028790380052,1.3297211698075038,0.0,0.0,0.0,0.0,0.0,0.13733173895842546,0.3450765332319402,0.6150774450614777,1.4020288330909276,0.9156285255108509,1.5985404999778805,1.0721375906839365,1.030848342784545,1.0086240957111596,1.0158040166502071
4.436391079930154,2.819141853670417,2.3995841820349604,1.704603429177908,1.0043917777909244,0.0,0.0,0.0,0.0,0.0,0.15390172647834408,0.3755452827832154,0.6483402660693289,0.9734100930168182,1.3685521787656911,1.5244836698739122,1.0681397664531502,1.026194694362659,1.0153173889428904,1.0121592151893068
3.5479127890545663,1.572927822084529,1.2463634823007965,0.5954389588886397,0.8151151811053683,0.0,0.0,0.0,0.0,0.0,0.16555520083323183,0.5175236546974564,0.8126135901009496,1.5701930454592883,1.239350212048103,1.4463760734503563,1.0540269214847318,1.0247433663426362,1.0037588182105168,1.0088793735165296
3.781384804675689,1.7852205291581513,1.3814881364259708,0.8880288270826661,0.531342116691615,0.0,0.0,0.0,0.0,0.0,0.18069307308176236,0.4804696214017019,0.8891215352840989,1.2943751529823087,1.6516147314608487,1.3800308657929277,1.083075154901813,1.017641405426157,1.0078504512648199,1.0037358159203742
31.15707354810909,17.179694377771774,12.804489083886704,9.81438482760982,14.16830109820683,0.0,0.0,0.0,0.0,0.0,0.16460951953174538,0.4650750272297499,0.8154503925671599,1.4904451617139851,1.1986990690802364,1.4574188301537425,1.0678115814150686,1.020773452350911,1.006014032001124,1.0074344511383384
4.3570019278847685,2.1390830617194254,1.3362578551524806,0.5496092225211805,0.28805177979171304,0.0,0.0,0.0,0.0,0.0,0.17515045673796795,0.41272779842280344,0.8409299556020359,1.2617174148685422,1.6219239968802992,1.311639985503691,1.0804115151918459,1.0172614706313077,1.0111558647374757,1.0038310247081106
1.5748233276142511,0.878538269356898,0.5976782033005014,0.5625798628708052,0.5395019558109503,0.0,0.0,0.0,0.0,0.0,0.1455591089910087,0.3586394460143128,0.7265072570600826,1.2911891485770788,1.5677065283796416,1.5803562986323214,1.1031743862991672,1.041520035098213,1.0088424379890255,1.0035676925930295
2.2801027530482894,1.0402834061466557,0.750874256748124,0.4312376527903902,0.3579971449741298,0.0,0.0,0.0,0.0,0.0,0.19225900322628725,0.5441864078795465,0.8674118598706149,1.2629783213010677,1.6075332816320824,1.3358112783317662,1.0440545765114804,1.0113017805494489,1.0091731193580735,1.003549784102657
1.6787590634337306,1.4020616923122668,1.2032123262263106,0.6108869690437352,0.3378682594150123,0.0,0.0,0.0,0.0,0.0,0.1884535457939075,0.5203998362391616,0.8419112804209695,1.3091903398280809,1.6287961790390357,1.4152244707296782,1.0572996061796267,1.0223505941047462,1.0084441978077494,1.001024653704587
4.129960010745459,4.5639204107102165,0.8993054815161073,0.4946706728298166,0.5789596342625324,0.0,0.0,0.0,0.0,0.0,0.13905431562850057,0.3464101777230866,0.7291117760802803,1.5771848124539596,1.1364357229064745,1.3430111994355458,0.9775961562352381,1.0151038934346146,1.0032985348427204,0.9982045318416528
1.3424110354406849,1.0806683175584344,0.7393470885008444,0.4173048630101729,0.4564809726935666,0.0,0.0,0.0,0.0,0.0,0.15736364294361924,0.37913063090034715,0.7281411015327227,1.1549598060796358,1.5312899820530235,1.4890908674053498,1.058667102436578,1.0275764125477014,1.0116334109303444,1.0043968675369586
0.6151254440689732,0.26101673158495553,0.24713101239794666,0.2245734907589318,0.23436138235556664,0.0,0.0,0.0,0.0,0.0,0.1899240568141122,0.6043278489256431,1.0830881747487857,1.4227654874021725,1.6674710100553423,1.4052744148418745,1.0584887987706397,1.0134915132825257,1.0032497818013086,1.002102401370469
1.2267633433763425,0.48166156746111344,0.4248144535487848,0.4335430463331525,0.31683225714268193,0.0,0.0,0.0,0.0,0.0,0.20348530181983576,0.5934735050854205,0.9519723938571547,1.338598371022685,1.663703558047845,1.3559412780130098,1.0446198930311492,1.0123720433441665,1.0050693894834601,1.0028537486910492
1.3740222220451526,0.6573613477389844,0.38705055191767945,0.4063749907793458,0.2635101990453892,0.0,0.0,0.0,0.0,0.0,0.21764104488599478,0.6840121121327237,1.0302821335612493,1.3934972721818768,1.6586605272967274,1.3495298067073214,1.0387261592072283,1.0174620185526293,1.004347688503564,1.002112759603864
1.149477472209876,0.5450801293237815,0.3811263685015842,0.2519107187822228,0.26719587046276905,0.0,0.0,0.0,0.0,0.0,0.18033763678301384,0.5204722568932197,0.8776468695277168,1.336422344245654,1.6625753726095955,1.3506337023543018,1.0552364047291336,1.0250970794506793,1.007664723445358,1.0026238306332589
0.9208242174976806,0.6625527292133531,0.44000235036807195,0.15905111488666926,0.26771401921512916,0.0,0.0,0.0,0.0,0.0,0.19762689534787517,0.5184549181866958,0.852644657409799,1.6504465161002466,1.2616683337406427,1.323572210412021,1.0465429546875868,1.0170211138377436,1.00243729192396,1.0074074571041058
4.851750740971181,3.9403649697531904,2.6446792094618146,1.3976960515042232,1.5800551463829375,0.0,0.0,0.0,0.0,0.0,0.15288469668393614,0.3982871610551636,0.7485019336797947,1.516870292123064,1.1230255127821576,1.5377984852029456,1.0748614865207222,1.0283035297695835,1.0066206674875304,1.0152807301210156
0.9030254954433229,0.6330904811934627,1.0832548732499243,0.7840878601601968,0.751998261537111,0.0,0.0,0.0,0.0,0.0,0.30314494687494076,0.8789977600016305,1.189100513620654,1.4541941481869902,1.6300438926271081,1.2874713596323515,1.0281067408198161,1.0011757859256143,1.0004406226620166,1.0016127258516554
6.167549019648176,3.432857725648218,2.599690416576583,0.9238702711160158,1.2106867070816496,0.0,0.0,0.0,0.0,0.0,0.1753184308779278,0.4153116346050049,0.856752017119759,1.6007213601938306,1.273281927930637,1.3678391501873977,1.0858286311002738,1.013174207760807,1.003976147942983,1.009690157368152
3.332348179963079,3.346740893067816,1.3881584825325415,1.2237312484171088,0.7851253852493121,0.0,0.0,0.0,0.0,0.0,0.1577597343621467,0.3951519665261365,0.8337784525194303,1.2787299384300108,1.5893469021924342,1.5159080159004612,1.0333074143341483,1.014345542609514,1.0082432178747718,1.0022417530077419
2.7834294411359584,3.342442117231355,0.44785343093239904,0.42342414181413324,0.24295981685337545,0.0,0.0,0.0,0.0,0.0,0.14860465713464416,0.37164457921310207,0.7533062875123504,1.1764240026644384,1.542205316869318,1.3260829412098154,0.9774953133122335,1.001654598129128,1.0028324572577274,1.0040711646807035
1.5933880096014048,1.2836659500982701,0.17398715625695985,0.13545424126456027,0.11371448257340086,0.0,0.0,0.0,0.0,0.0,0.1763092134193031,0.39053837809121494,0.8101150647489076,1.2924352923189515,1.6410595926895934,1.254744584440459,1.02475975969518,0.9990746132206136,1.0034918422207582,1.0025157550330666
0.4450369041909685,0.39355572313664594,0.19143378223627433,0.13348311699180002,0.15460252574645855,0.0,0.0,0.0,0.0,0.0,0.15852641908369677,0.35551316758928975,0.6719199225138959,1.1464685274438002,1.604984655867934,1.4792358195432709,1.0498436056016616,1.0452344550797426,1.0161986160449352,1.004583705535415
0.8218722209356478,0.36756055416314204,0.1905831738277338,0.12437862112130042,0.13887686412421837,0.0,0.0,0.0,0.0,0.0,0.18014359032614835,0.4512543870502137,0.848339025006306,1.2594436026361087,1.637450777912992,1.248809042978735,1.0723788057097086,1.0185399192252205,1.010353931494513,1.0033741965539817
5.370592726923865,2.8458858773419093,2.386550478613814,1.9745590299820688,1.3419243927913809,0.0,0.0,0.0,0.0,0.0,0.20140836264421028,0.48058423568384867,0.9410806456726541,1.3327658089641552,1.6597576759660784,1.2976298334498015,1.061141162255111,1.01770549185022,1.0060664121131744,1.0027318106473035
0.28065178584595707,0.1286056787151559,0.14495566460478826,0.12999376363223983,0.12678468617569655,0.0,0.0,0.0,0.0,0.0,0.22361140526089374,0.5679239600473205,1.1212302652499362,1.4607202742776961,1.6938784962917246,1.3374848483377193,1.0805319380671963,1.0139333365781462,1.003102699426268,1.001644898593386
0.0,0.0,0.0,0.0,0.0,0.0,0.0,0.0,0.0,0.0,0.0,0.0,0.0,0.0,0.0,0.0,0.0,0.0,0.0,0.0
5.605586861653913,4.464347238242569,1.771787272532147,1.1803326935609924,1.6275522239111815,0.0,0.0,0.0,0.0,0.0,0.22166629512266955,0.5126279506912718,0.7955826714240657,1.4456272944397108,1.05481555526027,1.2082837539636226,1.0315282244255144,1.0190009448895223,1.0071703115693182,1.0091618384193088
7.8318902460109765,6.1007127428837125,3.2387975242381044,1.3604055668918091,2.4088686176167484,0.0,0.0,0.0,0.0,0.0,0.1855826815930365,0.4939052602219968,0.7158848834303734,1.442163109369476,0.9904403562502937,1.285051135076951,1.0348277959921295,1.0206585794138339,1.007334004850393,1.0136905873103588
3.747831677082145,3.86785347805923,1.5539621787251412,1.177634691098045,1.4005510297207748,0.0,0.0,0.0,0.0,0.0,0.19997510613031053,0.5137972373803994,0.7706290692861268,1.4508947919093447,1.0430965966061931,1.2912261432609629,1.0289515981440658,1.0202050929588886,1.0062168230051611,1.009919915334485
3.752671977853056,2.9165741072202933,1.370781777652708,1.1213496006683892,1.2623506177430994,0.0,0.0,0.0,0.0,0.0,0.18423205023367203,0.5044967640304691,0.7864418244884863,1.4632372576228632,1.0607759107470482,1.3493937464706152,1.0378041128136453,1.020928158199458,1.006228268200165,1.0098383979899508
4.724389907420625,4.890201279401197,1.9166952753264368,1.4089507494079752,1.2772926978737296,0.0,0.0,0.0,0.0,0.0,0.18251665449255905,0.5309582968184327,0.8236775471503242,1.4491977561840128,1.0773610882246907,1.3417615413740234,1.0280730061907204,1.0167800246482057,1.0063023587043065,1.0121883935282663
4.091904675966601,3.954439175505155,1.4185977439479232,0.8501534658348181,1.3470874537480548,0.0,0.0,0.0,0.0,0.0,0.19224721418813925,0.5172749502245522,0.7461456487528773,1.4519925165280299,1.026283792142561,1.282817452842436,1.0244483474877273,1.0203067634304397,1.0059229417337494,1.0107080882978228
2.0563734374118305,1.6065578561051368,0.6373515904160133,0.4776535375899327,0.6791445625494145,0.0,0.0,0.0,0.0,0.0,0.20153710819201484,0.5578987091685577,0.9533647865506647,1.6100783841665025,1.356108179220442,1.3229262153025538,1.0363688992432794,1.0192904451592455,1.0028213239047397,1.0037854358911262
2.085544142575268,1.1501561720399935,0.6251655682321309,0.41738553666777645,0.31129125480974906,0.0,0.0,0.0,0.0,0.0,0.22966714415615627,0.5010994179645951,0.7648220570597228,1.036658218892247,1.4503607205031215,1.1746063304644678,1.0356991748123454,1.0200572978727058,1.0114532089873405,1.0073780655807634
1.4837839180740127,2.0916128373696936,0.6704892916885473,0.4827025315281232,0.20509939955538964,0.0,0.0,0.0,0.0,0.0,0.17590827509308457,0.5331665568902697,0.9312490055000767,1.3810998656579623,1.6707129857584877,1.3936592790508409,1.0287774843479203,1.0209248185292013,1.0058081556430665,1.0024725282711144
2.0200543561204767,0.8589993365643476,0.6217878305638883,0.5050955458519673,0.4954611572878604,0.0,0.0,0.0,0.0,0.0,0.1577641092767967,0.47230502120169576,0.7714272688719104,1.0645937977484194,1.5554221828227217,1.4435887896770745,1.06220010491711,1.0238421180031134,1.0104765316371367,1.0051479520807125
1.345514839912724,1.043819277035404,0.5301677463122078,0.28368912022393855,0.3963873652115949,0.0,0.0,0.0,0.0,0.0,0.18218682987128335,0.560659963635883,0.9482702881386567,1.636732282234124,1.3595579469706822,1.3909353950318808,1.0409013792383692,1.0179107429274998,1.0028255895949612,1.0059628242196113
10.55160561248461,8.430774559751558,3.3852557513980273,1.5791227873986329,2.380374356817525,0.0,0.0,0.0,0.0,0.0,0.18282277817049755,0.542641175323325,0.9584724101012344,1.5987763879244192,1.3824673352809156,1.3493367043316535,1.0404935953188799,1.0196758422278298,1.0023562184884562,1.005767925771542
13.468153743924436,15.277170373471055,4.943858924601053,3.408377034120444,3.4351740883449806,0.0,0.0,0.0,0.0,0.0,0.20155290325812034,0.5159035098539783,0.7949099340091399,1.4437095579844985,1.080945824222352,1.2761872542113484,1.0293201921341775,1.0184854537001549,1.0057879272729333,1.0088647344706334
1.4443470160719918,1.2722729154232941,0.5752343864827579,0.3746375399596934,0.24473399514567112,0.0,0.0,0.0,0.0,0.0,0.1660242384262972,0.5421512493208831,0.9200321341125621,1.3377066354020786,1.6020367777494877,1.4261835892093457,1.0407238210975318,1.0201279079738859,1.004437212146324,1.0041271710537605
1.1176703694449257,1.518945732126678,0.4440150580721248,0.22636986696493294,0.1560725298310178,0.0,0.0,0.0,0.0,0.0,0.19658636778980426,0.5314418574954337,0.8753465351478402,1.348782667645004,1.6355336173978783,1.2972046911094919,1.0242747869161868,1.0158874074263708,1.0030194889040196,1.0024321616160543
1.0095209269840262,1.8074583147423788,0.43893926030141744,0.19385451203567752,0.15746963283954662,0.0,0.0,0.0,0.0,0.0,0.19954876983958492,0.5334749420228536,0.9487077732563,1.3579549108478857,1.5734661120834512,1.314783216353965,1.0224518384948462,1.0179695193335072,1.0038794764268852,1.0040989182316635
0.6056102744430814,0.42283772024357036,0.3113253100301354,0.3165492033948748,0.21423390492506855,0.0,0.0,0.0,0.0,0.0,0.19839051717409073,0.5276362967476149,0.8509862355888824,1.3908169786270927,1.6712768173873012,1.388458412278983,1.0492357002272805,1.0223039933124487,1.00591501339992,1.002501033510501
11.026920329419472,10.382689161122238,4.7327429519866735,2.8481939159594223,4.226818467813695,0.0,0.0,0.0,0.0,0.0,0.21368903810524273,0.5056633527198341,0.7252299333475756,1.4690827752167186,1.0267965524398317,1.2417834644592025,1.0280314860823274,1.023081096724378,1.0068126661936996,1.0111385822708472
0.81670591341267,0.655975881522558,0.2675376897597641,0.2219892529068273,0.13508201116082263,0.0,0.0,0.0,0.0,0.0,0.18913426271088196,0.5385857822111553,0.9983539141382294,1.4014439839690327,1.6665379867971344,1.3557742219832318,1.045039329972942,1.0174577561755533,1.0036719670691927,1.0011806405928199
4.514997811319946,5.694393380890046,3.0782470566328066,2.2110080544958626,1.5724700391987148,0.0,0.0,0.0,0.0,0.0,0.19147908802306696,0.528284394582871,0.8924552816141863,1.2259895431758783,1.5462158780669497,1.438872298007321,1.0395379697092384,1.01959670279867,1.0093963176387368,1.005699418818511
0.9023499556945389,0.8157479552720523,0.32990694172198004,0.48420230826722965,0.5485951037279013,0.0,0.0,0.0,0.0,0.0,0.21187638936681774,0.5476333124734261,0.9277244709938214,1.3557217687415049,1.6228909117056458,1.2890261551730449,1.035571268484976,1.0216710114668441,1.0054589127206919,1.0007058977468775
4.8259868104062615,5.108714092298634,2.698196217295594,2.3825708350348274,2.348900667633524,0.0,0.0,0.0,0.0,0.0,0.2084944299909937,0.5287841335990278,0.8124987600458875,1.0845084459285084,1.520444788413769,1.3128922555181934,1.0382273935777289,1.0198167125420328,1.011684913363097,1.0057950102809985
4.405920910559922,4.4372071665068535,2.0726652020648704,1.3338359723421005,0.6374814188127418,0.0,0.0,0.0,0.0,0.0,0.2010989398912113,0.5419621980316637,0.9452727390390394,1.3574542292501237,1.6412799549883401,1.3172011526411032,1.041468013225355,1.0202103205964506,1.0056660468078824,1.001993403088486
5.027761513834163,6.711828469348822,2.103614985758915,0.47250148713771295,1.2734842852250674,0.0,0.0,0.0,0.0,0.0,0.2194051435013733,0.5320487415522059,0.9505603746706776,1.6209514045438795,1.3631306806294439,1.2514416137965836,1.0292171736168085,1.0181818142567705,1.0042804832880314,1.0045527086680472
7.1186066724737715,5.78223386947406,2.902378847973013,1.2345086282372724,2.1596601628025605,0.0,0.0,0.0,0.0,0.0,0.19659534408969162,0.49526723823797714,0.75424696447067,1.4655107710660018,1.0335432231556898,1.2868267753344556,1.0366851353081756,1.01811563516776,1.0065322330144981,1.0121839104241868
4.89837950456446,5.414115321340058,2.0072958407330694,1.1351136636418082,0.5815825789296711,0.0,0.0,0.0,0.0,0.0,0.1721516890468261,0.5398668269906314,0.9252016429864437,1.4015729154957706,1.6240033685053858,1.368938456395878,1.0304033055971027,1.018715706908121,1.0052247021073926,1.0030396731388032
3.4010951733426857,2.423877400383359,2.786811404119694,2.8313106708947546,1.894823589084217,0.0,0.0,0.0,0.0,0.0,0.18434949089551092,0.621832843751557,1.0484576101401009,1.3627576496145213,1.6530705237164836,1.5970121605191718,1.0607270280584402,1.0112465088412836,1.0060918844978428,1.0029900033169177
0.758928385492544,0.5007546656224237,0.3295888248745335,0.18895070339719117,0.11312130183789389,0.0,0.0,0.0,0.0,0.0,0.25593753157349397,0.5466414905237725,0.9439012342928553,1.3719489028649867,1.6997599937946712,1.1446164573650641,1.0393175582151912,1.0144193806388093,1.0046977548568674,1.0016903641823294
1.4672744082644855,1.913313424036075,1.3300045600019572,0.6976907117567068,0.3137514575856478,0.0,0.0,0.0,0.0,0.0,0.2682754363690036,0.526107291768934,0.7822997008318194,1.112545359601397,1.5966213497384305,1.1493953957292404,1.027368540675503,1.016463946179722,1.011900583537158,1.001783728058493
1.0166800082512146,0.4025588036027691,0.18892083851102293,0.18623774771096357,0.15791115143996562,0.0,0.0,0.0,0.0,0.0,0.22390710670831546,0.5300155819140132,0.7961024083921359,1.269028919317304,1.6579955634307442,1.1563436603006918,1.0424277232253842,1.025064452752748,1.0097660834603766,1.0025795256890186
1.0610950887273207,1.1423269986971696,0.8106766114493281,0.5269453419489508,0.544304428747276,0.0,0.0,0.0,0.0,0.0,0.19920225020670823,0.5437879666160883,0.9403673702167578,1.3664947668051364,1.6490972127961459,1.4257279330790837,1.0489568712469604,1.0199334176797172,1.006841547269587,1.0017551253832646
0.7786387651304689,0.3974216149290761,0.35560679894367064,0.39331004807080544,0.3761421942669666,0.0,0.0,0.0,0.0,0.0,0.21953612971183126,0.6545177510132596,1.1318710225277195,1.4393254913115123,1.675642471120085,1.3428331419175994,1.0590612088766314,1.0081954888189837,1.0009590133490525,1.001299333556913
11.193276631396586,4.093074513333431,2.3355744192922496,0.8696857683073131,1.7081881656839504,0.0,0.0,0.0,0.0,0.0,0.1628806355970684,0.45323334342626853,0.7864731493153628,1.5223210366844047,1.0781715075397615,1.3092825470581289,1.0655807707842153,1.0226338665568375,1.0063043035746368,1.0131001731516598
8.494044982736593,5.299243187755222,3.0928586208489017,1.348754971029048,1.8841134492779736,0.0,0.0,0.0,0.0,0.0,0.16717282530571864,0.49991098475771134,0.8096594894497334,1.5485226741439677,1.1742308871735418,1.413273906866617,1.0489394438261288,1.0199184941876105,1.0041139535222,1.0113912131760998
8.248699619328047,2.9152493421103665,2.0740656715572916,0.7539202060576985,1.2420944453593394,0.0,0.0,0.0,0.0,0.0,0.15899086745658514,0.4813189133525585,0.7923920129317037,1.5542685364880449,1.1138647292608141,1.3239380527715698,1.0590090944680686,1.0193657044636568,1.004657695888781,1.013118462133594
6.367178792459147,2.4593609853246114,1.5334825371261247,1.183623656175865,0.8375116526894795,0.0,0.0,0.0,0.0,0.0,0.16344638316122312,0.5033462432932208,0.8031206266303312,1.1395376001949422,1.5529731306152492,1.3300590285978853,1.0512067206216686,1.0187026200205591,1.0108776251136888,1.0047508575737258
5.03379879231384,3.381456116488215,1.7799280711778636,1.9221922352589438,2.0243641377107093,0.0,0.0,0.0,0.0,0.0,0.17658992858185502,0.5391144082233795,0.875210582721293,1.2409170360648762,1.5412558528055496,1.4060378310927706,1.0359744338428936,1.0204855727996818,1.0073755655638694,1.0025863060364328
5.790469127471193,2.527506421055673,1.7242478805277828,0.6449896946412416,0.9688893003722434,0.0,0.0,0.0,0.0,0.0,0.16617525103460862,0.486941168483598,0.7968930400270765,1.5275149658237843,1.08767952023096,1.3609203165959354,1.0557719864297592,1.0190553929432622,1.0056970734879382,1.0130711443445584
2.836384540832905,1.1229773174575635,0.8002362710062103,0.5565839593911523,0.7020206200216244,0.0,0.0,0.0,0.0,0.0,0.16239331531147258,0.49190528959341706,0.7884359282541769,1.1000049242772088,1.555318605415789,1.3691319313160526,1.0480520178416184,1.0191682643573374,1.014821477335917,1.0038922634998986
3.163361942428049,1.2973589786404527,0.7461110964301457,0.2600040189268676,0.8300566003890557,0.0,0.0,0.0,0.0,0.0,0.15509908207101628,0.3953860049761892,0.6479716077167212,1.5419789603093097,0.9709494661877058,1.3272580296436207,1.0618963323463961,1.032824614709598,1.0073106586964613,1.0148833729321656
2.6618365058965674,1.257096490928763,0.6062575829069399,0.2915339850722263,0.34185834233442514,0.0,0.0,0.0,0.0,0.0,0.15706955336226858,0.5317584776185453,0.8908339953779727,1.261321291296262,1.5811200892619812,1.348604388251147,1.0291080388672107,1.0156700806251584,1.0075703796696844,1.0027720447619242
1.707540523001636,1.050602272721109,0.781068495610972,0.4639695698442659,0.5975053648585463,0.0,0.0,0.0,0.0,0.0,0.1578773841217587,0.43098176247471953,0.7934364205977064,1.2093665550562933,1.5812320928286474,1.4403643739219554,1.0829123327669734,1.0281291138176327,1.0128446955075947,1.0038906626662774
2.5443614268937194,1.0228665237907673,0.5797675042575119,0.4019958802282601,0.4402181887143574,0.0,0.0,0.0,0.0,0.0,0.1723780726282338,0.5607657724428724,0.9580429500035391,1.4326838428101973,1.6314821448201036,1.3229743392746025,1.0386868522404258,1.0156352770152766,1.005143214356075,1.0019499502828988
17.698363260337807,5.124737845149296,3.492618852529786,2.220521835136845,3.312574401475639,0.0,0.0,0.0,0.0,0.0,0.15873273732946167,0.5453633327870077,0.8505887318580558,1.2760045507853564,1.5790807477555027,1.35686465367201,1.0452626345440084,1.0198517713015747,1.0090237068505417,1.0027632011774261
24.621054293076174,10.165788206665148,4.88776587486448,3.1385824074729727,3.8039349183348024,0.0,0.0,0.0,0.0,0.0,0.16067642688219683,0.5148836336383216,0.8194044863428002,1.5544158213093897,1.1556162401902852,1.3493842509994831,1.0376679307539685,1.0193607306593209,1.0045407836161675,1.0116923729571632
1.8266859596479648,1.0270561724547473,0.543772786963062,0.3959707914490198,0.2654820455702477,0.0,0.0,0.0,0.0,0.0,0.16402878515969788,0.5544800402701406,0.9025306116659862,1.6195721906632836,1.4002702516811494,1.4022570823811984,1.033851031359448,1.0191029234993394,1.0008193600737887,1.0062136991635646
1.5584111085923653,0.8477973776849244,0.3807691871017143,0.21087215667302867,0.2183284381602481,0.0,0.0,0.0,0.0,0.0,0.1649705361617781,0.5365951042367815,0.9107284671760117,1.3472823336955706,1.6164788550284424,1.343664068315328,1.0310811458397027,1.0189472897782395,1.008607472987852,1.0027061265942534
1.5081783749855322,0.9958429115530564,0.4167613431178669,0.24750948056595265,0.214322612943911,0.0,0.0,0.0,0.0,0.0,0.17534604819416477,0.5201893895288857,0.8336040704488485,1.1648121307937087,1.5775437330214874,1.3589545267958805,1.0306448977188643,1.0186426073129216,1.0139539314113521,1.004998470843357
0.8932865693099327,0.41468267628522637,0.25974623561783516,0.2303797987615092,0.30798177513650177,0.0,0.0,0.0,0.0,0.0,0.15889921670492452,0.5300014390113869,0.9394940797103423,1.3149798363234657,1.6063695780619687,1.437165925771052,1.0579315292279363,1.0190028703635734,1.0039508898654583,1.0013518904670058
19.461066895455037,7.653535338227444,5.404853632170538,2.0238138172196676,5.762512271631509,0.0,0.0,0.0,0.0,0.0,0.15653493160945056,0.3927620633245832,0.64519445581334,1.4393042952208943,0.9464039162090777,1.3423651808241774,1.07498485288628,1.0339061928163773,1.0107982289367692,1.0159465461443278
0.8904013053556323,0.6445951467275526,0.28419908596581667,0.23685907806826972,0.17314743231261068,0.0,0.0,0.0,0.0,0.0,0.17653160675008403,0.5483315470052522,1.058272313602213,1.4376826928318551,1.6672148044407498,1.4058950238496264,1.0425385622465773,1.0136590834491483,1.0044844534375728,1.0021923936353783
9.935349049908092,4.224959586710272,2.8339425448159568,2.4737515181299763,2.004798399199315,0.0,0.0,0.0,0.0,0.0,0.1657979123848004,0.5268627184675521,0.8294499738923472,1.1828085334015763,1.5881979928433527,1.3801373150289957,1.0470102398680794,1.0193389096856662,1.0093148593707746,1.003165282318284
0.7534030132350711,0.5300138619666359,0.5301022776697343,0.38883760960683456,0.5307520002037119,0.0,0.0,0.0,0.0,0.0,0.20595680443272998,0.5153715648049619,0.9655555467502956,1.3667238808999518,1.5899356458151996,1.379806212241299,1.0727390526818654,1.018829383354604,1.0059762976071385,1.0006992737992413
8.343658499991452,3.982117195851738,3.0695897671249823,1.8412224044644177,1.6273546945139254,0.0,0.0,0.0,0.0,0.0,0.17096928646818166,0.46986164473811376,0.8051947079027694,1.1308261641612962,1.5220931857495785,1.3615853140414214,1.067344415988363,1.023431758035839,1.0125720843093686,1.0050571958540924
7.557672578943885,3.1913879988775333,1.9463636328664626,1.146048051753486,0.9320191045317028,0.0,0.0,0.0,0.0,0.0,0.16833045123616167,0.5275921224035836,0.8604807502232673,1.1831745677232415,1.5683358480686034,1.3466025952451186,1.0390023147122127,1.0170489170264392,1.0116316359946864,1.0037855912050697
9.425983916139018,3.972762741334968,2.0430668863306494,1.1499737883921963,1.5608926719331833,0.0,0.0,0.0,0.0,0.0,0.16167373058139195,0.4868058734650367,0.7828678524245626,1.544140850221986,1.083954723878404,1.3280548904912384,1.0517669702417745,1.0219139533796031,1.0051863341207288,1.0131152210175898
9.367406035792765,3.77992124943412,2.7510052759156594,0.8869073752516912,1.9502349484343153,0.0,0.0,0.0,0.0,0.0,0.16891861593601668,0.46078625637779946,0.7950715213219549,1.570934296581573,1.1453104646163927,1.3399447144392236,1.068721633607295,1.0221605905729025,1.0071580753466465,1.0121065795216884
4.5152238250161645,3.7323225450528312,1.935886812770691,1.2495486450702298,1.339297844874035,0.0,0.0,0.0,0.0,0.0,0.1611314385994302,0.5441723507518246,0.8815823053954387,1.2608506198094604,1.6099467010889903,1.49650559155179,1.0307980356040167,1.0163589729993145,1.00567976059443,1.0027343614546929
5.40082837666962,3.4115456101329036,4.01639213705023,3.1233912410728397,3.421806220275891,0.0,0.0,0.0,0.0,0.0,0.2045876113948481,0.6449309994923038,1.1045029467667398,1.422287989824294,1.6440523450692899,1.5061135820147147,1.0582198710026585,1.012766222083692,1.0049089167497853,1.0017651982956062
0.9855676155689551,0.6377260448844868,0.505851322296669,0.1633601749066431,0.13930132967017492,0.0,0.0,0.0,0.0,0.0,0.19033874432623774,0.4832445251053054,0.9201038136316343,1.2360032688779843,1.619561515296953,1.2637107865611314,1.0503664267504431,1.0092920842356847,1.0099306481428345,1.004210141054484
1.2336183620594103,1.3568030179315458,1.1698325648222938,0.769116851610417,0.29670492017434247,0.0,0.0,0.0,0.0,0.0,0.21765628616184096,0.4674434377506036,0.7629570060487247,1.0734606192874074,1.5295533609692704,1.240765150039748,1.0493116074712514,1.0197800771900725,1.0107250329326871,1.0065765230673742
0.4980858725018079,0.2737610937851011,0.16464162829583578,0.13177614508911656,0.13556187277421872,0.0,0.0,0.0,0.0,0.0,0.23090268042206025,0.6569415308294633,1.0857018883405765,1.376502782595379,1.631255445045971,1.2722003096432613,1.0448912128861614,1.0136053815585708,1.006202349685525,1.0027704633818098
1.049253987536497,0.82844685984291,0.7374081553610049,0.6295329381003991,0.5612635382704743,0.0,0.0,0.0,0.0,0.0,0.1869353252239541,0.5334739241201053,0.834575791696782,1.1941006939974816,1.5812766608884694,1.4543319498587746,1.0414636015171108,1.019192983154612,1.0065498893666907,1.0040808199206117
0.7938500444340806,0.36422486834521184,0.48225175328818787,0.3714114549962471,0.4121844960069966,0.0,0.0,0.0,0.0,0.0,0.20021280628726737,0.6217691874422906,1.1796009331507378,1.503074050341023,1.7035107719129197,1.3990866998732652,1.0597004335435525,1.006250082479301,1.0027082355644648,1.000940422610623
6.413072706850815,4.190940829652801,2.498094386724776,1.717920128142398,1.1803395509105792,0.0,0.0,0.0,0.0,0.0,0.18411067820387372,0.5115341439894984,0.7830543647844799,1.1169049693842603,1.5136575279410562,1.3291138445043391,1.0306763491504363,1.018104867186796,1.0119170598147558,1.0038490809159957
7.827664277470636,5.1931414750879785,2.748883781754501,2.0545316523828805,1.4384662949028804,0.0,0.0,0.0,0.0,0.0,0.18108790961483562,0.5183861890642604,0.8046388828340882,1.1359279897480603,1.5029409551128539,1.3019963488556516,1.035034501395406,1.0195568216540347,1.0087107972188987,1.003791744342872
5.264060329323259,3.3355244644003386,1.9874010380512446,1.0121038072271067,1.2908998945321504,0.0,0.0,0.0,0.0,0.0,0.18124556650553855,0.5150684612431007,0.7942227914641078,1.5283666665946767,1.1491832432830271,1.3169733306887805,1.0342701221322363,1.019632122036368,1.003506289258759,1.0109456131296357
4.377497221065986,2.5407690021929192,1.8366697807607348,1.194484166276624,1.1935098914168338,0.0,0.0,0.0,0.0,0.0,0.17912555951841339,0.5095043661485541,0.7826841307700988,1.1527842091667437,1.5077227206500858,1.3174411910328203,1.0329422971979647,1.0189720110446174,1.0118917391099902,1.0030989646787156
4.298720743236148,3.351826465554173,2.327705319936089,1.25912918882621,2.535707487322848,0.0,0.0,0.0,0.0,0.0,0.2054408074054163,0.5600185181090439,0.952645332213254,1.5875264888493765,1.2740470475481103,1.333984723227,1.0466295686390976,1.0179654826662181,1.0043196235435052,1.0046588190808563
4.491109095135798,2.885962314218089,1.323724134911894,0.9870187294505139,1.1468525367918263,0.0,0.0,0.0,0.0,0.0,0.18015374775680912,0.5263717647048709,0.8162466679147117,1.5082662641025644,1.1346650019058013,1.3338693332168203,1.0330687793591746,1.0200417200891763,1.0034337499586798,1.0084882162499391
1.205064233330161,1.3341100851623928,0.8147988227157323,0.5369488621170628,0.616503153777314,0.0,0.0,0.0,0.0,0.0,0.1786427841347499,0.47002582994919534,0.8506768876268531,1.2580940444513067,1.5531799006769287,1.514920456230589,1.061211068950747,1.0244512211808667,1.0087966920761862,1.0035304213312488
2.4667603845980643,1.3298900323985572,0.7603346646430839,0.4202557782566423,0.27229921534164025,0.0,0.0,0.0,0.0,0.0,0.17990119602735125,0.50750062252549,0.8199220875824135,1.1964435434531386,1.5554174410232071,1.3276161837513543,1.0386904729199986,1.019146829275782,1.011147314956349,1.005594596581329
1.2599252050989194,1.5039438061373365,0.47342594429057866,0.36600448737290003,0.4143872984502874,0.0,0.0,0.0,0.0,0.0,0.1804319382775765,0.5409213063807516,0.8495102857472319,1.1782506441288705,1.4997556683502702,1.4133460062093404,1.0226331171283882,1.0195867357226642,1.0065591641310956,1.0031159822083417
1.4929371812253212,0.9196015794649931,0.5917739194678665,0.5499147510493951,0.507365735053293,0.0,0.0,0.0,0.0,0.0,0.20056713398184992,0.48436521619781836,0.79669072734371,1.1586934840968777,1.514679068410031,1.2659799137987249,1.045864830925402,1.0266667352840304,1.009150551528758,1.003309709189239
1.1291454324812424,0.9581899200075586,0.549237773250178,0.3878568274385599,0.49965030956209855,0.0,0.0,0.0,0.0,0.0,0.19790677090825506,0.5504106037223777,0.9066548930227172,1.2692709488426837,1.5657225948932652,1.3764355419584136,1.0395586629920177,1.0195892548515382,1.0075366745553007,1.0044345612955294
10.214991550561363,5.5841976063377645,3.392318653535191,2.87476808639918,2.466848336305549,0.0,0.0,0.0,0.0,0.0,0.1646234891466714,0.519121574458945,0.8076757076922634,1.1865135683369812,1.5215641427372761,1.3983306015708536,1.0426808630166855,1.0248820562886645,1.0100021420902483,1.002972840438611
15.41077888929471,11.923402236507163,5.083625720845196,3.030718141420713,3.899591959722501,0.0,0.0,0.0,0.0,0.0,0.18255612091796583,0.5296329697961822,0.8360752657313854,1.5251450948344227,1.166834140161332,1.3379354900576599,1.0257971268644692,1.0182489805523416,1.0040244795168491,1.0093522248123614
0.9647534732974027,1.0100650925969883,0.4153790390033695,0.34234864284237976,0.2828370031760743,0.0,0.0,0.0,0.0,0.0,0.2018776918297861,0.5617447661593399,0.9591141731039962,1.4065305934528192,1.6340372318020773,1.3457536218188881,1.034864415733445,1.020660443376463,1.0054761709736424,1.001910472956901
1.0215909487738444,0.654586691457218,0.5078976156585788,0.33194675071477897,0.31725167049345704,0.0,0.0,0.0,0.0,0.0,0.17470612106640213,0.5040648450516013,0.8196925676935705,1.1208399261455133,1.5479155828696185,1.3859358056879696,1.0438665507228893,1.0166408893158583,1.0095068215352918,1.004602026919256
1.2635908917330219,0.930524237756754,0.40139343862085075,0.40086141264219305,0.24845717330328498,0.0,0.0,0.0,0.0,0.0,0.18038982310680943,0.5368460354372876,0.8546585256433805,1.1509024225714672,1.5383678184304974,1.332468171640411,1.0316061413452813,1.0184549639954654,1.0065209773306025,1.0059581315893253
0.8521747081641923,0.42231367880352444,0.245044927973843,0.23663915894826665,0.1996353008042785,0.0,0.0,0.0,0.0,0.0,0.2339860117761786,0.7725321260577321,1.2097898444570245,1.4914343884233314,1.6678971162889333,1.3671434722469384,1.0385129027004925,1.0083804033267616,1.0001312170529506,1.0010132757559564
15.85814015518539,8.57148088740799,4.569910612940807,3.6812613848856928,2.687226801334356,0.0,0.0,0.0,0.0,0.0,0.18563280655484773,0.5225676513208867,0.8026825570833694,1.1444213693413674,1.5005013473228146,1.3028706657831468,1.0321604719563988,1.0197742579616837,1.0094798477299278,1.0033608313212823
0.8365329575788983,0.44584334654459445,0.3018367960097414,0.21587943454868075,0.24919741185514366,0.0,0.0,0.0,0.0,0.0,0.1837572902493659,0.5417243623240098,0.8804720996336308,1.2807889501510765,1.6013360250161504,1.3744612260534397,1.0415686368581445,1.020496690673457,1.006393836350583,1.00407172796382
5.8696299390818085,4.4164556844441005,3.1715124320173826,2.0528074502364264,2.6343220459789403,0.0,0.0,0.0,0.0,0.0,0.18585173834007887,0.533397817750076,0.8341624702572469,1.2259858487308486,1.5119541515310444,1.3877217289405341,1.0380475867029955,1.020397205416273,1.009546262546657,1.0032614660694699
0.8017625907485646,0.5013370006660807,0.3940494623818712,0.4810069356923544,0.2902996018686906,0.0,0.0,0.0,0.0,0.0,0.34768041942342415,0.8032091023978,1.1972813554842632,1.4608925708065124,1.6736989990385684,1.1910664033567135,1.0343339168483732,1.0091809129103726,1.0009849692026458,1.0017468462514856
7.303795476829445,4.369856618440009,2.469617873756503,1.918249182033223,1.202225148519234,0.0,0.0,0.0,0.0,0.0,0.2068192714349877,0.5689005993686577,1.0693319284625045,1.4354793090761377,1.6367068494679708,1.3122811507412115,1.045474001931196,1.0157549055765303,1.0018142303709707,1.0017168393600553
4.172703741392459,3.608726637467723,1.8101648553942002,1.431901948133371,1.0942964706379794,0.0,0.0,0.0,0.0,0.0,0.18548570946347004,0.5228792353204504,0.7917357799194847,1.1768763734300711,1.5748786226031175,1.3904390345930262,1.0330592831677192,1.0233857913689093,1.0123475133912792,1.0054352920854515
5.60206971189957,4.807886037098784,1.9889895814017908,1.4799802898503938,1.216142538481218,0.0,0.0,0.0,0.0,0.0,0.19241255994193063,0.5324639943328181,0.8252292606696439,1.1246643525834865,1.5435182108820105,1.321472216071997,1.0253417005644074,1.0184583739157447,1.0084497902302225,1.0033586222374544
6.098553275937116,3.861608783646016,2.2178309772387608,1.4431507133678037,1.7928367307838742,0.0,0.0,0.0,0.0,0.0,0.18562358061419795,0.48363923082299903,0.8078110613149847,1.5558173981599255,1.1539149429734088,1.2952995850020212,1.0454879875238858,1.0214357410950858,1.0043313376954162,1.0107395469239409
3.8171228652660707,3.501536550145228,1.1369757122326412,1.1504624099598526,1.4697644665862875,0.0,0.0,0.0,0.0,0.0,0.1856670719906379,0.5381273775857162,0.9107158509406815,1.1984164049400128,1.5234866832053549,1.3656326501042029,1.032577097801136,1.0188085666238653,1.008205841460746,1.002760359975649
4.288668081236277,2.8848894715316065,2.866845365115723,2.95872922608016,2.514008306039318,0.0,0.0,0.0,0.0,0.0,0.2370334762597615,0.7082291584626862,1.0773939477926635,1.3507596428035773,1.5910690309082425,1.3492460837013969,1.0385169701171206,1.0105486602860396,1.004229915688675,0.9998777428651571
0.7411783303632531,0.5679246637239981,0.3160217313655309,0.14961161010214022,0.14503945806075252,0.0,0.0,0.0,0.0,0.0,0.20469078191624165,0.5416474459992846,0.948145505352305,1.4075943385980547,1.6501972614001403,1.3213183227133856,1.032370963841183,1.0182975368806901,1.0057991367245824,1.0012287987012254
1.6228106117287795,1.524380195142828,1.2339749948897452,0.4479157230660279,0.8716834345800194,0.0,0.0,0.0,0.0,0.0,0.24459272204230859,0.5279192191591395,0.7767155075727787,1.4049736499888432,1.036931737360779,1.2000862204946416,1.0315401335296093,1.014936257546525,1.0071434198382923,1.0063096173749468
0.4006960549813331,0.22164460054350837,0.17016678125717355,0.1503327284705695,0.16816394590579092,0.0,0.0,0.0,0.0,0.0,0.21342568322925193,0.647267998132342,1.1122317825319885,1.4791783776454246,1.6818149986072197,1.339990940013353,1.0456765328061008,1.0073842861134659,1.0018996809626612,1.0013165933248107
1.3114846494631942,1.2832074336284625,0.706909053844374,0.5178668638003496,0.6203390628612203,0.0,0.0,0.0,0.0,0.0,0.19245092429620375,0.5259690550242905,0.897958681525956,1.2580265035310156,1.6118421552684157,1.3882489762136272,1.045115726628437,1.0199119148151927,1.007586871806462,1.0042094099927685
0.4926258637569079,0.3389634460545719,0.31885828012090756,0.39596908599522007,0.4381656729793534,0.0,0.0,0.0,0.0,0.0,0.2441566224208217,0.5906922641768091,1.0638695498621393,1.4187508979098646,1.6801863763726732,1.2901505786513212,1.0622537047690863,1.015146429251504,1.0047895381197636,1.001858052601668
0.0,0.0,0.0,0.0,0.0,0.0,0.0,0.0,0.0,0.0,0.0,0.0,0.0,0.0,0.0,0.0,0.0,0.0,0.0,0.0
197.35902977285645,78.36590954889381,50.38938643019845,62.21963583308159,54.923225378517245,0.0,0.0,0.0,0.0,0.0,0.18863860069667163,0.5061256335021764,1.0077224907493563,1.3742707466566426,1.655659246343683,1.3372989989368465,1.0691291898769615,1.0182770379733141,1.000805748692593,1.001904875870499
16.908775809061982,6.019657772821415,4.697050680902005,4.966934794442492,4.657514698104263,0.0,0.0,0.0,0.0,0.0,0.21481029561111964,0.5613564252372176,1.0225465463205388,1.381331440356819,1.657200741625275,1.270179631882237,1.0613773258172954,1.0178585648674432,1.0052817439602388,1.0019753090799746
18.346002175942346,6.239820666922453,3.7102813629134532,4.225884324504719,4.088888051077156,0.0,0.0,0.0,0.0,0.0,0.17816494801721336,0.45101251548039434,0.8533085594755733,1.2654439123525885,1.638600596492742,1.3061682925231832,1.076410782136621,1.0214271882708292,1.0049546227614936,1.002742171676139
30.839542584469694,19.084255435515058,7.061973380061966,3.1693752788962337,3.5691368340107346,0.0,0.0,0.0,0.0,0.0,0.14536322639288338,0.2839092153980664,0.5326594445794096,0.8907051070602232,1.45038350289029,1.308968250917111,1.0830401485512846,1.052661806567709,1.0310395086543664,1.0074608017990534
9.738459977520668,5.0556871159438375,2.8699877104973375,3.6999383780024333,2.9796177149205603,0.0,0.0,0.0,0.0,0.0,0.19631537634233562,0.4903636765154638,0.8314155482309491,1.216105773250525,1.5662575360772362,1.2924680855322284,1.045335751198265,1.0240869433612665,0.9991837416087973,1.004334986773699
15.922996871353632,6.2590274500966645,3.1472007901563823,3.4639439369349985,2.857361092330722,0.0,0.0,0.0,0.0,0.0,0.20215221447561407,0.47393543819826534,0.8284102236716646,1.2548056375931191,1.6324829794623963,1.2047363108138454,1.0493589880821697,1.0231210808071538,1.0029704037349196,1.0025995751516865
12.123893089882882,3.6479496465869623,2.5423980633531853,1.9995626642464903,1.9508706924670158,0.0,0.0,0.0,0.0,0.0,0.18392972455484027,0.47745012305140094,0.83107428555634,1.2411529517997053,1.5849168816163333,1.2491872306752843,1.0580538448432022,1.0228176318428188,1.003195134967752,1.0047754697504003
5.016156476603191,2.8341522308017426,1.496098181946869,1.9379539903814647,1.5264255422361976,0.0,0.0,0.0,0.0,0.0,0.21124055778389833,0.48092093912184697,0.8308645247661226,1.2554701725901964,1.6078323429673371,1.2453620125695457,1.0451514314106047,1.0281694214792003,1.0015226926732026,1.0034214271252686
6.082066359946127,3.7050187437129196,1.63581785167069,2.028133386824032,1.6020397864734874,0.0,0.0,0.0,0.0,0.0,0.19270216048840821,0.4750789685405745,0.8160369477867104,1.2334241796835428,1.54835629794579,1.2787480069147859,1.0437603570404346,1.0256722018259554,1.0021432144058577,1.0045149337481862
1.7901018627857872,2.4950943750053285,1.764746131620361,2.194481346790046,1.8779509676106856,0.0,0.0,0.0,0.0,0.0,0.19573592986195446,0.5167699235866233,0.922930151192367,1.280768167333246,1.5592566042143712,1.509616755347719,1.0563472649096017,1.0147825796748302,1.0044455645072026,1.0034923679736067
3.489849095943813,1.5060724187482648,1.3631692147051238,0.9505805577107751,0.9995083400254774,0.0,0.0,0.0,0.0,0.0,0.2353398222965016,0.6553674944597646,1.1547366095935965,1.440350822041706,1.661634582332599,1.2902325783651474,1.0548271932982294,1.0062061084977922,1.0045947118344478,1.0013678672983914
6.414358732284692,1.8621379609591577,1.3413459551132143,1.3412374223496262,1.1828208223357675,0.0,0.0,0.0,0.0,0.0,0.24907794167280886,0.672039975105648,1.1377634026283563,1.4225778640256057,1.6624496265289734,1.1946217386791658,1.050863386948141,1.0082946751952737,1.0039278215167826,1.001978461983477
8.363216473289416,3.3030519539783207,2.4557582553529684,6.026176859786121,2.850937839038958,0.0,0.0,0.0,0.0,0.0,0.21029285496879213,0.5543853604977137,1.032817353806734,1.344593555608065,1.620241932511845,1.274317667726427,1.0662802887852991,1.0101498141066092,1.0043984869734561,1.0026488388829755
6.734688358873771,2.9273337851030066,1.6300148727264627,1.4921436822806287,1.3479037831973208,0.0,0.0,0.0,0.0,0.0,0.1890628651920291,0.4756846795197445,0.8297332461525773,1.2586569261899172,1.588497177578667,1.2622478310455512,1.0473570890567776,1.0213270907934664,1.0035150908050845,1.0027009852503708
4.399996078999896,1.6425297010096158,1.0495015105097985,1.208310081878092,1.1101101908823898,0.0,0.0,0.0,0.0,0.0,0.1868112702805536,0.49317033483947004,0.8461850531390794,1.2067139227287071,1.5669844649020435,1.2842234499579566,1.0498884117371161,1.020861445720936,0.9983897459498059,1.0037874650978813
6.1195878298175215,2.5509648968364607,1.2178788395357523,1.0334236873474982,0.9251178786005962,0.0,0.0,0.0,0.0,0.0,0.1870162386002162,0.5094583891556034,0.8259177569585849,1.2430208466001893,1.6209095787656143,1.24692981561831,1.0360140988043156,1.0225214923660784,1.0045841913685047,1.00379477866915
3.003248107517484,2.0728782108545127,0.8777002996818171,0.7924710032512533,0.8904903976017806,0.0,0.0,0.0,0.0,0.0,0.23099799533046472,0.5208039871519526,0.8435276512713887,1.2745930057189425,1.6275024321597127,1.199169110622204,1.0271412909800404,1.0260353639627073,1.0020086068086722,1.0030422586379424
5.448968621366492,3.093946439673715,1.2899675901914887,1.8193104526273118,1.22121416130956,0.0,0.0,0.0,0.0,0.0,0.1831001069390259,0.47182657831498853,0.8624607432689191,1.3198649753228027,1.6366154203795074,1.2992591114103085,1.0569434447539325,1.028733338309428,1.0052819729887026,1.0026064075506473
26.90481677988605,11.10356337960843,6.1118497612486475,7.346431651388042,7.908074239245133,0.0,0.0,0.0,0.0,0.0,0.17628532909312922,0.4886733405247168,0.8637466844796247,1.2518653034903267,1.5680360458539666,1.2923577247063864,1.0489466101992702,1.0244249428015473,1.0001429508605175,1.0037766042376486
2.493700755329834,1.1558416951565884,1.1875779831650206,1.1153916144019784,0.6496295301769107,0.0,0.0,0.0,0.0,0.0,0.22173489111470396,0.6726404501645817,1.1306653852209514,1.4362863914509303,1.65009790296211,1.3684803136645654,1.0593368909457648,1.0093484208081431,1.0014395117136965,1.0020113584944395
3.5046300191650253,1.8665208139078153,1.0942871399575658,1.090928827946735,0.8009528129980371,0.0,0.0,0.0,0.0,0.0,0.19948388126420902,0.5387418797945301,1.1005309122947204,1.3857373063519915,1.6395497043840892,1.3166620885021576,1.0721656861666042,1.0068773286306838,1.0018355085211081,1.0013831458200653
4.206052276880776,2.035696706822777,1.1286973706571324,1.7613631701567158,1.071975936953678,0.0,0.0,0.0,0.0,0.0,0.17468411264862274,0.5003760719657194,1.001294340788986,1.3903283230344208,1.6777093155205345,1.3734970821470556,1.0681301802616663,1.0180227619360493,1.0034407958827343,1.001896385142458
37.742729912295886,13.574301383182771,7.58954491321516,8.038933607129044,5.594872437739996,0.0,0.0,0.0,0.0,0.0,0.2180332552447509,0.5196855877150904,0.9504948886374148,1.390120018928981,1.6454704537394267,1.2190854799709,1.0587551795856494,1.0272659337359227,1.006025560182246,1.0026984876170824
3.5335943565913595,1.6263565965707634,1.0564934261689065,1.5466415834959668,1.1641187147512233,0.0,0.0,0.0,0.0,0.0,0.1992942418462264,0.5062747387030581,0.8948017447656669,1.2647980673164727,1.6084665099282855,1.2920734551571469,1.060089607386219,1.0252003344147371,1.0069937018868804,1.0033298618106723
2.1430408866191444,0.7129906169386804,0.43086600666572467,0.48894434553506316,0.4842039788215177,0.0,0.0,0.0,0.0,0.0,0.17066239272964345,0.5161962395592556,0.9329869861001674,1.3116609362384355,1.620987483798965,1.321216252121679,1.0533777187710944,1.0215575246465423,1.0028391096035016,1.0005844154439125
34.263342815980124,11.06528993063228,5.849305600945063,6.520168608708497,6.748768953440286,0.0,0.0,0.0,0.0,0.0,0.1885205036857164,0.46936410813742513,0.821194862853831,1.2830411114968816,1.6573062202816078,1.2671468908355124,1.0664716935064515,1.0258360659865666,1.0073000831005794,1.0022286661249413
2.1710573823305177,1.356555422521554,0.7763511054627431,0.8198327155986085,0.9332620561828392,0.0,0.0,0.0,0.0,0.0,0.17271337905821083,0.4700542913953385,0.7749230798024713,1.6213103736685524,1.244602152949165,1.3712167521196386,1.057045590820385,1.0278570650806111,1.0024337695336725,1.0091073524203191
8.34330533703913,2.4525062594792844,2.0249176002246108,0.6549586235377811,0.7322802221732173,0.0,0.0,0.0,0.0,0.0,0.15524181420395045,0.3276886268947694,0.5315778333844974,0.8111341221967336,1.3387033542844868,1.1710104576783478,1.0736319360713138,1.0319070051452899,1.0351577132341765,1.0099438532206724
1.1751354213782996,0.5310783281016617,0.2516227552974203,0.25333193104858365,0.2170215450739999,0.0,0.0,0.0,0.0,0.0,0.18284317281610402,0.5442994099024872,0.9559367793972811,1.3721524642007104,1.638686991979241,1.3277531758924521,1.0448328465866001,1.0183947178644484,1.0048338066410578,1.0028566786219941
6.441943703011407,5.016847380423305,3.668789727977882,3.795026309160491,2.4744171731333418,0.0,0.0,0.0,0.0,0.0,0.20138214045851682,0.5132431385611277,1.1864291569346277,1.4048190420879747,1.6726432743358295,1.4370329062550748,1.0791905793981276,1.0041199869120814,0.9998087875259426,1.0015232433326007
8.004110482194722,5.336479606445144,3.0699363080851723,2.854932501744712,2.582713638104642,0.0,0.0,0.0,0.0,0.0,0.1817008387634106,0.48525189075704356,0.8346759683484618,1.244190877003202,1.5778903374482676,1.3827159100664093,1.0465235903514842,1.023969142549782,1.006322796078156,1.0035941599939522
3.5681012273452573,1.417034512028024,0.6532390048284344,0.2858209619571698,0.3969669102192225,0.0,0.0,0.0,0.0,0.0,0.16295490019846912,0.3653194551322326,0.6663886631960406,1.0157627671914502,1.5058585510147253,1.1980073749530475,1.0790420014506152,1.0320247692270104,1.0210432463832302,1.0060963886829946
184.477768003839,58.51344944403337,51.33670557496738,64.68006585338273,74.52540274339655,0.0,0.0,0.0,0.0,0.0,0.15356083342823224,0.5033423425166964,0.8322679798249638,1.266675943174733,1.5787775039832106,1.4269754798178336,1.0655783619056813,1.0230163265788859,1.0014750480198509,1.0035038869005506
17.419688116084586,6.703428719399682,4.632310545498399,6.218014391406971,7.9305485895125525,0.0,0.0,0.0,0.0,0.0,0.1649958704295589,0.5110913836520238,0.9112477477022869,1.2795214148910274,1.585823979905042,1.4321304037940883,1.063370695297174,1.023025135813015,0.9988419647837821,1.0031930328992509
11.80103802964728,4.371502601337296,4.9600284863167,4.102634698129353,3.277081377516204,0.0,0.0,0.0,0.0,0.0,0.1947213902765926,0.5904225884575657,1.1531946228067016,1.4377989727243108,1.6456312856767026,1.365996818845239,1.0633437666230492,1.003942195203347,1.0023104518687165,1.0015045772057432
10.084233561351782,3.114675397514716,2.0242275162475334,2.234557739699177,2.160126616124829,0.0,0.0,0.0,0.0,0.0,0.16604700145057363,0.6106901560104331,1.0918725064346768,1.3722727204382192,1.6146047828191616,1.4608685030642914,1.0519207835465825,1.0069024175333323,0.9958753766260614,1.0026188067842474
10.058303866862081,5.1015860047521695,3.2083367275975974,2.832878368615654,2.880377045171983,0.0,0.0,0.0,0.0,0.0,0.20483835487961377,0.5252233685652844,1.1104549642250499,1.3896355763765977,1.6276775208801197,1.3186899887467607,1.0693892372528406,1.0128702267153713,1.002400987232222,1.0017582796008755
9.62070502720081,5.470331561288782,2.072922783164194,3.6386548183240146,2.5949791463049015,0.0,0.0,0.0,0.0,0.0,0.19359205710186442,0.5066799744882773,0.9653599469706502,1.2825119996394343,1.5648918878831648,1.3152484557381081,1.0528045256774858,1.0198085507686758,1.002087109825063,1.0040856094216954
8.670742133660207,2.9977360557982635,1.8370773157139664,1.880098096694616,1.4275518589919705,0.0,0.0,0.0,0.0,0.0,0.2029741240227201,0.588966314610991,1.1467609176673232,1.437279504141113,1.640299342256666,1.2993783189749875,1.0632531600410613,1.01061676314093,1.001976330237521,1.0008092146199983
6.759299622154677,3.307692534447773,1.3325135001089858,2.2287085765836325,1.6628721093298104,0.0,0.0,0.0,0.0,0.0,0.19844572697876012,0.48446552510430985,0.915088841910062,1.267565957061487,1.5810427367461208,1.2719210111371742,1.05524056185051,1.0207004743376364,1.0011093042691817,1.0034118301192656
5.931432475672179,4.250776335756671,1.43362300773133,1.9036081276054613,1.2072448572626253,0.0,0.0,0.0,0.0,0.0,0.18904497153954003,0.4972441398851669,1.0347757512701334,1.3578384949759519,1.611637560975428,1.3506272362327885,1.0587283937053147,1.0184628859902414,1.0038959229062805,1.0031395445563156
2.40043185764295,4.095523878029721,2.3408033653942164,2.6228278517279637,1.470491417270061,0.0,0.0,0.0,0.0,0.0,0.1826855363987027,0.5101341514810589,1.0397714990771758,1.3781260346297295,1.5782636769202576,1.5690767591690422,1.0485638468534038,1.0122865282378628,1.003599779167124,1.0025952055308294
3.5612687594876973,1.9729553338114065,1.4321091676282178,1.2574374958131074,1.256006393783748,0.0,0.0,0.0,0.0,0.0,0.18837730571762615,0.5317103794971878,1.1232703035722404,1.427587595744477,1.643006180463192,1.4382480323911957,1.0753377827172148,1.009152105976173,1.0021107646966312,1.0014025220876441
4.975553583661549,2.7021997505177517,2.062334336998176,1.690227686299684,1.0983055730036586,0.0,0.0,0.0,0.0,0.0,0.23967799730157102,0.5635321696108123,1.1534653160202033,1.4191611389690908,1.642001889811367,1.258915514090434,1.0692361754018738,1.0038941086868514,1.00399406834006,1.0013619545270744
3.4175775529799166,1.7676263050818257,2.7454619308609773,3.8500390286479567,2.879694599831926,0.0,0.0,0.0,0.0,0.0,0.19390902394422327,0.7043215303522588,1.0701137462689532,1.33083458699642,1.5857200213674023,1.5454219126857338,1.0339644923959357,1.0094663530853294,0.9986284709911625,1.0028446417385843
3.6538446823152766,2.649287533081174,0.9094953484765285,1.6998760388371141,1.4280902992376494,0.0,0.0,0.0,0.0,0.0,0.19111711951749694,0.47931364639368174,0.9349321770583018,1.2726703025080601,1.5535316589068218,1.3435904876340206,1.0533402032681392,1.019554502186907,1.0000951812689869,1.0042841595334087
3.703777907730616,1.5624886180371853,1.0752861750196732,1.0094747745243364,0.982938265782138,0.0,0.0,0.0,0.0,0.0,0.20082009087457198,0.5461899399985218,1.1151453443186021,1.3777386311343143,1.6161033631395105,1.3063497238265473,1.0584020607638152,1.012246049277327,1.0036022587947653,1.0009510574202343
2.8625660024754502,1.433678153437512,0.7143682150850206,1.1742809959980622,0.8680033835165298,0.0,0.0,0.0,0.0,0.0,0.17986295967295415,0.44362179631854737,0.9116845618373169,1.2772812425674436,1.6085229555406877,1.3261304659843045,1.075919776207249,1.020244544297427,1.0066989558890178,1.0011712163717794
3.9376708486836707,1.8443715200247897,0.8423210186033925,0.9719961521927555,0.72790323414093,0.0,0.0,0.0,0.0,0.0,0.19136607914240802,0.49099457270237434,0.9278802865656601,1.3151583274412848,1.6185538168067977,1.242970247134866,1.0509917169585568,1.0189411306619158,1.0030343140844233,1.0015437614355658
3.865922206661871,2.665589766641249,1.2831599231491861,1.5220108787640347,1.2306755671115701,0.0,0.0,0.0,0.0,0.0,0.17746961902576155,0.5008041937632066,1.0418789353014049,1.375959551297165,1.627817881293422,1.4428298370922654,1.0643205347452227,1.0128930831789618,1.000407308427166,1.0029261514184549
25.918092675345044,10.286097223669998,5.802790368108591,8.264233488484965,7.038681548528001,0.0,0.0,0.0,0.0,0.0,0.19216666962711426,0.500367400389769,0.9797340176146592,1.3173085580769786,1.593358852225298,1.2844215608028027,1.0627167473212698,1.0207220297383623,1.0048484215084936,1.0023813637305639
3.959314843865966,1.5607908441862546,1.3915087106652226,1.5933369369995385,1.537928714076095,0.0,0.0,0.0,0.0,0.0,0.15484014377906716,0.4810051741618069,0.8327874715708564,1.2059839378484207,1.5487596086046054,1.4622606277518864,1.0624795825271094,1.0211086575556898,1.0097969246361471,1.004372740348388
3.3847971106627233,2.4301208855004,1.0303567502250597,1.237035364052172,0.797996814788908,0.0,0.0,0.0,0.0,0.0,0.18266756090655337,0.5102479663638416,1.0979759372627582,1.3816321568391756,1.6220779048819423,1.417408911537031,1.0622322154857826,1.010438400186197,1.0026404917889558,1.0025248905903204
5.42647968194854,2.5547796368491635,1.3980542664094917,1.4547856309218008,1.9097753237258268,0.0,0.0,0.0,0.0,0.0,0.15922436355886324,0.41264812513367877,0.794898141250843,1.319703415517636,1.6454976234337435,1.4028010920147074,1.0665816415038945,1.0116388357078636,0.9905329669871746,1.0029698417897766
37.09017035585237,12.086110525686081,8.048571436546164,10.21016149615127,12.226144408066698,0.0,0.0,0.0,0.0,0.0,0.15904910291896926,0.5023241083659709,0.8679281829487899,1.2602556204850521,1.5931036765354574,1.3911985502318442,1.0653665606187133,1.028266336001716,0.9992038238841925,1.0023837219038216
4.769170756452008,1.8794095012302066,1.2864279212938476,1.3944781139360103,1.8063866831039506,0.0,0.0,0.0,0.0,0.0,0.16896042997936336,0.4965076243514377,0.9714997003356818,1.2724777882203728,1.5598188746711201,1.3906875220592276,1.072506260379148,1.0158108349995294,1.0027488576966712,1.0022711017379684
2.0455328945601265,0.7714788728656607,0.4901504244866137,0.6384855709274426,0.523993448350774,0.0,0.0,0.0,0.0,0.0,0.16810707121435123,0.370026427341732,0.9070203263419698,1.2529534123618862,1.5973329836553405,1.3310861932884497,1.124547616402829,1.0139034857243912,1.0025131299730812,1.0021409602385125
16.500604887722325,6.827925259403687,6.1217129409319915,5.940194099108363,4.0819177200176755,0.0,0.0,0.0,0.0,0.0,0.18841056045271162,0.5992483420176802,1.128436257311503,1.4544782373352734,1.6630305806107215,1.4181057717188286,1.063212582023642,1.005433527865248,1.0029384058076976,1.0019163789160608
2.98152274323433,1.511984305833633,0.7420559900726987,1.0402139339165628,0.9893015403726807,0.0,0.0,0.0,0.0,0.0,0.16358456665334062,0.5198523234940274,0.960991258825041,1.2399982567401506,1.5236586501065117,1.3953469240153624,1.0510048903371147,1.015069760697387,1.0021044363790104,1.003665947989301
1.6641787967215067,1.0675535724536598,0.4391495423464632,0.4681127149284306,0.4457216921775086,0.0,0.0,0.0,0.0,0.0,0.1664744932471171,0.44441377687441946,0.7835472464396422,1.2575997318597791,1.5879854186921105,1.3831710227920708,1.0536753244561365,1.022504229384795,1.0016723962276544,1.004337761274662
0.734804162938987,0.35372585457240496,0.22662149752522803,0.2950156329784911,0.1495373003848553,0.0,0.0,0.0,0.0,0.0,0.17325022334971407,0.48938148487932676,1.051009053895061,1.3969507667512289,1.6544469902330228,1.42904216199382,1.093039078671001,1.014479550252888,1.002583557455038,1.0021106677177285
11.786683817488344,6.2941081579188225,2.7010122556529863,4.384214447647208,3.374743180634711,0.0,0.0,0.0,0.0,0.0,0.16846219238209872,0.49140288152635575,0.9778359948779605,1.3926769055530166,1.653607617838285,1.454298646294744,1.0713336902677117,1.024937157684683,1.0034196849203194,1.0022942890007132
11.36859070025344,4.483703472128977,2.284599712902419,3.5953937220080987,2.1071768763108736,0.0,0.0,0.0,0.0,0.0,0.20850735844297993,0.49223944259718566,0.8684885188174359,1.2256197104577047,1.5723009855552073,1.192715739230833,1.0575172006416254,1.0205507169911705,1.0056047255915752,1.0022440352596138
0.6902268450712035,0.43335338206415164,0.2309057985471612,0.23086533088248923,0.16365323918272792,0.0,0.0,0.0,0.0,0.0,0.15995324681394368,0.476792480909524,1.0603449073466167,1.3815787100917434,1.6323453381564013,1.5328068927040839,1.0829550415818114,1.0138064860678329,1.0012386358401166,1.0029410602921418
178.15435494673426,83.83394360975723,53.40838870409236,76.96908042382543,57.6253387472495,0.0,0.0,0.0,0.0,0.0,0.15857131609164413,0.5814340267047517,0.9375527043084505,1.3209751567967807,1.6136062301329557,1.5005191632580293,1.0406094211690693,1.0196228745426774,1.0014609965472183,1.0034100797922043
23.604559083519614,7.115996696755531,4.310823952817434,4.802195590387307,6.175747886137402,0.0,0.0,0.0,0.0,0.0,0.16262940181768284,0.4594521766355213,0.8742022232492415,1.3166577091934655,1.6159601015890501,1.3514574691443457,1.0869352058879493,1.025496863137074,1.0053665910000327,1.0035529096807132
12.760201009590386,4.574285565576815,2.82469984799902,3.2679019705585675,4.976200505699872,0.0,0.0,0.0,0.0,0.0,0.16252990305464296,0.41744130795989226,0.8659427806825044,1.239705047271301,1.5688031668081068,1.3543951670456291,1.105965769292424,1.0258154156799624,1.007878074338427,1.0033589668913425
6.968977853459114,2.670239000112582,1.8358482412184998,2.3802558776941156,2.3393790692475305,0.0,0.0,0.0,0.0,0.0,0.18995175830853753,0.49895970691300895,0.905994700870475,1.338601440837213,1.6011639753370874,1.318527450853419,1.0747714064727882,1.0241573298316073,1.0015453385902038,1.0035557705178124
8.5694196851326,5.001186921588248,3.040130705559135,3.600700393823659,3.755725922161376,0.0,0.0,0.0,0.0,0.0,0.17638089081301112,0.46609986670755627,0.7964803981399707,1.2312709683000584,1.5794539202523523,1.3360868859749024,1.057868897748835,1.0313578287211345,1.007539247514118,1.0026342250683031
6.540779488646433,4.979554902698974,3.1047088558754035,3.2166050745759,2.8867995799991655,0.0,0.0,0.0,0.0,0.0,0.20073838924160434,0.5295831903503557,1.0351567392844538,1.3874001322941234,1.6360169243783111,1.3793413144337694,1.077861567088575,1.0164107323012206,1.0046194568593323,0.9992308838304145
5.221024362139459,4.076650822158912,1.8805505004940961,2.3742712181265104,2.3055724173876833,0.0,0.0,0.0,0.0,0.0,0.20550968132067202,0.43815562760876686,0.8761398510971459,1.35582124619804,1.5857029822068789,1.2856845229174725,1.0682685547129784,1.0289197188433057,1.004921415359595,1.0016402553288828
6.429634056627743,3.5908837493605725,1.6493881536897035,1.8213989248362719,1.6629522031746795,0.0,0.0,0.0,0.0,0.0,0.1856599977818428,0.5268475236173213,1.0251070905185256,1.3824588632840131,1.6229615142957654,1.3540968183163558,1.07689233011729,1.0203311721485817,1.0047604230172082,1.0002172164295766
7.480748990210174,3.138370131367684,1.7770734298999584,2.1067854030983595,1.566445710382332,0.0,0.0,0.0,0.0,0.0,0.17656378947301885,0.5897240188433921,1.045632892613828,1.3774864361163524,1.6332934486417174,1.3367415055103766,1.0560107152796592,1.0154284192905556,1.0042161099886875,1.0005735405024476
2.9043139576333217,3.0435379138033327,2.3122974994528573,1.7000717366757752,2.46451575891268,0.0,0.0,0.0,0.0,0.0,0.18422310767820965,0.5899234766384551,1.0541526213553547,1.6230295232090575,1.3725106400205243,1.4804536650592865,1.0406549389214155,1.0100075611719725,1.0010422575740487,1.0044126480579594
3.2000006077248377,1.7989968800337401,1.0561668291564168,1.3274860733362597,1.457423636839939,0.0,0.0,0.0,0.0,0.0,0.18034371551715583,0.4920022033527318,0.9235712619598733,1.3420048142659275,1.6280941595134344,1.3639098788214368,1.0709347970724148,1.0275640166717945,1.0069844014794909,1.0024182575488878
3.7803081561428784,2.971027189841736,1.5791106458532567,1.8748098485452882,1.3781645538976617,0.0,0.0,0.0,0.0,0.0,0.19960384023601904,0.48218460481812486,0.9767083282279715,1.3821372461687846,1.6218440837680244,1.3783149976112359,1.082034294959613,1.025255938710049,1.002801751263948,1.0012467529314724
3.866622513920833,2.6069570670435147,3.5281792266611056,3.829145564146093,1.7011258139366334,0.0,0.0,0.0,0.0,0.0,0.24550817327698585,0.9705309156465132,1.2441210831165082,1.433573726597266,1.6567925003571604,1.4772999817489687,1.0158290298126949,1.0049259488480322,0.9982842278783395,1.0015147424667319
3.566687044969315,1.920294585744942,1.3764252669999197,1.4063408259343706,1.1097516279977924,0.0,0.0,0.0,0.0,0.0,0.1942789590677801,0.5384525286975941,1.0502364799378783,1.410298136674219,1.6473219048675716,1.3562582647843249,1.0776620398293448,1.0167639089691665,1.002670717419444,1.001168624494487
2.765280841618889,1.5174933890853581,0.9939778979884579,1.1469232714504312,1.3699781525794354,0.0,0.0,0.0,0.0,0.0,0.18028624012348,0.43981652408440536,0.7884422187543523,1.2189440139349093,1.576173338664466,1.3231774501822777,1.0694813023606842,1.0305352550766167,1.0090613594021463,1.002430943152405
3.3138020065585736,1.3744038574121489,0.9264061843583125,1.018441539617477,0.8068371824491146,0.0,0.0,0.0,0.0,0.0,0.2205437095881957,0.6815472514091327,1.0615141864868423,1.3987799584191054,1.6501230548179946,1.3123794796110957,1.0398803692215115,1.0140594022949903,1.003917741558131,0.999313097449438
4.817962613042037,2.0727212167741724,1.1499206061263205,0.8077756980369118,1.0205699492080131,0.0,0.0,0.0,0.0,0.0,0.16935442150302155,0.41549361250948125,0.7454460583776307,1.183396755972427,1.6011154926029116,1.290905584030838,1.0704587294274381,1.0343643035484134,1.0130355813469871,1.0024411211004054
3.477221996023861,1.7003974545196037,1.334208053442899,1.5225540616816275,1.2414099912783978,0.0,0.0,0.0,0.0,0.0,0.20137611555208135,0.5715607397131095,1.0316596945068093,1.392301211177838,1.6504702986024868,1.3016134980713545,1.0592374358985663,1.0150675689053628,1.0049886512205388,1.001013455310937
24.322679331735863,12.0625165884837,6.880174338404421,8.40010653277007,7.16780549280301,0.0,0.0,0.0,0.0,0.0,0.18347239537309393,0.5704941054676647,1.0245543520414284,1.374730964757833,1.628516187155281,1.400416273733153,1.0634740441049146,1.0169371198579678,1.0047405043403084,0.9993012825903758
2.063067105637467,0.8408821513002216,0.7906277205149415,0.9043855447863696,0.9024004611016132,0.0,0.0,0.0,0.0,0.0,0.2522371855631814,0.7433478082083135,1.0835836281051028,1.3744112021349768,1.5932751048194844,1.2558835250893912,1.0363402509083148,1.0108529441320593,1.0038874923556096,1.0014509606472894
3.3878205782493667,1.4089888163275543,1.1399431941502172,1.3138068950366601,0.9475244536083199,0.0,0.0,0.0,0.0,0.0,0.19495176922048743,0.5849283763888635,1.0647110764901022,1.4056433429687856,1.6410087482739526,1.312979307585859,1.0625904104467527,1.0138220083423488,1.0041258595172982,1.0003059267440695
4.550423908564013,1.4833903445842185,1.2343650282469458,1.8235770685349793,1.2946729776054773,0.0,0.0,0.0,0.0,0.0,0.2275061374959928,0.5984176968964482,1.032896257777258,1.3992914633485518,1.668833842002506,1.2229308096763771,1.0463126231542461,1.0149660632052113,1.002370170826468,1.002020278239239
24.125078511917952,10.248400725800224,7.123139373094763,7.846353723427393,7.434334484430659,0.0,0.0,0.0,0.0,0.0,0.1749896652223563,0.48324218785572237,0.9436655880649266,1.3734681856308224,1.6439766239189555,1.4079480230138863,1.088612983943996,1.0236317343935675,1.0007882583279426,1.0024523053813055
2.732834390823838,1.1259111123097738,1.9758601125323334,1.1521239425275343,1.1133108175790372,0.0,0.0,0.0,0.0,0.0,0.2370984734437732,0.6558452386175763,1.096941993907246,1.4219444738400002,1.638424145788478,1.296247162045696,1.059471505318841,1.0105249191686856,1.0039510295827252,1.0012827531278643
1.905844143898672,0.874207805461473,0.5381263724758829,0.5395273655168087,0.6501525131760447,0.0,0.0,0.0,0.0,0.0,0.18220003441906546,0.4232377991190552,0.838966716407021,1.2456808662636887,1.5791760145663434,1.3012352573690675,1.0842161118795275,1.0299651930877207,1.0096267075422811,1.001061643799289
14.092566541671328,7.626771000432761,4.4137931437703335,4.934069212194478,4.851331463116885,0.0,0.0,0.0,0.0,0.0,0.17223286678658986,0.47083346981435026,1.0146057151713577,1.4002426106715358,1.6674221482732252,1.4443937746682853,1.0839863497232338,1.0233867744888698,1.0031228312821718,1.0023512753446742
1.4196246941699857,1.114497043459594,0.8068870316917133,1.1062096848276042,0.7506578869741475,0.0,0.0,0.0,0.0,0.0,0.22063309079514792,0.5622332614743324,1.0502831360737697,1.4191040371442791,1.6524808166114633,1.3481911284974857,1.0583200812925255,1.0165015560940924,1.0004129143895784,1.0009332138739404
2.3555242777462295,0.6113307399423737,0.4978563551850984,0.45930614828513,0.47317873565938695,0.0,0.0,0.0,0.0,0.0,0.17168537306548037,0.47879817917352113,0.8019026039531502,1.2360627258596042,1.53342473925859,1.2536269282528139,1.0657767831781864,1.0247513996293707,1.0069847593627155,1.0040637660920897
0.8005716291398791,0.4787494991429716,0.2568978248788135,0.27290725258046383,0.32722173408129446,0.0,0.0,0.0,0.0,0.0,0.1889229275014613,0.47496732623567023,0.9135786951338055,1.2966029157665213,1.5983650803622036,1.3093176922075882,1.057251312571988,1.0201106719707547,1.0066397501814777,1.0023750174205561
11.689427112318885,3.896966750492114,2.4892147477593265,3.0718353472649076,3.3851168474312154,0.0,0.0,0.0,0.0,0.0,0.17931531248166957,0.5268437167784285,0.914831175193305,1.295707759838121,1.6485490895601134,1.2942236122722477,1.05502597283316,1.021584836778787,1.0072984130582419,1.0025463896636124
13.071634808559711,5.965324649336919,3.1884906039285217,3.106661567525608,3.1695098207729613,0.0,0.0,0.0,0.0,0.0,0.18771283586955678,0.5468010877757429,0.9912680761231256,1.343484306519127,1.6046255058577008,1.3229850792813587,1.068186874401256,1.0196503389384586,1.007142508371974,1.0010979815777123
0.8009402595099256,0.19414572285638915,0.2081723203364787,0.22243055402183803,0.17927344312510105,0.0,0.0,0.0,0.0,0.0,0.21814057977024048,0.6784037712009573,1.1163569783231715,1.4511120663230157,1.6626564630125409,1.258443573574236,1.054342375620963,1.0138319948411112,1.0038413084446682,1.0020681750357843
0.0,0.0,0.0,0.0,0.0,0.0,0.0,0.0,0.0,0.0,0.0,0.0,0.0,0.0,0.0,0.0,0.0,0.0,0.0,0.0
37.1728798740372,18.760556482345233,10.346636440643902,11.300293329942116,8.306777402905182,0.0,0.0,0.0,0.0,0.0,0.16193821818243148,0.44028069574876394,0.8186852479402696,1.2969097191957368,1.6263647958804377,1.3888108151874983,1.0700052014255441,1.0196523563159186,1.0059637044394594,1.0041327022400515
2.738319039930765,2.418790229646702,0.9632009818574364,0.7416000345485685,0.7598907718999206,0.0,0.0,0.0,0.0,0.0,0.17495845696347445,0.5478229009461887,1.072159599557308,1.4212838267066692,1.664924733327959,1.3251047283370132,1.0211648701925393,1.0137223121527286,1.005472280025006,1.0024584210542549
8.829150730725402,4.569390775694349,1.9730536878168201,2.4361850654388997,1.676731289674392,0.0,0.0,0.0,0.0,0.0,0.17111625225099533,0.4912332273589433,0.9784871803177432,1.371378213785519,1.6132000196684382,1.369730279608168,1.0630015218874052,1.0166580544001922,1.0056326747560456,1.0025747929347344
9.533576557818652,5.2833543096215285,2.320981390448888,2.6127328155759884,2.949618169585059,0.0,0.0,0.0,0.0,0.0,0.16823417385358383,0.498205456570586,0.9507693145801344,1.3010302383224526,1.5229213575645353,1.4171541061285777,1.0617451565610712,1.0205933942245484,1.0054250708188672,1.0002408565019716
11.061811294078213,6.843598157097718,2.61130132347753,2.5957601882422163,2.655228077652292,0.0,0.0,0.0,0.0,0.0,0.17600360321869638,0.5191251576429029,0.9911398577450978,1.325315881634215,1.5593426944800206,1.3701009924924485,1.0487049216637427,1.0112217322217605,1.005964258880997,1.0012981419516538
1.444425940290156,1.0378734386710113,0.44373407952605515,0.7347857651773969,0.5187600907335443,0.0,0.0,0.0,0.0,0.0,0.17998327687733026,0.5542508670703563,1.017183018864267,1.395191585065996,1.6266884433662145,1.3971554400406148,1.042160804156569,1.0180149676464474,1.005097435690904,1.001786623052009
4.874781351967433,3.738016673564789,1.4566206242321134,1.1744898172240643,1.250451702755517,0.0,0.0,0.0,0.0,0.0,0.2051556163854437,0.5105634130704788,0.9737984097694217,1.2908666327936544,1.5664867498543489,1.3061623336452246,1.0494425624749975,1.0132555826052336,1.0065447513139796,1.0028056838767327
15.184566224974498,7.060035569505942,3.06434265002526,3.306675034864962,2.909780718577228,0.0,0.0,0.0,0.0,0.0,0.18121256194900637,0.5093641959287695,0.9950531523011162,1.317462123325407,1.606431953165421,1.2959824413666592,1.0550850708002988,1.0137158683953968,1.0059754768402487,1.0024700287275645
10.651401735041777,5.674161498440765,1.7544812668588208,1.8032883915290157,2.1522343735225755,0.0,0.0,0.0,0.0,0.0,0.1712991538686044,0.5082013417182751,0.9235226539808711,1.2928960451874114,1.5310916289099743,1.3482440391893284,1.0439546080026065,1.0190652838770327,1.0063513967147042,0.9992258052986803
13.184600411780718,16.759500870840522,10.693334686469777,9.288396645792812,11.65736076789526,0.0,0.0,0.0,0.0,0.0,0.18000882986148106,0.5688251023319257,1.0551122392130843,1.6081120104702264,1.3747788744774188,1.4786627512441266,1.0456826188327328,1.0093618493889664,1.0021929731160932,1.0035833669902812
5.004507133163725,3.3256849119725715,1.0112282885322386,1.1882582598810587,0.840254996815083,0.0,0.0,0.0,0.0,0.0,0.1775091960470768,0.5275774526927748,1.0443610286716396,1.3754770026738476,1.588599613884315,1.344219338336935,1.03844436332995,1.0105617093757089,1.003873567937291,1.0020862195791698
5.959894907402706,2.9483592042068776,0.9664246706347008,0.9550313170730703,1.4603486619125718,0.0,0.0,0.0,0.0,0.0,0.16557651866547274,0.46092258888366283,0.8099365162620334,1.248789115537909,1.5227989337957955,1.3436557668050104,1.0532414840160196,1.026658882912852,1.0093487425163779,1.0002458988598697
5.902746766134557,3.3188749278737477,1.423591387054008,1.1995348039693277,0.8934225797112993,0.0,0.0,0.0,0.0,0.0,0.1745760659605957,0.48237194623261664,0.9807647571720937,1.3118984146766082,1.6083166795689863,1.361783697178842,1.0639453073464382,1.0140650581003017,1.0065691226589837,1.0030487155702823
61.58135046838633,29.210449669368643,12.948724508735978,15.663151738741465,16.146362330796883,0.0,0.0,0.0,0.0,0.0,0.16701481531983667,0.49390021037346143,0.9767423965841413,1.3201304131015108,1.5584768261289639,1.4017202240792148,1.066245450856973,1.0162869818101823,1.0056830815672766,1.0004026443608318
2.736350841832715,1.7200967403033947,1.5578017264493034,1.6702479667274956,1.2556946404153486,0.0,0.0,0.0,0.0,0.0,0.17655499064108443,0.5302665366716639,1.00796383426768,1.3413041501193448,1.594834499182908,1.4818318415106422,1.0742485654649392,1.0173353228258548,1.006003810155805,1.0018307697861037
4.48833909812823,4.2346496849703135,1.6530639369818996,1.100867183362753,1.3227644458615357,0.0,0.0,0.0,0.0,0.0,0.1774259417473509,0.5378192035709817,1.0237576654586424,1.3085778693549626,1.5284177312886191,1.3283414745821716,1.0256883935993792,1.0072327427878616,1.005183153575473,1.0009339701008475
3.4463882415752254,1.6312135528975453,0.4349229636161838,0.4364732456387471,0.567588280810889,0.0,0.0,0.0,0.0,0.0,0.17735027052587843,0.5276254339329136,0.8327458523928308,1.257106358630035,1.5614353907647716,1.273143960936884,1.0199793783384057,1.018822400637639,1.007788214389369,1.003066488664786
2.0387881433226576,1.75931385482605,0.8467384076722245,1.0348407777525572,1.2181165189028995,0.0,0.0,0.0,0.0,0.0,0.19291119595998146,0.5351749274282513,0.9509376962977225,1.2388362888567603,1.4997817504360356,1.3830672681138745,1.038528151768731,1.0134198191733665,1.0069611373569183,0.9996141846421948
42.150878580389175,13.57923515125188,2.671614575409201,1.997839581181023,1.6446925707899802,0.0,0.0,0.0,0.0,0.0,0.17241408068389144,0.5265727325994369,1.0537956216710338,1.4137145852949093,1.6470303305530931,1.2226166361975166,1.0058634133160043,1.0124241547109747,0.9984198128099961,1.0020979695351933
3.5057705441914373,1.9896998127080683,0.5572577099820393,0.5733640158590394,0.6168699242521142,0.0,0.0,0.0,0.0,0.0,0.2043513298959042,0.5299621388789606,0.9844020949778591,1.315259334831939,1.532779874409591,1.237828918365698,1.0356039619192328,1.0145606365428463,1.0050224801956367,1.0024579190714966
25.627748262483316,8.7950251668069,3.685228476541501,4.743362792715237,6.096600379228402,0.0,0.0,0.0,0.0,0.0,0.16293271935595277,0.4840536352001224,0.975331783760874,1.2930601720400279,1.5132216329069215,1.3518201931457632,1.0734535697829453,1.0166112192766694,1.0054316944895219,1.0009033207705318
2.3321427964117953,1.0425781181912064,0.6227259392194088,0.9971979642783492,0.3975661202937726,0.0,0.0,0.0,0.0,0.0,0.16616836408243502,0.5534299442650785,1.1175200423093812,1.4409872637667145,1.6417708951967074,1.3977647013116659,1.0514738884937596,1.0134677262200873,1.0024423398877984,1.0008067183637903
5.682121018791247,1.3320109341610533,0.947345404776987,0.7919557369400305,0.38174522222301743,0.0,0.0,0.0,0.0,0.0,0.1730135799244704,0.5382440568025658,1.0810290898263815,1.441421899762952,1.6327581034876817,1.262802354629853,1.0192753921608526,1.0083869569644859,1.0031818326524278,1.0023696233455412
4.326041537641556,1.4864469069182888,0.6425070946479383,0.8474624202267211,0.42663473324803425,0.0,0.0,0.0,0.0,0.0,0.1780949990645551,0.5604286147675512,1.024472840572501,1.3856409437826889,1.6052505620203785,1.3356056188415002,1.050101624075431,1.0181976305507816,1.0025354503563473,1.0026928337758234
4.780015490174103,1.438764357700593,0.748187159573218,1.12954613536562,0.8090187207163014,0.0,0.0,0.0,0.0,0.0,0.17656864367271824,0.5292000294246502,0.9123096930863279,1.2817355866661169,1.585152851441198,1.2700879859198306,1.056150951633935,1.0212403117398463,1.0056337953804495,1.0034526832452204
13.38724326623094,8.432770870450824,2.449459454161334,2.7037919654648634,1.7792623757690387,0.0,0.0,0.0,0.0,0.0,0.1938102049731251,0.5237922696832576,0.9728114574180238,1.3942608124955862,1.6389419786061135,1.290526037348565,1.0408019194041642,1.020836243430252,1.0055646720530078,1.000471602826937
1.743834088157755,1.7298156406851788,0.7539267550764253,0.48161446624525706,0.4014295326885273,0.0,0.0,0.0,0.0,0.0,0.1937309416502766,0.5460069017357572,1.0194810641256618,1.377641332684791,1.5850435677130956,1.3556939956373943,1.0337193981552522,1.014979624490805,1.0040837511084342,1.0026289671273447
13.450914518550974,5.922296403173119,2.9238074652865977,3.8176032159090867,5.200303069687431,0.0,0.0,0.0,0.0,0.0,0.15721354309338043,0.5199629266009217,1.0128770491196328,1.3160449992777825,1.5166981022726083,1.4260002593623418,1.0572428267815723,1.012451119601991,1.004273008512604,0.9993834860030232
43.48319996102105,39.30180886866374,12.935612934136078,15.224401374003492,13.758989919081028,0.0,0.0,0.0,0.0,0.0,0.18226282462805798,0.5499639063972698,1.0658142135831514,1.4300286088720027,1.6498620274165967,1.3192129232423273,1.0239610710514941,1.0131355964450641,1.003794592984714,1.0021935997742317
13.310964592053603,8.053886080697703,8.925177432573003,10.902670282310567,5.633158893181054,0.0,0.0,0.0,0.0,0.0,0.20607395736610484,0.8929866030967788,1.2067334657523072,1.4384675434245078,1.65523428393447,1.5696880956649644,1.0208709795148223,1.002719858705474,1.0012690388699061,1.0000155455787785
6.651298190172281,4.091916626251056,1.8598063852923974,1.076605240206604,1.546514221528286,0.0,0.0,0.0,0.0,0.0,0.2319828938280477,0.4887381597351721,0.8268559739702337,1.5345534078622431,1.2399672067573364,1.173899945802974,1.0517940029953647,1.0267161469066115,1.004105744472589,1.008060330329957
9.141187650741363,6.813832489011757,1.1945595890637228,2.3669045506065323,1.0652970387310245,0.0,0.0,0.0,0.0,0.0,0.16859665503560436,0.5539072274996204,1.1171737872090701,1.4382923262719027,1.6348962930957787,1.3469865914083332,1.0302689806278738,1.0151730863593271,1.0019725716869836,1.0029338033766395
519.7835188023461,144.77848117117117,26.781720009002708,11.627604449787517,16.950883681836785,0.0,0.0,0.0,0.0,0.0,0.1363531686007281,0.2686221571008925,0.5342950403760746,1.0357309611954248,1.6325513667906375,1.1612054917268755,1.0872422280402696,1.063695377169636,1.0267260062747277,1.004276865833327
12.716528870539815,2.81278903021102,0.8474098543710387,0.892180208617682,0.8617551972398949,0.0,0.0,0.0,0.0,0.0,0.17229123630598892,0.513562465431528,0.988136808931967,1.402253001829475,1.66675177429044,1.2880788864762778,1.0633078340662063,1.022896938987516,1.005002626423796,1.0018186846315587
7.729976735755281,3.375406177864187,2.3397272211494933,2.8044077711938105,2.567102332284139,0.0,0.0,0.0,0.0,0.0,0.170414375089938,0.4743037520088575,0.7172952820219143,1.2209717135299039,1.5807043280855086,1.3724890995889358,1.0486262054796465,1.0313661360097326,1.0090402947347126,1.0040536551949533
14.640403690319342,4.813272382923353,3.228247845873245,2.7347703785271618,3.594643229098094,0.0,0.0,0.0,0.0,0.0,0.1631411574884924,0.4806104003471779,0.7360892981628723,1.5626365968580154,1.241588193309739,1.334905422327216,1.0470181298980068,1.0300896782086024,1.0039174270297553,1.0080022892918026
12.224388100871769,4.855263621868612,3.2527766237748965,3.137128589038386,3.0905788978030335,0.0,0.0,0.0,0.0,0.0,0.17351745607098587,0.456145462773054,0.7065637206797161,1.2127751566187657,1.5672564905177235,1.3163572417486131,1.0556012862974715,1.0298893269984406,1.0089755491122834,1.0037090630335717
4.568656873214054,0.7473911726841569,0.6317646791930445,0.5422858801033063,0.43602770027231197,0.0,0.0,0.0,0.0,0.0,0.1582298289369646,0.4995247184464359,1.1391633767168827,1.4470516919037935,1.6792071105507165,1.3131888090641664,1.1027948123989415,1.0041936039749282,0.9965140804924186,1.0016749956745157
14.215291878011403,6.372023985018647,2.761485468518418,1.5488670512167473,1.3581267541543416,0.0,0.0,0.0,0.0,0.0,0.1405945107487411,0.2793475081240791,0.5716136039181564,1.1758664743545653,1.5849617204061095,1.2685850301477564,1.1023880140712228,1.0521615810316824,1.0140827559743317,1.0042693911622949
11.774030219897526,6.042243104245695,3.057700465530895,3.090815885749614,1.974617738081563,0.0,0.0,0.0,0.0,0.0,0.20783034188955463,0.5581493607049522,1.202323648119356,1.5027224820398988,1.6803680079905472,1.2935058469449203,1.0604114721625673,1.010074871366375,1.0017857816677886,1.0011944659471228
9.2957290239608,4.447647974197165,2.2050246892560725,2.4243457046051833,2.0463225954878803,0.0,0.0,0.0,0.0,0.0,0.1795765383116076,0.5043303549230694,0.7224384612851342,1.2183738187144972,1.5534542193524676,1.3122865866163955,1.0321452522729797,1.0300673312719835,1.0095314437866112,1.00389537903252
13.643627756064214,7.753878760791255,6.400544041799067,11.339045863072847,11.005440706186194,0.0,0.0,0.0,0.0,0.0,0.21089440679352484,0.5639641991926594,1.0752989972415032,1.2965812282125146,1.5513574892146456,1.351268241616882,1.0703096698462216,1.0120148458407645,1.0043356848115894,1.0025426924089371
6.837799249834328,2.34505132372568,1.1794682880718645,1.456081741526412,1.1470265342109953,0.0,0.0,0.0,0.0,0.0,0.16609659946740835,0.48851674995888833,0.715409179962955,1.2083031992440916,1.5664356588688029,1.322134627718021,1.0442776563678557,1.034356062869443,1.009847076245743,1.004259405257262
10.663279268325478,3.495326738380117,2.0686358545999775,0.9552323756485734,1.2647396965407733,0.0,0.0,0.0,0.0,0.0,0.14957560781072257,0.3440505967692482,0.6751845331651286,1.5646008509596994,1.201274827447536,1.2438351807045764,1.0883686484630208,1.0365896500415985,1.0042318067667988,1.0107533305944374
12.012607209441196,2.8883762603854493,1.5876900609494993,1.241239335121898,0.7540724207098785,0.0,0.0,0.0,0.0,0.0,0.18015659774022647,0.5595713857073048,1.1390376535294686,1.4436098200629823,1.6584675140991156,1.2840863157757207,1.0585637599742623,1.0108394744664213,1.003859738197477,1.0018927007786942
78.9078466105718,22.22702387558771,15.510974357080366,20.04479138514309,14.924675320323411,0.0,0.0,0.0,0.0,0.0,0.15908519027490267,0.4323719859389932,0.7092174257449946,1.2325073462738476,1.5621208439325307,1.320877679302415,1.0717757683636453,1.0362151405436264,1.0074677791993956,1.0035374971623652
3.7050073877725227,1.903043136291123,1.1377482378439443,1.7065261396783928,1.0510154379437748,0.0,0.0,0.0,0.0,0.0,0.21479604359822874,0.6566070467586602,1.0571631741405858,1.3402728742567198,1.6347580843933773,1.330989243172809,1.0445624794402049,1.0130624127030545,1.0048276406720156,1.0029442403527238
4.487994516231519,3.944838946752282,0.8993017108568815,1.2011163005440602,1.4256071527303051,0.0,0.0,0.0,0.0,0.0,0.17308264520207337,0.5118442967379974,0.9732108123581099,1.237505172811259,1.5832474429125085,1.3779526575519843,1.0337460271805805,1.0162941327981707,1.0064801467304236,1.0031950485361083
2.567307678550997,1.5253947139117254,0.4976879200463481,0.32008235739505597,0.30919088124347033,0.0,0.0,0.0,0.0,0.0,0.15766893054614928,0.5335368018847899,1.0455756785829753,1.4273775144410188,1.6785514268854214,1.3433427566888794,1.0274938784150047,1.0092454660323769,1.0049484441380763,1.001741569142796
5.248960075542404,1.2764148491226213,0.8217119813533396,1.227688952795528,0.9824958300459041,0.0,0.0,0.0,0.0,0.0,0.17165162356988548,0.5280594915685586,1.033095892696197,1.3015838398963606,1.5869309620161833,1.3176875702196635,1.0654546703354326,1.0162211970409176,1.0049110859183072,1.0026386295269811
11.703999361380772,7.209230357491386,2.150910506711776,1.5384280945800217,1.681676468045747,0.0,0.0,0.0,0.0,0.0,0.18044805610450093,0.5377522641953754,0.9923771549613206,1.4034899446982112,1.6772721566728843,1.306063647765406,1.0319865363935061,1.016643956784563,1.0054537128969185,1.0004699191441415
5.4345933644803,1.8787089317706627,0.6200812180413635,0.8365086169901133,0.5224768110776827,0.0,0.0,0.0,0.0,0.0,0.16574577513366015,0.4936946253905123,0.7179498183004874,1.198511445328105,1.5755705450735902,1.284085673859594,1.0403918340524332,1.0367224207330907,1.0096897095680717,1.0048586109410433
25.33913078797814,8.715839622561736,6.797254294509422,6.024918415426482,5.6824178613130965,0.0,0.0,0.0,0.0,0.0,0.14606515536375977,0.36341326965491216,0.6887070696375444,1.1955305337317281,1.5598155062381198,1.370919631375985,1.1108217802721156,1.0367587153384328,1.00942810691502,1.003919763271794
3.12332528356943,1.0150625974019298,0.7007807789430228,0.7991015253110336,0.6553445026476803,0.0,0.0,0.0,0.0,0.0,0.15342529941912952,0.5414327232474733,1.031569821747028,1.313094666950142,1.58448887121915,1.4504539827380027,1.059716731048804,1.0109317734375707,1.003247683184169,1.0031296586755727
2.368261710876932,0.9655922964038854,0.4772705664207919,0.5504119174711499,0.5926653075969461,0.0,0.0,0.0,0.0,0.0,0.20061303755030183,0.5739575657185383,1.0233861010204164,1.39345427937951,1.6508233676007862,1.277259464868581,1.0462880776888492,1.0136376866512462,1.0054548281413411,1.0016807405158923
2.2260365006142635,0.8022703085124308,0.4742018496445337,0.6768363791771884,0.6501602868875801,0.0,0.0,0.0,0.0,0.0,0.17268410072581714,0.5830284685695395,0.9955641462122273,1.282838717403609,1.565595900589527,1.393168438478391,1.0541219169262905,1.018001684844975,1.0022175549262764,1.0033225396096281
2.0885136055672304,1.1518853135163678,0.6410908367145609,0.5807487043910207,0.33201784644531,0.0,0.0,0.0,0.0,0.0,0.1842801761267296,0.5452706460080678,1.1042511170730622,1.4403262278914997,1.6765566595684032,1.399113870281949,1.0663668723652606,1.0145671549267723,0.998680489094576,1.002446259965963
15.043597949339334,8.206175167713042,2.6368161945926705,1.7624153288900928,2.237398235891044,0.0,0.0,0.0,0.0,0.0,0.19632005472109015,0.5518002536392992,1.141815502306569,1.4276761070016166,1.6258722615318617,1.2991619092009894,1.0461663531037735,1.0124231724614534,1.0050639454337402,1.0019532212116917
3.908853417659286,1.2953442647274265,0.5608059192155659,0.4699798743963305,0.5272179788255846,0.0,0.0,0.0,0.0,0.0,0.1727848225381943,0.5187282984422364,1.0579976250272107,1.3031947905051144,1.5663382206548357,1.311666221983045,1.0516640424121244,1.0121789170811128,1.00526864188771,1.003219930166777
20.781663935412027,4.78989942809875,4.33407539759268,2.7489743770143344,3.164578128206041,0.0,0.0,0.0,0.0,0.0,0.16322024747624592,0.5538874176230824,1.1326365169207053,1.3629241284397136,1.605197302223592,1.3913045617765396,1.077430110259512,1.0057691767956745,1.0020871568684955,1.0021971043942766
45.933102785423316,30.297732191707507,15.335389287478208,15.181982715636412,12.739491751881955,0.0,0.0,0.0,0.0,0.0,0.17990102463552493,0.5296820664902513,1.0764795738620851,1.4221264972972951,1.6830018528183555,1.3861633458514884,1.0449398608294025,1.00804872335032,1.004733209318059,1.0009182858769543
8.909833498245174,5.184277815101408,17.25226006355324,12.164229105296197,10.89187196803127,0.0,0.0,0.0,0.0,0.0,0.21499236785813314,0.84052899602118,1.1584595121805232,1.352150443985672,1.5844761671334702,1.5330809507859968,1.026607432710366,1.0016136902892046,1.0023733403566335,1.001994674567028
7.438691267839156,4.603073329168467,3.512747893256004,1.362664891284361,1.1851077680510944,0.0,0.0,0.0,0.0,0.0,0.19144960746584658,0.3998114487711991,0.6656697900798154,1.5165712586013238,1.1502954671677859,1.2654669935945924,1.058996052233056,1.0282206492639598,1.0051676892759593,1.0162705974312956
6.116535771111154,5.3534008867952965,1.5602863486884726,2.1977982109243657,1.1020753037432316,0.0,0.0,0.0,0.0,0.0,0.1915094064754916,0.5554661737981488,1.1103247193224608,1.4210879277439088,1.6936101482350912,1.3526629439254434,1.0363789498384326,1.0113509935122842,1.0037551337211579,1.0013206312471252
236.25250287213476,114.71292793200753,23.65370210942009,10.587515748733484,11.62017713684801,0.0,0.0,0.0,0.0,0.0,0.12845363569283427,0.2641990872568285,0.6465134591089705,1.6351883913656144,1.3030895611363091,1.2886950482800505,1.1179038157808017,1.0527695102037522,1.0018622147186307,1.010570482763393
4.1993088994289725,2.5751140896226556,0.9280657200869126,1.0510451856964664,0.8927730009626007,0.0,0.0,0.0,0.0,0.0,0.19248870500518828,0.46241474820681505,1.0011031526674923,1.3543880377426039,1.6496403058013747,1.3185951887992813,1.0784412164075885,1.0195939594979102,1.0033616995267,1.002229408750883
7.719231629550164,4.843373091224606,2.2145637293388645,2.009085721563284,2.8516846025165714,0.0,0.0,0.0,0.0,0.0,0.19232935717552496,0.4690215347282335,0.8143134581102429,1.1236890726741124,1.4891417738833148,1.312077877833673,1.0509294015511388,1.0209061244498776,1.0134727269402135,1.0020516081908681
8.711452441739215,6.753075667544119,2.405818799457344,2.527182414938347,2.9671032452225767,0.0,0.0,0.0,0.0,0.0,0.2000688712365506,0.48796234632168106,0.8121050081874164,1.101496988032976,1.487432500161926,1.269603890433959,1.04052264099878,1.0196422376934973,1.0118646191844838,1.0008288224055084
9.907580267362622,5.8112612988387715,2.6191839814145608,2.683756429464857,3.3857130931544352,0.0,0.0,0.0,0.0,0.0,0.21347388487391214,0.4668889007727699,0.8078772329075005,1.0896105249878403,1.4887636520955323,1.2209387081970013,1.0512064414905535,1.020720901161226,1.0114134510465909,1.0017127981100968
2.3260717041469823,0.5163682965016386,0.3795584294429315,0.4749168425697802,0.4242988441395833,0.0,0.0,0.0,0.0,0.0,0.1769724987613022,0.5234382913248613,1.0109497652553838,1.3575574292242893,1.648994624855017,1.3035311060908483,1.079133697240676,1.019877716309109,1.0002220458456592,1.0020693432085575
11.005416937774914,2.9918351243874755,1.4939860115568517,1.8267046014163337,1.2124316423559665,0.0,0.0,0.0,0.0,0.0,0.1756132804988553,0.4384975834835938,0.8197428787997645,1.490536425080727,1.1852244399175804,1.2403168165541951,1.0644393024103318,1.0226889463278046,1.0023859256882943,1.0107797409562858
11.274245489360307,5.124930146640997,2.828714609039068,2.0168343839330443,2.6914553599253788,0.0,0.0,0.0,0.0,0.0,0.2171736563169851,0.47329467281445997,0.9887184304733307,1.6178167589175694,1.3734119350382745,1.2106602098460848,1.0707373748427533,1.0180706166412383,1.0012358609549437,1.0041858927994984
8.411776401706009,6.599092353194331,1.9349064622389966,2.207342376914454,2.290534750307307,0.0,0.0,0.0,0.0,0.0,0.19564285888246405,0.49389606930813706,0.803956898504332,1.0739794812167598,1.4670179687864544,1.2603254045668475,1.0346505348537722,1.0197675266544575,1.0095435636420773,1.0028091815512135
16.272494900801252,8.438263700174156,6.8441437817174515,10.801540322819477,5.20926651364574,0.0,0.0,0.0,0.0,0.0,0.16661941508938805,0.5565532519075571,1.0562796885258194,1.3805195964237558,1.6602408004805516,1.509868975379846,1.0691355195141827,1.0117715336771722,1.0044647945422136,1.0022338612356323
4.8135363593813585,2.329984099071404,1.374421805110779,1.2790766068437196,0.4233084933311801,0.0,0.0,0.0,0.0,0.0,0.22116269761711957,0.5176200292316001,1.0105379645917036,1.4566391201667566,1.6633228179224373,1.2259263483681349,1.06197999242733,1.0114268779539823,1.0009101696399851,1.0014591874487455
6.175387087636709,2.4681631482364774,1.2664838999329582,1.357782032970289,0.869198998831077,0.0,0.0,0.0,0.0,0.0,0.21252074165160884,0.46273995518433303,0.8105384465484997,1.4883904274085882,1.1052882634169434,1.1779541714006296,1.0500047302472517,1.0194415219678754,1.001353870664684,1.0125549407390542
8.326693514230131,2.7176019918849876,1.366791716126527,1.1341193157698086,1.2175142624082134,0.0,0.0,0.0,0.0,0.0,0.159733015642703,0.4035983228026302,0.768448197912102,1.2060916030971998,1.5418700079444647,1.2852624762889544,1.080134333429246,1.0304596311887781,1.0088996672165043,1.0034462172985512
51.80828638414372,28.02519185236423,15.074415607794554,11.787826205039957,10.956409056989239,0.0,0.0,0.0,0.0,0.0,0.2085983084758652,0.4900758109625095,0.8985956732390405,1.3220632958012857,1.5504220742961068,1.2297277116904548,1.0571463720456182,1.0240596672744682,1.0050670382986,1.0010070925907342
3.115390646852155,1.4231965029693137,1.0263112031188348,0.9484202624121381,1.1761662460494846,0.0,0.0,0.0,0.0,0.0,0.22022536007583182,0.4930888345336994,0.9561912783787787,1.334980676810297,1.553249218647594,1.2290703924460975,1.0732123862422192,1.0231073465552214,1.0066020391699897,1.0008477441256451
3.3779107561901993,2.151575410887039,1.6277278436468712,1.0079395486531275,1.1776022938589232,0.0,0.0,0.0,0.0,0.0,0.21589952219630476,0.5272683209831744,1.0034897820632387,1.3037566641008271,1.548293228779309,1.273739625798074,1.0556368482045282,1.0062288929993362,1.0045310573187338,0.9994106255073526
1.1126887778246635,0.9207394174616239,0.2971840919895075,0.4093211436178478,0.2599536177375352,0.0,0.0,0.0,0.0,0.0,0.18704091584283639,0.5374387026126463,1.0305866870631923,1.3641405853925643,1.6577482744421144,1.301942455430049,1.0383599843009297,1.0176193478658007,0.9992483477480761,1.00218353256016
2.678228801201823,1.8640318567548981,0.9635238028023728,0.8798103399462214,0.9426361527718459,0.0,0.0,0.0,0.0,0.0,0.20031127835070536,0.5292667272345133,0.8767014544081972,1.5525996036219119,1.216150875049948,1.2889730732824292,1.042415999129142,1.0188237507247617,1.0005049140855427,1.0085842269403555
10.743789580209242,4.769351309712412,1.9109492935223649,1.8937809821035707,1.3859032825733555,0.0,0.0,0.0,0.0,0.0,0.1881821377787086,0.5334995927463306,1.0246723398137887,1.4260996577662655,1.6666104122099594,1.2785894744453794,1.0498882655700346,1.0193592290423117,1.0038328576835123,1.0015592863671758
3.3014588978648938,1.4733866189064906,0.7358859711511416,0.4428791838533991,0.4129428930100289,0.0,0.0,0.0,0.0,0.0,0.20306640729349174,0.498813852658681,0.9568574909332185,1.3403633045313135,1.5617499984633822,1.2528105933155795,1.0563059696517625,1.0146592866063655,1.002690156279789,1.0027190052517834
15.482215371429854,7.467270762217805,5.646592985093401,3.827513582896363,4.599795003716298,0.0,0.0,0.0,0.0,0.0,0.19513395508531714,0.46709449356808697,0.8542457457629327,1.3013021814214896,1.5369453551869554,1.3072392460928826,1.0740005307830924,1.0266769316456097,1.0052658095546454,1.0018433419095414
1.4711010262513027,0.7726087148944087,0.953281326691078,0.5945020734903217,0.5072576793827756,0.0,0.0,0.0,0.0,0.0,0.20903939426383986,0.5685974767543013,1.0647944791177142,1.3768120582379053,1.6379122663547412,1.3149631315701344,1.0692745487644202,1.0105830343996396,1.0026236565439663,1.0024305329140246
2.25838179494041,0.732820684256495,0.5885890460206831,0.5598739311826659,0.28661153454453603,0.0,0.0,0.0,0.0,0.0,0.2002435439812492,0.7651975511812131,1.1953605370986942,1.4390203231348175,1.6693984714705417,1.3783694693296344,1.0315249973528064,1.0025530871325048,1.002172771819071,1.001538136602188
2.3737533137153557,0.9152028566413339,0.7881154203662124,0.6473396197921429,0.6813501558444648,0.0,0.0,0.0,0.0,0.0,0.1993946528543801,0.5542142269556914,1.0364105061191373,1.339153451934755,1.5366165287499076,1.3032423152438077,1.0665888829500572,1.0137711178657984,1.0037757589251761,1.0032305765921912
3.7507340701913874,1.3885515210414094,0.7211261230517643,0.7336808163506244,0.5635486319224672,0.0,0.0,0.0,0.0,0.0,0.1583787177947218,0.34091996761304716,0.7252732264756317,1.5078284555606163,1.2337997487134122,1.2698496824266818,1.1189446499799007,1.0348310259663196,1.001921378684197,1.009785301961118
11.28855443138341,6.759892750238711,2.7177315103028286,2.159090439877237,2.715826277205914,0.0,0.0,0.0,0.0,0.0,0.21854287676143938,0.49302947902890343,0.8912431929517555,1.2288822933508936,1.5085031289949933,1.2122070807821266,1.0464608667297193,1.0202330163713933,1.009173241484948,1.0008363870590735
1.3630146468527384,0.9393649053995791,0.5119247935911065,0.493093440989958,0.5164858801381511,0.0,0.0,0.0,0.0,0.0,0.2421970018025124,0.5321331260992862,0.9479610100659028,1.2702781002385313,1.5418878052796388,1.1806697139115139,1.046175380013068,1.014080775886199,1.0068891361389278,1.002731675386378
11.848531968473921,3.7139518859626657,4.560251237659218,3.72835439764996,2.422731416074675,0.0,0.0,0.0,0.0,0.0,0.23860999470313157,0.6800448194837184,1.056234002298656,1.3687335764388149,1.651319399632042,1.2273724641337274,1.0487884684111075,1.0069209287846446,1.0003614229533504,1.0020822860401466
37.147340892247335,21.699066461881916,15.31669093241273,15.103421161734413,14.47130661831606,0.0,0.0,0.0,0.0,0.0,0.2087653404010457,0.5347029108784974,1.1010653414887372,1.3984369182277594,1.6503144039890587,1.2981703688456072,1.054233158344012,1.0108049365280944,1.003006752490613,1.001521805764748
7.252523563641536,6.11158148932644,9.223037939291883,13.901547495539512,11.085728257295957,0.0,0.0,0.0,0.0,0.0,0.20479156191619735,0.5858187345592912,0.9858562716470131,1.2479121640656359,1.5221407837300014,1.5124735061820203,1.0617974954772031,1.0132550780728595,1.00459474311509,1.0030443582278443
6.356174740187315,5.278140754921019,2.3268883837868133,1.2812969051073346,1.1666084388124751,0.0,0.0,0.0,0.0,0.0,0.2040499805820793,0.45638574107405094,0.7206558504068797,1.4912452288589517,1.1201748773201499,1.2292480830680674,1.0411281484931927,1.0283043725743775,1.0055240315523153,1.0163798123988084
4.887040390619139,3.6300312707016453,1.8116274574547233,1.4157481554359581,2.4739560967074867,0.0,0.0,0.0,0.0,0.0,0.2097816544790848,0.5587583398208088,0.9991510567361509,1.6279371233308242,1.3604633407728368,1.3073356327412562,1.045258302422281,1.0179652632625824,1.002594234999848,1.0012809245656493
