0,1,2,3,4,5,6,7,8,9,10,11,12,13,14,15,16,17,18,19
0.0,0.0,0.0,0.0,0.0,0.0,0.0,0.0,0.0,0.0,0.0,0.0,0.0,0.0,0.0,0.0,0.0,0.0,0.0,0.0
0.0,0.0,0.0,0.0,0.0,0.0,0.0,0.0,0.0,0.0,0.0,0.0,0.0,0.0,0.0,0.0,0.0,0.0,0.0,0.0
3.5158471725798868,2.873627065642131,4.4704741363033165,0.68678230495522,4.332919365258048,0.0,0.0,0.0,0.0,0.0,1.755866666166212,0.7937959887212673,1.8422029188618623,1.8426179355618244,1.8464672769335917,1.1029368025868749,2.1988966479040477,1.0691082461658103,1.0097526545202555,0.9334972175577445
7.424469787803699,4.361391540248396,8.943347657116432,1.2389302281785004,4.62274862762692,0.0,0.0,0.0,0.0,0.0,1.8058776780475951,1.5976913952395602,1.6374194425603172,1.3779146718825133,1.9286202156260814,0.9990632784878174,1.002434367539822,1.176251066422881,0.835449909186045,0.9879579702132224
2.042815349520436,3.123205312576016,1.7566879460516684,0.897919473708123,2.3225704535833906,0.0,0.0,0.0,0.0,0.0,1.476122068719867,0.2956461691916214,1.4866822195279168,1.5122845456625162,1.62116732375002,1.0446633218201633,5.182672879279285,1.2404479806752864,1.0245759851406815,0.9441729776888493
2.323644175820602,0.8121128708090808,1.3698528151306912,0.5127212317130903,1.161486287168099,0.0,0.0,0.0,0.0,0.0,1.4054921957300779,1.4414457199245916,1.7835097737537398,1.7322920975425464,0.740752736465709,0.9257252441257702,0.9966542733091927,0.9585055824463626,0.9814818496624983,2.486574388693692
1.277127688852808,1.7930820391992104,1.426934868642563,0.29669120213683664,1.4965325794889999,0.0,0.0,0.0,0.0,0.0,1.3154219747606013,0.7017434959221331,0.9226347629034917,1.4845034744954342,1.5195579541846378,0.5256181903695114,2.4133966043075135,1.8383222229186837,0.6293248998163489,0.7233444176667961
1.4977867412106658,1.656927498248359,1.6175108801225864,0.8249699406816319,2.574903221019359,0.0,0.0,0.0,0.0,0.0,1.7068852314837752,0.84203181341227,1.647563654580804,1.796139915843652,1.7692272542540355,1.2089667182087778,1.7304611391504865,1.1553466771969734,0.9453893600509159,0.9263560015235491
4.049774193079394,2.3011882894132434,5.213938352882022,1.1673160934024307,5.649000677765386,0.0,0.0,0.0,0.0,0.0,1.7577688699473846,0.8890758368017381,1.9843718546144247,1.7153995233012471,1.8228724921953539,1.0912957553545464,2.255308882028535,1.0057809326742442,1.1503045573561663,0.9186000333729102
0.6765660369949158,0.7662840422043633,0.22240568701318325,1.1043376763392279,1.2252491312090423,0.0,0.0,0.0,0.0,0.0,0.7395293290399596,0.7812511711269678,1.6565261776193532,1.764727362036857,1.6940755624157244,1.9104665010634747,2.0456043390494907,0.9649989792029438,0.9368970410821722,0.9678814214990402
2.473324314803374,1.97121326906049,3.2961236470531943,0.5345756973006629,2.655443262430273,0.0,0.0,0.0,0.0,0.0,1.7853883676214337,1.1703126642248611,1.6295405399811127,1.7351673214958103,1.8280230829644444,1.1052994154071765,1.240228125974659,1.1834834444133762,0.971769718521471,0.9569312195522888
4.314074859288802,2.609696659617782,4.40125825202644,1.3642876253763518,3.561389143422666,0.0,0.0,0.0,0.0,0.0,1.6550292886083606,0.6342474015651259,1.93430933965233,1.9364229662116825,1.7986868589882026,1.102045410641617,3.0380189674391413,1.055707456391361,1.0562049492226186,0.9252293252101946
1.1746183247119402,0.46689106012002285,1.0870544924067131,0.1147204919383038,0.5872505307341047,0.0,0.0,0.0,0.0,0.0,1.6768854202888543,1.6329984767747228,1.8407224598553935,1.6718861294402403,1.9875116934964103,1.0018065686285516,1.0232786053345941,1.1024347917432122,1.1478348226293187,0.9504055899166912
3.0410420963334674,0.9024276198182102,2.0721698116940273,0.2909022526322599,2.4921879169142733,0.0,0.0,0.0,0.0,0.0,1.4638756184564639,1.560819260510297,2.025333669524012,1.164426887039298,1.8293748919833277,1.0944474716273653,1.2703692146181362,0.9851996535120376,1.7911553029310425,0.9102929672485168
2.572580737419863,2.0727320447150417,3.3386220790516,0.4715971626331695,3.1207824342785644,0.0,0.0,0.0,0.0,0.0,1.8673405415053073,0.8388534174399881,1.765213260565879,1.53142148515064,1.8378208440387511,1.075691435879911,2.090429197359145,1.1075419578198458,1.1686091523497255,0.9281912165020256
0.6713929664370111,1.3016508892933882,0.9750053933053039,0.34152194836791677,1.3787587629609384,0.0,0.0,0.0,0.0,0.0,1.5085704472634194,0.5025567541844037,1.5743717792635854,1.5551965494643973,1.7851679022729108,1.1488872964593175,3.4997728541221287,1.1508852265332008,0.9303992982500189,0.9401346043760975
0.3024659427548061,0.748753024613845,0.7033332769408671,0.23028035934069607,0.6344579104613958,0.0,0.0,0.0,0.0,0.0,1.752496295146695,0.6870094755180159,1.3944246583803175,1.121071970107168,1.847394855204722,1.0881052711371333,2.745966290898006,1.3782177666303186,1.2635442621598485,0.9642973568620586
10.87448478255286,6.569013384960215,10.110979408880203,0.7533903259370568,7.262603184595312,0.0,0.0,0.0,0.0,0.0,1.6395376470868182,1.2347703873155935,1.7846895384673636,1.851064242199463,1.8837831349024352,1.0010848589130978,1.3465678711368718,1.105200623488399,0.9991007923394435,0.9434024435440452
0.866604471383897,0.7506401774177096,0.7557032413176467,0.333226307291359,0.806843572995993,0.0,0.0,0.0,0.0,0.0,1.541027143368776,0.23625067608920572,1.825617769602478,1.9620339107466565,1.7896186997672685,1.2199970573283097,8.729609947055074,1.1332466483931052,0.9599160378103637,0.9664716488037031
2.536958542698325,1.6507658086746129,1.4531803844052882,0.3242216963103165,1.0298953933874269,0.0,0.0,0.0,0.0,0.0,1.4925320452380786,0.7050064393291453,1.7555042041473397,1.9839711136903522,1.5164863711965457,1.016887738963375,2.1235340013350745,1.1643695443568014,1.035631689387925,0.9915936959995136
3.3845389172243947,4.557982318018287,6.023161478363156,1.4995448421898165,9.821784039719992,0.0,0.0,0.0,0.0,0.0,1.830008959628877,0.5702344710242174,1.9151818424709317,1.7798354086049908,1.833377002382926,1.1112915709788045,3.4915494754730565,1.0182521354098686,0.9822902042951744,0.9469276919447372
0.27782724732268493,0.06492309218454625,0.21279057272834995,0.08563270281759804,0.3345417083565561,0.0,0.0,0.0,0.0,0.0,1.2409777459977136,1.5657032384025977,1.8641837355067545,1.516078691994268,1.9873035093558848,1.371400101982726,1.3441881542399978,1.0330382755787901,0.7653723318108594,0.9157053898868844
4.260641719447568,3.4182284089751356,4.934470438973883,0.875464362415505,5.934434531943417,0.0,0.0,0.0,0.0,0.0,1.6767674051048636,1.0794897288165772,1.8601984413621604,1.799932006520973,1.7809043766391315,1.046037883219826,1.5031836695100549,1.0122526825987603,0.9565968531770422,0.9330243539798938
1.424621333552204,0.7195638579689094,0.471764592456197,0.01789582310394906,0.6558937958485439,0.0,0.0,0.0,0.0,0.0,1.5798419777529558,1.6756159546321172,1.981646751337793,1.9225376400471703,1.5400690736572433,0.8594342581280094,1.0211928744393877,0.9602442664924189,0.9581732641816316,1.0720575144837783
0.850085148356213,0.2570989297338939,0.26621634626222734,0.1826807182443521,0.4506258089957923,0.0,0.0,0.0,0.0,0.0,1.3506065210159581,1.0785910975908766,2.018661941164147,1.2467784505518458,1.3255815113348295,1.0197940716440232,1.663123753757576,1.0383408527379825,1.6499193010616104,0.7597865226063408
4.962331110262291,4.658421980877317,4.986663331643949,1.6869539820784767,6.131510478212891,0.0,0.0,0.0,0.0,0.0,1.567299372649523,0.3757035609037269,1.7183183941134845,2.0070609401311956,1.7550565838225198,1.2609063308877633,2.657035465382155,1.1120872833811062,0.9579826480310059,0.921411147057954
6.477114175627291,5.594389486996975,7.786299062894409,2.8871489497185348,8.751288876414566,0.0,0.0,0.0,0.0,0.0,1.7164704317368247,0.4459914859447093,1.836929098946054,1.922403746854534,1.7948956117116244,1.1354518010896986,3.943888279612082,1.0793447710723696,0.9640009403556821,0.9321171309593497
0.2643846268815867,0.5526632438343433,0.5283693588204004,0.14832874403390037,0.18386971197135488,0.0,0.0,0.0,0.0,0.0,1.3868673486552396,0.1333257029710523,0.24505551758737967,1.2428915022992657,1.2649455347685121,0.6710827231106405,10.406266992307552,6.583127523841596,1.0591733214803187,0.6234305822376119
2.076863341202659,1.333859949155905,2.960445981475915,1.2583565624168966,4.247872009120285,0.0,0.0,0.0,0.0,0.0,1.9789661362285391,1.1487547056535092,1.9180157652487715,1.8149894603536896,1.7483820678827156,1.0327871493341958,1.4461907084261234,1.0098867931165874,0.9857950163310429,0.9395338631121591
0.049221896512276014,0.05022600044528375,0.0531841733630445,0.09534153208850032,0.06060806224859833,0.0,0.0,0.0,0.0,0.0,0.9205698710151734,1.7190301755899062,1.9980092719530902,1.6797382469751543,1.7509112105954183,1.65717589832677,0.9708451429255491,0.9527246542453908,1.012541611830227,0.9284281943728449
0.8362488700001445,0.357507295034479,0.5693629364987816,0.4389521237179939,1.2330271155531396,0.0,0.0,0.0,0.0,0.0,1.8565347362156077,1.2037526576174138,1.3926338299495333,1.8342711636388846,1.2923855389691754,1.009368664367972,0.9887044139899002,1.0192953304326753,1.0418429527728186,0.7045908157440637
5.235627492569405,2.619704545975036,3.3551650285227077,1.3329630785899147,1.8306182557077073,0.0,0.0,0.0,0.0,0.0,1.5120683140265405,1.226388142030915,1.9132030294095692,1.9880266423908424,1.4639450042443074,0.9667825079607203,1.1968288607870539,1.0522668401396036,1.0507858469380067,1.0449279654496686
0.10142834685439965,0.06311790863655961,0.043094661074083954,0.12121150459414794,0.14683937786568466,0.0,0.0,0.0,0.0,0.0,1.1265397423181862,1.6256213845285892,1.3784413916777734,1.3011453528781867,1.6377956939591283,1.1816753488603937,0.9018766018666454,0.8236202926019048,1.3726743848492688,0.9136264841427871
1.5378010933746658,0.2597511716160909,1.6538011180089414,0.8176277961698004,1.2872514974884133,0.0,0.0,0.0,0.0,0.0,1.8825593149086943,1.706277575043014,1.9801843195746838,1.530991519005201,1.578055505863096,1.0662426914694194,0.9849381447405718,1.013121786057599,1.1407572874226881,0.8948742873906281
5.393815849373174,1.9721879683297705,5.54296651627007,4.829725909623818,2.317774841466604,0.0,0.0,0.0,0.0,0.0,1.848510575496103,1.6279382092697958,1.6548209133994707,1.0394558674515264,1.354925477418443,1.1248642267679305,0.8947940625930901,1.101247964454006,1.1921949199291602,1.0639976986514539
2.495929013388517,1.2609343607486678,1.7922523142664883,1.5424673019946529,1.2419546362412932,0.0,0.0,0.0,0.0,0.0,1.407216488993104,0.718000154120005,1.6860818247292169,0.5941097927731376,1.5772830849261439,1.4340420942512926,1.9999702849863341,1.1399652929827242,3.139499233449558,0.7939547345378415
2.826850363490782,1.741232188714423,2.401196464405456,1.8676720100793567,1.5723715670273415,0.0,0.0,0.0,0.0,0.0,1.988762307890942,1.7266836002658144,1.708113506508811,1.1530409352120756,1.23316139473355,0.9927757413705949,0.9209666575887446,1.036831979128289,0.5949172702124903,1.3215868926588317
2.1267260552805185,1.9881332335600586,0.7017222375690919,0.8052019030978139,1.140082450060009,0.0,0.0,0.0,0.0,0.0,1.8133749070632605,1.4790421587053282,1.4978672385738387,1.1025068317664204,1.3514981299758548,0.9361448581494541,0.9908681009435645,0.8900520897186656,1.685207522645583,0.6911875336968986
4.76028814319045,2.491366733271881,4.9284551347772085,4.847160086718204,1.6881060741413756,0.0,0.0,0.0,0.0,0.0,1.6278237363361192,1.4963019991163644,1.3966512240577853,0.937861101698673,1.3093616287751169,1.2419186691228419,0.7446578055935409,1.1192038496592471,1.2321441680190997,0.8110148881727259
2.373771646732259,1.2296085690217229,1.9859672197417093,1.6143613627200633,0.9109906263597283,0.0,0.0,0.0,0.0,0.0,1.8667437215521132,1.7108548261532468,1.6793007724693196,1.0377712967742778,1.4416130894106516,1.0994348964615108,0.9225203004484128,1.0262468077874995,0.2851402541307015,1.0207364352805657
4.046652036261398,1.4724075666630638,4.277039812189052,4.782438317708086,3.2697833523429813,0.0,0.0,0.0,0.0,0.0,1.1927815319284891,1.3835365531047235,1.4946938644227925,0.8819987832292178,1.626401897448445,1.7610141957793888,0.7137262654712377,1.15013971330403,1.0373228775759253,0.8234058873700214
0.8316948976278841,0.8620022215462235,0.568101470443869,1.0113615458205762,0.40962854605624194,0.0,0.0,0.0,0.0,0.0,1.183856793370743,1.4222088540581341,1.4133425909077204,0.9146563742013886,2.065330905786813,1.4042125578600895,0.6742977585584271,0.8129070164005895,2.1174673158381934,0.9361343504744385
3.2311061638696046,1.4456305946277541,2.761464958024463,3.1984813115587993,1.9300350673855609,0.0,0.0,0.0,0.0,0.0,1.444711362884875,1.507974510271118,1.5224665507188762,0.8063139518793226,1.472150920563581,1.4167839286851338,0.7494107984014515,1.1003504558763526,1.0913075684194702,0.6875514311926225
4.304859198985509,2.728627108525374,4.105657865444869,5.1696295150702,3.05804328044122,0.0,0.0,0.0,0.0,0.0,1.3683477417894665,1.4685571204539887,1.3444321996111517,0.7864458853277709,1.3931832061079412,1.4182537847735739,0.6738256154382363,1.0597893182559435,1.3096077243727409,0.7188121301768237
3.7980804207493457,1.0892624593413012,3.914423137145986,4.187597801072239,1.2441741999367621,0.0,0.0,0.0,0.0,0.0,1.7905084202012318,1.4799823346378054,1.5415511843936982,1.3884854502432056,1.1318553369378912,1.1608174380734813,0.7520709137314947,1.1861359095124897,1.3669769099794988,0.7564170903863108
3.332172545833855,2.213816706312305,4.391607404609509,4.79303680678345,3.0271626870462125,0.0,0.0,0.0,0.0,0.0,1.1594177866321904,1.214116597561861,1.218008125043507,1.0405429259217014,1.368103818522317,1.722944990571158,0.5122216183672825,1.218504445515243,1.3036361562416245,0.701741930883752
1.843834865757286,0.6232853579223516,1.517434524908557,1.2219750498860247,2.001636832448718,0.0,0.0,0.0,0.0,0.0,1.4199209144230236,1.0906943666525009,1.9291377829155876,0.5827238114950518,1.7033969015302823,1.404341350592903,1.6509069836549446,1.0239015769691753,1.8525746424074883,0.823431334335443
3.706520734472428,1.8588959017449422,4.2942349535087985,4.010181800058235,2.1150085031787365,0.0,0.0,0.0,0.0,0.0,1.6646549860749618,1.4905427965654086,1.4918348572126885,1.0111728928079378,1.3717999817839672,1.224932004923986,0.8832403634812195,1.0889403313957402,0.809992526968459,1.02646241301129
1.967317785008202,0.607537042781927,2.208913615980833,2.3066197597267655,1.104972622847137,0.0,0.0,0.0,0.0,0.0,1.3081665322889355,1.2927445211004882,1.486007344083689,1.0785771234280686,1.4986556912747295,1.6106902451733114,0.49148553321669464,1.2118373788027679,1.4366438809293987,0.6592525767956
15.953235236382023,4.9208756824118,17.02828476706506,19.205853688962875,13.849425132153744,0.0,0.0,0.0,0.0,0.0,1.3273535231445153,1.355312497289078,1.5161507177317248,1.1041579350842528,1.450165638178144,1.5873888514415657,0.38644430891196446,1.2128131576368657,1.4516274180485849,0.5706913461743321
1.4387103342101222,0.8046129364048864,1.6498624584487966,1.433004966680518,0.5097636440761324,0.0,0.0,0.0,0.0,0.0,1.6870813394883546,1.441556654711882,1.3902042865641526,1.0171094005490489,1.3194466604378816,1.1897910075686844,0.7222261683539927,1.1289510580197621,1.4163502548804638,1.0480964402633242
2.098817830312306,0.1804103568293446,2.030223025204925,1.9013809811499496,0.3999510512140855,0.0,0.0,0.0,0.0,0.0,1.783930243167443,1.4613022820906212,1.7163755048232767,1.433799109153668,1.3942471556588114,1.1652991757324007,0.8189745744566609,1.1321229110335655,1.2883667270490309,0.597129867869331
4.50056414847452,2.938169241063874,5.171861502234942,4.1919123074911475,1.8624964721061452,0.0,0.0,0.0,0.0,0.0,1.837996522536103,1.553424683200063,1.476667254076931,0.9756160608764073,1.765787095252389,1.094869728118678,0.7795738439585195,1.0214609131278574,0.882377222206501,0.9463085930784998
0.8606034871204802,0.535722127489324,0.5071097335580325,0.7540465553893989,1.3108190461984235,0.0,0.0,0.0,0.0,0.0,0.671972984327054,1.032113149581354,0.7726128173052942,1.170587577904059,1.3706861849371583,2.679695258144514,0.8571974179954366,2.0369038230628624,1.3311572247928547,0.36567150152865113
9.637669201631514,4.926412576183728,10.905444761853802,11.697162300557734,6.05888310699988,0.0,0.0,0.0,0.0,0.0,1.308517141357287,1.3867473915391844,1.2549628030273674,0.9382380845764139,1.321778607548105,1.5583768333888817,0.9250204848176289,0.8615961110260821,0.8890143317104484,1.1755971206938014
1.6686033773241025,0.7145964954611106,2.1811615975016285,2.227781932752711,1.1945123429225766,0.0,0.0,0.0,0.0,0.0,1.3815480655099908,1.2138988376112554,1.40128037023599,1.1403233250932974,1.3853435706120891,1.5165430632062076,0.6875917417812283,1.186708706899658,1.1563861401522155,0.7387650756988531
2.214946444340009,1.141057676104538,1.2782059276708506,1.6076654009497264,0.9590665852678987,0.0,0.0,0.0,0.0,0.0,0.7513874454442373,1.1669537065743314,1.5197312969673085,1.3146246014813106,1.173756152843312,0.4520007855073492,1.236665365349599,0.990075020361782,0.7756173371581004,0.588666377258025
10.25708385441555,6.683418007977605,11.278517966733771,11.241929189237883,6.110359225118341,0.0,0.0,0.0,0.0,0.0,1.3286302230924878,1.3951903729809854,1.2805916279941534,0.9563313369488088,1.4522033584176093,1.4524238969598582,0.7166731784591909,1.098231339826001,0.82192792002629,0.8159772441322556
13.447169653547252,5.327052373677881,15.12853125087238,16.235345832639513,9.361843420886107,0.0,0.0,0.0,0.0,0.0,1.4600471151805623,1.3703547889329142,1.477580334779,1.0009856519573916,1.360339889929781,1.4241270712333336,0.6903885562390887,1.1727903103687307,1.4138185419520954,0.7539179253803985
3.902162532472827,0.7933767030958712,4.088496587264322,3.312845128260413,1.1026121389825347,0.0,0.0,0.0,0.0,0.0,1.947387584439279,1.7946333948616326,1.7999768593588756,1.368377573207316,1.273574432433874,1.0773374892235656,0.9453248457780558,1.095593274894807,1.0797035625555982,1.2136601129579987
2.9323445439353857,1.4814397486628705,2.4456344339848406,2.887651817259783,2.030405771215793,0.0,0.0,0.0,0.0,0.0,1.3372195364816053,1.6266168928320233,1.5983689381855108,1.103635842801802,1.6915060353760656,1.4753173575197998,0.9107060146741008,0.9721461416081103,0.966529111809297,0.8906606215187515
0.1608411207033979,0.14974229338162762,0.20340081732324097,0.26729935192813853,0.14898130273264923,0.0,0.0,0.0,0.0,0.0,1.3602651429285397,1.2414604082150058,1.438501982201319,0.4449633985580447,1.9568959763684486,1.4815538625832139,0.44555899541838434,1.1737443162520789,2.785823580933146,0.9059719415730756
0.026377524259881602,0.03310914412184607,0.015591562224750177,0.0451769301898102,0.15107248968445838,0.0,0.0,0.0,0.0,0.0,1.3074781632057038,1.5247525973188503,1.0792093988853386,1.7615981650918648,1.3785638197072652,0.9209065621752431,0.837680637847187,1.264364432594914,0.9324422688898686,1.237379106639362
2.8496277577415308,0.2745959171306607,2.6362309813565936,2.320923762046461,0.525648638506192,0.0,0.0,0.0,0.0,0.0,1.7853505063182897,1.2935156646783534,1.798176745244728,1.363508916318096,1.6123451240604711,1.1476309848022144,1.3009791797038246,1.1183180143372569,1.2907071176753475,0.7900383316670584
0.7113875626884638,0.3320239190723935,0.4324005261373286,0.6893909620282885,0.8785366924470255,0.0,0.0,0.0,0.0,0.0,0.9017286446985728,1.5215859853968492,1.610850002865733,0.9858610415235545,1.4179587916636567,0.9168759679264585,0.7929711698947968,1.0095459127136843,1.8190369062540985,0.6937965716786549
0.7916404948374545,0.13774528073129844,0.8940763164328978,1.2456557299100688,0.5894381276418297,0.0,0.0,0.0,0.0,0.0,1.8607685192815775,1.6293583632339956,1.5931311565915838,1.4996083344035795,1.2394805030716871,1.1223003101021802,0.8455029101289656,1.1525373961518883,1.2166211511903116,0.08877152911510916
0.0,0.0,0.0,0.0,0.0,0.0,0.0,0.0,0.0,0.0,0.0,0.0,0.0,0.0,0.0,0.0,0.0,0.0,0.0,0.0
5.450253130951456,8.088409292167679,5.349611536872681,6.389218355077775,6.69624023670371,0.0,0.0,0.0,0.0,0.0,0.714901225702527,0.9056645503987646,0.675975178116137,1.6582068305807525,1.645208086222824,2.54944627037057,1.9780073922127261,1.9840069830614084,1.1891986703335593,1.1173646188719466
5.672268871223517,8.303124850041502,4.9510790435014655,3.775544775964164,3.036316330533433,0.0,0.0,0.0,0.0,0.0,1.1389473983869995,0.7332791033037405,1.0183680349569595,1.5741250842652728,1.621050626758683,1.4200912451020424,1.994785771080048,1.9468023800826997,1.1389337569453495,1.163779284226513
4.100584213091935,5.830461486865175,3.9619809480417993,3.4680130591585,1.800840241902554,0.0,0.0,0.0,0.0,0.0,0.4946592623782162,0.5698743058940384,0.8317495955111537,1.4435862114123923,1.3244767327701321,3.779480597286689,2.3023658854375633,1.4030634131294815,1.1385909434986072,0.943110796128267
2.72347161605665,6.2035612453329945,3.7574133672633225,3.2336661717640256,2.3078223430394824,0.0,0.0,0.0,0.0,0.0,0.8685355344939508,0.11118201960346978,0.425286345555622,1.3251880938329204,1.4814237082761843,1.883893368778358,5.637114302568848,3.479411778034078,0.683368554210408,1.0420828866036096
2.289792733247128,2.9532055419923404,2.089487206016135,2.058422881454091,2.4632423351372204,0.0,0.0,0.0,0.0,0.0,0.7395383261831188,0.803203372315137,0.6546419580626197,1.511506939129088,1.7029523638766997,2.8475199183165185,2.306724871553901,0.871941265487952,1.2394489507991968,1.1279347444888879
12.450194395450024,12.638892949040615,9.114181579471712,6.482858221009524,4.835012791488487,0.0,0.0,0.0,0.0,0.0,1.5862996037090564,1.5818663416861043,1.680780372602621,1.9752825870018624,2.0331766789286077,0.8863136297230934,0.9634871570262897,1.0134304846941893,1.0017616822297801,1.0214160672880943
1.48142410570424,2.531863153418799,1.674687993053433,0.8570248058987762,0.48085375270659314,0.0,0.0,0.0,0.0,0.0,1.3895204334298037,1.2394240146818183,1.1037793107113198,1.8273039077238036,1.976580789050217,1.3005511619247117,1.3221880188128046,1.521958700275903,1.1019345558050557,1.0276615061777232
9.069526241002894,10.00811001779368,7.908813223973011,5.899755648951777,3.6717123093620025,0.0,0.0,0.0,0.0,0.0,1.703360143134311,1.649209330668925,1.6207131519272826,1.8804559756427077,2.026991354909142,0.895818495810761,0.9515080927763865,1.0243627601383432,1.0145462414392763,1.006984232287373
1.9573450705316517,2.028582575596005,1.2102058511145026,1.2941471811828156,0.9598435053197424,0.0,0.0,0.0,0.0,0.0,1.1579189916192811,1.1097630262665812,1.4286068227624047,1.9018410654303546,1.7587367874273632,1.175631987910075,1.406082204193148,1.3537766444220423,1.0987204594726498,1.1333120555117004
1.8999911868361115,2.2657661572304093,1.9372639827796327,2.179930318184043,1.5730154914198569,0.0,0.0,0.0,0.0,0.0,0.7182932455320031,0.5368571217354144,0.8673253881253308,1.571748501204551,1.6125576652576235,2.706024913901171,3.0580784901560993,1.4711188027156066,1.1321367387245114,1.0647713980769373
3.3821054679229396,3.808439610955639,4.430520091123572,1.6287492153109349,0.9080074209790171,0.0,0.0,0.0,0.0,0.0,0.9269603367749971,1.0498935447710314,0.9462942227832067,1.0790374286997035,1.7198317463291484,1.6761703723903547,0.34306485756642996,0.048511729136704304,1.1674040363099145,0.9784141353804003
1.9365291812060204,16.07478551560355,12.05231523656835,11.069777450471888,11.962988902134999,0.0,0.0,0.0,0.0,0.0,0.42665175325959537,0.9658873582015325,0.3166203000441887,1.8114145046683967,1.4360772760096607,3.8814599116979736,1.8578702925218071,3.6733203223174264,1.0652625528874868,1.0796169637227802
1.9803159840520634,2.671097342960232,1.9336817015990089,1.11048793844322,0.582577778335719,0.0,0.0,0.0,0.0,0.0,0.38176023196903214,0.45881124628775066,0.7669186672249368,1.2699730320221605,1.5220677928916322,0.34583977036256397,0.7683990106297227,0.45353336609776534,0.9682314431019032,0.8810480463882577
2.3773201435493276,2.5646842155640925,1.2659652198471496,1.1921521292405861,1.0771299647614028,0.0,0.0,0.0,0.0,0.0,0.6359927903602927,0.8119372973904226,0.8303761301292649,1.5779371839102014,1.41317605795531,2.4166685095772733,2.020786520171113,2.274130446587763,1.2744746827018376,1.1168050414017847
13.819041542790965,26.69473110273741,21.06552267643236,12.116527540535397,9.154777355830433,0.0,0.0,0.0,0.0,0.0,0.5720496340166696,0.586847188693136,0.4137444885421286,1.3469663691582099,1.3826436972602358,1.6086548426932632,2.364820821819884,2.36717712666901,1.2957053408415873,0.8121671300682519
1.496141164073203,2.271554799404722,1.9677459593317643,0.7016368761309522,0.4247905078722726,0.0,0.0,0.0,0.0,0.0,1.0008558241533738,0.5526850973295028,0.6398606993579742,1.3213146296423537,1.5449110012190836,0.25788136355492375,1.7911610925870962,1.99931918771023,0.7243292764451356,0.6997816549760787
3.954774615212075,1.5005802764719889,1.1384341293335614,1.3695369875783325,1.8240067896145102,0.0,0.0,0.0,0.0,0.0,1.0663923070556043,0.851571069998492,1.7226467734568056,1.6431102976638405,1.895912491343831,1.4897944211429794,2.428414478223985,1.0023201169321605,0.8050689657383584,0.9119963367585027
0.9452736757412923,1.9120926764789512,1.4889510418512877,1.4827421902434856,1.1658991436600998,0.0,0.0,0.0,0.0,0.0,0.5744310638449093,0.8302181100009173,0.5876121544419963,1.6307070009984026,1.6346319241609344,3.6310822017011017,2.0549850015631232,2.004806018620527,1.2068855540515129,1.1154774371896359
1.4552541557671235,2.048964649446146,1.9812166696551756,1.2366589883940589,0.8421736064667058,0.0,0.0,0.0,0.0,0.0,0.8326736642793143,0.28842459288371397,0.5926124685168689,1.1817844136019764,1.3645892730368436,1.5344954030603997,5.158863046141318,2.6943636957481694,0.7800638217012036,0.6661051498529051
13.078530625471904,5.23202123398631,5.600683650137553,6.922169464127603,7.395147866727226,0.0,0.0,0.0,0.0,0.0,1.0947230331950113,0.0790321892827177,1.4313737201486965,1.3575829862930098,1.3092636642412527,1.777491058845033,21.84269646961788,1.4003689817232472,1.2272437729183638,0.6577736502216374
4.985482662422726,10.02908954823109,7.3879400827679,8.46537381552457,7.690041301497379,0.0,0.0,0.0,0.0,0.0,0.9905794276605324,1.0738375610218616,0.9371791514085074,1.856537373908068,1.7370069191569528,1.3079284577708796,1.56298119516973,1.9198037913344568,1.113084451030533,1.1204243439922934
1.807751624810019,0.12557611537413668,0.9044488353530907,0.8140443841448549,0.9723028003703085,0.0,0.0,0.0,0.0,0.0,1.1060429979128534,0.9664925671880594,1.8451225569195013,1.4458674762809796,1.5068052589589704,1.743961016917191,1.191717606427262,1.0468772725953777,1.2350805686484647,0.6356100542795022
12.479874457060784,4.209917287620944,5.552497520358635,4.346137204886047,8.164587490431229,0.0,0.0,0.0,0.0,0.0,1.293669813263357,0.5899271803213143,1.8716070602157626,1.5718431951415546,1.5842878011392612,1.3223906109640822,2.9119979375873184,1.003722885700017,0.9713948066796853,0.7249118211574958
2.070312924557882,2.0854733176756275,0.8742859692059083,1.2675980532993032,1.5713515523801975,0.0,0.0,0.0,0.0,0.0,1.0325918831566585,0.4087667361638749,1.282595946039409,1.8202844034124148,1.817852341149807,1.6137967370918722,4.229370188540384,1.04864323600531,0.9065681131612895,0.9668914553464178
1.6818923947021005,1.7660654191017948,0.27808660448575095,0.31303913410034767,0.2507784579031269,0.0,0.0,0.0,0.0,0.0,1.4071255705063521,0.8445624265591238,1.640009523152252,1.203686020798763,1.9208002038279703,1.1201167343937761,1.983181202309336,1.114462414460753,0.8901029371159392,1.0121032608015723
24.745506795792636,2.4438320113970375,4.48838916273047,13.522707270013935,17.531502826088133,0.0,0.0,0.0,0.0,0.0,1.489075947236966,2.0404127171360584,1.7365645143009585,1.9685179863834057,1.729965725201485,1.2145708325847946,0.9313120744912556,1.1215479918700668,0.9397501016521358,0.932005040912529
0.720672917901667,0.5896116748009486,0.5802213292027798,0.4120708092023424,0.2899496891733647,0.0,0.0,0.0,0.0,0.0,1.6177831775571347,1.4019331005937343,0.8217224578630923,0.602077162947095,1.4111046518585446,0.8936110142807436,0.9298417459250452,0.44660971661156806,3.038751928547729,1.2904062979677733
0.7732863751949958,0.13768346315692215,0.16009560645844276,0.242799727518563,0.3270411772771609,0.0,0.0,0.0,0.0,0.0,1.4731353717286049,1.246056566860052,2.078621575480651,1.5976244595556448,1.333502543866423,1.2013553338525642,0.6646948199843381,0.9862725952655383,1.1462933502060537,0.7133647124611621
5.252866624126607,4.053432440676694,1.8942002460354146,0.6180761525010111,1.527625772018615,0.0,0.0,0.0,0.0,0.0,1.139883362507604,0.9009593000571903,0.4862573051649733,1.2894755549322572,1.477956394830469,1.56033382860891,1.9962066783131287,3.8982332151558854,0.8806633543267711,0.8146882449259009
0.21294429163264902,0.19738560221783139,0.2185155440034697,0.03975635440734181,0.2469815498216482,0.0,0.0,0.0,0.0,0.0,1.4472005363403768,1.190553949399306,1.2834337712735546,1.282841775176635,1.5854061909096895,1.2316942692885036,1.37282269016525,1.2518163612890973,0.8192894367318189,1.0363026087029554
0.4399142740738694,0.28255877749347763,0.6680083272960963,0.30316022250686964,0.06776564732307978,0.0,0.0,0.0,0.0,0.0,1.8503515653490017,1.1211466319914394,1.2610786102293559,1.419207847327962,1.1730998070655065,1.0581701974331512,0.7684396526890283,1.2541420190417778,1.2664878491432279,0.5565394867481059
0.08690561220601986,0.05500048752764079,0.11168658066501713,0.03732722011697966,0.01084131046398443,0.0,0.0,0.0,0.0,0.0,1.6810111849401104,1.3997918308145214,0.9654524306289096,1.509577577714597,1.3348368113723617,0.9412676837304876,0.8549841154093676,1.9691727707628026,1.0855369167270692,1.1905674590929431
1.3275856454274961,2.4577345090533194,2.379071009317884,2.9235738003940015,2.9960407398499997,0.0,0.0,0.0,0.0,0.0,1.4375468491474435,0.7917325902875235,1.223398083654472,1.4847064074882266,1.4782423293931084,0.921793231827062,2.0328593831221773,1.213838500193759,0.6976528156589006,0.7617343110643923
1.7119117195299096,3.0078953153755092,2.64551522083037,3.2294732061641946,3.4613474123905617,0.0,0.0,0.0,0.0,0.0,1.1860217357945877,1.1749844388367543,1.413762054018718,1.6131314664719845,1.5098014830468656,1.3467615740770706,1.2532920728287456,0.8792363880724676,0.8701565521327732,0.9231461386580712
1.3109092459873093,2.023919935831693,1.7471415285266247,1.9609129292953462,1.8308542059019506,0.0,0.0,0.0,0.0,0.0,1.7333668389926875,1.433393721102056,1.3110029397005367,1.5369793535039986,1.28684958357968,0.9471830911266882,1.2097358896912018,1.0149357660842642,0.8865639105477473,0.6914685924787214
2.3652183118677503,2.943237213497423,2.6505586194793955,2.5587372349085022,2.378662227424481,0.0,0.0,0.0,0.0,0.0,1.5405309152337359,1.1750335453931393,1.4326319707717394,1.5701458325504771,1.4428118410587845,0.7936528083834208,1.3800091296531007,1.1000244458662691,0.7597371860619384,0.8297231018963879
1.9400387807528616,2.2985935105286073,1.9121084373388417,1.6382154623865008,1.6375387238126948,0.0,0.0,0.0,0.0,0.0,1.552691167330735,1.3449973267146178,1.222872505452997,1.308932045372177,0.909114769433564,0.9667870480982079,1.0393778987798203,0.891806120904739,1.0037559035840575,0.6070138246122748
4.923779328755758,4.603898678009599,3.7179487563573077,4.227797471001286,4.540018073196225,0.0,0.0,0.0,0.0,0.0,1.8321426032914345,1.713411845668138,1.4312021800289834,1.3196114452101197,1.1451943959673323,1.0099102759160605,1.025143250031366,0.979136240272954,1.0833625647733431,1.254474037616509
0.5676554291654775,0.5323124567539903,0.6754340685674157,0.4132927384443027,0.5413053464022339,0.0,0.0,0.0,0.0,0.0,1.5366355955495168,1.347189993629762,1.515049862093173,1.6719706095119315,1.753679431093599,0.7188327463246289,1.1166537820617126,1.0670670348846432,0.8377971332268414,0.8710051965152883
3.5397005676374476,3.88670883550421,2.87722957769946,2.73432631432384,1.8099780247014503,0.0,0.0,0.0,0.0,0.0,1.7522651420049402,1.4603797459504486,1.405443537864043,1.4509326135828253,1.276615159925717,0.8573080773946595,1.1269330158965787,1.0774830011288636,0.49918048902551176,0.5941900097268594
0.9042354970785963,0.9300299369583996,1.131939929456483,1.3914211811839565,1.0362388194934533,0.0,0.0,0.0,0.0,0.0,1.8131327715718957,1.2589570600550286,1.2463395511753337,1.3449471279105276,1.0123828486319288,1.0499771717428226,1.257212995685,0.8813387372005798,0.906560898858882,1.1365876000370265
2.7658168881462735,3.0266368633067975,2.2021904002871904,1.69353135021998,1.4856966586096658,0.0,0.0,0.0,0.0,0.0,1.6902459637078628,1.2998804158153734,1.4405731505027697,1.440493786416609,1.0352134291126711,0.8730652447150425,1.258920343186382,1.046409084643928,0.6287345263220315,0.592398289740099
2.6423119859035475,0.9065586519406621,0.12300342467040411,0.6239479663422993,0.831546223249805,0.0,0.0,0.0,0.0,0.0,1.6584588699897096,1.8431613557370263,1.367934562504893,2.12520149190018,2.0004857780753085,1.1084746935247205,1.018385582333869,0.28319159603153743,0.9686674406450072,0.9557718075708025
3.2078913191291654,6.87398880535464,5.519174496995431,8.646814955038124,9.089865466688034,0.0,0.0,0.0,0.0,0.0,1.0026551900024734,1.0989685475023705,1.2335456577486092,1.521639184884922,1.3574498050369097,1.639055941573448,1.382705597994729,0.6506832894991988,0.8891786629302402,0.8135748931068861
0.39655732062095095,0.31186997034959907,0.36316980392334014,0.45499622130482764,0.42678154761740555,0.0,0.0,0.0,0.0,0.0,1.8669674402592455,1.8472366545625398,1.534632847216696,1.423698711121277,1.2854646224654,1.0339689999259247,0.8965130974117241,0.7541463959309307,0.9191098617367286,1.0205924890633067
1.7226076295095165,1.3813118376295157,1.4995849064958588,1.3933957692137249,1.8839018827636569,0.0,0.0,0.0,0.0,0.0,1.3098012076689738,0.7875802877330625,1.507912953308707,1.4726475120363987,1.3625217527764606,1.1246257775603354,1.9233092797777676,1.0931290837653125,0.8034017198796497,0.7708618789781888
5.887758040128863,6.929373556782454,7.189971437836606,11.448725057798296,14.719731067579165,0.0,0.0,0.0,0.0,0.0,0.6724292265688103,0.9332231794827568,1.1949414138490893,1.3713262184820187,1.3083982759933757,2.8746705225159865,1.5733296962907732,0.6884888999554346,0.7987572857950697,0.7921573232491952
0.8340954334401859,0.644902974831903,0.43794604554866545,0.2358535463312867,0.3933455995044293,0.0,0.0,0.0,0.0,0.0,1.2920819188239083,1.1023639799950486,1.2780872296124532,1.5320191299276529,0.968642872440832,0.5881043446383516,1.14103656204505,1.305532126948213,1.057437109443119,1.5754760109993626
0.949271841800517,0.357461011444952,0.7680806198789987,0.5793697008774779,0.5796906639484788,0.0,0.0,0.0,0.0,0.0,1.3785154028347408,1.0760370637010686,1.3856074496425717,1.6490657805570201,1.5181761559944242,1.4529355111504474,0.5260883054866761,1.5082106173932355,1.2071131501052794,0.7992398522228842
0.8148918128573481,0.8371877425591376,0.7304863248593385,0.7338124145651828,0.6632737605293634,0.0,0.0,0.0,0.0,0.0,1.7451575125032337,1.5752637494833124,1.326427576016962,1.3674555053631698,0.8773214638107047,0.9873594822519032,0.9910622213363721,0.7290172147381554,1.0686205084168485,1.4243609597628726
0.5285750274824584,0.5209818112633656,0.44968456476731317,0.27101046024867714,0.1598824740055343,0.0,0.0,0.0,0.0,0.0,0.9579385723430749,0.9345409372641553,0.8075226370529418,1.1369512345420183,1.5351371806850505,1.5567420479591048,0.4728908323132895,1.3923585432932237,1.3444818056523584,0.9017835653313108
2.1168935893281566,3.25462398406548,3.144038341689808,4.300025166900594,3.574947665919313,0.0,0.0,0.0,0.0,0.0,1.8627044120489475,1.5548277381520024,1.3834879285051733,1.573576999019111,1.465587385154508,0.9521733384388272,1.1572290743051437,0.9435450903501372,0.8980632762005122,0.8388281055300689
1.836528389848321,1.5223364022728512,1.6317708723692896,1.122427539241348,0.5524891214635975,0.0,0.0,0.0,0.0,0.0,1.8124059644531203,1.4668273835931747,1.02047428580807,1.4951769822809824,1.572074298343927,0.9188035200286246,1.053323648292848,0.37858515915995,1.1299620828604575,1.2432853183413186
0.8014791747975932,0.5229180364175667,0.40155422988724876,0.10549954763594213,0.13103002818937537,0.0,0.0,0.0,0.0,0.0,1.437291270050434,1.351170205004604,1.2216835660354175,1.8452830003854601,1.8947485901648748,0.6286233676557575,0.9445743246296305,1.3936349527596088,1.071329388309383,1.0425676513689712
3.876069929477249,4.376125465799854,3.4937146782944,3.523372787160872,3.097339561390428,0.0,0.0,0.0,0.0,0.0,1.7761242565820672,1.4349021242268996,1.3978958372961667,1.533362792691037,1.0370056590653898,0.9498296481114602,1.1576251467062866,0.9884334049610392,0.9537930661932614,0.25137960032791473
0.7703332724163325,0.69946029511806,0.7651268163784571,0.968885270366606,1.2331210316957457,0.0,0.0,0.0,0.0,0.0,0.43830347292074917,0.6278442823289778,0.9704985977601791,1.3718627273321211,1.501053776612572,1.8126181185563819,0.19686957148000972,1.1210226290143928,0.9081632039251619,0.8029899981936286
0.9123404622128308,1.206736480876518,1.0086031921028125,0.6941304571074793,0.4526791304513932,0.0,0.0,0.0,0.0,0.0,1.6659709905662556,0.8936745402171138,1.3510586080769917,1.2730330410095378,1.4918390880722907,0.8104616755467031,1.8288327459370923,1.3004114071713413,0.31436822220547683,0.8038961128195495
7.766560533351073,8.435116419722466,16.840149907053465,2.487365062945428,12.499757673548402,0.0,0.0,0.0,0.0,0.0,1.3508398794728111,0.5948709512016586,0.4879141485338851,1.471650473587492,1.1030532325941533,0.6671103976882273,2.7326600235675604,2.3881270786894193,1.0632404655374237,0.41241351260943776
4.345900446052942,3.113684707064717,0.8920013548070248,0.22794712412950488,0.5404237320438818,0.0,0.0,0.0,0.0,0.0,1.4413347457457393,1.300791786007886,1.3467592340424575,0.5609091245744657,1.346100649097894,1.29255354614153,1.474212473145144,1.4331229992355332,2.0841505781033622,1.3066071429442843
0.32934611848193074,0.13492018180132173,0.25497990901650824,0.41088240938308684,0.2658461742901107,0.0,0.0,0.0,0.0,0.0,1.9284547767385762,1.7997044772346553,1.27076213980083,1.253956700089405,1.158699899577972,1.0443980038806189,0.9279925835471629,0.8273190759311169,1.244665456444552,1.2912560969664397
1.2224267713386374,0.7734850780661853,0.8770169350604622,1.3255357011703381,1.5695522906611645,0.0,0.0,0.0,0.0,0.0,1.1929082378288711,0.5300349122914392,1.4296739965395893,1.493755675088193,1.5549180632927662,1.4062183172942426,3.621218892641102,1.3304652837828297,0.8970972463233898,0.7276810105843291
0.2619661437970727,0.10160695033861808,0.11673815144081538,0.15229952863592772,0.22128975599017622,0.0,0.0,0.0,0.0,0.0,0.7199699030663719,0.6094168808079089,1.155513557474192,1.4499203207625047,1.5684341037994523,2.096767483934442,2.286825691044068,1.3433235511106525,0.8117522382082828,0.7344243140467228
0.2470268672491934,0.13464805730852364,0.1604862140813841,0.20119255180886642,0.19198300520409747,0.0,0.0,0.0,0.0,0.0,1.2106160655245408,1.4025802711643431,1.4727063116433305,0.8618371949599702,0.604504719723076,1.442267837629665,1.0395721633904165,0.9634449156164844,0.30019580993504136,1.7314409479556703
0.21809043365264386,0.10779064413444195,0.07188208854569354,0.1630273466201752,0.12074674279707157,0.0,0.0,0.0,0.0,0.0,1.8711111808468308,1.5569099929181496,1.5965417429365867,1.3430963275834125,1.7798741177154715,1.064535789070842,0.874555931893655,1.1225511041560219,1.5527312144887857,0.986271639765382
0.0,0.0,0.0,0.0,0.0,0.0,0.0,0.0,0.0,0.0,0.0,0.0,0.0,0.0,0.0,0.0,0.0,0.0,0.0,0.0
2.030022023680478,1.9619912586558734,1.0198243097892576,0.6082893403958721,0.6455012425918772,0.0,0.0,0.0,0.0,0.0,1.2419853258866433,1.2356546700620308,1.3147439284366909,1.1229067036587153,0.593192766298479,1.0344950968097728,1.0267085087786063,1.0233254288837312,1.2634596900233117,1.4070243383261454
0.012473995204285498,0.029918687700094336,0.021521795448361396,0.08566307659896204,0.09224724610659998,0.0,0.0,0.0,0.0,0.0,1.6308081980025284,1.2174485251137503,1.5803255239774208,1.7690152268776456,1.8738951692576888,1.0016615075780004,1.3111267014720955,0.8187918547325752,0.9593523758958047,0.9736895978704185
1.0160144295491245,0.7482843774044597,0.5327571949322509,0.5294454872041794,0.6021075358019343,0.0,0.0,0.0,0.0,0.0,1.831863852339487,1.8029849997369578,1.6008012883779275,1.3121570583802264,1.3131146321178446,1.0022687836923347,0.9468437118376443,0.8186651745288986,0.42189378234506986,1.083747631110008
1.1363405169562522,0.7142318483443679,0.564617329270839,0.2417916636587199,0.8909891083795708,0.0,0.0,0.0,0.0,0.0,1.0422079179884183,1.4679506026384688,1.5276214964925512,1.2928884490195407,0.39807016889010427,1.6014121972821012,0.7911243497597533,0.6469896817088594,1.2611971270324356,3.06600410459383
0.7491424604964294,0.5300395191410958,0.40064834220626777,0.19485490178578693,0.23562409158699543,0.0,0.0,0.0,0.0,0.0,1.0729863302149552,1.0233967134537343,1.2942315317607362,1.6266564573023776,1.5440894834692611,0.3590134530751168,1.2221480546293688,1.2331092971136985,0.9931771789411847,1.1062484262972068
0.4611265121646424,0.1544202823336271,0.500975160334677,0.07597856208652683,0.5819600378365435,0.0,0.0,0.0,0.0,0.0,1.8413405266863871,1.361301717423447,1.8517229735769292,1.5457375389438017,1.6356918081933918,1.1009263033850307,1.1783959992745356,1.1093991779290349,0.8820954354150015,1.1302983702659553
0.8469245810375486,0.7266902673494963,0.599914193077733,0.43538402880622806,0.3527951123929431,0.0,0.0,0.0,0.0,0.0,1.4284069330620504,1.3513364996819652,1.1344976593591882,0.9787440334642836,1.1960323016018999,1.0439204488503502,1.0930719765354109,1.1526542667590107,0.4625583228743492,1.270107278167331
3.709357459755084,2.9192753318972677,1.7174103168433572,0.8220516168627234,1.0027896575625797,0.0,0.0,0.0,0.0,0.0,1.5480645290002497,1.4927565256404796,1.3361757374467282,0.871265295848151,0.5846064504955859,0.9549404875499902,0.9170378624365576,0.8702385363582178,1.5450460974357276,3.3339510913346166
0.21885061065928033,0.15431774469602136,0.1659640900783997,0.17389369422428122,0.139223449476215,0.0,0.0,0.0,0.0,0.0,1.8515732700680299,1.5410029957517346,1.2332319600356074,1.1990675563621298,1.190509540627991,0.9790627021746783,0.9695151369774773,1.2421486313851013,0.964823272370772,1.2135958474616266
0.4138573721664936,0.30210265250835033,0.18447628402633748,0.10453205179479756,0.27732002620443036,0.0,0.0,0.0,0.0,0.0,1.4034499268490144,1.492466736232241,1.77823751342088,2.0811288019085645,1.2345174396349334,0.4759393240093643,1.0799458647214382,0.9251041367346639,0.9439268872503231,1.6523797659440156
0.7642383750397302,0.9315052314540561,0.3124809896346308,0.3270670294236672,0.8024781229281055,0.0,0.0,0.0,0.0,0.0,0.8120788877283602,0.9902986421978489,1.0307109312497318,1.385338301957645,1.1264783816282038,2.034948655729097,1.5358166698253597,0.5184525745036476,1.0880173948277372,0.7355418442880759
1.9916305899645508,0.7793109575131298,0.302531717321587,0.7580224880695214,1.5438610390460572,0.0,0.0,0.0,0.0,0.0,1.3382857544932987,1.4976001746869916,1.9301888262391185,1.98275736416612,1.2989995862179666,0.6852142441172477,1.094999318612373,0.9992269812173391,1.0598908976475065,1.357389180443467
1.0830317382863766,0.480500297081099,0.1758402912701972,0.4564332351514799,0.5750802775114826,0.0,0.0,0.0,0.0,0.0,1.399924774419032,1.4618171450590813,1.844196065232485,1.6183591692389467,1.2485882280238956,0.7893171580344643,0.866871745398774,1.0512067258562001,1.2661105492284914,1.3487024541703203
1.4865209637388705,0.9958883764934953,0.4781518673637934,0.07552118624721137,0.23679447516384258,0.0,0.0,0.0,0.0,0.0,1.7565321112045489,1.8141438920140853,1.8294560832208413,1.7840477024579426,0.8563740322666114,0.8801225072747612,0.9192512285396218,0.9321963565379302,0.9215835726619425,2.0305771556959353
0.6272382958562834,0.34041235526104796,0.24859729094922606,0.34110578935855146,0.4022807729591012,0.0,0.0,0.0,0.0,0.0,1.3740794722448657,1.6256498449641006,1.9183233869466363,2.038018188158768,1.2838648404420179,0.51753244793596,0.9576018832490055,0.9741144755749848,1.0311073298333095,1.6030154589876404
2.7162141020029598,1.9895398140653566,1.0341973239169666,0.3334047552935344,0.42243861760002216,0.0,0.0,0.0,0.0,0.0,1.8492810449752175,1.8812852348174307,1.8324962620113017,1.5092666141494715,1.3008570480519732,0.9323786850210192,0.9404859751746347,0.9146734164909451,0.7409985147876832,1.2783266387330918
1.6691450402012808,1.051649827876104,0.5269952066310896,0.41734265783267377,0.6846501354745541,0.0,0.0,0.0,0.0,0.0,1.5349946076418979,1.4547118426504466,1.9177116824660205,1.8055230716683288,1.1657217649657694,0.9858085795837874,0.7929047592248478,0.9316341692730927,1.0733970389035001,1.7530378379880203
1.5485095388613275,1.3805052622905634,0.4169926545423851,0.5391797903067245,1.377725112854336,0.0,0.0,0.0,0.0,0.0,1.540109240333555,1.465810230637641,1.7743277748960513,1.67658429339049,1.1212097430651486,0.6481031781346019,1.1086694803088863,0.920256704246219,0.9698890374012084,1.41093190553026
0.41095052347924027,0.31136891903021446,0.2106808862313052,0.24061368648986586,0.6249228630067312,0.0,0.0,0.0,0.0,0.0,1.3988696682396342,1.321056961957687,1.5224894127538715,1.4165229849600072,1.6661220645379795,0.6450230291405825,1.1011558199207363,0.9422221444210255,0.9973523967354269,1.0283359081654948
0.0984562094074403,0.12437840870920595,0.04455255737856003,0.046240123493109526,0.09884306285637527,0.0,0.0,0.0,0.0,0.0,1.4993482029522858,1.222274975415494,1.7234380679918202,1.6048798461143052,0.7591345989492381,0.6301487319342363,1.3270483384216687,0.9152627080537499,0.8925518020855795,2.749704394768718
0.31696390973562977,0.10922500584192234,0.1409381932033977,0.1658737587058781,0.36312207435632543,0.0,0.0,0.0,0.0,0.0,1.3262685071121398,1.7763106454009177,1.647067759153025,1.852844674482988,1.8053576861569274,0.7552399588616037,1.0424526642358967,0.9232631317813522,1.1100998143131355,1.140466981463972
0.9548211969644376,0.707596232553401,0.5156569387256086,0.21307787886921697,0.5220992907103912,0.0,0.0,0.0,0.0,0.0,1.5110951616379604,1.6142657709438868,1.7607551430986446,1.9327405316509754,1.2705142126222473,0.7299845762692518,0.9612015329183822,0.9153697757928582,0.9894567826647706,1.5829062960992155
0.7572850857624609,0.1670055388249935,0.48736220535896974,0.21274236660970897,0.3545812674182287,0.0,0.0,0.0,0.0,0.0,1.201445645004715,1.9551782251391445,1.9170941293518893,0.7433388255075929,2.068795838925069,1.5587004552310428,1.052750242100959,1.0548441272127724,1.5026288052240115,0.960730546593251
0.058406273748537796,0.031104483452925262,0.026928708116623856,0.030786177623851267,0.0278076001835905,0.0,0.0,0.0,0.0,0.0,1.3432322786638977,1.6908274989060212,1.3734933798244238,1.0427395493999185,1.485594384652462,1.3205332285130262,0.8511873605341662,1.0322632385697055,0.9935342661441597,1.1620252126800665
0.3781851906640158,0.277574256429755,0.49187458884262086,0.2977648696165593,0.04233618484388573,0.0,0.0,0.0,0.0,0.0,0.434675689638691,1.0711506906157413,1.2821745691744002,1.057539309681557,1.8697851262805145,3.0104100308267063,1.692979601635575,1.3925248500183658,1.482090031515544,0.9292517915171158
9.59381699208865,5.538036207932332,2.9864824056738986,3.7511911489317433,6.7437316270525045,0.0,0.0,0.0,0.0,0.0,1.3700144900037412,1.63535481693829,1.8172583676919254,1.9512303658832304,1.4116919880339776,0.4608421234713924,0.9228973083182666,0.9466714494553776,1.0781610607487861,1.4137921219087657
0.17175333370668094,0.2925476432723621,0.219561610691363,0.15459340746446984,0.3497539999043611,0.0,0.0,0.0,0.0,0.0,2.0337807995990804,1.0403711609655513,1.2251278561058905,1.1620628013547822,1.4431855266804205,0.9510049213677354,1.5221159578075207,1.4169592669462387,0.9977652353546487,1.1306984878644195
6.478723453528303,3.992313097849866,2.283327413947256,1.79189900337215,2.16786208537439,0.0,0.0,0.0,0.0,0.0,1.5643212241122406,1.589434839956376,1.9083518334407394,1.8400764342310094,1.5756398387650394,0.8813770134447668,0.8479414352612148,0.9667132626945294,1.0393093569004497,1.3082953989272215
3.912682686206641,2.644518658822422,1.6673504826768657,1.160114062564451,1.1899552943270073,0.0,0.0,0.0,0.0,0.0,1.5361383101343027,1.6120681085808264,1.8906781104179624,1.8730546215492425,1.1555390499601663,0.8688799338817689,0.8243367964111727,0.9221788596712425,1.0705817045537926,1.817397532398158
0.2871907204385489,0.2715939018668977,0.07009353453989756,0.19826638741653296,0.24195269297212887,0.0,0.0,0.0,0.0,0.0,1.4104422211819987,0.9914590754424597,0.9537501368188195,1.9127775191145644,0.9329459545851477,0.9789674380409668,1.9223394931838023,1.8894658879387298,0.9500713076703056,1.1341485784153913
0.7792145432246426,0.29398756195517145,0.26210118176041586,0.19627458906572826,0.1357660496232957,0.0,0.0,0.0,0.0,0.0,1.6085161716280079,1.641215659750829,1.9807416257887733,1.5674348413748993,1.401310314568633,1.038658762845123,0.8012013187491958,1.0230208459489285,1.0222518433185142,0.7395113486694663
0.6637096080652878,0.29911081403049977,0.27924451617374924,0.47077273257104224,0.22930148339437473,0.0,0.0,0.0,0.0,0.0,1.2888039717494342,0.8715659285268217,1.8524844831914669,0.9199138347578347,1.6331582949153007,1.5682853419958198,0.525515344847055,1.094717770491213,2.235807879225177,0.9406549227197711
1.7138894138942544,1.0072592786685515,0.2867662568633813,0.18971476054754638,0.8387358591421084,0.0,0.0,0.0,0.0,0.0,1.643556117084138,1.8019395189257361,1.9445081259732013,1.9080552881444184,1.2614030669335607,0.8723109414567904,0.9355380690799805,0.958460190887669,0.944204945226655,1.2114164311506768
0.09956834174564211,0.08289474681741386,0.07794988560928753,0.12993994299770675,0.08454773649946383,0.0,0.0,0.0,0.0,0.0,0.7820397883836568,1.394428738280431,1.3089252793330743,0.9578842027942442,1.5740783157554312,2.0184646970256344,0.363621006523535,1.0128494308558242,1.5995093229214628,0.7837768796052454
0.18942463732991463,0.06324394641984321,0.37602228974645263,0.5060894968400917,0.5222328049037095,0.0,0.0,0.0,0.0,0.0,1.8454599313674172,1.451689479153991,1.0379080323264442,1.3906353320995923,1.3164400030167915,1.126008097068169,1.0677868977565004,1.8087004514748029,1.1789433302345174,0.45350176363914024
0.16241422323352359,0.1930712210293049,0.16853047765589133,0.18495336249957148,0.10355645841940135,0.0,0.0,0.0,0.0,0.0,1.0179458388761393,1.14956218070342,0.9047427139080159,1.2166869326473473,1.097906317722117,1.4784446198102024,0.9527660744533023,0.34412406286688724,1.557121091060981,1.4847330648819828
0.37818174785041747,0.047502323747024434,0.2521809051214832,0.5039960635305281,0.19111445239215247,0.0,0.0,0.0,0.0,0.0,1.7174023165165915,1.992610697284592,1.444054116162231,1.77495977039052,1.81604685738337,1.1378352128106675,0.9208392946269304,1.282098507223346,1.1418906360649428,1.1203814818530238
0.2685251611441977,0.2823426261203026,0.1544094213522427,0.23618120850230326,0.3582619948851383,0.0,0.0,0.0,0.0,0.0,1.2412289525142008,0.7037946359804693,1.6165789690329788,1.6255411652816638,1.455361941492328,0.8563962386821742,2.425106882567975,0.9983134862943264,0.7808896758191536,1.0933549192280805
0.7749029693752509,0.1800055045976202,0.3852391147614477,0.2550610905368236,0.26529177427533956,0.0,0.0,0.0,0.0,0.0,1.572501431394804,2.004033719648209,1.323215965583576,1.6416496431218701,2.0740760159019787,1.0728394160724846,0.9177184434360323,0.9304818610476319,1.237608694111948,1.0093842949869587
2.224600895564651,1.3999789927815134,0.6025674822211372,0.42165060811955507,0.8611541823686311,0.0,0.0,0.0,0.0,0.0,1.527973782948011,1.618320534696738,1.8274796731534688,1.9127016117410003,1.1925298736096812,0.7797159489335581,0.8401663322657298,0.9033870553736829,1.0948934603730986,1.4549558516217846
0.6382351904224739,0.4539795257654619,0.4007344230719737,0.3785024914152899,0.30116884490976287,0.0,0.0,0.0,0.0,0.0,1.7427803200362417,1.6772238323606166,1.4098218576271264,1.018889958293625,1.1941397992530396,1.047571037249243,0.8399954111551957,0.9962165137487806,1.395000337773145,0.6678501637470051
0.8996827093515474,0.3878417789929298,0.20550464066859858,0.5089416265334668,0.4209420475084225,0.0,0.0,0.0,0.0,0.0,1.8523531197633016,1.815722295839397,1.229821262292523,1.696142541916804,1.9401091433730242,1.019855764155445,0.9687574409273866,0.4754904927880476,1.2387780045234704,1.0621884748754806
1.9824758217060487,1.5112762124027255,1.3288049677367124,1.2574100040487388,1.0149365617797665,0.0,0.0,0.0,0.0,0.0,1.8254457057064224,1.681185554115303,1.1729803190340493,0.9561825695353227,0.9771334872425835,0.9356423360358442,0.8940593191371253,0.8295434007576,1.2586855570336348,1.5886403387263752
0.3463777529754023,0.07678344575663472,0.3710826308304882,0.3145484450759359,0.5228925235430025,0.0,0.0,0.0,0.0,0.0,1.6644523341596864,1.174526432601435,0.7843653791293201,1.7725916285171948,1.5420185318356936,1.2382709620089887,0.6181327071872869,2.6391152738620116,1.1549481179476013,1.2909408794229171
0.5220536793801289,0.2511497931710845,0.2008965374192449,0.3463077500878767,0.3379043040567292,0.0,0.0,0.0,0.0,0.0,1.353629310008341,1.224213281805961,1.8955956573586163,1.7496181154553136,1.5122144138757756,1.1644074733984624,0.6595756183421507,0.957949237865738,1.16891904862587,1.236727842499459
0.4483009709672731,0.2386990647493951,0.16103922730691897,0.2167613966012254,0.2518332185570179,0.0,0.0,0.0,0.0,0.0,1.3407665966401578,1.6229812793350837,1.8524695534838749,1.8095988859006178,0.9564482585012807,0.4213524067740802,1.0116894214602594,1.05907934576564,1.15061656209521,0.7622574432729837
0.9628519190910507,0.26693469282192506,0.14767002588870934,0.39988333990025515,0.29715880785846804,0.0,0.0,0.0,0.0,0.0,1.4520414093505716,1.2833081422612396,1.5854997317449073,1.9964599585614884,1.9929487332059594,1.2158926860140598,1.5680939770243327,1.010868669112776,1.0490566798223755,1.0277419789790456
0.5104816363618726,0.15969437520790225,0.2909981466603734,0.5140145831244713,0.33666958238332423,0.0,0.0,0.0,0.0,0.0,1.82041876218888,1.9175014455043327,0.981464432469987,1.3904706437353875,1.4872011133800342,1.0495193455145904,0.9555469876252877,0.5359738592607673,1.1285840726147813,1.244875696940419
2.06681711562294,2.087079708664038,2.3762816577301984,1.9903975836466916,1.240810998263483,0.0,0.0,0.0,0.0,0.0,1.6061507530693275,1.3208213044561659,0.9973756676266252,0.9758147494971051,1.005892805606077,0.9969735913605665,1.0225348308069715,0.6549720681913738,0.8097378080697948,1.3757010943856465
0.6132350709470638,0.6020962964932493,0.2635404163524684,0.6994222993859804,0.44143104701485186,0.0,0.0,0.0,0.0,0.0,1.768953850188029,1.743926236548822,1.7039943199374266,1.375393558865866,0.5248448518299911,0.8716532126466293,0.9160614118657503,0.8465357618978916,1.3687942082549678,3.1248254500288137
1.2337824026868376,0.7052912597269013,0.3597166077924053,0.4375589328244337,0.5571971885948324,0.0,0.0,0.0,0.0,0.0,1.009820958624135,0.980629371097239,1.326125796353031,1.6677140083188606,1.3430548792539154,0.7369904195686489,1.392887325394122,1.1847246874714852,1.1586288447034434,1.475065118096872
0.4531767576918798,0.604107006262704,0.08240040410234753,0.23634199850011947,0.25500108448630443,0.0,0.0,0.0,0.0,0.0,1.338354218791876,0.8390706301981052,0.8312785644408826,1.7982997261174931,1.269365921888677,1.0014414626656158,2.1718403688477403,1.9430764035634283,0.8749660350060524,1.5210160229443184
0.656480411618971,0.1163705927227735,0.11913919186604097,0.525664145379326,0.415751306377124,0.0,0.0,0.0,0.0,0.0,1.011188638225443,1.391404822641842,1.6380715599351379,1.0647005962482607,1.2296675596307314,1.3718949258995996,1.2955688374882748,1.125544817256071,1.8165971294031156,0.24543265698763447
0.6133752432589158,0.4335597665877947,0.43064921880223217,0.42823551132970683,0.36075495111891276,0.0,0.0,0.0,0.0,0.0,0.6619590853971712,1.0792125058556243,0.7427045220023464,0.9786783626996576,1.5169175270534478,2.8689177121424883,1.3129936205115245,2.5119203004265875,1.7680694283839242,0.6354424302062169
0.8028667269330662,0.7938604734658349,0.5102963543380602,0.38601431109559003,0.5750175375959392,0.0,0.0,0.0,0.0,0.0,1.8610595166126347,1.351459139709072,1.3365380266232487,1.346835707208235,0.45073769644018535,0.9218056079612502,1.207538980187752,0.7145380626595782,1.0939671807263551,4.246459986365268
0.4543162921166598,0.18589162671342008,0.36784226632887024,0.3149998174124871,0.3584993077709848,0.0,0.0,0.0,0.0,0.0,1.519467353646564,0.7921749731480323,1.7773920381801016,1.4976842024666046,1.3582653493732575,1.196137187997689,2.135472777540056,1.1259148529345657,1.0956742126363839,0.4146090966379153
0.3545814909945707,0.2463073703044003,0.12971211715419667,0.10251490318307106,0.14215935457133352,0.0,0.0,0.0,0.0,0.0,1.3603275895163198,1.4159712628548498,1.5676572817673629,1.8539565427967823,1.0844742988732283,0.5860957523594691,1.1242714797238915,1.0823676983353518,0.9786897252867022,1.4672713206532708
4.566010145538805,1.186461795618581,1.481532106606105,3.809106268967718,3.1076930109917895,0.0,0.0,0.0,0.0,0.0,1.9219018574891258,1.9830515158553481,1.1133852553868493,1.5397851821765436,1.6798710162348989,1.0459674623078348,0.9564700880650469,1.3961370543985276,1.1516520402589723,1.112002733553366
1.2495375387582075,0.581751460055908,0.2114191505319714,0.4060954693228175,0.5084956024894967,0.0,0.0,0.0,0.0,0.0,1.4762826265113238,0.858710586344761,1.5236248558377394,2.0919754688142147,1.680308742951961,1.153451609505755,2.362743025344584,1.1938067370452423,0.9899433685666648,1.1889273360980002
1.66385793959969,0.45845373743520385,1.7209658373754952,2.7298321207995544,1.7309301231196013,0.0,0.0,0.0,0.0,0.0,2.0081867005002603,1.608489009672313,0.9278636673886282,1.5952832745122072,1.7803052957529852,1.0306875979217986,1.1513176588537934,1.858098996910976,1.2386696769102776,1.1167582528165636
3.2552576682838064,2.782045454805397,3.9100021786842865,3.5347817062204414,1.8649103091875159,0.0,0.0,0.0,0.0,0.0,0.5172040947385872,1.0743198027351075,0.7432472303342146,0.889477182831941,1.366982989832774,2.9145904926313366,0.41284750613664467,0.5560352156966448,1.629426186082182,0.6552662323653826
4.62961759970914,2.687665493542211,1.6938460048363297,1.5462180254280125,1.394216176192336,0.0,0.0,0.0,0.0,0.0,1.1187824708584486,1.0372613764320262,1.278236589844117,1.5759159668311096,1.1212227376171864,0.6707064941491507,1.1650186760771912,1.381188077999324,1.2695852973016812,1.6857075939269959
0.4877138232132813,0.1414057472369958,0.11072369111011474,0.3647436832686586,0.27228363632847247,0.0,0.0,0.0,0.0,0.0,1.3436310489351975,1.8506955687568443,1.3482990803077803,1.6806575987859738,1.4686361141864932,0.9461552867713565,1.0272964277924983,1.2020677845092846,1.195591847162802,1.3518626372804796
4.299358429816978,3.2436720267510752,3.0203771509914334,2.243241134880894,1.6442858864917507,0.0,0.0,0.0,0.0,0.0,1.2296403286908626,1.2752936201014535,0.8418604129053979,0.5570615223209051,0.8886497279493968,0.97180115397333,0.8212654320635799,1.6692381514906904,1.562791231617241,1.0744987887988686
0.0,0.0,0.0,0.0,0.0,0.0,0.0,0.0,0.0,0.0,0.0,0.0,0.0,0.0,0.0,0.0,0.0,0.0,0.0,0.0
0.13347742616418293,0.03539533704250808,0.09576338871950688,0.013227779224256848,0.04917823783046381,0.0,0.0,0.0,0.0,0.0,1.3885518156830239,1.5255431207708416,1.5687946590499737,1.123350478901152,1.6999723463879979,1.180281779322251,1.0545430973131775,1.316233397502149,1.694975901694904,1.1343868751435668
0.1122289534481111,0.05330436297909717,0.11135762336030852,0.03329859850538152,0.07295129689106228,0.0,0.0,0.0,0.0,0.0,1.6948180846363405,1.393328010322003,1.7857579922335038,0.8712993653795316,1.7662265777981139,1.1525081328159967,1.4258680886094974,1.121948660530538,1.7280464532690856,1.1345640338919591
1.5983023192819092,2.2548704126847396,1.078626775133698,0.5422676662659589,0.17034925447809132,0.0,0.0,0.0,0.0,0.0,0.9724055518609936,0.4583780777710169,0.7522164550642427,1.6126615815202245,1.3127537284063007,0.5018382780805447,3.1440160575483844,1.940868791642654,0.819351653753189,1.0613898076154225
4.05905313419875,5.4269124250160505,3.5044815004930463,1.8754248682919403,1.0192885178445519,0.0,0.0,0.0,0.0,0.0,1.7908999726813728,1.5706588757052087,1.6377623972586148,2.0245927750559507,1.8521374531895771,0.937631279571869,1.0192224906771612,1.009649484723252,0.9349510771755307,0.9973670601059594
0.24999493089588762,0.13644833568904652,0.14715915610899294,0.3196046993824284,0.26469724389968363,0.0,0.0,0.0,0.0,0.0,0.9135612844547917,1.2495353410484207,1.3727337663910562,1.7122134568262228,1.3339351652070655,1.880788439091685,1.382398423392604,1.0661742825085099,1.1724348258669832,1.4300121935503527
1.2953009892216276,1.3299080989833507,0.5359005637764225,0.27760365008190285,0.2973530912045752,0.0,0.0,0.0,0.0,0.0,1.1629957736942547,0.8883676850430587,0.742127931510492,0.8147804498838536,0.797472581225946,1.5061410830474613,0.9821653321170027,1.9131251461207055,1.5021489815680362,1.8988893099638686
0.9902188903695096,0.9747021667891215,0.7130425862769844,0.23701045985678829,0.14627976652257701,0.0,0.0,0.0,0.0,0.0,1.3497578476615877,0.47087404247982384,1.2904005195865313,1.851309865753511,1.4775136168887233,1.24321310215264,1.1553930523701619,1.4408703548505968,1.1177162046576854,0.8998144250848956
0.45872286121103184,0.48473303154955616,0.37671735578289833,0.08683343861498687,0.1531366814862782,0.0,0.0,0.0,0.0,0.0,1.5274489631233437,0.5348815157333553,1.3193792290064412,1.958017052595508,1.5452953276026864,1.0009020122722776,2.062012645507014,1.422250632070254,1.0047820652558654,0.858760092452367
1.5987622409902178,1.3235034464384463,0.577788585032015,0.37370187020472984,0.6389364142311817,0.0,0.0,0.0,0.0,0.0,1.669998944587173,1.3973610899522557,1.2357130858037617,1.0325730395950934,1.3057862564384164,0.9417231931184785,1.1566805693093618,0.9712571063193213,0.9728610911729036,1.5264500489804897
0.19318486075073182,0.08863959394083815,0.09502759494087791,0.15149171077350293,0.09807307301181023,0.0,0.0,0.0,0.0,0.0,1.1740633053273652,1.8621300800885938,1.7294461485136763,1.8158396928581404,1.8937996339968723,1.039921882003769,1.0125298534508942,0.8927546922660071,1.0755556998623643,0.9572234063181813
0.34961313921954246,0.20470422732925347,0.09145973815994737,0.14158616228108714,0.14790391716154577,0.0,0.0,0.0,0.0,0.0,1.6802907692092865,1.6798219707652269,1.3555260288251603,1.1141720740167071,1.7556146575999991,0.8715819723133567,0.8365184002164904,1.4309980886132283,1.5566598051703675,0.9242565581674069
1.1275076709777883,0.6531336204572717,0.21945573926388148,0.35759870551232725,0.3823735304345253,0.0,0.0,0.0,0.0,0.0,1.2103126144776026,0.837757041321052,1.1587530459883952,1.8057789724958895,1.3641873003814307,1.205907291141208,1.9476522218047423,1.6051913804778537,1.1645962617942072,1.4570459813938514
1.2266461022379282,1.2045477625644365,0.852226674620605,0.21821291393350634,0.09357359376310939,0.0,0.0,0.0,0.0,0.0,1.2291616893954915,0.7329989069273691,1.0428955254648287,1.6309700323446652,1.5277008031073263,1.0646381240283052,1.0725536842479306,1.5864419665229907,1.1529613045138034,1.0604197881349067
0.8815187855170349,0.6864980611237936,0.39518464014264665,0.19526989086551366,0.041242223282288694,0.0,0.0,0.0,0.0,0.0,1.3760909499391965,1.242707624241108,1.351197691595027,1.130851792910518,0.8614995077070177,0.9661901504503484,0.8783639236994527,1.2635104555244023,1.4783133284951566,0.8910911984788313
0.31559300527506695,0.14966843674830463,0.09113139546170054,0.3265326768934407,0.21827159416497652,0.0,0.0,0.0,0.0,0.0,1.2667260214229414,1.178602105589889,1.904288446855222,1.5890003449606782,1.3796894604662082,1.4439762239056964,1.1352182117503913,1.0754760252180418,1.2802107750022342,0.8400683610102402
0.49217459678794195,0.9250554047261591,0.5270256048258303,0.2236656637275563,0.13256401999045064,0.0,0.0,0.0,0.0,0.0,1.130162317640254,0.5659884555039926,0.8287532692467472,1.3314038127559762,1.5256655274736621,0.7148494507873957,2.635127640776641,1.5055237412996103,0.25861552944481203,1.1611430482108074
2.7603075760972007,5.167068226469,2.4152026223640055,1.758683769255012,0.36900172902368517,0.0,0.0,0.0,0.0,0.0,1.3269211965691294,0.6923369105184326,0.9001345751442772,1.6688694616233608,0.9595023389089119,0.5594455215283674,2.334389616261022,1.8219764836406598,0.8093113113740383,2.0839889486068337
0.686258084619016,0.46098209082391445,0.24952881902947074,0.3587491497367627,0.39986038478754077,0.0,0.0,0.0,0.0,0.0,2.0639292725834517,1.8506396803363694,1.7814717577763763,1.4076502386760494,1.3223570934442304,1.0108203461966325,1.0598167860104513,0.9203948819261966,0.7431392215789211,0.8678176190157996
0.38553536671258437,0.7509558422736837,0.3645173261519273,0.25329085322649375,0.1923570201662003,0.0,0.0,0.0,0.0,0.0,1.2644998737471884,0.5360969381225216,0.5880358152484267,1.318985460068077,1.4620167155567092,0.9152281860623291,3.2321925847906283,2.5090931251329187,0.280365595173335,1.1568921247994268
0.342745397254199,0.09289941810088928,0.5364918396161994,0.11940265272484943,0.19003007041644973,0.0,0.0,0.0,0.0,0.0,1.8421830210465049,0.9837338903460168,1.5706112285148235,1.853936996307281,1.5677394560647315,1.0841850287783419,1.6569638412483112,1.1544821066233868,0.9755474071882587,0.992104420067472
0.14844313471375326,0.3882226800520738,0.05073883791790827,0.25487745858191574,0.042014560258373176,0.0,0.0,0.0,0.0,0.0,1.465209771687526,0.9338048729397604,0.9070718654426714,1.447140666587363,0.6561930401470278,0.5180998268356052,1.621683013167876,1.757364228133189,0.8606814487003596,1.6002600072579451
0.6808940283917431,0.5175007528588765,0.40822724165732777,0.18857754342607325,0.07556918804149307,0.0,0.0,0.0,0.0,0.0,1.11513687071398,0.7815129616076041,0.9010105930982333,1.382232693501968,1.7412247020544893,1.6174471437461795,0.5641808033065216,1.9038534675142598,1.4832983539173359,1.0688702091509539
0.5437579700226717,0.31383669232529376,0.24357342222175538,0.1317636582266979,0.13538763989910754,0.0,0.0,0.0,0.0,0.0,1.5495589445031355,1.3694152286880534,1.5102941283440496,1.1174240026166495,1.379702961535587,0.9442328329147611,0.7357416342137905,1.2076749685748573,1.5272965916144092,0.33292545212259855
0.11289040553364871,0.021556471306748003,0.038912310878757336,0.06996940985495834,0.0018069439027369794,0.0,0.0,0.0,0.0,0.0,1.7264052478588994,1.4276134264897486,1.6059723929889342,1.3193508239049303,0.32055427961154975,1.1882971976835657,1.2593681799184784,1.1949157695122459,1.2605938155144816,4.197890338830252
2.6056342611824026,2.152009043860437,1.1837455499261471,0.668630761257939,0.9172737086322009,0.0,0.0,0.0,0.0,0.0,1.4221007468975393,0.8989084537482387,1.313066091411867,1.9871221443385636,1.036603962123862,0.8243744121574557,1.5788406172386156,1.4120037608206633,0.9873499105052809,0.39758711267075214
0.3494940418020079,0.16314061404042896,0.06185836528223008,0.14912213760179174,0.09604717861430405,0.0,0.0,0.0,0.0,0.0,1.069929384515105,1.2598720810956392,1.1349245616852819,1.481025307774852,1.528013296665061,0.5897162381761913,1.2151524729208114,1.4812306878733446,1.39388331568238,1.3034026923373394
0.3106233659272173,0.21733541285362623,0.13532575220335202,0.07832676481933593,0.03377110095718089,0.0,0.0,0.0,0.0,0.0,0.8521613777304143,0.8202447417152757,0.4691741873501919,0.9861317708009252,2.0525835139452497,2.0559535316665922,1.324403580125506,1.1039945532153383,2.1243443721293787,1.005740392504668
1.0037442012620021,0.936912591484792,0.687251126944652,0.6650323048302318,0.30337272736727716,0.0,0.0,0.0,0.0,0.0,1.4565069931782646,0.46754980625826026,1.1427915312406882,1.8790819866942505,1.3011706479320955,1.1567200019712875,4.126613275887461,1.7470549378670943,1.0353864422784176,0.764511681855767
6.026564999218418,5.677234175234513,2.273442827881736,1.0725229625674877,1.5221917060411227,0.0,0.0,0.0,0.0,0.0,1.2349219882629396,0.9860926058995235,1.191700552524879,1.377867779999427,0.3810368446649949,0.6813323588858012,1.4654407274015073,1.1238425230183744,0.9630780877480595,3.1697166086054187
0.3420760146350289,0.5480855298321747,0.04473357971732831,0.20948874069822604,0.2668953046669464,0.0,0.0,0.0,0.0,0.0,1.218314643827139,0.8007174323377219,1.1161471819788442,1.4587157478155037,0.8226611311492803,0.9086127596995855,1.8427203001188288,1.5861829932165876,1.003781797880896,1.36069782234724
3.923379940228395,2.8044728622519735,1.335154697170178,1.0222236751829534,1.0801864242577872,0.0,0.0,0.0,0.0,0.0,1.4231241316919796,1.3891258827379447,1.2586516801944607,0.7007103333692554,0.9642340966922262,0.9381625669659692,1.0091490034209842,1.0189531696049559,1.8364076116487158,1.8118599243243683
2.8412444637697125,4.184264445249454,1.0172707210814242,0.5748623243927041,0.8969551341034727,0.0,0.0,0.0,0.0,0.0,1.0658208828591482,0.2776039725809479,1.0546468733842376,1.4422658171145035,1.0597635674609331,0.927109280566968,4.751044827001576,1.1810256732344444,0.6538358777012911,1.5402701052307866
1.6416136667483818,1.5782505094502122,1.775408075526234,1.735961701782907,1.4296495829282754,0.0,0.0,0.0,0.0,0.0,1.385941572701257,1.3251805198839581,1.0764328736183508,0.980694316860407,1.0816011574715778,1.112218703708219,0.843374697895446,0.9615869934953999,1.0540874590845286,0.7109978859345523
0.30726805780657973,0.34537401345530205,0.4227967799667584,0.5094032783810012,0.43741789398260655,0.0,0.0,0.0,0.0,0.0,1.0681769650341784,1.0638672409254524,0.9660072836454611,1.0630227406923862,1.0241235148102656,1.3267335484932539,0.9387894507770673,0.7609798622874269,1.2640956564836838,0.9014173395245051
1.6492812688188407,1.1253646356011404,0.7545513235179199,1.016286407944634,1.2675951745279228,0.0,0.0,0.0,0.0,0.0,1.1759546626458917,0.9959864013712516,0.9263061139732734,1.479799507837618,1.454277173808495,1.4384081046648443,1.4867424841821881,1.0960252275628357,1.288080628899343,1.3975318520194655
5.380951645146546,2.602236435456098,0.5853296387584437,1.513000388308902,3.9653622031741724,0.0,0.0,0.0,0.0,0.0,1.5806305041040583,1.6474192237507568,1.4491384536570637,1.0977260278119279,1.2068780038718365,1.2999568257178395,1.2136792982655555,1.2761834545448087,1.8340700622786097,1.7411306543862293
3.9436126742168534,2.0705479737822796,0.6762330596949899,1.078257238929845,2.9508147977380537,0.0,0.0,0.0,0.0,0.0,1.5371714222687034,1.5703242405227023,1.3083480455315728,1.093578480057964,1.192125281105801,1.3532029725017864,1.260657409594647,1.120298633718231,1.8176104703390243,1.7423456881779966
6.001051059607031,4.605003727163651,3.634760458517081,4.201931576137007,4.750414038697842,0.0,0.0,0.0,0.0,0.0,1.3168420203382618,1.279471064234563,1.3074865550392922,1.399903373719696,1.4632075249797367,1.0163739110497105,0.7336373686807289,0.9266696348993209,1.2915803192206714,1.325052598985921
1.2068087988899747,0.8590786823754748,0.9328732383254668,1.5395152817813607,1.2283555863635471,0.0,0.0,0.0,0.0,0.0,1.1446779014579453,1.2219948147747237,1.1684388089325224,0.9735707517760868,1.265631150542117,1.4674446772513974,0.49148926203607646,0.8328931560481485,1.8265587674239765,1.3750787523819195
0.24696045987907006,0.4168534652132211,0.6185871577384952,0.414160077199533,0.4284742524800328,0.0,0.0,0.0,0.0,0.0,1.3423381871153068,1.1088586562859357,0.9290995593803875,1.4435163265123612,1.7113049077456621,1.119377836733949,0.8104727667720546,0.7861296404047148,0.8493193132513899,0.9051768222701584
2.731912670796335,1.6124247327527275,0.6407812746628126,0.27377867144966617,1.023888219962043,0.0,0.0,0.0,0.0,0.0,1.6211066833442473,1.597266854447505,1.41462669864677,1.0722404020809806,1.4563469002360985,1.274479254655877,1.2524397379242413,1.1989885241106528,1.5337397854979822,1.4053362685905564
0.32663609338385835,0.1646277447630783,0.2080610648242564,0.0901862907750514,0.3917821187892924,0.0,0.0,0.0,0.0,0.0,1.7212249519839193,2.1198965541474792,1.3912150317693541,1.1538822445608734,1.5928318759538618,1.0304894859472489,0.9601163429939937,1.3574894624510414,1.1824535028319607,1.2353421613792304
1.0987068549104855,0.8130866869376587,0.7495357054289931,0.8662922170986604,0.5826662874245508,0.0,0.0,0.0,0.0,0.0,1.310001357559744,1.3317403565530173,1.049917525368899,0.9168669777229704,1.1521597195235191,0.9520184823559051,0.5691385116510279,1.536657284647238,2.0980631725409533,1.2951231258472078
0.4765391331575346,0.4634545819486047,0.515555816805495,0.6159429735125317,0.34605109122814814,0.0,0.0,0.0,0.0,0.0,1.0408287949843902,1.1897725022967995,0.9419201499827267,0.7736638208391222,1.3621036021875783,1.440678866806302,0.27943273788117284,0.8142054322108631,1.988264282573935,1.0437524161238427
1.054420714156655,0.5373779970526094,0.3668847725361478,0.6354170863192199,0.6084211640947526,0.0,0.0,0.0,0.0,0.0,1.3501592184599855,1.2993099957484209,0.7858416473758564,1.2390271941563278,1.9718330141104718,1.5536611633541924,1.2450901288567324,1.3464664436740623,1.6207270622084047,0.969573369328636
1.1531866711111092,1.3979998192937615,1.30231065420245,0.9104932435119242,0.8631816398543106,0.0,0.0,0.0,0.0,0.0,1.3312494017830458,1.2144134686532344,0.916969343658964,1.2194896395101054,0.9756415363923929,1.0289753043120191,0.9682966019687473,1.1862263307914178,1.1853423413991406,0.7931847772361069
0.2313762301488532,0.2929831896124285,0.39647028307101106,0.35511696079534794,0.24047501808467464,0.0,0.0,0.0,0.0,0.0,0.7504241979656927,1.3539931883742584,0.9856230566047003,1.556075737219834,1.699590555715487,1.7896516506984903,0.7298516384390418,0.8904286565355961,1.1210005883962242,0.921002403585122
0.6763207447336668,0.3480387992680212,0.1997998390087928,0.233349046871612,0.44152331942928413,0.0,0.0,0.0,0.0,0.0,1.1070840413402359,1.264605823252244,1.2229014477345392,1.5914647544741514,1.7505254711755085,1.3138841649055413,1.6238475611595409,1.4863179752221118,1.17725165464235,1.1318375540925703
7.276298204851573,4.460855683498847,2.320055233103326,4.422265131333501,7.4892996353698225,0.0,0.0,0.0,0.0,0.0,1.4977685714822495,1.4540933373721745,1.9169976407564648,1.1665346906617704,0.5143289905456432,1.2767261312454048,0.6919902166864652,0.9084370487962781,1.3752973397772443,3.826223717077838
4.988167631347958,4.640320443350531,4.701052247705848,3.895936842893898,2.3479734225089715,0.0,0.0,0.0,0.0,0.0,1.5026714641872838,1.4797744070642773,1.3201430828826926,1.182822194565546,1.204845540005773,0.9630119795196772,0.8811952423714233,1.037610164984261,1.1723532456903505,0.9619930938315441
0.3857884061881129,0.6538681004067299,0.42728249279219466,0.49246145327040425,0.9480699391275682,0.0,0.0,0.0,0.0,0.0,1.356305583950398,0.5785278020377045,0.8545388379179563,1.594284574903641,1.6995345957396242,1.2713703651619914,3.2241375536155585,2.015298875195835,0.8414586712304258,0.9605733914805018
2.0205616070990073,1.690057255424882,1.2140422296238311,1.332127297896713,1.0829374159266407,0.0,0.0,0.0,0.0,0.0,1.5029500032369956,1.5912907845842565,1.6344951713281026,1.3002979934979846,1.0200402276751515,0.9013353513170493,0.8325585410990899,0.9087471537983455,1.425718290752345,1.8493935145409126
0.5449972038220685,0.2871074110212089,0.23583663598831714,0.47284150639516975,0.3816065571305972,0.0,0.0,0.0,0.0,0.0,1.9705890146072311,1.6951955352831574,1.3741336406643223,1.0244308063770344,1.0158318118642757,0.9732414001161225,0.8763635348538977,1.163849224593266,1.73764989279934,1.8265750404345962
0.34961408882443235,0.23505110635554627,0.1955348280067043,0.3589169831093681,0.1612196534820144,0.0,0.0,0.0,0.0,0.0,0.9695131502961086,1.4300381227887127,1.4760794165598368,1.0442669172323003,1.4169620567003711,1.1642271192953073,0.624665200054756,1.1034913893554745,1.8211655780394667,0.7421070904993093
0.0957068487927325,0.1004625390667518,0.0922336777491147,0.19092901994220463,0.173637707025135,0.0,0.0,0.0,0.0,0.0,0.8805354133954871,1.0996181617794718,1.3894431057847934,1.1526807282591438,1.9072676080141928,1.1368653616777156,0.049947069899598615,0.6816392722459526,1.4184457812875744,0.9006410898051725
1.8642114906366047,1.1422394539509004,0.8164105085441934,1.1017479229589484,1.4778657183713988,0.0,0.0,0.0,0.0,0.0,0.9292448032529546,0.9486874016097315,0.757534968294606,0.8806592040090855,1.2576868112221389,1.6531802362477377,1.6520915991052805,1.7024225329067957,1.8661291285134203,1.37765040918709
1.4948955226348732,1.0498132060237668,2.086013712835369,2.8347346172041576,1.2722157029297059,0.0,0.0,0.0,0.0,0.0,1.409178906246216,1.3203268668917167,1.2177422824384228,1.0029402471623643,0.9367894794151577,1.1602940785744749,0.6129231111799621,0.9628292134014085,1.4897083662416315,1.371478484839192
0.16447583123433085,0.03288954657445279,0.0438458467447357,0.1291796553684937,0.2411101371081396,0.0,0.0,0.0,0.0,0.0,1.4630005740516867,1.9622018977730427,1.7497797836083524,1.4659364222949698,1.7375519585528405,1.0582254114849416,0.9707199709262825,1.0912917472862917,0.6130270155067588,0.8650345700576118
0.12313256015421219,0.08684817206760923,0.11510085234560072,0.04762007517595144,0.09274599171669325,0.0,0.0,0.0,0.0,0.0,1.6211533774711262,1.5278133259554394,1.8557941729403582,1.8751306213668468,1.594702773074478,0.8850952280710825,1.031152132392774,0.9592368081095949,1.0036890546026336,1.0115931981730135
2.898324389918452,1.9467506401850279,1.3877497831195025,2.1548678148746587,3.621566171201464,0.0,0.0,0.0,0.0,0.0,1.7886859139186846,1.647520162950106,1.4852252863498863,0.508584573451074,0.9303514950944463,0.9389259604036513,0.8600134753332989,1.0868526161510839,2.1363863157902947,1.5796851776934389
6.417449363594592,4.5437933648495115,3.1815129057388667,2.210900356717583,2.793991623748753,0.0,0.0,0.0,0.0,0.0,0.8165850073772123,0.7128386217528915,0.7054919269887632,1.052442674198882,1.3189974248767633,1.3419980701525835,2.301216193455176,2.2000419528937254,1.1932500270713138,1.2861179070835718
2.4193345584541253,1.2906744695736043,0.24654178393807463,0.3591162430721438,2.307919169952574,0.0,0.0,0.0,0.0,0.0,1.725723361905045,1.9403705055724123,2.0975774550448882,1.7341486641536572,1.4913055418379306,1.1126357370835662,1.0747746539663405,0.9753580604164163,1.1534943152291326,1.3803768375648406
1.406300353379962,0.6326246842493306,0.6035958151089315,0.478724426859744,1.3339541563813,0.0,0.0,0.0,0.0,0.0,1.0758736767217247,1.1497188611301155,1.3479622514793388,0.8431235566399035,1.1938856315451862,0.48172025480311853,1.506943405889938,1.3274120141087333,1.946511030391235,1.399584649591027
0.5185561430253467,0.358619454799135,1.178348448596936,0.7393735000107852,0.2286714139161367,0.0,0.0,0.0,0.0,0.0,0.9875481924327202,1.0960140143530832,1.3937858931571407,1.3379253417765737,1.6489854430003419,2.0185951094090546,1.3662708683775124,1.431238615160668,1.3369043213969294,0.9565795262863965
0.0,0.0,0.0,0.0,0.0,0.0,0.0,0.0,0.0,0.0,0.0,0.0,0.0,0.0,0.0,0.0,0.0,0.0,0.0,0.0
4.494153611521149,3.0768008363151624,1.7678842093765486,0.748073882854577,1.3757266403492587,0.0,0.0,0.0,0.0,0.0,1.6299894982305152,1.4672474522256478,1.2676036133564832,1.1375290362957573,1.3210227552227145,0.903576057780741,1.0434554038651895,1.2131441026613683,1.0078413973232176,1.3828340491652678
2.823814094124047,2.2269339874228202,1.144807745819205,0.38889437683318856,0.567655754263256,0.0,0.0,0.0,0.0,0.0,1.3437171480799073,1.1143844913847474,1.239724129361591,1.3725870489235692,0.5275742052900276,0.6828505295964709,1.344928251315823,1.271591405063771,0.522972157427685,2.9004097615859146
1.8816954651289723,1.1233744268044838,1.0630085703379493,1.1205175921585755,0.997347829578973,0.0,0.0,0.0,0.0,0.0,1.5581028080258739,1.3166004757641185,1.2130270509835155,1.2719913980430382,1.3475634703767352,1.1717893697784305,1.1449955738778694,1.3004967748023761,1.2491614176115908,1.2540486979830647
2.9687323030462087,2.2452736380906826,1.111280173729204,0.4439632005635251,0.9224589089592161,0.0,0.0,0.0,0.0,0.0,1.5337799669886456,1.3235384408562962,1.3751046511802487,1.2052170479222801,0.9568454324083646,0.8628248820245837,1.180506914202106,1.1164169738329779,0.5770022985494672,1.9738072838766454
3.4541518425402478,1.1077363522431511,2.9379191906949345,1.067060991951245,0.6672841246982223,0.0,0.0,0.0,0.0,0.0,1.6079315967935355,1.12262810554989,1.769722074797406,1.9566723992954378,1.905304230426408,1.0599576831674784,1.2477969050013213,1.1747840327300385,1.0738681525014786,0.9257486265757323
1.0741852351190426,1.3870271629751487,0.8672244654604724,0.28868749650466813,0.44489639484909943,0.0,0.0,0.0,0.0,0.0,1.4151559883027551,0.6933230761905329,0.8020266877302741,0.9643991793306477,0.881355426423373,0.8586723151062049,1.1983449909858177,1.1578610344630962,2.1668216838173326,1.7927907830237442
1.3284705497675322,0.38681833647685526,0.6204396379980889,0.1293980724419737,0.6403858435439178,0.0,0.0,0.0,0.0,0.0,1.1400519913355969,1.2204475367590737,1.4098130318320155,0.4593544515551493,1.4966412768094672,1.2650745589845571,1.3262137448120226,1.4406936830109978,2.828062126650463,1.077541950018836
0.5676308496636159,0.4335729370342455,0.37137968810504607,0.2639672566920772,0.13853744359028192,0.0,0.0,0.0,0.0,0.0,1.6633863643885194,1.560662552647761,1.1582983498320183,0.9579482987159486,1.1945155314911702,0.991527264228513,0.8896318295379059,1.0564693767300264,0.8131262883320444,0.8872837470789828
2.8732793915086874,2.16893497991431,1.0397897820653423,0.2642020811003563,0.3931327131804304,0.0,0.0,0.0,0.0,0.0,1.3122416913972936,1.0230524273824309,1.022344785678636,1.88276593248609,1.1296440330559034,0.35522918346191346,1.432863940386713,1.600317276013744,0.894613412889678,1.6941287429065797
0.8294584178522086,0.6319318924622284,0.4327489983226414,0.1949674983899272,0.08069466464764039,0.0,0.0,0.0,0.0,0.0,1.270507922387822,1.2557979135629624,1.0874621356149343,0.828056949216646,0.6182981536614032,0.9226504786767035,0.9208207303227555,1.3416389115542295,1.7649127115608942,2.127185513446882
1.3001735837027488,0.8852375487973511,0.652942435275501,0.5281939655238992,0.5112060364151214,0.0,0.0,0.0,0.0,0.0,1.3766605634214066,1.3154389383259961,1.0148300362080602,0.4709836508345406,1.3243332766706832,0.6852630860518245,0.8406455902917662,1.530412442030715,3.512156874515801,1.2523998590191783
2.9466926214149423,2.1022261934168505,0.7316804133884068,0.31904160562330397,1.091489407577545,0.0,0.0,0.0,0.0,0.0,1.5487848319665376,1.4345622968001228,1.538346476698675,1.7320343222258603,1.087066993394204,0.7203220279508638,1.1418971617341283,1.1859754068882955,0.8723464924804586,1.6773099823887423
1.0745208292568096,0.45812810245004254,0.48978051077790924,0.2958209931620863,0.7512587569703403,0.0,0.0,0.0,0.0,0.0,1.6133433092981575,2.0383563231155617,1.5390910716451496,1.9207880788423222,1.8809962688193977,0.9633592191583119,0.9372730291183489,1.3174037274662465,1.0384913969741285,1.1154074833676995
1.3240240898963276,0.929456059699041,0.8085983626699106,0.2957684788015122,0.41350718565490724,0.0,0.0,0.0,0.0,0.0,1.6517724165433405,1.224185427334112,1.7319832534165456,1.3537141501404497,1.2794993589540753,0.8414531787699152,1.3122093661475813,1.0258538554326382,0.9892997703233033,1.2688730332723743
2.5435564352895526,1.6604274530692813,1.0222264454136611,0.2110483609266088,0.528769006413132,0.0,0.0,0.0,0.0,0.0,1.3680681686283178,1.2722229239541456,1.3250687977924052,1.9157977264865027,1.595255283031464,0.45301180028473287,1.1298277473134968,1.238771545094767,0.9817982593992932,1.1847419698551567
2.508159489489229,0.5170552717175674,1.7989576437078352,0.4116753370514504,0.8600594717628012,0.0,0.0,0.0,0.0,0.0,1.3272125317513888,1.6356362208461483,0.6525131245204525,1.583943665452342,1.4122014053900291,1.1209119809189863,1.0668820236018994,1.9440314339115197,1.2304702569198886,1.2152428067081282
0.33361872978408325,0.18535930970220865,0.19760610340550472,0.339536798167727,0.20067121890040288,0.0,0.0,0.0,0.0,0.0,1.1411326354736633,1.1604956859517706,1.2015153551514064,1.0105328152149644,0.7361268856446458,1.5490060627760327,1.2217383787002885,1.0958837495955516,0.9406619685295904,2.245688537337995
0.3675528664409407,0.06102742382820984,0.23496084343185147,0.2062340467805829,0.09740300208319178,0.0,0.0,0.0,0.0,0.0,1.5446814982931776,1.3812441802481004,1.527354180810619,1.9192876586743495,1.013827232587016,1.231067276059973,1.2593497710620203,1.1683818539549642,1.0874004952677272,1.2994946734770105
0.9485233191330925,0.30477549029110057,0.5921525545956228,0.25135582859822386,0.6167620724880166,0.0,0.0,0.0,0.0,0.0,1.478834783186495,1.622105079152213,1.7937065851969665,1.1761623865923592,1.195332286730545,1.2398558147369418,0.8717119068769548,0.98228616101129,1.5481104916502222,1.2160783926822185
3.269712744049799,2.3088315212602253,1.1520437544861892,0.3544471342176352,0.9167760010335559,0.0,0.0,0.0,0.0,0.0,1.7108556629115501,1.7510825240346086,1.9002789176412955,1.184730497694475,0.8451064942452731,0.8888698807768868,0.8723070764614074,0.902030712871454,1.63737359390227,1.9705236290416304
6.497239063171202,3.596849466368674,3.485838000348255,0.9252967296631056,1.3806642242892488,0.0,0.0,0.0,0.0,0.0,1.5447102833221786,1.6922565457887337,1.8056723594507424,1.282397303682608,1.8469882379274452,0.8789853912487392,0.9301019576149223,1.1435757407105749,1.4857661448669957,1.1206016357374324
2.117717820871244,0.3547448578800934,1.4011740902307686,1.0980918769792227,1.2738242030003986,0.0,0.0,0.0,0.0,0.0,1.0292643414903064,1.2566438990298583,1.6061400671815884,1.9132425007957639,1.3860318947530317,1.6369677680848238,0.7251510524298773,1.1761930151387112,0.978377048687478,0.424180909132726
0.25864816283581465,0.3091454280551146,0.3721715483593133,0.09371368810371675,0.11441744368371554,0.0,0.0,0.0,0.0,0.0,1.8310998050249254,0.7914413573459234,1.092566035944157,1.7448300467385809,1.386501354887001,0.9843424529877562,1.0426076496354517,1.4332379034221867,1.0932735896914894,0.35576181448877375
0.9734342502074498,0.9377819340017416,0.4447450496608387,0.30663068370409796,0.06720609178812563,0.0,0.0,0.0,0.0,0.0,1.7008733954324005,1.6303164952139237,1.1062722578371091,1.438487307119245,1.6468937282919742,0.950023143995125,0.7629533363471114,1.2380407169822296,1.0814788959088462,1.0758011776311025
0.43367344998214347,0.2520366098580884,0.14097667957699964,0.4691451334081396,0.2932993282610621,0.0,0.0,0.0,0.0,0.0,1.7822605829027025,1.7161182875906038,0.983224008967663,1.5833603794638003,1.893648774824916,0.920392764733941,0.815571227232854,1.5653504686682422,1.1595265871380351,0.9718086856778595
0.2102730531904947,0.1874305255765722,0.18684911095775958,0.060648407387283575,0.014208304465055934,0.0,0.0,0.0,0.0,0.0,1.7197235930703214,1.4305897306677675,0.7517975465565707,1.4830547912490217,1.7146340982827064,1.008420733330812,0.6209255330026213,1.832691846582903,1.4083993932664642,0.9495544573421831
5.081667547623978,3.497855592962798,1.515121054681969,0.5222680111157483,1.4428779849812128,0.0,0.0,0.0,0.0,0.0,1.6789902941606156,1.5644776099810813,1.4206327259272051,1.060656881192949,1.2185376834527708,0.8728809907867239,0.986087010506989,1.0087109992687018,1.4202570794606333,1.5753500157891427
6.674941786655206,2.9938584318911454,0.404122164613921,0.6104799468864421,2.592821104321955,0.0,0.0,0.0,0.0,0.0,1.6962047092972476,1.3436156655179716,1.2177678738266213,1.7418270806773641,1.613822464804402,1.131763101716124,1.2544068435338642,1.4065696115453394,0.8946824839371728,0.892569571499064
5.779221725383053,2.2524692220030835,2.241587385229871,1.9761473941581111,3.1546798392309556,0.0,0.0,0.0,0.0,0.0,1.9603685223609326,1.564230147812186,1.440174439691705,1.4675881311535566,1.403430484803023,0.9493333365360018,0.8026290486213987,1.30665522954929,1.304596939352295,1.0421575558564071
3.5606904385944893,3.196535793431564,3.206498231708492,1.7465145451655903,1.1686962059399977,0.0,0.0,0.0,0.0,0.0,1.7159467356776184,1.2474000717797746,1.0351480282248544,1.4221474391331297,1.4295040445641085,0.9969113281172052,0.5493409635812113,1.5802308810236465,1.4352975580791238,1.0692825089842801
1.3768736737871996,0.7610281468398179,1.4952061706345028,0.37598485391355263,0.5131704081238716,0.0,0.0,0.0,0.0,0.0,1.7199886493850463,1.3950510600633177,1.0846181542181714,1.4757240553439441,2.061652438671448,0.9450908944689576,1.0992154983644464,1.2059625427712433,1.2448478241391614,0.9534504391101191
2.424790233468301,0.8008848515027479,0.4826399982313335,0.34412909870290925,0.7763484628656254,0.0,0.0,0.0,0.0,0.0,1.671851672413845,1.8097601030540655,1.072422197276373,1.6269900161820372,1.9056749264045894,1.0084181186603143,0.8922934801666926,1.4778767613310393,1.0817858628311425,0.9258536850050378
3.944792191421736,4.053664075222772,7.071028526386267,3.47039153761607,3.0928611254965928,0.0,0.0,0.0,0.0,0.0,1.6948650764694395,1.4596098335081433,1.0561617860185069,1.1476703488081221,1.7526393914395673,0.9667545544360215,0.9476065606800703,1.038303725338977,1.2973941489037508,1.0493874270567711
2.7180406470508176,1.1789947617657321,1.6860975724548677,1.0866082672059751,1.3023594415959578,0.0,0.0,0.0,0.0,0.0,1.8201431148023124,1.744549584102379,0.9608648411848713,1.509432955213576,1.499336226704182,1.0275699811612782,1.0319896387646608,1.7416275683805162,1.2407126009527403,1.1143618614247714
2.9960437891929375,2.329020337225578,3.18343236216039,3.021589846536327,2.463029693979189,0.0,0.0,0.0,0.0,0.0,1.7542420937057528,1.7395436026079627,0.9980401345894092,1.4013557763037234,1.7690905241683998,1.0020648461691992,0.8942456956727576,0.6502423403008487,1.3850277997576623,1.1101902911046966
1.4329296343211233,0.6130366388830507,0.6509786486014812,0.7300637504065042,0.943521313126135,0.0,0.0,0.0,0.0,0.0,1.8605675623877693,1.802106430124672,0.8598297574810386,1.7161788034899297,1.6053494257389145,1.062910043529053,1.0780563932814322,1.8954475949018168,1.1370921221135553,1.1887693492836275
1.1512803698204355,2.1182916619540904,3.250859061146129,2.693293921821539,1.1371329032721027,0.0,0.0,0.0,0.0,0.0,1.6980218774587743,0.9685348211231503,0.9371539849130213,1.2938829065318715,1.4731374103975994,1.0370425290189134,1.352491480563769,0.8341375490610116,0.3561859458136177,0.8259670423185809
4.24800529113782,2.711958860543411,1.8412526718623266,0.8532950447920445,0.6050809208212767,0.0,0.0,0.0,0.0,0.0,1.8360732767063508,1.723442636813999,1.2030569177976924,1.3053011102815237,1.485886848904897,0.9186047700767829,0.9633833631316655,1.172084842784266,1.0123786853366954,1.0685269545993203
0.15310857415169793,0.23613303471755617,0.527961467327894,0.3814481739511111,0.2656777680698502,0.0,0.0,0.0,0.0,0.0,1.136080869877262,0.6732565548118106,1.289702722041182,1.3286068988737876,1.2441673488192109,1.8300416200986869,1.4012030643750215,1.345970483707961,1.2844483884199092,1.4880847452893264
6.4572546007213365,4.847415013260099,3.2827843288292704,1.6857620058627947,1.710905516828182,0.0,0.0,0.0,0.0,0.0,1.7889037516215547,1.5809010848467624,1.1820208088784938,1.1592500566750312,0.8238974284731518,0.8937631441591132,0.9926887022957447,0.9609317891369613,0.8263685148673847,2.515187161425768
1.780488430770557,2.6331969402763598,2.4996017090030853,3.0270991733830135,2.02417976520138,0.0,0.0,0.0,0.0,0.0,1.8582547838104555,1.3569027777838485,0.8954062049678728,1.5825651386663104,1.3247373443654338,0.9854447944701934,1.28605464863504,0.7945175552287163,1.1379396115290736,1.1351429554586834
2.8327332027948415,3.0834086944205077,3.41742276001206,2.3154262379603785,1.2340800170370558,0.0,0.0,0.0,0.0,0.0,1.2760483689059376,1.3140901069874251,1.0292671332524277,1.1383070548311216,1.2434957251645964,1.198289930272718,0.6987229598252631,0.9008062538531114,1.1670006068191896,0.9579475180886303
1.181708115842948,1.1875965091671055,1.4873971243246245,1.3871113107551567,0.6827231104821888,0.0,0.0,0.0,0.0,0.0,1.9185886608020681,1.5626968932313015,1.276600040992776,1.4453808445965246,1.358954424781569,0.9471020934506769,1.0040370327910184,0.7682961935958539,0.8570904149571731,0.9426881226709242
3.259237507485319,2.227633495254712,2.2283242474415026,2.0832070607384647,1.213334464930923,0.0,0.0,0.0,0.0,0.0,1.8336775065757538,1.6463533302286284,1.1183655041046248,1.2739980889502573,1.4970587062475238,0.9585902842547895,1.068960973653762,0.9215862972366297,0.47928047141982283,1.2996713491164598
3.584114684775334,2.46569919066362,2.304851387564552,0.9257077919567275,1.1254650913951671,0.0,0.0,0.0,0.0,0.0,1.877457151995601,1.3575960687862583,1.0372242038083748,1.2601248530207048,0.7220265846121751,0.9331819244783646,0.9543738022739524,0.8922763451094534,1.5576954564860008,1.8816025055230046
0.8595202335992257,1.6434894086990997,1.1810681711217552,1.9335052747469068,0.9204237484039233,0.0,0.0,0.0,0.0,0.0,1.9064214618863145,1.0271664142115509,0.8405468707964164,1.2834910583267722,1.831554196792851,0.9611360644680031,1.8769720300546144,0.9460300727296955,0.7432114826190638,1.079648748198587
0.9428774784785163,1.0521045278088035,1.1520358339127275,0.9747158174784459,0.6104776282344823,0.0,0.0,0.0,0.0,0.0,1.8299232650382826,1.3178852580728353,0.9283477635230026,1.2759916192241103,1.4476275783852317,0.97364861736372,1.2613446446364898,0.7390496523314064,0.8767904023804072,1.229198651837454
1.8590578163440477,0.8096303777633015,0.611491620143928,0.15850055295371676,0.7182864789127328,0.0,0.0,0.0,0.0,0.0,1.6051349992763326,1.7676414752862164,1.1200564280979546,1.4263962016275658,1.7222741104299373,0.9584623488681874,0.9820282256442979,1.4520885709143625,1.0629854006009174,0.9987233222923494
2.7608866749437633,2.4090983551119947,1.9819544157550415,1.5247785807392682,1.1621426576956266,0.0,0.0,0.0,0.0,0.0,1.6384108368231804,1.613138649288395,1.4042823380408371,1.119437244304853,1.0520304132451308,0.9645451623176569,0.8500836833719859,0.9876281790598304,1.1997616459733014,0.7475668598095512
4.562971905495268,2.9489918629439136,1.9725389555986623,0.4538906651200517,0.44525402513128814,0.0,0.0,0.0,0.0,0.0,1.577588551017542,1.5260153360123854,1.5101680961201858,1.6615565973660318,0.8576512207213548,0.8066456097012736,1.0036483805685963,1.2134652168911262,1.1074733152647858,2.128161626576094
0.5413867903858218,0.1296302278675872,0.23856360458518006,0.22063714973829737,0.39247822403805666,0.0,0.0,0.0,0.0,0.0,1.056265799870333,1.828693920725608,1.8825153849096488,0.6771725839844341,1.9751538102614026,1.4693862595633327,1.110586221940146,1.090308024474985,1.5384566435512017,0.9199172037534471
13.612607974475376,10.6915305529187,6.9120552128458685,3.339737289717063,3.070721937002805,0.0,0.0,0.0,0.0,0.0,1.7591817036952901,1.6513098365578334,1.4050312128354578,1.1236768859856685,0.4126538154954478,0.8915879844237935,0.9143531528568098,0.9315224032860897,1.1112535159792525,4.081821603385535
5.084378929557959,7.817054261991382,7.905317795415013,5.858494639255364,3.5414577463593893,0.0,0.0,0.0,0.0,0.0,1.777270771903666,1.0851594666355813,0.8177949179283551,1.336685214526555,1.5964504611288526,0.9446677915815167,1.5400071667032638,0.8103064398878247,0.849130283786832,1.1456446713304973
5.977078134571439,6.738270644266033,4.687061182381564,4.5297632860899055,4.606991105710608,0.0,0.0,0.0,0.0,0.0,0.7397430145090139,0.516101339017093,1.0254774299867164,1.5322833472159918,1.598930726931848,1.5679582662921647,0.8705791030746213,1.0872388987485788,0.812885614091172,0.9596047080397562
1.556775250713792,1.0922566597762642,1.3669003709536751,0.9173592190401598,0.49367814838627205,0.0,0.0,0.0,0.0,0.0,1.8184806601810382,1.5957786166191488,1.8382832458667204,1.0800043291606742,1.7031839557529267,0.952031313445581,0.7962138194881266,1.0145454378010281,1.5637277171184543,1.0008824389567244
0.2526511047114329,0.08647163239667684,0.2991446098571128,0.1290174385383323,0.08402807614723698,0.0,0.0,0.0,0.0,0.0,1.5324566341523653,1.2242027313141222,1.6051963171066406,1.313459611362041,2.020248151565234,1.2623491317044588,0.4406375121077752,1.1919061672431344,1.1001176901090144,0.9232712338932462
1.251838113827826,0.5320204723962899,0.21537878978910446,0.08116162096905018,0.47773794480648935,0.0,0.0,0.0,0.0,0.0,1.8065627555856731,1.758432955565776,1.319880402852747,1.4456993631707933,1.1867629258763825,1.055922273115957,0.950180787338891,0.6172931409451098,1.0503290325302197,1.1419825016409646
0.2559415954689712,0.03580590297660211,0.13537763668193906,0.07240975693337895,0.08396528478168572,0.0,0.0,0.0,0.0,0.0,1.7812418325297303,1.2712947343838448,1.7158183689272943,1.718245279149844,1.2301912635651993,1.107293139528959,0.6100632105223912,1.1617472121542611,1.1277418684673852,1.08512013355258
6.2691856230086005,6.579935769792607,7.941217378081928,4.236133758017006,2.242572900873226,0.0,0.0,0.0,0.0,0.0,1.5505644866466994,1.426448822029224,0.9817282938893117,1.0788615372343164,1.6064239091598262,1.033263242666279,0.8908637707563425,1.0091652163373503,1.4153066857069287,1.1088995263795314
0.271615517518441,0.2842946776440722,0.3048153202485112,0.15351482195143112,0.0767919639900806,0.0,0.0,0.0,0.0,0.0,1.080184917659051,0.8205420999100409,1.1805840762111373,1.0736503434305718,1.509657773892213,1.5807019799909392,1.3505500314189085,1.1491041781560598,0.7513567657821815,1.3069652916113432
9.205202324608114,5.761411485513488,3.3663201173013553,1.3788010964381126,0.5514828115440378,0.0,0.0,0.0,0.0,0.0,1.697576814399806,1.7579119575917428,1.849576841496901,1.0893404042397545,1.7608735864174896,0.9005256635631654,0.8649126638649375,1.020743953896078,1.758584313090527,1.0846889577206382
8.924819804999991,8.217592870245912,9.76885875508503,4.665138317507265,2.647390166259786,0.0,0.0,0.0,0.0,0.0,1.7437866449154953,1.3974769516801586,1.0729402335521427,1.043610603630757,1.4632156498015905,0.909366904477392,1.0305722527820245,0.9086496345839661,0.7216091974475537,1.25580977589567
9.323480227914024,6.847613050341006,5.110381044386241,2.007942230743403,1.0460240625616364,0.0,0.0,0.0,0.0,0.0,1.6617413997757227,1.5771268463748178,1.2341500399547167,0.9400535226878745,1.0130715723068933,0.8399576507766298,0.9480120599513299,1.2696481935355644,1.2670445466614093,1.8118179080225714
3.2517190034857486,1.0820061990514223,0.3074147915431578,1.2501473366928442,1.5171682625716616,0.0,0.0,0.0,0.0,0.0,1.64935743796551,1.6603650947306021,1.4300612618396498,1.3835802760995422,1.8841563506271544,1.0018053823775435,0.9721204450223483,1.334789318036304,1.0051924343662428,0.9587920794330107
0.0,0.0,0.0,0.0,0.0,0.0,0.0,0.0,0.0,0.0,0.0,0.0,0.0,0.0,0.0,0.0,0.0,0.0,0.0,0.0
2.8144100368631797,1.06299145502947,3.4001886772687,1.3915086813763546,2.0480375385820806,0.0,0.0,0.0,0.0,0.0,1.3447623355591982,1.6783774828305515,0.9913435055102283,1.7250904243419019,0.9447378670038533,0.8885071898871385,1.0642926871533578,0.4655026818432737,1.0875530339326125,1.7757478674087093
2.8425655857611014,0.8802763530462286,1.3972493454126689,3.9946837965449236,4.654772940596134,0.0,0.0,0.0,0.0,0.0,1.6156013432843725,1.7647998674285594,1.3040191215301244,1.484268707842255,1.579802202398947,1.140240814895576,1.1805056158297285,0.740780225575274,0.9533344594007933,0.9579688710827662
0.3021576550968531,0.17740967759813916,0.08105422483153965,0.15802267869431055,0.07292928464158947,0.0,0.0,0.0,0.0,0.0,1.076516794973292,1.0889543014804826,1.201905639587234,1.4042403925834186,1.2507715179223606,1.894008686381175,0.8459889231179182,1.6970207135666147,1.2632046948372193,0.7563281321737112
3.9863969225259424,0.5268131642300127,5.4836673300182674,11.280974634665567,15.381107139726808,0.0,0.0,0.0,0.0,0.0,1.2039319746137536,1.9298741161392226,1.4354758194713673,1.5203722061826925,1.6427527696761253,1.4313752645033664,0.9336043989749306,0.5282353397135743,0.7978241266200775,0.9068725459144037
0.5454363337700552,0.30875300183915366,1.181777066656436,1.157506766088373,1.9362007416944516,0.0,0.0,0.0,0.0,0.0,1.4015009918618364,1.712620080939917,1.5039299892070963,1.5691508506947387,1.639567115181368,1.154192022357484,1.0519221528089335,0.8626851483810896,0.7968742594517711,0.9711160208244713
0.09883349169538394,0.23482251153198863,0.282013116071114,0.5285756259774333,0.4955431713722346,0.0,0.0,0.0,0.0,0.0,1.704029324101155,1.1976186700719504,1.4985717348020156,1.5536530360046898,1.6710391351604281,0.96038159581965,1.3687358229702038,0.9763236783810646,0.6805572359921448,0.9034536844388752
2.3517304653076008,0.5864562567778321,0.6141768447453982,1.2537268231937897,2.6021319362567374,0.0,0.0,0.0,0.0,0.0,1.9305940544347306,1.659502511606152,1.7193371756767692,1.7544618373196939,1.5681751861934528,0.978786617403429,0.8693597971897045,1.169761933609329,0.9826676531344297,0.8627712520994558
1.112477984033404,0.13001938086143272,1.5688974757479204,2.1185918682002725,3.329230632187721,0.0,0.0,0.0,0.0,0.0,1.017808047618693,1.371819283139085,1.2985715495405536,1.6296883373604711,1.696523747187215,0.7659541124034146,1.0255106406247694,0.5438480524737624,0.8523079013959082,0.9424910970473108
3.5322334308643213,1.3640712402550679,1.4299300790098661,2.673281579933067,2.389227089214945,0.0,0.0,0.0,0.0,0.0,1.9150524114255527,1.9920893987397192,1.4069282162818617,1.544438009246794,1.5288123555780901,1.065393074043943,0.9393356415610348,0.6658375852896016,1.1548265768956416,1.2640424160726924
0.04152278815119903,0.22137031854271072,0.107370066447119,0.20409995465046132,0.12347580389600728,0.0,0.0,0.0,0.0,0.0,1.0790754647808727,0.604776800792299,1.1816051225975759,1.3422243785782828,1.5719330175883168,1.0495797318928368,2.0883078738195215,1.4071791393240694,1.1353782437125726,0.6937554627716298
0.9615828136381545,0.09612605300223438,0.6800796843434118,0.9980222067355301,1.0422906172551991,0.0,0.0,0.0,0.0,0.0,1.6762720591873201,1.8877099106443045,1.7192877943464835,1.4610158447311303,1.3421544233833171,1.2417046951234834,0.9498881945619675,1.0017381695795302,0.938880668345686,0.24281438760982996
0.8417257062925186,0.38980248222789154,0.7905333926886632,0.43394703322878386,0.7293249582610798,0.0,0.0,0.0,0.0,0.0,1.6756819189110805,1.616614121930714,1.7533925895244027,1.517285709291218,1.4123999041146513,1.0730557720394012,0.9715634759438273,0.9493951604054202,0.9264484012041483,0.6354975377695042
0.15038567534362954,0.09564922615277378,0.2370646389534828,0.041452744924877494,0.16568904373747295,0.0,0.0,0.0,0.0,0.0,1.8535894576611616,1.3889182796404236,1.4626106355489517,1.1665812502142234,1.509075453577373,0.9876107508107024,0.7783839581894304,1.1595194195712764,1.5449317282148192,1.100604148214718
1.746974206054216,0.7547558804029,0.7324808590884911,0.7629854582443343,1.9033866384209452,0.0,0.0,0.0,0.0,0.0,1.8040603271297155,1.3369168092706591,1.5500981337365842,1.6017531053115848,1.425345402641605,1.035140104165846,0.761488820113847,1.2333378299767526,0.8833215231897128,0.9622186963617666
0.8750474647626769,0.7947391706385182,0.48937055023931936,1.2037930367955234,1.8199097488654943,0.0,0.0,0.0,0.0,0.0,1.7507629730744572,1.5867271353132157,1.4384046323289366,1.6020722409539725,1.6497609141558567,0.8428474422741589,1.0288252471508552,0.812181512563021,1.0094098632520787,0.9913700587133348
1.9569686266919466,0.8099881090344658,0.5254645154025168,0.8325564598822286,1.57538584047752,0.0,0.0,0.0,0.0,0.0,1.567151993379748,1.5757463924707953,1.9533563509794112,1.294632646742214,1.579767422950378,0.9949890781234444,1.0410709068793809,1.0397688373154172,0.5458553986344988,0.8261142735087975
0.3163812666493554,0.49101377646056593,0.31378681544539827,0.45885465343321263,0.2121357686397069,0.0,0.0,0.0,0.0,0.0,1.246532866077727,1.0838560063433813,1.0152654271308579,1.2142908983460365,1.2607052119953823,1.085588065874334,1.0731554451128968,1.0120511715901577,0.9991464954554307,0.9633319974687965
0.6846505515448776,0.15035215606566593,0.5697369673365292,0.3354063526951403,0.6682138688363638,0.0,0.0,0.0,0.0,0.0,1.6655559199586456,1.870827751655225,2.0261172960438008,1.482933313152755,1.8057210576763743,1.017615825528428,0.9504618538223034,1.0005212924041986,1.020262411140224,0.864456242622824
2.215680111068705,0.7086626424567458,1.0568416059510473,3.3680923542715475,2.375171417543023,0.0,0.0,0.0,0.0,0.0,1.5005194422339176,2.06979994996044,1.2361038686330317,1.5991926293557446,1.633244675730245,1.0752403456799278,0.9939244405053187,0.08760461071030105,1.0920629901634666,1.0222915482259094
0.47674346635516096,0.2981938077357521,0.058511191964749076,0.5850886176616248,0.10734908630574407,0.0,0.0,0.0,0.0,0.0,1.1922649433294783,1.9589315353318733,1.1133711534429018,1.8705094384673104,1.3624093880376598,1.0245401390365982,0.9906182053580944,1.0044321048310603,1.0476480169165123,1.444037352610322
0.33930161377836715,0.2399560274771476,0.14444071369137487,0.22521119140976215,0.26422906957468534,0.0,0.0,0.0,0.0,0.0,1.4284175642237544,1.7616854873129124,1.810482510902709,1.8741617647383155,1.5718727340299545,0.9548640491815092,1.004897548508639,0.9440821690090235,0.9669276577530321,1.0993550131472754
2.7200574169870717,0.38827091883305254,0.6503654184311998,3.8922117918087316,6.3502486091997925,0.0,0.0,0.0,0.0,0.0,1.473414719063142,1.5261005788602213,1.5054232220062271,1.4851358698676762,1.4066386929164767,1.0482033583067139,1.2337310426227586,0.9899309586606031,0.9228089565631877,0.7568137587896786
0.21514457222753774,0.3295048998207165,0.4553705184279645,0.3963213619113327,0.3921999297980998,0.0,0.0,0.0,0.0,0.0,1.4802049176903858,1.281621439914462,1.44932506337965,1.7816432574060348,1.8816808138134615,1.3159510078614716,1.3985274491202904,0.9653476577896327,0.8575418068026057,1.0754581071115321
2.902325121847075,2.466182113887638,2.841766761618719,3.3999949273886996,3.885680806109586,0.0,0.0,0.0,0.0,0.0,1.8178388534277947,1.6778467841542697,1.7817567335910969,1.7306756528841618,1.4268110809134937,1.0303860048797429,0.8365704367243639,0.9000213688627523,0.9260198966300814,1.160147221596821
7.880054490390736,1.0166136623999311,2.4718978376317517,4.580248904598923,7.693065962342624,0.0,0.0,0.0,0.0,0.0,1.4556925877117504,1.725713985272848,2.0027365630561347,1.6122955059765212,1.3622223745357491,1.042257446971534,0.8909770470577784,1.020236291251989,1.0570272071825153,0.5376968642526224
1.63584158148358,0.4855411068816828,1.0095773441011517,1.5056877976334753,2.2292908378343053,0.0,0.0,0.0,0.0,0.0,1.8833495728573681,1.5087055669928693,1.9917096161913288,1.8383031614990157,1.7841552706445862,1.099541158030322,0.8721166911249667,0.9244467896422573,1.0926756061808807,0.9775009443862515
0.6050324182151912,0.27991040802971506,0.5616015981058521,0.3178506965134729,1.1077513595073456,0.0,0.0,0.0,0.0,0.0,1.2822806141691365,0.9242870179720764,0.9118855050844139,1.676258246062273,1.6619122804258462,0.7187006990245829,1.5255779026906955,1.1509923808334632,0.7894349478062689,1.0095830288133962
0.5177602166280696,0.4496638175256457,0.2884935106685044,0.8572784374947087,0.15613902480970732,0.0,0.0,0.0,0.0,0.0,0.989070332340746,1.2357385567101289,1.5712342246163138,0.6301328532099956,1.7636068066556558,2.0941568446357413,0.965056766334748,1.3066354172750911,2.045476726722149,0.9627854260638288
3.9385155193893993,1.8187175186680586,1.9539550850282628,2.9638873232261504,4.962550501354314,0.0,0.0,0.0,0.0,0.0,1.8982756406414392,1.1941536855208217,1.8824861242548223,1.736038327089745,1.5932118293957582,1.09507553718324,1.4174873398452104,1.1182785031818567,0.9414735668255128,0.8605001800584504
1.3079235125452215,0.7328361708221297,1.6559283641069336,2.228165591353528,2.645300327376636,0.0,0.0,0.0,0.0,0.0,1.5746251270488623,1.7420283209501877,1.1685679338065154,1.6587208412041374,1.6897180385087536,0.9544890806679245,0.8862355799497826,0.7977332064567982,0.9526434144645135,1.0458108929622494
2.62192595635705,1.5647412618572756,2.879524209428064,3.80146879817156,2.6945396595854927,0.0,0.0,0.0,0.0,0.0,2.0064307493295335,1.6862333537707799,1.7511511769956691,1.281496770368051,1.3153354650867213,1.0044860702629317,0.9579524937321652,0.9644714902406788,0.6544936723215112,0.4753829297273174
0.30495944508930206,0.5317244512672543,0.9248194678589939,1.932220925662941,1.3580991538436842,0.0,0.0,0.0,0.0,0.0,0.812091249795679,1.483822429366059,1.6440611788443977,1.7460462803660493,1.7655904755347773,2.0645194090812513,0.8624397407021716,0.8575868967381591,0.9058408197055743,0.8848673486430305
1.4749010279586425,0.48847307133502615,0.952108041759044,0.5184106291472408,1.4663938169885689,0.0,0.0,0.0,0.0,0.0,1.2972924372076557,1.7232371151636992,1.4860715991395945,1.5110868253944902,1.4022881182082305,0.3805094638732446,0.9504395276291606,0.9211643773770887,1.0909391765763008,1.192106089553901
0.5804558810885403,0.07277983759793023,0.7879090804795305,0.24357257943008662,0.3592196394421169,0.0,0.0,0.0,0.0,0.0,1.496405193106013,1.5169735548321348,1.2896499270993051,0.984643787218669,1.1272701724725673,1.0645723860687064,0.7491570838758099,0.9214063008907839,0.9449561291777595,1.4179152416286107
0.6964293700891295,0.20554472562660955,0.7587817639466197,0.271843692874727,0.9966917806279542,0.0,0.0,0.0,0.0,0.0,1.4765984031995836,1.6025970580449502,1.8427977696571076,0.7959599354876608,1.7422646876787142,1.2731657887360344,0.9758922211130482,1.009143565695865,1.0933978766223758,0.9370314529838776
3.9348537215963852,1.6191865595946058,2.346081689406548,0.32003413733135355,3.959577274063831,0.0,0.0,0.0,0.0,0.0,1.5957321114960656,1.4946396351605478,1.5833426908010722,1.8786861555376073,0.7768497182165633,1.0406408145566393,0.6547428288587354,0.9576613136452632,1.0829266749574957,0.7513876489814034
0.08357429455994722,0.07657691226618782,0.1215090374600526,0.23338185797700772,0.23495453422025822,0.0,0.0,0.0,0.0,0.0,0.7579702387234913,1.427760536180888,1.3687630294693767,1.6138793163533118,1.473936152168219,1.8739776017375678,0.9911635607381071,0.49388051957398554,0.9838192361905155,0.9485583992853145
0.4990192100061643,0.20322567797059965,0.573894024640986,0.48243486449456874,0.5768407126292362,0.0,0.0,0.0,0.0,0.0,1.2098342321259237,1.4065352542385727,1.272626305970971,1.619174539824488,1.5419224918031602,0.6984226530489571,1.1998343251925865,1.0190373598635554,1.1529417749373307,1.2378109619949857
0.23696522373307077,0.0875495542178176,0.10042783494591048,0.19443697464148646,0.1656733237224885,0.0,0.0,0.0,0.0,0.0,2.0935718236842957,1.7715893271393914,1.741773665713937,1.6976545768977083,1.6315161295810798,0.9930313165204291,1.0228357230677454,1.0829008800383835,1.1841251651403972,1.2175935558545747
0.5813563647591848,0.15285611819725461,0.6711310984094212,0.4095124277187547,0.3907224068110349,0.0,0.0,0.0,0.0,0.0,1.9966427067283032,1.5460086574305578,1.2351430414870015,1.0266096439475938,1.3594082834274785,0.9773713236140263,1.0442030137784764,1.4671016715143401,1.8704874705055354,1.0793783302874769
1.1368064710755104,1.1628554599935392,0.18287240359331905,1.2826725941599975,1.3107210253567423,0.0,0.0,0.0,0.0,0.0,1.9899533124207713,1.3164717397067274,1.6743011784932613,0.9087329042889267,1.4824064090770444,0.9523861662435165,1.1521225631305352,1.0885626541094973,1.7574825221503192,1.1191896630770588
0.10404539035130198,0.05016537577073364,0.09095922273020225,0.0996201842604361,0.16949443995096286,0.0,0.0,0.0,0.0,0.0,1.8654926100435643,1.3334223215915233,1.82689320191663,1.3442781919992326,1.248972639202675,0.9957439607762154,0.8191313297239299,1.029613099131871,0.4858003015776153,0.40588799915314333
1.1008582655667911,0.5743755239439928,0.6372196195813046,0.6492183368561544,0.7434084667258974,0.0,0.0,0.0,0.0,0.0,1.239856543746472,0.6258233177226344,1.6491002325376785,1.3571639007081948,1.2743292318085069,1.4536734942370817,2.719820718480594,1.083877185001649,0.6479346736007391,0.7010154913497145
0.3672405010487251,0.15922041766082204,0.1842499253661409,0.5835290241421265,0.2540162051821998,0.0,0.0,0.0,0.0,0.0,1.6538371147339728,0.7878704946622676,1.573221157589,1.4408699594622927,1.4921225928959927,1.1666830081041488,0.7053634871010303,1.2348469907347235,1.0290112741622524,1.091871941835217
0.26119286534296815,0.4462776919108622,0.41695342892512477,0.5905572391835887,0.39146403529532814,0.0,0.0,0.0,0.0,0.0,1.6543522387011105,1.3298354436898177,1.4257988869229579,1.5363119788175048,1.091209385808127,0.867975917395846,1.2108744568294452,0.9258560240091349,0.6818778221144558,1.2507100345161832
0.5278780393895348,0.782671143853737,0.6124414699118718,0.6977247952582208,0.6958445759521635,0.0,0.0,0.0,0.0,0.0,0.5317580849171459,0.6673241594324206,0.8147047745951062,1.4745166961711282,1.5659078281563434,3.0848831544380433,1.8623383838200898,1.5871999723914163,1.0219042430444047,0.7718150986799844
0.19525216453326194,0.17261631253240842,0.08818037702858215,0.17745100353902404,0.049308184135268864,0.0,0.0,0.0,0.0,0.0,1.5148456295055963,1.574332539888443,1.5703828386501053,1.0128192804173362,0.6990811160290993,1.13771523325673,1.0723733424680013,1.0557943998692312,0.6307109094677474,2.5696506636162852
0.43093619966923075,0.23096227962275942,0.03984830239455676,0.013328232440995416,0.1961359783840611,0.0,0.0,0.0,0.0,0.0,1.6599228202778047,1.699938280826243,1.81165764617689,1.6154931509131385,1.442883965039486,0.9952583705410762,1.0144337874904552,1.0216323152945421,1.0888934322107053,1.2039565208989167
0.725315727245751,0.2845927737472591,0.3191267351209607,0.3902622272279421,0.48843394030843645,0.0,0.0,0.0,0.0,0.0,0.9448828120939213,1.1779754280496142,1.3709754171336117,0.8996838134221612,1.3018917195064768,0.8928715314119651,1.2472943366233749,1.2496258987604967,0.46204933928710334,0.826615727332519
0.32223755167696133,0.11775448834479052,0.15066341458136048,0.08871998927394024,0.255827240551273,0.0,0.0,0.0,0.0,0.0,1.4755710181986619,1.9177678497461417,1.857001778783452,1.1535641074338565,1.2752422072910736,0.927363887123829,0.9478062392870822,1.1027879170012853,1.3127898259183446,1.3481007840151829
0.24769957150471641,0.014149709599811882,0.04097083542937816,0.08371943487383332,0.07329660178934208,0.0,0.0,0.0,0.0,0.0,0.903282849232423,1.743967947999798,1.3286504507389827,0.8446422717506727,1.4514737174777954,1.0317335431929322,0.905654058260689,0.44142453482844046,1.3084693879428704,0.8228579848125164
0.1719074201818515,0.08082263661695344,0.20272197155269098,0.3206427968326121,0.34956712240744375,0.0,0.0,0.0,0.0,0.0,1.3015979268292746,0.8906819385469859,1.5916100590432722,1.4638091571829586,1.6655027782407896,1.379310688861107,2.0986230818620744,1.0392591386257375,0.6331214537725274,0.897124543620574
0.5737416790200186,0.07227086555266592,0.24778453624325203,0.1739788432880378,0.15941111392598248,0.0,0.0,0.0,0.0,0.0,1.4057278839938565,0.9543869400027247,1.5428471228243688,1.4726274678292914,1.1793401119662192,1.1799476630239787,1.4502487308688956,1.3444323182338878,1.407707980466867,0.5809660114159904
1.9332216332753398,0.9356827531614392,1.3172893465226996,1.894396869664663,1.3607438579522626,0.0,0.0,0.0,0.0,0.0,1.8945905993001522,1.9151602317386358,1.010917540175643,1.5015570401959422,1.7054247404996075,1.0072629889968383,0.9264439721855964,0.15589917901072486,1.280753567299051,1.1530970679613306
0.32424911018458663,0.0769457568671319,0.410055053320765,0.11558327216865952,0.22140646705702327,0.0,0.0,0.0,0.0,0.0,1.6166094531980566,1.2032476924718123,1.628031005969993,1.6210552336724875,2.0679827477598303,1.144350965912013,0.7462351678650828,1.1249443740398128,0.9911041715136024,1.018123257937033
3.7391023515150117,0.8565192290235546,1.336304755059582,2.144642485258667,1.198327197539912,0.0,0.0,0.0,0.0,0.0,1.4953258315235405,1.354713762139812,1.6268828601400676,1.9312936213274172,1.8688107987720657,1.0548025643726848,0.9642806333533498,1.28386113943461,1.0833431740872523,1.1061963565635222
0.8543187942712921,1.3975539690549266,0.7250343716128625,1.7327062324110423,1.7861084870372115,0.0,0.0,0.0,0.0,0.0,1.4419252882993692,0.8649714479834301,0.9725751991400062,1.2489199010294925,1.6701216124061369,0.9501267626799917,1.479349804232048,1.31817993107082,0.2069352951703974,0.966198662261921
3.65014877268093,0.9286265092671702,1.353290197274314,2.1780379289211944,0.6757431986212902,0.0,0.0,0.0,0.0,0.0,1.47310304503547,1.5621156389612032,1.756767139575849,1.3787827684805938,1.1744870007101913,0.9277577436788342,0.738194727982026,1.1819650587470683,1.2835594052940884,1.1599487735429408
0.9955388134992564,0.4987359052389125,0.48459492831729845,0.5030971546990501,0.564697122994586,0.0,0.0,0.0,0.0,0.0,0.8319023145625082,1.0271221913025583,1.5059082384432032,1.3375058016368238,1.3504672513014777,0.9453665501456613,0.9077100222409149,1.0432959065567968,1.1860651156992832,1.0337266519641817
1.2517978263723728,0.9527465044765469,0.3357477569224586,0.9391080185617595,1.6246806473284487,0.0,0.0,0.0,0.0,0.0,1.4162841937949942,1.636991516896161,0.821310332419398,1.6110811284022981,1.317607219840085,1.3067650511969593,0.8774511141830416,2.2840534018119603,0.9957290132321314,1.058261335980325
1.1633505903293608,0.164331465110902,0.30410782483982196,0.7696045453683327,1.2774375185190205,0.0,0.0,0.0,0.0,0.0,0.5990346599965092,1.779291314330876,1.3868310939666935,1.2541126656161892,1.3570137159067017,2.6115262327823494,0.9204242532744416,1.1960376568293776,1.4934889818223491,0.6643354901256068
1.3359800629640293,0.32289405107841396,0.8986108173950678,0.9075779666653665,1.7472703715966158,0.0,0.0,0.0,0.0,0.0,1.4219941012087471,2.0389687783649686,1.5070011405847803,1.4950789580024582,1.7419094066530223,0.8737697429828384,0.9885476201779864,0.7212858246980524,1.0788540580495458,1.0801136595120902
0.5841999896591215,0.1679043298520765,0.3678288102913558,0.5513759813309288,0.5029271965768309,0.0,0.0,0.0,0.0,0.0,1.2753747455505304,1.3401455923287342,1.2066549969493305,1.5489867201024488,1.4127930788729233,0.980750526077593,1.3543227979871677,1.0541085150911287,1.1142948322380017,1.2555467463427958
0.974339116952285,0.16886002209597128,0.8586445374790058,0.0748718161949583,1.1411636364622277,0.0,0.0,0.0,0.0,0.0,1.5148176599050942,1.8154889587055987,1.8418004189235488,1.1733261036012923,1.6617019145320524,1.1758202909472546,0.9608499596923777,0.953907404966645,1.006181741791405,0.9776225587234448
0.0,0.0,0.0,0.0,0.0,0.0,0.0,0.0,0.0,0.0,0.0,0.0,0.0,0.0,0.0,0.0,0.0,0.0,0.0,0.0
0.8427651600606672,0.5660719334500521,1.3964160550766858,1.6725413472258173,2.315816886402284,0.0,0.0,0.0,0.0,0.0,1.6607306713499612,1.8232835410535502,1.522182211324353,1.5141176618967966,1.595984780350319,1.140602901293291,1.0018563581484001,0.8258507701313418,0.7457550385624847,0.9674056826722172
2.6843591843107424,0.7934029307349314,3.102365131069767,1.2513463535558995,1.8526617608643448,0.0,0.0,0.0,0.0,0.0,1.2733309471227106,1.6478239480020833,1.0117530389573912,1.7157598000608558,1.0116694486506987,0.8724267195863405,1.0672100036169163,0.5879493507456687,1.0984089259779417,1.6682718295585102
1.2278407820324748,0.1912387419564184,1.727918227216179,2.6170803062493624,3.7060551236690658,0.0,0.0,0.0,0.0,0.0,1.1613404120235573,1.6011226697505563,1.3211956525245014,1.6059569980569304,1.6730014080193523,1.0648241238553715,1.133503632060969,0.6117832275735177,0.8524335893038006,0.9282780426556045
0.08321391804215134,0.19879237141452727,0.2824610031824844,0.5663816716245191,0.5530726196363723,0.0,0.0,0.0,0.0,0.0,1.8233525457822715,1.3084858452576287,1.549932090716468,1.5731958052755823,1.6674014546556517,0.958441855777069,1.2483472504787188,0.9479334433780809,0.7067077053357939,0.8743697125551205
4.114493644088635,1.5783530935291237,1.6080790845832904,3.061225592362139,2.751970355039908,0.0,0.0,0.0,0.0,0.0,1.9195815287455686,2.0065974154356248,1.4071645505564436,1.5615469272499976,1.542904114020954,1.0628558398835284,0.9428404226927829,0.6578309545431025,1.1419666769011367,1.2514636021726362
0.4949334554259227,0.20905442240613742,0.15063615419034132,0.3802794272501852,0.43108593891327096,0.0,0.0,0.0,0.0,0.0,1.7065953543973227,1.480114755190539,1.8842945145217311,1.7886107921656973,1.4648854869202883,1.2174388171174348,1.0134789803221274,1.114518784331809,0.9847592850256314,0.8693059704454311
2.252996934946988,0.5289854830995915,0.5293109690375217,1.0847602830669911,2.395822170563503,0.0,0.0,0.0,0.0,0.0,1.9078608116445184,1.6671932444888842,1.697235490947708,1.7899124154630344,1.5753282709690861,0.9848366779077905,0.8653993548846663,1.1788169398297672,0.970828515539075,0.865958335585295
2.138671804304997,0.6982704823623077,0.5934288945810663,1.2740037660845045,2.2479255458457477,0.0,0.0,0.0,0.0,0.0,1.2671643771727912,1.61346358859469,1.4309232396285732,1.6213965315991101,1.7045808293430045,0.8794010164210356,1.0135538746302104,0.8347014847757573,0.995269139502194,0.9195310904672972
2.554688865195634,0.19258273882297922,3.0273901011013207,6.594410787038636,10.159172561398535,0.0,0.0,0.0,0.0,0.0,1.0279677904298241,1.5773738934151744,1.4419649025233336,1.5213302264191957,1.668456810379184,1.6406268166246842,0.9544261645637361,0.5362843021918601,0.7583968877783712,0.8991135051392296
0.03595060816439587,0.18868384855038692,0.08989688885757609,0.16015522668709264,0.09762136996981424,0.0,0.0,0.0,0.0,0.0,1.2005551525684846,0.5378204403516936,1.068298028264959,1.339778534036188,1.516100998682818,0.6162400222801265,2.690711959965776,1.5915549261076898,1.1358846476585658,0.6214490567227888
0.8874051172732715,0.11795807762638211,0.6618644266871733,0.8624015521776356,0.881842668285598,0.0,0.0,0.0,0.0,0.0,1.6214474349825436,1.809000687486299,1.7062160123082681,1.447663082674809,1.3383501698378264,1.2901817370000144,0.927505794879103,0.9978490888224204,0.9459412993902223,0.22542874971792964
1.4627600520993758,0.513707952040418,1.2706614475106326,2.249878746579113,2.0099670056897,0.0,0.0,0.0,0.0,0.0,2.011522353551778,1.766796241562068,1.716158580647163,1.3991074408662791,1.3751609852774809,1.041977714002763,1.0250127577826118,0.972812682473558,0.8595318465014199,0.3861131125354434
0.20132705424269356,0.12146002269270495,0.3207229587531797,0.05549669042648111,0.17986180672217814,0.0,0.0,0.0,0.0,0.0,1.8690231019053185,1.4329494869343649,1.5084743293657839,0.4690241769432866,1.56783955999939,0.9866849590435864,0.7964530526368475,1.1202145061986988,3.372258955011822,1.0841433605286468
1.959244067972838,0.8893653456527497,0.8450424784649291,0.967936022080572,2.300362206670686,0.0,0.0,0.0,0.0,0.0,1.825316201082085,1.3804597534508238,1.5657654208302538,1.5984892235721544,1.4189891612433112,1.020651964259553,0.729449390326491,1.213089195454141,0.9135377536496871,0.9502843559280328
0.7916989753087462,0.34779341101364397,0.8369862680577175,0.35236804037823377,0.7697750777647198,0.0,0.0,0.0,0.0,0.0,1.7109884371386392,1.68794528269539,1.7780707771301685,1.5673777058533198,1.4928028383313028,1.0328261835612949,0.9411001575336166,0.9369885161014274,0.8988428999344067,0.7394757813018624
0.6084712941017723,0.3029520897351083,0.10031300329071995,0.8581653832505877,0.3182383688768622,0.0,0.0,0.0,0.0,0.0,1.2867471738677285,1.9892961373081293,1.1261208828891516,1.7745998580680502,1.4677851156228066,1.1010753499230939,1.009367574336581,0.2901964163094613,1.0832545773078177,1.094304919857033
0.12232888976195824,0.2805253041754344,0.16151449817279276,0.2700262738511995,0.10403785359974811,0.0,0.0,0.0,0.0,0.0,1.8323271013800977,1.5764383583625659,1.3268466061844604,1.8668733525381345,1.4658378040200561,0.9294564763982583,1.0611271127792663,1.1561869639614428,0.9991920784350768,1.1841343712518508
0.5397920059550689,0.5774557878336883,0.5786535411568173,0.6923654219856634,1.1340612910593189,0.0,0.0,0.0,0.0,0.0,1.5627752616727257,1.4416168269249523,1.311840123582306,1.6196071471206477,1.6347271222301492,0.754256383665693,1.1129841273129137,0.7332374348868645,1.0038892075197903,1.0190199726609703
0.5008730563550197,0.1236126174385224,0.41569228697158367,0.276172826957768,0.44875274108709606,0.0,0.0,0.0,0.0,0.0,1.6701729789172586,1.8089393327761158,2.0395165026279782,1.5084574743135644,1.7743202353394962,1.0133724067694332,0.9630904677758096,1.0044396469692245,1.0675224543283026,0.8489889723966055
2.916462177065857,0.43266516232025365,0.8225799043268447,4.771766055722552,7.865237911794409,0.0,0.0,0.0,0.0,0.0,1.5065281021517312,1.6892957362151109,1.4576759663460448,1.4782142815905197,1.404638524530805,1.0920949899191301,1.1975197602081307,0.8901514756955561,0.8991804628570103,0.7798921381748164
1.8024101210908294,0.5658320542103419,0.5982298545936888,2.618763837512638,1.9391345005008074,0.0,0.0,0.0,0.0,0.0,1.5304973897948584,2.02849680073233,1.2270514598755649,1.6006671080542836,1.6043349136001406,1.102686603730559,1.022563142904933,0.30268748321215977,1.1119357215006673,1.0431226871992207
0.4282166108339117,0.32682765965099947,0.12498711310565483,0.3034662249212586,0.3804963239937447,0.0,0.0,0.0,0.0,0.0,1.4613986074167056,1.661443753513871,1.8762657585209097,1.770499652243449,1.4914840252079982,0.9122236310920302,1.0451439478205582,0.9471545931886289,0.9833807344954537,1.0951355719635703
9.714254137338537,1.4794721574376029,2.2143797917863237,5.592734910547358,9.982003860934883,0.0,0.0,0.0,0.0,0.0,1.4312522831675858,1.6982393704089414,1.9832324417789846,1.5986753525667925,1.3551878901905672,0.9902458451946058,0.8977229659939093,1.0374198406321933,1.043466532627697,0.5862745368578265
3.104653359227138,2.721226520817388,3.1691394732072515,4.253082085609795,4.380390818742183,0.0,0.0,0.0,0.0,0.0,1.8369498792067644,1.7243551887895845,1.7429284968810106,1.7275737484422522,1.5263160474804032,0.9955585277906955,0.86738646841225,0.9081030432858548,0.9341485929639434,1.0943019029880463
0.8232928835152556,0.42204367172189244,0.20906578933962217,0.6172935169456852,1.0510568733157242,0.0,0.0,0.0,0.0,0.0,1.838908239665029,1.6137425222349557,1.6559672867241926,1.7111859467488133,1.5116598996119883,0.9765770489591437,0.7404937145213177,1.1254754192969132,0.8810697686303498,0.8793227470490589
1.4733738890951098,0.40549066555835933,0.9482566175486266,1.5079211724867665,2.3572706476463403,0.0,0.0,0.0,0.0,0.0,1.9197260591489542,1.542265478227619,2.0027606613987614,1.8892388301630836,1.8044127317119019,1.0675098422063778,0.9012727466672111,0.9258293275461822,1.0573612319438719,0.9665056855039678
1.574832007263964,2.1296104022371756,1.8380128713886652,2.332267255093,1.6131216592611122,0.0,0.0,0.0,0.0,0.0,1.807932123398304,1.4981901688082808,1.3273438315927317,1.5627245495208562,1.2671882169236761,0.9872810696783566,1.137474054616333,0.9652198927276786,0.9926277646283769,0.09259532449994237
4.211233640035508,1.6510947043942168,1.0472481910391476,4.864785838855576,4.954332759584958,0.0,0.0,0.0,0.0,0.0,1.5441880038586953,1.4225096900533343,1.2961262668912215,1.292199649927006,1.4842728328961698,1.2285307102003222,1.1609162568597515,1.2116996042494774,0.9155709909243271,0.9025781057082047
4.262613214136875,1.8050441937275334,2.0353412627856864,3.618921548839978,5.8522967308474305,0.0,0.0,0.0,0.0,0.0,1.9385963304024632,1.2809590978527003,1.9352696585558256,1.733664453076855,1.5992757565452351,1.0664077762368402,1.3139432178505954,1.0877726212758703,0.9508927148540602,0.8582375455819861
0.4135539874384742,0.36182940799123275,0.15979265666441714,0.4610941126182798,0.19500024631279372,0.0,0.0,0.0,0.0,0.0,0.4583825222585195,1.1748131688220547,1.2875484835004631,0.6672281977879747,1.715071261740206,3.8355508427633924,0.7034323859536957,1.2885296583318364,2.8720051771509225,0.9820035747338524
1.068564671936556,0.4132492395020858,1.3912356989942543,1.6822552995421212,2.386329084426132,0.0,0.0,0.0,0.0,0.0,1.7588844993456025,1.8414873602882345,1.5478199043460394,1.5586365734268275,1.893370557317241,0.9227431106872815,0.8901759926723211,1.0922962580204607,0.9866325840049369,0.9692353420694569
0.2951017480382804,0.46736518428634044,0.9304853354029946,2.2855601606828335,1.7233542841618665,0.0,0.0,0.0,0.0,0.0,1.061360219118327,1.5180947718024456,1.7175273073935973,1.7538831778673754,1.7671154173686665,1.6732672245193334,0.8903676869021515,0.8750821293238772,0.9116495760351021,0.8899724789127331
0.07216491440906307,0.0645962594318954,0.09920974780047252,0.16334978878031609,0.16214492880651044,0.0,0.0,0.0,0.0,0.0,1.148738881574062,1.5687393368270444,1.4723761170699883,1.6434855103269936,1.3995361833072666,1.3848285756337064,0.8966400197464737,0.5894694903701055,0.9741426117864935,1.0165836487650304
1.4581712614469697,0.5054867542156709,0.9593529818764248,0.7029413504421458,1.4999181853786714,0.0,0.0,0.0,0.0,0.0,1.2238043725927361,1.600707014263413,1.391183472581376,1.4442900587814802,1.4661873669028425,0.4859002149056817,1.028536319436093,0.9358619292430485,1.004402605097448,1.0980810444177769
0.6300101494634092,0.16293607765509138,0.7282084698765463,0.4062737927361836,0.4137610797378889,0.0,0.0,0.0,0.0,0.0,1.9487670586272403,1.578275528667766,1.2109816501830235,0.9642896858929109,1.3871059644536508,0.9845942170590378,1.0362134606463054,1.4429110358009472,2.077561274553356,1.0997757585145382
0.47167614280781295,0.2290441863688843,0.6709080897622794,0.49162809689755055,0.630401881570746,0.0,0.0,0.0,0.0,0.0,1.2436661207439264,1.3492179065107028,1.237685922670566,1.5819906341603396,1.552518577141245,0.724688872704048,1.2547883687805306,0.9754488555584119,1.1498340170532217,1.2266325832272578
1.2299265774789019,1.2877632924513922,0.15806870275249055,1.32051080956705,1.4031915323481827,0.0,0.0,0.0,0.0,0.0,1.9614110314522817,1.2661579994931047,1.5291906716674912,0.9603786846213981,1.5157470052182667,0.9612335679713322,1.2146098429051342,1.187043182234009,1.6327739309551543,1.104409060115834
0.6885338622018169,0.23620202646640295,0.7914844723368876,0.3124179872282017,0.8467601737768193,0.0,0.0,0.0,0.0,0.0,1.5781020358277829,1.5946778347484623,1.8188284822186884,0.9009806797199722,1.8039175011191875,1.2391154892787946,0.9930447705315338,1.041682609976108,0.7751655552578852,0.9437097472039352
0.24952566618835853,0.0879449289564914,0.11686960547075735,0.17891406809713992,0.17209132952161893,0.0,0.0,0.0,0.0,0.0,2.0995307817959574,1.778247381033341,1.7362847037293172,1.7313040319627329,1.6380044326590946,0.9901999462383755,1.0001733045436663,1.0975385210347939,1.1687466596441096,1.178882786902895
0.5276485991644896,0.2945715601374067,0.04164881518992255,0.02765023430572422,0.2341379910257518,0.0,0.0,0.0,0.0,0.0,1.6350753551184332,1.5966640354250357,1.541240879557945,1.8256988060899213,1.594708581462447,1.052738240238347,1.0996624826141617,1.1959098093315625,0.9944481379487957,1.1075234356257482
3.0143368142934315,1.2473986053387869,1.5429650715313492,0.5103920039107573,3.206821259227432,0.0,0.0,0.0,0.0,0.0,1.599337136149723,1.4675404199344895,1.6556331556917299,1.761211433284514,0.895470626285377,1.0339616070764497,0.6425820939109609,0.9872693757578541,1.1166853764678148,0.7420035269282184
0.12871549625932432,0.06772163626948322,0.12099895540472497,0.13622295709045357,0.23228717626371584,0.0,0.0,0.0,0.0,0.0,1.890936019538234,1.2041685803778257,1.712311314354946,1.3275748949851165,1.2411269212523044,0.9958211492702297,0.8590821240048804,1.102181091653112,0.4997810797386577,0.27096169041932483
1.2433349440738213,0.6644000391979985,0.7372702525737466,0.7640118211770824,0.8452537543903802,0.0,0.0,0.0,0.0,0.0,1.2537697657018045,0.5853214195620738,1.6461605937881578,1.3767970506865241,1.280741582237378,1.4343343214033955,2.90128164718672,1.0879532641236833,0.7050908367578993,0.6680674009781317
0.3449308023044121,0.13803665921534874,0.36411201811013927,0.28656554950517577,0.4992721682519864,0.0,0.0,0.0,0.0,0.0,1.5706238831353454,1.7524994575200026,1.4637916971494582,1.370432781730598,1.8554966986668087,0.995894616603022,1.201002970452972,0.9998903135047377,0.8549637566633044,1.0899788012388594
0.28249782942735624,0.46491077677575177,0.398547889880539,0.5797121506909024,0.43324640698494515,0.0,0.0,0.0,0.0,0.0,1.5694538416920563,1.3039987656677805,1.4401707819654004,1.5677402016922795,1.0798548865025752,0.8189794196628322,1.2268143510477854,0.9510449218073637,0.7199392751495671,1.3271911166875927
0.44379340336808576,0.8301799293854527,0.7788548864586085,0.9059367206482539,0.781622809591047,0.0,0.0,0.0,0.0,0.0,0.5071362325021135,0.6780585625560263,0.8525826465065043,1.4743410587879933,1.4642372143062816,3.1589191505562035,1.8399157915852715,1.6230778692081205,1.0697649837904388,0.6567251894406573
0.3476709820952673,0.16292012758226612,0.22224680635105543,0.6834890528585085,0.3083566602921151,0.0,0.0,0.0,0.0,0.0,1.6984598841515806,0.7863131318572896,1.350236215012205,1.4308414730205528,1.5887397924140003,1.1625523287362478,1.7349722920902475,1.2696983000472584,1.005378177828742,1.125110780897589
0.12988837359948113,0.06345502561340881,0.181495164765121,0.23359759299678182,0.22924306484708726,0.0,0.0,0.0,0.0,0.0,1.6331127466548274,1.2912129122883302,1.5921391122115818,1.347357826890521,1.4069337569176839,1.2343935692616699,1.2298873592962785,1.0459232763205053,0.5181244815250471,0.8020848852259216
0.7467636268067364,0.299955623141614,0.34108376361916326,0.409802546812909,0.45396481823117635,0.0,0.0,0.0,0.0,0.0,0.8458568270559156,1.068760488644353,1.2409740889941856,0.9366751836237279,1.3006663805444436,0.751914415304912,1.2983638096794556,1.342653583865414,0.2639899162769142,0.696810012829988
0.2500883888728751,0.25364668622634945,0.1323015008250991,0.15320340787297032,0.1998189755140049,0.0,0.0,0.0,0.0,0.0,1.2830751884613933,1.0047612895235571,1.6391168472304498,1.139935575898899,0.9920216071529064,1.5322244821887736,0.18455549947364552,1.2722759722354895,1.5999112415224177,1.675774180841903
0.21845416335714812,0.08924705425199532,0.09620133978826019,0.06740699136204412,0.21905099556035693,0.0,0.0,0.0,0.0,0.0,1.415708927122867,1.841198312415575,1.9809050821502228,1.6300830799023598,1.335625257721268,0.9287385486399852,0.9809351654633599,1.0607570272750937,1.1548416626725218,1.506984509055078
1.7023879588550845,0.6411438312980684,0.8422128771176872,1.3239246216484055,1.0599297278076505,0.0,0.0,0.0,0.0,0.0,1.8374641108882785,1.999452594713248,0.9435650728322261,1.53475235831282,1.7465221573916911,1.0364321873772862,0.9227715349230762,0.140975315600005,1.2849127629220667,1.1371548558454374
0.1700378046318757,0.009444853539606467,0.013194015879140989,0.05609377125569126,0.032227216518523956,0.0,0.0,0.0,0.0,0.0,0.7670409239909025,1.510073782769713,1.3557275717282777,0.6907118022420067,1.5791861692852076,1.651812915511917,1.13024938280851,1.0195787195209431,2.6243684174583946,0.7310515739997959
0.5446566571794099,0.056973288176386215,0.21697960231899893,0.19161156710214375,0.13981898861127437,0.0,0.0,0.0,0.0,0.0,1.4152863939835882,0.7841063997165586,1.5024745721105792,1.438101010389447,1.207128075726995,1.1833797267519186,1.5745884461694368,1.3524692738377444,1.415830419810175,0.7527219634721699
0.9225801927462147,1.5538505928031898,0.7243069392859758,1.793638089754912,1.7395588426897706,0.0,0.0,0.0,0.0,0.0,1.460495769236596,0.8530608504731323,0.9481108850416238,1.2704256619593006,1.6851284693632442,1.0239250986887691,1.5755276353653125,1.3103036048316838,0.047065412029903074,0.9469750940037537
3.5882853281351785,0.6892219253027247,1.2293059258591863,2.189296746794367,1.2618014343472321,0.0,0.0,0.0,0.0,0.0,1.51396759521505,1.3866787763666555,1.7294421211824391,1.9425081624941685,1.8617594691487844,1.0851532281181706,0.9548402677192271,1.2095706009165605,1.076557955780992,1.106489676943191
0.649337243207831,0.47802818633118893,0.3871191952333025,0.4757000872471516,0.3125969856748729,0.0,0.0,0.0,0.0,0.0,1.0308323494999276,1.3441920945928205,1.438917812955448,1.2009685505939378,1.2063904841364224,1.0202326999465547,0.7751260575260309,1.0115060243932725,1.3672220237226835,1.0884910909478356
3.5912646349651354,0.9083072092123257,1.3397917266436097,2.3159939523990936,0.7420679684270484,0.0,0.0,0.0,0.0,0.0,1.4745193330787718,1.5565397786420878,1.7869855972579594,1.341212359949145,1.1058805566565366,0.9423727062673146,0.7251842221294056,1.1624068478352565,1.2851877832394873,1.2278483261085682
2.7585048875650973,0.6027231252224201,0.6349534651309574,0.4541335475277884,0.8418757537332165,0.0,0.0,0.0,0.0,0.0,1.39380607085305,1.5658605715838376,2.04507075300438,1.564620111333965,1.5255964573019243,1.1466274626226458,1.045385222788693,0.9926918637210255,1.0463390250751392,0.6557836226092638
0.3492424265862353,0.047684546288482975,0.5427112218313633,0.09222719463689856,0.45073636870167133,0.0,0.0,0.0,0.0,0.0,1.880508816399675,1.6497080712423433,1.8445823267692698,1.9571038794768885,1.3988153627851325,0.9310820656863514,0.8725372619076261,0.9285603797578432,1.0359091184133513,0.9342189047790951
1.1694880360922395,0.24037625088478035,0.3460774632106668,0.9050000124583114,1.1720183859275795,0.0,0.0,0.0,0.0,0.0,0.3929187674997955,1.6148937382138249,1.3176886669301286,1.28975350050321,1.3566477317337537,2.761505511640583,0.8412808201857486,1.243720575511992,1.4580816177168783,0.482192313929658
1.172699103025069,0.9247257680066638,0.4434183158780528,1.021233530083927,1.615725591247029,0.0,0.0,0.0,0.0,0.0,1.3352221825191988,1.6005872624960293,0.7350742493496192,1.6002950396556432,1.3942938502417086,1.4528603582327724,0.8519826290587512,2.6148471677902774,1.0143568498414988,0.9438556263136763
1.5208472952522218,0.4293069764891516,1.1926837346490846,0.8317287074793193,1.9571479739053104,0.0,0.0,0.0,0.0,0.0,1.9148873385264642,1.4476255538457234,1.4605988698855794,1.4134099947016214,1.1877890719003716,1.0620732106909643,1.015771671555805,1.1964148071530094,1.0196166783486906,0.854576949394844
0.860172423375096,0.1682918029346146,0.7282325115663889,0.0908557881221326,1.0494459096790194,0.0,0.0,0.0,0.0,0.0,1.516704626144664,1.7754847621719623,1.8450442373798552,1.021169497223002,1.6199694465224344,1.1921402145372064,0.9590205456803053,0.9489203830989155,1.0431935482624946,0.9807079431275715
0.0,0.0,0.0,0.0,0.0,0.0,0.0,0.0,0.0,0.0,0.0,0.0,0.0,0.0,0.0,0.0,0.0,0.0,0.0,0.0
2.316951735777863,1.740627350799603,1.8599706623801153,3.197998274638976,0.1974047862086888,0.0,0.0,0.0,0.0,0.0,1.4829803875472585,1.4986192490331536,1.326758143060268,1.0457051894655693,1.8263502012561044,1.3378890686509455,0.9387796508373717,1.3744976219952751,1.297789443780382,0.9211282032675409
1.3575592193079191,0.8392311133789828,1.2220176779052703,1.1927326267603546,0.49858368256730473,0.0,0.0,0.0,0.0,0.0,1.3310695873546181,1.491045997125109,1.5908174472233882,0.4943590851192357,1.4613893185831845,1.2584633203205837,0.5788527156441505,0.8338324246003671,3.5864569719250676,1.1583917275644533
1.4586248338053447,0.3993527168134241,1.270521201473794,0.5282027675855921,0.8393238897522366,0.0,0.0,0.0,0.0,0.0,1.9256817077087922,1.65715730171825,1.6757083630812826,0.841853784997026,1.3363143794879138,1.0144856835560143,0.8840810713595251,1.0406521705325267,1.783530629280972,0.5083243059643463
1.5710144158486936,0.6845157608383695,1.6316955584296409,1.1425003618764271,0.6758580614420723,0.0,0.0,0.0,0.0,0.0,1.9869364911573493,1.7730316264983876,1.6717832146806166,0.7226744955226626,1.5947306625297957,0.9243820516191217,0.952572263772092,1.111109478540798,1.7128048079198106,0.8512857402818814
0.9847983304908665,0.1995101218050075,1.1989201908258695,0.657069228268025,0.49597136062331304,0.0,0.0,0.0,0.0,0.0,1.7124064201246492,1.4827345579618563,1.7452855675591814,1.0438067952819665,1.8020435528802727,0.8731140060841597,0.9763569039054335,0.8953515548659938,1.5643600106881266,1.0048670443353989
1.5152000812357254,1.1421525099625887,1.38380245575098,1.049501364224549,0.48500454466133575,0.0,0.0,0.0,0.0,0.0,1.4841818992837967,1.3476444570520327,1.1719133872098904,0.8613940565024616,1.3047048136541166,0.8486334867472644,1.0962122151617906,1.373222144882311,1.434395768704377,0.4767662756610328
0.43461186047550643,0.3937325142546652,0.2800098345355143,0.6044297128372703,0.9146830246875854,0.0,0.0,0.0,0.0,0.0,2.032878543416132,1.5698711000647618,1.673878842203759,1.309509106601851,1.4470853709635678,1.0106667048094768,1.2136484878092206,0.9160998311033094,1.2863073225450485,1.0694248188610245
2.234697733990958,1.5362612355083562,0.9515184430521512,1.012013883429026,0.37303363560980796,0.0,0.0,0.0,0.0,0.0,1.6648114654033497,1.5254717092613992,1.590614520999299,0.6861034167927611,0.8194555093878648,0.9418972313644751,0.6873621655233847,0.8874362320796118,3.016305871065492,1.263104549584178
3.726639350571003,0.7440885107632984,2.269769103166643,2.0211861486544356,4.885233751649832,0.0,0.0,0.0,0.0,0.0,1.666459705048744,1.364937749794396,1.443931186464135,1.5557632253762625,1.3780916667603724,1.1211114797024362,0.8243490382335285,1.047194263992942,1.069733291016543,0.7190439086518692
0.7266965433473972,0.2932523794639755,0.6521228653648194,0.4413550478939948,0.4253254166828313,0.0,0.0,0.0,0.0,0.0,1.631741613228548,1.601733841133133,1.6372716453082923,0.5454667894757218,1.6996621471951776,0.9385881160240045,0.9304424174232646,0.8022847603450434,3.5768258582542174,1.1427545452413834
2.3606324000205787,1.015795155147757,1.1791540007720331,1.4603092448532977,0.7329882128088852,0.0,0.0,0.0,0.0,0.0,1.734990581647447,1.342942386967429,1.637053053795033,1.3042488874791593,1.3290622223734958,1.0281979008380986,0.3161811057251565,1.0307553241602403,1.5428171332367202,1.0030949438692267
1.9201717866728383,0.292688994590952,1.4627094500868403,1.2472721918773542,1.4187212725545535,0.0,0.0,0.0,0.0,0.0,2.0021703298295637,1.5479638324851956,1.3022234180717254,0.8704886671958159,1.4261834739810744,0.9796161006915344,1.0530767366980902,1.2699392558399305,1.8254289167099964,0.9303633330476744
2.2604241570241683,0.4569493830825412,2.5317460297263272,0.9157854117939432,0.5890310646215822,0.0,0.0,0.0,0.0,0.0,1.7414303927754518,1.6375384738596994,1.8004704717583737,1.0684798720904771,1.8318466185129647,0.8646343801865133,0.9683756439951031,0.9201369985447851,1.7598177720237964,0.9445810613407281
1.208926323668453,0.5247714690862114,1.5865063250399312,0.802794882513342,1.0556913298418316,0.0,0.0,0.0,0.0,0.0,1.7218322999473552,1.749247047083028,1.521326382974867,1.2650729795026727,1.539021452430062,0.9020767968790883,0.9295794223169425,1.0681555638806972,1.2237037329845861,0.6719909927404631
1.7274813436115213,0.3065663563810964,1.6668686738474014,1.5578537727096695,0.814804565402358,0.0,0.0,0.0,0.0,0.0,1.5980729930795066,1.9775342208204565,0.8899006200118895,0.9874784082577417,1.7541998864680806,1.1936309993664402,1.0446651900713462,1.5464817991382758,1.7313157352522557,1.0917737318091028
1.5972833568364257,1.0648239331305511,0.582559447989399,0.7523361099838273,0.12214155303916992,0.0,0.0,0.0,0.0,0.0,1.4135661626196543,1.4893492622276698,1.3232182344848373,0.7156975666430966,0.8391270042705352,0.9794331639148784,0.6180940610346015,1.3327047172957542,2.8229912236592667,1.7223463172402724
3.477290313681577,2.1772987332481497,2.0589048706612543,1.2039908282131813,0.2171044074152182,0.0,0.0,0.0,0.0,0.0,1.6646533356377509,1.681683908443804,1.3029890884477833,0.7907513333235991,1.420277097533494,0.8024806537720869,0.9203640851520842,1.2981968146314884,2.584642995831372,1.1096200631077457
1.2674772541416213,0.4326582296242651,0.5819179093987665,0.15916346090761793,0.3801112684400425,0.0,0.0,0.0,0.0,0.0,1.3711362557064435,1.7758791684630952,1.541628715212042,1.5938969074137892,1.7625974425952649,0.6315364542802517,0.9281150347271898,1.016860370855407,1.269037748399863,0.9390066595727679
11.962472231019508,6.263823400143101,3.5387035017860056,4.979935234599805,3.0866572734726447,0.0,0.0,0.0,0.0,0.0,1.2707031058123988,1.1927309417505023,1.0408288308888147,1.6138837430792068,1.4997431207123741,1.0168157720510183,0.9488134498244917,1.7540061193772711,1.2852514500993997,1.2796745844773096
3.4271146456228734,1.7340787676586296,4.20721678084953,3.0194485529499544,1.3875522857934794,0.0,0.0,0.0,0.0,0.0,1.6689740823112713,1.4018079719053584,1.5641726567177514,0.6846468789558989,1.5028856047827843,1.0109555994982704,0.5624471182562194,0.8803046643102352,2.243982566247439,0.7393591781375977
0.28648161988688453,0.5399835139680806,0.11362438177520229,0.24798414641870092,0.37897857023231823,0.0,0.0,0.0,0.0,0.0,1.4968893350970143,1.384370570690218,1.3932146082792563,1.4112097367375824,0.8828383952030178,0.9866649298915723,0.9173590763409645,1.2832292843674344,1.0729759635214449,2.0299810550686836
0.49470701044882154,0.3596940014912388,0.24133966150439137,0.10038001751054557,0.18894024820100475,0.0,0.0,0.0,0.0,0.0,1.3304579535136947,1.3664638736628514,1.3908334137758804,1.7772974282169298,1.5570701036541654,1.1263667217403486,0.8316419381203304,0.43197390672289127,0.8551058046609348,1.3416611027760743
1.8014525686174956,0.5540682438012208,0.8187455314669114,0.2735297945670307,1.0735759878811177,0.0,0.0,0.0,0.0,0.0,1.3851081720287968,1.437133065284077,1.8373061543916682,1.5087987637471925,1.4998807796538791,0.5170497850120958,1.0006385693630842,0.9295486322864619,0.6468265035128865,1.0967810260917012
0.42699750220682986,0.09064718608832914,0.2611476474623553,0.3529392701410875,0.17393613002536695,0.0,0.0,0.0,0.0,0.0,1.3748204523148309,1.8308357728808584,1.7330674195585638,1.1864341787097383,1.575992388215241,1.4622836084998412,1.0183692026430202,1.100004743012261,0.5868842717400559,0.7018648932768173
1.2546360685284006,0.8392305135588304,0.36747404575852116,0.20092831709810466,0.15923940842008694,0.0,0.0,0.0,0.0,0.0,1.5043589267189643,1.5055943514116734,1.5084623943065711,0.8539511491033636,1.463594821184931,0.8390805577225436,0.8909126946533459,1.142521967674937,1.8875069064445384,1.089315481775033
3.491515353274928,2.3690257112936712,3.1179097617782636,2.145928268800872,1.7144508456509477,0.0,0.0,0.0,0.0,0.0,1.5740893857586438,1.1309455382743339,1.0555793666306532,0.901709385413672,1.3252484925004062,1.1269554159177395,1.4325176828483586,1.538997749636312,0.529367417488886,0.2663735285448784
6.147643133783408,3.788873003555506,2.1750401584308574,1.0795316390011596,0.5330252026919391,0.0,0.0,0.0,0.0,0.0,1.59499088119077,1.7025338543162503,1.6804246443755408,1.4441565233170706,1.2626276270513823,0.8106730852159139,0.8696458704305046,1.0595259087835995,1.3410001998677792,1.3317507680331704
1.3857083604182308,0.32007604138650547,0.3356360609820372,0.4458596406041465,0.6127315638090998,0.0,0.0,0.0,0.0,0.0,1.606130273597805,1.36775715134298,1.3305772032418433,1.3673632581382118,1.9102303760597212,1.254740036064811,1.3136590271830348,0.8738467372070466,1.4099874247278474,1.058014079348277
7.614400809761554,5.517977367811323,3.6399976414009325,1.7976277109458472,0.716258144630665,0.0,0.0,0.0,0.0,0.0,1.6322199637713382,1.6086225295186154,1.5431094745454552,1.1596886938227076,0.401992595734491,0.8798461256754869,0.8819396087920128,1.0203616969249247,1.5214450133770556,4.752831383679796
2.2490534120336227,1.5378114943611336,1.2509997148806344,1.1108343839470405,0.4515662038493103,0.0,0.0,0.0,0.0,0.0,1.0410842500148094,0.9585161345116777,0.6765083389026239,0.6651845886654416,1.2978403777294911,0.17408326934536333,1.361715210216054,2.386161920590058,2.8402392111757755,1.3287026248306781
0.962836703341195,0.8693238618967996,0.6091418354151956,0.3041363613408721,0.1349001243359206,0.0,0.0,0.0,0.0,0.0,1.6524868819432037,1.4408357455806404,1.2592617680283986,1.2035534800369707,0.708554288198999,0.9141255719543917,1.0335104368137937,0.941469531727568,0.39587286484247597,2.743958375086699
1.7446628312395442,0.8092958986295224,0.34235481933729683,0.8355547093750175,0.8805753233425573,0.0,0.0,0.0,0.0,0.0,1.3178518654397935,1.4105034306772488,1.4363137619719428,1.6286976739158303,1.5364379138071795,0.7840829048163068,0.8955325154465068,1.3079163444423043,1.2671329600402246,1.23032500195018
4.118061867509008,2.2864409366361134,3.8738569299390186,1.4856399173914967,3.6484832177640856,0.0,0.0,0.0,0.0,0.0,1.6460793585359448,1.6939951262287294,1.9387595504692081,1.4259349655113625,1.7377087109821558,0.9601234133124917,1.0538819958892318,0.955724932705221,0.7031561531188213,1.046612576779552
7.9547196224747765,3.247590474750735,3.746449493516971,0.588396417590553,5.583241865714105,0.0,0.0,0.0,0.0,0.0,1.3028450496932924,1.5868580196853228,1.8958480014822132,1.9728933469131371,1.9127755608054515,1.0564802876445836,1.2866178599094735,0.9609828298791535,0.9148122732959344,1.0349174380271577
11.075911509425184,3.3244451211359385,3.857529239912561,0.7913987251635684,6.516325526325163,0.0,0.0,0.0,0.0,0.0,1.292689870185052,1.5573379304028603,1.4932356650572431,1.957782028643334,1.4618201792234438,1.523933359695009,1.0590960496677964,0.8655082626622411,1.0051675627295915,1.1619107251853642
5.947668371454581,2.419129315861917,2.770696212050627,0.5835113426079108,4.443202555529426,0.0,0.0,0.0,0.0,0.0,1.2016435433951917,1.3307209529615571,1.8195411192220199,1.808341617748256,1.6601897022240697,0.9197029155558921,1.4397928688031105,0.9659982301828381,0.9860794995901697,1.167402645668789
4.2712889083783585,1.29859417888919,1.571580183759594,0.4322126105411024,2.002438504838975,0.0,0.0,0.0,0.0,0.0,1.4386983295252103,1.540482505726752,1.9111180656993751,1.6286361596958694,1.905087923902561,1.1183809999587577,1.2082187752981601,0.9359975087245702,0.886858505138144,0.9680265519067625
4.498822332673691,2.2221744884776977,1.6070059485663766,0.5515036395249429,4.00614918996949,0.0,0.0,0.0,0.0,0.0,1.3608996468730497,1.2982797630197733,1.5212598272291644,1.5545580231418306,1.07640727275623,1.4717324111152768,0.6024016476938711,0.7553672827626099,1.0870551066176486,1.5189666631631655
1.334828111698234,0.5699679677022136,1.1684169468898553,1.0150709632853796,0.7780209706925572,0.0,0.0,0.0,0.0,0.0,1.750417126679033,1.5566799458665261,1.7443479918787572,1.334954607358586,1.3804568507954749,1.1351722578743613,1.045925599841809,0.991706447779051,0.3781085634590267,0.7505202695643007
0.7604194750660432,0.2911012099904971,0.42430044293308444,0.3932240829314771,0.5468188924219259,0.0,0.0,0.0,0.0,0.0,1.434006837079133,1.3266583548486814,1.6367436004938152,1.3711017348839964,1.6108379891090856,1.0979736290047122,1.314244121885939,0.937820751982162,1.1374482561244688,1.0815192414989456
6.083073970087671,2.50155309536514,2.965021580280931,1.3933885033630242,7.943681031822789,0.0,0.0,0.0,0.0,0.0,1.4688219874186594,1.4060594649268514,1.5968487696218352,1.6653067258335532,0.9526747741419125,1.156920660814248,0.4362562474909767,0.9523840202293852,1.1723875552733967,0.6044652225150063
5.016247895628279,1.9268358319795837,2.078512378706228,0.5828041894327509,2.942258991222633,0.0,0.0,0.0,0.0,0.0,1.3074897729799413,1.4077021334568376,1.8832415683873343,1.7255673060520214,1.9574187080825611,1.1623564048851853,1.4429065343422214,0.9749156270988971,0.8339046956946637,0.9816967264091836
0.7902684264665408,0.3650827999366031,0.44822293024001514,0.13517473187578957,0.34687655450890736,0.0,0.0,0.0,0.0,0.0,1.6843884771091324,1.6813977317427842,1.717860899716916,1.2600704223662706,1.545081521101618,1.073059135507244,0.949365762915858,0.9754022651312578,0.2892023049693883,0.8476646904401995
6.339504937674289,3.6587819966419532,1.5306218062629726,1.077068225007762,2.5485716401051803,0.0,0.0,0.0,0.0,0.0,1.156450080304391,1.1353737652739324,1.3274696458684965,1.6334421978724902,1.4357081814062849,1.318363932539488,0.844880018329934,0.7007058615987917,1.19990239706442,1.467777202630043
1.7782926280598428,0.9024336005295946,1.3502313490684879,0.1017774462182777,2.0139468606272866,0.0,0.0,0.0,0.0,0.0,1.55087605554826,1.621602430865623,1.8347717747122505,1.6005207400012313,1.5198997792777886,0.842689838210833,1.0240861508952936,0.942229772300496,0.8988958473093718,1.1818480606317676
1.4442593804263357,0.6594991471007725,2.0795611528780857,0.5035428739662475,2.8424593131544413,0.0,0.0,0.0,0.0,0.0,1.6517471603143528,1.8868777033741153,1.7395961272241192,1.3569721359026088,1.7517623605900892,0.8194304155667508,0.9288683934444704,0.9239728368424096,1.129928637583566,1.0122781637673715
2.447774771710252,1.667563787664203,0.8706489676072764,0.11887822850609202,0.7287759666441079,0.0,0.0,0.0,0.0,0.0,1.828628366976409,1.8719836534196357,1.8159183591541748,1.5252985949554727,1.0115185381390457,0.928391214258377,0.9141048701330214,0.8951097555155813,0.9995245571410842,1.869396992545652
1.4339837398421262,0.5852349295755258,0.6150517658890837,0.20201767342862373,0.7176884913071708,0.0,0.0,0.0,0.0,0.0,1.2720065569938355,1.6051585699968354,1.760731729329948,1.7690735087525522,2.038848360122095,1.2583703174296599,1.2953072062718056,1.0687976457697248,0.8614518425901241,0.9384508697337471
2.362261607988486,1.756229142499603,1.4253401508044257,0.8376661984252914,1.1326123026344448,0.0,0.0,0.0,0.0,0.0,1.3579311893986266,1.5215744189464966,1.6006093379478883,1.3006099448437407,0.6428491846860754,1.078722807871444,0.8501769778725144,0.8257211209686531,1.191897322862897,2.562941495675528
1.5306156940940694,0.5572637079493321,1.2289703004734711,0.16645300516520214,1.8537874682320457,0.0,0.0,0.0,0.0,0.0,1.490605606739799,1.7992620896809424,1.7619844316706916,1.8477888786080472,1.6159400293183017,0.8062526020946826,1.0186038818045418,0.9039328730966507,1.088634394359982,1.1683050850480483
2.0484683108553607,0.8333178643063437,0.621543820821082,0.49600763331723685,1.1122181434862777,0.0,0.0,0.0,0.0,0.0,0.9985259701450675,1.2670852817738105,1.21757517310552,1.2378372481987467,1.9978597182895337,1.7617176040613414,1.5023335449060262,1.5625449738762816,1.427470581620645,0.9290015920327627
6.718794349829688,4.168716338281288,3.9997813362497565,1.7673364679721657,3.110432182135835,0.0,0.0,0.0,0.0,0.0,1.449199871148688,1.3635076243085174,1.5961633710117134,1.4338826694241908,1.3679987179141158,0.9357751849902745,1.1640778061880417,1.0593517026384103,0.533729980814824,1.0926703605517993
1.1776491645979683,0.438781872971029,0.6295842171635635,0.45979066791467044,0.4880728450532705,0.0,0.0,0.0,0.0,0.0,1.5574594646230648,0.8705071975940077,1.9330758716996033,1.9036012736480599,1.182286637441266,1.1301091286783471,1.4584714951991766,1.070796201581852,1.0800507640429822,1.4451552963694283
2.314833400272584,1.2613751182906765,0.7511036881353104,0.10891745229899566,0.8406396914327834,0.0,0.0,0.0,0.0,0.0,1.245456130191867,1.3201029647298483,1.6527262688558901,1.6348339471538298,1.8583919893074892,1.2271149680589024,1.5921144064671615,1.1626318157552316,1.0633347831151205,1.0606342778017528
0.6514553921615649,0.29397602701596864,0.7540110302665339,0.020016790039867276,1.0055360192572451,0.0,0.0,0.0,0.0,0.0,1.783162145494585,1.7172405101269352,1.7818856786524007,1.497439530804848,1.6624449381770052,0.887688653194806,0.9457858659572945,0.9405647380084238,0.7126067995352185,1.0223972367393583
1.5344377911934877,0.9259986954444981,0.6912661355430166,0.5085662744055328,1.412306689519584,0.0,0.0,0.0,0.0,0.0,1.1669068385714305,1.2850822787947427,1.4930284972465446,1.7650657143334663,1.4823445322576492,0.2508395813004996,1.3083453013103812,1.105637950491677,1.0530302083921366,1.3394852583457924
1.2138370596190309,0.5201840227188936,0.43529026912381585,0.028010868062600742,0.5126620068936478,0.0,0.0,0.0,0.0,0.0,1.5742135684491887,1.9301794592949886,1.833801048414443,1.410695625702465,1.891235626496521,1.100378554746216,0.9981334302096381,0.9805965031586442,1.2771855037667486,1.0350881488589923
26.419968583630116,12.024237980043392,6.308976957899604,7.08362826153432,16.561933181671712,0.0,0.0,0.0,0.0,0.0,1.0612383087387327,1.2034446100632863,1.531730530523471,1.5951378031964867,1.1053759073049605,1.647169522090849,0.8062449719467091,0.680683795058068,1.3067871431477425,1.6916801431233417
1.3499924966242594,1.1050168399045799,0.6529004609063098,0.3491968355478515,0.40373122167985437,0.0,0.0,0.0,0.0,0.0,1.826987755439759,1.7847381831212052,1.673297805763967,1.3408625796595623,1.0463713127050505,0.9403801659838869,0.9693371935484371,0.9400266125967786,0.7613960067618121,1.2964817304076128
1.0818935444891644,0.7878601258120662,0.9512429383874135,0.04743398407436585,1.1083691751004194,0.0,0.0,0.0,0.0,0.0,1.7139670386377759,1.6972321106020842,1.6929138685725071,2.0417626449009307,1.612820806963467,0.8378472910413922,0.9457598626166209,0.963297672958107,1.029831663469471,1.1109399877225303
9.033563382165456,5.950335959112921,2.8641965033663084,1.4531606679651357,3.3141748587760764,0.0,0.0,0.0,0.0,0.0,1.3362301054191745,1.3205754157499732,1.6585278370589407,1.5018883143906359,0.9603596296404545,1.1531508604278102,0.6408082089946053,0.8571047560578208,1.1687746354105302,1.938157521661487
0.41989848133519303,0.2803531322911271,0.1784561957774393,0.11267729640511477,0.26404499001610826,0.0,0.0,0.0,0.0,0.0,1.2240386304111754,1.2431282310162353,1.7089827665916948,2.001074509074084,1.536261006977265,0.44113198647407487,1.3294715932101762,0.9547187491561323,0.9317513573549122,1.3138985852318026
0.17739889793144473,0.010975148440793758,0.07808345750428594,0.14806457580344415,0.21350087377162855,0.0,0.0,0.0,0.0,0.0,1.272157819975065,1.4777159679950536,1.4714836549507837,1.2963862735412586,1.3302427092541995,1.3100162098272166,1.1406857828492933,1.394205252144988,0.8814962448472279,0.42858303202805303
0.4170651782604649,0.17940201293017813,0.17070009521059454,0.28022352559848696,0.29923295168447794,0.0,0.0,0.0,0.0,0.0,1.9891431822337897,1.8705212100419653,1.6447532745630464,1.3182406964577644,1.2844852098652055,1.055404687923485,0.9978634486631667,0.8982255901705201,0.5551881537918643,0.8495255576107994
0.0,0.0,0.0,0.0,0.0,0.0,0.0,0.0,0.0,0.0,0.0,0.0,0.0,0.0,0.0,0.0,0.0,0.0,0.0,0.0
1.532789784722306,1.1903952656311507,1.388278346733526,0.6053524192248586,0.8469018325050557,0.0,0.0,0.0,0.0,0.0,1.549851221910026,1.5608500204072584,1.6486662512217878,1.6454339989482207,1.6314552689103197,0.8170732166542352,0.7351500191845114,0.9444024581697346,0.8874158522788345,1.024665666817853
2.4427489059555407,2.6896215458364297,1.4882061440848382,2.139532673753008,1.7893022441461919,0.0,0.0,0.0,0.0,0.0,1.6857527342245804,1.9114616266521298,1.725237003846982,1.7749379501555134,1.6115574760110087,0.9456316436625004,0.9137124925998799,0.919396649644668,0.9404131238842287,1.091015324749763
2.552922601689287,1.1390916116337304,0.4960275562748412,0.6754009326029499,0.6977754413662236,0.0,0.0,0.0,0.0,0.0,1.7115673304076309,1.7363027574003531,1.4528589137551586,1.805425085913694,1.5443646590561086,1.1662813838640735,1.1302491200532336,1.0720054528961114,1.1006814353811796,1.1963717009627237
4.876145164565104,1.9896472812889072,0.7486269141932665,1.1824408861720461,0.4253642107149873,0.0,0.0,0.0,0.0,0.0,1.3335384312881726,1.8675191867820657,1.7107972451334679,1.827762863082326,1.4919170748558752,1.3093605667375483,1.031459795543112,0.9922486523391281,0.9555168714621283,0.995466252840253
1.8531176061419554,0.9094821227678874,0.5300967517799361,0.8139421446171389,0.4388428583073251,0.0,0.0,0.0,0.0,0.0,1.492688655484952,1.7013156133537068,0.7425414566701551,1.7295284912133142,1.4648127481052131,1.224674028472868,1.2197682717694385,1.5687004342321007,1.152517343350868,1.3113300117134679
2.4236695529465218,1.3052855420366525,0.5006239605219396,0.3094840055364115,1.056461372329545,0.0,0.0,0.0,0.0,0.0,1.7324260444503603,1.739460879518738,1.4581541150416288,1.9176613734361614,1.3151154496968538,1.0842055277811895,1.0656421928966935,1.061660428723682,1.0752337349254586,1.3410815002993868
3.036257738040841,1.6335803679069734,0.9526560894127865,0.5562159905812605,0.34424692094646464,0.0,0.0,0.0,0.0,0.0,1.4354963797003055,1.6684016613199393,1.7633482297875602,1.8769036809621122,1.5976194844818137,1.0526895069669782,0.973254087311364,1.0011799513692743,1.0524460973119327,1.1625112857836877
0.5080874434912135,0.12027834465489975,0.13526180016573147,0.06060121118429902,0.05906647694557972,0.0,0.0,0.0,0.0,0.0,1.2761166641007924,0.9386679213631771,1.8446922435158162,1.7682524459899014,1.373736852332998,1.227771819228311,1.9830021213900495,0.9065005871875651,0.8971541245020689,1.064146767464426
2.938462401289609,2.137833843763885,1.4737972281463925,0.8665866413154216,0.9372841906904167,0.0,0.0,0.0,0.0,0.0,1.5145804394057611,1.605335335475169,1.7395872463758548,1.8094999928688544,1.797296584806469,0.7658136879081496,0.8172336031873961,0.8994033857755753,1.0003753382525884,1.166925017038276
42.76138630810378,30.400454094959752,21.783492779631494,11.913208064844433,5.537717400308533,0.0,0.0,0.0,0.0,0.0,1.6269738814935994,1.7592951907108538,1.8021684168711567,1.8425112572955165,1.92137531653243,0.926536768197198,0.907882989571217,0.9252487744467464,0.9459372042472473,1.0558559158767735
2.2685677846890893,1.0933861121328081,0.7536264031798992,1.341096909775553,0.7844029408330451,0.0,0.0,0.0,0.0,0.0,1.7186653120664257,1.5341065272062213,1.2683122725937799,1.3044591036623994,1.3945563672335604,1.2259873190851056,1.0084876093554336,1.442483686683129,1.119816068283664,1.3903271780349482
0.6368871863305136,0.3652030151666067,0.028548475194909863,0.08925163797519972,0.10544250595788443,0.0,0.0,0.0,0.0,0.0,1.4241736844256565,1.223832340956414,1.8747628643046685,1.6036328872859644,1.6120490083005354,1.1753561762510916,1.357637983638999,0.9608593222094989,0.8074961972225466,0.9245403524109895
0.8314705288418891,0.12115364428950812,0.3415918449249881,0.3221959187575431,0.62530066809819,0.0,0.0,0.0,0.0,0.0,1.7657390949513252,1.367717796745017,1.9708483949684625,2.041400710739692,1.5792814213436077,1.1099923997236845,0.8318068629688806,0.9258375203111414,1.0323399543502847,1.0052409663993744
24.89854245137184,2.7468031192169713,3.440745888671888,2.927627962787083,3.854180219750062,0.0,0.0,0.0,0.0,0.0,0.9947034786558803,1.9135743270080434,0.8650740096279842,1.8068569960081824,1.5465827691186822,1.6098309432243687,1.0259139905873838,1.9163858055813223,0.8853548948017411,1.1469546160169113
0.7431113563354602,0.7209509758175369,0.8204558461540289,0.32052632097889405,0.5547118887328557,0.0,0.0,0.0,0.0,0.0,1.7019785740034508,1.6533805903886394,1.4704608549019973,1.8784684480298293,1.6652025313339713,0.8911868793142182,0.8558836038379467,0.9870304960827879,0.9371108051016172,1.2496627129094118
1.5213089113685077,1.0471725573107824,0.3578423218756537,0.20545541492288305,0.3028313755203831,0.0,0.0,0.0,0.0,0.0,1.131757274466215,0.7731475116223216,0.35073579322890913,1.7504096889846374,2.0179232815277466,1.6480281805241885,2.3647189701905345,2.7181127631976425,1.1647465934907846,1.0209786867297157
26.065631200980402,17.170038389197195,12.96873480901165,7.013410026159521,4.887813065094986,0.0,0.0,0.0,0.0,0.0,1.5659390116990766,1.7370776754674306,1.8062448106470506,1.8676147695007723,2.0854468661892884,0.8867281212907867,0.8892254023950741,0.9254399064504345,0.9551893229354974,0.9620200974759751
2.325165162415616,1.2219671874116018,0.6329014788805349,0.6973837903132138,1.3950763027517614,0.0,0.0,0.0,0.0,0.0,1.7649214272185938,1.5046946742969676,1.5232257997687717,1.6857873830142207,1.4947096472657828,1.1629713818585445,1.1078282777821327,1.2461442002953877,1.0210702099015552,1.1471307957107246
1.6840286717762125,0.42948583911654925,0.06794699696748613,0.22903597419014887,0.3973789332202665,0.0,0.0,0.0,0.0,0.0,1.1744502314786396,1.6002677706252308,1.8544588974830551,1.5959787439479598,1.7153547759488448,1.469301250522463,1.1375778387890698,1.118594539064495,1.0246937514815382,0.8946744289463665
0.8847388990251194,0.5443764978570703,0.8560541631732365,0.5821304720198128,0.254209072772509,0.0,0.0,0.0,0.0,0.0,1.780793636620996,1.914550126180507,1.3005454548442776,1.233021360625912,1.9900010177764127,0.9282620457294924,0.9188285436321243,1.1791250530200994,1.2854901890338186,0.9866188702211643
0.7352145608703669,0.24169448563384432,0.10387123692196636,0.10067439172749675,0.34200775036519715,0.0,0.0,0.0,0.0,0.0,1.3436643830128807,1.5786848102332278,1.7035802120622745,1.7866395862492295,1.6174911631414721,0.7904450593100376,1.1233670213045233,0.9509870683248728,1.1762899459990814,1.2183418451442694
0.8477097799685536,0.524728415390445,0.45372327011586877,0.2350548323208288,0.1705779321121398,0.0,0.0,0.0,0.0,0.0,1.6422514888924515,1.7907179348320328,1.8650558638127621,1.95078167137534,1.4790493478062667,0.9219281599427596,0.9162612532698481,0.8889927784984881,0.9221703942996984,1.1592988999655127
6.829945804506529,1.0775427494479142,1.002714390451319,2.4342531081243006,2.49550739468917,0.0,0.0,0.0,0.0,0.0,1.2905657213851285,1.6439905896430504,1.9044102813931945,1.8422227527195287,1.3965521028058427,1.1209813175423637,0.9673280136888023,1.1068048214532178,1.1022768160533496,0.9165928839113997
1.0488091713070093,0.48406130428683375,0.2955854104010679,0.12478495636692957,0.10360983125932574,0.0,0.0,0.0,0.0,0.0,1.5207714248076116,1.6535080620519895,1.7174815090974658,1.8505228782487837,1.404989110208776,0.8999709131262816,0.9904504427571953,1.0851636077772064,0.9175937228560035,0.8716897223273385
1.9284209952277145,0.8180201640201803,0.41189670620160623,1.7920824548121168,0.3635121432535426,0.0,0.0,0.0,0.0,0.0,1.50947128002218,1.4564432910823646,1.7790464065366747,1.2740614521341382,1.2084734023652395,1.382626306687925,0.9458346665586322,1.132373701766661,1.1557311128293453,1.2321466103978773
0.5516468221421185,0.20196082861257003,0.1568949789445174,0.29925674597588076,0.38389373265133414,0.0,0.0,0.0,0.0,0.0,1.9733302434318385,1.8735292107618693,1.2838687346821385,1.485179829059786,1.5539449222388935,1.0541126630167177,1.0315553807183167,0.9513777159666389,1.0998537314113077,1.271515271701115
2.213283167837137,0.7667540762324039,0.7380604270661297,1.2415373750416145,1.203178145259711,0.0,0.0,0.0,0.0,0.0,1.7049343693635828,1.166203876151027,1.936995829624266,1.658153744567317,1.290244592088805,1.104219109176669,0.16893994186555966,1.064473948055421,1.1576082966078098,1.4208265596492424
4.051695793946496,2.4392188210503094,1.738430561086973,1.5534371208970157,1.6653858835304032,0.0,0.0,0.0,0.0,0.0,1.6043770877700374,1.5175375236121218,1.8034743964302784,1.9638671011378654,1.75920962365787,0.9432337295424734,0.7519004224029313,0.8718655130011789,1.0341169798079521,1.111067460016519
1.6217422585516932,0.9254380514273673,0.5033860251844547,0.5843469863648589,0.8726438967288053,0.0,0.0,0.0,0.0,0.0,1.6371523227003237,1.5922050794211275,0.9482108164751774,1.4495470972401285,1.342066816084269,1.2664889983122471,0.9819691006686103,1.9058097637209974,1.1001144817031803,1.447736992562375
0.07279597174762834,0.0077290714360940165,0.028583955853002368,0.03450331829234402,0.056747948794236,0.0,0.0,0.0,0.0,0.0,0.9691324187291306,1.5973202798394763,1.7077777644538803,1.4966353340860157,1.6187274393116067,1.4257304006226879,1.0903908254493357,0.9342964007577146,1.3807148786451442,0.7944952163141075
2.3130111548191854,1.4890779707761914,0.6435760560485393,0.43103423574633803,0.5449931080429984,0.0,0.0,0.0,0.0,0.0,1.9302830245767897,1.9729110376988368,1.7764505857020318,1.2383950718084282,1.7424781966132246,1.0056977409746148,0.9822364391304875,0.9719795587777971,0.8604538057105797,1.1302315101849807
0.8943895007978304,0.5161891991588572,0.4416765883445839,0.19528414406969236,0.14039601531608553,0.0,0.0,0.0,0.0,0.0,1.6758088262555582,1.5208030764432972,1.7250273127064761,1.4860034803588076,1.6701174064674862,0.9469895684959806,0.6650812455679557,0.9141274979572851,1.3109497873113891,0.9267109179517666
78.26923554106614,88.48813205222777,82.93230807058524,68.0142921833646,63.32118049778931,0.0,0.0,0.0,0.0,0.0,0.41820347777216044,0.48577629053956434,0.44267484871722657,0.6216940087179545,0.8860084133640885,3.3209571326887626,2.70416037933204,1.140513073372699,1.5960741877497897,1.2603086720926797
66.0722923526395,69.13595583609707,66.54266229637594,51.529665829862225,42.10939225041104,0.0,0.0,0.0,0.0,0.0,0.3878548203028394,0.408408514431241,0.46439456344306834,0.6248189301258912,0.9005655373858678,2.5621542607070893,2.211719280302368,1.4947158194212933,1.5355956465553429,1.2517774457509647
2.5709296646918465,2.469208193473767,0.9578177714747413,0.48014565700638767,0.4738599043287535,0.0,0.0,0.0,0.0,0.0,1.1654538838593482,0.9342892231080214,0.5395426659381197,1.0087440625967092,1.6923941062435826,1.7487319872406892,1.560389952998625,2.5545494640987254,1.5345877958658403,1.2382605701959055
4.153404556679996,5.792879831112243,3.7767123443364823,1.5223812097276828,0.39337404911860907,0.0,0.0,0.0,0.0,0.0,1.4599932476143656,1.0778123823053742,0.8381152326828079,1.295243999056599,0.2983968514069342,1.4023270262078962,1.5642497045740902,2.1302541455077915,1.5043700005174718,4.352596390102185
3.7488338635814786,2.6650462492441997,1.7233119465626356,1.2209596859376428,0.8442359304529454,0.0,0.0,0.0,0.0,0.0,0.9670557630152027,1.1163798049717355,1.0444964317501177,0.6099969002673126,0.6804051121447366,0.9429444086714684,0.8310357697468591,0.7636039167746094,1.830701265033309,2.954350060247933
4.4941771772816494,3.534676606942545,2.72081887196416,1.5713077342131965,0.441965389870519,0.0,0.0,0.0,0.0,0.0,0.9246603151058476,0.8249635307185536,0.4577986522111387,0.501056147102163,1.0772197936142531,1.27717404904765,1.8356847063532216,2.2822390739618044,3.053357815123953,1.899635344326096
0.18273228741289835,0.20906746132187778,0.5935374945041116,0.8381669838504864,1.6189837159217138,0.0,0.0,0.0,0.0,0.0,2.0511117552644236,0.7698600913396988,0.706945406752986,1.227860747234672,1.3923145937595827,0.9807845941515241,2.4217259378567286,2.2734446545269575,0.8865879175985705,0.6737766136731431
1.055063013374585,0.7537596945034364,1.0078834696065848,1.0667605453116207,0.574066716996908,0.0,0.0,0.0,0.0,0.0,0.1871538239997202,0.9323051411246195,0.8055145335271833,0.9367077282856525,1.4201116007877466,8.87477271360777,0.9092060031662466,1.1470216111177733,1.9991146046794421,1.1660306403528504
7.295810728302001,5.946035630634523,4.542176420530542,2.6301338632147826,0.822317027610929,0.0,0.0,0.0,0.0,0.0,1.2982988600892895,1.2454551647527057,0.9987981153548905,0.6434163223155811,0.6733868233386131,1.4610994028513218,1.607033146167671,2.0034901967963092,2.721531287268664,2.0669317646813967
22.15379330960492,22.874756517483146,14.654414344224943,5.563711510290223,2.9756550712386756,0.0,0.0,0.0,0.0,0.0,0.9575057644017716,0.8000637539817079,0.6786380500725011,0.5922947861385931,0.6657098796618179,2.1245332568580286,2.1098514373190596,2.411060213189027,3.4888570826376597,0.7536185608888927
2.415626473660919,1.4335160533509108,0.7331293588681271,0.8038636256870518,0.6267590356243022,0.0,0.0,0.0,0.0,0.0,0.8662397718656714,0.9023496249673848,0.7146173508861174,1.2850301319167943,1.4519670022330815,1.5402405131783723,1.6095699831433035,1.254527600072565,1.5162372486425182,1.4153658989104358
3.671996990813253,3.4271910126468486,3.667873557287939,1.9787014442967261,0.9305805498013171,0.0,0.0,0.0,0.0,0.0,1.2532701730599054,0.9171817381001056,0.7461016739716005,1.035744073079085,1.2211199776823072,1.0392372814048987,0.7323672333287764,1.6873747712211364,1.430143006002115,1.1313032618183916
2.021716614983238,1.4338503233156026,0.8076512641763894,0.8857598258557167,0.12650426636914502,0.0,0.0,0.0,0.0,0.0,1.567992883731268,1.7589260014524148,1.7164666711016647,1.2729591837989456,1.3341631670451422,1.2666819601361925,1.0434598012024887,1.094482555547498,1.1843791375142911,0.28806735704386
26.159706547622072,24.855898589909074,11.854807728096167,31.908220503534295,16.26208719254678,0.0,0.0,0.0,0.0,0.0,1.1234354764874506,1.4888223158329836,1.3281308325192562,1.2608092259434591,1.7461544888522802,0.9310157376611157,0.8449910098230619,0.6553421726719232,1.289758783410933,0.9348176911636168
14.978666509966322,13.54021153474738,9.201402465913677,5.5268598419449795,4.36647380118483,0.0,0.0,0.0,0.0,0.0,0.9742276474647986,0.8711011948063955,0.7439715480689277,0.48840880773881745,0.4914713957574661,2.0298336637290633,2.0557467028483973,2.2455347707639812,3.1064574260606,0.9522688423724924
1.027752922145412,1.6466081954024383,1.9572998905275347,1.460138375381026,1.6333726537258346,0.0,0.0,0.0,0.0,0.0,1.4514314309812206,1.1434229239326772,1.2186941075616617,1.5838634700278222,1.587489496972734,0.8858409626462332,1.3516203348090263,1.3385150474352416,0.8208568987138944,0.8425812544376151
22.86480674786823,26.151930139673016,23.879764765482502,10.63460768286511,5.26621411683061,0.0,0.0,0.0,0.0,0.0,0.971323919227102,0.6552867942757479,0.5545615409623008,0.976628285490989,1.4883728455356522,1.2619352574848153,0.42135516262622363,1.605152681052248,1.5036096121451163,1.0042676613668813
1.0588872648889733,0.656557928363587,0.41679366314736155,0.4080674534902554,0.18939883736114063,0.0,0.0,0.0,0.0,0.0,1.4404404744075583,1.2178140416489014,1.1584084899143512,1.012290680766407,1.497449048941877,1.2882099374445617,0.4020124117978745,1.2893038348734278,1.7301221684515302,1.0711658727717672
0.4249343487834949,0.2825442497597272,0.3795860925096136,0.6900309427324984,0.690092535513443,0.0,0.0,0.0,0.0,0.0,1.051617693042256,1.365551413952794,1.0275025289190505,0.9050254798939192,1.0101642172514564,1.7362337832925558,0.7866816628856047,0.7291263044326431,1.7500480904712672,1.1887688484510746
6.27808889507152,8.7152387919917,7.194825214961424,5.901240205404131,5.370380709833839,0.0,0.0,0.0,0.0,0.0,0.5720874390143112,0.6317141985605592,0.33004859248178015,0.7233402760934122,0.806974025403909,2.6566099917613064,2.3994720003364876,5.164990059545351,2.620151542180403,0.9432206634777319
3.0212595334123398,2.2955377173595535,1.9336754482668872,2.220763335836236,2.9307813585632445,0.0,0.0,0.0,0.0,0.0,0.8652916371574012,0.3878989655226603,1.0730828211235444,1.2646258295157713,1.1976140993902344,1.7078420626438207,1.9582085453249882,1.4788453226491418,0.987412733260524,0.6785989768417812
2.798901583715272,3.1576648105260974,3.3454529136944813,1.9543880813555325,1.0263826946931782,0.0,0.0,0.0,0.0,0.0,0.6922181145314706,0.65510940251169,0.6374990954665211,0.7142317355296283,1.2065800579665753,2.850664352592483,2.0636406250386834,1.595474638750998,1.0310360209283422,1.0335131333339727
5.839192014040647,5.7696649872781265,2.547731911526745,1.6944115606637555,3.085614106598393,0.0,0.0,0.0,0.0,0.0,1.4186223074700814,1.1670716526530183,1.230626978685332,1.4368409777689668,0.6490841888976792,0.5698303351887394,1.3203384000324123,1.1182416362171739,0.6097910336438471,2.8477491901099494
1.4432880520719709,0.9252442968154513,0.30585792236085796,0.11673004126048785,0.7480401522119036,0.0,0.0,0.0,0.0,0.0,1.8771994184631755,1.6792041439767902,1.2598304939267058,1.8782520835189846,1.7866295573945892,1.0065600726822335,1.0447211766791713,1.201669810938966,1.02026545548346,0.9951258029201534
2.2289558196460697,2.671004154470697,3.0741913069960365,1.798231758346797,1.9680198909530169,0.0,0.0,0.0,0.0,0.0,0.8972305616039049,1.1205764101971847,1.0798722248930614,1.40131760140261,1.632871164170597,1.9161542483232743,0.8714222044246205,0.917949750464005,1.0717589212189556,0.9624782577618465
5.813044976725988,5.944516418277443,5.0134688942855705,3.1036589385109474,2.3632085417336692,0.0,0.0,0.0,0.0,0.0,0.6804675250030943,0.5690238617893002,0.4963580225612197,0.6091309955477748,0.8095915867808132,2.477897560824966,2.3964928301608106,1.8361210944366924,0.9553647072270562,1.1294381278974412
4.759145386002236,2.596276378451288,2.723413139909111,4.0648649719324235,1.9693101960672312,0.0,0.0,0.0,0.0,0.0,0.30962471561646004,1.2551147377269214,0.8019485440158254,0.7300764169855272,1.5442900266853228,6.537469882519123,0.7011044184045183,1.2561733140259077,2.232308735515396,0.7141914326375747
8.835872589997548,9.756391825956857,8.682805377469537,8.588032801399155,9.373279950200484,0.0,0.0,0.0,0.0,0.0,0.6628432668678643,0.45108112218913293,0.751405031532785,1.0473442759264815,1.0993420783857881,1.5225187708623267,1.8527764290672553,1.3880460518632665,0.5842945110696606,0.667532644862032
0.24202168256250647,0.12101446500429783,0.038143812723574054,0.20477945186294338,0.3719947514040276,0.0,0.0,0.0,0.0,0.0,1.35240860492655,1.7059364887481026,1.493545596147883,1.8639618026537643,1.6669669610170361,0.997194270164002,1.0495390458161131,1.1550448016476424,1.1056987008600423,1.1448386498506578
0.08628368588183812,0.09525207441898978,0.13837574514135884,0.11087346073703383,0.0678678022315533,0.0,0.0,0.0,0.0,0.0,1.5606364775810264,1.1665591475172916,1.0226011569040028,1.4227209640846257,1.762636562548387,1.184946813167477,1.3236591978613965,0.2531182541326816,1.1733757350601228,1.1138657856294885
6.143407426857187,3.9090958732367147,2.4654080499760935,1.4264092557145522,4.1331020803404375,0.0,0.0,0.0,0.0,0.0,1.3362772437664392,1.529612364177641,1.5121641378053334,1.6928010867659353,1.1769195731365778,1.445241612409106,0.9361603414558572,0.8049833961653247,0.9021510313501276,1.3691481127518097
18.650661407643348,19.220970263307144,19.085976006241967,14.597364526111182,12.581768457615123,0.0,0.0,0.0,0.0,0.0,0.7760460029995332,0.7920318411271298,0.7950072759974326,1.0207299799731597,1.2397138284822464,1.109296698011114,0.6626410600077873,1.1388010589018625,1.103496567408743,0.9575547665521678
0.0,0.0,0.0,0.0,0.0,0.0,0.0,0.0,0.0,0.0,0.0,0.0,0.0,0.0,0.0,0.0,0.0,0.0,0.0,0.0
6.509457214661124,8.295768756003643,9.65157459544437,6.911334690490463,1.8615923451223335,0.0,0.0,0.0,0.0,0.0,1.2843113597766878,1.4162766968665208,1.5780687975851375,1.664515570619336,1.5713008056276778,1.249753286999151,1.272611257211902,1.2163787951423803,1.1851817680184837,1.2239482958676315
0.24696599504017488,0.08589576009461226,0.05222235174579452,0.0998571360517719,0.17205304820752007,0.0,0.0,0.0,0.0,0.0,1.3657016720250772,1.038337901378057,1.0936527045798747,1.4671099167373618,1.3934620445741648,1.2245925042811876,0.5047344832375341,1.1789850457944901,0.5566256622387596,0.41572759171220486
1.1795761267039782,0.5700829278525418,0.4933096832907829,0.5014716001432361,0.41264093906913246,0.0,0.0,0.0,0.0,0.0,1.9560105486976194,1.7194835195533287,1.1716550078686103,1.4438666689256952,1.7920820088765868,0.9593166145816016,0.9236884154645637,0.6461378127481442,1.233924924359213,1.057527373561468
0.434390538596949,0.2960754935222681,0.1690164902085931,0.17761189935594235,0.29819209661924023,0.0,0.0,0.0,0.0,0.0,1.1219081120064631,1.2654656721367772,1.3677838349616318,1.0783013119595848,1.4840668417293335,1.620863201048287,1.3741185213713247,1.0355470834955671,1.4569052211512004,1.3230579378029275
0.7154517540699867,0.49173956920160816,0.6537849746485784,0.5573786243564518,0.21293763909360935,0.0,0.0,0.0,0.0,0.0,1.1906039202246967,1.1161236068505962,0.9654878244774614,0.6890276534078474,1.5211899547575836,0.8174311138434995,1.7586248606670583,1.9669635222254078,2.0908083846275276,0.9963468614980018
1.9206948201488063,0.5402252225028453,3.574772952897706,1.4097215271995747,1.2037256768483746,0.0,0.0,0.0,0.0,0.0,1.5849039102551243,0.6038623087557041,1.3650414142689964,1.560603797117645,1.8098400795813576,1.0987548372447222,3.2738539497021546,1.2141301865820393,0.8421706477692638,1.1119297500491225
1.2931710450533498,0.8663912093470911,0.6194860362030037,0.5110063307800086,0.24671658512129424,0.0,0.0,0.0,0.0,0.0,1.8301905733415378,1.7020419975086563,1.3121515811248814,0.8814245124986451,1.7119744231443887,1.1460914968278533,1.1656926203542186,1.3442307669809732,1.8376369095051348,1.173565361868359
2.118224263419763,1.580828296269918,1.261967347618624,0.8559824120636244,0.5592187189777076,0.0,0.0,0.0,0.0,0.0,1.7715474863391973,1.5002545198178399,0.9606402977909158,0.8773012729217652,1.4901114927617847,0.9205192264053671,0.9891674787396831,1.3175644641380744,1.9704947802022956,1.228694547741841
1.0678088984356493,0.8160279334814611,0.19456973786662002,0.34343321143476246,0.7025865493439949,0.0,0.0,0.0,0.0,0.0,1.8813715122473156,1.7127721929254625,1.7281623237409436,0.8472226667797393,1.6595222714855646,0.9244740707111182,0.9299018099746006,0.9233195769268961,1.9158845897065016,1.0907871526226214
0.9516846684896851,0.5276179335996508,0.38317419705475786,0.3460998710782658,0.2396552480687209,0.0,0.0,0.0,0.0,0.0,1.634038905471536,1.8713802498286858,1.2186587610491584,0.8195180604385822,1.664743532844921,1.1111241088131754,1.1184783635281677,1.6508612106513154,1.922574538992401,1.1768117702926195
0.6870978655033163,0.3575083067946519,0.19636807077567683,0.22979509315409033,0.5514769500384258,0.0,0.0,0.0,0.0,0.0,0.9455999726728632,1.4430539555611466,1.6110136030236486,1.0180384004825662,1.1855815520809143,1.6548892767579855,1.1308783825374373,1.113690399033907,1.3548862447365033,1.6643132464912165
2.5212844378771386,1.4168027237914078,3.381297955088698,2.534064046520557,1.419188458335253,0.0,0.0,0.0,0.0,0.0,1.8181757108140306,1.2064875701968476,1.2508614182547628,0.89703775594326,1.5475402729000671,0.8917713547984115,1.250895781003139,1.5289655457083422,2.1861084168126665,1.0082093474055844
12.468600229719282,9.221877036433312,7.247136632018123,2.7629851974647144,2.156990211737104,0.0,0.0,0.0,0.0,0.0,1.8633889743774583,1.5986940768958415,1.1293585377094337,1.0918286684507612,1.6647748478394007,1.0881942123349317,1.2328980927360995,1.6553830066567476,0.8925700917390467,1.1197314827058502
0.5212852131525254,0.13494619774065225,0.0962975776652806,0.5402891340806296,0.4452972373113666,0.0,0.0,0.0,0.0,0.0,1.8956811541809382,1.7991457706549614,1.5470637591384695,1.6975430001911063,1.8922042628394484,1.0942786998224432,1.1121906367985563,1.1248193005264588,1.150535635962138,1.096501692962465
0.22248263553557268,0.1170833041331562,0.09425371986688522,0.16458638913866783,0.30446821677830493,0.0,0.0,0.0,0.0,0.0,1.7177532424667796,1.8322982292065715,1.189284296860741,1.4761927571571205,1.747637899722827,1.1369073445785565,1.140843023529845,0.9776025834881965,1.2326069913376816,1.1261348648052247
14.18427097159676,8.511374039861957,3.633792617375314,5.903935400245407,9.287669904905497,0.0,0.0,0.0,0.0,0.0,1.5760766729133457,1.9631910570188067,1.8316306923833265,1.3446397621081776,1.7759409890925724,1.1106450090535818,1.0697204351610226,1.083357119940249,1.4139426921341423,1.135091991962749
15.68272217247195,10.152290395898493,7.642696850860007,5.110684190291796,2.466079106658839,0.0,0.0,0.0,0.0,0.0,1.6104609852887448,1.6657475713340686,1.0011216894857258,0.7835261580198766,1.9295496629601783,1.1435400816413166,1.2548813204194587,2.04734599717136,2.329221233346045,1.0822138045200504
2.4189065737678264,1.5234419360906544,1.2336250188988749,0.9997492585366144,0.8642423236018153,0.0,0.0,0.0,0.0,0.0,1.7998990635222458,1.7998838121473462,1.4320669764396254,1.2932148479527872,2.116630168957001,0.9507707892567296,0.8630160644584461,0.7797885366068724,1.5966459833323017,0.9728461099713059
0.4431089216986307,0.26540335348658817,0.1402820167583913,0.11874656554320462,0.12883294878053525,0.0,0.0,0.0,0.0,0.0,1.2970952918282181,0.5325224927342131,1.3508849016213327,2.0824940912078502,1.345788895360815,1.08155248691772,3.095532361707819,1.495107119716311,0.9786586720315489,1.3940847051837146
1.2303163816148146,0.34587376754912524,1.5835453206051535,1.1112195807990353,0.19432403324708186,0.0,0.0,0.0,0.0,0.0,1.411518450212303,1.5514623924926363,1.122820409302561,0.7344759105632767,1.7117900686473881,0.7407970828025316,1.1406370323535022,1.701257122551066,2.7878220814437573,1.0346235749062547
0.5391703485529887,0.7897876906015535,1.2663009918089034,0.09347141731042047,0.8597530650561508,0.0,0.0,0.0,0.0,0.0,1.9827976694119942,1.3462988309347326,1.6178631391757479,2.116336819856553,1.8804778950069923,0.9281442110226846,1.2232609029148303,1.027248675999708,0.9557781796081957,0.9783928866502752
7.328350181139362,4.560337972922619,4.268874831002386,2.711146463480898,1.3251272061022106,0.0,0.0,0.0,0.0,0.0,1.985516953445749,1.6950983754210165,1.1498250379425081,1.3919954595848438,1.7874414916896946,1.0591522808557052,1.1874336998925619,1.4463326795308415,1.2739763532498083,1.1140481525251764
4.837426872478688,3.2730288887090944,1.7671767372079212,1.413886481716068,1.841189513216993,0.0,0.0,0.0,0.0,0.0,1.376444702121084,1.4444965564778838,1.1445622669387736,0.450516126461386,1.4533926387515697,1.2731055666024942,1.3599461672743065,1.7965946511394366,4.3999233996091025,1.4137079459926516
2.0165585816574185,3.398824565069617,2.2502428871454603,1.0248216000792305,1.8770637438079638,0.0,0.0,0.0,0.0,0.0,1.3372613881644062,0.4518131477925314,1.1893773652952804,1.5914533368602453,1.236719236185645,1.105790443558841,3.228215128730688,1.0933232452866755,0.8706201123775074,1.226663826761866
2.614742362247658,0.9934034255237464,2.777284039601899,1.4523699163978911,0.9515836748870814,0.0,0.0,0.0,0.0,0.0,1.3985213141611723,1.7260546702568729,1.2700659198180724,0.6668790695931209,1.8629726668691073,0.8290010884989628,1.2109053802280687,1.3772258144710139,1.4280652565539826,0.9644168289724735
5.862921492787647,5.035614525298297,6.0633714991363465,2.058644319777028,0.3732074811792302,0.0,0.0,0.0,0.0,0.0,1.7979878124732318,1.4679686517253054,0.9471846397616004,0.9740417252991603,1.651579021840386,1.071726350598632,1.33055819109933,1.804920157328736,1.2187623968070629,1.2143866412377118
6.361029928856006,4.10614814508118,3.608223234187632,1.824229236657093,0.9264818791920156,0.0,0.0,0.0,0.0,0.0,1.8297745933399014,1.737114331790947,1.104261787689011,0.8939635057134596,1.6745715346425272,1.0800673035355435,1.16387403990749,1.6200098224738841,0.7806240366928792,1.15161411082781
5.742122184346066,3.5271814298247293,3.667412215964152,2.358320915520789,0.9593175335893447,0.0,0.0,0.0,0.0,0.0,1.9821117650172426,1.706320885564317,1.4609662065497748,0.958559158155297,1.406551644632585,1.0541585697161382,1.0962775224268546,1.0956495958108825,1.5974817493210303,0.8761017825339675
1.570965860174319,0.747322891174423,1.3566487090209562,1.7493635389923459,1.1269811239718392,0.0,0.0,0.0,0.0,0.0,1.1626732481717421,1.4101729057870667,1.6499806506959238,1.7863798125620889,1.8484125512472778,1.1646695845513366,0.4673620120234232,1.1140488002594466,1.1093980444270966,0.9379638144812832
0.5293028018725219,0.4060347253816531,0.28256546801405186,0.31469233796594887,0.407598808512756,0.0,0.0,0.0,0.0,0.0,1.958428181244875,1.7646547451696322,1.808886695845329,1.4953994015771508,1.359872609333693,0.952011846276718,0.9292557192831762,1.0044333994594323,0.9290849795078269,1.2116202841757295
0.30677626761976395,0.17583450029870107,0.3635165203507914,0.16469659121179853,0.03851163552126516,0.0,0.0,0.0,0.0,0.0,1.926826841289133,1.462178323080453,1.2609428130953713,1.2130080939390913,2.027805478572912,1.0191820712876083,0.6557467313128084,1.24905518258682,1.1007398659747067,0.9578440623856793
0.625553716105233,0.4690353732767199,0.1879439916169072,0.2015349445417019,0.30398381397780777,0.0,0.0,0.0,0.0,0.0,1.8065502495461436,1.4466516592671517,0.9179948291072981,1.5612740324450287,1.6936765983372297,0.8923254070850756,1.1435041082567516,0.8703603586544791,0.9113829313193965,1.0208278490425595
115.42730076472257,98.63671140547697,75.75106481009254,54.23605646725822,33.114291080711844,0.0,0.0,0.0,0.0,0.0,0.3957060652405871,0.5814744256392168,0.6034326573990313,0.42347727955762177,0.6459546925903932,4.0568461412581005,2.9597751976054534,2.8372543001419683,2.1638611135238337,0.39840043306225853
10.742427738831665,10.350343643030856,8.920373935471321,6.628373297809626,5.434375623675737,0.0,0.0,0.0,0.0,0.0,1.4588218237452342,1.3263640775667422,1.1624272154168986,1.072815756705965,1.024770052205647,0.9667836483658963,1.0584333933586552,1.1073080534235857,0.8721367302037334,0.5241318754510051
1.1531108073449428,0.7369726891692301,0.777201638900966,0.9230860602009224,0.5027487420015202,0.0,0.0,0.0,0.0,0.0,0.5596652080482843,1.109740230237366,0.9164476890206492,0.6587739899914744,1.544514731167101,1.573099723252842,0.4268715013605214,1.0486513797149546,1.8787591772812613,0.9969675963757891
4.088572792105736,2.8129701546860346,2.3760866902467783,2.8591759028577357,1.1367644538294503,0.0,0.0,0.0,0.0,0.0,0.8776561571333287,1.1652047692417993,0.6886668041473406,0.7558051777788112,0.4584861769783513,0.6437530713506262,1.3796884921705215,1.1390537070885136,1.840293718562253,1.7989795326042026
4.878259314148166,4.34920711958452,3.8741658446908014,3.5789501897262967,2.624049142424125,0.0,0.0,0.0,0.0,0.0,0.9207928421288707,1.0119004299277041,1.0550821659043037,0.9354770133732064,0.9119187924933501,0.6394723877802263,1.1164291385300908,1.174898040174954,0.5481069306616715,0.5992154919721908
2.4468677107157415,1.8052057432238644,1.4341653604287004,1.5144543408892477,0.8808390687429453,0.0,0.0,0.0,0.0,0.0,1.2839901386370784,1.5397422327599686,1.4966840789142217,1.2751424630845956,1.195862655875444,1.0763734356822023,0.9376670909236468,0.9448188129177887,1.0962406572252412,1.214173937730781
0.8773279831890637,0.7079361758653905,0.48835059301578865,0.3162995713805238,0.12772272653506828,0.0,0.0,0.0,0.0,0.0,1.6760264597430388,1.5693377630520868,1.664286383825144,1.5482593273100926,1.1166640795312353,0.8124433353853181,1.0056735564288788,0.89556982663205,0.8098227515731808,1.2777602803296717
0.21225058376201536,0.13315006490785608,0.2754033791798801,0.273290736248219,0.274753123410267,0.0,0.0,0.0,0.0,0.0,1.7489645160674059,1.8022205423855466,1.233908417627296,1.2291664205098705,1.6347530240488837,0.9628460134723892,0.8858173680194656,0.6769735092950913,1.3936119837508512,1.0711392466756255
1.0688238003024166,0.37776505915256137,0.42419242588758943,0.5623105950276892,0.7196021117314315,0.0,0.0,0.0,0.0,0.0,0.8647481075207073,1.4319018011867553,1.6373284433473638,1.1783913152758059,1.7316113699915292,0.3195776026065578,0.8703855373140393,0.9984298210367963,1.7225723626706206,0.9742684662862166
0.19142673218011116,0.06278806011765371,0.041592600971492706,0.038597630714848535,0.0869445869186756,0.0,0.0,0.0,0.0,0.0,1.1716925821150974,1.8609774177315928,1.5954636254943664,1.4675147410482658,1.5097683730915776,1.6695441485982916,1.1132846417960924,0.9775321580315737,1.3224392262093358,0.9200075307378094
3.437822723047275,2.742966099700722,2.0240262589791755,1.517801847574701,1.4570414704632857,0.0,0.0,0.0,0.0,0.0,1.9105706126640833,1.8791982183580556,1.6235078897348032,1.2903028857471626,1.3357158186670246,0.9557636721913698,0.9401180647917806,0.9798035656152816,0.8304379311786875,1.0090293730051314
2.0226134047740447,1.3559763892583656,1.6220350615835943,2.0519294999889124,1.9839719121744537,0.0,0.0,0.0,0.0,0.0,1.0148407291743127,1.4171069638775042,0.5829551649183768,1.1802272030587317,1.7566480775459552,1.4496756691166512,1.4414921820903535,1.3884854889043607,1.2942518753060337,0.9315650075669344
1.3961878948062982,0.5086064321481055,0.6690825665354414,0.8453985583814646,0.8703677516161219,0.0,0.0,0.0,0.0,0.0,0.6357323560050496,1.2661261816170308,1.2461798018272756,1.3797222752719553,2.013753125324418,2.427744132490228,1.3119643077133547,0.8653115259886227,1.030691754176274,1.0010641443326276
0.19060474394538424,0.19095671663060837,0.5389153358844485,0.5978730109222823,0.6491275642573477,0.0,0.0,0.0,0.0,0.0,1.5363265487621114,1.0110708237067325,1.3610227181496106,1.6385229959229148,1.6947694597314233,1.1907848760835136,0.9823141577656034,1.1968241557275279,0.9531586825614654,0.87649279216188
1.555983170153224,1.797591530597845,1.0341377191959131,0.8186733239699858,0.9605844116536341,0.0,0.0,0.0,0.0,0.0,1.2282426035023293,1.0567229216044292,1.3628550553519527,1.3293426463658138,0.9790831000325031,1.6731441917376637,1.4539146742561364,1.466797001053811,1.5567737151028536,1.462161629247136
1.5372733689618865,1.119125826332326,0.8788505342132511,0.6074006548186494,0.5361241211096566,0.0,0.0,0.0,0.0,0.0,1.6144425494566648,1.7605930643508734,1.843254131967804,1.2991317631698642,0.8902088395202772,0.8491297542284626,0.881542220125446,1.0344731413384516,1.505420159206382,1.7021011403328823
16.413761889854065,14.280579877064431,11.356175306812359,8.422718105661474,5.357184656697451,0.0,0.0,0.0,0.0,0.0,1.8043929391720228,1.737875699214598,1.5790273344485148,1.3681966448798826,1.1236708022656132,0.9045959744928199,0.9279094363462531,0.9768565216935384,1.0440435425804133,1.0500602231018172
8.60368687527021,6.523094675023553,5.367644077695515,3.9180528961804306,4.659368316758461,0.0,0.0,0.0,0.0,0.0,1.138891470502493,1.223738306193656,1.4641831590943326,1.5889278097510873,1.4664321377441578,0.6189664272851826,1.069422189262412,1.0296942700814071,0.9758372685848768,1.239759940767873
0.452960909403621,0.1640840823600888,0.3015692923495213,0.4303040517876112,0.13361228258138563,0.0,0.0,0.0,0.0,0.0,1.8666004824994562,1.8228128345702903,1.2740999895404628,1.874190204946708,2.07232597142391,1.0149506207281787,0.8833625894994138,1.0526596858400208,1.1196044779971204,0.9954751955523599
1.6274188777937666,0.8262338369243023,0.5016557159157069,0.23468600206768805,0.4434207373360217,0.0,0.0,0.0,0.0,0.0,1.759910710214565,2.0109774741211663,1.9536788259553808,0.7306336563499978,1.9817549001994526,0.942853418508121,0.933128907702668,0.9390921518156421,2.533344959715616,0.9989461625553857
2.1156617054416538,1.7662507601677635,1.246813291697648,0.7852107975704311,0.6429491087551845,0.0,0.0,0.0,0.0,0.0,1.7358309569444952,1.7049396983789102,1.6476242586374348,1.3183047132289445,0.7212660559685105,0.9310652311124307,0.9102341296076837,0.8758530414167,1.0291264347999027,1.235112441297315
8.847019341058212,6.20903031458454,3.4403452157672505,1.8643559316497076,0.6604027395303443,0.0,0.0,0.0,0.0,0.0,1.864725328651982,1.9709643859260628,1.8478323371298782,1.6689871699950805,1.4556010974662896,0.989060712275076,0.9485801786883252,0.9304827365267384,0.9221500560634351,1.029306872127414
2.527163248436973,2.0716512176960284,0.6672953362044359,0.1190058361066105,1.286201584376282,0.0,0.0,0.0,0.0,0.0,1.4486573891408985,1.298140742274376,1.4578849291498601,1.366677858552189,1.0515070762482013,1.1972431819743201,1.6001257642070694,1.3624006869727703,0.7669007257142254,1.7095860395867677
3.4488339649247926,1.8474132517410755,3.1663719542067246,1.7494866332402874,1.0040982215753849,0.0,0.0,0.0,0.0,0.0,1.7294633456479913,1.7593405185388427,1.6559821271117152,1.5678197408306453,1.6731756126375243,0.9310522186305095,0.9199715127601713,1.0061628152083988,0.9383577570503324,0.9487409230593752
2.2266613819457044,2.87855312818794,2.3942374176565,1.7396943302581171,1.4558514732643726,0.0,0.0,0.0,0.0,0.0,1.7711484438794869,1.1907140264659695,1.095604418648217,1.2703419935650813,0.5288149932279171,0.8901610674957903,1.3192287663263347,0.7382943235480907,0.29082683779005236,2.6689849670016343
10.874822098648142,6.817134331009276,2.6876214451031077,0.9567835014604327,3.106436107203158,0.0,0.0,0.0,0.0,0.0,2.018697888658058,1.9724367969742622,1.8683857290124584,1.3372136706773632,1.7071156999198291,0.9981191054217714,0.9907477118993345,0.9574182931334599,1.0157920685525474,1.1558495842574517
3.3519152340700797,3.160901977891854,4.106217395469391,5.328073199055384,6.3414295383882715,0.0,0.0,0.0,0.0,0.0,1.218618977261759,1.4963167867962879,1.5148798140158697,1.4379107101532624,1.2870356403046632,1.3915247279772969,0.949518497382684,0.7718144559516574,0.8899318077628836,1.003415637630195
0.5322841044869401,0.3887320571034084,0.6499076523315066,1.2807277998847435,1.6248433431092562,0.0,0.0,0.0,0.0,0.0,0.7841504878528991,1.4770078989215063,1.7447198692505406,1.5354554773542526,1.661513191161685,0.4675627430802843,0.6742400355424621,0.9652813182121562,1.2186895043623969,0.8597150865276372
7.984801817214182,2.0531874749685057,4.241039675742298,3.0767548582421558,4.173998337193904,0.0,0.0,0.0,0.0,0.0,1.5427446781866683,1.0870065141673309,1.7244357331692637,2.0013170636591866,1.315415107492271,1.1581055106665574,1.0094200323432574,1.0762508304564293,0.9433495466877552,0.32184517832089
0.029393499061370138,0.012158440143826076,0.027095361937852412,0.06727459024877204,0.036183803241117314,0.0,0.0,0.0,0.0,0.0,1.974991968065062,1.6488896307081071,1.6198369094470129,1.4801463238450678,1.5641745297723602,1.0245975223491355,1.0034911582751689,1.1926988033831434,1.1124241249728068,0.8753114197537875
1.0030985698360024,0.41966177191057197,0.09512388140864106,0.11122022062598098,0.5498132008476181,0.0,0.0,0.0,0.0,0.0,1.6556414977293779,1.8440386196057124,1.93949893957601,1.5572156694758013,1.8212592896634152,0.882222408772417,0.9051805734225774,1.0750505265284291,0.8326477834422811,0.9193392003428461
0.4428361380329321,0.23246828190005023,0.2577569224561756,0.20334438015666295,0.20962286890036425,0.0,0.0,0.0,0.0,0.0,0.5708620852421459,0.8773551423001683,1.2996214723336477,1.0260142810132413,1.5998520150444033,2.2401997084699388,0.7928640297202153,1.3146490251882665,1.4162662182736274,1.0186182627134985
0.0,0.0,0.0,0.0,0.0,0.0,0.0,0.0,0.0,0.0,0.0,0.0,0.0,0.0,0.0,0.0,0.0,0.0,0.0,0.0
3.2745268649975685,1.6470489124768068,0.5447177970806015,1.4239375592739898,2.9034061073210395,0.0,0.0,0.0,0.0,0.0,1.0152226948218308,1.5469291861648058,1.4843697430959875,0.86928389697501,1.2190037745108164,1.763266371775598,1.181710730353524,1.1011179205516795,2.399088857295165,1.6372968169133986
5.418060213239531,1.6404451107070575,1.8548886755718932,2.767352911680289,3.39951573113996,0.0,0.0,0.0,0.0,0.0,1.2488393356827276,1.7107012473632166,1.6175771332222508,1.1607701800893349,1.7580041301853104,0.9487936919322,1.1539960163059324,0.94163511942443,1.2112307929019492,1.1288371761178595
9.245555328837959,4.455380023935025,3.4912228745439235,4.921092988210264,2.91923390818559,0.0,0.0,0.0,0.0,0.0,1.3809976870115739,1.5353094302844927,1.203783631528861,1.0383772579717314,1.491640922193811,0.4348386275122897,0.8694716068449795,1.3946376996158572,1.8471521163799334,1.2350964225728855
4.134923545294166,1.7883641082280266,0.8787311421702672,3.5189974052820503,1.860626072781288,0.0,0.0,0.0,0.0,0.0,0.9443810019213744,1.6982937652324728,1.3020608282494845,0.9964174629149708,1.5883929937568169,2.074458544083437,1.1158546535705078,0.6718996391052644,1.6741004410657423,1.0512847844795354
3.0393708805569113,2.306838954663618,1.5676404853612271,1.194567485007719,2.742410561487831,0.0,0.0,0.0,0.0,0.0,1.3583458920870095,1.6467361509777831,1.7463251321174793,1.7724172892264882,1.9363452376588899,0.40515089364705414,0.9510242472709584,0.9382032088263274,1.1861156038710308,1.042854869782612
0.9658949196535239,0.9245326144619594,0.6621630687879065,0.3744881228450246,1.0981493579045918,0.0,0.0,0.0,0.0,0.0,1.3209396877018875,1.7367637201477755,1.8210567930679509,1.5619848939313037,1.8803762503186003,0.10347984756940544,1.0158663688422935,0.9501955679660768,1.3333643840104903,1.0520772861368068
1.2900422853778446,0.965645929761348,0.5140910899257298,0.6473027417158648,0.567184388396361,0.0,0.0,0.0,0.0,0.0,1.4315361110816525,1.503242831513443,1.5497831645562095,1.2683638035009734,1.2491230957520372,0.9290405821635513,0.7577840456723623,0.8255696626398823,1.597410227530899,1.6406190629966073
0.6225441358131526,0.5531841886219554,0.21280072310767686,0.3265291727101315,0.5823310308096937,0.0,0.0,0.0,0.0,0.0,1.7422580003302683,1.3576645591810832,1.5343020200084123,1.6375361887147324,1.5673628681851621,1.173981192723808,1.5208238965798349,1.1107135894987366,0.976255653006731,1.095505920025802
2.7643950708473644,1.1452981440084096,0.4993557307045293,1.988589891023981,0.5109440784668607,0.0,0.0,0.0,0.0,0.0,0.7462298939844755,1.3237242570814316,1.1546601029807546,0.5629129988382789,1.400164989015074,2.734973805283082,0.6564139215691253,0.625244666016109,2.971608447383459,1.456086503661969
4.611599279029979,1.5277305293816648,1.2015715339723996,2.0224291456656607,1.5105659262528492,0.0,0.0,0.0,0.0,0.0,1.7855525440121045,1.4874352663534294,1.4558556416165425,1.7702139525364033,1.7305260248559906,1.0893747699141847,1.0723240522818067,1.0718645692284725,1.1410971466403612,1.1544688457114967
1.4018767592981274,0.8376696467877871,1.0557773934700905,0.8224820667063379,0.7639601348127709,0.0,0.0,0.0,0.0,0.0,1.7692207261135435,1.340518580659349,1.7576023142490582,1.1023934166095124,0.9114701254777461,0.9709158376762707,0.5119462596372178,0.8532893942865374,1.8780595160653362,0.553559119008441
0.2350192972523532,0.06802018326443215,0.167712521914994,0.043375021419005275,0.15092742095683614,0.0,0.0,0.0,0.0,0.0,1.586158339015626,1.723888491822679,1.7264043620871534,0.8961917498890062,1.5751271654301895,1.243726881782627,0.9333437953120108,0.98931630823535,1.6833794111748528,0.993780126268992
1.0971412529852742,1.0398251100036053,0.14457240001734958,1.4657950826303985,0.41940780151228363,0.0,0.0,0.0,0.0,0.0,1.0337683569454763,1.2438730937625166,1.1888303191047573,0.7143819287546779,1.9752972098486887,1.8701944668100723,0.45501318012312886,0.4711801967582447,2.228123134905344,1.0185918735874475
0.9986708525174498,0.702332848933354,0.36955862297297626,0.3799902370424404,0.17831551458356482,0.0,0.0,0.0,0.0,0.0,1.6855224488062683,1.3566228911033504,1.9323015998685833,1.7117516222934162,1.6320708037214613,0.9639143112795606,0.8678782806540104,0.9100199451779267,1.2315431303156037,1.1899484380621903
1.4779565378939545,0.9029864119716887,0.729102954035142,0.8175909988173571,1.188606947205035,0.0,0.0,0.0,0.0,0.0,1.7034162389468046,1.3357732104813376,1.7285529663789068,1.5523793916763917,1.3610790882715378,1.053972875215131,0.4794557465593675,0.826619272106696,1.3571587346529446,1.307962592533153
7.630864216109417,1.5759812233676882,1.5440743468554596,3.684169392285348,2.8711357734297938,0.0,0.0,0.0,0.0,0.0,0.9020278793101059,1.4508895681536378,2.0675435181718695,0.49646792615420604,1.7235550510492816,1.7336883279044442,1.3038296427435914,0.9630135815156232,1.8140697030823902,0.8654939056361798
1.801811853433117,0.7078799766808687,0.2079082203755728,1.4949922934380044,0.556862147912415,0.0,0.0,0.0,0.0,0.0,0.5319434793539495,1.1932942328805936,2.005446447394576,0.6865041597587376,1.6200483379676023,2.5638026509240723,0.9781977699526865,1.0159675602722655,1.8292622695700056,0.7874237030475295
2.1121955022555996,1.032148506824067,0.6326841016840562,0.7700560528264064,0.5346199232057506,0.0,0.0,0.0,0.0,0.0,1.5390503060129896,1.6539127727868,1.9196096152388948,2.0765019706116066,1.6564676124867364,0.9328535667581184,0.865420022258409,0.9270005865127177,0.9669552882889058,1.2479058650651413
2.330006067232615,1.534403599442864,1.3342263717885985,1.6099666236998686,0.7074160585989625,0.0,0.0,0.0,0.0,0.0,1.8823140432943757,1.7387138501281245,1.6640716982960853,0.6756415885539692,0.7348868974885897,0.9297665399538876,0.922730759704389,1.0060512568957178,1.8790029595746456,1.4549062887304816
13.981994153668584,8.316954915046185,8.438303591932094,8.09623727719062,9.243351625451902,0.0,0.0,0.0,0.0,0.0,1.3846953560228064,1.7014351197693667,1.6858261966040264,1.2894006163768654,1.8188635310478356,0.305945413687949,0.984384821966433,0.9747903559126627,1.6301106008066044,1.1196449112116345
0.9634010823810074,0.9107512799483803,0.43994827727638086,0.2953863319639972,0.3960575648512693,0.0,0.0,0.0,0.0,0.0,1.882429703071743,1.637979640527708,1.538876822571386,0.5178748396805981,0.7614941645898397,0.9329660003170124,0.9041679663052807,0.7456644596583225,2.02846503955237,1.715195816522642
0.7103883365037713,0.2213903277221163,0.048160214186126496,0.18640965584386143,0.47098239716623036,0.0,0.0,0.0,0.0,0.0,1.7450312766707357,1.797742407640329,0.5255899567100024,2.0158073368385905,1.982133291256752,1.1414359236291698,1.1523486007881685,3.2434415097184592,1.0401613535712062,1.0524378017768747
0.7802602060912409,0.6534715679134819,0.1094368322411702,0.07003953248368264,0.2741764029141359,0.0,0.0,0.0,0.0,0.0,1.656596577443692,1.3176003669790213,1.3868154561569819,0.9654741340727858,1.5786802229909054,0.9998425539088281,1.0685310627784128,0.8498382637959376,1.2350384926983795,0.9000320585906404
1.6607784105869938,1.1724503981836019,0.5305315617001981,0.1795615495035486,0.05899602419255593,0.0,0.0,0.0,0.0,0.0,1.7504096731859968,1.7266410285938913,1.765290717310345,1.560922637113954,0.6312453118216503,0.9782108103252092,0.9611379554099738,0.8811826674745612,0.8296644641081535,2.510809370894721
1.721729484399802,1.0170661771476808,0.8791837803843865,0.7803804554079553,0.26864521168349886,0.0,0.0,0.0,0.0,0.0,1.4294042173846109,1.277871490165831,0.7859769235363296,1.183172096504713,1.2829205088013904,0.7701026885436527,0.6989636973782548,2.160685522638731,1.1882890152257082,1.4256945159042693
1.2591929472297212,0.7987778365305582,0.36522495312516834,0.33840352731066875,0.0913350909152006,0.0,0.0,0.0,0.0,0.0,1.7129021932435662,1.8446709496782865,1.8468647713630537,1.318636869416482,1.3517839489775583,0.9948452639881628,0.9645088099369105,0.9182826944811172,0.5926462811947414,1.5282656356459394
3.73425262922943,1.739807029051588,1.0253744819265473,1.027957217338121,0.6022585714117288,0.0,0.0,0.0,0.0,0.0,1.4120122486733333,1.756626726273379,1.8996956079704432,1.8002680489667215,1.3290690864583774,0.9648243926895013,0.9298756485591881,0.9078373737252146,0.9933888828948806,1.3073100049849715
0.17543729177763187,0.05887318606126184,0.1010597053713728,0.041891207347049084,0.07440748117288161,0.0,0.0,0.0,0.0,0.0,1.3644149718930672,1.1934482901874546,1.840775531329236,0.5443910250269731,1.8348010322980097,1.2660591399679906,1.751354758470924,1.0934428723657605,2.688453161123721,0.8889948787365631
2.5862053611372913,1.7211557469750693,1.5449086910596086,2.067658308048135,0.8959378208271275,0.0,0.0,0.0,0.0,0.0,1.5563282603387878,1.3535057448520207,1.4660203043566764,0.7909283830079983,0.642764088463197,1.1128317236940715,0.3653518913097968,0.7710254766636743,2.5472147980252116,3.225781376856702
2.8069432575227604,2.131069175938629,0.5294407990073131,1.320256941742986,2.8086081714824735,0.0,0.0,0.0,0.0,0.0,1.4858588907139687,1.487838863262022,1.8323077984709584,1.548190608658241,1.301586269625574,0.8055720839297578,0.8441392721075756,0.9042838682113988,1.2806776483562194,1.0195202148600362
0.19800725152853554,0.16729250976564894,0.13988097830846483,0.06456030018255395,0.0913869672412391,0.0,0.0,0.0,0.0,0.0,1.594333800636644,1.603511842477997,1.5899554099237236,1.7002164917771887,1.7223916645088009,0.8071411318406067,0.8633427667100958,0.983573765134188,0.8646136240561949,1.0963606940281316
5.433316798382501,1.278820139061685,0.7674102901988835,2.2585678883757394,2.7588628252977294,0.0,0.0,0.0,0.0,0.0,1.2016912915285254,1.1918901227288554,2.0836609161361657,1.4457442056093857,1.4006015038893038,1.2940134963579253,1.3775124581947515,0.9599380568215967,1.387918538549235,0.9020849937584687
4.4965491964660815,1.7522212687380816,1.9084935379710253,1.9588856319078474,1.8806155672357452,0.0,0.0,0.0,0.0,0.0,1.6040730276734512,1.7819076544377082,1.7661946226139815,0.7864402865984561,0.9199119038332583,1.019398168152191,1.0533861469440884,1.0801879858515488,2.1406786716295163,1.7370524174973259
6.171155572957597,1.5218966697537584,2.3068060176176024,3.0541593091539583,3.184757018445872,0.0,0.0,0.0,0.0,0.0,1.8393862169727604,1.3454872622518883,1.4289089099658963,1.129952434886862,1.5468909628148604,1.018564703486628,0.6752283742380434,1.1138904391805988,1.8349334826704427,1.2633908403280418
15.196946272817817,4.27144763299331,4.995938897666605,6.82612969957872,8.009527495988241,0.0,0.0,0.0,0.0,0.0,1.7546295713676268,1.4030147705913563,1.553374917872059,1.3488810840552874,1.5653846461234053,1.0159192586213528,0.7833242963548089,1.1729741971140557,1.5568083727008557,1.1739795084391063
16.658384506161596,12.830282372539404,8.857545489489977,5.153909275029933,3.136315908986332,0.0,0.0,0.0,0.0,0.0,1.5320958317028044,1.5072580220582716,1.594156155518146,1.761296037524194,1.8496365447177319,0.8812946758703295,0.806164137594718,0.8222966734604188,0.9029576944781617,1.0373288190429606
6.078616219951953,2.192434750428494,1.5280106715241961,2.1399480235922868,3.1180220222336588,0.0,0.0,0.0,0.0,0.0,1.6654553977500792,1.4422956425515459,1.7808973533749188,1.61492249077756,1.6453357439628065,1.0230121256180387,0.7399816080715849,1.0230354923543656,1.2736718956985718,1.1583553176631745
3.2690094209365705,1.171416592036329,1.1165274697515977,2.212081127045894,3.329321105102147,0.0,0.0,0.0,0.0,0.0,1.5081929985400142,1.0606888075265677,1.164913925155599,1.3852915669395538,1.5282053281839947,1.176195832202758,1.0471235654801805,1.7761957179891212,1.371591317983083,1.1173681081868105
2.7911013730606578,1.1565136117511945,0.5986477045585847,0.7638260837625028,1.3429040154655676,0.0,0.0,0.0,0.0,0.0,1.312277158829262,1.5788285807273819,1.731330731192007,1.5907311412201306,1.5940111847351663,0.7196500475228101,0.9077613405226651,0.9987625663507745,1.2660106473692372,1.1161569003845606
3.0986397082375925,1.6003368428936433,1.200458199022433,1.857089932526072,2.317755332325059,0.0,0.0,0.0,0.0,0.0,0.7356145014745106,0.6449891980218257,0.9900524678056182,1.004477300307283,1.149817710858439,2.1943144450518712,2.7915346620755686,1.768908337126623,0.9243369905972242,0.7409202778621461
5.9290913872179996,2.869275625966231,1.6871673628564483,1.502960476998839,2.106316723871239,0.0,0.0,0.0,0.0,0.0,1.6838353170803078,1.4599687907863717,1.4635420344711576,1.647302194942809,1.994565246938827,1.0444870483905249,0.8650377050198707,0.6829261324329152,1.1500456448220553,1.0556292114051515
5.898499922648622,2.635684655141849,1.7597534833602198,2.1184106980486574,2.5966849814914066,0.0,0.0,0.0,0.0,0.0,1.266210405395628,1.4768196141347387,1.6767380533023952,1.49136605019278,1.574975284621397,0.6146649503414164,0.9154735283789238,1.0026438350071138,1.2249653303685677,1.1720070094185362
3.11948892261284,1.6222654115745196,1.1575110062087062,1.0960941342891906,1.4118392416593881,0.0,0.0,0.0,0.0,0.0,1.6315621160930531,1.5080072448969015,1.7523444603131384,1.8742024305734595,1.6186176267910264,0.9645200897643246,0.8162741933884865,1.010076957743944,1.1174356666189604,1.1403635320072742
3.276158017888652,2.385060988254555,1.588749742503389,1.208536183141565,0.8958968939628111,0.0,0.0,0.0,0.0,0.0,1.2216645106888633,1.304951229754943,1.304182798630276,1.2751505868679134,1.4795969775824267,0.7171658578285941,0.7876977789098554,1.0945013608253342,1.4161321766919244,1.3154031373757493
3.924794869199218,2.078497134818931,0.9906228119574443,0.7619023574671918,0.8515357049149429,0.0,0.0,0.0,0.0,0.0,1.5548392339685988,1.4267571669609143,1.6128096570174844,2.070859591397918,1.9654969589707665,0.9734079669842028,0.8186894951670418,0.9540556489694779,0.9876773879350662,1.0688664251106539
1.7210526600815463,0.5159034023434418,0.27985758541849604,0.4354688089085772,0.4744490576584699,0.0,0.0,0.0,0.0,0.0,1.2492914541235087,1.6684094221516317,1.8686605720949285,1.6976449226818038,1.5640236886902523,0.8858763314708726,0.9200249182046808,1.0175247558796967,1.2362482695253272,1.0940369194877635
2.3632824345476746,0.8246240750686669,1.1725420405160967,1.453249566774749,1.6482793775091715,0.0,0.0,0.0,0.0,0.0,1.666953804987119,1.2952558722238554,1.415859299558667,1.2132271246536925,1.3829770525259188,1.0404254619288806,0.9301646596260829,1.35808913225583,1.6869766979900296,1.128677330224492
7.6092400371357956,5.9123111434045965,3.9260920860145747,2.5678207311527657,1.8592921195022551,0.0,0.0,0.0,0.0,0.0,1.3573144831772828,1.3905747647592732,1.434709710789395,1.4765152298377173,1.5180382293463102,0.6728557887827132,0.7647508121398447,0.9508706537421004,1.1252372548660625,1.2839123888655462
4.945829315160868,4.247785872245529,3.123879749198081,1.9482260744415067,1.4562914539261174,0.0,0.0,0.0,0.0,0.0,1.5270574402191393,1.4803473597197063,1.502076724697501,1.5034488317892212,1.0982879899517224,0.8058338956562512,0.9160289566159897,0.9319529085928991,0.9715242363746318,1.4956390123072498
1.8215445123954275,0.4532629439873321,0.48869631269441066,0.5800814440181132,0.7311065819621587,0.0,0.0,0.0,0.0,0.0,1.2377044683341931,1.6410097007376458,1.7320928412060301,1.2425719563695121,1.6271599743054654,0.33554393707235514,0.9604632048991201,0.9179777263744987,1.5139461485341141,1.1733392753729994
3.81857197780448,2.0264788404174015,1.3138980415815837,1.2534404873005598,1.8937208571772675,0.0,0.0,0.0,0.0,0.0,1.3490077160183263,1.5407984080669308,1.672446645554807,1.6763917525433334,1.699340900087617,0.6307320136012207,0.8924961147978742,1.0068013099372186,1.163018268474109,1.1385895328169489
25.105188930054354,10.475200523262604,9.054745835568092,11.53377885685164,13.381042242986798,0.0,0.0,0.0,0.0,0.0,1.6122295373398907,1.4241220517114868,1.5625875359494483,1.493926437850383,1.6000725338995931,1.0263140485061946,0.8873988433661996,1.197443064784565,1.3871407188518303,1.1915024429018115
3.563915010468243,2.1364875004056345,1.067776917818483,0.7540137694978556,0.708316026583342,0.0,0.0,0.0,0.0,0.0,1.5126196222432968,1.6337261656288156,1.902897642729571,1.987094103333112,1.5506383374078065,0.811087477121435,0.8454481083732515,0.9297267668432195,1.0323172670547347,1.228791713181134
2.4119025954771294,1.510312067435955,0.6978854881703647,0.7759087958844791,1.4383036688519502,0.0,0.0,0.0,0.0,0.0,2.0209289537760973,2.019598509308367,1.8633494994205118,1.4700474844829252,1.5362337048118655,1.0107075171298612,0.9879247809901438,0.9313248071117207,0.8279952674365553,1.0692600197875948
2.0454173844544217,1.00974495320488,0.9028696634933876,0.98082496981194,0.922913390060504,0.0,0.0,0.0,0.0,0.0,1.270262688515788,1.0288549261354594,1.048036677730816,0.8561318680674053,1.2959244441069775,1.2862479297904321,1.6511897510831788,1.9909367340262099,1.9564309637986443,0.9260010583870291
0.32153605791057815,0.13074522535989713,0.062697727206139,0.03987298089329613,0.14312036968359965,0.0,0.0,0.0,0.0,0.0,1.1773733274904277,1.0512213524210825,1.7245741102655754,0.42759116298531286,0.8492336052989183,1.2909011303529125,1.9727472281242924,1.1111960198057618,3.771943564381864,1.9880883189372247
2.138333196952347,0.23987057646034343,0.9025125794703766,1.6168359447710732,1.43228393265209,0.0,0.0,0.0,0.0,0.0,1.95561013161274,1.4319651449019002,1.1022661179547435,0.6541410398022485,1.2032368224844912,0.9812820569467146,1.3149022603275258,1.3632375567786397,2.998755434361718,1.5668453303505865
0.48809945358373474,0.388176267242043,0.3453426404401908,0.2751346479821927,0.1668760527207663,0.0,0.0,0.0,0.0,0.0,0.7278683756387535,0.9247968592377273,0.8407578729037499,0.9702137393822712,1.2162147875598386,1.4801099160582103,0.8393300454098264,1.201875968146129,1.3596619263131877,0.4254282634161882
0.8091232675545138,0.7519384005011831,0.40868465361375267,0.36698699161413356,0.542472547554268,0.0,0.0,0.0,0.0,0.0,0.9711445453918108,0.7189206134230253,1.1805520229460917,1.1623054553718284,0.6447908199552551,1.165055269031153,2.8314227760433517,1.595783907719387,0.24793252798637275,1.7445493578097762
0.2379862608480554,0.21417399002866913,0.10063771649910924,0.10716148616621764,0.18466358522931575,0.0,0.0,0.0,0.0,0.0,1.416390056685,1.5482824758312286,0.7059446542583621,1.7810350603439626,1.44686930967596,1.2249170155157563,1.026680638584755,2.3230218047505824,0.9783368300755638,0.8995669822051167
5.297772828333501,2.3117174513136796,1.3988945421176755,2.31378789438707,2.43613247488281,0.0,0.0,0.0,0.0,0.0,1.5745799526633946,1.4152452790344814,1.9443428151707312,1.9374303161968605,1.8610320168312455,1.0304775553365113,0.599857918707577,0.9729879330566099,1.0534534290167703,1.0720846815285214
9.198001489277189,4.609244393429165,3.614509070817699,4.649800608901761,5.542397001705942,0.0,0.0,0.0,0.0,0.0,1.4928068738403637,1.2504408918227385,1.390458261157364,1.340211459906103,1.363992114049468,1.0877039417169636,1.1482238720679574,1.453839321204306,1.491845823515287,1.0746363614920522
0.338314038822103,0.23769694669818237,0.11277271163707556,0.14082891165376715,0.11484172787455804,0.0,0.0,0.0,0.0,0.0,1.752370603673096,1.7061249594444146,1.0976527027437422,0.7648563183211547,1.865123785128229,1.043203343101929,0.8514136457958547,0.9412586624832386,2.6567050579598903,1.063785007671684
1.7124347105858788,1.2033892192553,1.2530652113282215,1.4366943967699617,1.2887406307200227,0.0,0.0,0.0,0.0,0.0,1.3184638203617667,1.3316684615706607,1.1987499617637405,1.0038532147795993,1.0225981769805834,1.351872671631085,1.0844904344446074,1.0064360145195788,0.6818951601885609,0.4087047250270608
0.0,0.0,0.0,0.0,0.0,0.0,0.0,0.0,0.0,0.0,0.0,0.0,0.0,0.0,0.0,0.0,0.0,0.0,0.0,0.0
0.33627184652087866,0.21187782692354337,0.1762628522988457,0.265484228193576,0.19726121344742387,0.0,0.0,0.0,0.0,0.0,1.7003936571799627,1.6798011617990716,1.3808682821559979,1.510919794503161,1.683338427971732,1.0227078585314002,0.9932442228394172,0.33257451165666063,1.23304878912569,1.0590126041981203
3.3126554286778704,3.404445217772003,3.7595249132403423,2.4439084868175716,2.105116000768059,0.0,0.0,0.0,0.0,0.0,1.5392207062263512,1.7493144207544327,1.8025443963300507,1.9893209395027385,1.992981647633876,0.8490628373162606,0.9126793045422606,0.9434770645949914,0.9925771047273962,1.0033198771737384
3.269314728847668,2.4487811444794785,1.5089653783283452,1.0451613467331233,1.6249522238576781,0.0,0.0,0.0,0.0,0.0,1.455311408662119,1.5614334293421914,1.7489706629557091,1.905466828966813,1.6906128978883734,0.6517667623012506,0.8337421389648333,0.9343006257668071,1.036495922658135,1.230614905041231
5.109715913084985,5.3984385876985765,3.954500722518798,1.9642620503834407,0.5067271274170767,0.0,0.0,0.0,0.0,0.0,1.947255733835444,1.739479414576551,1.6455499660992408,1.8532795591459068,1.688592784456862,0.9502957860750254,0.987360996091051,1.0116906477591296,0.9073996625247386,0.8764552079293014
0.3690726511219639,0.6338018668100494,0.7256244716980842,0.26667257462368993,0.6624106992312931,0.0,0.0,0.0,0.0,0.0,1.4223480066008203,1.3330301520754746,1.3286010165834108,1.939668683849574,1.690829571702598,0.7658176858372059,1.2423670296001548,1.1751663398745629,1.0759523372545812,1.1704863779336079
0.03474315328391166,0.3861739972923591,0.4815388896665156,0.3438176480306169,0.333398576759511,0.0,0.0,0.0,0.0,0.0,1.9313601240396088,1.2311680753414875,0.3888319004052777,1.9124648936135238,1.8935461422827924,1.0370680116183921,1.5412267326191715,4.166062636084026,1.0529556249828627,1.110717338117244
1.765403679315795,2.1611267150222333,1.937542131170995,1.2413512171633685,0.9508861358174073,0.0,0.0,0.0,0.0,0.0,1.8037085165567153,1.7380267133455145,1.642395102688809,1.9061770357465448,2.0780888485400064,0.9302534759331793,0.9317097264049922,1.0004763423915348,0.9660312197080214,0.9335500111092014
0.2625159293695264,0.9745566038494162,1.3303703809644831,0.743870869047543,0.14638998969515893,0.0,0.0,0.0,0.0,0.0,1.4246525666201044,0.9557655346910825,0.3748589204659746,1.6918697833242913,1.7607239524311527,1.098175265940575,1.5571151595986576,4.500563141895161,1.1057075356640276,1.1907110474437617
0.13331025195347498,0.13967217021891667,0.05622429524575902,0.03209115843029013,0.04999013660192089,0.0,0.0,0.0,0.0,0.0,1.7528071737485058,1.394819079475684,1.2715548340389036,1.5836380384337712,1.5592263371690405,1.1181516784411882,1.4719723529501918,1.5315318406756662,0.9886160562752314,1.1348442098706024
1.0372324154924861,0.5438596046298747,0.7770234550855815,0.4038984371253351,0.4959042963344631,0.0,0.0,0.0,0.0,0.0,1.699760437172227,1.253433208371417,0.9349469748258392,1.1914791709150414,1.4269121884127167,1.154255046526191,1.104875949669522,1.732371333933722,0.8286254028749547,0.42615297080959336
0.48480216682041455,0.310471428256388,0.5629470620983624,0.6173050866889519,0.7759365476627024,0.0,0.0,0.0,0.0,0.0,1.141354681928148,1.2141772727598428,1.073384023219996,1.7356729622111606,1.7623730938776192,1.2926180784176082,1.4911259085779127,1.4709276382275087,1.1683853822432988,1.173448121794333
0.7091353515672733,0.5881512640550263,1.3451335191044478,1.3322233938599108,1.548355097581868,0.0,0.0,0.0,0.0,0.0,1.3525338943853822,1.719863218373436,0.38240310768508207,1.7501189060436535,2.023076714663811,1.4599228781136462,1.1767574756174561,4.379429523345098,1.1187329506652726,1.0260701429249042
1.4577266623265865,1.0812297135018158,0.875200327185012,0.6095717837789114,0.44166845920525155,0.0,0.0,0.0,0.0,0.0,1.964665245348066,1.8506380022041358,1.51116115143524,1.4053388808225706,1.3570928273848004,1.0359689199677764,1.0410564297711709,1.170886480375193,0.9668822406083619,0.33811067475894035
0.8212126131790052,0.5583738619580269,0.5223519576489988,0.39497493754459495,0.3140474699923759,0.0,0.0,0.0,0.0,0.0,1.8374032533742597,1.60489108137488,0.9819685747280932,1.1204037385887717,1.4517027850305462,1.070391748308723,1.186324556886527,1.518666361821114,0.11878541728362423,1.0522336935147927
1.4026360172869243,2.401915034337911,5.172609590501736,1.9693264848341747,2.7499928933254703,0.0,0.0,0.0,0.0,0.0,1.7431806768842535,0.19265460599554537,0.6918151752420214,1.6838799536111102,1.3688645267258595,0.8865196130684515,9.451271048209499,2.713869067920741,1.2497285528848976,1.2545182851519907
0.917731509351532,0.5196919511047342,0.28978283046788633,0.14169964811332222,0.16838267117869896,0.0,0.0,0.0,0.0,0.0,1.7567583719464066,1.706295391316861,1.2908869684823014,0.896299582068079,1.874187122138231,0.9046591070473011,0.8525420022505433,0.9771207172483649,1.635244962614806,0.9460913650908441
1.0679004415504705,1.4326115329553815,1.656088708255289,0.8209159452070185,0.2605607480563781,0.0,0.0,0.0,0.0,0.0,1.622517955518154,1.116875156106192,0.5248691283173459,1.209822550023281,1.8843633804189146,0.8393765688201357,1.3050104235614914,2.391301964450595,1.5769900932277927,1.0949725580240919
0.3336795088616442,0.6475154762144782,1.0367511946173391,0.3256952828405961,0.35792017141299987,0.0,0.0,0.0,0.0,0.0,1.5200082495721867,0.4591005259237134,0.45615537909198084,1.4295639291863491,1.2512825073812286,0.723511560674517,2.6471190326394534,4.254217186372354,1.422121898638168,1.230672686539079
0.06963208970468325,0.047774452483638465,0.04282796532395224,0.06007986773395457,0.04844303840354937,0.0,0.0,0.0,0.0,0.0,1.3613066245278236,1.366937502159655,1.6849539894048693,1.7846272958808755,1.7512728866364842,0.6715401834084048,0.8969874317292266,1.0636987781604421,1.0667337804604955,1.1755396736156902
0.3125305210759639,0.5386072293253698,0.17714387164435585,0.18060703892482594,0.019348139059504138,0.0,0.0,0.0,0.0,0.0,0.9203343444512002,0.34606551625429877,1.1006277715216466,1.3237524450250566,1.427924089991038,1.5395282653241766,5.529387607067374,1.6205906512147603,0.7073112269351404,0.8741388363169666
2.110548794888841,8.628556672148559,6.990502170006742,6.293910280391,4.857031107910155,0.0,0.0,0.0,0.0,0.0,1.2109961275766619,1.0322980225025316,0.47743482439519286,1.7192923550773151,1.7657178211047189,1.639110360477738,1.7430604375611751,1.4344966683064464,1.1632933070939893,1.1160392539473196
0.9872600240045812,0.7417081356126839,0.5706047812311075,0.23469016390192574,0.38205345732255874,0.0,0.0,0.0,0.0,0.0,1.824869134784766,1.7515776815158333,1.2516702151514034,1.216131751483397,1.9226566590288097,0.9232636562961707,0.9667792649078635,1.219811569631596,1.1923221178571997,1.0827219724998696
1.6009540170773622,1.1111007905558865,0.3433434744221525,0.2214984143264306,1.0078531215034232,0.0,0.0,0.0,0.0,0.0,1.2541869087487238,0.9321991185572256,0.7098487534650929,1.2072199014658354,1.3463528122445363,0.8422053151820642,1.2021203729351504,0.5347722442535741,1.1037999413202064,0.5854805594021149
0.1178385667620487,4.264136532981122,4.690106587028339,3.956551081418856,2.342501541078174,0.0,0.0,0.0,0.0,0.0,1.8580877239826226,1.2056825986712878,0.7289247357176554,1.8547551853715514,2.014486940050109,1.0225639451829414,1.3494197397405654,2.3403680254694836,1.0897216551918445,1.0052435039198182
0.4612578798748011,0.28431023370953834,0.39669887048189667,0.2481685866318068,0.7597782350311593,0.0,0.0,0.0,0.0,0.0,1.581318938946551,1.9100175337995187,1.3299931176752529,1.8010787298237134,1.5699594408997786,0.8818056779606027,0.9430320951874721,1.2723322951763372,1.0993831734428392,1.3285475446985653
4.0426564805396,3.6071373755537954,2.9670525950753297,1.534597664038851,1.4757128554171557,0.0,0.0,0.0,0.0,0.0,1.707929413271055,1.2086445090012348,0.8351501151221046,1.022985904523576,1.3237445244531227,1.1778924593763664,1.447966705609503,1.985457112020093,0.3463171743398542,0.596229589442333
1.0191508057994023,1.1712257429253516,1.5891203809005068,1.0445338733506409,0.3122958433809294,0.0,0.0,0.0,0.0,0.0,1.5417111645537307,0.9135077442818023,0.7609170082795265,1.3965558501920938,1.5540377827167269,0.9824544508673199,1.5349407457164008,1.8281129246293977,0.8859961759201541,0.9431397634099344
0.4607333161282298,0.34484255891472176,0.4811745489356468,0.020153214193439153,0.6455625085134871,0.0,0.0,0.0,0.0,0.0,1.6754042014897443,1.6725428603223231,1.4734458946704008,1.6452409599871536,1.2426120565922016,0.8671862236790087,0.9879616580538474,1.0536687975123218,1.161646590634851,1.3400244895006264
0.564273430406044,2.8922352356991476,2.741628672559739,1.0321598103505736,1.2278945938266237,0.0,0.0,0.0,0.0,0.0,1.517722210412645,0.3165322240025022,1.0326246139481223,1.3880550682510033,1.9605688536008636,1.00050742513789,6.27889981979344,1.3966898210847036,0.7374556762278763,1.0131979012951475
0.2945763174223926,0.35228735274164913,0.1749025857656667,0.08756579245908098,0.028723230723859138,0.0,0.0,0.0,0.0,0.0,1.9290272031441842,1.5620082156435071,1.6949917906755987,1.4175010476758605,1.4616443346008658,0.9612716796602089,1.0579311589106801,0.954819905636647,1.2494976576642778,0.6225830058002209
0.7195223732443904,1.4766814658000627,1.8640062589672002,0.22989451702800845,0.95611723170421,0.0,0.0,0.0,0.0,0.0,2.0504780477079367,0.9859184147944027,1.4157361112221194,1.6241432966357543,1.6357576512055718,0.9794693336562363,1.6768225520586997,1.1524455991651124,0.8971910194437716,1.0578882456906864
0.08322610796019102,0.06631674816347988,0.041704527431378986,0.043476998637856604,0.04577272905718294,0.0,0.0,0.0,0.0,0.0,1.6533610534076262,1.8071349157930303,1.904003300989307,1.8331073751210576,2.039780309202193,0.9753508316689886,1.067258278385149,1.0051544806909072,1.0416940084325454,0.9880829954923537
0.5890434752359723,0.44881205525434253,0.41278256135071095,0.40504333331036435,0.3014198795751245,0.0,0.0,0.0,0.0,0.0,1.6558424993396965,1.4556795774436717,1.0351461731269753,0.9957109824103992,1.5084385608830468,1.0127611030946044,0.9757433431387769,0.32821245097559615,1.9008179244480272,1.3945694892164404
7.617023450163994,5.230129960708469,2.5049039963109996,1.862866707373995,2.1605554618599303,0.0,0.0,0.0,0.0,0.0,1.3392967100689568,1.6244968607780033,1.638883701468568,1.34568181968839,1.6903631447255876,1.5084466680968094,1.2914203128461796,1.2639839122665524,1.0256761995163233,1.0546967777541434
3.13867302472346,2.360847501056493,1.5667356621714448,1.053563452448623,0.7175948006529967,0.0,0.0,0.0,0.0,0.0,1.4593355874655378,1.4489212532384657,1.3789325707793594,1.0176999248605425,0.16190848002688843,0.8754077942129105,0.8769809926660687,1.070121876198443,1.7511967410891038,12.77925357440058
2.936682783039619,2.002109043663146,1.615777582337591,1.6105390206247996,1.168411384728033,0.0,0.0,0.0,0.0,0.0,1.2280713601960147,1.1545730736877837,0.9450830429583081,0.8452579092077348,1.0650614955549265,0.5361057627332874,1.0319189408883145,1.767257678650395,2.462365484187597,1.6036445948213784
0.9739865815131583,0.5904817296800677,0.24095336221509783,0.4258087961512123,0.31530848112075543,0.0,0.0,0.0,0.0,0.0,1.6294416034444559,1.595311596400751,1.3231484067024621,0.6501943696466962,1.412838503384095,1.2849921629517682,1.132785896834874,1.1790423314618346,1.5723067375011357,1.3300565591606504
8.403454409072662,6.482897346215731,3.905941130295458,2.247072060884654,2.042656382875565,0.0,0.0,0.0,0.0,0.0,1.686002816324749,1.634107924746732,1.443847531529851,0.9089284827962612,0.9794373498018117,0.9158453706302971,0.9492814581404433,1.051378132589594,1.1134980507938657,1.463627776556434
6.892046802318822,5.363104255594915,3.437033836491003,2.626376654317231,2.5005302040215036,0.0,0.0,0.0,0.0,0.0,1.470076173036742,1.479997531644005,1.3645425018278579,0.9776261471680825,0.6432034840511377,0.9055082081888772,0.9169573848784563,0.9817982379294671,1.2649595760346497,1.5879126196080005
15.694739145588812,11.600105013550477,8.166543512039262,5.878544448836825,3.680536991695142,0.0,0.0,0.0,0.0,0.0,1.52876887418967,1.5304119247092882,1.3918651063743215,1.0222007143230838,0.5617548094980308,0.7752126527295606,0.9045669457685838,1.1937262714326693,1.8662166235750894,3.069184599086956
0.41419833782363746,0.297702123057642,0.22285108544202833,0.2980227540595397,0.2518088696457047,0.0,0.0,0.0,0.0,0.0,1.0820509947175538,0.9413943515023905,1.5173720615783917,1.7886996505807204,1.658021526103316,1.2466493903996083,1.1269992229980517,1.0984888171801477,1.1080046739152305,1.1900391758015465
11.48828305889142,9.287545308168383,7.384231894587574,5.218872809353268,3.3091824499228615,0.0,0.0,0.0,0.0,0.0,1.6178121778890346,1.5524511177540685,1.3315959914295847,0.8803376798289337,0.6564893799253858,0.8589260356736637,0.9719757678428516,1.2185661592922676,1.8057314631892951,0.7720574885536782
4.748754710721121,3.4384830981968384,1.939413658261237,1.748762264044084,1.4484117575770907,0.0,0.0,0.0,0.0,0.0,1.9336919407243103,1.939917782659652,1.849531671619405,1.4800521703679639,1.3158590002418866,0.984153017711657,0.9716179929907756,0.9415131257268066,0.5685129301615695,0.7451968588242679
8.257513782689575,6.794787431492425,4.455635463018093,2.3211298623798022,1.8486924040382586,0.0,0.0,0.0,0.0,0.0,1.558460736499417,1.4591683751105267,1.2600473711134008,0.9001285542132335,0.9215208793650569,0.9081440287307483,0.9829802541858464,1.1136257386135069,1.0828712764727075,1.2157560382845363
0.7071594103941758,0.8143292300098744,0.6426483324857678,0.5510010626314636,0.6229635126896875,0.0,0.0,0.0,0.0,0.0,1.7617828410630791,1.4541454676964358,1.4559072147998546,1.3087014575655596,0.9879633231552646,0.9313939330605622,1.1981379527692577,1.0507254291659185,0.6639419311727306,1.5637083116928292
0.9123470845666253,0.47155465794778556,0.0701951178349181,0.2495295227113617,0.7060034057197871,0.0,0.0,0.0,0.0,0.0,1.7055159346963247,1.6831860657404192,1.6127031611393792,1.4567605924067955,1.4439373997921165,1.172104211019379,1.146555656543941,1.004711904502443,1.1833947229774866,1.1349983412055291
54.537800489734956,42.47502489329418,29.389051839279887,20.874816305647563,13.584646872846672,0.0,0.0,0.0,0.0,0.0,1.4441466479960374,1.4275928681792365,1.2700213141569636,0.926415659731996,0.673278851291871,0.8413375318610408,0.9480758174166326,1.1821537511935467,1.7395139920865088,1.6440555847655642
2.410579690631463,1.919662553850791,1.4342050041184815,0.747542360773109,0.4187833590634692,0.0,0.0,0.0,0.0,0.0,1.7594848549604962,1.7116416253475455,1.4500030357542408,1.103985991527309,0.9791772430744664,0.8778011608183138,0.9591917069888549,1.1698059668374945,1.4015053998988845,1.191836111106708
10.059848557714991,7.2325257693637415,4.540020385434151,2.7974523444560715,1.966811184839329,0.0,0.0,0.0,0.0,0.0,1.508865504631389,1.4939353699892077,1.3427042520155863,0.9968259476448116,0.9452765487754033,0.7834646776822977,0.9079931064826106,1.2054983572476698,1.943109911829523,1.8211100031288738
3.2124446625907646,2.5809177675573745,1.6780499020943087,0.9672822086135889,0.8256643236486477,0.0,0.0,0.0,0.0,0.0,1.521504593414833,1.462093281470162,1.3422150359747,0.9631516888999601,0.41766697976404704,0.83407502631868,0.9205760591653234,1.1397346124025065,1.7486002171768815,3.7845792753424226
0.5553121203384574,0.5499438542431301,0.2873334335899541,0.14978934231925325,0.20154091581199807,0.0,0.0,0.0,0.0,0.0,1.6023493295386777,1.338252223554893,1.4846045590838304,1.5406658945365674,0.492968170915591,0.7828399938972288,1.2010056762170815,1.0033166604875539,0.7096748231525074,3.385554329724547
0.7560160085158035,0.30851104870201873,0.03743716717680941,0.25982658163651606,0.603882565729352,0.0,0.0,0.0,0.0,0.0,1.865014254230729,2.1040892652440997,1.8126158262955159,1.8307290459472243,1.9761301826918307,1.1263855838111063,0.986739100785809,0.9336333984318276,1.089902843141926,1.0630522565103915
75.95915564708335,56.81879702336372,35.170780799917125,23.75558649323661,19.49113805221025,0.0,0.0,0.0,0.0,0.0,1.4980195438858563,1.487479304082519,1.349109147086651,0.9264739048866896,0.6814619439611824,0.8294596914172179,0.9153272460381595,1.133042129042884,1.8868472565939964,2.27729595788917
9.596894499939795,7.5473360631422635,5.234126315748583,3.9347850235399093,2.530293265243203,0.0,0.0,0.0,0.0,0.0,1.5049637514182557,1.5214303100925024,1.4142555595622757,1.0560656123760703,0.45802427325430956,0.8409637797450037,0.9034599567424284,1.0715316526602576,1.5900738927195042,2.5813223983044837
3.2352481055833673,1.6650149539782437,1.6961459072133294,1.754261569719055,2.2133086601275482,0.0,0.0,0.0,0.0,0.0,1.7283645768930826,2.0585815751587244,1.743727063135652,0.6461399675344519,1.567858194469213,1.0604299175349796,0.9372713580546754,0.9465485313861722,0.8659768065201192,1.2034188753894741
33.06950987772841,24.163030654996252,17.40853717361348,17.049963037862387,11.113650943197001,0.0,0.0,0.0,0.0,0.0,1.193463838855216,1.2775423543699462,1.2179366416007584,1.127325354260593,0.9121837580997981,0.7992250316374142,1.0076333519824077,1.2360028358516588,1.5816259406755038,1.6742978705163971
3.2812776780724207,2.6602958796345506,2.1779801975935595,1.42421360007407,1.2367744818967423,0.0,0.0,0.0,0.0,0.0,1.6346705434955626,1.4979858505576786,1.0944346071301498,0.641308392298366,1.0452033806842531,0.8799757197889289,1.007332286842062,1.3997183984402657,1.5440377433969237,1.2264851490478759
5.918720605883557,3.339555534606371,1.7237758110579116,0.8108276741792091,2.976936761461792,0.0,0.0,0.0,0.0,0.0,1.9919629875260123,1.9857604009380483,1.5523959696446437,1.0711150684923296,1.7420793733904447,0.9943737832705282,0.9851470477256993,1.1113772929263395,1.8898496282113897,1.1080751032344514
4.238062916351097,3.1451781618270713,1.9823093290041551,1.6474851481626502,1.4354504169904057,0.0,0.0,0.0,0.0,0.0,1.6426442254637483,1.6989384221673884,1.5188764977130935,0.7981767289264172,1.0300243319693525,1.0322668285827372,0.9526739943556584,1.031532935710957,1.726581571391592,1.4298961943029798
5.253941862426362,4.075704558528263,3.289318357998917,3.174478080812733,1.671699562270431,0.0,0.0,0.0,0.0,0.0,1.280224535702305,1.4780949790785018,1.232386634160305,0.8556996050805795,1.0093058150855836,1.027646931060806,0.7505432650513691,1.2063375657901132,1.9340032081717302,0.7461582858389805
16.819047025073807,12.759127960563056,8.683675573777093,5.653354681057331,3.310924428745767,0.0,0.0,0.0,0.0,0.0,1.519575721763187,1.5088094350980257,1.4488070575381,1.0917305799244752,0.22892362961566853,0.8717962973763961,0.8914474017338935,1.1006621945858233,1.7181754401198968,7.20949346433783
0.29191093570217397,0.19346647380843862,0.11564782802650772,0.09638817426033672,0.10900067931118444,0.0,0.0,0.0,0.0,0.0,1.3243948976859867,1.248559072491045,1.194431167409599,1.7586750448250255,1.392934379578035,0.7046852378688644,1.0298746002301806,1.3288713299238508,1.1119960831217444,1.5094446970179134
1.4392248435138346,0.8736864930341659,0.3168751283771408,0.22627417820160525,0.6964229310392701,0.0,0.0,0.0,0.0,0.0,1.8691699713944707,1.8990158120063518,1.8663212626116772,0.7468014700127897,1.642780475177742,0.9332690749046679,0.928217068889694,0.9252191251091721,2.131607155814763,1.1514091578890475
0.036108080746891175,0.013444326996798428,0.041017854629826385,0.010709626777793163,0.03752821136765243,0.0,0.0,0.0,0.0,0.0,1.3823708886550317,1.5351947702673008,1.6642604387878561,1.89830988717619,1.3934554636374148,1.2187883272993438,1.0773448165833295,1.228573649660662,0.9742655307821982,0.9562900940383382
0.0,0.0,0.0,0.0,0.0,0.0,0.0,0.0,0.0,0.0,0.0,0.0,0.0,0.0,0.0,0.0,0.0,0.0,0.0,0.0
4.49279758997893,3.0636656718522506,3.001146598730887,0.6845775885246461,2.095892715881894,0.0,0.0,0.0,0.0,0.0,1.6472491343422666,1.6683811241769773,1.5104766822751012,1.99149790759545,0.8405511027189583,0.9484584082251395,0.8216273175093849,0.9061835993701667,0.9349127229424763,2.0307187687570014
3.047108800903177,0.8844093252399873,1.4741321850972828,1.3208845775225926,1.3141858508378605,0.0,0.0,0.0,0.0,0.0,1.4183593103210248,1.665008753569837,1.9445681245367246,1.448813179401012,1.7264127098897613,1.0637035783932238,1.091855176758398,1.0723120251093634,1.0314807363235576,0.9701905229520599
1.0098606983026543,0.90666238319042,1.0450478467835023,0.27768258180070027,0.33442787063647395,0.0,0.0,0.0,0.0,0.0,1.7897957527341795,1.616810985745357,1.2604725893450064,1.6919420085223522,0.7548772580877351,0.9638008523062985,0.9737178891322201,1.0081771415215022,0.8950738172762509,0.9796296461711936
0.9538813947697753,0.8011456919665803,0.538112871102708,0.2440669004359095,0.592246893961193,0.0,0.0,0.0,0.0,0.0,1.2858627439479737,1.298392821503141,1.5015640077315646,1.4989044810344498,0.7743837310607512,1.2271572054718929,0.7285396861784427,0.6426467918749028,1.0239676006201124,2.4168711340276863
1.604336803549676,1.4262222298382154,0.7559713321459134,0.18194563468413055,0.506990071418023,0.0,0.0,0.0,0.0,0.0,1.8576765348053021,1.45437230758009,0.9637404206719421,1.3647401284502936,1.9176404937486622,1.0611260885973013,1.267216469059436,1.7116057980737618,0.9182803828606105,1.0586377607488318
0.6169415603240178,0.4745728258480225,0.28874404684178673,0.1444544271969397,0.20547852474351774,0.0,0.0,0.0,0.0,0.0,1.5864746534824181,1.6563274100774665,1.771342985358562,1.910019667523883,1.2962503573360078,0.7927099318296988,0.8914481066689405,0.895739964981292,0.9922003688418901,1.6138738139888806
0.6621268650159086,0.28090141330458224,0.06274738263813098,0.06739682365435931,0.47416443423093757,0.0,0.0,0.0,0.0,0.0,1.5893428235011657,1.8253422942524193,1.4142156393968568,1.7102433243132655,1.1922021775299265,1.0166586976590195,0.9982346397723051,1.4314099449652875,0.8792023497984492,1.375881561824277
1.8190461328106935,1.226991032956464,0.6895653222554741,0.1664686076002902,0.5853121299409076,0.0,0.0,0.0,0.0,0.0,1.9282985302473377,1.8530650388634509,1.4672812128042154,1.538383833283766,1.2606486804521417,0.9853960626497017,0.9921455587444546,1.0305557808310792,1.042433506871565,1.4541978573271122
0.9368463007721284,0.4833136097944382,0.23824546465866764,0.19595092480754964,0.6188636628656854,0.0,0.0,0.0,0.0,0.0,1.4142667787653949,1.1277534613492255,1.6612872449316405,1.9911499775603398,1.4820196284070624,1.3354051734062737,0.2716381122532704,0.7825082153134327,1.025884521925229,1.3528355276833388
1.341332412247128,0.783592867628437,0.45416892679607274,0.3774611082558201,0.1649640021907462,0.0,0.0,0.0,0.0,0.0,1.9127709161533843,1.8873966614826378,1.6577946528896006,1.3228850093077242,1.241895914519043,1.001570856005314,0.9559546435092823,0.9130702355928016,0.9346071762234544,1.477584796059853
0.401361806734886,0.3042358167658277,0.3587730061514272,0.14769425417527077,0.2619247829270252,0.0,0.0,0.0,0.0,0.0,1.7312673856578271,1.7184804672800118,1.7154536971040604,1.5621977783063437,1.507833362729692,0.982510394119548,0.880795530194434,0.9248583930349817,1.0100936810772594,1.1678867838326166
0.8210172848831256,0.4361798955004759,0.12215764160164928,0.40265058177062124,0.4014122483276415,0.0,0.0,0.0,0.0,0.0,1.5886604057288476,1.5852563220790707,0.9623805692044857,0.9045137437317282,1.2913125064896147,0.8522026313328425,0.8894644097957288,1.5349230589460856,1.8288752194864195,1.2848326290137666
0.29289310707930716,0.17110170989121584,0.23305631326305187,0.06635935698529132,0.4087279940748273,0.0,0.0,0.0,0.0,0.0,1.6605247118408022,1.6741288653383635,1.7334386913490258,0.5617881855663985,1.4553008243119536,0.9401234973132645,0.9376806322925748,0.9617212898924595,3.1340857743653032,1.1314481634734899
0.24350293374801296,0.22206533583260796,0.11857724584664334,0.0703883405713722,0.1362737598994434,0.0,0.0,0.0,0.0,0.0,1.4214648533808532,1.2138016545776327,1.2762283194473396,1.4411030202965711,0.603768761257024,0.7086192768711315,1.150242007320374,0.7456178537211409,0.8893751773499481,3.1324783005193324
5.532280326049762,3.5297758280401306,1.850925278168258,0.8908828518353948,2.4094734428373283,0.0,0.0,0.0,0.0,0.0,0.9677876721271115,1.02057655975619,1.4845194860867348,1.7822036283044378,1.2991511053972902,1.8036847016557538,0.37315188479061523,0.5887307738375387,0.9199480141446634,1.5962873427643658
0.5988117175703803,0.45618866737456176,0.24712644719377316,0.06228336972055063,0.14978876998284602,0.0,0.0,0.0,0.0,0.0,1.8621617919687288,1.836886150573415,1.9381176423471804,1.7051246034924048,2.010321400498039,0.9475677692987222,0.9470157344693696,0.9098799252270213,0.8755737244603569,0.9684505785547887
2.6645836513378898,1.3407496008806983,2.677870346792093,0.4585789282660716,2.2110872659690077,0.0,0.0,0.0,0.0,0.0,1.5513889307209996,1.635969780596024,1.3458911214396463,1.3275117617566106,0.910495767064654,1.0844195872056364,0.7642196602171132,0.8670893839038727,1.2442993356856744,1.4030413532421562
0.35878089921259143,0.17827139279066745,0.17985878036143382,0.27173321272254325,0.2674228794816905,0.0,0.0,0.0,0.0,0.0,1.8719543580106397,1.4975272349191422,1.4960236029990657,1.4329869541306661,1.3045423150538191,1.0884183572992874,1.1985905570057176,1.0866163509275497,1.0961856639887775,1.2195610297311106
0.6499423588922179,0.36537567111245317,0.19051904015312873,0.15874657519527227,0.3288420505780016,0.0,0.0,0.0,0.0,0.0,1.5883687932568538,1.7871441974422766,2.0805134699634036,1.5158061418404325,1.0978239909119782,0.8064879379981211,0.9065061348568053,0.9561591603500871,1.3530984869445852,1.5255991341113813
0.5979023279437984,0.291886492411962,0.34363098293674166,0.2483478205777719,0.3672749217973254,0.0,0.0,0.0,0.0,0.0,1.0564866734306242,0.8637698744457045,1.6407714560925228,1.0684094331853347,1.2303481637638156,1.5023810959715773,2.1444639819952545,1.1926966775750305,1.1870838568714404,1.0940682540372446
0.5907880890036993,0.47527624957009057,0.18520333536258426,0.13924664242952653,0.09293470505551149,0.0,0.0,0.0,0.0,0.0,1.8960929593311784,1.7530447792961097,1.6830150895021776,1.3943442406384061,1.669188118173084,0.9618485183410398,0.9546295689810518,0.8352113909521788,1.2283717283557507,1.1542187662172805
3.1204106208877684,1.322340510835221,0.5625002783192168,0.5247925357769472,2.130455635684098,0.0,0.0,0.0,0.0,0.0,1.4398130038795063,1.659224258744128,1.879588531048767,1.4868881756131185,0.7847537783097639,0.5922853145067484,0.9313849687361497,0.985883258176788,1.3200612234965265,1.9345561490160865
1.2586184791125354,0.5161938599911589,0.3294711522700429,0.09841011990987152,0.48692952002312656,0.0,0.0,0.0,0.0,0.0,1.5909571836002852,1.577901809955653,1.5540144662241486,1.5005874285594152,1.2620136494203305,1.2736201595153942,1.098452815549487,0.9934049464644359,1.1878854155410175,1.3725277454489557
0.15641135084692862,0.0733453788713289,0.024345068720487924,0.10145964245286376,0.0379703444779249,0.0,0.0,0.0,0.0,0.0,1.746528524231936,1.6146187856928929,1.2204916887085924,1.2044383255667857,1.852143007712698,1.1888402625333494,1.0884342238473892,1.0998937536865203,0.7312288950465126,1.081233745790954
1.6000323520952964,1.44003151489629,0.8997522104778286,0.9079212600735485,1.1491582773965106,0.0,0.0,0.0,0.0,0.0,1.0922049599158759,1.1924307831370995,1.4204197924442916,1.4195580496681672,1.1277505764014475,1.0083943436377583,0.7507167400242165,0.9833108897712359,1.2208370880145216,1.7000950148734189
0.24133425166158454,0.1366121969120561,0.0627033756256358,0.0731609714035781,0.04162626465944647,0.0,0.0,0.0,0.0,0.0,1.0496234849380874,0.9422674380720788,0.5148788554030015,0.8530565578169349,1.5842548993301409,0.9171161995793542,0.9666073489509096,2.919931169406848,2.289439239997851,1.2433140085268195
0.19256319202798775,0.04583763384356894,0.07944093531103381,0.26181242683948475,0.023853099009129606,0.0,0.0,0.0,0.0,0.0,1.531249850831716,1.3049675390131594,1.6734241720086795,1.2923660687435674,1.9901676019701076,1.239088643289944,0.345358237474513,1.177756253352435,1.2681620472349204,0.9336203503817757
1.8052032134329241,0.6500301684538652,0.23635035759972559,0.9809839024172378,0.4046473454735657,0.0,0.0,0.0,0.0,0.0,0.8899832599488665,1.3815505303738669,0.8177981500954252,0.8760242470319864,2.0362010848537113,2.351255678766057,0.9828424079218371,0.8670994794059481,2.149907636623566,0.9823408478765749
2.398402436993589,1.3312630336393565,0.6840797993344744,0.3668239251669169,1.8353736388246662,0.0,0.0,0.0,0.0,0.0,1.1744309111151534,1.3692565234004022,1.7935646729265105,1.8167775332992226,1.718910561018578,0.9099062448117741,1.4605410363855837,1.0253338518527322,1.0768162790263867,1.1940452810957694
0.1152286098986612,0.0113594743033474,0.10120101246701226,0.09345796977772045,0.07410025696265846,0.0,0.0,0.0,0.0,0.0,1.408663716431401,0.8833325687157062,1.8341385367042642,1.499402299583544,1.481736991373246,1.4022366945054203,2.24883814530933,1.0950683831191288,1.1399202609499972,0.5837546717640709
0.1096023666981982,0.14743879896385956,0.10135288374182719,0.18305325944644285,0.17616660641317808,0.0,0.0,0.0,0.0,0.0,1.5352665896737143,0.585476304815385,2.0826133117047156,1.9585719165309294,1.6495696222636527,1.0758659081903068,1.7316599300757112,0.973312220085025,1.044506281749621,1.0294333825897757
0.8807314375571071,0.28210011922050215,0.5721119921383897,0.366213929099171,0.6192110903731896,0.0,0.0,0.0,0.0,0.0,0.6000869578940767,1.2011254426025226,1.4188401340520962,1.3716441694221952,1.3785220587319291,3.0430817019780774,1.0164299094499338,0.4098243196971736,0.7542531157476542,1.212870583849719
6.825996040984035,2.055216713596172,2.050957913233478,5.069399028031705,2.8250875523951953,0.0,0.0,0.0,0.0,0.0,1.9113009734095348,1.8115863977801832,1.477225709314278,1.8427543081798672,1.8063317332904612,1.0765713704896127,1.0892722451837014,1.1146180305557658,1.1042880642572521,1.1560025202705235
1.3238062551611598,0.19531292259709299,0.2505195273133404,0.3701497122109364,0.49417629430325755,0.0,0.0,0.0,0.0,0.0,1.3034493776053984,1.9515120244357522,1.4037922061378778,1.8346060273067986,1.6859138252518817,1.4316177652071524,1.0532206004069973,0.7002522814105016,1.1345896086761766,1.1452995752481459
3.0125634526680383,0.9282447895077066,1.1236011186648436,2.1168472158761373,1.4229376641033078,0.0,0.0,0.0,0.0,0.0,1.9548870125316369,1.75866763753358,1.44740044405852,1.7331507617056214,1.7405677302223117,1.0548852480598212,1.0901262493220198,1.1676240457120388,1.138040187944138,1.1771150258749772
0.8097745470536106,0.12507564291973658,0.4302892648928993,0.9210336092752348,0.7177803168038388,0.0,0.0,0.0,0.0,0.0,1.9547915270806244,1.9172925043648066,1.7188431346331043,1.6151354500793547,1.4218242057005708,1.0758895987863144,0.9719788431898758,1.1000531298899587,1.1808747519851501,1.1819122900781451
1.9446457353476465,0.36502160680181983,1.1768818482925525,1.6816393823938078,0.9839526139748334,0.0,0.0,0.0,0.0,0.0,1.7461983826714615,2.0022901026082187,1.1840149646726574,1.6014845470863415,1.6124030012641621,1.1361122247160855,0.9932273783950143,1.0934037690868978,1.1538060177012701,1.2781297517990924
1.4418147629682438,0.6719898295746857,0.9120615271031134,1.362835552075547,1.120327062559628,0.0,0.0,0.0,0.0,0.0,1.8706443501709247,1.7837208179186153,1.4205067298934708,1.2703913156104436,1.1771912405595655,1.083770861403235,0.9346592510917126,0.79217187818947,1.0399430924498412,1.4265921322503277
1.8400390669665416,0.7641087506338259,1.1786180840211231,2.495727565154454,1.5010980974012822,0.0,0.0,0.0,0.0,0.0,2.0723278741524065,1.9062226274192937,1.0953784459439462,1.6409131381271442,1.7208119637391144,0.9840180463191707,0.9679056073315486,1.225274905184439,1.188495082668457,1.1295319904942793
4.118307071604868,1.8981725023700136,1.627105453577982,2.554115849205556,2.3949984879638473,0.0,0.0,0.0,0.0,0.0,2.101063739357583,1.873542574551629,1.6095775645503758,1.3336415656217562,1.4808565995811045,0.9733967549487051,0.9493804339404615,0.9801653024585815,1.198244933426658,1.182570810683948
1.2240832558065398,0.4136399640328833,0.2074733696991493,0.80642440355102,0.43470190040158735,0.0,0.0,0.0,0.0,0.0,1.6288708770144553,1.657059457509664,1.255904712655961,2.0190767556416684,2.0278582647407353,1.223653356053664,1.266212274828171,1.5071955824307106,1.032746460977435,1.0341572513200268
0.21626616085623435,0.1799888104504967,0.1398530911377265,0.10264090111328497,0.05059910674859854,0.0,0.0,0.0,0.0,0.0,1.6708261462960836,1.7415738787422337,1.8631365831529494,1.858033577207884,1.6920079383362756,0.8561817151125889,0.8688564937405553,0.9322218216408531,1.0031021011011338,1.0825396511669811
0.8942298351704683,0.4589495411749057,0.39702315489566,0.6233327763299472,0.4502792357566946,0.0,0.0,0.0,0.0,0.0,1.2798742152500178,1.0517767816097932,1.650330168099724,1.6430231652540745,1.6675192767713007,1.3717789174083832,0.32020972164639455,1.1217191128462805,1.232587995239944,1.1277421412351076
0.23053519651436644,0.08064193951860889,0.02989405825781951,0.08882213562652982,0.08920906527526562,0.0,0.0,0.0,0.0,0.0,0.7132980514596445,1.353087120478431,0.8021072706308655,1.036980565902935,0.7475221746086562,2.928732574079396,0.6405641040354201,2.3910873634967933,1.6676208695606585,1.92726369587048
1.906396643216064,0.7967539501881726,0.7724528388532909,1.6286723318278233,1.3144691336036176,0.0,0.0,0.0,0.0,0.0,2.0511586091334233,1.961093815531114,1.4940906486012486,1.5590310347982086,1.5083766647310208,1.0001453502269495,0.9443870972488881,0.9060950306158742,1.1743384375806272,1.241064857472756
0.37652805135440426,0.11487599034107343,0.11681867926382923,0.3459445013955379,0.2497105928865695,0.0,0.0,0.0,0.0,0.0,1.8460316691422571,1.7317199746495202,1.865851920556737,1.5850461536086635,1.7181470766852844,1.1137196623584156,0.9866533828657197,1.067984083938997,1.139350711458545,1.0222767483475081
6.771953785898278,2.187253551932466,1.8861010652761163,5.407536441908458,3.439803933264065,0.0,0.0,0.0,0.0,0.0,1.9900470836691595,1.9554833692908553,1.6012986185053846,1.7742433301618246,1.6523787212088255,1.0415849927631533,0.9960369109448728,1.0168442716304231,1.121237481351305,1.1929829308723856
0.47201777363172415,0.08932674480581015,0.48330599511651273,0.4241044677128672,0.4090960607469965,0.0,0.0,0.0,0.0,0.0,1.9267542831731321,1.6229177071859764,1.81169932407867,1.6534881018018113,0.8652238157553443,1.060142707127125,1.0090113782629526,1.0471078768696207,1.126542294901222,0.8791666372534435
4.843525177775925,1.6446470240530737,1.1853418588179592,3.0077364835568554,2.427647675315715,0.0,0.0,0.0,0.0,0.0,1.8999902553260861,1.5690364560472958,1.67164119207509,1.731912461364115,1.6314311609984993,1.0858287030358609,1.2467030300141704,1.1042116254634535,1.1384134668998684,1.120957022480147
0.43743852202033384,0.066610226437723,0.19916239292400448,0.41222398714520525,0.1871608949649526,0.0,0.0,0.0,0.0,0.0,0.9603680142723302,1.4253033960342627,1.6228128256189496,1.486924445594386,1.1421418895527673,1.8920484763836107,0.7059723386311698,1.15031679495042,1.3938799007322091,1.5019019909986033
0.3821609550328483,0.26233688587944026,0.3102046644901575,0.40895110375635363,0.3098377017580423,0.0,0.0,0.0,0.0,0.0,1.8603569397164184,1.7275144276552015,1.333037172009411,1.1941890739222283,1.2349527713192914,1.0320692560220477,0.9176089127449161,0.772577947293236,1.0540995716005734,0.7238045802556734
0.32116360343011585,0.045912471988821105,0.17274976069305348,0.2609173991462837,0.25092545400376287,0.0,0.0,0.0,0.0,0.0,1.5760349874343904,1.6325381752850723,1.2764597628159189,1.5040805391172822,1.507934860286429,1.1438589852132521,1.2536630091427292,0.8240873996464305,1.2491314700907434,1.3632947322233415
1.9221564283727073,0.9253666137012425,0.9365152015760352,0.9409049140832384,1.3853407888564733,0.0,0.0,0.0,0.0,0.0,2.041552431877982,1.858144075407806,1.6262174036151904,1.4269745148117865,1.0993114510944795,0.9855076106463287,0.9323337496774932,0.9726594821656281,1.2180405180624543,1.5154356636883763
1.3790345197507643,1.3819253610272104,1.460971313106802,1.3785401902817673,1.0458648040661882,0.0,0.0,0.0,0.0,0.0,1.8088208303007123,1.5364623774101855,1.4475655085115235,1.3990054787025805,1.384653133993534,0.9129655005645522,1.0025067751361376,0.947628887366266,0.6897223978308962,0.709535494796779
0.8685789546953728,0.4413552935599275,0.24352136995021975,0.18786436378915594,0.06830387575928262,0.0,0.0,0.0,0.0,0.0,0.7673322281013347,0.9628423813479985,1.1736288579821428,1.0668544462858467,0.7809225505089609,0.5163110447484138,0.9010928896880128,1.3201293416825826,1.6366533301227062,1.3262717474129937
0.24748906463424475,0.19198279374719793,0.3347332443634513,0.26735995968050347,0.4052020848558559,0.0,0.0,0.0,0.0,0.0,1.4437199055679995,1.129756864815226,1.4680337537912966,1.7147384948684186,1.7453413772229793,1.3801103837555049,0.7048435658782318,1.2238147251316378,1.0107637471030932,0.9115986569117748
5.933894673918447,1.9405924478440777,2.5068794805136188,4.082777418740802,3.759398612263632,0.0,0.0,0.0,0.0,0.0,1.9402925338230206,1.8886880952259772,1.3201694793832834,1.6099336890537204,1.5712717344486267,1.0502511547375128,0.984570710558888,0.8180496213703703,1.1680376234360215,1.3298085678582987
0.33464890076912945,0.14649041651728198,0.11579569454325012,0.21688492564554723,0.20925866519348651,0.0,0.0,0.0,0.0,0.0,1.9283319488829276,1.956613871549065,1.3606891382593478,1.3150105174205051,1.4675773078605978,1.022328088124096,0.9460179640420501,0.6280491338552142,1.0143007476024541,1.061811417108163
0.2567467694956246,0.20079373995920607,0.18730073358495367,0.049200069544792877,0.045706173077797306,0.0,0.0,0.0,0.0,0.0,1.8113099376848607,1.8347763370465082,1.4513464928357631,1.6307358216444285,1.3405158241462087,1.0001776540327965,0.9686062710339496,1.097534457078425,0.9419014011456285,1.112620035083989
1.7904461379845693,1.0536877450608788,0.27195928632803057,0.7656539882007689,1.3373603219635162,0.0,0.0,0.0,0.0,0.0,1.7719529138412424,1.3807125014074924,1.525354516722001,1.4443669256902958,1.3035316317265853,1.0935867927822216,1.3195143969473013,0.9571934515469506,1.313724717349591,0.9413287359430698
4.119251925648037,2.335548680082355,1.5602230113252236,3.1502879314979104,0.34839034231357274,0.0,0.0,0.0,0.0,0.0,0.7940733528879816,1.3140575445224068,1.206414096496079,0.7333363002140117,1.26505725856993,2.1356331336601917,0.29621439228215607,1.1600337351241268,2.3510063622753514,1.260842574541209
0.14133782143333087,0.09527053562365646,0.0927747086757141,0.08713482249355224,0.060589271014944344,0.0,0.0,0.0,0.0,0.0,1.5788913365002573,1.6723795901451566,1.4903972851898084,1.6539855808167785,1.1982555325219737,0.9881945658526138,0.8366246010206643,1.0368748156274534,0.7925671370429996,0.42126446946636864
0.03617477359834582,0.15687060941272354,0.2216196988150286,0.2992975972471222,0.17487027785226375,0.0,0.0,0.0,0.0,0.0,1.8990826411924708,0.6952106613902492,0.8226938371150854,1.4440369673030036,1.5903476242973038,1.0089689926586185,2.686404111744937,0.7435385230053715,0.9939553506991321,0.987628731660159
1.2812295024713256,0.34596632174162184,0.4005369076894013,0.9087543342707514,0.383983439234886,0.0,0.0,0.0,0.0,0.0,1.0575232536721413,1.01580392443616,1.657643064377923,1.5949732500815654,2.006917341441502,1.0132118006816166,0.7127498756336194,0.9820713051665492,1.0492220904132927,1.0151007689468696
0.0,0.0,0.0,0.0,0.0,0.0,0.0,0.0,0.0,0.0,0.0,0.0,0.0,0.0,0.0,0.0,0.0,0.0,0.0,0.0
12.602114864137537,11.838063120999788,7.222521370151905,2.0584957709471823,2.3631941175458415,0.0,0.0,0.0,0.0,0.0,2.039016744842818,1.3770055135224872,1.2606948480677966,1.5285912551857035,1.361532535115922,1.0327205644682798,1.240877779357041,1.2952709093090742,0.6495091077268246,1.1211762970896073
10.767959761147946,5.532637421742205,3.7964179776411435,0.9020992618421788,3.0851150719162126,0.0,0.0,0.0,0.0,0.0,1.8766134244050126,1.1972490693050595,1.559259655151374,1.6556837352849396,1.5140650482554117,1.1132098199777651,1.411892659355585,1.0308243934033554,1.2299580120070583,1.1927598270677129
4.560750383327975,2.21235731475579,2.3666358341075737,0.4666999930446941,1.1492984999512301,0.0,0.0,0.0,0.0,0.0,1.8703655014049487,1.0576590385497144,1.6414631061366551,1.7167620574248141,1.2949608246813216,1.1052459904245437,1.4421580203572903,1.0398769979036329,1.1934492530152314,1.0987956824565928
4.934642067504429,4.645796938377706,2.839268567797368,1.274336615093376,0.9970305094302431,0.0,0.0,0.0,0.0,0.0,2.051252670048399,1.5148614750885634,1.338160393568276,1.5765148238561615,1.3242609005620685,1.0167154679233144,1.1504818798855028,1.2146228488918756,0.7110760657668374,1.0659883969287778
3.0039283539956925,1.3278499036877878,0.39067331345439354,0.7104710629010664,1.4833772535865082,0.0,0.0,0.0,0.0,0.0,1.5168509120253686,1.3142627422264856,0.6067029145650418,1.6132227723417714,1.748468127819898,1.1016973320598769,1.1502619849845597,2.5821440501518564,1.2449463973425412,1.114958555958765
7.589826755959132,4.1815208298404,2.529339052094538,0.8731376931597588,1.833520543853475,0.0,0.0,0.0,0.0,0.0,1.9270071530352872,1.7041050696343623,1.742825266932637,1.4639529046326847,1.434635493767532,1.0707303552807022,1.1142649972896994,0.9320094548822742,1.1464282292171777,1.0990412599434416
2.920581363470523,1.9190278830906116,0.9744675056415044,0.4337085626163719,0.9709062016495065,0.0,0.0,0.0,0.0,0.0,1.5986939745613664,0.8186850712214828,0.37515849780551175,1.636418608515875,2.0071027291635053,1.2101901937395878,1.981308372732333,3.216495315916635,1.1975868656724935,1.002207181678914
5.975542907807069,2.5626917744954065,1.5202585951057175,0.9440955404848118,2.1155871578506273,0.0,0.0,0.0,0.0,0.0,1.9677196954178058,1.4998195961186336,1.6505135294326363,1.654245923780344,1.5263869789963016,1.0682278565396237,1.2951545032764198,0.9736962216650559,1.2110125489688084,1.28250950325393
2.6112402495754248,1.9438824405822648,0.9728202910474449,0.304089984504888,0.6526010363831827,0.0,0.0,0.0,0.0,0.0,1.8527523845628224,1.57404047821776,1.2734204185285949,1.3409426597349987,1.493606577576286,1.0526198365566866,1.2250928036442672,1.1564938050623337,1.2654722524273423,1.2930887910283044
2.846621989128827,1.4838279559468026,0.6553587502227052,0.533110516278689,1.6128616966293872,0.0,0.0,0.0,0.0,0.0,1.8062496116920344,1.6065803453060752,1.127183010994993,1.6654800941629606,1.8926115481426116,1.1164592688868202,1.277303700119087,1.4291222861083948,1.119303421842262,1.0835465609615675
1.2573472071632972,1.2712168482456323,0.8755517448356507,0.22212937721803566,0.6457677311486917,0.0,0.0,0.0,0.0,0.0,1.9284451581590234,1.4162345232493132,1.2888051278359183,1.5181911434868591,1.869486507622702,1.0518353239703313,1.2798148848376227,1.2234086900295333,0.6741056813065986,1.0000914725049324
0.8875375296674818,0.6486428670459456,0.5470697289957982,0.23375511404739768,0.47525394560560147,0.0,0.0,0.0,0.0,0.0,1.6007951350348084,1.154509380184938,0.17567584983494478,1.7850833364467824,1.7655980292812405,0.827260425851031,1.212033495922893,10.466699581244274,1.0528758757523762,0.924468819645759
2.6341033034622208,1.180298375597543,0.32531670271503893,0.4856637751072507,1.1937153025025167,0.0,0.0,0.0,0.0,0.0,1.9102840256155345,1.3093659216826394,1.2171617134127026,1.3654538602300204,1.7827206287389064,1.0845622765166159,1.2405803514959288,1.3840814563319825,0.9992670584418892,1.136244820481868
1.6577066086019527,1.310045278022429,0.9236997335631443,0.2322835579383919,0.4225136746928951,0.0,0.0,0.0,0.0,0.0,1.8868535824531336,1.2019560897741706,1.4050692338866768,1.746338099949089,1.5450065464906102,1.1013876160216736,1.5265795882831066,1.2275374904447613,1.1078508597260395,0.8696903783810311
0.7662639755204143,0.44172226081499516,0.21644943762483687,0.11906652910766598,0.22406571304713568,0.0,0.0,0.0,0.0,0.0,1.8303516077736637,1.1367222232074274,0.6542475751760104,1.4119217353451587,1.7912033485462535,1.1124712021385195,1.3612808180409481,2.575177253371603,0.874371458486805,1.1371391121527405
6.165049586762556,4.49536187053195,4.188950763550386,1.6703123767534038,2.829413822149823,0.0,0.0,0.0,0.0,0.0,2.0244884351580423,1.4011264136791226,1.5794214230321253,1.4999692509641642,1.4301734505956967,1.0325985169645528,1.2825437152061376,1.049373390572562,0.974186542193341,0.5192192947911045
0.13347614231301053,0.031696588401835965,0.1324887629630786,0.13210779801334627,0.21374105076784872,0.0,0.0,0.0,0.0,0.0,1.7611594934180206,1.6613155744730332,1.8152664349742464,1.444232127632077,1.496799693497103,1.0640469231796357,0.9230192799191882,0.9490930921840814,0.5920530074751923,0.7371892603853688
0.374280594874915,0.30361116767057517,0.7092654868849829,0.1850036612005696,0.08492771505689693,0.0,0.0,0.0,0.0,0.0,2.1000764426709897,1.2819593192084167,1.500533780680462,1.3706471111806182,1.7195109969298192,0.9567113666363917,1.3615110680587121,1.0871314699766006,1.2019152048506356,0.9606640313606215
2.0163969935491095,1.3075763447924076,0.5888495804692989,0.6057589389429731,0.13658779498467855,0.0,0.0,0.0,0.0,0.0,1.6379620882099182,1.37305846619779,2.0206636008398524,1.6910082548282808,1.816944970819016,0.9909811030148856,1.0540757029212973,0.922004153280301,1.2289747951234193,1.083883367830782
0.2682114227191901,0.1479454532900512,0.07189160797870245,0.02167842657636749,0.06933850114878423,0.0,0.0,0.0,0.0,0.0,1.7589406805998618,1.870460496885662,1.3968158680864338,1.7564498890504465,1.945973375961105,0.924777400190835,0.9042117299319528,1.2333368912227063,1.146866756353036,1.0607374758361348
0.2927842409821423,0.11072678371417757,0.09661923633179362,0.1847989772606527,0.3892355746335737,0.0,0.0,0.0,0.0,0.0,1.4503216454331471,1.6404842187730402,1.7314257262570039,1.9400078118535211,2.079242909391443,1.059782989448304,1.0909470997592599,0.9234280614996992,1.0601497940938802,1.0106568650772492
4.576749120620094,3.6298102955561395,1.5350520254756348,0.5842789940267037,1.0281962447654174,0.0,0.0,0.0,0.0,0.0,1.9654795166608239,1.5101100021447649,1.6892432675487534,1.1104301596640636,1.5383990983486469,1.0507182345193975,1.179054628172973,0.9851094113388588,1.0410882506132841,1.2307047072471706
1.1269994115440638,0.15751654026431305,0.5345071997323935,0.7706423339712362,0.5490328934564909,0.0,0.0,0.0,0.0,0.0,1.6684301781847015,1.1199808521508348,1.841111028685875,1.8166803499289095,1.3153478806941747,1.1741621256577188,1.6524499670984572,1.094299134023683,1.1236200155695937,0.8428407345891898
0.21491579957537219,0.20063217090967655,0.19638112805024374,0.02953263013089625,0.17330215294937248,0.0,0.0,0.0,0.0,0.0,1.5874308445092558,0.9228801917064025,1.6610787167768692,1.4920591022137195,1.6647978530405414,0.8931156561458515,1.8205616232134294,1.0368168448185726,1.0614668140051042,1.0368146793094488
0.73089124188884,1.010666696602114,1.4152370115650845,0.1487446371774532,1.0634875315554477,0.0,0.0,0.0,0.0,0.0,2.1262532254956437,1.2996224438463788,1.53522883851172,1.5073408484662183,1.7089534614411341,0.9676037434835029,1.2489619781447334,1.1188683435137379,0.9482006702273854,1.0492386958804325
0.7762252441991603,0.5349879811194579,0.5077332407200228,0.26176375827486736,0.38323809358323546,0.0,0.0,0.0,0.0,0.0,1.253267125799822,1.4390305211385064,1.5044178466724414,1.5537208356121182,1.7897008644437016,0.7071513050656633,0.8568118025870237,1.063383962215885,1.1144360247830678,1.0014843704262777
0.4513887521192981,0.37909017512422183,0.27226751823997203,0.1549223294046537,0.13869774676214333,0.0,0.0,0.0,0.0,0.0,1.7197356447396657,1.7551887513737143,1.9672012715939233,1.7870212161253018,1.432938474334486,0.8755938348224258,0.8972609653535675,0.9323750654317905,1.0525163625839797,1.0611881357774404
2.0725486759251277,0.8890620406243656,0.23079782078865696,0.827489152215238,0.953246680482667,0.0,0.0,0.0,0.0,0.0,1.6269640256512374,1.2067850268402525,2.0801094228691377,1.6324513406775074,1.5963348863503457,1.1044410530751125,0.6966378249672431,0.9391117526838401,1.192780580578724,1.1378785423048352
0.43407010506247434,0.2336712471338646,0.27103236192108754,0.20095219258106473,0.1753438648100474,0.0,0.0,0.0,0.0,0.0,2.000699665102446,1.748602731364511,1.6542556193080569,1.3316432645474323,1.4791674024432284,1.0239755118264062,0.9868287362675495,1.0128652718722189,0.732429107220752,0.892079761878496
0.4076554351118117,0.21124132925015654,0.13635161102050408,0.015574982382245825,0.13887382801664022,0.0,0.0,0.0,0.0,0.0,1.5627576106583998,1.4259934626551511,1.5659623518106658,1.7248470668547913,1.6398045383907394,0.8319404948018323,1.1244264135134752,1.2882969112744673,1.039625799315784,0.9991145247160109
0.15254102958364416,0.016333317304821942,0.056755222156384975,0.07659827435474872,0.22306419630607724,0.0,0.0,0.0,0.0,0.0,1.0559454863148527,1.5960576896938876,1.6701425044501161,1.7159380874340018,1.5585486917809848,1.5690238187388321,1.1276046000485804,0.9870638445714426,0.959923801448473,0.7685191295835314
0.27713247629630505,0.16036252501860504,0.10937286738923394,0.134204442308657,0.19449943036174894,0.0,0.0,0.0,0.0,0.0,1.6910868836236128,1.875811276457551,1.9242067340403437,1.5796920172396838,2.1151579499869526,0.9609055389554703,0.9573069672279048,1.0220032593960189,1.012998222295037,0.9676559081721897
2.8864362392143046,0.9546113609715009,1.7011067948809735,1.6543569992147968,0.5793599380558278,0.0,0.0,0.0,0.0,0.0,1.3270440194929558,1.5068811793945531,1.5938428552601325,1.1893100314474683,1.38834974726504,1.188025374100473,1.17766483389903,0.8516536765362472,0.7221436829537083,0.7642897006900897
1.8394294668520181,0.2920392693535877,1.3542900174149946,1.318480039534289,0.22770259686473632,0.0,0.0,0.0,0.0,0.0,1.5475870871591515,1.5563805665723254,1.2218988000587168,0.66250720726162,1.7507392140472042,1.0814336968464444,1.0447081996423677,1.1769478250359715,2.1218643246579774,1.0402225075168814
0.7203878890026769,0.06482838187322562,0.8123930969037627,0.5340820343457834,0.2437135610657068,0.0,0.0,0.0,0.0,0.0,1.216145782663372,1.805495087484515,0.8265924243012873,0.744039307829021,1.2748148732296694,1.1034926156183364,0.900283011938895,0.7329832600837538,0.8342065313449568,1.4264915226562949
0.8811819398180802,0.7391034021285302,0.7905169390347824,0.6117675363588682,0.23624313499044997,0.0,0.0,0.0,0.0,0.0,1.4356531284206426,1.425355046498735,1.0883406930638664,1.1069016141310668,1.5455082753514526,0.635240905712493,0.9378738759996743,1.3921188834188551,1.5296842031089026,1.0172946594949803
1.6140328679067486,0.44306922516587477,0.9854939559855371,0.9074476493454977,0.1646973455944571,0.0,0.0,0.0,0.0,0.0,1.2826161352697918,1.4224570991554502,1.3193788501588852,0.8961684047732541,0.930769544977541,1.1324121915726109,1.2130342477104317,0.8574582653572603,0.4561221743223318,1.103105940176968
0.9257545373660825,0.6944463483943756,0.53347637199308,0.9325481838831837,0.14844208978429785,0.0,0.0,0.0,0.0,0.0,1.5660753013210311,1.7899249277148594,1.209575803123872,1.10892645152762,1.7278911448514873,0.7222743681279035,0.9755479264528983,1.320326090873756,1.8625109451930095,0.932359399070289
0.9010000416447859,0.43724433776775706,0.4020215627617336,0.30985128888356633,0.19326995740231295,0.0,0.0,0.0,0.0,0.0,1.6814229561112197,1.3590456508719975,1.5402093949090803,0.8428436538786861,1.718745306810037,1.0959467249285784,0.9437102152886686,0.8396766173449479,1.833771985352625,1.2055724893211617
0.2521779747443064,0.12478957658486367,0.13487695672236927,0.29012657806538555,0.08594153600315838,0.0,0.0,0.0,0.0,0.0,1.4878734282672987,1.8451033419249847,1.047525065638521,0.7763044545307698,1.4792569790584362,0.6649555034323589,1.0281060771172192,1.5443003913409459,2.6384288658173065,1.0985707019964517
0.6958831429555831,0.5785701949387223,0.43586758391934827,0.8214491426726491,0.20548224979825883,0.0,0.0,0.0,0.0,0.0,1.3833618317589058,1.371539116721483,1.3470021433268675,0.8911845416472054,1.925014514417259,1.2464543005481084,0.2371014339529807,1.0254420981781593,2.2300208713636542,0.9648586404156794
1.4175286790101176,0.7630610834723244,0.22985005779292694,0.14835234931670163,0.33462466124132345,0.0,0.0,0.0,0.0,0.0,1.4587892371238749,1.050827903155995,1.8029042714756922,1.8523964963094863,1.8752133901539882,1.4195858867116729,1.5493812460757774,0.9447460062098598,1.1075419103460202,1.0833571144100378
0.436045948615842,0.23786226456761042,0.2830187644899572,0.30789759928241683,0.06412959084509548,0.0,0.0,0.0,0.0,0.0,1.8156217357300852,1.734375032281962,1.129033728575592,0.26621797335689346,1.8708291874137164,0.9040830891975221,0.929635404400356,1.4922754692071887,6.037153933129133,1.0747018713401788
0.6223061924039397,0.24026541695980197,0.6503587983513535,0.5005753984203142,0.04257231659631729,0.0,0.0,0.0,0.0,0.0,1.4994347252951512,1.776658532042122,0.9600820058482092,0.3286788637028753,1.7976136933217595,0.6947220244206772,1.089556150289779,1.7885023836841978,6.401827520728878,0.9202032358332468
1.1021821051164342,0.18133987253931932,0.5361784961213584,0.5004873128892819,0.07486160643127314,0.0,0.0,0.0,0.0,0.0,1.112398545123151,1.1537477381998142,1.32469978402049,1.132907170983462,1.1077537716391117,1.3063111117807655,1.412695285005733,0.9820737293076514,0.9949284493087331,1.3766400822318128
0.2362245519523595,0.41046276453057634,0.058688855469201814,0.36392993965148024,0.02262917888209811,0.0,0.0,0.0,0.0,0.0,1.5028036663844653,0.9731776369047371,1.58669711946389,0.6559253459897368,1.595927381511898,0.9253876077449871,0.9955655210142836,0.8439341700906156,0.7637928013547802,0.9875098129434292
0.4606683628176291,0.1578158494221547,0.26121836750709904,0.2703058111071208,0.20729146657437642,0.0,0.0,0.0,0.0,0.0,1.0732742337194736,1.2572698963016544,1.6976298128851408,1.4377762249076693,1.3456412197312084,1.4555402242598527,1.4801282999484406,0.8144360864535855,0.4766966405561557,0.9348240315444503
3.0182110156128372,2.2562984417215275,1.571380899473283,1.5031445058851582,0.600492944358644,0.0,0.0,0.0,0.0,0.0,1.7158755760632136,1.717158505097078,1.2291665563468281,0.9295592353282365,1.518840459719086,0.9914034323457622,0.9629896279376123,1.2849629358412051,1.8567061188286504,1.1930648121685992
0.5742419060990391,0.3531345846067674,0.28369178962765124,0.2903133576319636,0.17858707323726292,0.0,0.0,0.0,0.0,0.0,1.3979417127612037,1.4098259836581017,1.429799619434608,0.7253754001894084,0.6630365948623329,0.8962764297369785,0.8589135236273386,1.2498436751537845,2.857697770128097,3.0466271512012195
1.3342722436388796,1.0127834437151224,0.8554143363616127,0.715680259718638,0.5712613257407688,0.0,0.0,0.0,0.0,0.0,1.477843849186402,1.4635959377497136,1.565037130356374,1.7521932212985314,1.4355551306916516,0.8007927395588359,0.8874770126123372,1.0641537264092615,1.062742714928331,1.3343077141072832
0.7805820704148365,0.7563251044748478,0.4010696376681935,0.45379316483088294,0.3685983218745889,0.0,0.0,0.0,0.0,0.0,1.6450742580003601,1.2946390848485727,1.7533597006628132,0.7234848225547137,0.8382301347957247,0.8082000913761,1.1539395100733607,0.9781015365094111,0.44776138571720664,2.100769544395039
0.10688968226500864,0.13187790816408604,0.06361958413501939,0.24061200130249155,0.14955816956649567,0.0,0.0,0.0,0.0,0.0,1.4550290668894894,1.171666231523961,1.7251979038613345,1.4890305594920192,1.7085400583234474,1.0649899181319933,0.7443547967249612,1.0884632450265816,1.3016137897839153,1.2308037531747769
1.0685474749400645,0.45366685847644195,0.2672017955130486,0.14639665964431875,0.3484201379188284,0.0,0.0,0.0,0.0,0.0,1.003584835306862,0.845609957172564,1.5319473378110635,1.8922361869841586,1.264536319766961,2.015549387642697,0.9009326229728712,0.6911961183437582,0.9262171533789625,1.632133811543678
4.285750554702078,1.5257147580062305,1.7456983223047935,1.1650541438546997,1.313457681459844,0.0,0.0,0.0,0.0,0.0,1.2935918093400758,1.0954765224655496,1.7936826664789378,1.7787483257382255,0.7160805240306235,0.7699100284969241,1.0752337794376479,0.9521536170155821,0.925482707565894,2.6194654714994297
0.5046753558563815,0.3520654765185254,0.20640284459674546,0.08180871710734214,0.14453951554825079,0.0,0.0,0.0,0.0,0.0,1.2526332280751158,1.1356796342394697,0.807728484404064,1.0049595353376126,1.6652041591901225,0.7930711513160666,1.249301518900782,2.0854478859303356,1.2666742158832442,1.1864887262502104
0.8033678729358767,0.19888511317453356,0.30911701802419156,0.23403519234874137,0.5866326914095188,0.0,0.0,0.0,0.0,0.0,1.1726949657491088,1.1192745262083317,1.6051380455510948,1.8700339358846652,1.7381639881863782,1.1759177847471778,1.786688051507229,0.9872656618805259,1.0200216111898188,0.9973644117744465
0.25770706915766817,0.033382302793179226,0.2829202923461798,0.28240931554879695,0.08198242026264049,0.0,0.0,0.0,0.0,0.0,1.6199455921130272,1.8290129829099564,1.4693830286258958,1.869763339942742,1.7146783012378664,1.0971993827902256,0.9332608880711185,1.0128908565353705,1.1088162157795758,1.0633864272741946
0.36403834754518927,0.2839050877032582,0.1684679190389024,0.11774324408703492,0.1651642205599393,0.0,0.0,0.0,0.0,0.0,1.2404591784975292,1.1466918406641213,1.3723240622459654,1.6304697798631713,1.1837396345633613,0.5835417224291568,1.0500650001460046,1.0539643959037268,1.0945984204049715,1.6818699284127137
0.238269080719538,0.0916889029560424,0.09993484036152167,0.13060738746881062,0.12526677856074028,0.0,0.0,0.0,0.0,0.0,1.0670561774999072,1.4213944171992887,1.7574844467680981,1.5446247100924757,1.3392856064392513,0.1401051258011151,0.7562445399529881,0.9522495089226124,1.1998987471913074,1.413836799582144
0.09120197334454715,0.08200748757537338,0.04670902820560079,0.09760756638271872,0.019008829290811335,0.0,0.0,0.0,0.0,0.0,1.4132762675021133,1.6012874194369409,1.7744479724145634,1.2974875632137959,1.1208068896996002,1.0117294302933224,0.7792419643222768,0.942645547297339,1.195695530058309,0.9179221540563146
0.4705556587135825,0.3931671177157288,0.26188580675765627,0.16760885973895875,0.12509661723707446,0.0,0.0,0.0,0.0,0.0,1.4314066645910464,1.3042377477185378,1.320551552344346,1.3090315389979272,0.7556662080313583,0.9398514144999393,1.0514531249288623,1.0166138849982833,1.1091851902392258,1.6476116400355076
0.3580611506632566,0.10612412104551061,0.12180148638655149,0.1113766139840519,0.03042851222416639,0.0,0.0,0.0,0.0,0.0,1.1654855596478786,0.9522768613862792,1.5744701225403757,1.826984386302217,1.488499194117777,1.1178000537990627,1.2319570912857183,1.2540176549146984,1.1506140951881025,0.9701609542615861
0.11516317211278118,0.06095595045229749,0.1573330965742669,0.11875318019357099,0.2290742159502795,0.0,0.0,0.0,0.0,0.0,1.5070529653329854,1.3674465949682526,1.7808904278468893,0.8006078288251461,1.7993342157048695,1.3834446205187976,0.98150562134154,1.0562288986648838,1.6869172008568143,1.039921714303782
0.18588281913800767,0.20409409962528757,0.5019889842531319,0.07034557819268708,0.20553498652204585,0.0,0.0,0.0,0.0,0.0,1.779817353670832,0.9554345017651933,1.1765282458411015,1.4524578795114156,1.5947190769398871,0.963322919452297,0.6224856728640568,1.0238727682207642,1.3324734150477127,0.875983400915461
0.0,0.0,0.0,0.0,0.0,0.0,0.0,0.0,0.0,0.0,0.0,0.0,0.0,0.0,0.0,0.0,0.0,0.0,0.0,0.0
0.9730848687298306,0.267147254428751,0.8873974090596756,1.1834030135646518,1.1189352555785272,0.0,0.0,0.0,0.0,0.0,1.2242128084105477,1.5850950628634515,1.6509653012410836,1.6097183676038267,2.0894982821813066,0.7683911304574557,0.8336555830662363,0.9759822408270351,1.1426400945857131,0.960006488838825
3.2286330451253713,0.4877575178332399,1.335764356658492,3.1427131773928263,2.618503831755574,0.0,0.0,0.0,0.0,0.0,1.8087001140459176,1.7707687779685537,1.3300555671385008,1.550111261669497,1.9914331860302952,1.1283440141651624,1.0306725874126037,0.8539493536603763,1.112109781201042,1.048881365096827
2.688888206113077,0.4545614760825566,2.301143270176339,2.5681597685730115,2.431534652993808,0.0,0.0,0.0,0.0,0.0,1.603350104361718,1.8186146002098094,1.3627493910368123,1.6883074513726897,1.8321125971116679,1.1893302743714964,0.9389993660187016,0.6789004380590687,1.1411686267662908,1.1136657677462818
2.515297730561876,0.16586573812769306,2.21824845472707,2.6124696248300427,1.9136523953756615,0.0,0.0,0.0,0.0,0.0,1.5488423945051724,1.8470359570306867,1.4101224850576553,1.7227820325118457,1.6365320590482786,1.249124609737463,0.8813122485258418,1.0110709346224827,1.146187740147632,1.2547725648529025
2.056705684374782,0.9041683887741243,0.7749178270500142,2.7605173727785917,1.055211591892605,0.0,0.0,0.0,0.0,0.0,1.0980884202902241,1.7663900624716773,1.3536153922498124,1.4085296685977984,1.9052720990163254,1.8189997622244942,1.0327246916219737,1.1470848445643849,0.8551651670518257,1.0820168695682861
6.99447090461671,2.8059500103002835,7.235600947559125,4.253333262948227,4.091151464948488,0.0,0.0,0.0,0.0,0.0,1.9821580807171235,1.8137786691838387,1.9790019098469573,1.5326604784646491,1.7748089618130707,1.0499176217666042,0.9493914659103648,1.0482032566254487,0.9413506205681335,1.0829280351275652
3.707033468522314,0.565587143704515,2.9813526246094946,3.0135676229632984,2.581450051326392,0.0,0.0,0.0,0.0,0.0,1.4707684645353853,1.9762070287632714,1.1875411552953838,1.7460662995006782,1.8121524050745812,1.0785574871919679,1.0200047366681295,0.9707823869946881,1.1625313650043325,1.1321992888302357
2.444936099437109,0.6830703987921145,0.5447270024171298,0.4432446286585221,0.8296336720100767,0.0,0.0,0.0,0.0,0.0,0.9271385534854157,0.914056577603526,1.3647272672418584,0.7822671067487045,1.2153267632944704,0.7745532356530934,1.4876666021564187,1.160551427555033,2.652678564335594,0.9795186818760594
1.4168718267626046,0.08716945391800097,1.0036846950965272,2.156856693277902,1.2096421700351576,0.0,0.0,0.0,0.0,0.0,1.4971529550761948,1.2398809663978183,1.5034732927133734,1.5545880224521171,2.037980282050255,1.237270126603051,0.5989652704057631,1.036086095643516,1.1181916468059512,1.0211116986944297
1.5503487211154359,0.5374541852346016,0.38676373980559986,1.594148234599245,1.173280911208792,0.0,0.0,0.0,0.0,0.0,1.1643057758459863,1.873757449097028,1.6336670083024774,1.5022303367861878,1.9714165798617327,1.498322479154755,0.910236378995174,1.032948614175826,0.8621496760171649,1.0328174004518176
2.910476407592212,2.7704212088257107,2.9175321541223576,2.195340236785912,0.5800258636854873,0.0,0.0,0.0,0.0,0.0,1.495590692312235,1.4859510375598188,1.2949492944791134,0.8513962180925484,1.8316464437279991,1.1061635917654116,0.6665504656599587,0.9976822993103491,1.9330358091142767,0.9613732837116409
3.3640736020768913,1.6069026856393749,2.5706468166452177,2.299978198129705,2.039215163244566,0.0,0.0,0.0,0.0,0.0,2.0619828002635234,1.5305432018151077,1.8690437391332428,1.3958312798464494,1.4706763110069652,0.9668647172792665,0.9631663807299417,0.9874610176997421,1.3388439388203284,1.087085485175858
1.8121323369128723,0.4140886531152542,1.3510548345516376,1.5478084514374397,1.4771499618043837,0.0,0.0,0.0,0.0,0.0,1.6664316169916917,1.9803035044170405,1.282981507474487,1.9448767241561304,1.6608657942477534,1.0878347370987995,0.9532828436074643,0.9868744020623402,1.075877321844599,1.1808160532195067
5.038994378192581,3.904876242502258,3.3932172787087707,4.245942123598699,0.4924838080075606,0.0,0.0,0.0,0.0,0.0,1.5922155231673705,1.3898128612348206,1.3101433055786,0.7949781169603408,1.4246596799275832,1.200372105392554,0.48194629616071827,1.270974407011959,1.3352098775686534,0.8759448772314351
0.835930302716623,0.7371753169459401,0.7078755823153606,0.6042019781003815,0.8264872706654771,0.0,0.0,0.0,0.0,0.0,2.0063715095051835,1.7518578659124675,1.7057073186262377,1.6167866806757611,1.3566046345791654,1.0164492237483378,0.9364192656982927,1.1453351710530053,0.8260500161350454,1.3956101513542538
8.625951584010982,1.1400522321556783,4.3622259721392025,8.67518573183646,7.329317207617008,0.0,0.0,0.0,0.0,0.0,1.5023929157677032,1.4014972884855887,1.3252920824897625,1.5216053521116595,2.0218491048911256,1.2698043448178975,0.8681660897269429,1.0767224604902124,1.0295342704170496,1.0254402538194891
1.718085251025741,1.0027247550297138,0.6754062821557512,0.8557101566758375,0.8781126690111105,0.0,0.0,0.0,0.0,0.0,1.673918937551504,1.4006668571086494,0.9674996971505395,1.5451083104838665,1.6144205525202244,1.1918047078080332,1.3608931316016684,1.3601535527951245,1.226539920942521,1.1926949142798462
1.5509277714765475,0.8998942077676834,0.32518419352739036,0.2461354871828111,0.6534449398098661,0.0,0.0,0.0,0.0,0.0,1.7890658097359495,1.927057734754124,1.9602397905864042,1.2846199248351464,1.8269942682723423,1.1006150843712361,1.0468626840583626,0.9703993763617135,0.8036759929127311,1.1067726583485122
0.4225398012210394,0.07870587508329654,0.2787144879669974,0.2531697856022261,0.5974564641503275,0.0,0.0,0.0,0.0,0.0,1.60263817971179,1.9454259766856916,1.7042458740988,1.7676188552718504,1.277181112611386,1.2268897479933019,0.9888602869771996,0.9810026278242205,1.073902670932885,0.9613950635051923
5.790560212356961,0.5584344815230178,4.148770112690867,5.949315686554326,4.814532047849301,0.0,0.0,0.0,0.0,0.0,1.5093393526133037,1.8263348936110106,1.3339049171777857,1.5649317172254047,1.7577931358194652,1.3231273613888845,0.9412104737627734,0.8552546059795685,1.1023040267564688,1.1859616572410596
16.690253938532265,1.6165979652890894,12.90983317488158,7.792028276239867,10.324140850036432,0.0,0.0,0.0,0.0,0.0,1.6973343399413403,1.4264536261402179,1.9805569382053985,2.088534424367251,1.5615343510206763,1.0960839271497769,0.808903401066916,0.9646257867750336,0.9943562551727831,0.8660439212142772
17.639076812765172,1.5727914710273967,13.344500660663034,11.082360916026087,14.671842215055118,0.0,0.0,0.0,0.0,0.0,1.9677236684932686,1.7032138378018555,1.93184540798427,1.8708893169941325,1.4992154112808207,1.0567534259514781,1.0412717255657582,1.0011782312592115,1.0988067143481859,0.9093833550522207
6.936276923822264,0.0655362730689804,4.384378609237962,4.642946373599268,4.986047251823427,0.0,0.0,0.0,0.0,0.0,1.5747045472924823,1.468642007166917,2.0308583437288834,1.9086221625267064,1.4535417131499169,1.249157172990035,1.0147286260968669,0.9946191759946332,1.0919352867711858,0.8079744301170065
5.546166754733015,1.6478904914523163,6.679675196385541,1.7946254279883669,3.266144932896137,0.0,0.0,0.0,0.0,0.0,1.2275300597911754,1.313876922125647,1.0643496512441357,1.3076545306669098,1.575593247166225,0.08732541194010765,1.2010061487129209,1.3482249767722563,1.5186815150265425,1.046206850147162
1.0167198418780623,0.2849501631308035,0.6553277106037327,0.10813301430142967,0.4817485181479749,0.0,0.0,0.0,0.0,0.0,1.5961184115567737,1.4352726620474852,1.3546526163360584,1.5479291707139518,1.4949964237338647,1.0081555852086022,0.8899036427819246,1.0085338066621832,1.1359404394393224,0.636849894135439
7.335564899732068,1.0879729089576178,6.176783289558921,2.7217364002879765,4.604888005530268,0.0,0.0,0.0,0.0,0.0,1.7208887330888278,1.2854536762133049,1.8955380409036935,2.0773136502191223,1.5849595614457421,1.0675594458576225,0.7839122652105647,0.957302168950858,0.9808896075695623,0.8615669791022479
1.4786421442443392,0.4591783216957149,0.13834820954450008,0.7012680510947729,1.020563064022964,0.0,0.0,0.0,0.0,0.0,1.6208602169603152,1.5503073140894597,1.3796076785146354,2.0079432142856586,1.5761689998693598,1.1596511770598446,1.3289164186305424,1.479720352128285,1.0218263979399502,1.1832654713489912
0.6812226950657927,1.419049920943986,1.5835278214346171,2.2110887023918404,0.0919131255628519,0.0,0.0,0.0,0.0,0.0,1.3342695581655941,1.6002000624403991,1.4168222461588982,1.737253414733259,1.591117260360436,0.9002299475808844,0.8348429856850245,0.6919198669191576,0.9442541112811752,1.1110545570541048
2.868151894484261,1.1270765846302857,3.870890745442896,1.9500904738478138,2.2665934521535913,0.0,0.0,0.0,0.0,0.0,2.066313818600835,1.8762849632358345,1.9071082378026978,1.5389211837796464,1.6850210920766544,1.0166284992386008,1.0076552219425376,1.0883535788117034,1.0129457157071897,1.1266097700982638
5.779535779776706,1.5177143349113569,1.0989185117622065,1.4977397378333224,2.7876492567895763,0.0,0.0,0.0,0.0,0.0,1.7194789358776483,1.614874137570293,1.7627512035001556,1.7852843087426258,1.5067263121086143,1.1326437228725756,1.0002100531868539,1.1312155795413017,1.0089903026270708,0.8886002032429049
4.859726088191897,4.165369545321109,3.441130409060895,3.317381379741872,0.8361704434736292,0.0,0.0,0.0,0.0,0.0,1.340358529751874,1.2883145367636561,0.954674490443368,1.0768668502224878,1.1265292310138135,1.1356179390058747,0.6846176872977274,0.6312788576422244,1.9046980934420155,1.7519085522158355
2.0189170316752207,0.7267127182731832,0.5220474487278752,1.5846337081945099,0.4468854006158457,0.0,0.0,0.0,0.0,0.0,1.4831677945226651,1.3525579329308792,1.5232590622973599,1.3393518132599236,1.9292098210247917,1.398942848117516,0.9208315710810823,1.2990648914962373,1.483629327198835,1.0403185935703587
8.905208552118985,6.1917365265424085,4.739355326808805,4.721749334315121,4.053046551793544,0.0,0.0,0.0,0.0,0.0,1.0414791803465118,1.1035519266812666,1.070424917175017,0.71962765530737,0.821362606841667,1.0310239415887124,0.7992028930150767,1.307732624006174,2.5591349567092454,1.9260430034088616
26.345859869074513,19.898500867058196,12.48317671971186,9.004514114064143,8.275225929423772,0.0,0.0,0.0,0.0,0.0,1.9573898721554577,1.9680843295813062,1.883025941447426,1.5696157495214178,1.3827259920699315,0.9997997325326989,0.9821499669185916,0.9537651202324559,0.8632997616443445,0.7767427870990332
12.286230187632144,9.357986991414618,7.764480863485471,6.221190422197894,4.921572998647119,0.0,0.0,0.0,0.0,0.0,0.9510222153327726,1.1525001215815807,1.184595024013744,1.0455495254085747,0.6118690194018067,1.1863112882780544,0.9007136522613712,0.39496755589611987,0.6718086516368047,2.8091328512446974
10.552571128027793,9.360599026897866,7.207910280547642,5.239347977073393,4.591029912544529,0.0,0.0,0.0,0.0,0.0,1.1496751083312486,1.1292246213446233,1.0833732520040813,1.0767117951490452,1.2906801873877758,0.8379799690308081,0.7527881224464021,0.931251733337427,1.354970191274064,1.4871296483731669
14.841782911018381,12.666766979985105,10.463231257171262,7.414778767255434,5.68080083125541,0.0,0.0,0.0,0.0,0.0,0.9316394353492061,0.9332232669171141,0.9449378280122253,0.8409293743446846,0.7865288812422138,0.6136310784407996,0.9199239661809497,1.299922218807949,1.1529652286285768,1.369403050884961
25.800354012377653,20.73338277733011,15.959249544689186,13.275109569187649,6.102611974779316,0.0,0.0,0.0,0.0,0.0,1.4505347948278053,1.4334746117827175,1.0465238579409435,0.472165305977595,0.7264926833911973,1.0276122114264128,0.7885990111689357,0.9473362002720984,2.6942241273316454,1.999994342937264
16.19768815972266,14.710422186340825,11.714766798936427,7.862945921511129,4.396082254944956,0.0,0.0,0.0,0.0,0.0,1.4080478260935734,1.2675790648261451,1.1018661374778613,1.0151097883518299,0.9472445117524995,0.9046276928532117,1.0392900815345871,1.10217376569759,0.5485982752705075,0.14908136971775474
27.39366630758392,21.036599268139977,17.492238248493287,13.743820780020801,14.911357823309444,0.0,0.0,0.0,0.0,0.0,1.2653655580671297,1.3127460896608794,1.2251273752206677,0.8201986160177192,1.0333774279592387,0.8748132507196476,1.0290328907005544,1.3629315707826217,1.3088647336695751,1.2434726385285175
13.26267938330074,9.361158415363171,5.91803548019743,7.500851473320749,6.182462732981842,0.0,0.0,0.0,0.0,0.0,1.0216579758453077,1.2771391175421019,1.1069147028587139,1.1715912957921362,1.0132123904423849,0.7708213007486943,1.0745506230155601,0.8272523947342169,1.5093810721863556,2.015617970941018
9.918525496061257,7.741515028998654,5.547136595673096,4.163288967990392,4.138178601586219,0.0,0.0,0.0,0.0,0.0,1.0002316231780097,0.9964309604087299,0.8845796611116573,0.8160683149562556,1.173888949505108,0.9414653799211913,1.0630270657555245,1.3098431114042595,1.7783865712175224,1.626747341446913
17.715144494140596,13.695526461895625,12.91762481856397,12.54877396707268,10.604912652422499,0.0,0.0,0.0,0.0,0.0,1.0521003752364513,1.2151022924542532,1.2009542412026935,0.9758523282283378,0.8078338262817609,1.297214145975111,0.8989255778523839,0.6493323759091848,0.7896849161396388,1.4688617677952684
1.9999129037922068,2.3593119116573833,1.8502193305132733,0.8971873678619445,0.7957161813938026,0.0,0.0,0.0,0.0,0.0,1.2368747510534328,0.7806018402945895,0.6753922929143333,1.167140527488049,1.4003307053848166,0.6713048272595494,1.4100590460740283,2.0562117830721496,0.8522052064411049,0.950646544350868
1.2890711553833767,1.6320181885314693,1.8140851164545047,1.4896989813645805,0.920430279144084,0.0,0.0,0.0,0.0,0.0,1.5107571714386985,0.8443413501697423,0.9967179790132511,1.434097738595699,1.3992598222895163,0.9967121408413986,1.2937924266013734,1.7780750333185624,1.2855602061441016,1.063123130540854
30.211808899277713,23.527970806687712,23.99971562233569,24.688770357847353,20.12136844565104,0.0,0.0,0.0,0.0,0.0,1.1936701220006596,1.3363728137658795,1.2723217896375363,1.0578510493097517,1.1467013799054453,1.2225092999518565,0.8910845047599631,0.9718742578279834,1.022535072346104,0.8437040366092766
7.834064586218526,5.329922269153986,4.47768762349956,4.37193932774553,2.723381823125945,0.0,0.0,0.0,0.0,0.0,1.356252933619775,1.449618063474405,1.2499895734822806,0.7035805211187743,0.9742874197592705,1.135119582091944,0.8528427643366941,1.0460188536876796,0.9884906154665803,0.7144829011906491
32.549573237422024,27.114603618031985,22.35542705457835,16.290840723876173,9.962762107933912,0.0,0.0,0.0,0.0,0.0,0.9911008849350513,1.0509202502742618,0.9706821574825027,0.7686435787551025,0.7437029221898634,0.7830309730050435,0.7257882043391047,1.183825435347661,1.5972618883848477,1.7244543595127426
1.5012310896963035,0.47528350853580675,0.6861927272148097,1.3985512692850341,1.1192559379800304,0.0,0.0,0.0,0.0,0.0,1.6933797979866847,1.8618145990616277,0.7458300368323701,1.0904202451824816,1.5580996512895002,1.0670436440466882,1.0694967920914844,0.8861478254647993,1.2899039020803849,1.04213504249698
18.34932459063718,15.339713889295798,11.74274698179844,8.598828859097207,6.606831351464171,0.0,0.0,0.0,0.0,0.0,1.4089709787425166,1.4183475587720538,1.466514841881167,1.5466316814111827,1.4589480128884527,0.7749237834408657,0.8810864435769377,1.0179560536096304,1.1050723846703512,1.2693729319753202
3.5195429342638547,2.737903909050595,2.0176439855650607,1.1165973483804983,1.3072518749185513,0.0,0.0,0.0,0.0,0.0,1.5098075276127838,1.4231667609846692,1.300349860577644,0.7379962071715398,1.1569349695601288,0.8658203248900016,1.0241772441889543,1.2497204444733903,1.1615889755525812,1.7867078792378057
27.171244347174763,23.08534276221823,20.648653485543264,20.338492532796607,12.955463413966186,0.0,0.0,0.0,0.0,0.0,1.3670717691113303,1.3019638644298284,1.1789208133923834,1.0197287392226864,0.6777350124605975,1.083988224588819,0.9916253197856315,0.8460331522985701,0.061146085306934626,0.20242858393191016
38.96957576009525,28.28749684719017,18.963302246510345,16.52608725827945,14.706309635513467,0.0,0.0,0.0,0.0,0.0,1.2412968886022535,1.084516484337611,0.7442243373260574,0.9807747382251947,1.5107306362941706,1.1863208314480438,1.1359955236084054,1.1103528197051995,1.9868439103693742,1.3649829408448932
63.484482178660144,38.50208438468031,33.72859669691657,27.407209393630616,21.223901783736643,0.0,0.0,0.0,0.0,0.0,1.4086390167967442,1.372091269802297,1.260572377769715,0.9184762199764958,1.1165259460950412,1.156799274615858,0.9914410107480708,1.2105405428993814,0.9845389498763856,1.045057682790401
30.269906691225277,22.37185872150224,14.550572653076022,13.162839884517092,10.771853750340258,0.0,0.0,0.0,0.0,0.0,1.0664245437269073,1.0841600873868782,0.9427257037943314,0.982726210720468,1.5553913296190265,1.1171844028659255,0.7706348744529522,1.1205481640774593,1.8501688555585953,1.318560737755655
30.65919686830771,23.200464836000002,16.017567446815466,10.268379882097681,8.949266731555133,0.0,0.0,0.0,0.0,0.0,1.1742588043822524,1.0265115815612074,0.8154097696765921,0.7194354235151146,0.837961882206262,1.3188404116012515,1.1748355285210654,0.13517603175413634,2.2424014504390217,2.355834726278583
5.514612216983485,5.0001743171095026,4.229434688382333,3.415798901098964,2.7430747327295313,0.0,0.0,0.0,0.0,0.0,1.6146254715891533,1.6312520386067109,1.7437944265062242,1.7975930892269922,1.609593392202733,0.8230188217193668,0.9457606708532211,0.9253463614791065,0.9078975312379818,1.0487384928738552
29.665362164010997,23.294232084985882,15.981276543773685,11.29091418756493,7.64107262919539,0.0,0.0,0.0,0.0,0.0,1.1851099472333282,1.2426804902060846,1.2391658527133937,1.2019790070266587,0.5979417810455164,0.9473855414768343,0.8847442019156466,0.7486162231452187,1.113887380082931,3.201638092161023
1.1883499257456362,1.114433977575458,1.1552117254787166,0.9904873888951189,1.0766060994093007,0.0,0.0,0.0,0.0,0.0,1.8803821764269533,1.9048915628332423,1.8277855933345646,1.6435059198127386,1.5413290349383408,0.9591310631809019,0.9629642227813817,0.9610510443751638,0.9133988450832456,0.8803165241622629
4.73719439329505,1.1873133998027616,2.8776754308200045,2.8329684227796585,4.096203559636924,0.0,0.0,0.0,0.0,0.0,1.1394608701887223,1.75377318025403,1.763901419538045,1.3359162868192236,1.2875078204824622,1.4154708201000359,0.9557252418744333,0.9332561867997562,0.8483667641561364,0.5152369821199838
28.952808372129475,21.488618618880704,13.547285179855852,8.774003056233315,7.669791058674922,0.0,0.0,0.0,0.0,0.0,1.2407605998012137,1.1060029626394634,0.8815026284780608,1.255860583486359,1.6090194869152972,1.0362956944624921,1.1264016423397891,1.089797522647609,1.4237823543539383,1.2843362921519565
20.8037034238753,16.014814176814863,10.342070857271162,8.933058916833371,4.286616062356655,0.0,0.0,0.0,0.0,0.0,1.362408969329988,1.3548388366327104,1.2867355077605842,0.8466418109662046,0.4025675226727378,0.9043691504192525,0.7511096822440468,1.0824501533988897,2.0496350007284727,4.24185038293733
4.637480055302161,4.284990343758281,3.1190855208537727,2.5447064135015935,2.7384309782394203,0.0,0.0,0.0,0.0,0.0,1.134508759360264,1.0170907450432762,0.7925019907715742,1.0066142728136063,1.6677906518737795,1.524730812422874,1.133385832314337,0.9058744061732527,1.5839925799594472,1.1532595227960087
0.33289365921332703,0.2311359065187772,0.24209082936534881,0.34483196664076254,0.35576447136769007,0.0,0.0,0.0,0.0,0.0,1.179284507409921,1.0873488368024482,1.4936316258578703,1.9513295208045982,1.8857538791574122,0.6700003412969513,1.2860001395137959,1.2212255159096967,1.0052635396813665,0.9718553252945101
0.0,0.0,0.0,0.0,0.0,0.0,0.0,0.0,0.0,0.0,0.0,0.0,0.0,0.0,0.0,0.0,0.0,0.0,0.0,0.0
5.057315982801352,2.888523950227414,1.5968003946138107,2.639879251509693,3.5614288293176863,0.0,0.0,0.0,0.0,0.0,1.4449138823928782,1.828146683345777,1.640954499658332,1.17750936345312,1.6919425105673103,1.057587929710901,1.122510871141787,1.186613495796072,1.5571675547742438,1.1301215888483014
5.318747988041281,3.509868749352755,3.629127428694094,2.9940201423019017,0.5597271313551806,0.0,0.0,0.0,0.0,0.0,1.6844669251070923,1.5912727329980059,1.3984218596901812,0.7871047002489133,0.34039304628779893,1.1163080499442788,0.8552612435130209,0.9014645323145232,0.36260754299319986,2.674815413240586
3.1339906614719384,2.131112169723594,1.3909020350775236,1.428386656232964,0.15423676966505423,0.0,0.0,0.0,0.0,0.0,1.59770317628955,1.570729164324613,1.8359072259121072,1.2670581433671897,1.3606099143560386,0.9438306910069136,0.7103633177850757,1.0394177101646564,1.50987017445319,0.5053676203657541
4.7703252652862425,2.449913925197944,1.6499914185842535,1.464447597893746,1.167215553809135,0.0,0.0,0.0,0.0,0.0,1.4081546171901909,1.3690744045281034,1.4747850458952299,1.7651358197594094,1.8597261284034015,0.7500111672406404,0.8761069063628294,1.2658193724862716,1.1878703639787733,1.094836138853807
3.373002677777889,1.6763527487849135,1.9945120401555951,1.7761103247880148,1.8413136041784604,0.0,0.0,0.0,0.0,0.0,1.492423723962955,1.850617082375259,1.2886048678510031,1.285525159218445,1.9098228501997676,1.0168182131943575,1.128826299175397,1.2537812503268115,1.4131632103926837,0.9840480695684699
7.277154279857766,4.257432052126789,3.9346019672998147,3.9509561741070733,2.120689775721198,0.0,0.0,0.0,0.0,0.0,1.2255573026151099,1.3805277337543467,1.0655656169032277,1.4716784714633522,2.016285885260871,0.2303988709119551,1.20370193151087,1.5250644327549348,1.4025790632010349,0.9738720423084181
2.8932887485028536,2.1091465595481025,1.5048335710802807,1.3044670051070255,0.1956960153492863,0.0,0.0,0.0,0.0,0.0,1.5586314213340147,1.4682802773374117,1.0270015117262248,0.369413159911021,0.5037624435966512,0.9905784200377914,0.7518261394847047,0.6318367278407695,3.6104566249959236,3.7256671684139
2.791629686083379,0.918162126919378,1.1584950813111456,1.7198125072925552,1.9209165528784649,0.0,0.0,0.0,0.0,0.0,1.8061312526113584,1.8139523201359453,1.1946215251559802,1.9302935483183588,1.485932447189687,1.0768412478309495,1.083277477931647,1.197513231758106,1.0862128482699867,1.3722256288324717
3.73771890176181,2.481144004103083,1.2005540353398283,2.3053553839739056,3.5524971482642416,0.0,0.0,0.0,0.0,0.0,1.2986371465045305,1.6747717412134036,1.6597750676624283,1.1676451461693809,1.659273111106505,0.8367252237480419,1.1141313813646365,1.1436056946519901,1.6886955975662465,1.1771925084594796
3.8569198179448554,2.0780777665597485,1.7757742858074521,0.6083798895462051,0.5179584127696594,0.0,0.0,0.0,0.0,0.0,1.481518707052921,1.6223159826461744,1.2819878993619571,1.5771057631931076,1.8890638213052313,0.690402757162369,0.9265474513138595,1.340065917640268,1.3189656685717206,0.950234767915896
2.1488020781902994,0.736381855875711,1.0692299939582277,1.0023410352578697,0.4659395573437434,0.0,0.0,0.0,0.0,0.0,1.3255685904544574,1.6674671672281456,1.5895293680224378,1.9588467993304706,1.9797855308854522,0.6496191544521278,0.9147485866500942,1.1801917599624083,1.0730101773382548,1.0312113377295777
5.018424584378939,2.717502659668707,0.7699658876110096,0.8105041825561466,2.2022350745095,0.0,0.0,0.0,0.0,0.0,1.7458687631326786,1.7213590169896031,1.2222313996599035,1.545364026949373,1.4052831728689896,0.8811699092858073,0.9263719133765072,1.2239008731952843,0.9955240375649971,1.1443361625025097
0.29724686121023786,0.29958694010047704,0.16899877778781028,0.29821676288319704,0.12755155321499692,0.0,0.0,0.0,0.0,0.0,1.3974223983147058,1.4161702457364542,1.6330426070147903,1.2869720140314855,1.573281948592326,1.1555843670261288,0.4438525016528453,1.0253890983670835,1.440341853591281,1.1609162442606915
11.05749697496399,5.298201106063302,5.546467442057924,3.7249027407023276,1.5733787209014358,0.0,0.0,0.0,0.0,0.0,1.407087248827934,1.5840976742288408,1.4507654696030636,1.7457085856306969,2.0248819474556905,0.5944836079221274,0.9083231717408939,1.2759648301644644,1.1941964490616888,0.9924727094972418
8.909159725391522,3.6031111231521415,3.5209716279238514,4.973421294710813,2.4455579682541626,0.0,0.0,0.0,0.0,0.0,1.387815174349088,1.4604387274367687,1.5853813528475598,1.8952982314992257,2.002352248607389,0.7847525219430058,0.9359401304499807,1.224903990576399,1.1085295027460813,1.0349801703065438
1.638651388578929,0.5199331644909135,0.08934931102328125,0.484815969430636,0.7408908308111148,0.0,0.0,0.0,0.0,0.0,1.6364532263568508,1.620623193866256,1.3566752651315421,2.028186304622747,1.9262998500376838,1.2183221225114675,1.2190126967030444,1.4280446714616506,1.0296183093756177,1.0132254740958446
14.24252779389395,8.923557474434922,5.726640777038581,4.334207517736843,2.6119421186108567,0.0,0.0,0.0,0.0,0.0,1.4287223193472178,1.5372398828313132,1.4628676607861428,1.6425098420149382,1.8412619342801853,0.627712367361135,0.9153199209191255,1.18468845216667,1.263000896388498,1.0384387941682747
0.8634508665416071,0.4750179773556306,0.1721627319478589,0.7631458036066107,0.6832373231125379,0.0,0.0,0.0,0.0,0.0,1.0801363363377685,1.3831886986634438,1.2896372713790343,1.2442270301202363,1.3779561356736807,1.9242592365772915,0.7336261247891486,1.5905798288099087,1.404258786751199,0.9155933370895825
0.6609677340456198,0.564231101972821,0.48420903879941646,0.3152566557915218,0.27804919554404695,0.0,0.0,0.0,0.0,0.0,1.4653228632113422,1.2628549761890726,1.5083702546373448,1.568426056531236,1.1577019822088546,0.8565878134159084,1.1515844629473473,1.113016302619594,1.1308951156052756,1.426549351691249
0.6273011684959541,0.12829280575678287,0.435371564349992,0.38233740578241926,0.45861345129760195,0.0,0.0,0.0,0.0,0.0,1.928831063084066,1.2300638324674815,1.77020041173317,1.6524784407145652,1.4844865814478472,1.0892863495054865,1.3398393265108812,1.1504390167779954,1.2388154758663505,1.1277337290259826
3.4048735977910063,1.3849363008022413,0.6476606394765303,1.2127860614457353,1.808065300654397,0.0,0.0,0.0,0.0,0.0,1.6899940466288181,1.3778528694321066,1.5089632840025802,1.6168648550550326,1.4684494260839527,1.139650750763209,1.06112337605033,1.0463065036120438,1.2759786678686138,1.1472768559764517
3.4234861192517285,1.7098280828883243,1.7390535480077411,1.2822607330905493,1.712536249151904,0.0,0.0,0.0,0.0,0.0,1.2787025239601502,1.5607870622652618,1.6874620647544893,1.2074857313735015,1.88576004926602,0.17712513053788057,0.9581694828176591,0.9949134225057766,1.6033578675082325,1.1102274128652767
4.953396772221418,2.5725429251103367,1.420617155262144,2.7042073734939978,1.2730954301693682,0.0,0.0,0.0,0.0,0.0,1.407796496591308,1.4225621792262835,1.8821928043359653,1.5053126780243336,1.3990945046818688,0.9981835297035668,0.5784409496361423,1.0229122957422867,1.31389802363383,1.2912622224854542
0.42502292518193896,0.35305058230075836,0.4166152702208734,0.2514651735892338,0.5720344571215417,0.0,0.0,0.0,0.0,0.0,1.6366083599290921,1.637338820950153,1.4015053192996207,1.7748774918368568,1.4352354921716628,1.0343998442512716,0.758630611198421,0.905008994893434,0.9675061931192461,1.4171875471720845
5.539843109883513,2.185096824987556,5.702346622928282,2.941032074232768,3.9221279848274655,0.0,0.0,0.0,0.0,0.0,1.4603509143114957,1.185746926104499,1.0697327504444614,1.7453980498648956,1.8053557100719246,0.8909556002482608,1.710531292560053,1.1610974976530928,1.2066589874304774,1.0441266278781753
13.102373404266615,8.28662922849168,3.230910369411009,4.077987019189482,7.613714439590398,0.0,0.0,0.0,0.0,0.0,1.8125770732299917,1.6841118162079358,1.3378477908633215,0.8957607435577366,0.9943930967617369,0.8972232610031577,0.8955439468111864,0.7902049580601147,1.6107769760838355,1.5841115961185295
7.289051501765411,4.18938533842377,2.9698595252313376,3.4937215830510895,2.490542987455014,0.0,0.0,0.0,0.0,0.0,1.2845951465987397,1.380016226026782,0.9186549154172806,1.8084947628710608,2.0789573964548254,0.8649556734982008,1.2609636332066534,1.8340219517646597,1.1497457697070304,0.9971224318735926
15.809921103564125,7.179992946239641,3.8069969444888265,8.175171284775455,8.41800311390084,0.0,0.0,0.0,0.0,0.0,1.3580507278340082,1.5771065143920235,1.158559979535963,1.5143368739528142,1.8822410224275168,0.9015423220322801,1.1140791646602688,1.3840852479080716,1.3685825748934393,1.0843432738857781
7.427154154017782,5.04812188945804,2.700050563068927,3.3630132696913257,1.3255602983839339,0.0,0.0,0.0,0.0,0.0,1.5973475606999008,1.677785377378433,1.5596613872373453,1.0692541062722756,1.131897284749865,0.8007332989566337,0.8776080491713205,1.1191456323288198,1.9317715862591682,1.3960307540962327
2.839473683101545,0.5511657198807995,1.6839692517493485,2.169754135814954,2.000166439638982,0.0,0.0,0.0,0.0,0.0,1.6352899883642404,1.5869255543355345,1.1870419956335305,1.809582327896086,1.9163319674393824,1.1140997140445914,1.321003061964112,0.900832923627656,1.1290838567353518,1.0728934364605733
1.7435395692277358,0.8078503325300399,0.4326314171130898,0.4672881617049437,0.34707800273068384,0.0,0.0,0.0,0.0,0.0,1.5549739436584034,1.45064167101205,2.1194583587895903,1.5757979256998906,1.2877019021640375,1.0236615212158706,0.8912593598412946,0.9514239377975251,1.1573518893372534,0.5626117855232373
7.705242714429389,2.824568232334185,1.87939479663743,4.231015648342127,4.789874490941978,0.0,0.0,0.0,0.0,0.0,2.009505798951668,1.7418131935575079,1.6774188220224793,1.6786788651906148,1.66012129019566,1.024766271921232,1.064824985754761,1.0712577876996172,1.1760568492784866,1.1357575647929785
0.5705171529543595,0.3389235383432908,0.44698391802241416,0.8592024771402229,0.5949277572997571,0.0,0.0,0.0,0.0,0.0,1.720856555610528,1.9079408962910078,1.3563359214949005,1.7670694772667763,0.6820743277283516,1.0853682139319885,0.9359128164553143,0.7862769294845846,1.1019612487070007,2.162862033271922
1.0956395685939708,1.023068062543939,0.2261766918272845,0.4187688466568895,1.1382592734172627,0.0,0.0,0.0,0.0,0.0,1.6038111870169842,1.661640777464379,1.9147246994316296,1.8492653873411216,1.720911896975457,1.0163076603568473,1.120742877177329,1.0772118815372387,0.9517953592549948,1.1922599635821565
1.3172701640587492,0.5229438723949381,0.2940742793406194,0.8747123549727508,0.920432283988001,0.0,0.0,0.0,0.0,0.0,1.132015860026131,1.2245850437968826,1.8508988647327658,1.7096871446504436,1.6562197715807918,1.04169830930819,1.130188086293597,0.9450819135046358,1.1948462564405298,1.2695682300661595
1.0981650753870338,0.7646438612689364,0.617856645644,1.2048075743308244,0.5642979937374448,0.0,0.0,0.0,0.0,0.0,1.4609371722742357,1.9082384936085706,0.9670803070628909,1.9880952268810854,1.5737188518647063,0.8832430036280192,1.0000750801203677,1.4216274973103566,1.0268312331137852,1.2559790381146774
1.527082865576606,0.864508212245438,0.6290019402824729,1.088746589508769,0.13189383982100972,0.0,0.0,0.0,0.0,0.0,1.0916139326811252,1.5017356260907442,0.7708454526014211,1.4374749593292242,2.0389326308653586,0.4670561457922696,1.167312100311352,2.23961942308385,1.4370513119538657,1.026583575638347
2.5808166476205012,1.2838923356139653,0.8206709595742,1.5341526845121378,1.1818101211312488,0.0,0.0,0.0,0.0,0.0,1.2557775306590113,1.292513720014083,1.3853165416863658,1.7286233148861785,1.777403392104604,1.0135702712582675,1.046522837599848,1.308610074956099,1.2097031179507987,1.1766008719393912
1.0989108021149279,0.8699768935827128,0.20516780157150133,1.6870902528756204,0.6719458917179735,0.0,0.0,0.0,0.0,0.0,1.2906921006455812,1.4164867462074195,1.9308926456822553,0.8643013531912094,1.2490899683704813,1.074469577883114,0.8224754134514597,0.9128113246645888,2.010828848941254,1.1746930228874266
0.6846825306894494,0.42390518030875424,0.42582035734865575,0.8495540683268776,1.0973071427028978,0.0,0.0,0.0,0.0,0.0,0.9024687477127504,0.924984549388244,1.2477370745113279,1.711390929150172,1.7388652836324694,1.8130716688896868,1.8151065814636689,1.1302638985246511,1.0016091838893257,0.9312427502251117
0.8205651722807754,0.9228128613469107,0.92997603325963,1.0141207062385835,1.1175678720019362,0.0,0.0,0.0,0.0,0.0,1.446210758751985,1.2484499207405346,1.0322769418668445,1.2376121936538989,1.2034332186414585,1.2619116151084495,1.336938211372416,0.9861120763769913,1.035358034417589,0.954109480788341
1.3929302300705553,1.0509435600906043,0.7952775280051032,0.7436578460887786,0.5742375338001546,0.0,0.0,0.0,0.0,0.0,1.1975425948734484,1.2986551395786485,1.4179873294633476,1.2962440806865,0.8789661940193516,0.8593370812346973,0.9213670176628826,1.1039795092939853,1.374794606832311,1.652282110949591
0.1434764479344307,0.2295040057188094,0.17313912472322418,0.16665259813445227,0.23409989656146563,0.0,0.0,0.0,0.0,0.0,1.325915698225003,1.1442013109781102,1.3309537246386147,1.5616347329913483,1.3062412680759483,1.2352471507523444,1.0115632479240164,0.5306079676991433,0.8745026710058572,1.2947287165418124
0.9011758621882147,0.42401131559130983,1.13000886947049,0.9089632176501986,1.4231491828599663,0.0,0.0,0.0,0.0,0.0,1.7487616536293722,1.1374870631636442,1.3189417808402442,1.4671510104728158,1.1892592011761998,1.149856535178696,1.1666268958082218,1.4422225475877988,1.0731865209796692,0.40048956186720147
0.1011527892193417,0.21545635551458595,0.11650896792221635,0.17337655877527602,0.1861394236297168,0.0,0.0,0.0,0.0,0.0,1.3479837652199875,0.4476017342294709,1.409292085340073,1.4285930366994093,1.0835509863843387,1.0801351466264089,3.648159788328724,1.088302682771403,0.7438968127565423,1.329103076573404
4.308916589331776,3.6885038779771775,3.392069543026082,3.026504230497417,2.0851489467561386,0.0,0.0,0.0,0.0,0.0,1.5558351455141777,1.4302949061523649,1.1584791950185593,0.8939896023389113,0.9285410745847699,0.9593504054271113,1.0351671802890547,1.220917950892491,0.9618229749223149,0.8235872642733872
5.2451645456178095,3.407634335861313,3.33301875452631,4.595381410428473,4.08055585288968,0.0,0.0,0.0,0.0,0.0,0.9732861999551584,1.1181420650194425,1.2204018817928954,1.5460329765591823,1.7413604275588126,1.0809020184125047,1.0997932293034063,1.2368747315713948,1.20437041217506,1.0241820946328102
0.4464742299286241,0.39049063717669996,0.2369081490210065,0.1218079352143352,0.3790641945662129,0.0,0.0,0.0,0.0,0.0,1.895655371327595,1.345112182050223,1.1265598133249217,1.6703682962015232,1.8454036747989933,1.0990562914178081,1.2577352605886745,1.3900536347276322,1.0369192999109966,0.9763107412410681
1.5105879536651818,1.7020851008954145,1.177506374594297,0.7975766723337585,0.6293345327304599,0.0,0.0,0.0,0.0,0.0,1.5120503482775283,1.2176894471644082,1.3320615274758523,1.6855654364439079,1.2809989423214625,1.1071329078149341,0.8141009644145846,0.7775933308655898,0.9715098252514742,1.3609862352039341
0.07291546738599872,0.07819553981482429,0.04973205612471722,0.11161833070409713,0.0573701070387327,0.0,0.0,0.0,0.0,0.0,2.0097736941960416,1.772383648486379,1.6479098134794845,1.628768517420359,0.8623446068661114,0.955131091968306,0.9276704745977268,1.0163803168845733,0.8306360577244166,1.777773870543362
1.3758473616275988,1.0906806390842982,0.8401643810677829,0.4954181892535763,0.5422611812000685,0.0,0.0,0.0,0.0,0.0,1.2790898555497454,1.107547699758296,1.0754741438887854,1.3563729553669541,0.6188992037200092,0.7610007775738732,1.0344022161078752,1.451014349103675,1.2969988640903005,3.1049654768989483
0.14233194907654126,0.16907644869575483,0.017833521784090672,0.1258146343008441,0.16417751149526658,0.0,0.0,0.0,0.0,0.0,1.2818509774496794,0.8811228983644988,1.3447590982157906,0.977725212436707,1.352589865353904,1.1489473751227537,1.2038558250850255,1.1691824471238896,1.5417096382919668,1.5125146851874989
0.7429336588725558,0.4484640373483903,0.2557452940998369,0.17431491808937707,0.1432924053480931,0.0,0.0,0.0,0.0,0.0,1.8728452695224556,1.5141989821869986,1.0388091040701122,1.3509081692078047,1.988149569046558,1.091198922272453,1.245293816092106,1.2617216912451303,1.158859232687039,1.057287306636548
0.9263604290643601,0.7757769275366042,0.7959684144158473,0.5967751001262557,0.4490500187680144,0.0,0.0,0.0,0.0,0.0,1.3541322753192861,1.3802570220068924,1.3253452896927995,1.8601101657278551,1.9432297877105476,0.4369783842780763,1.0604623474281742,1.2794473397244515,0.995520117961766,0.9245175958228616
1.0632918944358152,0.16302582921333034,0.2949740345565978,0.9964331571171314,0.822142776495812,0.0,0.0,0.0,0.0,0.0,1.7973426612459291,1.3116921397815513,2.05172202550618,1.8492752986061374,1.9562562276783397,1.125519129642643,1.1930927169063819,1.0252630894641739,1.0877287388249848,1.0148111410786071
0.25581094428526463,0.17738310802391627,0.2264103779001147,0.36593128090506233,0.4688361561540987,0.0,0.0,0.0,0.0,0.0,1.2566835478542815,1.6398450290345787,1.5765557454631987,1.0257157501252983,0.7679958186209167,1.3913120608419662,0.849901980809865,0.7750018694766505,1.4103028367077655,1.4217582602411203
14.374706688720574,10.773802753264688,10.596768916424114,11.652891969174757,8.058347082157953,0.0,0.0,0.0,0.0,0.0,0.9027483725668263,1.0962952119564624,1.0667420917268928,1.1701475865074655,1.299178230453942,0.6305737644239685,1.1065016022576326,1.1953336476522356,1.301714583692206,1.054076689261785
5.452642365301719,7.291094084022601,3.5185425214468915,3.522953292181961,5.8842476635252705,0.0,0.0,0.0,0.0,0.0,1.4608578383682116,1.7118794318358956,1.1203757186336483,1.8146188137955481,0.6893913473780519,1.0791598384134196,0.9412132668746955,0.2385606316693424,0.9714007134361056,2.9158052152553338
1.9610185242360747,1.5563928677457688,1.4505678739205994,1.6039829292484433,0.6135982316095439,0.0,0.0,0.0,0.0,0.0,1.8455895119098482,1.6886223593238812,1.3074759903943538,1.160065171541769,1.319100443816158,0.9308900311947497,0.9625689650902504,1.2523839172940854,0.9700975824430007,0.4713581327913563
1.8016323329047002,0.658938926670454,0.20647936411995885,1.2357883451174634,0.5241324209840494,0.0,0.0,0.0,0.0,0.0,1.5468277727502748,1.9489053088407027,0.7589711801835227,1.6148808442686127,1.9765804247374223,1.2392429340814812,1.081614458015147,0.6157706887290221,1.2638700797131928,1.0660919756471943
1.1602478061042398,0.9529544681794047,0.9053876958498916,0.8536901271568068,0.5343261743075405,0.0,0.0,0.0,0.0,0.0,1.2304096255448371,1.3553847076368224,1.1454818702330203,1.0516118321522216,0.9931215431909849,1.2211723934754257,0.787117855930536,1.002708271144727,1.3893144303864056,0.7206692242219982
3.465109647328866,2.134971949469798,1.4895067003258895,2.0659136873281594,1.7866120727222667,0.0,0.0,0.0,0.0,0.0,1.0074367414314354,1.166803133711094,1.2615962300590655,1.445856823493548,1.5370082514954984,0.8169539235810539,0.9894636142807369,1.1666319709987651,1.3396747452526212,1.2686705964670382
0.4496333791554508,0.12802451985104962,0.042713857262440744,0.33174976462569794,0.5998357780485202,0.0,0.0,0.0,0.0,0.0,1.9343957667537346,1.9643312794357317,1.1573809370741437,1.7220411944843024,1.8337329184855284,1.0734757690198613,1.0420804661152445,0.5670041161418565,1.1569208136684075,1.1271340750412995
1.2572276459336966,1.08606440029521,1.0777271848436627,1.6713537843082313,2.417815162607845,0.0,0.0,0.0,0.0,0.0,0.894702385205842,0.854013637410042,1.2068969804300211,1.5224691700183148,1.5710482127395287,1.2620223045341048,1.3565216727592926,1.1004070299617552,1.0710394678238009,1.0552434965909796
0.0,0.0,0.0,0.0,0.0,0.0,0.0,0.0,0.0,0.0,0.0,0.0,0.0,0.0,0.0,0.0,0.0,0.0,0.0,0.0
0.4601497388813849,0.7673822922368294,1.690145209203673,1.6283729005524532,2.701109389064071,0.0,0.0,0.0,0.0,0.0,1.196525594126594,1.226570066510606,1.5212089310279764,1.698343923492829,1.2673139548538692,1.217501897209784,1.7083437576780338,1.1796110156455133,0.9960035605633754,0.637113831013805
0.19678825742306683,0.9520523100927807,1.163278053039558,0.7809654610243241,2.1017920103613417,0.0,0.0,0.0,0.0,0.0,1.522558685723676,0.6898102234144771,0.9971005016970206,1.5830206211799223,1.1464193120814774,0.6787966027131691,3.0461985671867837,1.696161302526604,0.8854626461714452,0.37901631551810694
0.4456435485459204,0.40903005591666075,0.44919721468560264,0.3826014954430524,0.5998767168790662,0.0,0.0,0.0,0.0,0.0,1.0329586789223613,1.3976661296490875,2.061289509787257,0.9704641380955584,1.8811909225479853,1.5502220566811094,1.451543601152726,0.9998107544761845,1.4620216309351315,1.018496737382204
0.2821600276098558,0.4346319643074999,0.59207938669049,0.3564757622389096,1.1388635026226894,0.0,0.0,0.0,0.0,0.0,1.1394789215782655,1.4777512575436285,1.9271117920703866,1.0025556057796827,1.727366473848486,1.4406392952484424,1.402855861206534,1.0761062209224157,1.2009283287359502,1.1352343849218889
0.972386538151415,1.635641371631649,0.5452647594444713,1.1556354240259463,0.6285424420080806,0.0,0.0,0.0,0.0,0.0,1.7843691721392645,1.6524421336211386,1.4553247559222269,1.7616959496169606,1.2940601070733684,0.9329050259616075,1.1198999492349007,0.9306457103519793,1.0348698191648642,1.1250822699967855
0.12073461942379604,0.7164874987226011,0.5864651957552609,0.6038907106196103,0.8523574935588485,0.0,0.0,0.0,0.0,0.0,1.5913095670028004,0.7299676006142715,1.5970429255744147,1.4127979957504737,1.7058354717150224,0.985683920346378,2.8447246185704738,1.175189601053527,0.8183846704179826,1.0027740898862827
0.8370406823316399,0.7091340605815095,0.19318694285453988,0.3773538697234187,0.5545040420644815,0.0,0.0,0.0,0.0,0.0,1.9038981144981144,1.5157944505956384,1.3877289892707538,1.552332175114537,1.7316095004614631,0.9353863074784987,1.2289283557143051,0.7736944868611227,1.1510904371107153,1.1996765652309613
1.2804759652602127,0.4651854431642389,1.238813355362484,1.2817999169842689,2.0222280093741145,0.0,0.0,0.0,0.0,0.0,2.0766919440111007,1.0566485678489739,2.0269132125979326,1.8741267589236492,1.7212117100739341,1.010446511513717,1.489726795866789,1.0163969874032113,1.061464788263515,0.950566645438883
1.5474567822766654,3.5080112184740004,4.118809838027339,3.808180968180823,5.652236325525958,0.0,0.0,0.0,0.0,0.0,1.3649719825393871,1.098845789244083,1.4190925973948365,1.6287692255267687,1.2952543506244398,1.0518839321870481,1.847210162992595,1.3259258741215012,1.0043995244097887,0.5680441805241748
0.19397983281421738,0.8255274389724645,0.578655676885519,0.6068807875378371,0.7360096072883259,0.0,0.0,0.0,0.0,0.0,1.5505528046556452,0.7444082915918374,1.6153816509994021,1.3397603193412864,1.80727528173366,0.9139472776008251,2.73717664731655,1.098493262230122,0.7545600630877507,0.9728074977039538
1.4223150048587496,2.863647428501814,2.7534599400026876,3.6065563264361167,3.6538115596708587,0.0,0.0,0.0,0.0,0.0,1.2508960467889283,0.8997030041932051,1.8325760317898037,1.2630244195179727,1.739784303543314,1.3185732161038333,2.2326609815596044,1.115852211537145,1.0231767668958485,1.0173725881624136
0.16496075465746146,0.3610791207649724,0.5463192306737672,0.3652312536779379,0.749502333124549,0.0,0.0,0.0,0.0,0.0,1.7654885030755456,1.0277864791120588,1.94774146687626,1.5221569485617796,1.7653999841236376,1.0696598531168349,2.0472579564732007,1.0261244371764493,1.0636115261923478,0.9959437657908259
1.9594946763755938,4.5323712728588825,4.35764519637076,3.062487603015927,4.622475599769363,0.0,0.0,0.0,0.0,0.0,1.410365419851793,1.0929059171618098,1.3840150914058242,1.6863651587188686,1.2952829238863581,0.799095971078263,1.7753932343301577,1.3777021911002516,0.9339295524029128,0.24242183553563867
3.7012520100124475,4.798279073715058,7.303878964566995,6.996331098784762,8.320632918623051,0.0,0.0,0.0,0.0,0.0,1.4948131648991947,1.1038628449257335,1.5096896910336708,1.674913398958159,1.3373511475748792,1.2238555461171605,1.8262293669532657,1.2617961420909143,1.033385482997102,0.7157619869157946
0.08145749107486358,0.41421444433784604,0.29111506347817984,0.29374515986486804,0.8527894861364398,0.0,0.0,0.0,0.0,0.0,1.446948729157248,1.1654555110592066,1.6937122053578066,1.1726560981758292,1.8632681129922053,1.136400269331586,1.767672963914294,1.1111036664159541,1.175804951779808,1.0542267708810464
0.4792715440104667,0.27719948224748636,0.2986248759307738,0.24693313305036807,0.6397101993024357,0.0,0.0,0.0,0.0,0.0,0.7950060330497795,1.9031995530093528,1.5323974490608545,1.0181076248010643,1.1687961923575059,2.3230897415802465,1.0954809181355554,1.1058426517264104,1.6734023851104045,1.0953035730216185
0.30291939566020243,0.38618283728659997,0.4381045486501433,0.27508478165424,0.3034359567180351,0.0,0.0,0.0,0.0,0.0,1.567727574868431,0.8839702272245488,1.9388914669257828,1.808830125054325,1.7514898848638574,1.0483167496678185,2.189369616177355,1.03908136724019,0.9784501431744325,0.9727645527131024
0.7183808477020796,0.6469522460727285,0.7072822179107321,0.25674641368587403,0.6172866940283173,0.0,0.0,0.0,0.0,0.0,1.7605775223430715,1.4570990141704827,1.3264094674702118,1.8530318014065745,2.0641853499555762,0.915161383981232,1.1872149462621107,1.0605374652016157,1.1050644328865271,0.960958484206877
0.16315932096939662,0.18621990159429863,0.024702075358162177,0.24180457220052093,0.3222522276081396,0.0,0.0,0.0,0.0,0.0,1.441914332648949,1.5220571783239787,2.040167575028624,1.0767031487064314,1.8554557667088118,1.4471297238813816,1.2685765755895404,1.0308615984386749,1.6395638376900008,1.1061006192916456
0.10265767452702394,0.3295534123156936,0.39097288736435054,0.20719635890624533,0.6986794848742364,0.0,0.0,0.0,0.0,0.0,1.544659109338679,0.4981566045746573,1.004661847647939,1.6153471239928334,1.2472014587842204,0.907718427229693,3.957719251673997,1.5323318054005706,0.8734611033988499,0.4556082205712455
0.4004044118278848,0.4329364550810012,0.29257374407205394,0.5738909527332511,0.6633347754730616,0.0,0.0,0.0,0.0,0.0,1.3688047200458764,1.786655370821588,1.9641878619331992,1.16288056984295,1.0768421873914888,1.1761089822336976,1.1233682561249791,1.0630686699195329,1.4057354398594668,1.3133476898566854
0.711777296414834,1.9493661747309452,1.7691561289917033,1.3141474381038516,2.652427827612272,0.0,0.0,0.0,0.0,0.0,0.9181255477731581,0.9288824803075878,1.4764143506944738,1.561106095543294,1.7478130535035459,1.7781005026166716,1.9941713127285836,1.0329484649402967,0.8605639461909633,1.0004034103241477
5.557740273499734,5.4605881789839685,2.2976148664185465,2.4506303593214023,2.762570492106045,0.0,0.0,0.0,0.0,0.0,1.8404750825860827,1.5764868991374081,1.6984396624904181,1.2799115377684462,1.5399189644109066,0.8949744481385951,1.1503450978724823,0.9829222085691258,0.5464332809411948,1.3086446414823172
0.3103515634358384,0.3672776827249685,0.14370247313734763,0.4351608901976497,0.6129489422457617,0.0,0.0,0.0,0.0,0.0,1.944460275121286,1.074677302666858,1.9551190690068756,1.1820469482934985,1.7031850361839678,0.9639233879252203,1.1934899166985655,0.9388219070293271,1.2784026009174807,0.957719807309711
0.4087763997026409,0.10834385045685953,0.4369576143607115,0.07813180103043064,0.6082373545646865,0.0,0.0,0.0,0.0,0.0,0.44677393523823644,1.5142133269657791,1.1639996023509027,1.4036190423575274,0.7918130834719337,2.9266655713950134,1.1163421971285568,1.1506767050516733,1.0054464677300763,1.7054127004157293
0.14624029937208483,0.1998939486358161,0.14864959060225824,0.07130760074056794,0.08134919512887022,0.0,0.0,0.0,0.0,0.0,1.6754058743895301,0.9403921060073365,1.987574850711546,1.5011400730080382,1.8060658957947409,1.0805305517431243,2.157167329088777,1.0235335894156992,1.1115579951838088,1.0483596511041586
0.8205740069597798,0.8834872004296045,0.48261592597170366,0.3938221603742301,0.78775862018715,0.0,0.0,0.0,0.0,0.0,1.4706429539288375,1.2278371854703702,1.7774127781861453,1.5101509126515091,1.623876687072338,0.5439429140685264,1.4553609676288048,1.0871997586665534,0.9474254428948493,1.0914296830662704
2.749736169743316,1.1566436385614487,3.7926199306728847,1.181374169359481,4.725582740569177,0.0,0.0,0.0,0.0,0.0,2.036315668191927,1.7190575138811393,1.9227266857886876,1.8478084700830222,1.6242796531123944,0.9491751438953951,0.9294235671056013,0.9782982354115513,1.0129277337430875,1.008515270302466
0.5834593763960209,0.8298079577063249,0.6412333645557756,0.5945565680476511,0.5215073689789492,0.0,0.0,0.0,0.0,0.0,1.4402885531226626,0.6795069516984477,1.9116405284472684,1.7893325486769456,1.6968689853597054,0.9981265786976683,2.698557076693931,1.043363607508078,0.9839461453883778,0.9678451312695197
0.3840205814207234,0.4989655028040888,0.3898796970898519,0.16878699166532973,0.5656423170318553,0.0,0.0,0.0,0.0,0.0,1.2448111449310368,0.49041030913579897,1.1210818367101092,1.628079523286819,1.1551965710377479,1.3065863092213015,3.8201398408232707,1.7107684925007882,0.9439369415364384,0.02620197360726096
2.7246219508654406,2.1011955616079594,1.2625843632701383,1.4168713385473883,1.38323978961385,0.0,0.0,0.0,0.0,0.0,1.8383857372626309,1.8232046698879338,1.017867156674001,1.8230082439790602,1.927416166109561,0.9429066015510251,0.9314131473304208,1.0676695434621937,1.1055353969513961,1.082239200991193
0.6648149523421478,0.29803958469335856,0.8815829540804547,0.45420729939971577,0.9292592826547764,0.0,0.0,0.0,0.0,0.0,1.8881033232419213,0.8569491901166897,1.9894461190918573,2.0132247699892702,1.7633087328657624,1.0891233097881525,1.6742318627847868,0.9911675656053769,1.0006812416524546,0.9206422743270533
3.777822493409478,4.326513907223482,3.7790199669138245,3.2923360966969057,2.6357875469743735,0.0,0.0,0.0,0.0,0.0,1.5741364192929703,1.2739082732660612,1.019193290148853,1.2843524371881394,0.9481117005828752,1.0525744479012602,1.1412617677733137,0.6242353407433329,1.2451943361621185,1.5904374618092683
0.19895208920972476,0.26503419779436854,0.4181417380222553,0.31647394796246686,0.34600057010264906,0.0,0.0,0.0,0.0,0.0,1.2067860660707395,0.9299607002728828,0.7100271371100794,1.1473282508994964,1.5632512391853097,1.123144955203972,1.6267384694432288,1.2651906647094762,0.40252832217540235,0.9729733428240637
1.6416882288310208,1.6225030073576003,1.6900684109494055,1.2152025819411136,0.8587053139536378,0.0,0.0,0.0,0.0,0.0,1.3916739019907,1.1605501923782695,0.9436436586195264,1.0413296761478839,1.1700298200513197,1.0972544954112717,1.1597104231744082,0.7668630325899362,0.8218913685849495,1.4239183246333191
4.72391387788157,4.281011312022512,4.038099787551767,2.907067308989836,2.1445712916036546,0.0,0.0,0.0,0.0,0.0,1.3795402212219985,1.300184539497074,0.991221463118315,0.9722961234793014,0.9976747396862393,1.0477821050306286,0.9859406258643633,1.187542442474517,1.1410745576639534,0.7779938014273831
0.7409116786319221,0.5660421429439099,0.7866831298771336,0.2584302386087435,0.3021169488643551,0.0,0.0,0.0,0.0,0.0,1.4184462193674914,1.4437895577075548,0.9134414796938062,1.641121271979304,1.579910091854549,0.5091347228630145,1.1297700560955684,2.289024613453135,0.9847745809464367,1.1431076693579143
0.18541438100948382,0.10669201813497531,0.19447997162978817,0.25820511353517117,0.4224310373451356,0.0,0.0,0.0,0.0,0.0,1.7260591751265981,1.666673423731074,1.529542542030913,1.6483935731615484,1.3213389073418742,1.214641864190781,0.8904616467861701,1.1744566886869061,1.1449432780397728,0.41906520424259136
0.17029952522034117,0.1310857246963995,0.06596238378220458,0.21973443673473056,0.19151549212958388,0.0,0.0,0.0,0.0,0.0,1.198273247454963,1.5498595186339374,1.7550077665094184,1.3916994257159572,1.8427462136621326,1.3423543828815065,1.3495620251144134,1.0840773537943278,1.2310774496112409,1.0155304983266416
0.4340680260889537,0.44879766717803504,0.3624712342735602,0.33707337240819557,0.44236304469491144,0.0,0.0,0.0,0.0,0.0,0.8547712399616936,0.9470621888630966,1.027746978589704,1.0549880554982796,1.0991564329987158,1.1883929259858967,0.7264771150951808,0.9107207188007517,1.1826328213889372,1.3704866280254573
0.8637244932676904,1.3361660623498817,1.5453476579003196,0.8993918939960481,1.186597749502227,0.0,0.0,0.0,0.0,0.0,1.7674960546195095,1.0851168620438436,0.6843762980833281,1.6986739247697682,1.7561348599296782,0.8934907057861874,1.7412932020607934,2.229239048656834,1.1270461787442851,1.1465795680556066
0.12502151993624308,0.20334230537165882,0.19629202478967658,0.19737299184531956,0.21185633092068817,0.0,0.0,0.0,0.0,0.0,1.822937716638231,1.4071086820703522,0.8837357383207946,1.898741089943932,1.820134107027243,0.9376575371864245,1.37195601487413,1.5778638280117319,1.0712524184706682,1.1236282224322243
1.453879077662551,1.452910114564627,1.7824428680827864,1.140657150370888,1.0885648191399069,0.0,0.0,0.0,0.0,0.0,1.308813550058851,1.1740306114247319,1.0393648766071513,1.7340882167789669,1.380197058584402,0.2669598693701469,1.3871820821723928,1.9358278272533618,0.9208118206318949,0.7222976462871952
0.7741151693407817,0.8282191815634011,0.7967711429154373,0.5095340714911316,0.437051081411731,0.0,0.0,0.0,0.0,0.0,1.5583598947516821,1.2547869479563016,0.8734761935480704,1.2340467596765203,1.296041170746306,0.9768734503534022,1.1831842340033496,1.3371095599032958,1.022153920695194,1.182494089346006
0.48491714061400176,0.3501229127827185,1.1975993564516094,1.8599316091833042,3.070068866379292,0.0,0.0,0.0,0.0,0.0,1.1207238170850982,0.8283526135015485,1.3960595998198024,1.4347077509218482,1.5654304257219462,0.2977411194679861,2.2347108090384564,0.709766881218087,0.8289335977469382,0.9924085517593743
21.489504007308806,19.1951293927512,16.204524618729472,12.147941454188842,11.974893158346894,0.0,0.0,0.0,0.0,0.0,1.3064127620030035,1.2298096872651672,1.1305939358294723,0.9407060052196413,0.7827045370921532,1.0311087692062768,1.0272280013788935,0.9267132678696792,0.7010935752049399,1.7964402769625134
1.7241138976890291,1.4051428586324872,1.1979137056721034,0.8657162353968129,0.6014499156892702,0.0,0.0,0.0,0.0,0.0,1.5017326403537758,1.434141642144866,0.9808180134849105,0.7617863392731274,0.9964724202211581,0.9919707572080212,0.9091984226587166,1.203659934153845,1.5468770996694283,1.2514443838093485
9.463375706894274,6.851238193444351,6.1919592615640155,6.691258006820533,5.746923604978144,0.0,0.0,0.0,0.0,0.0,0.8247059700490129,1.0464113757048348,1.1048666207722952,1.0344978916614347,0.9422743386744024,1.111080761501441,1.0192989783874729,0.8082606934004763,1.049362156257163,1.3572242127057965
0.03697272190332287,0.0106244027195075,0.06951799163587999,0.033745276523786755,0.03941192776724243,0.0,0.0,0.0,0.0,0.0,1.6179984977179738,1.7485032370163527,1.5802537332825555,1.7111726054858707,1.394400885888275,1.1532597143116399,1.0944492178865777,1.2203980900980222,1.001494951567546,0.9065184403306613
1.6442509723992156,0.42140433803437016,0.2064737686240615,0.22031202547657358,1.0830960848847906,0.0,0.0,0.0,0.0,0.0,1.1702462256963322,1.8608634121019976,1.8948810550633182,1.605068163193363,1.6733286426239935,1.2980466829099762,1.0461113812692824,1.0875109124850013,1.150462950996124,1.1472665671221995
2.4259357029870454,2.1224055216480746,1.8716677013394958,1.3883138762575327,0.8635164474175063,0.0,0.0,0.0,0.0,0.0,1.3527822785148458,1.3153568948525276,0.9773922289098155,0.7700814306053494,0.8933166488606933,1.0090739857190565,0.902976192566518,1.1763473752618616,1.5133340347475974,0.8557944979138943
0.5781322958060983,0.5729490427382046,0.6641597039615311,0.4243493021924708,0.2341408508318715,0.0,0.0,0.0,0.0,0.0,1.2311753432760741,0.9454917148378004,0.6505106337860312,1.0316558288421607,1.471472931001206,0.903101434267826,1.02155416794032,1.7067957789925305,1.277568937464853,0.880794479211948
3.180970668186707,2.122488344370437,2.278430842605839,2.371350509677362,1.511745840031283,0.0,0.0,0.0,0.0,0.0,0.6528161647924013,0.96186940735375,0.9660664921661051,0.9681757266718867,1.309182457354224,1.2191630942426706,1.22167963793389,0.666679777979021,0.9483483234509944,1.0826748827252126
0.7450335693681092,1.2624009630122468,1.4477992393653492,1.2911231182833016,1.3636939703216817,0.0,0.0,0.0,0.0,0.0,1.5035146819125753,1.0394364727377583,1.0662055974403397,1.391262866971055,1.289223236639586,1.0731056696013004,1.5044801512794153,0.7992654307396586,0.8539059465442229,1.1171822768573516
1.3429085484480423,2.2884966510803264,2.0680392391697824,1.459274462030387,1.4775527696628155,0.0,0.0,0.0,0.0,0.0,1.603150582052004,0.9416105030218052,0.7373915127866595,1.333837209030508,1.4860783753801925,0.7713992014113575,1.9075195933378937,2.201741691896352,0.5365103242677866,1.1270034783428933
1.075858995039181,0.5068090410383691,0.8228399610740113,1.0874338702566413,0.747043947840413,0.0,0.0,0.0,0.0,0.0,1.2286880964031242,1.3576747249125747,1.5663223502540897,1.1625183599309072,1.134611187482606,1.5550077188026525,1.3091170820663176,1.0827709287447758,0.2320112485321482,1.22300228996839
7.429832422958116,5.6907189165840295,5.49103092780383,5.6184260079674395,3.9118212004900066,0.0,0.0,0.0,0.0,0.0,0.9335544675352555,1.0694736402998573,1.0189499801881823,0.8427084347062929,0.8335221425923767,1.2835281901122806,0.9788586308519194,0.7366292129930593,0.7037473688184536,1.2914950895348598
0.2602493021238149,0.1762107179300992,0.11032421258388676,0.17093262765915657,0.2876060371443854,0.0,0.0,0.0,0.0,0.0,2.0513588106624874,1.595952562039155,1.7168571677133555,1.6275159909144552,1.149975938018157,0.937866640986747,1.0200376536864608,1.1177635955035934,0.9984944670388518,1.231021157497005
0.8188067482733281,0.5364478863895499,0.4601771377107008,0.39810296326517025,0.30119357003834624,0.0,0.0,0.0,0.0,0.0,0.7073780193317066,1.4974875153584162,1.244995164613341,1.7586897088005704,1.4549955767446088,1.8574347999750902,0.8882167412120301,0.29363644285560603,0.9620918129364876,1.3009864402826146
0.8975095252439637,1.9166656879661872,1.4780556662891045,3.7085606036072405,0.3289752200092768,0.0,0.0,0.0,0.0,0.0,1.870758742184369,0.656122586302715,0.9829405012832971,1.2510228966103354,1.6236122067379644,1.0878443338420436,2.535659269266023,1.604023573466005,0.9400828795612267,1.1529883046318559
0.13207687335925206,0.20241189747144023,0.26962734402240546,0.07199990684189769,0.2040308220431387,0.0,0.0,0.0,0.0,0.0,1.6889408186951351,1.4026484990137014,1.1843593664476968,1.5487068687750076,1.800353052524992,0.9424937681119914,1.3116871023864558,1.7016914780720618,1.0113505985340296,1.109591278805455
4.916116825779021,3.126775317128341,1.3817297460990723,1.6591538109321413,2.9138524354517807,0.0,0.0,0.0,0.0,0.0,1.7906273794170267,1.6444800778095117,1.3282253892773215,0.8698209834796721,1.1867322211674756,0.9198188669217112,0.9128436324390508,0.9539553298343502,1.814665315235066,1.4208638867945846
1.3891030110314986,0.5797490255125528,0.5648108848610618,0.5235706153146953,1.2775759633079302,0.0,0.0,0.0,0.0,0.0,0.6271265285221499,0.9704481809527007,0.9397570308604279,1.6088311000803333,1.434076935387978,2.8356276327961814,1.5660737532572462,0.6606561390937776,0.7868021345303969,1.165949590793684
0.021194979851919184,0.26240651471695553,0.32030833287542226,0.5133528847133222,0.2409123821265681,0.0,0.0,0.0,0.0,0.0,1.6690199996633457,0.4614748812806462,0.6927718143612288,1.284080948632884,1.5576155975642703,1.0996027624192029,4.152794670535383,1.340655939713107,0.9144842759864019,0.9985298855272691
0.0,0.0,0.0,0.0,0.0,0.0,0.0,0.0,0.0,0.0,0.0,0.0,0.0,0.0,0.0,0.0,0.0,0.0,0.0,0.0
1.7578499074027012,0.26697700367392646,0.13069076840423977,0.45662777068242644,0.2820803642613904,0.0,0.0,0.0,0.0,0.0,0.7318085479427583,1.194719713429178,1.3306946020878645,1.7029324391289218,1.4237961124840437,2.1724452923924935,1.7047802327179324,0.4100341365464724,0.8595547235816462,1.0602761965438552
0.9923121892847255,0.32004971474280225,0.7731835728256758,0.8153197377686556,0.5118466455009403,0.0,0.0,0.0,0.0,0.0,1.4055516189855157,0.8397601430828966,1.5917879801389356,2.0327479213934003,1.8215132715193305,1.1026889854441082,1.6096190565352535,1.240512295359415,1.0117392251350918,0.9932397433461501
0.6050408394186719,0.22474783051110733,0.09931669163037948,0.21896471083559418,0.0667163560619539,0.0,0.0,0.0,0.0,0.0,1.1533559123989285,1.7366399454479096,1.8466495219763566,1.6867318690070856,0.765999036723158,1.5149261485409407,1.1322032976186467,1.0437483768013793,0.9159563766335457,2.557570381745001
0.9687273584189124,0.24830632075255576,0.15618344338062956,0.6745379613137555,0.9546916313680633,0.0,0.0,0.0,0.0,0.0,1.218354618608776,1.1717052717039746,1.3183953339408603,1.4281629346261608,1.4687622190885858,1.6460733527635845,1.794661000469194,0.8618485472618999,1.0531299429196368,1.2026975558531128
2.9223192686426684,1.0872297739335488,0.12884662516695183,0.9195357516967217,0.8232726481744589,0.0,0.0,0.0,0.0,0.0,1.072298282289761,1.154673856518023,1.141876500989944,1.822182633763425,1.8355085348228481,1.7540585785039888,1.7720277156631488,1.5237590910034724,1.1017471182201874,1.1154998271723542
0.390261336302795,0.05827142745075148,0.04728264838349008,0.20657016188882976,0.10727262407222435,0.0,0.0,0.0,0.0,0.0,1.2680918778469408,1.0666064068491394,1.85802581428782,1.9311449841765504,1.3557402483153735,1.6197181391233966,1.45156968889903,1.1317860260363155,1.0797919495371238,1.5218140547144805
0.7468748599368116,0.3895424474506505,0.20037436389408336,0.22002627378598535,0.0769109970950386,0.0,0.0,0.0,0.0,0.0,0.8608327847242666,0.8554635491511562,0.7888837029109549,1.221061913731447,1.9215936268219478,1.9970686788210157,0.861753823186926,1.9356359142775528,1.5276087458700496,0.9562726643664868
0.698843257069816,0.49440059097260214,0.16549291189522236,0.04376247581714459,0.0676837253078658,0.0,0.0,0.0,0.0,0.0,1.7882583584668001,1.6820324644583537,1.708715067654184,1.2187319327467927,1.5629628176185806,1.0469092874261379,1.07544037217899,0.9807814823807939,0.6602787333536468,1.1815450421605993
0.8942755539502414,0.4022598428738352,0.27442169362910157,0.43521151483940274,0.17383156473327555,0.0,0.0,0.0,0.0,0.0,0.8821096005057448,0.9448396795617818,1.5727487538354181,1.5531443077174325,1.775784482063693,1.9372948390417613,0.1316694169150127,1.1673316727793377,1.229979252650332,0.9453959707823955
1.4778125983810806,1.656451025185349,0.7732596702482718,0.4144854732373635,0.619780696103821,0.0,0.0,0.0,0.0,0.0,1.5199003474678272,1.2077625440188375,1.2502847246463893,1.780339472080481,1.7467627960912548,1.3329533633904773,1.3432454442465975,1.2377528915976272,0.9559506463115994,0.9366399038811558
1.2813342116798516,0.20876192362982476,0.33695923295587604,0.41564652127847906,0.4630902581276639,0.0,0.0,0.0,0.0,0.0,0.536177212613373,1.417215894983539,1.351481758911578,1.4535814298630263,1.64295442080238,3.014546381558621,1.3716893869793891,0.7654309761960304,0.9943409808039392,1.1135916940015893
1.6850466446426828,1.3623610660042442,1.1053649432545058,0.43985414622484675,0.9844975569106935,0.0,0.0,0.0,0.0,0.0,1.5585731864605445,0.872708696981624,0.5847180035496711,2.12517930351069,1.6596229260603423,1.142179853698851,2.35464813826369,1.6414151181386434,0.9691226104960502,1.14026319967731
0.557408715970349,0.2507177120802398,0.09428518726906923,0.3758924375156989,0.4191985381740427,0.0,0.0,0.0,0.0,0.0,1.3517710039715696,1.5141140070308978,1.3622389746413734,1.4350958723675313,1.715295527464195,1.2573438459905246,0.7599124400213274,1.2968317581665867,1.3443852568289538,1.0506241524537496
3.382077411684949,1.3875759934430858,1.5928840514955895,0.9919018258163727,1.614349468010872,0.0,0.0,0.0,0.0,0.0,1.2527411834136466,0.8641315285184278,1.7797783622342367,1.4593024498783003,1.0067781906215658,1.337531544391875,1.6385378465274891,1.0447470236540521,1.3312783780858652,1.3460863088912953
0.6528677439398096,0.30900251762309766,0.14546536543686417,0.2512106055193123,0.06484658516557672,0.0,0.0,0.0,0.0,0.0,0.7026056686256842,1.1777017358930117,1.232864553918883,0.7284951916477466,0.8924357592026597,1.5221621231826394,0.506771192142653,0.9131995039737579,2.260940428650938,1.8080115498558824
0.6679490394388502,0.6106378564954991,0.28028140530909845,0.03827371542761225,0.0506540897233703,0.0,0.0,0.0,0.0,0.0,1.6822598963472157,1.4941087995140019,1.431239658862968,1.4760423337284583,1.926629407845698,1.1368563832286684,1.2228548805882131,1.27787105447594,1.2775839462764476,0.9942992888854253
4.085751810311171,1.2368196141203414,0.6039783562220296,0.6404237197899574,0.7175350721993689,0.0,0.0,0.0,0.0,0.0,0.5939687142739906,0.7800560344656348,1.4478023341569066,1.6932289740588313,1.4786990325901828,3.4009366716777594,1.7229992463737083,0.6692795045892456,1.0293372920262673,1.1587949369574368
0.3014615898750136,0.27899474615433817,0.10364865124816729,0.11424716532062507,0.048128144729426,0.0,0.0,0.0,0.0,0.0,1.723550224471744,1.6053442785947536,1.9265254922876345,1.3608660956958984,1.377937708891458,0.9633927378260357,1.0527554034293714,1.0013990919692104,0.9531155098239794,0.9689714427631316
0.7482883338850981,0.47412140956725607,0.1618301035820117,0.19311636884734384,0.37374983780310755,0.0,0.0,0.0,0.0,0.0,1.2327532145519182,1.1205322658736365,1.073450998597775,0.8129070914974209,1.1775662601476158,0.9396708709420903,1.13366195357256,1.0703748511759068,2.5576871185103855,1.5069174060751231
0.1028669081329459,0.11273685467060002,0.04221174264130667,0.03532068868710715,0.08432495989628748,0.0,0.0,0.0,0.0,0.0,1.4699801569052562,1.027131776076634,0.4690366660622412,1.5273888186899376,1.5647287241980885,1.2177023149785677,1.6106933773440655,3.6258253078643254,0.9206578170336255,0.8661011490722351
0.2171324415866518,0.28312163913272653,0.1316609603735911,0.24772802058787796,0.4333525876189145,0.0,0.0,0.0,0.0,0.0,1.6893631309521433,1.209786101042363,1.5092281824029368,1.194312497035492,1.7463128594296387,0.8530548719243446,1.16889724022096,0.930403601840943,0.49582081461881966,0.934404211090816
2.069074647286815,1.184707551156998,0.482268312212052,0.3835397293593612,0.5375563859525252,0.0,0.0,0.0,0.0,0.0,0.7543710587676407,0.6770204230655698,1.392512499668291,0.9326677549719622,0.8422612327736263,0.7920756907885697,1.8681355015729075,1.1873305699920604,1.7909528124934504,2.387863267643757
0.3269492968996515,0.38114738796888087,0.13664898962293218,0.043904369120230526,0.08755467079068628,0.0,0.0,0.0,0.0,0.0,1.6926758443069805,1.3333587454585476,1.6656504416691817,2.0138057897134525,1.8424540688300233,1.0653512113520789,1.2245265620557815,0.9835501084467754,0.9520950959346175,0.9526904853529136
1.3579172946255906,0.5540944271764418,0.8650029103612169,0.8128006945993989,0.8754576584700169,0.0,0.0,0.0,0.0,0.0,0.7634587706087304,1.481273985609451,1.4448755368706296,1.2455651714950169,1.7826679987914398,1.0128340363131996,0.8856927326877992,1.1142314496541803,1.3484455914193498,1.0491432143162711
1.1734572553460567,0.693808930309674,0.33710261986810686,1.2642243650247666,0.12113787063653289,0.0,0.0,0.0,0.0,0.0,0.5519069099167231,1.5455887636108723,1.2887770141619515,1.2486778694324014,1.7491504879703335,1.9291668039715923,0.7658907178961512,0.8399296570962592,1.3911916419575001,1.0609735556591087
2.513436496815798,1.5948785603360762,0.1345646061667081,1.1284800666016748,1.9493065915806436,0.0,0.0,0.0,0.0,0.0,1.6238445821759189,1.139950995562755,1.2310069521758507,2.025940005214111,1.9545026602116498,1.195346369575109,1.7570011905447551,1.5369399618360993,0.9743312200173527,0.9911327472894877
2.041171149527461,0.721600769113007,0.10005147798118612,0.6155050456669993,0.3610471687600294,0.0,0.0,0.0,0.0,0.0,1.2274002038840575,1.1353683814517348,0.9549109116450499,1.7038240565483287,1.8469139945769921,1.5934696897300842,1.698416918899294,0.13182684110999573,1.1843241625438075,1.0879159743746487
0.7697708747584092,0.6306701368135008,0.22185520344759152,0.15816535041471994,0.2899553462575817,0.0,0.0,0.0,0.0,0.0,1.3719798610547558,1.0485123728100672,1.897635516202509,1.3777172959597717,1.2510281282550617,1.0395436492903722,1.5600125290247693,0.9434300284850787,0.8815045780027625,1.4400973097993135
2.547902342444283,0.9879893229268284,0.23166794246105585,0.1496072889429906,0.3191803591067458,0.0,0.0,0.0,0.0,0.0,1.0255253632862835,0.9084221538920444,1.5950648199952764,1.5672024263629243,1.5528354804842495,1.541423950403487,2.272299363061758,1.1478492082237435,1.127873012785512,1.1103482292009594
0.902705923596379,0.9974770516973587,0.3301350493932669,0.4777193661830905,0.931567354208806,0.0,0.0,0.0,0.0,0.0,1.6023654934922382,1.018635714855077,1.072786764921219,1.489815401370115,1.5085185068369225,0.9550963463566733,1.6128027094973707,0.4476899154328444,1.1156771026978587,1.2695384317718268
1.8527096879424998,0.33350186846523994,0.5036143693178378,0.03385287478708192,0.4482541149508245,0.0,0.0,0.0,0.0,0.0,1.3629336636716913,1.9478141481270732,1.8722313988727517,1.1508986726665684,1.8861489409814896,1.1796675519630648,0.9370635650458231,1.0447002116227533,0.8892463085372316,0.9447970797293966
3.2806060737690026,1.5855480127230526,0.5583896954185327,1.3850941516236892,1.7829038424565802,0.0,0.0,0.0,0.0,0.0,1.5736313253977792,0.5854999263587262,1.7740344791318832,1.8216695836232901,1.5896114438954736,1.2258012485374656,3.017425293182275,1.0947681640822569,1.093310046337032,1.2673144437420825
5.023447096608634,3.324554425262729,2.1569300781848524,2.474248108167674,2.434323693494427,0.0,0.0,0.0,0.0,0.0,1.9076031656531176,1.8002284745054562,1.5696577525824449,1.013583091412151,1.4872346236011966,0.997639789862742,0.9512966061882346,0.9861587609211143,0.8722144191741867,1.1617952376947753
8.490702376330876,3.959612604690399,2.7062047376829574,2.4041879637214985,0.7487962605337548,0.0,0.0,0.0,0.0,0.0,1.4095495819620145,1.6621293271652353,1.6922608326199173,1.2284679879711484,1.6718639878514743,1.1452176633641897,1.0178632128700553,1.0063653735575455,1.343820503987568,1.0363961456277073
1.240303068134766,1.0926468196330923,1.019212196725303,1.4225653913270746,0.7053872294135506,0.0,0.0,0.0,0.0,0.0,0.8560959598533522,1.3025399022155173,1.092438766801528,1.1011776339615764,1.4009241916822481,1.4749741456785654,0.47212578410652434,0.9184628398618843,1.455570501358285,0.8096390337962848
7.939589972847408,4.501620089103043,3.176461981916918,2.781131255624828,1.2372742405971082,0.0,0.0,0.0,0.0,0.0,1.668628715365508,1.8700261343288835,1.7166134088733165,1.4125383805113534,1.501884084613808,1.0305893208077461,0.9427386502254566,1.0120633443385592,1.1568214253337166,1.1445416645859194
6.549177807208778,3.745910932197834,0.9478283799581095,3.50340831626245,3.7433025895871745,0.0,0.0,0.0,0.0,0.0,1.645419330682256,1.3354459453016494,1.896734379244904,1.3476156957486223,1.3896789627783344,1.2674051677903004,1.012170149857799,1.0056291444233532,0.7315352260322351,0.9916887859067793
0.7703448923870266,0.6864561549415178,0.32106672948028814,0.6893257915960147,0.32203806403866764,0.0,0.0,0.0,0.0,0.0,1.8152577879855596,1.6231592151254846,1.4191114513570366,1.1695267671910543,1.4200995279513509,1.0043329939295325,0.9275724694529781,0.43671129197189207,1.646324124619839,1.3930010303934788
1.8913668423710646,1.186915666099452,0.37540923443341584,0.252919864340978,0.2556490334958786,0.0,0.0,0.0,0.0,0.0,1.6835913288947808,1.5898029230790993,1.5702043278077522,1.6355083497558918,1.743829370598615,1.1163800859033752,1.1774722288701651,0.9027339644062536,1.0751012234919095,1.1310667628067717
0.5052231126728097,0.3913658385985058,0.08991885624765403,0.27051779805761583,0.3546329777279428,0.0,0.0,0.0,0.0,0.0,1.4901590100444935,1.2918848390456383,1.3422956773011796,1.754911133871726,1.424191057941073,1.1825141773914942,1.535793110273198,0.9013564627744064,1.0203813565087438,0.9217881086154609
4.384340276789965,2.7570754576811742,1.3571336116357489,0.9076293352044397,0.7526998355008278,0.0,0.0,0.0,0.0,0.0,1.8326657234344665,1.823425148897859,1.7527001338138997,1.337321835704756,1.4336046802350015,1.0276671804906932,0.9743329115579621,0.9159204922566695,1.051587684027865,1.2654223989806601
5.29781555710352,5.07032408383022,5.252629983182217,4.959057896193766,4.715768399319519,0.0,0.0,0.0,0.0,0.0,1.7230268039560814,1.736187457317702,1.499375828925378,1.1428666187114724,1.7607013375865932,0.9386878466242796,0.842823768795426,0.9826016771163222,1.5336871078010275,1.0319632154727865
2.883840057272274,2.431409743453412,1.3287970198129337,0.8363315227384355,0.5277547652848973,0.0,0.0,0.0,0.0,0.0,1.8166440027765238,1.7292120168462903,1.7626004074206074,1.3791980682324612,1.4644900805722871,0.9389856567046623,0.9373387386179963,0.9061355850185945,1.094247337934882,1.1476807854675761
2.5825509558117807,1.9589033156755455,0.8176642439588815,1.8739412305559349,1.6656109816525493,0.0,0.0,0.0,0.0,0.0,1.7312000762445745,1.6032204170391042,1.7580441451806141,1.4042077165777533,1.3303628614721557,1.195309631397666,0.9604065774694908,0.9745632194484634,0.4847468792996639,0.5461345068907049
1.2156871198379473,0.8874168769543427,0.7345822411616582,0.7735946470995984,0.7413193692239972,0.0,0.0,0.0,0.0,0.0,1.779446494110127,1.705857316683694,1.4089637134935808,1.118398067242154,1.0083970660054742,0.9942753868624699,0.8992410998945928,0.5911135236523796,0.16528544400041462,1.9370112262321655
1.456056239458683,1.302995278570768,0.57351157071845,0.660677511098575,0.528174374938511,0.0,0.0,0.0,0.0,0.0,1.9444024797765869,1.5305116560525283,1.5655982502125116,1.670762850371332,1.2918188703928462,0.9668447844683481,1.0345188990475653,0.9929192290676391,1.1508668996079197,1.4180440750904677
1.6839810573450866,1.5771369284817593,0.46781819966145133,1.3231108131392502,0.7039988158106982,0.0,0.0,0.0,0.0,0.0,2.055194571849274,1.651298185206569,1.7588874567072368,1.3610600019921761,1.4633871075119105,0.9903619559804154,0.9793884999229583,0.9731619384564512,0.7509756899827158,1.1353724860607093
0.5851505514344453,0.6548657309102065,0.33010931011633016,0.6749155533791276,0.29139501643715615,0.0,0.0,0.0,0.0,0.0,1.7421733114279625,1.6215829467836083,1.6289906475330485,0.8922951990431922,1.3952268828552365,0.9553583311372639,0.8499074426734097,0.8803015428136913,1.862576709886342,1.149960084695913
14.846058966438946,7.263438188837523,2.3189258411870166,3.1280794978587787,4.092263705562084,0.0,0.0,0.0,0.0,0.0,1.7416833646006995,1.6862407023854833,1.69220694538698,1.317118525406688,1.7500678016418605,1.1578225949490921,1.0856017331744479,0.9133634332705571,1.2356682981750744,1.1463337428559683
0.5964584883493675,0.5254615223506411,0.43115174082745994,0.5607756972056646,0.15502066220481456,0.0,0.0,0.0,0.0,0.0,0.984200227797005,1.3658377966751247,1.0040700842139405,0.9195423501075607,1.4179450468341315,1.4794714776349454,0.48993467326826856,0.8352754222872648,1.796172046111794,0.8566179968109652
2.0965010228030945,1.6744134666155746,0.47123889406664876,0.45088494392227785,0.5782539791876797,0.0,0.0,0.0,0.0,0.0,1.8207127329526036,1.7392739144644,1.813634688568717,1.124242842257497,1.2564694016281381,0.9203553362924135,0.938548820665271,0.9280530046412565,1.3335739850910044,1.615718600664982
0.7121385845763889,0.6121332881902488,0.6098777626748018,0.8206207910040499,0.378881693918074,0.0,0.0,0.0,0.0,0.0,0.9528164030354166,1.3771110571210021,1.1266334997269303,0.9038534260494664,1.371518716648229,1.6380211600774641,0.561050637426916,0.7352394910849469,1.7651066615771658,0.9669811619914068
0.4107462856056997,0.3335315819048269,0.12060016126461073,0.10867559305205399,0.3276649356283581,0.0,0.0,0.0,0.0,0.0,1.3256545764759067,1.2492710364119557,1.673157755203481,1.6273223409379793,0.8562893337786315,0.7193373712286071,1.3156924714834948,0.9742895553028774,0.9285954984821252,2.0632567270769306
3.056570857003705,3.141935013394467,1.831110448588198,3.6590701475019323,2.3616359853829807,0.0,0.0,0.0,0.0,0.0,1.7142131660655748,1.6840716267106024,1.3745395769003628,1.1872986700393582,1.3410860059153438,1.067683582775972,0.8499008478752547,0.8008099718547161,1.458498296347757,0.8628313823905032
1.3177463367176219,1.1731465116279427,0.16873712644072245,0.6005725589601527,0.569745519814788,0.0,0.0,0.0,0.0,0.0,1.4708815862619136,1.2881937862991522,1.6344073980992881,1.7735825263896667,1.6555283029577827,1.0404458444670461,1.4119219752860932,0.8239204141742626,1.0847623098822698,1.1762397573225523
3.447284632730746,1.4958386360725218,0.9465026617580634,1.4724394580466162,0.44966519756620305,0.0,0.0,0.0,0.0,0.0,1.2609023255333145,0.760890061475253,1.181121200843773,1.656305635124683,1.420406776725332,1.3656841801212758,2.021898736921426,1.7685321359183628,1.2203569754843764,1.0402005246810295
2.69819675089619,1.715184975219337,1.2665945336153452,1.14023401161219,1.2557492871796143,0.0,0.0,0.0,0.0,0.0,1.8081795565998908,1.7672443643982814,1.485194470268982,1.1255039200916876,1.3516143426837124,1.0241065507883307,0.9358430257367067,1.107878383876159,0.5581009043987796,0.7214441125661222
2.510634808163216,1.185785634004473,1.1933263423353024,1.1397816313289428,1.865291338596407,0.0,0.0,0.0,0.0,0.0,1.8213450750214846,1.752110311154038,1.5894339071992887,1.3699001953315229,1.1788610341195944,1.1201300224619593,0.9589694292286051,1.0453155000247614,0.5830039827753722,0.40637761050271826
2.810790183710026,1.4641514792246506,0.6751555941303714,1.1726478396977613,1.4516882333925225,0.0,0.0,0.0,0.0,0.0,1.8912937817563904,1.7922560177401372,1.6154152476245074,1.2931203927043808,1.1348856309156812,1.0376247723893222,0.9774693720414018,0.915784409069585,0.7213695664272054,1.3628617285183706
2.617774320342456,1.499618267292145,0.49429428277610565,0.594793689833403,0.7460386749667063,0.0,0.0,0.0,0.0,0.0,1.6718493048683007,1.421433317416248,1.190934910913922,1.6395350067657635,1.5911883680781758,1.1533940359898585,1.3709063743884184,0.7458684632083868,1.1813668107290005,1.2358397377456196
5.892686236093268,3.202769747396716,0.8154028750544604,1.0152824094492374,0.8745216446417745,0.0,0.0,0.0,0.0,0.0,1.342947505719502,0.9707651305007174,0.6998183765645776,2.042513292500397,1.9521673243260573,1.309707143926489,2.154358859947766,1.2214426628962058,1.0225601979538506,1.0753341000439096
2.2832715735994418,1.6512688004744522,0.8275858978930885,0.5072007091902911,1.070900385305213,0.0,0.0,0.0,0.0,0.0,1.748910334903233,1.7295005456934591,1.6135748570916046,0.7085336342477271,1.0590722660735818,0.8936079495276072,0.8613046225894141,0.9992326936056742,2.388367935840905,1.5052937464193308
3.233307393731504,2.2837450512120356,0.9851905464727027,1.191267037060024,1.282195499415455,0.0,0.0,0.0,0.0,0.0,1.8312056556047822,1.7152979455760915,1.6343054443264147,0.7822296194081869,1.337286335811708,0.9831683145408225,0.9878224317407501,0.8647342051303867,1.308919122165214,0.7539174723720741
5.985966263663327,2.673995740743634,1.3998823140714127,1.2409669148924256,1.0751911998095767,0.0,0.0,0.0,0.0,0.0,1.3439801794863209,0.9152950078092678,0.652592585910218,1.4843995743959815,1.3220408368285654,1.3168230422789085,2.178168617225931,1.8625768891587193,1.189640831697005,1.1444058217875668
0.0,0.0,0.0,0.0,0.0,0.0,0.0,0.0,0.0,0.0,0.0,0.0,0.0,0.0,0.0,0.0,0.0,0.0,0.0,0.0
22.06725485611555,12.896469755890516,3.2327546139434844,4.088001450196978,8.873725931312958,0.0,0.0,0.0,0.0,0.0,1.9373626755283289,1.7955443883494557,1.5342854366349197,1.32025301612225,1.7590687834874639,1.082718308704237,1.10343934642456,1.1792491669421559,1.3378100805903748,1.1331604351482842
3.2634954111669536,1.4824686631299324,1.0734053667101005,0.3150251532833602,3.088719386992397,0.0,0.0,0.0,0.0,0.0,1.3427751684370075,1.7884190506729152,1.7769871712364012,1.7149985343303351,1.4960293491927956,0.7891269427601959,1.0353840959248661,1.1188523012094316,0.9294719476469597,1.3426193542156977
15.357637634273152,10.643397528597825,9.12116979051473,3.3937260835199234,2.626100380571669,0.0,0.0,0.0,0.0,0.0,1.854886230468172,1.9929629972651743,1.5375016149342222,1.365036290585355,1.4957871803603096,1.0034649263568283,0.9877839302954909,1.1084215444858012,1.0235103358091215,1.3522210948452646
4.8682109304122205,2.5645558028469453,1.5194807684568146,5.349346936228306,0.6505972963460318,0.0,0.0,0.0,0.0,0.0,1.2417967091778352,1.691411722616938,1.52317718762884,0.8587057397372637,1.8073036053804734,1.534375539951831,1.0161798992483795,1.125700022242558,1.2916531075109496,1.017966070106295
1.3790295387589713,0.5959994195015943,1.5293187625107543,2.271111600188572,0.9499613898527723,0.0,0.0,0.0,0.0,0.0,1.181710461062522,1.9327035197855573,1.960165263672,1.5379467360852521,1.7156393932241374,1.2025739433304785,1.0089610218840708,1.051782896619922,1.2842384466121703,1.0456536806092325
0.5526892524951884,0.5045193434078629,0.42712404745141497,0.5577605263993871,0.22527852507289578,0.0,0.0,0.0,0.0,0.0,1.6786899027637625,2.0934757750530015,1.3749515549598272,1.2996274899653866,1.3459193706041233,1.0711125330524223,0.9966635639909576,1.3256069055194946,1.1806612670567567,0.594076512390052
48.92571249671793,31.59982245996025,14.063252091564568,11.034617576559535,12.205596549591528,0.0,0.0,0.0,0.0,0.0,2.0039054094268245,1.924275521857923,1.7388917420986656,1.2326770625002594,1.7008240367366403,1.025720144628105,1.0231754275548692,1.0201821822441501,0.9879324614390336,1.1460548276569513
1.9121686516061527,1.3892304505393458,1.317974728596117,1.6797334801137693,0.5642415545076348,0.0,0.0,0.0,0.0,0.0,1.7227770269656615,1.8600730298363926,1.6979300581315517,1.1801255521528313,1.393530640520869,1.15218434904827,1.0136753976809447,1.0309254307664795,1.268519896009933,0.8587838487058336
26.863694028693878,17.989577418448167,11.333257901434317,6.700400166245155,4.11822141509349,0.0,0.0,0.0,0.0,0.0,2.003254678448746,1.8943323250892352,1.6635199350800747,1.203296714533445,1.5052231162949277,1.0122675632517395,1.0115273490767736,1.0256321987252073,1.0333602561194974,1.1585657983514437
0.5676614914203884,0.5155583354788,0.6793344957644011,0.07478208731690394,0.6575286937552628,0.0,0.0,0.0,0.0,0.0,2.0828985997128826,1.4804184876983402,1.598082905856109,1.1626395685260937,1.5406699305019176,0.9635361009446785,1.1203538586267454,1.0515796116129106,1.4677398917239404,0.996600766852776
1.83266189859653,0.45719216848125666,1.8115943606990697,1.6340894232537824,0.19551531682137974,0.0,0.0,0.0,0.0,0.0,1.4582524010170528,1.8143186519441394,2.002833715794165,1.9839718311646029,1.319747076211792,1.0253725496989887,0.9542981577228536,1.0461946034390137,1.059197696272563,1.1075218406584069
2.2384776875272623,0.909854287157019,1.8945762070343029,2.3034488408030724,0.6597197056051838,0.0,0.0,0.0,0.0,0.0,1.3331501586773016,1.8099229373161494,1.8824694363693686,1.8282461222551496,1.9160142847117465,0.663503269856133,0.938454347855112,1.0495803573105469,1.1291254646555415,1.0811291821990272
0.5331920922441248,0.2706335012016554,0.062354715534009786,0.4852621891492074,0.32155878943034133,0.0,0.0,0.0,0.0,0.0,1.8019030180126423,1.7585526979537218,1.5931811842283694,1.4057010530598375,1.4342510626070162,1.1150627988527793,1.0354241767832086,0.7530721515052122,0.5684695820070818,1.0872464154982922
6.35973206338407,3.3966079117076524,4.798629281181745,1.0680094342067075,2.1190581952381544,0.0,0.0,0.0,0.0,0.0,1.7371879036577607,1.9610965884402154,1.2693212513415757,1.2449237800055921,1.3521050028397066,1.0768902243825764,1.0155943684510929,1.1974910889691122,0.5943699569593708,1.4872390511269649
1.64630146080947,1.3353929813154763,1.4704809676804933,0.984996313292603,0.1749966257747569,0.0,0.0,0.0,0.0,0.0,1.5518793650240488,1.8003828898197656,1.747621847016702,1.7955632247853877,1.8474102591581718,0.9423502758397665,0.9743894459058858,1.0825914524328715,1.1327197500755972,1.121736473615329
3.4732568863321007,2.725441272989919,2.350424954441063,1.5625761504727729,0.3919031118280333,0.0,0.0,0.0,0.0,0.0,1.8294275632288668,1.801386963373425,1.6820733872665143,1.2851370977550125,1.7452998495597187,1.0352846072567512,0.985705283807091,1.0051735369339454,1.2687208159196979,0.9103176345504304
1.9272700521930495,0.4845660283874462,0.6926669588429171,2.1741633499433726,0.631257652015443,0.0,0.0,0.0,0.0,0.0,1.7484537155373616,1.6583333094130805,1.6103488235971786,1.5693655523436554,1.6291265995397808,1.1681007472215406,1.0521947125901265,1.2163336615700233,1.1284951084232768,1.1466442357524809
20.166373104635532,15.033885854176981,17.367243012751192,7.734380398211679,1.378856138911733,0.0,0.0,0.0,0.0,0.0,1.8010340279684327,1.886185098022153,1.5368629722660327,1.374039372974245,1.1320874139888437,0.9510970203891445,0.9769148030234223,1.1342886343971057,1.2243624582583632,1.493230725834109
15.54808001343128,4.3941248383154825,0.808350359003876,3.62568879870704,8.93279657084311,0.0,0.0,0.0,0.0,0.0,1.6898538195352673,1.9338698403638162,0.42823301945724995,2.00736360561972,1.874605476312762,1.0115672151646953,0.9237663898748399,3.45692155871928,0.9581247703157071,0.9465517113662523
3.3330817159661636,1.8845951912861736,1.8794194991881816,1.3071645939234455,0.18163008248922233,0.0,0.0,0.0,0.0,0.0,1.466514759610493,1.7252216081015253,1.892806252174881,1.7822686606614038,1.4926578867126479,0.6271552464778788,0.9777882640308051,0.9923253245176217,1.10531595437474,1.3049319498399314
84.78904006051057,54.00149796932933,22.65853931592785,21.0229743482677,24.768954059365278,0.0,0.0,0.0,0.0,0.0,2.0278815152454572,1.8915695563077708,1.7415464794390172,1.206295730565421,1.603601587946739,1.0219810977830366,1.0342547549287406,0.9956150657905507,0.9467641056745159,1.1491850816657374
1.5748172195391856,0.7508520066636927,0.12583063693347224,0.10251672070640108,0.8173676960925569,0.0,0.0,0.0,0.0,0.0,1.681568631186739,1.821172060943916,1.8680322631786221,1.7659150735813698,1.7400201402912485,0.9830005280298029,0.9607140668786318,0.9823878705087563,0.9399412813516121,1.0034487573567852
7.0273986111300815,4.236392346918837,1.7815526183240245,2.953962086143399,3.022700709342806,0.0,0.0,0.0,0.0,0.0,1.8269236530009414,1.7620414933146047,1.3854621177763282,1.3716901781530784,1.7207667519512653,1.0051943350660717,0.8616217244619528,0.7267225408266594,1.5260138075718286,1.1488921607603984
0.8163499039273464,0.39967229406794597,0.258404417454485,0.08165262335254564,0.15621991831448173,0.0,0.0,0.0,0.0,0.0,1.5359694482662607,1.4713372466599073,1.5391774329655477,1.5693929923204164,0.9845886128330277,0.8521144620414924,0.8568688887643666,1.1845238661656559,1.3421277468108148,0.042021393878099576
0.5778769857602509,0.43134737442738996,0.7508646551761948,0.02998957920136929,0.6242305585813778,0.0,0.0,0.0,0.0,0.0,2.0884135894362275,1.6420998899422354,1.6481993063523388,1.4844211520921857,1.607229406054052,0.9382712476264674,1.0088320951527492,1.0212235043829208,0.6493103060725397,0.995951126025741
0.35251729444089197,0.17783660158845982,0.35545254303850393,0.5405220227919354,0.1856429316027833,0.0,0.0,0.0,0.0,0.0,1.129724041006124,1.7614354140611115,1.926452201682487,1.808098386391174,1.8242503793207134,0.9822179777991367,0.9759399923390077,1.0503145206535238,1.1313928531415889,1.0348708846258787
7.009989901217233,3.8957535219089117,5.044574557603192,2.1665699604472017,1.3022616108089513,0.0,0.0,0.0,0.0,0.0,1.7452088299085924,1.9548205300817403,1.3381343410890456,0.825167746117406,1.9885627000636563,1.0228933107298015,1.0416588773714188,1.2716965490586771,1.0497990480229196,1.025261327246243
0.9944241795008371,0.5812337019838676,1.2805756194164581,1.2255636509259147,0.26917597226722123,0.0,0.0,0.0,0.0,0.0,1.1512469125232285,1.722428548499272,1.8424172627907538,1.6155516283440339,1.6436886651823996,0.9184137559454438,1.0363970610017543,1.1205024277151165,1.2664068131861796,0.9789245974894154
0.947681148051086,0.02963981802527908,0.7458394155761078,0.43241593865606565,0.4837623300129697,0.0,0.0,0.0,0.0,0.0,1.5818513235935365,1.7040154708718314,1.8673872029467469,1.6490343888912147,1.2393554112461256,1.2111224983204172,1.220164723431444,1.1048589493161713,1.1537873607968336,1.2324039510830287
2.9818276817277143,1.6147132456744226,0.5179321795323364,0.7234158499214164,1.0074605664877796,0.0,0.0,0.0,0.0,0.0,1.8173914063566539,1.7579444463010026,0.8781397774264107,1.4600609287956663,1.8404781130205985,0.9256046775306186,0.8487404828480879,0.8984622786651753,1.3200491605308287,0.9811640590453412
19.153444657640577,12.599586674173619,5.416242357165423,4.0294997102903265,4.5272097611940385,0.0,0.0,0.0,0.0,0.0,1.977894558123482,1.879281673551449,1.7213699898458483,1.1709805829397915,1.5602737114119172,1.038749536010436,1.0295541939404291,1.024415308747835,0.5052525292907551,1.151244470956572
0.6328911209307952,0.45927967329301317,0.21810179391464052,0.294658654414344,0.052071554029277954,0.0,0.0,0.0,0.0,0.0,1.7802736880196166,1.7242452225492964,1.5484633854571932,1.073727636903638,1.372343109871554,1.161288182712651,1.04134247756295,1.1342044290327205,0.7691076291460394,1.0153788839715256
2.6447009136554787,2.6425630960361444,1.974333401176216,1.3006782995490083,1.8670518516004297,0.0,0.0,0.0,0.0,0.0,1.8006102845182175,1.6742813901499722,1.65605766818568,1.3899466796839008,0.7780030379307573,0.923535631190345,0.8858836418681935,0.8475884524247286,1.2375414247348706,2.1973088198245794
1.5672203803916458,1.9066829130905005,1.3972646225788197,0.8863740853769928,1.925680350981984,0.0,0.0,0.0,0.0,0.0,1.861247648916855,0.6187576170382617,1.3939671455585911,1.9778527173267504,1.7868264466208563,1.125740564033164,2.8880194631760725,1.3339336725602269,0.9731750723764058,0.9527565882956105
5.082723884359709,4.163036860498456,2.8964647267559713,1.9638601959538338,3.197876009412159,0.0,0.0,0.0,0.0,0.0,1.9335768706948542,1.6545589832369496,1.4427049099801532,0.8493101239078873,1.0312802760936284,0.9889166068420453,0.9567699820708235,0.6167230115321225,0.6457001313437754,1.9115820425075636
3.1526436630140973,1.6206659265677328,3.212417288894154,3.2566199348205203,6.133460153581311,0.0,0.0,0.0,0.0,0.0,1.2886468893949048,1.47819451251887,1.7271238142221066,0.739890232634831,1.4632447775639326,1.4505811542929055,1.04867924576608,1.0050994584976554,2.4066408421346646,1.1306507438443094
0.8356833443480947,0.2416921362789775,0.8790273051356102,1.0066926608058302,2.1877371302039785,0.0,0.0,0.0,0.0,0.0,1.3366035874384359,1.7842234701370476,1.8175482445169329,0.9958289253380458,1.6230228762551342,1.379485082919797,1.0422308818904764,0.9976984532604545,1.3368220147598806,0.9779783414899277
0.6524568526290174,0.4375636582342282,0.181103030755006,0.0701051902891905,0.047727629461431956,0.0,0.0,0.0,0.0,0.0,1.759309027125262,1.8150715206369923,1.8272692936544888,1.6914312949724684,1.2325597337652499,0.9922244250697632,0.9662206625306166,0.9214587441341814,0.9714764050942096,1.6036305803806643
4.060029548899832,3.3523397754168713,6.043383076810695,5.071114674762359,9.555615542186652,0.0,0.0,0.0,0.0,0.0,1.383337145734551,1.4754460861608083,1.402354441341082,1.167056590592035,1.2443235359782514,1.3613085038078687,0.7936134655929332,0.45620200236268965,1.21150823461318,1.3198395989904823
0.19615230575426285,0.3205875281007183,0.3024717591866789,0.5633698161659018,0.8783182551229398,0.0,0.0,0.0,0.0,0.0,1.4222089913991527,1.6267140030604943,1.7052705065786529,1.6151671080538248,1.7050984286101254,0.8119289046279621,0.989062908817134,0.929030801585355,1.225580878492102,1.161112907095701
3.796201048064509,3.9677848570697067,3.6100804008427567,3.218715437285885,4.386721187106756,0.0,0.0,0.0,0.0,0.0,1.761273246931048,1.619878660049861,1.5114856529617509,1.195574777148087,1.1117830226833467,1.044052655095979,0.8944082331605568,0.6577548599889965,1.2421530731190156,1.4584834741315547
0.661106604097278,0.39452880412693003,0.14418151178070662,0.05911162065073762,0.6229019494306876,0.0,0.0,0.0,0.0,0.0,1.780868059292076,1.7683846462527901,1.483090545067256,1.0373704415673644,1.0159589422384525,0.9672259096505019,0.9658015470220782,0.9645343913590355,1.8540260242733584,1.6419346421321461
1.734727988357576,2.183265218137368,0.949896872413788,1.9892654439376245,2.297645537903596,0.0,0.0,0.0,0.0,0.0,1.0487655275548478,1.2678126632882036,1.5544028262806295,1.2718092496312838,1.8122579233979852,0.4068076051829881,0.9250729254347784,1.1494573730089053,1.2177440232107555,1.0961484222361286
1.7431182194592327,2.6300842183047406,0.6078599622639521,0.6433780976106248,1.565706743838689,0.0,0.0,0.0,0.0,0.0,1.3290909976570837,0.502456046059442,1.0522681835096772,1.772846062475938,0.981443389430023,1.080540786792776,3.6637708121751196,1.6866181860521898,0.8582629878049369,1.5800905996727799
0.31559420701452867,0.6300567093527827,0.4458308566231766,0.2547112097684905,0.8192193506521827,0.0,0.0,0.0,0.0,0.0,1.58985903459282,0.47610916787361524,1.2028497925911987,1.5372970551097287,1.518703063357331,1.297767858744131,3.094417926872373,1.2041725468242488,0.919864986784394,1.067189893534014
3.008644471709912,2.243488899615511,0.991017423996966,0.7464199514719259,1.8706281649293621,0.0,0.0,0.0,0.0,0.0,1.907633203758834,1.6844049850698484,1.4630181197993806,0.8915548288837626,0.9314034391052888,0.9599223139033312,0.9800346714072223,0.7144123647977396,2.1884757410651345,2.1939690002394725
0.893197930478016,1.8490247951428322,0.09834049848677488,2.673557907587395,0.6585368298903976,0.0,0.0,0.0,0.0,0.0,1.143261721901972,1.1658762653582087,1.7195223464458822,0.9596046869579113,1.5656003700571937,1.4647658814600018,0.7086786779203583,1.0871025612116574,1.3361869079295732,0.968883873802249
0.970932183896563,0.8247218294980773,1.379067233810659,0.3174630938654482,1.5837355967795665,0.0,0.0,0.0,0.0,0.0,2.102601725904647,1.5179171134924387,1.6280821644595296,0.8057213027860399,1.287631012046152,0.9585990581061483,1.0726254583855377,1.0896513825464746,0.14611942352475135,1.2682513697410915
2.2292457474213583,1.4499137117805303,2.737840447957953,1.1085441525128208,1.4846837783967775,0.0,0.0,0.0,0.0,0.0,1.8504587084838553,1.8085477814839999,1.5523729858157291,0.6449339608267964,1.6748275124170149,1.1316828523652454,1.077387088342176,1.1851579233395366,1.6320131746593425,1.0723067544788076
12.86242644132994,10.211942324074368,4.995019002757093,2.3709586463941967,4.577273875993699,0.0,0.0,0.0,0.0,0.0,1.9088668390925065,1.699736070660585,1.5915267728416784,1.0142604238318136,0.6352882836683212,0.9817886030311528,1.0004066297152923,0.8867351316872227,0.7365942773897257,3.2374604703509435
15.485589810495458,7.189137152480801,15.29747321961922,6.116913925285937,15.508317219439633,0.0,0.0,0.0,0.0,0.0,1.576227204408755,1.3622160528173872,1.7814272780561762,0.7731398799164398,1.7338739691555338,1.2558847714376926,1.324178146076667,1.0668237455087555,2.1152273751599857,0.949766504129795
7.266685116158489,7.327061409834057,2.6566079681966004,2.893813618297281,5.704047745265568,0.0,0.0,0.0,0.0,0.0,1.3329545073953994,0.8369191390188436,1.7249101909403233,1.9142100619978124,0.8793011141025251,0.7180209961655086,1.88236018602068,1.2158902800067592,0.9087733529865487,2.1478298256461095
10.238200913830715,7.774508391627,11.843723916664434,11.840258469245363,19.039151237545887,0.0,0.0,0.0,0.0,0.0,1.3767629262922554,1.5700174739661592,1.4459296837456241,1.055625644557507,1.1199741089055473,1.361633841722561,0.8123512772178163,0.5178244716756802,1.184779893703619,1.4567971293993185
0.5568973444006767,0.32674911768405546,0.1877947104704097,0.4946177199208015,0.36370706307893663,0.0,0.0,0.0,0.0,0.0,1.232375680795136,1.7205589605590124,1.7329642279487067,1.1998624291601683,0.8370159508604896,1.0147278405736777,0.9601601047802625,0.9243655732896748,1.457121433439784,1.2761269046039194
1.140148740833951,0.39993309250926784,0.21594418543158683,0.6791378380842416,0.7651085427007005,0.0,0.0,0.0,0.0,0.0,1.9368489199728929,2.0444774537592028,1.2953755266453035,1.9070471577512853,1.9099830002704448,1.0183827064529394,0.9604049290789176,1.1163139369471644,1.0978612779335912,1.0156010346522968
0.6606983778987053,0.659046655852926,0.46087220423487407,0.6202819252453325,0.6861293640633053,0.0,0.0,0.0,0.0,0.0,1.0514292733852788,0.726259581540554,0.9301252907682539,1.695779114457421,1.4014234864611912,1.1061196088790182,2.4323547559239986,1.63707208342109,0.9481271825540791,1.1435653445302827
0.29814128696979597,0.20340284547293958,0.11641434004684044,0.18810969059518465,0.3472217592183921,0.0,0.0,0.0,0.0,0.0,1.3652619601285283,1.674448857081009,1.7272657647510083,1.7812109101309324,0.904681859747395,0.5465785027971932,0.9959177487329525,0.9226746946970787,1.0557794193071441,1.7964896075934966
0.6037632316948836,0.6822081781973484,0.3459363993160999,1.197252390960136,0.5657615112323724,0.0,0.0,0.0,0.0,0.0,1.2263347268112412,1.4328050576978137,1.7338864345750706,0.9849358709317584,1.6310928414734076,1.1563058698716646,0.7131626338509782,0.9455083468840935,2.0816675902723194,0.9853859743141115
1.920047813619616,2.1667387704563543,1.4749515210982007,0.9060825424472447,1.3771646343466861,0.0,0.0,0.0,0.0,0.0,1.993217967788033,1.1510637172439102,1.6089929813893558,0.5844424412388051,1.637976580775028,1.0392144898173203,1.2916611355364886,1.0720607058844283,3.258518955165795,0.8709577600801042
0.813055103979818,1.1034161209681712,0.5653669222833076,0.6663692406620054,0.6634095528133687,0.0,0.0,0.0,0.0,0.0,1.6725794807643926,0.8059885627657629,1.7538887780118655,0.4353485331802992,1.8317329173783214,1.2217201838612302,0.8947664133361948,1.0677263524098746,3.727976448618024,0.9111838573195683
1.6905846117524164,0.8124337919676021,0.22231460915495954,0.4573821155539063,1.2382658771817843,0.0,0.0,0.0,0.0,0.0,1.778173975488821,1.710284924467555,0.9759504168935739,1.8530381904476387,1.8396692507022931,1.1029500384428146,1.0554865193894913,1.7643466572605166,1.0424066622257762,1.0161833712182173
1.0433035206226866,0.6438271009179474,0.9501947571129185,0.6014389005484851,0.7454644548504656,0.0,0.0,0.0,0.0,0.0,1.4389558858504505,0.79332907671245,1.8107644118556638,1.8159955859165664,1.56157221294476,1.1361777303026888,2.3358598557876498,1.1388505216241023,1.0277884149810026,1.063338900022799
11.544522911459225,10.97005172343397,6.484172415986902,4.943309696824666,7.377064608475216,0.0,0.0,0.0,0.0,0.0,2.0133851302586385,1.5811168405810032,1.6151984063965474,0.5915579136558289,1.0150529704676325,0.9547760150490735,0.9950434282251858,0.9316705877267161,1.643178343788614,1.3363834954898968
0.11103585176311537,0.07517931551900478,0.17488257070516983,0.14984895099586,0.2533842789637044,0.0,0.0,0.0,0.0,0.0,1.9794490649767669,1.3920563255057834,1.666121972268559,1.399068281850043,1.3026299005962914,0.98305131500549,1.1239798043392462,1.0725689916078713,0.696416409279171,1.2793479188347512
0.0,0.0,0.0,0.0,0.0,0.0,0.0,0.0,0.0,0.0,0.0,0.0,0.0,0.0,0.0,0.0,0.0,0.0,0.0,0.0
42.65913208804092,26.59439669987467,19.196905116216644,7.885708730807449,6.645843695916629,0.0,0.0,0.0,0.0,0.0,1.582485591906079,1.837863293125197,1.846633785462606,1.861882782869702,0.9335305452448011,0.8841428517464857,0.927214491827375,0.9859956955634595,1.0513372771495866,2.0397569192887905
0.7561302553086791,0.4475269586531841,0.2219339533776147,0.47868405313273144,0.45205037582709473,0.0,0.0,0.0,0.0,0.0,1.9577632768075919,1.9238190495060532,1.6978772826251376,1.3215408283067762,1.436382368645249,1.0224165131562193,0.9970497027154657,0.8273840279020424,0.15490527692047945,1.1906575522438838
36.10611585607488,23.671046244847737,11.900103036087327,8.17068691089369,6.387881934123887,0.0,0.0,0.0,0.0,0.0,1.9584046738152803,1.902128373984321,1.6700599210062836,1.146934553720066,1.719363047976312,1.0370353658035647,1.0205197161806059,1.0534781213075266,0.9724880813859136,1.1537278221159197
50.48337983939011,32.598174077923915,13.117932002751576,10.428247413740596,13.082903857217122,0.0,0.0,0.0,0.0,0.0,1.973135231504979,1.9129095137181402,1.751138312508007,1.1869805963227817,1.7079266442814391,1.0403756926468657,1.0283907271679051,1.0292954483097327,0.8387296761325211,1.1477659291500766
3.3794817911667456,1.708723153382443,0.4790995675601436,0.8738759349208596,1.5959637527530033,0.0,0.0,0.0,0.0,0.0,1.8715105238845984,1.7442614935445342,0.9949316866736827,1.359775480312787,1.7428719069427023,0.9334542856723651,0.8654709860435001,0.5980779148307911,1.4282569353722392,1.0110371208349533
4.81768741637936,0.9203945619781747,1.81315078871399,3.5867072123148334,1.801586080870969,0.0,0.0,0.0,0.0,0.0,1.8717849193757274,1.9465546382100578,1.5410211320133174,2.038296710507482,1.7759763785563907,1.0564536295367797,0.9191854997448672,1.1772854644493496,1.0342114594141354,0.9702721256249377
4.711302698463884,3.2736885511272265,2.4857127098256107,1.0853920433714326,0.8330036157459851,0.0,0.0,0.0,0.0,0.0,1.8238310191899387,1.9702216508253403,1.5463492149132112,1.4819548500205606,1.621592342068177,1.019744240128662,1.0083957817319913,1.119377684873274,1.06424470044274,1.236414947793109
37.337996791004706,27.116758429311027,25.166311734679084,11.414195794829833,2.483899583297362,0.0,0.0,0.0,0.0,0.0,1.814651207918046,1.9517171146971535,1.5304577112151139,1.2930853850926396,1.4466052970932723,0.9984134748388197,1.002946471014919,1.1598117513094879,1.1807363828012079,1.2879215129453907
1.8043492437684356,1.085391133742738,0.5126534343698108,0.6314432634329288,0.47669688908540514,0.0,0.0,0.0,0.0,0.0,1.8512067317694263,1.7128697263194879,0.9327517875184104,1.6745710555706925,1.8646691898522978,0.9386606092331674,0.8210779866188471,0.5772650289122485,1.219459033911669,0.9443994473448627
9.442679704252937,8.01613847351904,8.411357146139858,4.592288933458411,1.3724136510973408,0.0,0.0,0.0,0.0,0.0,1.873276355787879,1.8393532350475694,1.6390314513048532,1.3972554657761265,1.8149294108557557,0.9667862463389557,0.9585134953415969,1.0187649888004666,1.1307671284744933,0.9875516345789777
0.6603681031803285,0.04619716764689918,0.5185833232519382,0.8513323799735882,0.3980871497334719,0.0,0.0,0.0,0.0,0.0,1.35506851194647,1.636899309571715,1.5992810282326235,2.1131293077738884,1.4549199515030808,1.5147439535775753,0.9757162365843789,1.2825519179955776,0.9752959938294133,1.3287554427606023
11.192191826087699,7.221117239907526,2.295286966633396,3.2657327043474553,4.109142002936766,0.0,0.0,0.0,0.0,0.0,1.8649389621397698,1.830433577612954,1.8136933677681757,1.0609244526232595,1.4913591072613908,1.1116553292023128,1.0591470230847375,1.0142247727985514,0.3580696864590416,1.147792818207804
103.32229055121581,66.00967002563473,27.549228583420266,24.073823143462743,29.370944495636632,0.0,0.0,0.0,0.0,0.0,2.011791613699913,1.880852799303695,1.7256146199123323,1.1775857013765132,1.5850316760486518,1.0302824488168227,1.0360101006668256,1.0075541697481079,0.8610966384433464,1.1454867882229172
2.817416391997606,2.0822413150622565,1.946320578066143,1.2624448691750032,0.35323988087451574,0.0,0.0,0.0,0.0,0.0,1.594496822814182,1.8374504689916804,1.705987941442784,1.6096833609002545,1.7827442952082586,0.9965356752673136,0.9565158277071101,1.0618815602994558,1.2391333251531653,1.1413747651430464
15.520742445614335,10.180806007627847,6.178926010055748,2.9435386451983816,3.2521875095301835,0.0,0.0,0.0,0.0,0.0,1.8734753807521343,1.9994575598935438,1.5745749412125989,1.4044934061085246,1.689421100905196,1.0325984033752826,1.010186630804881,1.1237325435565295,1.068580029422269,1.2008243950878572
0.6213129064018649,0.464370662760227,0.5043940473556245,0.13097629566901262,0.146214822063205,0.0,0.0,0.0,0.0,0.0,1.9021599414510892,1.7951032835877812,1.3819183908639534,1.0977820303818702,1.0402382405641306,1.0062285037935954,0.974108406028853,1.1714540965611215,1.0962611197263903,1.6613621112683927
1.8829122569208547,1.0959466646754268,1.4467033824675717,1.18520143354585,0.4355170905794853,0.0,0.0,0.0,0.0,0.0,1.3579174793354345,1.8058687134992002,1.6976725886465367,1.638438924723964,1.9838104219666781,0.9112132076190815,0.9611401298469225,1.062829736876149,1.271365638542391,1.037892743234313
3.3780176107940134,2.5892182719576895,2.076736673413218,0.862512554422954,0.7011233557937921,0.0,0.0,0.0,0.0,0.0,1.6335320704254428,1.7533584107181714,1.6586936322307897,1.758189890993167,1.823986686533643,0.983273631436293,0.9713825650838527,1.0400788942268868,1.1562416207199344,1.0631501247634976
0.6450473226756153,0.3359493137999697,0.11081136311559474,0.00764906729042054,0.29267233983419383,0.0,0.0,0.0,0.0,0.0,1.6579980078844228,1.9060443548392334,1.9215094450629722,1.8012336767915178,1.7143781143355483,0.937318300430202,0.9471093593785751,1.0032225062104982,0.9646053449742,1.0710818612352004
2.383389238593762,1.8134993854983268,1.4371363259875976,4.82493969455111,0.8131302641938403,0.0,0.0,0.0,0.0,0.0,1.2971608074596972,1.5801676057866494,1.4015459109757489,0.9072904981928769,1.8509798742492332,1.5504683677815492,1.0629297616355808,1.1924054151994357,1.2706703522263691,0.966877563881049
2.4274409033082867,1.8628524609021961,1.5413431820470258,1.4172609418722355,0.4671089953154076,0.0,0.0,0.0,0.0,0.0,1.564326917494541,1.7601586606989128,1.6668774457298496,1.439077775249732,2.009525706426226,1.1200720541724793,0.9640899983555977,1.0170162243865133,1.2655827138229407,0.963066263226486
0.9861609258167622,0.4738156674772108,1.1235453947972944,1.1683789429934914,0.1508039417654549,0.0,0.0,0.0,0.0,0.0,1.4139308480467956,1.7816852277566861,1.9049877673283304,1.880308675641727,1.7265484084166454,0.9271332574653022,0.9697600650952117,1.0801026650060506,1.0972250100783,1.1173165633288076
3.0271909623407964,2.2566659208238393,1.4383453497978729,1.3137230547815375,0.3350070993432881,0.0,0.0,0.0,0.0,0.0,1.736103013039914,1.9133874770733603,1.8446256858900367,1.201307937268306,1.6363229900543,1.1291745091623708,1.0227019034794218,1.0505569857750228,1.2828121192526067,1.0233658673708026
7.91191568719137,3.342799725429645,2.728009630340017,2.2912032550709815,2.1740550279793682,0.0,0.0,0.0,0.0,0.0,1.4176094722828376,1.776970302135838,1.913915290121214,1.8713240854597106,1.589453925809026,0.7981037692859709,0.9045081813417473,1.0112889420211033,1.1113125071109873,1.1303268274736094
0.3444937608279558,0.15651943823029452,0.19703404004076758,0.27465406390194463,0.08598283644919001,0.0,0.0,0.0,0.0,0.0,1.4827755583154016,1.4354461290636156,1.5141205921053764,0.7510220354333513,2.0065911178913,1.4160486472016163,0.9379961510960945,1.2384611983632292,0.3409062858306956,1.047549964160781
0.8351710981776973,0.7381714547639359,0.9815911828524115,0.06714068965851536,0.7925358614747688,0.0,0.0,0.0,0.0,0.0,2.0824334934139697,1.5809422046840274,1.6047865978441627,1.4943348172006534,1.5262087807658935,0.9413679155559662,1.0563752309857137,1.0374300261903913,1.063167039661122,1.0284705804487433
0.7386017566396873,0.5892581279322668,0.26086418989956545,0.2403897198745916,0.8831081345553089,0.0,0.0,0.0,0.0,0.0,1.3087776139716227,1.3567731163125263,1.539310249900624,1.3842396194169104,1.042158463990396,0.3509341694324891,1.1225493680943435,0.9408316370949917,0.8849374380613756,1.666105930090006
4.017289726759662,2.437134186084014,4.13563209630537,0.6614035516591581,1.6351853642890049,0.0,0.0,0.0,0.0,0.0,1.7221115201867008,1.867376049133594,1.2500873295138277,1.3473917662394976,1.122893314790804,1.048942380713914,1.0309846987886342,1.2087278954360334,0.9159810083201958,1.5848432721854706
6.435587682839537,2.3435978404963356,0.17284329072430293,1.3796700172217276,2.3434829293689456,0.0,0.0,0.0,0.0,0.0,1.654086552811926,1.9950112640842907,1.626241478588298,2.0978026494111535,1.8409389715653999,1.0198593209444489,0.9285249504587978,1.0900490454333542,0.9579528886060142,0.9957611271226203
0.13529343166918806,0.08077307747784339,0.16477335887162256,0.12179042978344745,0.026332666121702458,0.0,0.0,0.0,0.0,0.0,0.9392364573440426,1.3810652140648925,1.495111606340992,1.3676283590624991,1.4126428346125683,2.0334352542255063,0.6521504541344306,1.3484333725384696,1.5346971399089158,1.2749789768388613
0.18419705480179133,0.07179037986641984,0.24132054759319876,0.052642047242880595,0.24751846987760207,0.0,0.0,0.0,0.0,0.0,1.6188393000426027,1.7610932021868844,1.6437035442377552,1.8466953479165884,1.644065654304798,1.042700663870235,0.9235472595562156,1.0038345592228408,0.8963296611685965,0.9256724828322622
7.3318228864625095,4.257198084581414,2.089672982335372,3.8115110121115285,3.043904880257325,0.0,0.0,0.0,0.0,0.0,1.7554409343792035,1.746558012347139,1.3158182826798395,1.4440881766646922,1.793778502203623,1.0584943060944092,0.8516196926228089,0.672660997014989,1.4420159620665434,1.1336142975061139
6.244162395533036,5.224132686572713,7.180707845586899,2.23641622269689,8.1274878226677,0.0,0.0,0.0,0.0,0.0,1.9035079663728767,1.2326833587368062,1.7553883122596765,0.28219366262665874,1.7384917483172393,1.0898988497575077,1.2241780822911528,1.0221876316257306,2.1378400631502688,0.9288697891160903
0.4163155175039416,0.5069900423896322,0.5274340098227865,0.4180280695243813,0.7205648305987816,0.0,0.0,0.0,0.0,0.0,2.043080277557949,1.584940985874948,1.6090348997304698,1.7699179386032053,1.761386776528516,0.9363310332718495,1.0060761890768093,1.041867028293457,0.9312289851741778,0.9240156555665673
6.537146118822394,5.292397277673018,6.120031984583753,5.364511214938515,8.942487683951686,0.0,0.0,0.0,0.0,0.0,1.3774951760549266,1.574506083325868,1.501734940843801,1.0898163063997686,0.8918702174192553,1.245734757184179,0.7768271875689838,0.6320913130429642,1.4720955901946016,1.8288929374918819
5.128538612351195,3.632472714072192,6.948296092512595,5.9772453236014345,11.679531445961809,0.0,0.0,0.0,0.0,0.0,1.0792571789340195,1.424487090524534,1.3893314002192245,1.122261757549092,1.1965151764577355,1.6740950639471641,0.6460834471280076,0.41097026396805636,1.3630401080202528,1.3868831019648116
0.4737162158047976,0.3533125188390499,0.4289955202100476,0.840051120063217,0.7353192224692795,0.0,0.0,0.0,0.0,0.0,0.7587794897476617,1.3003456386065873,1.1728006893771412,1.2624611000768293,1.7318703155199981,2.1473229420397715,0.1855635649988306,1.2483743697006653,1.4584470175417066,0.8834069231877975
4.717709701367532,3.8184171255221484,4.164710776596945,1.5733878216992507,3.781844316535126,0.0,0.0,0.0,0.0,0.0,1.7933158093991897,1.7404827413148638,1.6371091866252838,1.2920486705090553,1.482007341906202,1.1203789535267403,1.146782186539817,1.1403244141678786,1.2846578389207322,0.9402702647314032
1.1448007684495314,0.9689059944129843,0.720460113320327,0.44920458512630346,0.8089452896940491,0.0,0.0,0.0,0.0,0.0,1.859225895891682,1.7578316077513765,1.6918760856995816,1.2442045139914282,0.8494685825044557,0.9108465867240845,0.9003241525894796,0.8895212534683548,1.045119219448827,1.642892721645106
16.19318561738792,14.46589740371407,8.603108050748146,5.261185551064847,9.369518008172617,0.0,0.0,0.0,0.0,0.0,1.9331053735489236,1.6847940138162003,1.563008735628966,0.9823873208038599,0.3196961704085651,0.9530430351885426,0.9644341310322139,0.8463809931167149,1.174159935600899,5.901275054817073
1.00336239210281,0.25479685690681847,1.0292568546554692,0.24523631973338614,0.6612225052534995,0.0,0.0,0.0,0.0,0.0,1.542407650724726,1.7477889036699035,1.897294199839551,1.8706134005274182,1.8387383996819378,1.1639239766407132,1.120580809524238,1.0703805489644629,1.0310636759216605,0.958025652223318
12.193271436623037,12.91115356807183,9.2278004972233,5.605170150298206,9.768308472624962,0.0,0.0,0.0,0.0,0.0,2.059803445486283,1.3738971482295486,1.6271669323490487,0.36116497188297036,1.3913145522773054,0.9813070855597356,1.118648564343382,1.0295031674525816,2.3382583387389175,1.1024907931166383
2.038095644749895,1.167712173907403,0.4307568435883044,0.5580115752465276,1.5485116112394082,0.0,0.0,0.0,0.0,0.0,1.8985053428987404,1.7499357941858462,1.3609708313324713,1.7090385165216733,1.5741884500412622,1.0276772654409603,0.9821527112188444,1.2635699414033206,1.0252376893079262,1.159272094628072
0.5720265295713175,0.6450042022509584,0.659055045149723,1.0644725794375312,1.74665460793075,0.0,0.0,0.0,0.0,0.0,1.3842153208862489,1.6679833753009283,1.712267630350424,1.4665128522459216,1.579393995246658,0.9202022537614285,0.9576415725213699,0.9326826331897842,1.3164357557708783,1.231998639250188
12.741587947856118,9.489295329579438,14.599434549067727,14.307255832596857,24.426036529180895,0.0,0.0,0.0,0.0,0.0,1.2632396351114124,1.5290727482848807,1.4407780960236412,1.027332145498293,1.0504551120281385,1.4478546434151442,0.7660982501360727,0.5190636164708368,1.3595486955676934,1.555089559894014
2.360567317048212,1.7806219299604105,1.9019537761377936,2.6816616098701873,3.847746839207622,0.0,0.0,0.0,0.0,0.0,1.183861395487352,1.4188011236313576,1.7531384669304213,0.7243057474566822,1.6716020302901378,1.4918456800690931,0.9423165100138412,0.9760419324058287,2.866194455908394,1.086992324399618
4.7289124211258144,3.6309052596485643,3.0117261661430357,2.1328450528371325,3.8426317625242725,0.0,0.0,0.0,0.0,0.0,1.817534101139662,1.7224393614678377,1.4757093972173372,0.945627615512935,0.6053349238391584,1.0020981490348866,0.8817360613425101,0.6106328656743677,1.434543507572308,3.2330898160948216
0.5920085749242298,0.1701998183555899,0.30192952950605156,0.3245338837436302,0.5952108426417241,0.0,0.0,0.0,0.0,0.0,1.1598835955943807,1.6140487292503964,1.77694107704051,0.8235828210739631,1.1393825806970823,1.4274586978262425,1.0047894914719753,0.9691353416001356,0.9374515700153192,1.0009679549069181
0.6261415968956769,0.8331578484200485,0.8209901819355068,0.09198977054763964,0.7545769701464954,0.0,0.0,0.0,0.0,0.0,1.9764495293395454,0.7036878042658617,1.5738642903373736,0.7408946554700994,1.7449091875732146,1.0596328479831103,2.317938041406477,1.1545129504296812,2.5846329552019207,0.8918729154935999
1.6909757304807376,1.1041205148941082,0.1901732843536878,2.957063115657063,1.1764625965908995,0.0,0.0,0.0,0.0,0.0,0.45646435212699576,1.1864576775687115,1.6748811373338117,0.8579105359373786,1.9371170610786816,4.416648008017135,0.7131523816846592,0.9653923557627867,2.1134080692986688,0.9371610126695933
0.4753894862587103,0.29352973540626803,0.1950441541898733,0.5331224689373121,0.3345409860734964,0.0,0.0,0.0,0.0,0.0,1.2165112700925842,1.6699318392903977,1.7442301701447058,1.0005263144362884,1.324740992033276,1.2256540115028016,0.9927948322858396,0.9540135482667536,1.938092552723564,1.1026272365574181
1.8143045321909352,1.8323370909237753,2.4773880318018584,2.129759809982313,3.6953454147966127,0.0,0.0,0.0,0.0,0.0,1.3725800451827834,1.0218691200461252,1.6628372239247904,0.6359487756546529,1.7384531868444182,1.4645384423134158,1.4791969740271202,1.070125940816894,3.0830098900893166,0.9989550363589147
0.9342803401902737,0.5286353631268745,1.2713606890205449,0.3335369110647574,1.7321725049989485,0.0,0.0,0.0,0.0,0.0,1.8458009297987217,1.7018645770341343,1.6712564499626226,0.8067333367631073,1.2195986403546875,1.0340866076427462,0.9818443254611406,1.0817048107143983,0.7352202087736396,1.4336268065453164
1.242372162887445,0.8670751611035561,0.7722253832654554,1.9287838183047523,1.7919111256850653,0.0,0.0,0.0,0.0,0.0,0.1542992392873466,1.344753219468164,1.3547647125739992,1.202214996264309,2.0399523205243244,10.847075434467921,0.7624002501738795,0.9899705620836081,1.5717702371610607,0.9377986091024471
0.7197307980393642,0.2787928525957511,0.6833046913177734,0.8621430146889617,1.9184696637054746,0.0,0.0,0.0,0.0,0.0,1.2507867298634496,1.806959154923335,1.7983202145018249,1.2235610917604005,1.6437022150382417,1.3074681640592414,1.034841957601776,0.9822440157156432,1.3162360200677066,1.0387410466766818
3.988994974395214,1.2561008922120211,4.392107752769187,0.39613018457759147,3.8002539839618983,0.0,0.0,0.0,0.0,0.0,1.6427773253303193,1.3954993069797064,1.9151153458772412,1.1959439107779328,1.916955074243341,1.1966041919716723,1.4442214670284381,1.0433729041776167,1.4429399435856973,0.970898470803405
0.17482267028655282,0.08366571335222991,0.16821511187379884,0.09285948211220653,0.21483892865725568,0.0,0.0,0.0,0.0,0.0,1.7500073701647174,1.6216298484601217,1.773752221621306,1.394254147302374,1.6521868553203627,0.9881278800295282,0.9893730323657651,1.1311004142518666,0.7626933470996171,1.1298289264150294
0.8674542341679683,0.5919140431833702,0.20388480028111805,0.1389569805565269,0.7135175380011807,0.0,0.0,0.0,0.0,0.0,1.8637418956827032,1.7189158961812359,1.4929210868050793,0.9321579731109609,0.9969307579764112,0.9560616196784928,0.9781007026544432,0.9177560813674448,1.5524095980205748,1.7862502230925614
1.637334396341459,1.258300377165142,1.1541699623811488,0.8902713333912906,2.1613144091131313,0.0,0.0,0.0,0.0,0.0,1.995616020960999,1.1546046874383664,1.5403275628100443,1.9160797010163386,1.6302496943344,1.0435086133295695,1.4336876186626355,1.2332902197312283,1.0155356955417223,1.0579412219638367
2.7579334928508605,2.0510097750018983,0.9593391292083788,0.7485048687342759,2.121635845895656,0.0,0.0,0.0,0.0,0.0,1.8795874770755105,1.7367435471621826,1.4966554702480481,0.8180015620320819,0.821176149151861,0.9504516447429874,0.9373066692145748,0.7385856017624008,2.3739363043187507,2.4567216083618573
17.927657520185488,8.035013453507812,17.779145672419645,5.513403477035186,17.42624997619418,0.0,0.0,0.0,0.0,0.0,1.4934464138353705,1.4077271275166805,1.8049030308667402,0.7333251655469123,1.8504658204271072,1.297443150450255,1.3359152815769568,1.0514038276323787,2.258079247558349,0.9420031462482705
0.35089647677605457,0.21818185243063998,0.32881611469552924,0.156815490209658,0.3812260408952335,0.0,0.0,0.0,0.0,0.0,1.3289285273825069,1.1570388059939496,1.8783627685129733,0.6288090602573654,2.063660051156726,1.431734489090959,1.5714614299758658,1.0594731056827709,2.6228570152864226,0.9622042563978144
0.0583869852508073,0.032583976418346136,0.04693393898701285,0.042697484917429626,0.08950513685342043,0.0,0.0,0.0,0.0,0.0,1.3556447276759092,1.7078414809231728,1.5923574582117637,1.612511180931803,1.204359336566391,0.3521609342709276,0.9684619236597478,1.0691893600936277,1.2015492681063342,1.379718718876181
1.1522985563742993,0.3141796132072875,0.09654620444498016,1.0197396207721294,0.8552226474599373,0.0,0.0,0.0,0.0,0.0,1.7233252986717678,1.7489921275391986,1.779892327255302,1.6373920245895026,2.020414937030288,1.202950792813202,1.0964105137024842,1.176681464242353,1.2613926954888908,0.9952846305679282
