0,1,2,3,4,5,6,7,8,9,10,11,12,13,14,15,16,17,18,19
0.0,0.0,0.0,0.0,0.0,0.0,0.0,0.0,0.0,0.0,0.0,0.0,0.0,0.0,0.0,0.0,0.0,0.0,0.0,0.0
0.0,0.0,0.0,0.0,0.0,0.0,0.0,0.0,0.0,0.0,0.0,0.0,0.0,0.0,0.0,0.0,0.0,0.0,0.0,0.0
0.7059196165459289,0.3018446448345421,0.3399534014747424,0.2894232680674695,0.6352277098364844,0.0,0.0,0.0,0.0,0.0,1.1095014716203646,1.6490869543291267,1.6068257949001994,0.9883381710834579,1.3951680778602196,1.6945869184379505,1.0124139718535559,0.7450886289847054,0.6383959894053759,1.4087604699376322
1.117775532213597,0.35991643429258696,0.6512671235993935,0.7980545847930225,1.034839614027487,0.0,0.0,0.0,0.0,0.0,1.8869571577323165,1.4999435754108184,1.663736710000406,1.1686529351739008,1.3251596750254184,1.0208940526911752,0.8608332809310913,1.1211728606740714,0.871827760730614,0.7168455900383575
1.6329459553882106,0.4705178644437488,0.5966342127574241,0.90787254746897,1.3936975921355799,0.0,0.0,0.0,0.0,0.0,1.843567315831137,1.4070448013831882,1.5932707155738548,1.2800467286675004,1.4257694993057297,1.033749615676234,0.5601026831673136,1.22016297060422,1.090210110248635,1.0905408601850224
0.75913405270144,0.3518168317883389,0.19666561784670278,0.5987425745356104,0.5467173941726484,0.0,0.0,0.0,0.0,0.0,1.8875028650758594,1.7394421865013072,1.4963843851718377,1.2620343696788026,1.5788381142281556,1.1148419729884866,0.9580625728501341,0.8183128524959611,0.4890268641641175,1.1846080769504659
1.2319239455438158,0.6022418650687269,0.3964032723131957,0.4264364881951506,1.1907888699444824,0.0,0.0,0.0,0.0,0.0,2.0514843252513137,1.7616965186402869,1.7536952548296414,1.859947538554918,1.4507877320531353,0.9436301762571341,0.9681801555833353,1.0498731854733763,1.1131989638885487,1.234348820262759
0.276807743777913,0.17151798472762847,0.20385131157469855,0.3400658698916636,0.8344780468791224,0.0,0.0,0.0,0.0,0.0,1.960621706971237,1.4006947504276928,0.7676969043877905,1.3907133750718348,1.5161710765434129,1.0664049741696293,1.4711498309241053,2.0735113242881367,1.0139191593577874,1.0140910174591857
1.1891055253828182,0.5189383982540546,0.44936999161135294,0.48760287891572024,1.331851743411884,0.0,0.0,0.0,0.0,0.0,1.8221744569135647,1.4002026083734163,1.4681834780695908,1.4024321843276,1.3929159172609749,1.0300928642204845,0.3802694052798881,1.1054318205506055,1.0697964100343056,1.195546362320063
0.48878519273057125,0.17948585859365046,0.23997167225059898,0.5021733083167408,0.49795531248807123,0.0,0.0,0.0,0.0,0.0,1.2033486486434977,0.5949169663775845,0.730326372078826,1.0183117924152663,1.5273280961657068,1.6445969601916663,2.6898486439717573,1.9988672067482554,0.5116543496855934,1.0684020422678975
1.8723660124789583,0.5168168152357175,1.0048056943088493,1.2320278422644166,0.8633250573989313,0.0,0.0,0.0,0.0,0.0,0.5477977756846275,0.9961986362141254,1.4050498131652318,1.4758444944557774,1.6986519287852695,2.5367973292944006,0.8374066193577898,0.7459612413091478,0.896154303074955,0.9482876501555858
0.8993321144600264,1.315949433611792,1.4692169210024497,0.7496886138115091,0.5714550008998625,0.0,0.0,0.0,0.0,0.0,0.9361357854601585,0.9680649378199415,0.9759867204885293,1.4260017713376554,1.7533142925513132,1.7881133945941834,1.7372565446484365,1.746827976070183,1.413053894701178,1.118919475851938
0.46948735379600803,0.6062574608176797,0.4399437000659887,0.30265866980459977,0.2627521855124281,0.0,0.0,0.0,0.0,0.0,0.576621928361628,0.5362345220224981,1.1268456845930364,1.2357163210485795,0.6715984660995927,1.3787850767823806,3.438289203444805,1.3699154617605356,1.0780360610040867,2.4214537434919166
0.40956897525584024,0.38086349895056326,0.23859822932629865,0.12604661657205152,0.18032171729361987,0.0,0.0,0.0,0.0,0.0,1.4808101204731,1.2581491632179593,1.5617216717053122,1.534138330893218,1.6250110379684573,0.663341117156183,1.2920403254007775,1.0741440825341095,0.6875302789499167,1.156227924938246
0.2648952226774232,0.062354444026575875,0.06062623005418133,0.12901609636604136,0.2748293242767924,0.0,0.0,0.0,0.0,0.0,1.8384490262132884,1.9278389036059238,1.7208107052411974,1.6689743484549007,1.4848407416348004,1.141982418994831,1.0598035769181176,1.0098534793535783,1.203849376948257,1.0795484419499048
0.285398804195772,0.38446177915963603,0.0998137292475522,0.14457627199557188,0.09346952579894606,0.0,0.0,0.0,0.0,0.0,1.7889506658004541,1.3052486370155922,1.420859937422321,1.7631387381968013,1.3982750746124597,1.1583840827723502,1.0970303850872887,1.0591017951919004,0.8905778322709107,1.1370983001085928
0.01804330643873918,0.056705216383044155,0.056787995372950616,0.07350589851259265,0.058453873381916176,0.0,0.0,0.0,0.0,0.0,1.452136858969582,1.196085007306069,1.6216205673699875,1.9344595013806443,1.824453108746082,1.1537232134281756,1.2913423014669894,1.0318604957681605,0.9231978927435107,0.8872674435723665
0.060246879526113004,0.17507408627905294,0.226577389507929,0.08013481423191164,0.13643117770358246,0.0,0.0,0.0,0.0,0.0,1.3332692252123368,0.8678084324821465,1.1743441748519827,1.7675151715177748,1.9209363750610604,1.5141664102748154,1.7153187466724376,1.1741058882275826,1.1540319280300302,0.947412294442456
0.47124281206354457,0.6475717721565335,0.3815971555182976,0.24299247964455722,0.26338943632146694,0.0,0.0,0.0,0.0,0.0,1.458624241738033,0.8320805581363403,0.8413854797001087,1.3775539016877039,1.8381583153521124,0.9115940122798767,1.907160306347367,0.838782762261058,0.9070659118293208,1.1038727491303426
1.125008420405044,0.8451427067784574,0.7732953216814243,1.1955584009639995,1.0293431203240195,0.0,0.0,0.0,0.0,0.0,1.729611273370241,1.6615559781439198,0.9320805510393635,1.533859395275967,1.2220454616273204,0.9821167752154374,0.9411950380517574,1.3503119959200556,1.0174758627959455,0.9716113573328379
3.2603195108648833,2.10397767232356,3.091470493942759,2.246459528153404,5.618645980333599,0.0,0.0,0.0,0.0,0.0,1.8991269374525115,1.2519056459004108,1.2572964131425526,1.3181871991804734,1.1979500071611564,0.9775139143964858,0.7646636580028108,1.359125516704446,0.671873423379299,0.736781344267034
0.4536818688821982,0.3999975184321394,0.34562728880314536,0.2890613532821825,0.1890051978755283,0.0,0.0,0.0,0.0,0.0,1.6103467398240565,1.6257970541415587,1.4125898376800194,1.139037896080924,2.0947222906738925,0.9971899811247883,0.814867922274862,1.130336625028822,1.4998429083707232,0.9729714127472212
0.1391278910572315,0.1321146817684596,0.14030075390757812,0.04503171374597571,0.30121551814879305,0.0,0.0,0.0,0.0,0.0,1.5026475597660232,1.1267199659374267,1.8215067965546428,0.8957278199144534,2.044735632168049,0.9445779254113146,1.8201836128752091,1.001811921453624,1.9322203044959034,0.9747833585297492
14.456430860828306,16.030690303024496,7.818131368570802,9.15798301109299,4.472558612954734,0.0,0.0,0.0,0.0,0.0,1.1772424461637263,1.3304594260928286,1.7162176009355468,1.6612999672113609,0.9755169550573533,1.5045760340897292,1.0863779375292537,1.0043716024266582,0.9764780104495986,0.5414772622961649
1.6805474989602547,0.8452254602959236,1.0278792985645322,0.561221676382468,1.126247461481043,0.0,0.0,0.0,0.0,0.0,1.133862187318812,1.4755135174041814,0.73017184175799,0.7108414495533381,1.1384046460813735,1.4748842123095245,1.1438933699119098,2.225345969805542,2.6920943539179025,0.21272230596655525
2.3964596282798416,1.7552557814407528,1.065617519992286,1.1388559164800685,1.1096434086834779,0.0,0.0,0.0,0.0,0.0,1.6404909042085227,1.7627871555765855,1.6958439943554344,1.334078949791156,1.5120086982282344,1.1311764566767337,0.9113770804466432,0.8278386543568287,0.9578756614624667,1.3455424367963187
1.8219898179729246,0.43143388227087226,0.8932682072021969,0.8252342722533145,1.418074260281169,0.0,0.0,0.0,0.0,0.0,0.6971867057135839,1.4437060935017896,1.743813927226364,0.7117408848238361,1.8912535909307076,2.461896301284609,1.1015041580969125,1.0972103007965928,2.044817483835579,0.9004290201551947
0.1847214894431673,0.4573099107684424,0.13637423569040466,0.026736487277939057,0.2919136066664371,0.0,0.0,0.0,0.0,0.0,1.904087339381115,0.7765956731136721,1.7381665061786358,1.1781395873110032,1.6282969771708444,1.06151264953615,1.9414267771582885,0.906892452006802,1.3905878021031155,0.9150671158458722
1.3521681041825604,1.0577683987850057,0.3887195346317149,0.34258296321055626,0.7531336791619292,0.0,0.0,0.0,0.0,0.0,1.7565115181039548,1.6743202668257882,1.7387996948413282,0.5493214728856143,1.5923740344596988,0.9150255252268965,0.8707164634298331,0.9342099917826682,2.127281997148411,1.0126147763043638
0.22995534170605328,0.08309040720151506,0.10499490498061648,0.20329345554034967,0.20390770847599046,0.0,0.0,0.0,0.0,0.0,1.2637161654466493,1.7828535831027552,1.4575482530968755,1.1907656004886888,1.598353016794782,0.9728528520992706,0.9717263333353601,0.5691471476790164,1.5580457237452816,1.0193678921022284
0.2588321647263637,0.39419099412604497,0.39969976914837,0.2641633071969886,0.5981785644770888,0.0,0.0,0.0,0.0,0.0,0.87679288536876,0.652686203468115,1.3178065853353749,1.371722672048593,1.7932361099204708,1.6450065006535686,2.517896848212122,0.8121902210221619,0.9729841824200441,0.9659712602577634
1.30997618972388,1.0323957076796129,0.3853212885637507,0.5200652268528738,0.4191122424784194,0.0,0.0,0.0,0.0,0.0,1.8820787386411784,1.7325789322658711,1.710663993408709,1.4615936825562672,1.6526805904801676,0.9461183257605218,0.9018145961527912,0.9112287579591083,1.1895838703614159,1.1333267533495126
0.5641852224989485,0.6322403675613938,0.19648564429032805,0.03281392066989369,0.2649425297164248,0.0,0.0,0.0,0.0,0.0,1.7885942813101805,1.274564294838258,1.33706821001907,1.5891673928123287,1.779599773591669,1.0461406936736362,1.3145943163326061,1.2184658387365688,0.9325449433944567,0.934454820080673
0.7407665154145904,0.5029422238062655,0.3638497371173393,0.37070734963004714,0.2470558309702649,0.0,0.0,0.0,0.0,0.0,1.8525080561016367,1.7662208624086324,0.9776990365711017,1.7378285431530331,1.9758539597076372,0.9732986350288193,0.8993395788718161,0.3463711829829634,1.1786734854561525,1.0555313263400423
3.2983811275451913,2.2057456052646245,1.3502415807620647,1.2650658413086844,0.8587669426216872,0.0,0.0,0.0,0.0,0.0,0.9930424429898259,1.1946146271446847,1.372576926397987,1.3508825830414048,1.2395640353479562,2.0980629081862734,1.697484744074478,1.3038496878514305,0.9354794647657211,1.0603639296908256
4.521543278800669,3.9900464191161205,3.6128621492709017,2.875914339813959,2.172619234062385,0.0,0.0,0.0,0.0,0.0,1.0355132309878787,1.0837381105681267,1.1974726962716562,1.2201851185296102,1.089016462406856,1.2607016105567974,1.0004297260470327,0.7474796393761995,0.663334613821035,0.9745103268785533
0.8414864908382936,0.5761756247511224,0.602303276758322,0.28056233188581975,0.1234195917098317,0.0,0.0,0.0,0.0,0.0,1.2211115461616013,1.046876756710453,1.4367602956677121,1.4070258343760023,1.3215733655971476,1.3378874492977002,0.8981772464940327,0.7286279117649009,0.4361715697750806,1.1444561789742802
2.1341182818597018,1.6888297530205079,1.3532234532527831,0.8209676489381061,0.35646632441085113,0.0,0.0,0.0,0.0,0.0,1.1984969289728407,1.0079141159870464,1.1905336057464295,1.4024102596502537,1.4727277746040657,1.3124770489437891,0.8951077904652726,0.5791955028509733,0.701774351475404,0.9545585457849549
1.8404118431791645,1.0746752671260154,1.4257937272635512,1.6315265232941112,1.3331651665229356,0.0,0.0,0.0,0.0,0.0,1.4178243604963738,1.305930550747334,1.0792041422207421,1.0208594716582235,1.3035902003600182,1.2503750325948186,1.2050369780893573,1.385222674161057,0.326985126190825,0.45714354210420344
8.058986677943578,6.379988004898631,4.851289098928345,4.000942554415184,3.41825813985322,0.0,0.0,0.0,0.0,0.0,1.0287655705084302,1.1566634068198163,1.2974252178072876,1.324651897023375,1.209499265894075,1.19934150649193,0.9525344474649455,0.7155209823027261,0.6683697218437546,0.9959710165169728
1.0796602271256195,0.4645094395331989,0.3260744800592728,0.5782032066968894,0.3464745595656471,0.0,0.0,0.0,0.0,0.0,0.36380315759378956,1.116068948975192,1.2872531840938766,1.3451023127135335,0.6937159069576402,1.8396662131248966,1.4460433224784808,0.7360085735161013,0.7651724954709158,1.5460508252723342
3.9863995495560687,2.56397728452343,1.7398515977570472,1.4511391554680795,0.9301056252468232,0.0,0.0,0.0,0.0,0.0,0.8873697102378248,1.0344875759043501,1.2650950488453434,1.4345247870764777,1.4734613751086814,1.7470060390278874,1.142469736133124,0.40266380935752094,0.5740386738143078,0.9710634823705293
4.308479831855342,4.782308717892017,4.955899510481582,2.8850112999707744,1.4967882166566293,0.0,0.0,0.0,0.0,0.0,1.4332008083896524,1.2591482881379636,0.8656943121714549,1.834827208349034,1.5451207458154443,0.4867668883347939,1.293751460782394,1.9996033071282917,0.9681945566443196,0.7444640864815835
0.30362823550466767,0.23112051241749518,0.054245921845365565,0.3388880694030104,0.3828296846751676,0.0,0.0,0.0,0.0,0.0,1.4534102724031774,1.5773309102591542,1.460840679682386,0.8954506760313063,1.4978965862849862,1.3852210329004842,1.1888360376056764,1.4041843632549598,1.3491474953646354,1.3287220226007388
3.00991903923394,2.0251453349910484,1.935909964689041,2.0686257659608995,1.7737107664202363,0.0,0.0,0.0,0.0,0.0,0.9077233282179944,1.192302947210812,1.2259653378656556,1.0460037979997725,0.7132884740522448,1.4953514476205088,0.9598987405737707,0.46378473804849646,0.29909163021337554,1.97565811489723
4.689171762259951,4.63228757232215,4.168708550708612,3.4519578463984812,2.9209188028953337,0.0,0.0,0.0,0.0,0.0,1.5637513783963284,1.5092558418320516,1.499511602626069,1.5258398424524127,1.4368283323093827,0.9310894119471217,0.9544272201013754,0.9440627887341179,0.9123325132272024,0.9015513930631045
0.45037461510337795,0.29936886993832934,0.26721921884601274,0.2570400341703261,0.17000125989080447,0.0,0.0,0.0,0.0,0.0,1.327574326140933,1.3641441198147548,1.2525110857970505,1.1067896152237184,1.057905525813498,1.3309527971009791,1.0474261823752742,0.5667643382146492,0.09411451108589709,1.8361175294534091
3.2927418315590016,2.761136508571384,2.1435305810209373,1.7947638191530395,1.4633496218518196,0.0,0.0,0.0,0.0,0.0,1.1683535754863417,1.2618935886154723,1.3750840038036702,1.4554171539766172,1.4361550261428615,1.0156682570770599,0.9003328370772643,0.7912140352918157,0.8711403728194008,1.1110311464785159
1.5710415970801257,2.077953089982836,1.9727149895315712,1.0555952031384732,0.943020249426177,0.0,0.0,0.0,0.0,0.0,1.3896542595756955,0.9916508681136574,0.8623199764358979,1.1156235148866025,1.1954121671941,0.8097598985093606,1.2531234703947995,1.540142047114552,1.0281967761133792,0.6288733654082106
1.5335161849978982,1.3525013185297605,1.0801935975053205,0.8091155968593962,0.6499230906823382,0.0,0.0,0.0,0.0,0.0,1.5911587253302824,1.5516491999231796,1.445466653966171,1.3020093289271208,1.0160820149922989,1.0064871533903106,0.9801520646397767,0.8926139319565791,0.8018374887479277,0.988010914062888
0.45898790704986264,0.3770536124641005,0.23846173594112297,0.39465218678086467,0.3912285445655222,0.0,0.0,0.0,0.0,0.0,1.826705053025855,1.7800428658774494,1.4456761075876414,1.527098065076065,1.4018973079022725,1.0419233139503175,1.0591335245271845,0.7108652905379624,1.0319519055864737,1.1590502908231644
11.068806873418186,8.227421460055773,5.883332441827079,5.459773751585596,4.619719283778919,0.0,0.0,0.0,0.0,0.0,0.7391041077069193,0.9201528838551049,1.1145761566783436,1.154899927063206,1.0264931372773538,1.3846663425660413,1.0759030329667738,0.711147960468263,0.6018601118987599,0.9688653225976088
6.602367072523634,2.455506423697068,1.9839767423600503,3.6227330755349927,3.78894733338685,0.0,0.0,0.0,0.0,0.0,1.690131544439669,1.9780620540441596,1.552942423019579,1.25146273001338,1.667811066185879,1.1563972222588519,1.0108608705610354,0.8011429045652316,0.5577159166253853,1.1397464575709253
2.4460508166874324,1.4057260139502967,1.1681938885737662,0.9444038906832551,2.8391645842187625,0.0,0.0,0.0,0.0,0.0,1.1486849437562274,1.4971797699944587,1.707066259744562,1.6018641587618074,1.4196132448022838,0.24478321610718753,0.9384439234877912,0.9272633083895813,1.2453451460613614,1.4700277182039783
1.8758139181585427,0.9602723531621731,1.2041251285248573,0.7508851480227299,1.8216810933825318,0.0,0.0,0.0,0.0,0.0,1.2011253640320112,1.6662101202180342,1.706362801820898,1.4075015302241514,1.5647998587578487,0.7842034807672338,0.9443225872450272,0.9676820491432239,1.474153611188453,1.2571405381831018
8.098859620968675,3.2112226724685655,7.644086531244946,7.20209204607102,4.409781648877375,0.0,0.0,0.0,0.0,0.0,1.6493668265630104,0.9574465397143624,1.6921728713684454,1.4996911069621466,1.42193554297877,1.24225987620427,1.466991659410119,1.230739692245644,1.2323681756100768,1.220636558491948
13.126118146612262,10.102475767588423,8.149132403178593,5.54106360599631,5.340844093514319,0.0,0.0,0.0,0.0,0.0,1.2367512473987023,1.3275025015708088,1.5086595218102343,1.4843572082163623,1.0421754689844092,1.1465635138254404,0.886954768469378,0.7821949016879955,0.8957434350007084,1.471246337178913
3.010604055365238,1.7498414847991737,0.5630241565446441,1.0513324602978333,1.2237029613872208,0.0,0.0,0.0,0.0,0.0,1.0980277869351103,1.3385089911617154,1.411917084102235,0.6302255254978738,1.2123580986314961,1.3982538667719504,1.0764261590444304,1.153477787400234,2.1458907899074053,1.6556299716263048
29.45354487163454,21.641141350587482,17.353528645382575,16.013640436726458,16.309702465837436,0.0,0.0,0.0,0.0,0.0,1.3252870711535376,1.591679726961382,1.7452308641140528,1.513492859163014,1.5381301882142968,0.8035740600715272,0.8330607939223873,0.908537428955164,1.2630385460913391,1.2583157571097687
0.20054402387574055,0.1526815594659925,0.480204414306446,0.2220833170383772,0.34047354943497843,0.0,0.0,0.0,0.0,0.0,1.7140343281113959,1.5858500766965906,1.2257063879339698,0.7776339868023869,1.8969680718796285,0.9595781443661363,0.8817046608153256,1.2565429221014435,2.234694899951432,1.0588269620653676
1.7652671655462744,0.6574365893889114,0.29817793049173014,1.0588721028402266,1.8900123934331468,0.0,0.0,0.0,0.0,0.0,1.2197719247486287,1.5605411603614752,1.6998631453068094,1.6659125444443041,1.5682256080972707,0.9949846364640628,1.099065407653832,0.9693862688323573,1.2270489469013042,1.3160904564114329
1.1251283214726255,0.7540268549373861,0.607801602486534,0.5798208338371243,0.45739562220301855,0.0,0.0,0.0,0.0,0.0,1.470020327443823,1.5838478601008503,1.7642475968716147,2.021890701153739,2.030169471937415,0.7319084103618445,0.8809498265701944,0.9939850177233709,0.9747153138771629,0.9764034707165711
0.5189516198079822,0.42807483738770163,0.1882294058285709,0.24524494059345137,0.7195892727538423,0.0,0.0,0.0,0.0,0.0,1.2733139441973547,1.5806072332871401,1.6580736604456385,1.7306365437031799,1.3006086157959176,0.0938275027250631,1.0946498044668571,0.9475319717741529,1.0975514237592394,1.5962268209287338
4.662839958919827,0.7836749065395318,0.4120148038988389,2.185707272113228,3.3321995733441474,0.0,0.0,0.0,0.0,0.0,1.515915607761774,1.3291153976180792,1.8101795059030181,1.6713369545642898,1.8922991469316988,1.2302409473553948,0.8855484559905435,1.0643927070882737,1.1422739507199455,1.0975804458510396
8.21552117720935,7.783037673760967,7.808274872133188,6.598353474020174,4.762601850834082,0.0,0.0,0.0,0.0,0.0,1.3472014041096798,1.2967276440685862,1.2202773981500892,1.147476234215131,1.2104409817215154,0.9515462220857832,0.8310463891095147,1.0159530012254518,1.2035223607698788,1.113591320967089
1.379906985581688,0.7164001214957808,0.4550138741214707,0.7510939556892516,1.19747279893014,0.0,0.0,0.0,0.0,0.0,0.9414753423152736,1.2535816354778435,1.4132962138165361,1.1828336977854406,1.3859971836745544,0.5347467921646845,1.1706991921689303,1.1021355491909832,1.6848269363099577,1.421429476358721
0.0,0.0,0.0,0.0,0.0,0.0,0.0,0.0,0.0,0.0,0.0,0.0,0.0,0.0,0.0,0.0,0.0,0.0,0.0,0.0
3.013159404481647,1.9795837850542959,2.556959520428969,3.127954170372786,1.3389003696825155,0.0,0.0,0.0,0.0,0.0,1.649898632592253,1.573265678940362,1.7225462079716254,1.249504635501587,1.03105423142796,1.1693064545151763,0.7416145583804454,1.221100881261656,1.22528326535644,1.313132664421435
4.55625487281071,3.7618687892902174,1.8320258615566225,4.172322726436263,2.7841117450829915,0.0,0.0,0.0,0.0,0.0,2.1043667405634503,1.5063750128189481,1.6956183099178619,1.307964630467137,1.09211875740449,0.956642016056515,1.1344053553933522,0.9724706994795931,0.8875540347191706,1.7017650498746542
5.483400938375995,4.485772577574257,2.6496676389133573,3.283761825486419,3.2413258296537584,0.0,0.0,0.0,0.0,0.0,2.073137133503404,1.6186362948000184,1.6318458797334447,1.2965113721620123,0.7728929116628417,0.9377648551930454,1.0736051507536508,0.9467202611351593,0.7558585803340319,2.5328976740748446
3.4372256406937667,4.065092744228101,2.076650021811838,4.0756765347521995,2.2066882718958594,0.0,0.0,0.0,0.0,0.0,2.020566020333503,1.1079893880981366,1.743452376008703,1.3177956934324986,0.7988564906700922,0.9461085376912902,1.4368019200150204,1.0144757355992262,0.9471212821034305,2.1332879613494344
4.261705477298295,4.171642104348947,1.6696632485333864,4.97958654742181,2.2608660725235703,0.0,0.0,0.0,0.0,0.0,2.0145019980727685,1.4125108975948855,1.7107775715681772,1.231195262773432,1.0998890447822944,0.9678832210921545,1.1865767397822202,0.9767299542818294,1.0401075344176662,1.8302234689491221
1.144663019949118,0.8807591880632085,0.4099382341294566,0.5284166803793028,0.5026379679354236,0.0,0.0,0.0,0.0,0.0,1.820271053969512,1.781465982049853,1.782560481160062,1.3015498014025835,1.4447670005613202,1.0042296351032114,1.0243931183975288,0.8711972345453635,0.2169887616661878,1.3692405880796672
4.080875574965364,1.8997947970762372,1.4582613895679268,4.3268646996405336,1.4944502595057412,0.0,0.0,0.0,0.0,0.0,1.8454227442240991,1.6060433726827041,1.591230525518194,1.424724593257952,1.5374371958853144,1.123004171414063,1.0636157947915146,1.1835396269084137,1.358399962426327,1.323500231023839
1.5741735971080675,2.066092721223539,0.39504016452547763,2.05499007812775,0.9812148568507822,0.0,0.0,0.0,0.0,0.0,1.7696014680548717,1.3157155963980283,1.7348174029051744,1.067392895486361,1.1836447960170162,1.0068766357736794,1.263754618902089,0.911362065184604,0.7497092629247551,1.7629474251920212
1.8245167610283304,1.8925282384890274,0.7223382160662528,1.5345889005926598,1.0709550857486054,0.0,0.0,0.0,0.0,0.0,2.0273360803798903,1.4545966426943853,1.659558085308493,1.2284943296844766,0.9044551084138683,0.9405738754127104,1.1797932457184086,0.9193619185740763,0.6879708210491162,2.2534852218544867
1.9296184814037776,1.6370285825753883,0.6770681546504884,1.8935057693251955,0.8033996419387192,0.0,0.0,0.0,0.0,0.0,1.9655890721065445,1.4982891507134464,1.685021457000304,1.2012574642004148,0.9864732866897262,1.0002969652686773,1.1140957476534907,0.9833450324234146,0.9584960122877331,2.077963742544005
2.587559767010881,1.9111590434461074,0.5105946021982632,1.492440383716295,0.6874043432011806,0.0,0.0,0.0,0.0,0.0,1.6743594792992496,1.632228219107172,1.7180722300507074,0.9874888277988573,1.2654275674353856,1.0620218000112924,1.073980426563812,0.9298898232166665,0.6431835072823474,1.624799103451987
3.4304214776938347,2.870513005689882,1.2534915476833077,2.906633794545479,1.6314409684926325,0.0,0.0,0.0,0.0,0.0,1.9664873806631862,1.5003324512897076,1.6641710674394763,1.2430383379368828,0.8860419722662684,0.9872694971112059,1.1004356540972355,1.0156080331244546,0.9979396756494895,2.2366115110237326
2.1390205045236734,1.3623327351767889,1.1603933629819754,0.7538093354073837,0.9025616696751383,0.0,0.0,0.0,0.0,0.0,1.8150377160721367,1.989473969201376,1.2722075371349753,1.6550084680871604,0.7977301097957432,0.9746171295961942,0.9156725105860184,0.6824894922119104,1.1172536739855334,2.3834549876516804
1.4112721653297289,0.7409125245448377,1.0228381111826792,0.8839362554804918,0.8430829038078842,0.0,0.0,0.0,0.0,0.0,2.114519250981392,1.5861658030940136,1.6471117723778321,1.4728166565280671,0.7170985708786125,0.9651049534921639,1.0574607238936908,1.07801963396802,1.1069606785272699,2.1647136719479274
36.82649756777109,28.347778530455606,8.82979351002124,38.68443907345302,21.03547993376938,0.0,0.0,0.0,0.0,0.0,1.8068819213016145,1.5059890155536988,1.4788846380413576,1.2291577197228698,1.4443373553671879,1.1181952461435136,1.06547657704465,1.1790211816017988,1.3101928861501368,1.441065975168686
3.1451953761849634,1.4045761827569183,1.7983442475973785,2.678735750512346,1.386296242346706,0.0,0.0,0.0,0.0,0.0,2.0680384592503205,1.5875050895675322,1.7992868382010558,1.4426202685471197,1.2500545080255898,1.003578229765531,0.9945722156721513,1.0614198094092502,1.211978890883605,1.3675123975893417
0.6405348797092432,0.7937068907363451,0.14242432190270343,0.8383954515139973,0.3534731212622882,0.0,0.0,0.0,0.0,0.0,1.7246756740283327,1.373022025707157,1.6130447033219206,1.0240084541467507,1.3692832435569358,1.101161532434826,1.1951660166109026,0.934750462477948,0.7005768383725143,1.4927419066138121
1.535760374878548,1.0519689729843094,0.320731461868906,1.6368950309662367,0.7948815836353402,0.0,0.0,0.0,0.0,0.0,1.933805876756516,1.470882771889789,1.6876417564241752,1.3568691811763973,1.6189286933063989,1.0637699998632948,1.1354841771299775,1.062831435304433,1.2212819401904174,1.288443600669192
0.13704602144475997,0.11765063740135724,0.23806160481265976,0.12264348881873141,0.15454157460684553,0.0,0.0,0.0,0.0,0.0,1.6708449765611482,1.56831326007636,0.9442608891776916,0.7271662446857312,1.2231239652152568,0.9859129418969774,0.710761547255946,1.745184426264672,2.3708278007504613,1.6675905399496493
0.23975713281949346,1.2883936775564293,0.3542061301799208,1.1343748671713965,0.7046697626502066,0.0,0.0,0.0,0.0,0.0,2.0084434949426933,0.7681614871005263,1.0444661477002033,1.2870408515781002,1.4754559215953797,0.9314012572591557,2.0904066157502075,0.8806208853462325,0.16079618184848113,1.2214156474981857
0.4234572421836593,0.46309550680855055,0.14833551727973993,0.42432495266483106,0.1804858234010721,0.0,0.0,0.0,0.0,0.0,1.8429598394203484,1.4618175624446592,1.6734486853889226,1.1044735234208427,0.532772198511173,1.0093230521091818,1.114841402452766,0.9370984650771247,0.18685976314878525,3.668293322783249
0.3707285914182534,0.3748160504542216,0.09811461488657121,0.5944882160796994,0.2002831495958075,0.0,0.0,0.0,0.0,0.0,1.6361259150711793,1.3932958027377393,1.5257921388669167,1.2430728817730659,1.307792046105406,1.09331274334084,1.1496705300544485,0.9790622352957445,0.7579406510905924,1.5931657709599503
0.2319441903761828,0.48798156662921804,0.3113857568603024,0.4070193471699339,0.27638846189660693,0.0,0.0,0.0,0.0,0.0,1.691783866210502,0.8104329624890881,1.2538466727263866,1.3206146932009224,1.8632630126080232,1.0389683324629584,2.377006794660715,0.6930258234938619,0.9381149230093736,1.0376150573604708
12.181333633568045,8.927321210487179,5.179095057727379,2.2705322755026733,2.056500422384945,0.0,0.0,0.0,0.0,0.0,1.7392481917165667,1.8173054082149946,1.8156260351299949,1.7854003964821827,0.37485896873161584,0.9063214549940893,0.9314378054233904,0.9208921244582084,0.8881585285166129,5.542326774555725
0.3356851666771542,0.3061051987855379,0.08986945733788004,0.4451753533339346,0.03751950160183421,0.0,0.0,0.0,0.0,0.0,1.1849735523332767,1.2889004563389679,1.6094378191863323,0.9155994329426642,0.8836959097283282,1.6251919184486612,0.40845741599780194,1.1694521400217615,1.4676245145922677,1.969972341736422
0.876201852117773,0.4060123376451649,0.2802971650113104,0.6249033138372442,0.6516867307263985,0.0,0.0,0.0,0.0,0.0,1.9991580688522959,1.8114236928491338,1.2166813023985998,1.6666972963790905,1.8074795897009859,1.0489739865954435,1.059609741115002,1.3893641773971979,1.2118913768775679,1.1608779373638303
0.7666890247078673,0.5082752476488301,0.22376535471577336,0.44014270581079307,0.3873832435526288,0.0,0.0,0.0,0.0,0.0,1.834043195344904,1.9922504931224891,1.741617848555109,1.659998000546044,1.8061305172681474,1.018558728052283,0.9944382199213344,0.9870185386375796,1.155831877934126,1.128330595275987
20.649298412342887,1.3437769701659577,13.536491198140231,9.243735694829406,10.946205125173073,0.0,0.0,0.0,0.0,0.0,1.5597845223807774,0.9949199967098173,1.9504935447324472,2.009431394590909,1.410205641416395,1.2957370161744683,2.095471826607572,1.047283632091694,0.9507741765924492,0.7845190593299047
0.8818181851791318,0.29303370041582777,0.5149024512484253,0.1505590716208069,0.2723823473459366,0.0,0.0,0.0,0.0,0.0,1.545605567533729,1.4385436024857197,2.0376976439179,1.574837382978163,1.719123188958464,1.0924837038454407,1.201627569714166,0.9558683367509336,1.2141727417873611,0.9168309981062186
0.24116300933042,0.12003013845460127,0.023778305329158356,0.0075256827001670325,0.09160701771905416,0.0,0.0,0.0,0.0,0.0,1.654977654762985,1.7378868801612626,1.784535668355878,1.4249932755912835,1.1380143094742021,0.9340532778564475,0.9069534067402452,0.9072005349779813,1.247125896535695,1.0107919079056837
2.2106555930566945,4.876516572495666,0.48655979372815905,3.380699414690843,1.445495363457228,0.0,0.0,0.0,0.0,0.0,1.5826923002026574,1.0443476873682118,1.6092345599078595,1.1017805608021072,0.8224079844478732,0.9269380514319847,1.4333326174077012,0.9178200165657809,0.333394140441176,2.109493642690802
1.0599160784889334,0.21005914840549272,0.6092178880950848,0.9248033850845998,0.3643127685723675,0.0,0.0,0.0,0.0,0.0,1.7908133045122347,1.13852326948529,1.7464303744554301,1.9124154501133481,1.8431726064517013,1.1508883321991357,1.1637553613083114,1.200907205166169,1.09482506479,1.055259346992143
1.9638930230192522,1.6111416536433558,0.7189427986864299,0.8149059061276374,2.9817945987173995,0.0,0.0,0.0,0.0,0.0,1.7095608312008617,1.343602951118034,1.7604714571864069,1.3252569687402327,0.7959203412191923,0.9730336610094411,1.1983690141384724,1.0198636583306415,1.0265540730504392,2.242864141961142
6.526847293203902,0.33887063342835755,4.45392384338484,4.836765161661431,1.4879988471983723,0.0,0.0,0.0,0.0,0.0,1.6777727772684894,1.4788092211724944,1.7808396799698283,1.455607248943789,1.167185245595722,1.1496651604038473,0.9969943107801623,1.1323387333709307,1.2065330919214896,0.24022004133457123
7.701070214328984,0.8118045531593427,4.622275258128069,7.7021667863935805,5.28859767112896,0.0,0.0,0.0,0.0,0.0,1.5791084133645439,1.5809236677281215,1.7169650645938817,1.128403218570847,1.1797278054774658,1.3317066949935938,0.8486975318573511,1.1033130797488784,1.6351833688609272,0.7764388746437096
6.091136896992749,1.4873297851042306,3.5488659161211507,2.7985142270135976,1.85031627756324,0.0,0.0,0.0,0.0,0.0,1.655251726535019,1.2846685626265373,1.672183611265044,1.3831694075599326,1.3962260344398787,1.083487480707467,0.9002139263005797,1.2215377367597466,0.935862540605729,0.6921358627152092
3.005028369776145,0.18101590123227668,2.011710402675478,2.881506582114315,1.5395749060515362,0.0,0.0,0.0,0.0,0.0,1.6066002611194237,0.6950520790728227,1.7407301208420374,1.3568555686021149,1.284850722239582,1.2228603932228448,0.8181905742308441,1.123104052907524,1.3389528116977558,0.12797410299892645
4.444719567248879,1.1354641128562994,2.6563809536263014,5.224652906626333,2.90421246216274,0.0,0.0,0.0,0.0,0.0,1.5597656686067205,1.541049714807928,1.4835245166540267,1.0619030083370578,1.2254018590829676,1.3314061277847558,0.8068322181644559,1.079796934304201,1.6890419263154701,0.7603605554179885
5.847474040785873,1.447061981471337,3.2162279440016137,3.346032232602636,0.15489724255118092,0.0,0.0,0.0,0.0,0.0,1.5604845477631248,1.3429715336807575,1.8568931021247974,1.567794099280541,1.4230584323026279,1.129183454973872,0.665407339244213,1.1343834592601054,1.1999685348435987,0.5071103366419466
2.1544037421544844,0.8379145975382338,0.9366007049960675,1.0998060202957949,0.7329880193110112,0.0,0.0,0.0,0.0,0.0,1.84816976864447,0.8203331769456941,1.7281253442540419,1.4334418515172191,1.3980616536556887,1.1100772526646532,2.1355466057041923,1.1481392273574802,1.322892077707507,0.8954105744655805
3.843086837799698,0.619066757559174,2.423847018130421,3.7611254689894857,2.38669265531378,0.0,0.0,0.0,0.0,0.0,1.7140930635703495,1.5469071862330235,1.7051695335990253,1.1458629907431686,1.1971760570364418,1.2282363150839777,0.9194679575404046,1.0977314019536815,1.5844072943459464,0.7797853786000688
2.4129685696156535,0.12957719614190388,1.5946813403938507,2.22460406119567,1.2686025985189988,0.0,0.0,0.0,0.0,0.0,1.702809347846176,1.5089277788280502,1.770759702107529,1.3271306135254173,1.1808317762535536,1.2151885700214002,1.0449475254958964,1.1040679974850853,1.3568183586883418,0.6121248220663886
1.0550482085335127,0.43738047459429996,1.1012056746915773,1.9697314255829066,0.8359436143130627,0.0,0.0,0.0,0.0,0.0,0.8943991480905249,1.2411778097410178,1.1447632618353576,0.70912769754962,0.9171014386144177,2.293998587781396,0.3977716177350813,1.390370278635609,2.339958609018866,0.8081516858241217
2.5265425584477113,0.5553295709376315,2.1948308919898527,1.228741363300006,0.5945142956356723,0.0,0.0,0.0,0.0,0.0,1.7260181810185389,1.553646696304737,1.9095553026299508,1.5430076812738736,1.6040723745623418,1.0921488792327556,1.094716218891493,1.0929616077279452,1.172082496594664,0.9110382732553756
4.670789229183939,1.547999182400535,3.6592085590404344,5.486688334929354,3.502993102820132,0.0,0.0,0.0,0.0,0.0,1.5878085835959594,1.5197916929073532,1.4728630627357933,1.030864461732996,0.9614140936856425,1.2988643356453256,0.8184399792977134,1.1396563419795067,1.6627451820506045,0.9060595418921279
5.103096365919592,0.9114272272622858,3.58646316423897,4.681201881869461,2.2965758363380067,0.0,0.0,0.0,0.0,0.0,1.8868547468997945,1.7355420995511206,1.6615848291176556,1.4024570575576194,1.1910971394850625,1.113047842133915,0.894989520665389,1.1034935461012396,1.3213140784230852,0.9790535474201042
29.21141010949176,11.908765162511767,18.338825362751216,9.046749084418645,2.100707832501474,0.0,0.0,0.0,0.0,0.0,1.5896321904759512,0.7989251115466401,1.7590334965651977,1.8219086614161433,1.6440564832344713,1.13162540308105,1.5371603538381298,1.1965567862530917,1.0998937697618811,0.8744239204151006
1.6089395147249352,0.22085313257174927,1.3437023583283025,1.6341439476598065,0.7461471625944863,0.0,0.0,0.0,0.0,0.0,1.4532977110239915,1.3951374038652817,1.658746995832455,1.1621945908756979,1.1645398822047768,1.4443443803336737,0.9730375184986509,1.1595202834685385,1.4072062900069298,0.45445063798017227
1.1817844804644886,0.4456561086530873,0.5274199317951479,0.6408899050199174,0.3874926573014286,0.0,0.0,0.0,0.0,0.0,1.6512594887436671,0.24067931760620914,1.8459420392834964,1.6603179806023334,1.4295002267466037,1.1460573113566455,8.132482150929766,1.125615775816856,1.256491742096148,0.8473928905464679
1.5586675550657891,0.4363227319560279,0.9369711131670264,0.4238260665109886,0.4898949661038188,0.0,0.0,0.0,0.0,0.0,1.6445257634354364,1.5117299642563915,1.8113106516126822,1.2960617837590134,1.4615980361058205,1.0717353944751746,1.0505761728394738,1.1310475091335752,1.0430413933815863,0.7500755937382426
1.5774362529921757,0.5107418539645644,0.2219640443513672,1.1364732456243938,1.0340947571788994,0.0,0.0,0.0,0.0,0.0,1.1751684707079555,1.5974480875504855,0.8532245823448138,1.1180971296424946,1.5021143246134223,1.5126776914924993,1.2820059600394422,2.0685515928845906,1.8679653285617863,1.264803141218259
1.4033571324336434,0.41896728059093435,0.912028671435871,1.338725433142249,0.9356149790222597,0.0,0.0,0.0,0.0,0.0,1.868885133204749,1.714968583619815,1.6419309725271305,1.2073523654749423,1.1705975353636797,1.1158582063725857,0.8876136940473538,1.0653832842007274,1.5228292395636287,0.9106558280045263
4.345824613087903,1.8843130771457226,2.8436268140578465,4.219334672926125,2.393561406404182,0.0,0.0,0.0,0.0,0.0,1.6507859648506573,1.6050538409474624,1.415763212212688,1.024345895433286,1.127188349683665,1.2131531665907376,0.8145262669574718,1.1001377475018113,1.7579693242587584,1.1170975633193412
1.4229724238754755,0.42432668199969675,0.43997300070596745,0.8005893351416692,0.5232649644634287,0.0,0.0,0.0,0.0,0.0,0.4963948622792255,1.0608582293711624,1.0486718608159828,0.3997606754750776,1.2511145411704143,2.8958618496254016,1.339263249928673,1.7391308579400453,2.7647445940801894,0.7654954855624534
0.5807579718623036,0.34383668496579534,0.1980073766239274,0.3654878419381161,0.1291366618811443,0.0,0.0,0.0,0.0,0.0,1.369913014844031,1.6782541349784157,1.2074350766952235,0.510763772877379,1.7445692665507,1.3949664115710543,0.9987147786413014,1.3705093237513244,2.1700742193244076,0.9413029932814712
7.521245759746139,4.369766889211724,7.303982234071675,11.173794439143322,7.767330724760823,0.0,0.0,0.0,0.0,0.0,1.431661734230954,1.3781423363758436,1.1140326035454875,1.0965207113796747,1.015192225949456,1.3768094720331625,0.8845076915587694,1.0633002858198037,1.6197722817747218,1.2883073268804972
2.2236058476637703,0.3553191648540646,0.8437955997254516,1.196456180994006,0.18090243717235843,0.0,0.0,0.0,0.0,0.0,1.5658893987463594,0.9542880830899547,1.5481384595387686,1.736091812528219,2.0928812876876863,1.2251330719667473,1.7161875816054455,1.2649234439817907,1.1443978873859977,1.0010509808499635
0.9761831808328392,0.46459381156597257,0.9091283718997623,0.3280165869731562,0.4723266424705902,0.0,0.0,0.0,0.0,0.0,1.9239572144743593,1.1596689540548593,1.5318329667579162,1.710445086821587,1.4707150306703654,1.0784864536095164,1.1560564812263487,1.2649718331127067,1.1549016823057534,1.0450497494246462
0.057797179627231146,0.012630599539901722,0.06642149040980637,0.01932314366234098,0.12228363469936962,0.0,0.0,0.0,0.0,0.0,1.9323420074745548,1.638857775604165,1.7146176984922643,1.8683075911625142,1.1371024482875358,1.020233311265318,0.987262749506117,1.1140666669684676,1.12316120092693,1.4170029128068193
22.39251152620168,5.339125564843344,9.357060455453512,9.778116448619272,12.33387503168694,0.0,0.0,0.0,0.0,0.0,1.6197010204584172,1.3644769480449062,1.0991891472473816,1.6425053537303231,1.768131014509981,0.9795428366208032,1.0261167204778345,1.641513272553009,0.9316727938876764,0.9294709179054639
1.0109225609345913,0.7999107394699798,0.4050426272836716,1.0061637646065402,0.321603292284869,0.0,0.0,0.0,0.0,0.0,1.4936717223007279,1.5704953963215054,1.3519013483203588,0.7428165080617748,1.8388675261147405,1.1510436434103128,0.779811875806588,0.5972907381070118,2.6113521064558847,1.1432805986199326
0.34856781553770466,0.18676967720092205,0.10610406575463971,0.11232801030718202,0.10481831513500176,0.0,0.0,0.0,0.0,0.0,1.1281934708183392,1.3080692638053801,1.3182629802868322,1.9188197175274488,2.062867802607382,1.0736002165019143,1.5445318994731565,1.3231962488302416,0.9434647288688249,0.976669985123518
1.7690373435253766,0.5147787798121398,1.3106949939038768,2.3908608665092355,1.2277027035840942,0.0,0.0,0.0,0.0,0.0,1.3572558553175669,1.487432741118537,1.308061378755231,0.8921206590641244,1.088741330333315,1.5331149113469607,0.7932593013363297,1.0651276844695614,1.5601006143032832,1.0476211557259831
1.1890069182614447,0.736903562636116,0.49176721862511014,0.6653833581882292,0.29670788319911867,0.0,0.0,0.0,0.0,0.0,1.1950676059160976,1.399895122752305,0.7829787095451493,0.2852060099323462,1.369274903873681,1.15021270153615,0.5832048354308575,1.6530229677665729,6.832684629361933,1.0932795225286307
0.0,0.0,0.0,0.0,0.0,0.0,0.0,0.0,0.0,0.0,0.0,0.0,0.0,0.0,0.0,0.0,0.0,0.0,0.0,0.0
0.5824590521593678,0.34184918777261697,1.029604083964317,0.5459642871673305,0.6008122775983396,0.0,0.0,0.0,0.0,0.0,1.8331480954815547,1.7379542463235,1.5849771146389793,1.5412826826811583,1.8496401871067363,1.1245722164202276,1.0250215465184473,1.0419854284726813,0.725992739694453,1.122206984501036
0.6172867024593083,0.057521301790360226,0.6883530553444274,1.0692476623460303,0.28157736362910973,0.0,0.0,0.0,0.0,0.0,1.6723240369233878,1.2010778167219496,1.6755694964966534,1.650714440316426,1.348331682289154,1.1715280592107606,1.5069806884737291,1.1519889116802144,1.1562024717030912,0.9916993895658712
0.8758657780897332,0.26124911025355757,0.6726337210431161,1.546449358500643,0.498109774374026,0.0,0.0,0.0,0.0,0.0,1.9883537234797322,1.29311935566645,1.5491324137284304,1.5009983344109024,1.4085886664414935,1.0560694638464254,1.3839948988208857,1.1458420086258585,1.094238086584129,1.2421664385290956
0.8321821449611086,0.16182533197735466,0.4762372226828918,0.9345917916584382,0.4402255517836401,0.0,0.0,0.0,0.0,0.0,1.903821539388683,1.8988835194724132,1.4454609188687821,1.5308291029078165,1.5419410111861234,1.0716420971535998,0.9234843915686644,1.1259027471791825,1.2285745506813306,1.1537843459713117
1.0605531959519752,0.4408740170984756,0.657440006420583,1.0760041256415585,0.46387328106980563,0.0,0.0,0.0,0.0,0.0,2.0555987853073505,1.7316646501223119,1.444406632426924,1.4366181563304008,1.3336873741412196,0.9977408677573661,1.0178169986488306,0.9881473622878182,1.0761271142041864,1.3545807079037502
0.2178713824367083,0.2909656100382054,0.6541633335242526,0.44843339326329923,0.6689613244278817,0.0,0.0,0.0,0.0,0.0,1.4290049901780641,0.959642998021325,1.3280979812027094,1.4354457121516844,1.827245888794573,0.6193114763078266,1.8808226872629166,1.0133384143077233,1.017200614720447,1.0393779187672396
0.17895248389655924,0.3118193756397285,0.3854347956599134,0.44554642847366954,0.14148752929661337,0.0,0.0,0.0,0.0,0.0,1.108213948289726,0.6637256101353356,1.350412922989389,1.3552170334988491,1.3329898853745152,1.6471199939926113,3.062743352959557,1.4088296607254127,0.9579701640062182,0.9041607993100453
1.2097800127993392,0.3255253403350578,0.6766385692478846,1.1074860920481069,0.4412274458435528,0.0,0.0,0.0,0.0,0.0,1.9377839267159236,1.8937514791887562,1.4090220889744076,1.4962517617976776,1.4643676458197699,1.0487383018759386,0.9171633898780133,1.0158556259050298,1.1907925191162005,1.0891214480604423
0.2377370369944134,0.2549914692207908,0.26057564400482297,0.3364974233194573,0.24270555949930292,0.0,0.0,0.0,0.0,0.0,1.7169199415715297,0.6908763151124383,1.3182620066919704,1.5982995151395696,1.2516771644139726,1.0700619150243516,2.129207724444545,1.4576448326361846,1.2105127258883241,1.5397543314186035
1.2974133967910926,0.2802046651080943,0.42647648996181464,1.2512725252295467,0.8566106790546557,0.0,0.0,0.0,0.0,0.0,1.937820238278654,1.6386866561754374,1.8022075967492532,1.8525896064976421,1.8403266707785773,1.056564015154005,1.1406482544481555,1.1268509935978754,1.1218992472811935,1.0750886679484952
0.32432680773412287,0.4417957774165763,0.43190686699674624,0.7002877893970186,0.2469105598868016,0.0,0.0,0.0,0.0,0.0,2.0516398334066825,0.837079095752209,1.6993628546463295,1.4686236508030637,0.5600012340665073,0.9928424439674317,1.788469562316842,1.1617794858963097,1.0425845297180034,2.6456331916833022
0.518356041674527,0.03126605518971813,0.27098799920011624,0.5991788464862443,0.2755809211165791,0.0,0.0,0.0,0.0,0.0,1.7486510382989415,2.046201754088468,1.5407362661287693,1.600278151531146,1.5574963551545327,1.1362341091297479,1.0193259676737767,1.1189545245282566,1.149412973900982,1.1088001802537366
0.705695540674739,0.2568611259278819,0.14110135238800894,0.4028400720887027,0.5394471159126413,0.0,0.0,0.0,0.0,0.0,1.582537669632402,1.4687218522580097,1.3693607998987347,2.0240243857114204,2.085854523989164,1.1484241365049164,1.4214734241354121,1.0407409748932084,1.0354924740288307,1.0052320694367138
0.24170279525027033,0.22100422418008708,0.25290621372997835,0.23978002638374787,0.1879151694298178,0.0,0.0,0.0,0.0,0.0,1.0897616688114797,1.518401335576614,1.304960439398883,1.7650388292016443,1.6932402934372481,0.5937526665720763,0.7760884047442431,1.0272163992398102,0.9800958836088471,1.1232422178474513
0.11060475448580842,0.08712087036597158,0.2807612803055628,0.09484823169800746,0.1531277531946127,0.0,0.0,0.0,0.0,0.0,1.864373105373559,1.3772849847694915,1.5430028741286261,1.2892536947920121,1.8234748434291101,0.9352714850177865,0.9924177934501712,0.9692646546557411,1.4122044142438066,0.8810402272376268
0.3788605798416528,0.21673612857606078,0.09305489389973419,0.1725483874541813,0.15024180860773345,0.0,0.0,0.0,0.0,0.0,1.5006580110984307,1.4856821473075443,1.978282792615974,1.3373242674964216,1.7649276783794223,1.0522812647041304,1.1322205304407347,1.062841347568379,0.2138884930203475,0.8659497058965421
0.22995279124833118,0.1683966092902781,0.06241890999799119,0.16510577370700025,0.39819812107522773,0.0,0.0,0.0,0.0,0.0,1.8694914564981913,1.8379052750877984,1.484621728542525,1.4703606637389748,1.4459983200595017,0.9079446652504207,0.9804318502562476,1.0287645062392825,1.194313455341406,1.321941478366125
6.084995017020867,0.6423250015759779,4.269464490182992,9.943818838205871,4.210782841936834,0.0,0.0,0.0,0.0,0.0,1.888925645191776,1.823236893339788,1.6586264162803392,1.729083258645707,1.575035621947821,1.0905619922161964,1.1293120998835615,1.1706811913011754,1.1495569338320222,1.2130378655455647
0.6375529227936911,0.09211107500468278,0.21181259493524723,0.6490674555637683,0.3950126599189464,0.0,0.0,0.0,0.0,0.0,1.8910822720682916,1.8742398777799862,1.6557806134247952,1.7327076687308336,1.8090880266342806,1.0925287147931007,1.0478179325823975,1.1442705599408949,1.1379095870347455,1.1423147130690534
2.29137429855001,0.33585627980139304,1.4767386261706552,3.4796544075124793,1.232544121309265,0.0,0.0,0.0,0.0,0.0,1.7082402348142487,1.0189873025535687,1.628999371357671,1.5165393798411564,1.5941594879228582,1.1387207293056019,0.862293886613849,1.1485872757771003,1.105088953804537,1.0906949210456778
0.08901398592614287,0.1174341186358924,0.2053001513702609,0.2083003805851386,0.24063506930702477,0.0,0.0,0.0,0.0,0.0,1.2577621226526794,1.3986457412008384,1.157540357422556,1.7138954150011996,1.6205074520038887,0.6667294318131601,1.140393415156789,0.9276606913890342,1.0945338010893428,1.059961951282787
0.30459151286875347,0.12803048771629877,0.22384937572410074,0.14685250920037154,0.17708940994628913,0.0,0.0,0.0,0.0,0.0,1.0231299330266457,1.7156037513272597,1.6958667244236871,1.0442385855937746,1.8525187467768396,1.9046468891745463,1.1385157353103932,1.1833799938026202,1.5117695751830913,1.111137805241596
8.588920075776853,1.4958742747291274,2.8159707146900543,8.82334073827209,6.164861645951587,0.0,0.0,0.0,0.0,0.0,1.7719699338966926,2.00467856140465,1.397484956284859,1.7105687133033385,1.9486212719777212,1.121607614656662,1.036791667903441,0.954335186320057,1.1406699548898678,1.0740031488754547
4.968972331775971,1.5628617340770028,4.7588164155612995,5.211225070059964,4.503172197090672,0.0,0.0,0.0,0.0,0.0,1.7206864496863148,1.9095157802425313,1.19739090392532,1.6092050087476764,1.9642673483868607,1.0288250108045605,0.9361764820748978,0.8032758606817293,1.2142683673443535,1.0495023332922213
1.4928400033251945,1.1687367160345077,1.5911232068565573,1.0701984873797654,0.7138625028699787,0.0,0.0,0.0,0.0,0.0,1.7167633031727558,1.3460780842097269,1.5047035057557137,1.15338765328484,0.8173139090232341,1.1427989154386589,1.15016981716981,1.049086666516631,0.38487689378185275,2.2517560303110105
0.4892985468167961,0.09327473844423659,0.2915637854114919,0.5388373124763647,0.3431330382544575,0.0,0.0,0.0,0.0,0.0,1.9214542827986671,1.7311793362257648,1.699922369073918,1.6101463704565597,1.6327918734703908,1.0823007421633533,0.9189539579256976,1.163327816656199,1.2446223832394816,1.1265516653947338
1.3775414226511873,0.43253925334593435,0.4662017752847971,0.4834300444623832,0.9439369903023758,0.0,0.0,0.0,0.0,0.0,1.1317062693407811,1.3940282066425305,1.4715525500335116,1.3728850657804357,1.7444069539282594,1.4094124045210585,1.435574263025156,1.3764832972581131,0.5103123391226226,0.868619673489611
0.10108305620870932,0.20946487883774453,0.03714187743684978,0.20307465696633012,0.0648991324832939,0.0,0.0,0.0,0.0,0.0,1.8227518000231413,1.0262871466733834,1.6308167460418368,1.134135128360967,1.0385370410645707,0.9195380168327301,1.3409042476926465,1.0659472612775356,0.6415477082662712,1.8210120333566728
0.08054812897972599,0.09452675598160146,0.0775337673015867,0.07002412602408757,0.06950508870211954,0.0,0.0,0.0,0.0,0.0,1.7177564187520953,1.3133055815593657,1.4925449948188336,1.6202089163053455,0.9644023549416371,0.9624170687698672,1.3681264737113887,0.6796929990986964,0.9487206787792024,1.6972081632415892
1.4417389023090819,0.28329641669605116,0.8217589035991212,1.0461501897542262,0.838772079021876,0.0,0.0,0.0,0.0,0.0,1.7375852317739497,1.90985978110445,1.6721993384631477,1.4356175341610802,1.4646051933670183,1.0867928279073351,0.9043796575263322,1.2351874587673468,1.1834772069799817,1.120255895971635
0.7781594147520727,0.5371057824920484,0.2390520603948328,0.09697633729649044,0.2322943305541763,0.0,0.0,0.0,0.0,0.0,1.690095344881205,1.7661607057618407,1.9410798607647508,1.4588458552726609,1.7854089619522748,0.9541441491370799,0.9610863452622213,1.0722397746976358,0.6719490080983848,1.1206714976581724
2.9871954288433242,1.1424293753367911,0.4413494523991777,1.6170807147725426,1.5196272985959318,0.0,0.0,0.0,0.0,0.0,1.8649432855268655,1.5322952147219102,1.7407914277981542,1.9201223117377308,1.8518332143464564,1.0807232900383275,1.2370085703509321,1.1201127735272975,1.0910269362774037,1.0635501936430296
0.45049183902087747,0.11651482862363169,0.6068281929805992,0.2132867663704468,0.28974938551711776,0.0,0.0,0.0,0.0,0.0,1.7539641309466416,1.3677271963086328,1.8450263141284855,1.3891109281186629,1.8751313644838745,1.1278818370374692,1.529792639679562,1.1146960296441808,1.4264417152580586,1.1225049414456227
0.28493123367874656,0.26337068804553254,0.27879185481633423,0.19203709635821847,0.6678574424379624,0.0,0.0,0.0,0.0,0.0,1.806887486002751,1.7658148736850494,1.244501004823242,1.4303728463281624,1.0713858860656917,0.9287214109587618,0.9071502919002183,1.4815556363444318,1.1483938026462195,1.4975392325289003
0.35437127535917706,0.25421573682986087,0.12727570843266095,0.09717699965764484,0.4649361345719344,0.0,0.0,0.0,0.0,0.0,1.482479272679153,1.401639914865969,1.7332066115862412,1.5247130221994525,0.5385005106749076,1.067120144313004,1.132028990579653,1.1825419332590592,1.0738495482205257,3.163127755715698
0.15717837499519252,0.20047197754339333,0.03785432361540021,0.03109579613620585,0.20512886145091405,0.0,0.0,0.0,0.0,0.0,1.2096164855175524,0.8772016350331758,1.4991759916313978,1.1692476504562774,0.46800785924932503,0.7419018182043654,2.2123926569350725,1.1345551848039226,0.4438793817984076,3.2401436687368657
1.1110533492514705,0.7276650044743747,0.08366607190840589,0.41672164366025183,0.9040940265248532,0.0,0.0,0.0,0.0,0.0,1.0815808915670697,1.1660738746251245,1.6141516979330737,1.3517209862952486,0.40018454888963834,0.8943686408323742,1.6134344702583916,0.9670166883213775,1.3574437348117905,5.1998824756873745
0.6768701154752155,0.6696536142525187,0.4231846435067528,0.20017173234324526,0.6330931237763235,0.0,0.0,0.0,0.0,0.0,1.4579235298077966,1.2602796900935125,1.2872112849872324,1.0099628483327492,1.2509144852637835,0.7805242294545187,1.216767501433146,1.2716481949388496,0.9578624642986904,0.9253879540736697
0.04706252994990735,0.1210472031099081,0.15073333593305221,0.19777716370776974,0.22568803706580684,0.0,0.0,0.0,0.0,0.0,1.5470348359692754,1.4547325487212464,1.170664333866892,1.652254325278414,2.0697571407815345,0.8985340695553302,1.400096033632536,1.7073328983760534,0.836907204276876,0.9926675027914011
0.6614373987568544,0.8486656433085491,0.2575565564065324,0.3484962856756125,0.8574453094518649,0.0,0.0,0.0,0.0,0.0,1.2690351446051442,0.9673438490322795,1.370572485238442,1.2672064381804824,0.38385557278228166,0.6145566867881761,1.6946990198072054,0.7471288604957387,0.47915354017887024,4.38589240818124
0.09617661938856889,0.15627383609208595,0.0854748343624337,0.1008919480017553,0.11112353900159717,0.0,0.0,0.0,0.0,0.0,1.611898119349956,1.5352756226208237,0.7901956223646486,1.418399471934746,1.3443937153036345,1.0329067036750776,0.8632726664081363,1.6382888643561635,1.2623881781420156,0.9103117668873656
0.22482449938648755,0.19018966289040962,0.11475907447508842,0.14645483326361253,0.0864219058187762,0.0,0.0,0.0,0.0,0.0,1.4100899694520914,1.0673076504982637,1.3084533022117109,1.2508994570500473,1.3660739608814256,0.9254205144360068,1.6039387111216483,1.212069427679221,0.8840924972111242,1.1304440510238638
0.2239044137960892,0.31182395894076054,0.05007551137873415,0.13703527644577246,0.26784856364294385,0.0,0.0,0.0,0.0,0.0,1.2090537681547007,1.0947211808208475,1.4135216139273712,1.560466338319291,0.3639856332416049,0.7235025559986971,1.5408064640503079,0.7181323089948932,0.8731116983730529,2.518908863827596
0.3411681065665551,0.18477237338280592,0.13390529969114948,0.2650145156851188,0.21219081035489876,0.0,0.0,0.0,0.0,0.0,0.6145306574863738,0.7602297253102855,1.2993591818362291,0.4522539245991894,0.40111378095290545,1.9108730106375547,1.60712502756756,0.6990738202280466,3.649268317856838,4.626874653999448
0.5124402201730376,0.14808260669035245,0.12680499259153027,0.3626257684453608,0.22965276340880014,0.0,0.0,0.0,0.0,0.0,0.42216449325232686,1.2470205047836629,1.4318641086453774,0.3383972806398831,1.1580897957670575,2.53409954351756,0.8364536691622099,1.3009306985901536,5.117038748945695,1.1949987910485933
0.13521708760781945,0.10999981841880242,0.05034637269793072,0.08529548531287089,0.29334351922772933,0.0,0.0,0.0,0.0,0.0,1.5293261593196439,1.5523613039860706,0.23873250970504079,1.712555552361839,1.5392324530395076,1.208875520355605,0.9556607779847075,6.361731980599173,1.0845497978597538,1.148822045437532
0.33746994264069985,0.4058849184344534,0.6747740331032418,0.44923348289833936,0.33438991584133876,0.0,0.0,0.0,0.0,0.0,0.6219299614253155,0.9065755543001173,0.7324345403191587,1.2535102758921857,1.364608356198874,2.8510316601007584,0.6071102714759271,2.0854862359723536,1.1928018902764799,0.2849535752005464
0.23063754876593978,0.22925679462354287,0.1373476903713056,0.12994019949315105,0.34729142192063317,0.0,0.0,0.0,0.0,0.0,1.3864106486634047,1.2616400708999402,1.8233588864868182,1.031055716355267,1.7833563158160857,1.2101840568154538,1.5297977891677321,0.877388506764275,1.1641609256101524,1.020647673831642
0.16101955283940902,0.1904027676663933,0.16323481183495514,0.15840613565034903,0.23791784581873957,0.0,0.0,0.0,0.0,0.0,1.6504337864433332,1.8028815380499874,0.9071670304595254,1.5842659016383605,0.6004191979020133,1.0186669444724572,0.9030680254943578,2.056564407844982,1.1377825476782668,2.6703522849443773
1.516079944347089,0.49028439080607444,0.4193041837789389,0.5635884672366911,1.7421382585888412,0.0,0.0,0.0,0.0,0.0,0.9924736660932764,1.6003649298055296,0.5025509340548179,0.8904039856211537,0.8001848033054358,2.023604403805053,0.8287608598014138,2.810861765471144,1.41676634529271,2.0031514902031247
0.2869986996854173,0.434998223986498,0.03651499056648015,0.16999298628936219,0.3038429276620104,0.0,0.0,0.0,0.0,0.0,1.6337743637397921,1.3835511890092338,1.8159961740272317,1.6583650218599075,0.7516136699328779,0.9375441686898494,1.151701111839237,1.056896690674739,0.979151443133978,2.0194365729097146
0.16483885372919063,0.6838959473461647,0.16477350275311342,0.43986434071083663,0.9165239958623443,0.0,0.0,0.0,0.0,0.0,1.7160865979149216,1.80031013604734,1.7477912389413777,2.006602692184807,1.6226424679293836,0.8706396165073019,0.9540778421718746,1.129259069952743,0.9186716016319526,1.008669379266318
0.07142605060986948,0.06522385366669721,0.16853477433352299,0.1499542025085024,0.11748832455079798,0.0,0.0,0.0,0.0,0.0,1.7519328297807477,1.3704577957319442,0.806714594488643,1.3921190851457041,1.589500394515957,0.9958360822495868,1.2679828542968719,0.7250271725602916,0.952644857246843,1.0815636000325057
0.5564201758305726,0.49950168250773047,0.251743274595284,0.26977623318913696,0.43596151929261084,0.0,0.0,0.0,0.0,0.0,1.8108859233259806,1.7096684046024357,1.6501576176540365,0.6717711978200782,0.6308454230010749,0.9039882977945728,0.9162390402203887,0.9326056393441365,3.078974176210398,2.5782804236459165
3.5452253593093213,3.1444030430037566,0.595254464820585,0.5940091664839133,1.9694640448872884,0.0,0.0,0.0,0.0,0.0,0.915154833976504,0.9039016354095013,0.784549047096195,0.5915158322599056,0.8370044872143304,2.1646109971576286,1.246451587002903,0.4740893040315151,2.297902457810077,1.741376290512569
1.1990606794332472,1.2762882549474963,1.1230563321513052,0.556978992766646,0.8780558276735426,0.0,0.0,0.0,0.0,0.0,1.7706963641360451,1.8410455775040453,1.2863134696331329,1.758819530399644,1.072104940353398,0.9254468491683563,0.8794727600444252,1.442344008202214,0.9478038952899955,1.3693895046877258
9.417136539337983,22.088810164734088,1.087911086191551,20.998733581637975,6.610329507594355,0.0,0.0,0.0,0.0,0.0,1.7410285001773884,1.7185412361434689,0.9337449120747864,1.7671412388093568,1.219091230692583,0.8687410151345148,0.8854087462473629,2.0247010391750195,0.8938465870416759,1.160457785437056
0.24208750233660242,0.049297093013314905,0.029246324424499225,0.21752695998572075,0.05153965602662175,0.0,0.0,0.0,0.0,0.0,0.8243069742222143,1.3751991220563506,1.8440802412708766,0.38080381968440935,1.4267095271827177,1.8174302529407913,1.476847202200744,1.1397915968490184,3.475047263717947,0.71764040709102
0.31627032461403726,0.32030914171915503,0.29843709557651327,0.2755689293787057,0.702164647764242,0.0,0.0,0.0,0.0,0.0,0.9190359079870685,0.899102521629351,1.9265289439360154,0.5103298045021393,1.8105532766570973,1.9689493951004824,1.4154487192037681,0.9732510135726368,3.2170498569844437,0.8774871771714398
0.07019799685512278,0.20013369214154544,0.02734785762196385,0.1964259204009749,0.09551886147261535,0.0,0.0,0.0,0.0,0.0,1.9207210344893657,0.8678186380412515,1.46477944454289,1.3237699293659346,0.9418983632946157,1.0059205264675632,0.9317738071716541,1.38592433742948,0.7282373268845188,2.141676751288995
0.444874646986502,0.3093101520313485,0.16194540261808238,0.2339724622968463,0.27418931792908674,0.0,0.0,0.0,0.0,0.0,1.3098538920786806,1.3596697021194823,1.2253592977775833,1.4577820191213084,1.183967664606446,0.4308822826791337,1.2089186859938619,1.5113086884581013,0.8222808681729372,1.660272991997583
0.23590031353132535,0.2244917494518485,0.26112632105509087,0.22115530218769996,0.6343001086200349,0.0,0.0,0.0,0.0,0.0,0.979334752900269,1.4832325388811447,1.267800327778837,1.653736854409919,1.4406900173693353,1.3483058624823756,0.7458835386378034,1.5496046256303346,1.0712177087127777,0.9452994800678942
1.432215413348096,1.1456943670905428,1.055910739540239,1.1207094523885421,1.188266029421587,0.0,0.0,0.0,0.0,0.0,1.112216007808124,1.2774978818664335,1.1945196779243419,1.3865565120599594,1.3870047299297084,0.5353699665100428,1.0349754657652832,1.190637263609932,1.1394749691730484,1.3034603463274506
0.9551370852097854,0.6774757112850118,1.0177367239626665,0.23338747707682903,0.9239657556972432,0.0,0.0,0.0,0.0,0.0,1.7573172851837562,1.9133078827550007,1.7414027484412498,1.7539427200884081,1.5649622704236834,0.9455195872819574,0.9069676140606011,1.0941544990872913,0.9093849369073417,1.1973898993792496
0.0,0.0,0.0,0.0,0.0,0.0,0.0,0.0,0.0,0.0,0.0,0.0,0.0,0.0,0.0,0.0,0.0,0.0,0.0,0.0
6.4151484617871235,3.1371424302126156,1.6287868630477746,1.2201945267199483,1.8449915919860214,0.0,0.0,0.0,0.0,0.0,1.5576425443536832,1.5820997674069595,1.1900215708405195,1.498633004076816,1.829706917793326,1.2626553283188813,1.1926470426593192,1.3481514836683162,1.3932984002033444,1.0282157865614852
0.38409899679144954,0.47689752538055147,0.11406245343320465,0.8807950530140726,0.5383546222373727,0.0,0.0,0.0,0.0,0.0,1.885326118045846,1.1161030657679947,0.7031634674956139,1.3334882631407199,1.4053103269149994,1.0930614555332325,1.2551978845957095,1.822055690884182,0.3534355351542726,0.8760330390303923
3.476018792157803,2.9848081090339873,2.6050004689044557,0.9136105705928653,0.7053163152141487,0.0,0.0,0.0,0.0,0.0,1.660195841115051,1.5209311876190157,1.3737772621009658,1.608888899426718,1.5060573469768015,0.942915831444419,0.9721417830054132,1.0824290028341734,1.1326631568889143,1.2732577263600222
0.5534452661168355,0.10859091035966477,0.0470675156292794,0.16452489945923185,0.24424084002495167,0.0,0.0,0.0,0.0,0.0,0.9985618750933698,1.3244972691380261,1.6584071544160868,1.21996947223582,1.724844779479417,1.6114480263687392,1.5170157017181574,1.1407123307706957,1.2876814187989865,0.9253574883863208
1.6483732111196936,1.1278488405913898,2.1830026911577782,0.815246411274104,0.7966343681487051,0.0,0.0,0.0,0.0,0.0,1.5598842558607826,1.628754608942878,1.658280259376297,1.3706673610507742,2.033061314466678,0.7741579277223206,0.957946062149269,1.0012787996228654,1.2073434859419299,1.0041034067049042
1.5259768324630396,0.7965690539961298,0.46709612400744804,0.23896060030699676,0.11283944611044205,0.0,0.0,0.0,0.0,0.0,1.264655845346001,1.5798080054929993,1.5691470749367968,1.2804814728939349,2.125894128073985,1.3863971589706552,1.2771459956548457,1.3018034522304704,1.2025900219515901,0.9649979952587898
1.6244601005924462,0.6996962404733119,0.21809883524820228,0.05803399453700708,0.8237147295709976,0.0,0.0,0.0,0.0,0.0,1.5668728499627367,1.8597642380976178,1.909374434121217,1.8526684428325992,1.8495931615440202,1.0930338089631344,1.007756387821055,1.0485869949485254,0.9308030070662555,1.0129661800288767
1.1296585876164127,0.6490891572458154,0.8649847710378618,0.4363121920439676,1.1459975633128654,0.0,0.0,0.0,0.0,0.0,1.7505816875215305,1.3703019952352353,1.0912216109414772,1.8194893258249591,1.5463194385871124,1.0837774499467199,0.9508313101759674,0.8006172819282815,1.1333043588802554,1.2027877689351802
0.6140406584135225,0.5291326944607686,0.33377438043026164,0.6932967774483445,0.7694622872362373,0.0,0.0,0.0,0.0,0.0,2.0528162200811293,1.7437080484892458,1.5682613545692576,1.351439411076349,1.3716624147584622,1.0027582139401476,1.1247019352397347,1.0364826374991032,0.41237915866235536,0.7988259124213036
1.2058518534437457,0.543317945373924,0.20532049241282543,0.11500005985615247,0.7466518586296833,0.0,0.0,0.0,0.0,0.0,1.4583084793317818,1.8426279199779327,1.800054333175046,1.5372315282114895,1.7332506340651959,1.0802157229316343,0.9969418589941937,1.1418275753668667,1.0428088544310763,1.0507414739686254
0.20327609316243947,0.439645038324732,0.1730244067957152,0.19434318908376996,0.1439656760981288,0.0,0.0,0.0,0.0,0.0,1.4356435020491034,0.8923572480508829,0.9952377376790619,1.2852944966139523,1.4906502648211601,1.0130706332047954,1.4212064270848428,1.7865816944224535,1.001817005994189,1.1296097124043678
0.6830198726155083,0.2769873609105234,0.09014948128134957,0.19528586904056106,0.5576332724284734,0.0,0.0,0.0,0.0,0.0,1.2774671819317354,1.3705121780698302,0.9218477801737398,1.736773470642693,1.7957455116579188,1.442432652950686,1.3973012691101832,0.9400128397368475,0.9591581090447543,0.976236397550435
0.2633127768782831,0.0405926150909352,0.297128118199685,0.08394017433334484,0.2440076337553212,0.0,0.0,0.0,0.0,0.0,1.7842936447250508,1.8001824106898023,1.807003029209454,1.3592584367808203,1.9682089037645443,1.0736227239184701,0.935015230104577,1.079776418949665,0.6762623197140825,0.9241079895036926
0.5621397367162643,0.46577938685047304,0.600218239270203,0.3701760152828915,0.8346180752815181,0.0,0.0,0.0,0.0,0.0,1.3268167654519507,1.3943945057275813,1.4631509489042092,1.5043221271572245,1.8626495019431464,0.7366832364210019,1.2476894866710344,1.1662438734005558,1.03840718623229,1.1034039166799858
0.8594379094125852,0.6284887065517283,0.217068355358567,0.12449144200147817,0.28805188910494517,0.0,0.0,0.0,0.0,0.0,1.4448822251160414,1.3572138793223547,1.3568315140485225,1.351934269286424,1.7982907679932147,1.208194317117738,1.3627220810014535,1.4085162172376724,0.19144532339630763,0.9291704061702056
2.6019111474469225,2.392789887444569,2.209291030364812,0.6314576025384891,0.8474313980656184,0.0,0.0,0.0,0.0,0.0,1.6562064479943397,1.3520588293451028,1.184868666696276,1.2445137796094952,1.2975244238863572,0.946980439496622,0.9865778960611495,1.0280156726975347,1.460729417314942,1.059590657179437
0.10341019647419877,0.25474562991404903,0.17614470752199823,0.5391478763110549,0.23768798315518205,0.0,0.0,0.0,0.0,0.0,1.776135731214164,1.7493625024824717,1.7326913569625249,1.7211694725188162,1.6509126374312384,0.9208019684696159,0.9961996884524174,0.914266565417585,0.9492551862123845,0.8468190099841253
0.13677519432599844,0.05240358735051152,0.06240592167870883,0.10467397384333113,0.18650143728987228,0.0,0.0,0.0,0.0,0.0,1.5037681711989501,1.7619546266979493,1.2419701596460633,1.3908925823645517,1.6799514205570547,1.1921809201442508,1.1808451841098206,0.8818483334105217,1.3314745875384557,1.1407956919912792
0.1490334416491345,0.2622289536333149,0.15305558649554474,0.27868175594845324,0.25881816234217253,0.0,0.0,0.0,0.0,0.0,1.8466887251364927,1.2160905922899536,1.415224281716946,1.355127187538705,1.100241385129404,0.9286616820881316,1.3554582058177418,0.7081526898483533,0.18162860276326215,1.4378550318568932
0.7504412406705574,0.2740640440046889,0.04970806043368478,0.32608936301830393,0.42264185293443973,0.0,0.0,0.0,0.0,0.0,1.2897401717583925,1.7715966219413302,0.9861218811096656,1.4153468349985798,1.9779184155295413,1.4877914746591252,1.0986672780789701,1.9571213173586883,1.4617437927444994,1.0338465729771082
0.35474258951719206,0.6715539217204917,0.8622975580303105,0.2883986919662956,0.6727663177028204,0.0,0.0,0.0,0.0,0.0,2.1119976216828014,0.9687074906639557,1.01140835723403,1.6100469475842702,1.3374903543523855,0.9647574970361538,1.8439565573437073,1.5967543604138723,0.8783981360558056,1.2738496016347645
3.7830120723739733,1.3982445287218226,1.477059391145032,2.0379474906421713,4.505602150526555,0.0,0.0,0.0,0.0,0.0,2.091384092503625,1.8039408834897819,0.9673221940541383,1.2061496207513767,1.6129896259942842,1.0022257803983936,1.0849292402132815,1.7017981083008795,1.4233461144402137,1.1297483348765942
0.1171809302289917,0.6290123581637967,0.16460433033415253,0.6869540528229274,0.26360270358326066,0.0,0.0,0.0,0.0,0.0,1.4412042832523861,0.8972309022597629,1.281351376034879,1.210932882679939,1.7275035611546772,1.4064452985889826,1.6018432306984591,1.4728872468758083,0.47093541556303664,1.0244416168572947
0.7545948943134808,0.429857855242603,0.33825506941967554,0.2697118112737023,0.29165306780981437,0.0,0.0,0.0,0.0,0.0,1.2997370310566716,1.466481809384911,1.5455665223604163,1.648567606184673,1.3252556518890701,1.0222943563634288,1.0931139625337043,1.2641503323131276,1.1900809281463975,1.0088053861418065
6.989905901063322,4.894995027684402,4.8725985005821855,1.836663273158678,4.7025253793381605,0.0,0.0,0.0,0.0,0.0,1.3206935770819757,1.5461310343170007,1.6561732680633938,1.6874145674198957,1.9700083144410105,0.41189656417750653,0.9703721534880265,0.9984922128433027,1.1037722935347467,1.0561700835255787
6.564614506908586,3.828545635731652,2.317267978725119,1.0305549689366311,6.262627202481127,0.0,0.0,0.0,0.0,0.0,1.7425539272640784,1.5634973857604177,1.2880620418799213,1.9042864501529428,1.624750783763927,1.0843602111161925,1.1416521312359171,1.211951439775758,0.9442755939027416,1.0441318917044993
0.8947051807163945,0.8949245943887847,1.3096409662699584,0.46038971488960356,0.566477275990459,0.0,0.0,0.0,0.0,0.0,1.5955532974498066,0.8230314514214148,1.2936878767371298,1.3653938496642353,1.7059975917963754,1.299258009607051,1.9818506651926222,1.1932783236937388,1.2711047191481868,0.9508990322890821
1.4610032478427593,1.2921060409651948,2.43804044361707,0.5631122758455867,0.8909586397093653,0.0,0.0,0.0,0.0,0.0,1.997169418482117,1.2888695428597152,1.3420147446289652,1.704828707202694,1.361815152108303,0.9998534449673334,1.357682899041458,1.2467279974149246,0.9915565550883902,1.2174789037011116
1.4645893673331267,0.9690488661446397,0.5152071306050553,1.2830004817333855,2.187689610096447,0.0,0.0,0.0,0.0,0.0,1.7560768367927335,1.5656383145154338,1.4361693294741447,1.3961743056375702,1.7316470382025362,1.131084064330981,1.3276405134020521,0.8247231976766372,0.9299894489999879,1.0945252903099423
1.8647423769856655,0.5847713581523892,0.7253833479947508,0.9303327385385666,2.8085131137778068,0.0,0.0,0.0,0.0,0.0,1.259465193620117,1.623894507937784,1.1742706643206173,1.4090667071501353,1.5802931222940106,1.082329382180615,1.0166846063593287,0.9376656545757722,0.8240452018699708,0.9153234498340581
0.1733498510917307,0.08260327450221636,0.08817605721837922,0.1751083048052261,0.1781276665078159,0.0,0.0,0.0,0.0,0.0,1.6946521531994116,1.7885650944795994,1.5203235426959798,1.3118960549136909,1.7290411027593726,1.165245185483542,1.0970563510271196,0.6380664458652716,0.5551698894424805,1.0333143098545232
1.2548379230372686,0.2846953695141214,0.24125087797112638,0.6905842222140672,0.916760764949364,0.0,0.0,0.0,0.0,0.0,0.7914276836981583,1.5403412911702201,1.2917716587895773,1.0307192771778482,1.5971015519449747,1.4212367559687105,0.9419828862072522,0.9838157001032342,1.454115307874118,0.8496373359529065
39.929292250259344,34.60691289654942,25.67625947274172,16.215287852854424,11.494256335282975,0.0,0.0,0.0,0.0,0.0,1.3693213177558694,1.2839149333058058,1.2254549807698316,1.0911859214232702,0.5338056658803567,0.8706026081924018,0.9943107406887265,1.0891606503295743,1.2421932181053092,2.3439933090762857
3.940120250446906,2.7292789707689638,2.465852306590663,1.9605747247242467,1.0787251484445348,0.0,0.0,0.0,0.0,0.0,0.7478927464053553,0.7804588708219511,1.0710482742367278,0.9576734726401873,1.4493262519709202,2.064874939311927,0.21272400116129264,1.2478023808016097,1.7929272253726156,1.087833751920833
20.06029940838455,17.05065367320789,13.323465898180686,9.410880034271058,6.228695809413184,0.0,0.0,0.0,0.0,0.0,1.2413013616562985,1.1946729481333525,1.1261976831664169,1.0331255933176613,0.7688483319878285,0.8740005017665745,0.9246073643641115,1.1406435223910838,1.4147938120086072,1.8295379136168324
4.482963566554778,4.290495219697873,4.462678346711277,2.2561630283159992,1.519763950957405,0.0,0.0,0.0,0.0,0.0,1.220471411854429,0.9773988189499495,1.1658710537576622,1.1125958740297643,1.5332742706721965,1.2608548888091524,0.6883266598901883,1.2631731175051375,1.4793913596630393,1.044512794534025
20.35633760660969,17.997698414930955,14.616743047866077,10.579696687720162,6.545399162086568,0.0,0.0,0.0,0.0,0.0,1.1857057761677383,1.1467340768310774,1.0715815410550238,0.9138347841993097,0.7226449846066205,0.9519486461707539,0.9573625308047276,1.0545019603005157,1.3081119752005708,1.5161675580921459
6.51792870726935,5.6070552337587145,4.18888188247589,2.705505533923799,2.474427819700687,0.0,0.0,0.0,0.0,0.0,1.4119341088739568,1.3467688816701378,1.2644678830582183,1.1622228860037693,0.7160316215211086,0.888554567783775,1.0153317195410811,1.0933534310961792,0.9382537063627497,1.1831851383076
4.7217460122822645,4.122570893128596,2.808761272279474,1.937905765952392,1.6664008769189362,0.0,0.0,0.0,0.0,0.0,1.0466051802069587,0.8916590649883249,0.9669559198508207,1.343149469215579,1.058864402643383,0.7424764871284749,1.2460547300330544,1.2863385986888745,1.2020890537621574,1.7632619872493023
9.158962026467913,7.3910250970690425,6.127410019455523,4.916450272498063,2.158368661354751,0.0,0.0,0.0,0.0,0.0,1.113776927507531,1.0829923858161548,0.9027008186689711,0.9824429150019992,1.0807686273452692,0.5856209195696749,1.091084435231698,1.485152149680721,1.6346905976387034,1.320394966761436
1.9437520893422584,1.2743277988878818,1.2356149748990208,1.484092000357953,0.7213082112592779,0.0,0.0,0.0,0.0,0.0,0.8043456543840207,1.1931332063034303,1.074446922249033,1.1476137117439746,1.7015779032135072,1.922783797830345,0.21728431191630174,1.3726515233011272,1.5985503688921425,0.8468280398131507
2.125483315420651,1.79883488164351,1.2957585864823575,0.9024057323656995,0.6263142592531601,0.0,0.0,0.0,0.0,0.0,1.3022984108223417,1.1073349297764865,1.2627600864406787,1.4600252599361558,0.8306948746788706,0.776816743553281,1.1302270261394858,1.2762774183089878,1.219711603469772,2.035611679384876
3.4732510067357154,2.369880702361982,1.8318397338632757,1.8514298231892687,0.9089697196094038,0.0,0.0,0.0,0.0,0.0,0.9776311133835309,1.043466101591638,0.9211346227912829,0.9414388229812983,1.289453092766761,1.1864340597750287,0.5855412314363043,1.3389179689456114,1.9769781336254317,1.3546555306639902
0.09749727542653047,0.05468203831911034,0.04845883913988327,0.015000330961638813,0.03230901050092327,0.0,0.0,0.0,0.0,0.0,1.0763547968524494,1.0085931525576275,1.5415508518736443,1.395317595916648,1.7289478348310625,1.1243389458772668,1.6552279761529405,1.3138166732861802,0.5811489008945323,1.1434764307696899
0.2072579861989879,0.26693056242084967,0.37771344607203317,0.2234976904890824,0.298784610072134,0.0,0.0,0.0,0.0,0.0,1.2609175534622563,1.3807497639496855,1.1502894912309574,1.3663377566193269,1.732597374933183,1.2138779835117968,0.4549185716720839,0.4879370976846775,1.2120133221726632,1.0092095430721837
7.076146116467851,6.249733619484108,5.438672061804643,3.6689978120024898,2.0743638919725846,0.0,0.0,0.0,0.0,0.0,1.1179558842540755,1.0295642161279805,0.9609539319759204,1.0281725542986928,1.0860663342328891,0.94677178106025,0.8341063770699263,1.292663334398933,1.4630932739715186,1.3369729193498752
1.768436839341549,1.2572502396525063,1.0453380343720922,0.8430056319808961,0.6060944823718373,0.0,0.0,0.0,0.0,0.0,1.184318262065981,0.8390590844892243,1.0424097012433398,1.575175981100138,1.8138561100720494,1.419559234155147,0.8823671997314496,1.526027950364621,1.237521609419562,1.029411201877148
18.944024611672425,15.41909486139881,13.401231648252576,8.650432288600648,4.61614134422391,0.0,0.0,0.0,0.0,0.0,1.1167445380863468,0.9251054751818377,1.0526186511520366,1.2962141047404319,1.4496775933570856,1.183931616464245,0.7025676149601222,1.416884331729201,1.3973709437542563,1.178810753415062
3.021214105238061,2.2058537682351522,1.0586375140745123,0.5860117641972193,1.6227514447590459,0.0,0.0,0.0,0.0,0.0,1.8047080028890439,1.6972161417914224,1.631746895872213,1.0965098260125594,0.7735020880336128,0.8847510696813794,0.9618317970897127,0.903535395759387,0.10189316382054099,2.1818212784746285
1.5354823876322627,0.856565364677045,0.512943337550819,0.35775631913862815,0.8110795869480236,0.0,0.0,0.0,0.0,0.0,1.4572042408442898,1.2114248435670953,0.7654193409602899,1.656619410781743,1.7733238867943077,1.403646082745294,1.4528418081644707,2.2468757674840982,1.1445628265813528,0.9438146884649274
0.37692900162697845,0.2214389174742545,0.1278720813032697,0.0838229225101156,0.13338904886682693,0.0,0.0,0.0,0.0,0.0,2.0044565352252564,1.8202947505562042,1.6267492016291203,1.4535721931888486,1.409410688014116,0.9771446773948202,0.9661104403787313,0.9837385521728595,1.052806621825188,1.3080706755953884
2.1091111361369745,0.6403506806273159,0.22598541836612504,0.6581602455782113,1.1050356725061392,0.0,0.0,0.0,0.0,0.0,1.1926194304685764,1.4261229967612055,0.9468227934670346,1.711377764553748,1.9388651110844213,1.5367911256345779,1.4539510018526023,1.7941920812912124,1.111817129041709,0.9198046620793251
8.25406871463399,5.859656257491747,4.46574502635405,4.50710165494764,1.7680001462029555,0.0,0.0,0.0,0.0,0.0,1.0697397370275876,1.2155898675883254,1.1476819487119516,0.8559705646625293,0.8233387877886854,0.9799977457115399,0.8137452117326957,1.1372846096372211,2.0296421268596077,1.438229433628385
17.937409649960763,15.038522253364016,14.535554507183718,9.25694354133285,4.902725352711315,0.0,0.0,0.0,0.0,0.0,0.9760308705646629,0.8911853693815676,1.0064969027653008,1.1084643211246008,1.5232152013516431,1.471333386931915,0.46427494245470674,1.365859927168336,1.4917218269533952,0.9967890679740787
3.353535173598172,2.288215986124558,2.1956222767980274,2.4535697902255977,0.8382948385032926,0.0,0.0,0.0,0.0,0.0,1.0362948679342623,1.1068675085053647,1.1070056164623352,0.8402818398476319,1.4677528678775753,1.6624087182470846,0.11771051717289119,1.2698529483256928,2.248173326902477,1.06580557229703
4.167911338509416,2.500390162906169,1.7848703890153856,1.961603682628655,1.7023205365748812,0.0,0.0,0.0,0.0,0.0,0.9939655922065954,0.8653677740403182,0.9184160136333351,1.4642302929905335,1.770813585670369,1.4562605296199196,1.200705665154964,1.6788926647688964,1.3118327967228751,1.018744975045174
52.62917252899879,44.7387747917086,35.416858026998966,26.09473155281866,14.732761810498555,0.0,0.0,0.0,0.0,0.0,1.2020509788926936,1.1893346629375297,1.1192806655867977,0.9120940474524581,0.7738769649521074,0.9533609219332322,0.8801863354846646,1.0845772240786884,1.550356462608316,1.5671892099941396
19.209533586022026,15.530599091244204,13.930185925854172,11.501606374228167,5.577912284273131,0.0,0.0,0.0,0.0,0.0,1.019512187270541,1.0941133944991497,1.0553842965926288,0.9336837759290542,1.1959195889973622,1.1879200814374056,0.6444769948687927,1.1411073844705015,1.7040907379615062,1.2038061652041818
25.447518761002815,22.017578992940592,20.855739651138073,15.235963107523062,6.898217353838899,0.0,0.0,0.0,0.0,0.0,1.0831753639456272,1.1312287083534909,1.010403084893621,0.8096815034980399,1.0172756790682635,1.146932296597419,0.7679769390324005,1.0279533211624137,1.5092799935871433,1.2757464633550324
12.826334356027768,9.94483192428055,8.304371129172248,6.455693292229887,2.773611793294009,0.0,0.0,0.0,0.0,0.0,0.8177256106276305,0.9935165231565807,0.8834193398282696,0.8398948012128387,1.3818651518510912,1.1686558376029164,0.5284014120268569,0.9112319695748078,1.7069800006320799,1.1665201639433034
10.705116993918912,8.140864962233582,7.014555746728641,6.817372656398666,2.371345836800489,0.0,0.0,0.0,0.0,0.0,0.9013984809320063,1.1048448014555095,1.044163887299753,0.721222985926746,1.1127483571875492,1.3190733719746128,0.608266215205369,0.9031281294343425,2.0513021795403623,1.097149418549474
8.136127118548947,4.771274324031091,3.346831048242848,3.536344119924761,3.168555882880945,0.0,0.0,0.0,0.0,0.0,1.0713280540022003,0.9164943806699299,1.008730317050986,1.5304023405337903,1.8320927954558306,1.8653820040916127,0.9065335239293214,1.6983301988591692,1.1928371800903368,0.9086468148503928
1.8499914935292463,2.1354691335364224,2.271157872872317,1.229839997575742,0.9110835777330768,0.0,0.0,0.0,0.0,0.0,1.078881650869465,0.8385305303304931,1.100146526316942,0.9501508789183181,1.519726436769788,1.2244992727832769,1.20159748214224,1.0690814859870617,0.8217414987813509,1.1567210795782372
2.717556787333392,1.2652849680976535,0.41731519093305314,0.18797392546660827,2.091392593513118,0.0,0.0,0.0,0.0,0.0,1.5951491516975151,1.806944908619214,1.1928863752635968,1.6613483083381413,1.2882549999595614,1.0654600946172705,0.9523924756277503,1.309239970753694,1.0826691358155778,1.175127690966557
0.0,0.0,0.0,0.0,0.0,0.0,0.0,0.0,0.0,0.0,0.0,0.0,0.0,0.0,0.0,0.0,0.0,0.0,0.0,0.0
2.35299167562127,2.3110083493938185,1.934104162731711,0.6600118205091166,0.5166073272276787,0.0,0.0,0.0,0.0,0.0,1.2086253692493727,0.7512927932638316,1.2271601072314846,1.8130790309075653,1.4452344340406016,1.140147601394954,1.623906518215539,1.6388647476280023,1.0275857716420875,0.6297004883427679
2.5720056204850814,1.6175682203522261,1.596307656577913,2.091825569221399,1.4753605852696996,0.0,0.0,0.0,0.0,0.0,1.3685963585737373,1.5687633725714432,1.16380780552435,0.7292955556366828,1.2778280471806316,1.275527387938403,0.9456797076112445,1.1146848505614388,0.7833114568420266,1.2613397237129758
0.30462597721548706,0.22238554153549756,0.36956208699989557,0.2772734189734828,0.18106890697134803,0.0,0.0,0.0,0.0,0.0,1.4264119891455307,1.2956229702349322,0.6600977151111207,1.006452757422253,1.190038204410299,1.355420525231819,0.5206968846829351,3.190619408011404,1.674922304627398,1.051992445810573
4.116952347663347,0.6395260084422022,3.197620679645729,2.384715802729429,1.7784631838246057,0.0,0.0,0.0,0.0,0.0,1.7123941625726191,1.6603871473584566,1.7788601796062358,1.3511900401025325,1.167710552910005,1.1573588321632282,0.9768643461457609,1.1364238771612531,1.0234849191104176,0.909097637880518
0.6843722933370209,0.5582429828098855,0.6284799184539429,0.19780967201070232,0.1419900924965794,0.0,0.0,0.0,0.0,0.0,1.3265258126601742,0.4583346728115355,1.063600870885512,2.0677756446988007,1.6223929132293549,0.9691405310559865,2.3721650622582335,1.9480925895892214,0.964939651691004,0.8363287340603793
0.7609045114403429,0.7158149067458017,0.42775025125233085,0.6952848754996168,0.19366425385361943,0.0,0.0,0.0,0.0,0.0,1.4240140377831487,1.4719156882061855,1.3372708449456974,1.241611107643661,2.0039776017630646,0.9976213713365145,0.5403916501043037,1.3596707635998158,1.3448493599997922,0.9206688042373056
4.42013343993301,4.119368444867679,2.2921836948766545,1.5255784850893037,0.8872038171125876,0.0,0.0,0.0,0.0,0.0,1.1932858245570024,0.5966282089155357,1.3778837500998349,1.8999853026381335,1.5014516032643381,1.1837923676760844,1.7229973183091183,1.3123883795789493,1.0461366751189392,1.2111160142897601
3.2353199765987255,3.912079808612256,1.6614071388038152,1.6197937197553671,1.3225257082046835,0.0,0.0,0.0,0.0,0.0,0.9155174985073679,0.6792157938219306,1.1196755302803303,1.8700181708844328,1.7215052603862377,0.866789620514333,2.362983203443353,1.0237363409207796,0.9732939333706067,1.169602255282457
2.3241284964856685,1.74662514442681,1.2043615159270658,0.8166591607926147,0.7726407405354242,0.0,0.0,0.0,0.0,0.0,1.4144069416205236,0.6301559224228885,1.0274772770982077,1.9007092681857825,1.9199235877034573,1.3736957240109904,1.8196077420728585,1.9845912312469132,1.0331589662599934,0.9601927581789307
0.20362231743159342,0.18572182121875155,0.3157647457034366,0.024694932561097532,0.6370322398967798,0.0,0.0,0.0,0.0,0.0,1.7532264079697089,1.2199455981378178,1.059370339443487,1.3289188267190386,1.1002069589595074,0.9296411612844944,0.9048835344075578,0.8734412844253391,0.5796062619004403,0.28041049944136626
1.826029419903302,0.8587465801168784,0.7094732450341017,0.8240368697970792,0.4448804720124656,0.0,0.0,0.0,0.0,0.0,1.1374322355383915,0.7826513595695868,1.105447819537567,1.6631116620819713,1.928671265716337,1.5867250531263428,1.1123733515641892,1.8102752090565741,1.2249825033183572,0.910131458524224
2.502008776305238,1.613241484595736,3.612297850483081,0.8324898387696553,1.3174563646827795,0.0,0.0,0.0,0.0,0.0,1.3638516900052444,0.590461253831687,0.9933319893455654,1.8942772889226749,1.0800106214559422,0.8341328336544893,2.4457019657456285,1.9635408008897628,1.0722683684243168,0.6639889396623073
0.8205100167580159,1.026715600851728,0.7025464885780546,0.1873563854994294,0.13251231506213781,0.0,0.0,0.0,0.0,0.0,1.2549635040067488,0.8369475656464634,1.264877910078703,1.7556265046082176,1.629647190809812,1.431577103950971,1.539656135782606,1.4922033417821787,0.9412655712625925,0.9397777779633171
0.7979711870482006,0.9482661708155836,0.7039214673597426,0.24723702218160049,0.2850610156374076,0.0,0.0,0.0,0.0,0.0,1.2610996531912342,0.5594224884566685,0.9119999217482867,1.7277997858478515,1.6175582458700286,1.459788684128636,1.632579591949411,2.185446568007477,1.0214989993437251,0.9286027164077313
0.31514549047030516,0.11721839677621411,0.12632099438060695,0.22465329129876693,0.1855742522844711,0.0,0.0,0.0,0.0,0.0,0.6924417482139102,1.3312834341617379,1.3631589756215767,1.0240859006239658,1.8278469670524928,0.8607218190259822,0.4053486203639401,1.1938029745476524,1.8354603558678553,0.8874486965567443
1.1014583756398488,0.5296848528585703,0.6154717592777804,0.4418122725261077,0.23442517781799177,0.0,0.0,0.0,0.0,0.0,1.4786289778222679,0.6021586814831147,1.2713973366173998,1.9097039638303315,1.8446915362736973,1.247928933017539,1.3216086696592295,1.6519911896613118,1.056513066258726,0.9794701125046422
1.7365099517799778,0.7595703559880724,1.2096240730345935,0.7714282723464312,0.2795128200307979,0.0,0.0,0.0,0.0,0.0,1.4835221079336052,0.5912240370610256,1.3139536294037675,2.0741488084987023,1.899494888833972,1.1580008748698662,1.5394787105969001,1.5923135739554308,1.008202315033283,0.9981360580894549
0.31491427976449904,0.22223762686226806,0.31094125120660243,0.18120052555470095,0.2363618073350894,0.0,0.0,0.0,0.0,0.0,1.3353647810816396,1.0258611690063222,1.3314848609755812,0.8007359150471745,1.1821789424582205,0.8886088622701914,1.0556346533037144,0.9223506434596495,1.6131986811047,1.046037837425211
0.6791244196547809,0.18420878565336024,0.41104184041835,0.2638377548851073,0.5128186207763883,0.0,0.0,0.0,0.0,0.0,1.61884190709896,1.6538297594844782,1.4169574852480704,1.4426934626737458,1.9309970457011059,1.0451097044663469,1.2358424576576839,0.7207026390447427,1.2111228897880573,1.047118326219086
0.2842225737434607,0.08566377243079243,0.18146757483249903,0.2638884946383437,0.04181638418384019,0.0,0.0,0.0,0.0,0.0,1.3694264181682914,1.4523718532929644,1.8873352124165508,2.0622493506586457,1.5382924619528762,1.0538572298913556,1.1220068786824822,1.1022402551997788,0.9939716143143903,1.2531450924523315
14.201103661346277,11.568881401393329,6.751610726928765,5.351472308486428,4.739799459677525,0.0,0.0,0.0,0.0,0.0,0.6221475922419748,0.6382908360640622,1.119077551900546,1.555687372815635,1.9229492621491184,1.084352222290163,0.9243506944251231,0.9750736329418825,0.9253068404109733,0.9462101373115115
0.5483532276985994,0.6699077932281392,0.45546972764587046,0.44736600434968066,0.04390806748052813,0.0,0.0,0.0,0.0,0.0,1.2630955456748367,1.464519125680255,0.9370431337349068,1.65072660531732,1.2765839293690056,1.285427453906756,0.8043114392276339,0.5309363499878754,1.1006485468141491,0.8324346237499742
0.7973179158353527,0.28501909714937557,0.40272403744660445,0.37757433983341493,0.3296949484005399,0.0,0.0,0.0,0.0,0.0,1.8196350471757448,1.2658051498486902,1.5823707343465758,1.7539090976772476,1.5943502842506516,1.1496657953531577,1.1424879891899733,1.306971797146113,1.0799660364551307,1.0914648213930946
5.901114776165086,3.7111126184262284,3.8111730542747346,3.424632554322975,0.9452073286569279,0.0,0.0,0.0,0.0,0.0,1.1584797741778683,1.1800576556862519,1.240615575851323,1.8033624361578595,1.8155870333612656,0.610880832253673,1.2369402699777086,1.5446115020179985,1.1145498288840043,0.9173846424562341
1.5129652277434844,1.3419274634500298,0.4223542705046149,0.029750820827697394,0.1426835403765472,0.0,0.0,0.0,0.0,0.0,1.4658220133006126,1.1748467890052938,1.1066909386722998,1.7638464929381175,1.5655324186196828,1.3039104750846275,1.6028703646934408,1.605264721992961,0.9567267093032032,1.2099788291417504
0.19311135508313687,0.1966970228503102,0.2233489127048148,0.18708306425333163,0.28629207442355853,0.0,0.0,0.0,0.0,0.0,1.6239554879081555,1.5930435933935974,1.5422482500702759,1.6487178613242393,1.8874765659058876,1.160219796031008,1.051860499004563,1.0559297899198632,1.14423525326698,1.1118886754098665
2.1694810670833684,1.1903805904328044,0.9219739382138247,0.2831183964429094,0.3824456944756851,0.0,0.0,0.0,0.0,0.0,0.9333252065300925,0.7731704029084376,1.6007715593287082,1.696041429447468,1.3694793787159727,2.073397291672596,0.8431119227400959,0.8874532466937405,0.8554514431259688,1.1672703056522324
3.0328730992969346,2.6939469253859283,5.711572108755721,1.8396839994727228,3.791607323519268,0.0,0.0,0.0,0.0,0.0,1.6685089354897307,1.2716484997251487,1.669466068950551,1.6444891939053317,1.7640794955474013,1.0627133774828257,1.1687198158619534,1.0821117170368437,1.0402469823265785,0.9709080137135461
2.5727868170785335,1.5304184751097156,0.9734078532299009,1.335620456826467,1.125798116998027,0.0,0.0,0.0,0.0,0.0,0.8768263012336808,1.1358864400214141,0.7613949595578815,1.1560111052595121,1.6754565352581365,2.354377563156119,1.143224128079294,1.0899424615365192,1.4204172499377556,0.8607935894996509
0.043113325153226446,0.1855524297380887,0.025671825788881348,0.2463873198058839,0.05478916761318449,0.0,0.0,0.0,0.0,0.0,1.5072155041785813,0.7768071862846326,0.9991750620215216,0.9778908992875782,1.6863864189586357,1.2145480748655666,0.44502264471985387,1.7927928824620103,1.4655582191533658,1.2391337356449523
0.07530253326063038,0.1403040543449813,0.14488514901312216,0.3937246154793578,0.25855765908196965,0.0,0.0,0.0,0.0,0.0,1.3590693127979576,0.642673850934641,1.3153294595653104,1.2529772851553982,1.7907066929869084,1.1611364253548448,0.8355569661800042,0.6903612642945357,0.7648761191734956,0.9501446530818515
2.3370886456991573,2.0645449599721166,5.310151163794693,1.3549705946916126,3.9916341528775634,0.0,0.0,0.0,0.0,0.0,1.787965116962297,0.8540995844649124,1.6434892598891322,1.7933317686268735,1.820648683219181,1.0387028994184995,1.7965793444429898,1.1004380427251108,0.9207229164614137,0.9505666042312655
4.975353065006782,4.061258381220695,5.015909689284851,5.822823493639862,4.108832235554298,0.0,0.0,0.0,0.0,0.0,0.9656030035937843,0.9809629175857192,0.7684868452079112,0.7093252033511775,0.9904141951942144,0.6893258254067832,1.3966081982047585,1.8729715597945842,1.8007295732701116,0.7971382763275193
2.7320034667495228,1.523748744481496,1.0455342364906592,2.2203181042481765,1.277049836784077,0.0,0.0,0.0,0.0,0.0,1.0848070084373824,1.4720517825113557,1.6365189517295664,1.099226476342356,0.935060666094644,1.3263820791472636,0.6053746905255714,0.961424678469381,1.5180088770983313,1.3686262189287117
4.160658915260319,4.1345554042314046,1.9772077245270325,5.511208177572895,1.3275006788174697,0.0,0.0,0.0,0.0,0.0,1.260493986564558,1.729536278758324,1.3015699641011975,1.3916002495002633,0.9849204812707056,1.10639256615894,0.9752426717935708,0.834295589907533,1.1212709731203598,1.724207855596085
13.965458041971624,9.658187276873852,7.3761063695803175,12.155120414840676,7.236830481234319,0.0,0.0,0.0,0.0,0.0,0.8544096795953703,1.2474776205738909,1.050132357415726,0.8908721631070174,1.5981020988485781,1.81521011357742,0.34037860898907973,0.7357599486848192,2.0185461315357536,1.1932846060486928
1.3634643188556155,1.0737753988513887,0.47345814017424787,1.8487015116385304,0.9029072143457458,0.0,0.0,0.0,0.0,0.0,1.305798532440579,1.3685655328012736,1.4416440408959301,0.6073048094378595,1.194473554234484,1.3235674394131602,0.48378620970432745,1.2209084656851303,2.9350022904018984,1.3269390960854563
2.002257790519603,2.4412676992883156,1.4215201305977576,3.8228499370717657,0.4304484268355721,0.0,0.0,0.0,0.0,0.0,1.8926484350377393,1.8315120925075334,1.1887680521563901,1.2767268164413303,1.219391256174118,0.9285185626193012,0.9522706631051568,1.6405672921982692,1.050700862069353,0.5592610862983826
0.4252193081415375,0.30616150445865975,0.25934525739942754,0.6660313231889897,0.24569608009352312,0.0,0.0,0.0,0.0,0.0,1.3136259828039771,1.7728338342194494,1.8035868224533238,1.1567698522518957,1.3345585257707477,1.291557694949319,1.0360836081092935,1.0037590460497037,1.498721843763977,1.3760176961310089
0.6452499060696697,0.49188935874457923,0.147186239621732,0.2813307055034301,0.4999157163407636,0.0,0.0,0.0,0.0,0.0,1.690412812305821,1.667127467168547,1.7582849738033235,0.8995663989573986,1.0256865835770277,0.8523923022624285,0.8906799570694003,0.9074576872998664,2.1762437628514464,1.6063474041773114
9.844573884595501,5.613007452864339,3.6636306684809874,5.7354989347294305,3.1198989604619736,0.0,0.0,0.0,0.0,0.0,1.1938493480059917,1.260915394170199,0.9170758669825595,1.392128563377381,1.6262355261942987,0.8065640258310423,1.1541009008749619,1.7966975006397852,1.5004369957468142,1.292405872086805
6.412466569299296,3.7044206804229227,2.8714865544165566,3.7237082920134803,2.8192977568982243,0.0,0.0,0.0,0.0,0.0,1.2751387621194745,1.1775621239689094,0.7499987538847406,1.3276233117969698,1.8330592741539957,1.051146622310113,1.3085008708854748,2.0791885910430277,1.5554113200856503,1.1258520680427988
3.8196860050461217,2.3844411786950124,1.452648872459843,3.257864624937254,1.8185538423735292,0.0,0.0,0.0,0.0,0.0,1.085022215090023,1.5012958482864893,1.057931325098942,1.4851079432824175,1.6745517492971163,0.6415726159223519,1.1492298336285112,1.4047096139002462,1.3569724007032644,1.2268556494471532
3.4399359038806674,2.5251121010599675,1.862853500260479,3.462124647787488,0.9611701590057289,0.0,0.0,0.0,0.0,0.0,1.0986607586702322,1.5360746285192746,1.0829279541931771,1.1749810797016538,1.0005172113908245,1.012911142511705,1.1000263269113895,1.3165888533813435,1.229214806125822,1.6497800708392554
4.025721983294466,2.531775272221533,1.993885194971601,3.235873726473946,1.9597426898591064,0.0,0.0,0.0,0.0,0.0,1.1054878788934543,1.2877369829469312,0.9388160374773792,1.3132944378929103,1.5646780466168853,0.7618636926265289,1.1824099085993924,1.515266753986371,1.5303657125107348,1.2680374468366908
7.248288052818917,3.868835490723119,3.399077121405398,5.61986758105338,3.3172384098733283,0.0,0.0,0.0,0.0,0.0,1.2908308410290261,1.3973655673751129,0.7262221152092422,1.3625373619423173,1.8872680001887359,0.9709621455620714,1.2955851682078647,2.251946221856756,1.5356782303384697,1.0861919936048778
3.0713325698299925,2.4847339461460973,1.9087627067267392,2.7875309260232513,1.4863205938575799,0.0,0.0,0.0,0.0,0.0,0.9833294322646333,1.2670986483033966,1.0506139888231598,1.0327922880438505,1.7043146475262512,1.4545616673560748,0.15630348347779827,1.0665333735111506,1.6900475927695897,1.0573502778635804
4.288541916104652,3.389917020335104,3.370137866218994,3.365662988366922,1.4464705555138753,0.0,0.0,0.0,0.0,0.0,1.080239544296167,1.173651475092946,1.058471935971571,0.6562296192620932,1.2707138678811374,1.4432384407306738,0.19098333482175772,0.8267514151477623,2.600966211562422,1.3631241358416155
1.4109096975377173,1.5938275715853012,1.3367932290849631,2.3266243304875207,0.8216243013010714,0.0,0.0,0.0,0.0,0.0,1.148663400532949,1.4185294563694661,1.0153389185113537,0.7662527674652885,1.4530040095511725,1.4165461015273855,0.4006356021660533,0.29109611695374693,2.1667556349248676,0.9645115645123653
3.253070245298178,1.9646923340161293,1.736074162628574,1.9575966443826587,1.3610659948516595,0.0,0.0,0.0,0.0,0.0,1.214360480704173,1.1796108411545874,0.686896170428879,1.2573658736421527,1.8856512195289266,1.0190665866652997,1.4864840131965587,2.3207267438265933,1.6297293632097123,1.0590853149413826
0.7376788645805983,0.8662097637343269,0.38928947424291743,1.0856401180594957,0.22893864941599568,0.0,0.0,0.0,0.0,0.0,1.7138895004212966,1.4112719160979272,1.550556564229334,1.177891861858588,1.9402864656041303,0.9189499942846722,0.9214978013782864,0.8732795545790436,1.4683177806712226,1.0503209188709162
0.31932774066526187,0.19461503635491223,0.1148728236204758,0.12932697965858936,0.15161307905461288,0.0,0.0,0.0,0.0,0.0,1.4416209352832834,1.3491684323402608,1.4544920149329648,1.3975920517053295,0.9769367847670364,0.8714616405511639,0.7418190888843315,1.147084390525817,1.4987652829312892,1.8637175227282865
0.2243054421278612,0.18213443528619763,0.14039338505836735,0.9436411088210118,1.3203280952392242,0.0,0.0,0.0,0.0,0.0,1.683641448296834,1.6703884458081633,1.4282692906025354,1.046317441992163,1.1885331414098728,1.1331879585489615,0.9452908401249945,0.8316751899627025,0.6661562979881634,1.2735751120927132
1.9837768072833857,1.38958296187719,0.920479647220243,1.9164210494774963,0.8830250049545778,0.0,0.0,0.0,0.0,0.0,0.8729464099690275,1.4418494467541378,1.1283550371796518,0.9485125865214903,1.1749284070743062,1.397235330803114,0.5141799520856835,1.2344042917584226,1.760733917753634,0.25553676087873606
3.8384543341031057,2.920035183612281,2.6893125013347112,2.2733758023040878,0.9590254184177139,0.0,0.0,0.0,0.0,0.0,1.039366213686999,1.0605251281636476,0.5892232101920912,1.1388586429942846,1.6781988487025306,0.6651760062916173,1.4884490463397713,2.0361632736497475,1.6348874707256535,1.1213390874428633
9.159830209379697,8.01531777878312,5.2514484915837745,11.785744195918223,3.405779552950224,0.0,0.0,0.0,0.0,0.0,1.8558910530487596,1.733763490278781,1.2012682102505623,1.1894698773912993,1.0068739161934634,0.9159004890087232,0.951693460602763,1.5115837717588076,1.0766438687152857,1.1982100822860358
1.3157730574747826,0.509127181251796,0.5919992961004721,0.9823756559393949,0.7531827606700409,0.0,0.0,0.0,0.0,0.0,0.8253997383447989,1.3358896234020392,1.3840210104289785,0.7304235620940708,1.2497782001549234,1.528202815679509,1.0882269957116808,1.194493682613609,1.2020158013593978,0.9818323101131248
1.877500826765365,1.284979653382541,0.9217722140575114,1.1306616431055234,0.9310735811721813,0.0,0.0,0.0,0.0,0.0,1.017558619048353,1.0191847612344536,0.9784205498791876,1.0251708426093886,1.3396193045893818,1.506070828223653,0.7638167155529972,0.9501703436110374,1.8610989181992799,1.4659846489835668
5.38845868161141,4.309430694571676,4.181313105735467,5.768652908471443,1.311812824761684,0.0,0.0,0.0,0.0,0.0,1.2684361316510953,1.442300777873182,1.1079466913232128,0.7682958020936786,0.6714060100383654,1.3454206766282308,0.5409005216209419,0.4400191527899689,2.4382100688212236,1.0599828198693508
5.013543434605522,3.604246423977184,2.1959808526943916,1.682434763412355,2.400770647544987,0.0,0.0,0.0,0.0,0.0,1.0738028947102427,0.89638233832056,0.8226937182340434,1.2212288396112525,1.340961259846334,1.522609238913868,1.4975870955145258,0.5202720173483382,1.3624592037421364,1.391632900770257
4.603644658421284,2.121559342426535,4.131998941841035,2.2232343869775075,0.7107233139569479,0.0,0.0,0.0,0.0,0.0,1.3686708193078772,1.6375117084734012,0.8954279284790118,0.5593027992849302,1.9866110899819138,0.560692615478005,1.0034783182849822,1.853118002229207,3.658343027775664,0.9668112632958914
0.984968496903897,1.068116101657059,0.4462427599592744,0.4359006353121776,0.21939893640520128,0.0,0.0,0.0,0.0,0.0,1.168031325284309,0.6865858561403175,1.2337738075907498,1.772868284297696,1.150165796579871,0.49719606225464424,2.3882336004491442,1.4539954319860224,0.8705502441303978,1.3246523021145753
0.2353790690549611,0.19620527912186989,0.1303646946233829,0.23737614886848607,0.1388838011710264,0.0,0.0,0.0,0.0,0.0,1.9741687289770224,1.6960353299474407,1.7047528810304522,1.7954811366588557,1.3702112661830215,1.0262548787654662,0.9793791827034241,0.9403941986950626,1.040883035842365,0.8987056748681038
0.7493531643860127,0.4400125639079616,0.20434026500449315,0.8315303470253543,0.159167424679949,0.0,0.0,0.0,0.0,0.0,1.477560491742364,1.42472808491339,1.5076337896746632,1.1392086059578095,1.9420496399581555,1.4134206562115248,0.7052983172887494,1.2751137446992737,1.3692608559292585,0.9824068197295253
0.0,0.0,0.0,0.0,0.0,0.0,0.0,0.0,0.0,0.0,0.0,0.0,0.0,0.0,0.0,0.0,0.0,0.0,0.0,0.0
1.001777411051395,0.4094016522759504,0.26207900135804896,0.28949037919948006,0.3784521868656172,0.0,0.0,0.0,0.0,0.0,1.8204089860698152,1.2064051884290548,1.5878888718489768,0.7015647633957979,0.9207463791862329,0.9977556540473431,1.068431405272571,0.9945668319989808,1.3131525763847636,1.6471344757670157
0.861046538074112,0.7178731606365318,0.6183595619261985,0.8973788551815559,0.8609356213431718,0.0,0.0,0.0,0.0,0.0,1.6456580947571726,1.7821417121538594,1.792256541345096,1.6802320734563094,1.9158592630552098,0.949024610565173,0.97629011659039,0.9653603494553494,1.1296214904778095,1.0702609248153285
2.6167489114378113,0.8923964213788251,0.42745787636497734,1.0244134207110063,1.9002586502329943,0.0,0.0,0.0,0.0,0.0,1.4900133222765692,1.5297070628334923,1.4605005200066496,0.7385033896579897,1.8460665026656937,1.2558525205144841,1.2185738424724784,1.2722963075757192,2.074308769458316,0.985934803402772
0.8861034631069655,0.48331511740402106,0.6386327534216144,0.5517898505605354,0.4268095282173737,0.0,0.0,0.0,0.0,0.0,1.892845489424623,1.7904082407772384,1.868562145644767,1.1388355094679057,1.4343708179204764,0.9315622281210387,0.9648815543665966,0.9656506788574353,1.1709769718277998,0.9310848714974781
1.443270881527119,0.7692076172070526,1.3041252057310233,1.2947640170101775,1.323147406276957,0.0,0.0,0.0,0.0,0.0,1.6140757895509654,1.7892171049844618,2.0910466598562567,1.9788240928749898,1.6900557179568676,0.972232131279745,0.9212631385227982,0.9556909874356949,1.0333062784157812,1.0067969796941634
1.336363064597548,0.7341221033682405,0.33011916654736106,0.3174125470117287,0.7920558818095007,0.0,0.0,0.0,0.0,0.0,1.480704359356072,1.7841227208266521,1.8706603636934656,0.4495831386559572,1.268201076981644,1.130331111900034,1.1430801605004666,1.1132841576953738,2.5991072855621833,1.563093102174866
0.2948946343721039,0.20817541466781372,0.22371415155393617,0.3996323063100854,0.21012755328734647,0.0,0.0,0.0,0.0,0.0,2.0798924595877337,1.7293903348318382,1.6817692563217774,1.1065259708421669,1.7632115838614455,0.9686490021092924,0.9489348982572025,1.0544348394709464,0.8077729120767121,1.1130974857425313
0.5342683558169083,0.3184291584806879,0.5603584170779196,0.11313117590219612,0.7229320895922393,0.0,0.0,0.0,0.0,0.0,1.7707405722146812,1.32163545564391,1.379951573198641,1.7488693218238491,1.581975146053303,1.1550564029899728,0.1408152779545368,0.8986213121037079,0.9310553083005508,1.053893106840096
0.7314946493605297,0.29223802844235663,0.07507655789467127,0.25793220382331905,0.8918172463074399,0.0,0.0,0.0,0.0,0.0,1.9411470677504903,1.7479549820782512,0.9717211075844508,1.431595919373981,1.5655115026061461,1.0844169827190726,1.0778960959778314,1.8109556799276703,1.0176401234451768,1.240434012824564
0.41549462620693944,0.17850035555572055,0.30206310978792034,0.22401812174463465,0.15269619631676315,0.0,0.0,0.0,0.0,0.0,1.5164450866704915,0.6894612923944966,1.651058781896684,1.5978441706311597,1.4712340004461821,1.3366311664950206,3.007368910954507,1.120866598192931,1.034883555185519,0.5834361895453268
2.846703896298585,0.7443236601592972,0.2735838233711164,0.7369086250292814,1.6504524083728906,0.0,0.0,0.0,0.0,0.0,1.766615916383633,1.8508582911266043,1.1045403065070523,1.6358024995973384,1.8662227417153772,1.1435058297987226,1.1225776823358564,0.5256413973465396,1.1506040773014174,1.0882046843531206
0.3470137522455321,0.4131541194370296,0.32387787864724915,0.2738174014240274,0.29705593422826737,0.0,0.0,0.0,0.0,0.0,1.4618437065140768,1.9789627013586886,1.8602614145489986,1.241755767655257,0.8879375285753911,1.2793251591555013,1.0652420417740642,1.1158428449767293,1.3187125056906261,1.3457809959523286
0.2871235188952639,0.28444802974245936,0.21483809380841706,0.1724777228313899,0.11183464869373087,0.0,0.0,0.0,0.0,0.0,1.792905505951151,1.725173277526689,1.6966906178604173,1.6246614501194843,1.5028734895928986,0.9101693912287989,0.9065266473653382,0.8453087328826487,0.8056564023612144,1.0132253764516426
0.4705314622573293,0.3187940434766095,0.1721605083815235,0.42900972388752373,0.3331963242257833,0.0,0.0,0.0,0.0,0.0,1.9181748850883515,1.680177804134308,1.7577304581885123,1.7213522143339086,1.4708302212998787,1.082253364658225,0.9056479872828213,0.9425513697724195,0.8724297860473935,0.698281409926036
0.9398151565359658,0.4152813498263373,0.07798567536053089,0.8625412022736235,0.5699698477180577,0.0,0.0,0.0,0.0,0.0,1.525941057627478,1.74675213490329,1.9887249706960115,1.7602523469535951,1.4472247833518697,1.2883639180192745,1.12999285260373,1.0246351793911936,1.1741207021154618,1.3276559343284846
0.15018867534853014,0.10899834676772138,0.17962588404516514,0.04971944394996451,0.12993021747281908,0.0,0.0,0.0,0.0,0.0,1.6945142978434602,1.7820931839720227,1.527382266692496,1.7730450309864665,1.2307737928275557,0.991582015507042,0.8894296855050562,0.913430050337886,0.8943042758461648,1.2459222608563207
0.7342137025856861,0.5427157926399463,0.24161683712863172,0.06766974851790515,0.3472995003834781,0.0,0.0,0.0,0.0,0.0,1.7806218774623044,1.7385599791487287,1.7064587584088506,1.5337939972862287,0.7440189931765995,0.8733420172580644,0.9380649118761244,0.8805627702222586,0.7895278375904031,1.92956285685544
0.4565969275300244,0.46361627468508415,0.1363318513381644,0.27788780085520626,0.1425386351706857,0.0,0.0,0.0,0.0,0.0,1.3632286815588004,1.883216459380255,1.547600231377277,1.5263775091165477,1.1958277588271002,1.3299161946814078,1.0774425216763965,1.1324482748977955,1.1072436079157142,1.4908113692898493
0.755234980285428,0.5409117431412607,0.7330149458509715,0.18116830515494084,0.6990049214460317,0.0,0.0,0.0,0.0,0.0,1.4853941391738135,1.4965596073785696,1.5074714927605781,2.0751412053496794,1.0880414948919375,1.2646554695690466,0.9784708735562634,0.8745247202019335,1.0109147725241916,1.0855385361111065
0.15550223390515389,0.06042246264238149,0.20506854227531796,0.11022035627130485,0.30322224233526535,0.0,0.0,0.0,0.0,0.0,1.3247944695127285,1.3030978576824148,1.1713122553066393,1.815132872508941,1.2595076854024685,1.438850536086595,0.554328516929856,1.4780882516843925,1.1133752151125937,1.4750575183404713
1.3148497804198005,0.5631159202387848,0.5263862624629534,0.02653373394870819,0.7726809995279479,0.0,0.0,0.0,0.0,0.0,1.618486423852819,1.4908555074655567,1.5981632949350726,1.3413325628576886,0.974636907209433,1.2773552261832934,1.090745944359922,0.8667007275932969,0.7379333634064293,1.2485077766810737
3.9844947311809547,0.9167167537480845,5.146387750919816,1.2720979613484469,5.6954559953133055,0.0,0.0,0.0,0.0,0.0,0.9470872907685768,1.2358992315488821,1.1589313164674095,1.4224268566647147,1.0835004080552078,1.5786664231623246,0.8020582522240102,0.6335334176365445,0.8138711593458544,1.5467148445258794
0.15026126144617838,0.11307106009107815,0.1673266751016848,0.062384664815871425,0.22040863869921257,0.0,0.0,0.0,0.0,0.0,1.7398840409092295,1.6871317696101944,1.6655940956449415,1.291829302722622,1.5590877110444987,0.8664786854604988,0.9034407475505793,0.9613671223819096,1.3007147943721233,1.1107104059830522
2.8903986980686254,1.1258279669832647,1.6941230245992245,0.4405588671912516,1.7369958240461556,0.0,0.0,0.0,0.0,0.0,1.8398557095333385,1.389950825874125,1.1885092060074283,0.38949249262524416,1.248424624685485,1.084967288982859,0.849882684732525,0.7455073347321947,3.3338353775363436,1.497974901554291
0.0734533028731262,0.15336028448541852,0.06297980250026669,0.1976342734902765,0.16319227095410788,0.0,0.0,0.0,0.0,0.0,1.7769945145895671,1.6899550201900735,1.9093471254620453,1.4492903111787832,1.682495732804023,1.1225164240893648,0.9366424157309926,0.9203771893007485,0.763827780812041,0.9745167644346534
0.2647592035752667,0.12555747463848652,0.08658935681910992,0.2574242959419274,0.2174515549468977,0.0,0.0,0.0,0.0,0.0,1.835399370057707,1.5548977595115854,1.7837203758701683,1.4718191623367707,1.6230208552631016,1.1390014517335725,1.1044237672224586,0.9661510045959865,1.356547594783189,1.1174786515621467
0.8737606390619395,0.3947079164503378,0.2988102447932198,0.18522122247448253,0.6375263135506932,0.0,0.0,0.0,0.0,0.0,1.3529039787747907,1.574151487968148,1.7290400789670783,1.771035340973089,1.470016762664645,0.3323493576968329,0.9505286737561184,0.943258704031023,1.1554001329031145,1.2569415335499252
0.20314087815745743,0.05223345315436316,0.25115062326256676,0.29002150244148533,0.07196077958154971,0.0,0.0,0.0,0.0,0.0,1.6042366103529788,1.5616453771011751,1.9535255309486206,1.5526775234174313,1.2202310253216173,1.1590061921741777,1.299859834776112,1.0732256069205721,1.2962133444015336,1.4936806704519914
0.1651022501049849,0.3215204534949929,0.13513443370665085,0.2219255203850541,0.050872088863395226,0.0,0.0,0.0,0.0,0.0,1.825028085890439,1.6247792818712417,1.773494776869512,2.0010657971682133,1.8654954960877328,0.8814554105997428,1.0021063944296886,0.9663564436888561,0.9734994237674712,0.9514380927935541
1.8081999900941823,0.6102573226676185,0.4692339323604388,1.6448025849014116,1.268787060388895,0.0,0.0,0.0,0.0,0.0,1.739478848359291,1.583027249259963,2.047721177372679,1.5794589442552172,1.8533777943113916,1.090398001914683,0.7518574993033784,1.0165971113406453,1.0354387039760866,1.1226592831837532
0.06506674582742618,0.037769504854476235,0.14612239024241128,0.17080127034232567,0.1641373289742022,0.0,0.0,0.0,0.0,0.0,1.6407702224344631,0.6362773125776187,2.0669859908688935,1.7669129265252201,1.7830053694581423,1.263865228960323,3.2362725706009865,0.9490431812092581,1.0916732769879052,0.9220786705139584
2.26931582942088,0.6879515058404815,1.1727332886783262,1.5980986032850233,2.3686661706105494,0.0,0.0,0.0,0.0,0.0,1.670684606576678,1.9920744147079175,1.2792064796130937,1.4487076302085045,1.7861786740847028,1.0433012053544053,0.9510007516511537,0.6823102280084152,1.2629016547926932,1.1342370694409731
1.8961299208162323,1.5105048862063464,0.9305685573298097,1.667618270764791,1.2704512724364765,0.0,0.0,0.0,0.0,0.0,1.6431243618829068,1.678524237500759,1.3979257113583246,1.131539142272807,0.9498889226169005,0.9943931914333335,0.9341745485437633,1.0114534341736414,1.0408090185881949,1.6386753978544228
1.1937778362373996,0.7369330462684879,0.6089411075609983,0.9655234855369204,1.6688534324296107,0.0,0.0,0.0,0.0,0.0,1.6584287273546259,1.756557302529772,1.5485212960600065,1.1895079609946992,0.8578812162588859,1.0872891419155308,0.9255784816538564,0.6852529049091445,0.5454481598508705,2.202897607866674
6.6966454054468985,5.145949641397812,4.046464593510439,7.7527033653881645,3.8857360662972,0.0,0.0,0.0,0.0,0.0,1.5744352285919023,1.682105357288572,1.1766672560132505,1.0600637511566753,1.3822019691888592,1.1572457539571834,0.9486729841217674,0.7878931448393779,0.7493297998553435,1.300372466930821
0.793722711782755,0.6295356118294877,0.1877784836048833,1.1804397748789786,1.0055830352555695,0.0,0.0,0.0,0.0,0.0,1.9377542053921735,1.7276714533450117,1.4495425060034188,1.2157934707978546,1.440533483829058,1.0640402404950042,0.9444985929933811,0.7086326733200773,0.8868794761788122,1.3795054942404292
1.255120388844206,1.2428511375110327,2.194098434486127,2.2625748563027894,2.007199483453245,0.0,0.0,0.0,0.0,0.0,1.3309386313252891,1.4624779785686202,1.4356181538676533,1.423531450681655,1.570786827258597,1.4462806899629406,0.6858715075030375,0.9657221472783503,0.9648147587040762,0.9435566706378601
0.46433454841212535,0.22080968025170916,0.6144199184739021,0.13204387521184308,0.9813940145691804,0.0,0.0,0.0,0.0,0.0,1.1262622695637987,1.7904999643081434,1.2712756775697043,0.6299649697818342,1.4803405989950469,0.6075901570434983,1.0021135992813353,1.3075849423413937,1.572186126160103,1.0525337489930469
3.0407312405635545,2.1833531714032945,1.888235819105209,3.490553919839095,2.1046414336039794,0.0,0.0,0.0,0.0,0.0,1.7546193116172408,1.6335838037806811,1.1411495011119623,1.0123469201303696,1.1460204822656275,1.0544567985925921,0.964441434467785,0.9867422422242902,0.6159768471841817,1.555885368081627
2.013745245598057,1.5901368754745109,1.312699049159728,1.5947772984842636,1.2459524187761424,0.0,0.0,0.0,0.0,0.0,1.6059092693571366,1.6381039276807692,1.2695132127577653,0.8019295199991611,0.9681234693710874,1.059831241200957,0.8568990897142467,0.9139536318619901,1.6816451518665552,1.052176737569852
1.3978821318605485,1.1625687074172746,0.8700651624634655,1.4941527617018873,0.7613772198004553,0.0,0.0,0.0,0.0,0.0,1.1899102461350344,1.6249721900951624,1.3340873269132525,1.3581194873306526,1.430432838821694,1.094807710364435,0.9784164650749753,0.9845299571656475,1.056691661759294,1.0857742045051517
0.6218991729211747,0.3883622054558047,0.5073257769581156,0.614539344573999,0.21409041888472843,0.0,0.0,0.0,0.0,0.0,1.013333663000749,1.3476380952311682,1.2028805866053507,0.723748269410961,1.448231076020666,1.7266758404465112,0.9197791275686567,0.8783014036910148,1.1200335318862773,1.1462398480437572
1.8470627673869646,2.0476287499760137,0.23925273080332884,1.0864898917217147,1.1768125681762753,0.0,0.0,0.0,0.0,0.0,1.8091096361741827,1.3828777188510952,1.8177679088204233,0.909941136532953,1.6653664926591716,0.9124475945464956,1.0580390336686363,1.0015161042390783,1.2644822168613168,0.9687358913285349
1.20125986445226,0.8359147159418642,0.533837350250895,0.3759804757843489,0.47154331172483416,0.0,0.0,0.0,0.0,0.0,1.3526920152713213,1.4200727074282402,1.5834071685769562,1.3939996514602064,0.8109481997835253,0.6691931173524632,0.9659123977491726,1.0383434680967703,1.3113530866520462,1.9920216672782063
1.842772702247073,1.2468629286540405,1.0769021568391761,1.6683373842847113,1.2973584317558025,0.0,0.0,0.0,0.0,0.0,1.3074459259322164,1.6387761780009882,1.4577522057522245,0.7203786532020061,1.2662606433102421,0.8750260059730075,0.89214902873291,1.1933941088972244,2.0005471323032396,1.4354386883834338
0.2921594473339331,0.17524717125898692,0.2828213858459434,0.271006644678478,0.5286769124473802,0.0,0.0,0.0,0.0,0.0,1.7454415568047685,1.5801409891835096,0.8862199360299233,1.563338448395552,0.710470532416549,1.1077676035827617,1.0603844243164426,0.46906293572963126,0.8533654624559299,2.78830646694082
3.6688236156454117,3.069769057102085,2.571478405295661,2.248275842045928,0.7761990034157943,0.0,0.0,0.0,0.0,0.0,1.7004856806454127,1.5754984115586739,1.2200199867836927,0.9118415440915892,0.802826251854388,0.9533899334668,0.9309049210529977,0.9918646981899533,0.6840646860402784,1.3332665897526808
2.5071214971350035,1.8056350124047493,1.7767112138862409,1.7875098907639806,1.6054277059289486,0.0,0.0,0.0,0.0,0.0,0.9816088396359469,1.073385966045923,1.2171993252532405,0.918975488804826,1.0177858002616422,1.3709926717247627,0.9182280580750573,1.111981335528733,1.2546153329883036,1.1211139608084977
2.7914144668633196,1.8770161765304487,1.6143521039085076,2.4099986523105423,1.4812930596730869,0.0,0.0,0.0,0.0,0.0,1.8261252365883418,1.7478093264732195,1.1734803954179547,1.1375792571461067,1.3811499233103495,1.0428813105642256,0.8500165115720587,0.712873999536879,1.5914325218672567,1.091002272136035
0.3459932764521109,0.17773761554994513,0.1661051164811931,0.5707638903369976,0.4591786108121318,0.0,0.0,0.0,0.0,0.0,0.5990607732014761,1.333512475358567,1.6609632435238755,1.049041497862687,1.4276203132031724,1.2701132929860075,0.24505822479549896,1.0475685337112903,1.4445658917060205,0.8464306216143438
0.1994822806323861,0.19315576765559062,0.29532765871252353,0.240630261821563,0.517955363825177,0.0,0.0,0.0,0.0,0.0,1.3147970988807194,1.408818351673968,1.5454122119839389,1.6933184972446118,1.9503843055891308,1.3814632802927513,1.463752950181391,1.1233811493579355,0.8104078795106641,1.0306195349452207
0.6288487697022195,0.4847827312078693,0.24591033507875104,0.17424744367393002,0.322662358908404,0.0,0.0,0.0,0.0,0.0,1.7313394238269793,1.742271964217079,1.7368185954838484,0.8520817599714321,0.47464708235759057,0.9229376051478745,0.8719816509267126,0.8564696911391229,1.867005757546911,4.217776748008871
1.2070828217903948,1.1685110781376786,1.7578648819852467,1.2695449085332748,0.9264787103101494,0.0,0.0,0.0,0.0,0.0,1.5271101250400385,1.3547798236642135,1.307355589853419,1.2214748290261734,1.4985865392666744,1.2180660747734995,0.7540743278824784,0.9976203215587309,0.9281455540908369,1.1320987268382476
2.2343499507694755,0.9940852977434085,3.4732311191636205,0.44640849536280724,2.0922764953754838,0.0,0.0,0.0,0.0,0.0,1.919564641943659,1.3526970127408209,1.6079369732352786,1.3592195819993105,1.8904041540688705,1.087651805643984,0.8709596589576397,1.1248946628128977,0.9807976526931329,1.1020875876485243
0.12467819015239649,0.10480323970839212,0.12053242126265037,0.11428398540780296,0.07589672757771586,0.0,0.0,0.0,0.0,0.0,1.8578938629235466,1.7306908950623543,1.880432785459613,1.6245290149614637,1.7290085255721606,1.0065567438405916,0.9724119048462854,1.0481874533822988,0.9379475463657978,1.0457703024094074
0.959593241188562,2.0561953869444887,1.7314756463852583,1.066598669929612,2.167426655623714,0.0,0.0,0.0,0.0,0.0,1.7878107678333224,1.3423608393961042,1.4747780165389617,1.5734866141094057,1.7128661035998225,0.8661408490681686,1.1742227892785235,1.1013622862537684,1.3270401812602226,1.0897647213719348
0.2921517331385207,0.1170647112336272,0.12269763208019346,0.2257195578150002,0.35272269268921763,0.0,0.0,0.0,0.0,0.0,0.8524084787988988,1.689883048889362,1.5604306323296842,1.1217694552159705,1.3090206679031757,2.328142436681784,0.8691021175400615,1.2149321277250407,1.5178666820622555,0.2891795297411421
1.1441050814240965,0.9950186504000469,1.0135131425993738,1.0767333288161471,0.9929614972115572,0.0,0.0,0.0,0.0,0.0,1.3391344127992313,1.6670244460322001,1.5817059567853853,1.0467056851480423,1.1858325087063635,0.9869113269560725,0.9233263417139633,1.0271444644893852,1.013277107378138,1.1827863596357229
0.24863519028202502,0.35789195983684613,0.6371121802765798,0.22324517053813012,0.288062220391008,0.0,0.0,0.0,0.0,0.0,1.862854062640453,0.8334636784282498,1.3888491257949822,1.701600221366204,1.7065434646536617,1.0670314801284706,0.2699361731381783,1.2069111966180606,1.0970898975517562,1.1564319463162003
0.4680780112236807,0.44830367061206394,0.3755211530750294,0.247813751305054,0.39285958359121553,0.0,0.0,0.0,0.0,0.0,1.396875710180022,1.1390364880325732,1.3328530366159723,1.3675778487447403,1.0204049374521116,0.8856841331363838,1.3451817040993852,1.1746944785190798,0.6699683946152565,0.6344469016217922
0.1307787472682419,0.15100269556665008,0.029586993315001132,0.039631489921660865,0.07916262674529516,0.0,0.0,0.0,0.0,0.0,1.9698817658244483,1.3806526544137405,1.7457037761428604,0.5965576422708505,1.6554259546867631,0.9643454288069094,1.1344677054032783,0.9246906144778757,3.1558235503688783,1.0077853468088955
1.0987816657461285,1.414386409667089,0.6029796969020531,1.6713124571178917,0.44649914782567707,0.0,0.0,0.0,0.0,0.0,1.113851980089575,1.4152451074243757,1.0378014306547352,0.7886502899426011,1.4038993558327604,1.4750201813031822,0.5391159224152192,1.5347736748528902,1.9827004708591456,0.37811831701942433
0.35962609649773947,0.44834581084921465,0.2602076093640034,0.40441142969100924,0.13815777046208705,0.0,0.0,0.0,0.0,0.0,1.1211331059199747,1.5733026057606343,1.0364908716461194,1.680860317888974,0.6462000563194094,1.3234220105367065,0.7280856192785429,0.422532291057602,1.0784595898477571,2.0030633161968385
0.9440477924180513,0.6900743328294238,1.6752036365928369,0.7320035474176037,1.63987265340611,0.0,0.0,0.0,0.0,0.0,1.2292520383807013,1.3340259829400438,1.2422254125489367,1.3604149638049519,1.5899707550677549,0.7314716793899305,1.1616925386201578,0.9764195734335376,1.0651969200934253,1.091401271178392
0.0,0.0,0.0,0.0,0.0,0.0,0.0,0.0,0.0,0.0,0.0,0.0,0.0,0.0,0.0,0.0,0.0,0.0,0.0,0.0
7.636277864858568,4.927998438554942,3.9001951647016346,4.724134123959036,3.75316760026218,0.0,0.0,0.0,0.0,0.0,2.0513327020525476,1.8142218943267028,1.5486584039645546,1.0623737566943046,1.3123990732282744,0.9493237625977554,0.9210026558255967,0.9379295260124991,0.8626542526275998,1.256571309741243
8.184178408478536,4.840828771306976,3.7921073849195595,3.398853473375931,0.8172502973616907,0.0,0.0,0.0,0.0,0.0,1.5494971282504753,1.6266581230750539,1.6111109126099596,0.7705998442230736,0.8290390160496637,0.8288532151663337,0.925510776965468,1.0118580794670247,2.3836275338921897,1.9702117222864552
2.281140693560989,1.6705462385913545,1.3458421140273615,1.3053987773641735,0.5223115170646404,0.0,0.0,0.0,0.0,0.0,2.040818664392543,1.7766766096692033,1.539304804088881,1.0639543868376338,1.38216338327193,0.9578842367336959,0.9117800585650245,0.8966008531377392,0.46154833446145505,1.1645749317512526
2.50632741933595,1.4629377695394163,1.2344859425898744,1.1936249783521178,0.5580601415146745,0.0,0.0,0.0,0.0,0.0,1.7298308976236618,1.6169667306882445,1.6969260201610417,0.5846613520616649,0.23297617874295498,0.8907979119681204,0.953634904491488,0.9671722228285461,3.063826515894144,7.074623688443802
1.5328102839251698,0.8389235005565645,1.1387399510218996,1.255953580458287,0.7121558777631207,0.0,0.0,0.0,0.0,0.0,1.9327833061507966,1.6942547012442841,1.4064896925844992,0.9057706976456199,1.2014561343225159,0.9019688620417935,0.9003182551046973,1.1756415755471017,1.923747003232345,1.5612861410407262
3.6379979421893474,2.68296278192899,3.458411491485438,2.81660886948615,1.1556739652042682,0.0,0.0,0.0,0.0,0.0,1.707002688569292,1.5057068697730824,1.2180434528061292,0.8463961315005324,1.2189069006289708,0.8927777028837564,1.0085576034663841,1.2999521870340423,1.3583000020809537,0.40834714336602634
3.6318977755895814,2.6090946852044414,3.539646680011052,3.929286611341838,2.7450131755027187,0.0,0.0,0.0,0.0,0.0,1.311767852356378,1.2681787043601005,1.1903203725157523,1.1910954254566033,1.4323919635849436,1.4546331839507973,1.0799617686643765,0.7160070858631369,0.8869249237672349,0.9965928123456687
5.187460050938808,3.99292730165593,2.626898791031147,1.5096068887438536,0.691788349263087,0.0,0.0,0.0,0.0,0.0,1.6856859668732553,1.7306452692697383,1.776048434814251,1.63872229232304,1.2290028638868935,0.8825898134783939,0.8892396221145814,0.9100729526193988,1.0392622731667749,1.4940837324465832
3.9297113247460067,2.5523000337759307,1.4265488574924945,0.8508099107575369,0.27511887307805577,0.0,0.0,0.0,0.0,0.0,1.431778179658683,1.5828952446598683,1.5771582808340348,1.0770911488326154,1.3037232987557978,0.6645756328713569,0.8557135630931303,0.9864236702342908,1.6852560612268923,1.5812650950017995
4.885562915074102,2.8707316521285646,1.5313560220836624,0.5884939763943132,0.8314796092666341,0.0,0.0,0.0,0.0,0.0,1.7988070684563955,1.8491606195790224,1.4931044357078944,0.9353207155193477,1.7874172636304828,0.9408559875666693,0.920071623481359,1.1024771939624072,1.7198434731956325,1.0935546165441319
7.479076170804892,5.973298204068572,8.209713554741171,7.641602653429132,3.8273186254796343,0.0,0.0,0.0,0.0,0.0,1.5265247057325855,1.3861788106946722,1.0358425232081425,1.0719965597370613,1.4457498682106447,1.0459094526625077,1.1494994050879919,1.4643483916317706,0.9405002890989,0.6820420448975044
1.411820656923122,0.5169990143187874,0.4638356633124222,1.2769189184583234,0.5075176672204156,0.0,0.0,0.0,0.0,0.0,0.19702052644343943,1.3217922135866318,1.3563858714373862,0.686591934164344,1.577001372150712,4.588912894367163,0.5248763870248583,0.7420920547044071,2.6105147842604004,1.1000348811031122
1.2055527026652142,1.1014835263563705,0.18941321500022856,0.9256309542174987,0.5226155294117935,0.0,0.0,0.0,0.0,0.0,1.8614182164821227,1.3790857878997793,1.3128566730909685,0.6968324541962001,1.6436472909079476,0.9593320475101068,0.9172634189820175,0.3620822357005648,2.315922814625458,1.008557947752668
4.132533463974467,3.0124722607188557,2.837009418902112,2.337275878944304,0.5953959147631325,0.0,0.0,0.0,0.0,0.0,1.573629336657964,1.4095886144342429,1.0714809199658741,0.9481637535062655,1.4772236923437465,1.10568012016937,1.0389637150725177,1.0530493713809146,0.4928062219097567,1.3162086226804859
0.858951146254687,0.5742995273540752,0.6446093603598367,0.537488605642223,0.11272184856619347,0.0,0.0,0.0,0.0,0.0,1.4130188534928496,1.5627989803589641,1.1949314782547649,0.7458151649702741,1.5166379106818217,0.436572693910688,1.0015189483470655,1.384122187868027,2.4762867225265346,1.1072903915190102
1.9916769512812973,0.4129340525745417,0.918901622408225,1.2767048878273397,0.689301858046972,0.0,0.0,0.0,0.0,0.0,1.9210534108983741,1.692277602264586,1.540408931117056,1.4711776940510808,1.8290610919999521,1.0936645499073303,0.9651748856333389,1.1121865785348322,1.244540420153584,1.120583404556107
0.7447391114443771,0.4183911776097194,0.4689243614210765,0.7822489125680161,0.2926139652874743,0.0,0.0,0.0,0.0,0.0,0.7125395008797555,1.3576423111877265,1.24548658826724,0.5815639028613006,0.9926120262158492,2.336154715999153,0.28982588923014657,0.24881389705463344,2.487046244136121,1.2349961584046285
0.7457244253377515,0.4345784800580071,0.46099374417860234,0.6649979856176027,0.45279320913199295,0.0,0.0,0.0,0.0,0.0,1.4498890078770614,1.6710591213810075,1.3306239330410445,1.2420213259606603,1.7309026506568213,1.364941579349026,0.9560349360929802,0.6459590153645711,0.7014896991223853,0.9864531801650837
1.3750858568671838,0.7307581109420858,0.19440726168137726,0.7305300619891468,0.5031526073260052,0.0,0.0,0.0,0.0,0.0,1.7841216396122686,1.7151725340356725,1.5868795290413302,1.197745713987929,1.9312542240107657,1.1501166759316412,1.0406383504165964,1.0370091513342514,1.4446362121192942,1.0590334700105426
2.0628714584080585,1.0389397697550042,0.7704371315090933,2.086431311499406,0.621683804131129,0.0,0.0,0.0,0.0,0.0,0.37392765006215656,1.3257338450255418,1.3169225409249792,0.7853680184980513,1.6039899718572075,3.9488371021414386,0.31578629313839757,0.9252542533915419,2.1855357332080345,0.7722625942170044
0.8600254675280257,0.3567304111929748,0.32680049160395824,0.8853430249575226,0.4452773617388752,0.0,0.0,0.0,0.0,0.0,1.5365865266429064,1.6636250236499384,1.3400163877004794,1.170226838156419,1.5301517171407477,1.290225420955654,0.8656781119197235,0.7927682175467821,1.7559279463122648,1.1738980262692722
2.196908722415958,1.8055919215135225,1.1035348531278104,0.6422814157157489,0.1576358304710845,0.0,0.0,0.0,0.0,0.0,1.7899365324031578,1.7303081570623264,1.7484855563172612,1.3063729762453427,1.3617919374845358,0.9181832121162008,0.876641140317966,0.9104782516108512,1.2368803240606687,0.5370488317396432
4.701094060956978,1.623770665360837,0.221895190205863,1.0417093867174974,2.2027072571031887,0.0,0.0,0.0,0.0,0.0,1.4037211376377894,1.5699463720035287,0.5157826863053064,1.7133227341162829,1.738939555434782,1.4272941661201881,1.301028237231407,3.6624102569287387,1.1554354232663815,1.1209324264826854
1.3133271551705266,0.5617732699545857,0.2911790064508295,0.5768980829060922,0.7152875542906495,0.0,0.0,0.0,0.0,0.0,1.7649012936831843,1.6750562187377476,1.6339527660888629,1.4709298197760226,1.7693543914638166,1.1705109370460887,1.034160672835924,1.0817326846533892,1.3000361274641175,1.0467094317462124
14.286606827038634,8.64261130596781,4.633969405223867,5.967587361450585,9.279846188963019,0.0,0.0,0.0,0.0,0.0,0.90812128360976,0.8178437832806329,1.3913623692858434,1.394837226997337,1.6995506909600426,1.7263802053985027,2.5692361277144578,1.177517536122926,0.7668442375186494,1.0227063002203034
0.5158542563473255,0.24754373363566035,0.09138230966686309,0.18254976749698842,0.36654686172972606,0.0,0.0,0.0,0.0,0.0,1.6572955781290175,1.1630596985109174,1.6141325524846837,1.841298098535991,1.6743441196815514,1.2534169025092865,1.6094059091711883,1.1820406692317085,1.0910528311911238,1.083457509770648
0.8081963413388941,0.6490566650973895,0.4486720121870748,0.2768957602227158,0.25967603470682854,0.0,0.0,0.0,0.0,0.0,1.812139581436853,1.7393187841269226,1.5921861559456887,1.248272813270661,0.7576447831465315,0.9310381312437603,0.8967816019808325,0.8367615659107734,0.8197972963343813,2.031028536575958
0.2096862223241728,0.41755277436617044,0.1936435483717778,0.08457692565531978,0.03719434976875337,0.0,0.0,0.0,0.0,0.0,1.8228690064792983,0.9176877906000276,1.0230869586829945,1.6128892259999281,1.1037331281345175,1.0925183116092245,1.843369580746388,1.5620832305029042,1.0678837994829402,1.0137660149214869
1.618667320440976,1.1442412110640714,1.128348221452055,1.2781526327080361,1.0547234772898073,0.0,0.0,0.0,0.0,0.0,1.5747713259267795,1.7058560943348031,1.8805123994454347,1.9030419473385602,1.9829082740674826,0.8615119376709283,0.8785379148056371,0.9604982021045769,1.0131412121517103,1.0451848625368039
12.092907886955343,7.220925900857769,3.312835379977197,1.0460074078641786,1.609308590775484,0.0,0.0,0.0,0.0,0.0,1.7522828929645091,1.7922766239917935,1.671091996802918,0.9773265346942828,1.5989372647778453,0.9288937699133372,0.8940095550174574,0.8330199376493115,0.5531824602107636,1.270755614497272
0.664230781802752,0.5903960547957883,0.42518621302272963,0.1321729529544135,0.06366504231509831,0.0,0.0,0.0,0.0,0.0,1.7078407179419648,1.4841532483169695,1.2462813809184707,1.4216360948901632,1.280336236563934,0.8607432166410266,1.0304621157016056,1.0726344925539073,0.5758083159829221,1.4146619369388973
1.5688264023832956,0.786504281574909,0.43333148354968565,0.8833291660577615,0.4951108233533466,0.0,0.0,0.0,0.0,0.0,1.279909049837971,1.1475920692624768,1.2290214105828847,1.5704316456762826,1.6622035885974924,1.180378298319344,1.0110874281988256,1.4860059980132836,1.3401900469496855,1.2453166415970343
1702.5263402963296,1632.4145587205576,1505.2240289022202,1334.3175765920028,1131.1321329510745,0.0,0.0,0.0,0.0,0.0,1.7493012530355123,1.736834421898049,1.7146619513966246,1.686572936321212,1.6549643561455565,0.8885781307733327,0.8865909392521611,0.884158351843426,0.8842912017684129,0.8907859909018516
1253.3017367454659,1199.6228942521836,1101.5974932719323,970.4119885532522,813.9158134960012,0.0,0.0,0.0,0.0,0.0,1.7729182828462748,1.757602653916128,1.731479228675706,1.7031546638002037,1.677631535916485,0.888956706144315,0.885884617752403,0.8813309031719896,0.8794811281021694,0.8855535444694873
855.9459160825136,821.7709713792221,757.3632977873016,668.9952028311291,563.6229697902552,0.0,0.0,0.0,0.0,0.0,1.7264109164558195,1.7227190952694105,1.7154863765838329,1.7035358773084295,1.6850266417770445,0.8877604717081153,0.8889164475117733,0.8916582930655501,0.8970154647213145,0.9056935868003391
643.2247109787911,616.7582925354818,570.484764253035,507.2000078000166,429.75419711246224,0.0,0.0,0.0,0.0,0.0,1.7484062997461838,1.7312601402815577,1.7032901959498647,1.672128899660683,1.6447665185666334,0.8956542326209123,0.8915179190807684,0.8866285079480956,0.8843954109850976,0.8888605966604713
400.3396981868665,384.32423757671376,354.6314920155067,314.4926868842939,266.10916665793013,0.0,0.0,0.0,0.0,0.0,1.7591170744431581,1.7425693877165571,1.7136113403213302,1.681437995818727,1.6525726028389107,0.8959705596524729,0.8927170121204411,0.887367253122527,0.8839875185482808,0.8884726653723903
345.7505866572839,329.2983499795166,302.96351740250907,268.8505074696267,227.968059395451,0.0,0.0,0.0,0.0,0.0,1.6910577037247465,1.6921720511415788,1.6915965935758217,1.6812887044226448,1.6579970461904638,0.8786080157602641,0.8809315374215347,0.8883439710505323,0.9022075104719924,0.9189529949997854
341.0469646221783,326.3568538837678,300.8505025318933,266.64863945100166,226.02879629067496,0.0,0.0,0.0,0.0,0.0,1.7159249596127588,1.7127858694449865,1.7062367631860946,1.6917810892283183,1.6671313290131011,0.8857916505440634,0.8865508253889174,0.8899538609528204,0.8975205775412811,0.9087941620860749
102.07852158493566,97.74148435169293,91.64840171758442,84.58224146363708,75.98127546453355,0.0,0.0,0.0,0.0,0.0,1.8131236943203322,1.778196163928503,1.721681637067586,1.660875239617907,1.6152061822810555,0.8933998234346786,0.8848709423710112,0.8705272232556077,0.8579479267924379,0.8609036188452892
3.0654573629475856,2.130272275410605,2.791741263470515,4.728315597127446,7.016696979930051,0.0,0.0,0.0,0.0,0.0,1.5736009181422952,1.35399659049463,1.2201349601719331,1.1630918494833231,1.1633970387310375,0.9115790196654766,0.6865588392043834,0.5290984161873098,0.6299700447183503,0.8179213982359258
4.858756813355808,4.756285384770432,4.975154808262827,5.24656233950726,6.155026569234901,0.0,0.0,0.0,0.0,0.0,0.9715087289495788,0.8998274276092035,0.7860011166126287,0.7364365368351622,0.913679885188175,1.8050705870614434,1.9822760920634992,2.099725784019886,1.60808158869377,1.1260006216775627
3081.2779464992723,2964.6791335346625,2744.356790515052,2439.077079003919,2070.0714802310586,0.0,0.0,0.0,0.0,0.0,1.687407896330385,1.687050515379691,1.6849539343637343,1.6787144289777582,1.6663569167452064,0.8919742117101364,0.8942653922659332,0.899033320894787,0.9062062390928727,0.9150941362702931
702.4241699924013,672.9479258284849,620.6624375302557,549.9294850034918,463.7643105394674,0.0,0.0,0.0,0.0,0.0,1.665018937909775,1.6677376531332457,1.6678964546060073,1.66175649933778,1.649222370712864,0.8995984726662637,0.9007509421039603,0.9058471534542356,0.9150410068773756,0.9244420141924452
4.189814715244863,2.699286820098596,2.3944197836923324,3.9655643715516797,5.400772146582147,0.0,0.0,0.0,0.0,0.0,0.43593534227621167,0.5708150189535205,0.99641764576467,1.2452811921588478,1.1939007848242988,4.589179118269339,2.7991783492199906,1.2832881972456145,0.9930853126456494,0.8962007924227916
167.15579413246144,161.56668304342006,154.446422099289,146.39456133969372,135.46033136871964,0.0,0.0,0.0,0.0,0.0,1.4658001100348321,1.4743241479228681,1.4721783120907619,1.453771695400901,1.4260794688680993,0.9258932966471325,0.9318081750308913,0.9454243336199524,0.9652254611363706,0.9834272702011325
196.57692712573814,187.48350540657725,173.05422380953732,154.53777526468895,132.23979671297275,0.0,0.0,0.0,0.0,0.0,1.6971694238333053,1.6957902914695822,1.6915961962156356,1.6773660716781331,1.6486580206741577,0.8737606891644976,0.8761918610048981,0.8835265409097061,0.8968973073092634,0.9137987674193672
948.4821685377119,914.7307622684697,850.6288408875223,761.4624806933912,653.1529351668845,0.0,0.0,0.0,0.0,0.0,1.753242861788066,1.7438878985689912,1.7277999761253848,1.7082249401880323,1.6893901901481092,0.9100367710170018,0.907108435852531,0.9037254912360912,0.9007328562500996,0.8987333129556777
130.68003219732915,124.94008763700757,115.61911420780923,102.94733905093543,87.46019960265252,0.0,0.0,0.0,0.0,0.0,1.7515816026651898,1.7400228361641754,1.717434550298954,1.6847987532148707,1.6462495493822842,0.9393979326362177,0.9359709235212459,0.9358285521633909,0.9355558334578955,0.9276844318759002
218.63551600641208,210.5082977090457,194.39072122075243,171.98469079500006,145.2470421466983,0.0,0.0,0.0,0.0,0.0,1.7377441814892993,1.7343359729131929,1.7263071633653475,1.7134116722384567,1.6929665916043124,0.9160893440107157,0.9167026322906251,0.914455087541856,0.9111466556707982,0.9117251965088252
0.5454921206201535,0.5297954733830113,0.8408428057231341,1.3369348007233648,1.9959482322772313,0.0,0.0,0.0,0.0,0.0,1.564847446395764,1.5558528078742027,1.418194795982857,1.33413941930087,1.3984819500564154,1.1901853690702076,1.0801432520876686,1.103907209211155,1.0197135161412987,0.9387731100592491
1094.355904079882,1055.2070674450717,981.8023514729006,880.8083185646086,759.1527642665718,0.0,0.0,0.0,0.0,0.0,1.6870564994729549,1.684933480305779,1.6768827790884242,1.6600880351511766,1.6372995466497726,0.9055998201727637,0.9059709540859389,0.9064153960192894,0.9083165232246165,0.9135657604294993
122.61584719567318,117.21770870463938,107.8337227003515,95.16800020445086,80.2994531842655,0.0,0.0,0.0,0.0,0.0,1.7715289011909852,1.7623312572695964,1.7457016787401625,1.7205530520349541,1.6860235490212334,0.9334366014986749,0.9273541275897533,0.9210148115483064,0.9158760279091154,0.9058143489874049
2.851716200214531,1.5986812920862759,0.7886148989443984,1.0359137113435322,1.579239262761352,0.0,0.0,0.0,0.0,0.0,0.799205530063313,0.8718422880370914,0.9075391966886227,0.994101451268887,1.1778754867911263,2.2420457844463173,2.250016938052489,1.9880550199394604,0.5232644101207444,0.8827720835465096
25.310531671611376,21.310667819709316,18.94603110663362,19.32155311065966,18.435280332995575,0.0,0.0,0.0,0.0,0.0,1.0555253253368144,1.200465454168245,1.3001491477738225,1.3201133800675247,1.2276329721495358,1.1535105305602302,1.0056225636252947,0.8755713101709669,0.9229173775497823,1.0699873344749133
7.169064135477252,6.894306153364907,6.511269616424377,6.6577845926699935,7.468372960256261,0.0,0.0,0.0,0.0,0.0,1.1106224989224496,1.1532091124207173,1.2134032264881565,1.210495158553175,1.1494696560339706,1.0427169129808709,0.9970870722518707,0.9781445298181486,1.0176272498049046,1.1030763653742934
58.72494855051751,56.22282767652156,54.498595895371544,58.552287616577736,73.35792479850288,0.0,0.0,0.0,0.0,0.0,0.9288607067773341,1.0917530140540213,1.1966047001866182,1.209252020328241,1.1072864717073798,1.5192388818799276,1.0928708284851503,0.8376499391449049,0.9532235885644473,1.0280205928461668
4.360712219600139,2.9819764165329845,2.0934845266494038,1.496659459911476,0.6430375759888423,0.0,0.0,0.0,0.0,0.0,1.5838354496554614,1.710188439417383,1.7100101379327912,1.719693586943786,1.805571869078569,0.8574352957947209,0.8505620597972641,0.9465779407807253,0.965481989363392,0.9422259021438338
27.129657132584924,24.51919984012508,22.78910054152875,22.70805968227584,22.164208501002257,0.0,0.0,0.0,0.0,0.0,1.1802910919332426,1.2215515541082627,1.2783456730100196,1.2614956625403437,1.243470788277265,1.1791864169584414,1.0815648887063203,0.9843153344595084,0.9164145272260821,0.8912916084764457
7.461154203478446,7.042751738377329,7.30817843517694,7.456284151111122,6.722871358800002,0.0,0.0,0.0,0.0,0.0,1.461902559824173,1.4376992247538305,1.3778399577951275,1.3195730421273817,1.3696147515149861,0.9003453586389949,0.9455723919745622,1.0334237204248917,1.0943228221645962,1.0368071992250654
5.584625773463337,4.0925732629060185,3.2350097223570793,2.572940500175201,1.8737351993102724,0.0,0.0,0.0,0.0,0.0,1.600106758288803,1.6299608149885585,1.6886387455010643,1.751281530960977,1.8015566124418896,0.8557132330123051,0.8185213415655339,0.8809810111528334,0.9045882521572156,0.9704752718380477
1.846613207093729,1.9220410152106677,1.424264629923001,1.8820025881710354,3.214282701254729,0.0,0.0,0.0,0.0,0.0,0.8749820760678636,0.7473256479690136,0.38685766415170564,0.9177148510434443,1.039419676159487,2.0741570987168463,2.3394481936155835,2.5146947386994665,1.4193115769334894,0.6171524916037264
9.949065795720841,6.803963180515159,6.132854709110394,6.559110671543145,1.5899934366210906,0.0,0.0,0.0,0.0,0.0,1.206900041930645,1.2463298410247823,0.760737364575507,1.3297799981012708,1.0276072626941657,0.4582469592421932,1.2289280859987652,2.361942526191065,1.4791194505999437,1.6398089591486669
9.912369819986619,5.455214722132609,2.303662609734455,3.0963233056187667,5.096171805566231,0.0,0.0,0.0,0.0,0.0,1.170224934292216,1.132682551355148,1.0952296628288634,1.821075237704158,1.910406969597793,1.7137652947123656,1.600309872129814,0.20141113072553982,0.9885079859484492,1.049940660300946
0.0,0.0,0.0,0.0,0.0,0.0,0.0,0.0,0.0,0.0,0.0,0.0,0.0,0.0,0.0,0.0,0.0,0.0,0.0,0.0
14.886972215535849,8.485843397465347,7.505253146218779,8.45144736720992,3.0630053869074967,0.0,0.0,0.0,0.0,0.0,0.8692845814382109,1.1076420936400824,1.0023389113693923,1.1230822940860372,1.5098733848831964,1.0089084015681415,1.4114242573610487,1.411808875486679,1.2512659570743783,0.7914022346933887
11.632217017035066,11.227309111149834,8.71769347529701,6.048737177214861,3.893528486080539,0.0,0.0,0.0,0.0,0.0,1.8867988786330454,1.8012185437554216,1.7829072731569549,1.8052986363013626,1.6974427870405453,0.9951148536307248,1.0080305429771796,1.012773942941966,0.998590739308044,0.9823199767517865
16.071504980419526,13.905289093797847,7.362869465252764,4.46001415628497,7.02939779909063,0.0,0.0,0.0,0.0,0.0,1.6174261897429678,1.363480509037467,1.2638027888184522,1.0327835605069153,1.4362796899044252,0.9004758822611744,1.1603969182895137,0.8727002018195266,1.0437238061493879,1.4482344925635424
6.561568371597209,3.581655198841267,2.3661854687101216,3.21005198586965,1.5169948772562107,0.0,0.0,0.0,0.0,0.0,1.1061255987037761,1.2950489374442087,1.2758999598230958,1.313680489278896,1.2039710785281459,1.6375237982094406,1.1931714269325566,0.8521505466637068,0.6385972465189026,0.7800736395514323
5.320558451721209,4.553759994067021,2.0719382560286124,2.163845569091611,5.733897104398174,0.0,0.0,0.0,0.0,0.0,1.8203546583340082,1.4013479770681914,1.3835643790434218,1.6568451661225694,1.7465857630263606,0.9088071583760352,1.3016932819133178,0.6609304844597468,1.1537870839849191,1.1468774627552298
1.986112526847591,1.3355253234832571,1.26481074586521,1.2955465566727782,0.39462159404186387,0.0,0.0,0.0,0.0,0.0,0.5955341942481818,1.0022844027639928,0.9548425008719501,0.5306123586587915,0.8515801287674283,2.415054613776949,0.17171320722907074,0.2080700624900554,2.47403518536247,1.2326078236215594
2.4963828191871658,2.144624934489504,2.139390543202082,2.0673870548208555,0.883197316164104,0.0,0.0,0.0,0.0,0.0,1.4099851633237463,1.1670371642340749,1.0344636316849942,1.3448987041717242,1.437288371915326,1.2570154867925458,1.098811485250104,0.73122350424974,1.3808116555749215,1.3835612347904716
5.07037449642589,2.3936552254922736,0.9664070664876242,1.9696942507281143,1.0210051675949068,0.0,0.0,0.0,0.0,0.0,0.6958068559807006,1.20085303311794,1.2123622859236447,0.6087984004011923,1.40888272431944,0.8406189832338284,0.5047935509222794,1.1849406655527874,2.141906350474897,1.3916132594522355
19.445996833809524,10.29708864991237,1.8601425730250452,3.3727058220771795,8.498404172693647,0.0,0.0,0.0,0.0,0.0,1.5834537879028114,1.7898441368002085,1.6155180822322437,1.7833714093055664,1.8916910200893855,1.2610805371176743,1.1681770927684898,1.271712529658383,1.1239376756702972,1.0948702921398927
10.208262067972198,8.217229333441486,5.616631870167518,3.876568547066055,1.6313514612721414,0.0,0.0,0.0,0.0,0.0,1.2052419343129233,1.2750766903116828,1.2712200715148474,1.0498752416422508,0.8371386266686462,1.0743229985504805,0.935228191884862,0.9015633928896627,1.2951992836865447,1.35768089150294
3.593406621237336,2.1292594719500464,1.243451419748117,0.9901638984188412,0.3720007658420028,0.0,0.0,0.0,0.0,0.0,0.7067020047874063,0.9421770431663863,0.9705919402462165,0.8624945771984206,0.6119318323777048,0.8137198034937698,1.1072913246966338,0.7747131127176144,1.2202531131283993,2.8748659581054956
5.623871933618444,1.8107998372339558,1.2562933745070597,2.381505063996234,2.451069863299183,0.0,0.0,0.0,0.0,0.0,1.4983792090817432,1.6725948669379098,1.465724029405206,1.3049176114676873,1.3636143774271487,1.385477255536844,1.0909412723806189,0.682106262430028,0.5063905790136577,1.2503031904239188
1.2617237772088556,1.0096508302053733,0.9353969211054893,0.8943259824284209,0.6654803639354694,0.0,0.0,0.0,0.0,0.0,1.1394633610857963,1.2816832825730626,1.2355017046179477,1.2681659157016116,1.4428152426028045,1.5741291715957044,1.1626949982932206,0.8571766712141796,0.9951002245841749,0.9481609432625275
3.7906459220809445,2.512001482630237,1.5224225302636625,1.1905071432438712,1.3432704264350226,0.0,0.0,0.0,0.0,0.0,1.7831292776917997,1.8054159463440287,1.6148921818353272,1.2779640858772578,1.4915518666493295,1.065636511613871,0.997427585733817,0.8369358772129505,0.48284597450150907,1.2910744377875365
1.5209258710616715,0.4293497062833492,0.20878153494966095,1.0380652436539821,1.2555794162098113,0.0,0.0,0.0,0.0,0.0,0.9690160793927175,1.331933413125465,1.632433703621819,1.5167391059415358,1.3594797526091247,2.0384711975055287,1.1626045202521753,0.965780686492918,0.6288827954488505,0.23112033238319651
2.679661080251517,1.6841183597978193,1.0672061296194744,1.0269328721356752,0.602741969077343,0.0,0.0,0.0,0.0,0.0,1.1270607496249716,1.2670307696346157,1.1275407578065624,0.5713864235004651,0.8538626452242839,1.1463524102327582,0.7994788008825641,1.087041539483411,3.080067911372754,1.7484635663232369
1.3646758363882936,0.3209434069922292,0.34234534873843014,1.364986615963996,1.3247036640830792,0.0,0.0,0.0,0.0,0.0,1.6995838414482591,1.9826704731682625,1.2855986656705412,1.4554567378950092,1.6059026222287809,1.1510035632347613,1.0544443191527162,0.40225380326058846,1.0904508566611102,1.1160087588383356
3.2038604812644587,1.9826310819003647,1.2278181335648846,1.238930284829932,0.6748078219031934,0.0,0.0,0.0,0.0,0.0,1.259154393963135,1.490880896452007,1.3130037145280453,0.7273073747420611,0.836280659273725,1.3023641155118408,0.8887456783715242,0.8829065003790079,2.2074223709142604,2.0760360890857266
4.265697197095051,4.1823142358635845,2.955430661351633,1.8530907838886956,2.833863207656244,0.0,0.0,0.0,0.0,0.0,1.3028910627222616,0.911368875545866,1.0192652805060858,1.3742445046141005,1.339400967839764,1.3658459298532182,1.3744341994661449,1.583130968392019,1.226879266420337,0.743170803530671
2.7871233116771506,2.1255847189630157,1.3973346665008446,0.7687878641647007,0.48567165456372924,0.0,0.0,0.0,0.0,0.0,1.0711214983203194,1.1885114345138195,1.257901789333966,0.9122832181426673,1.1069539851414185,0.9250850697931063,0.7880773905416428,0.9511048385474415,1.5265479074015758,1.8130202914825289
1.8571551634048593,1.4757783363172554,1.47800489131185,1.0801351314422551,0.759788547354612,0.0,0.0,0.0,0.0,0.0,1.5513108935454571,1.5978969504066978,1.313132449905851,1.000187097647476,1.5868120080671122,1.1121986998937425,0.9638063760883409,0.9063129418133393,0.9702625927737649,1.1538482504686254
2.073454158226247,0.86790821358613,0.35248062323267326,0.7872742450006202,0.937686956693148,0.0,0.0,0.0,0.0,0.0,1.8071953187129663,1.8786969764652406,1.6291903023232959,1.3880716762183878,1.5594254821472842,1.1448506584168772,1.0017421263235031,0.8560666303980722,0.537540258606138,1.1528854088763865
3.634197259420568,2.407690453658954,1.6441405394174242,1.2167481718215496,1.1306496117167104,0.0,0.0,0.0,0.0,0.0,1.5621605420643927,1.5774604072082954,1.4678548570936112,1.0766333144098765,1.0625587382386192,1.1058166964192266,0.9540982871758176,0.952413592033256,1.457927215502716,1.2714263828246313
1.52647316880564,0.7244600750704543,0.8298859644865235,0.8716003537473324,1.101056716224636,0.0,0.0,0.0,0.0,0.0,1.4515110262177755,1.178450290273533,1.4996996846073298,1.6565557890040765,1.8377164249866,1.4466348220976533,0.9668550461937432,1.1101536085125385,1.2105913847107685,0.9663621548358285
2.3510718330345575,1.4018916155810277,1.1442147581323967,1.0291755128238151,0.5660980980426535,0.0,0.0,0.0,0.0,0.0,1.144960827858662,1.0676278479821637,1.295485196953056,1.3971871183900288,1.1789811209986023,1.5898644167752676,1.3095431239150293,1.0887920095469537,1.132268029091881,1.1241794599176969
0.43562728948126833,0.3061773415984809,0.19744786341845483,0.20900368366821026,0.05741461796492496,0.0,0.0,0.0,0.0,0.0,1.5464366497176405,1.5785663647295078,1.6062031981612324,1.6084087511897822,1.0567731426621831,0.861560867988668,1.019580653248672,0.9351350694534473,0.7337605126278094,1.2974776676946456
8.148393547282017,4.357606352223775,1.1076661251130497,1.741693272803354,3.993134501319676,0.0,0.0,0.0,0.0,0.0,1.8710004479476763,1.9483490921577533,1.8322895893851219,1.6170927442482965,1.7454603484221658,1.086279670437291,1.04002290224305,0.9553584500349298,1.0970481267439385,1.1360763819066746
0.2621845393981057,0.2885008004869982,0.1992367042259765,0.5339010741924888,0.2647794877995605,0.0,0.0,0.0,0.0,0.0,1.2715168299462418,1.7888500395507512,1.7292341101219988,1.9742170668566925,1.91716262111566,0.8624791500786024,0.9402064615683483,0.9760003436121808,0.9997559752561199,0.8996011873159873
4.128307539716532,2.727231724815451,1.2077863881407407,0.585330498474281,0.9247545758342237,0.0,0.0,0.0,0.0,0.0,1.1715885964001929,1.1808243194013244,1.2688599843941646,0.9618426328238698,1.155738020374553,0.5888283616227005,0.9579273746326247,1.1002371953332635,2.0129092057311686,1.6872620172147907
0.7181563825268871,0.4394427641405604,0.2675602451141822,0.08668020518627388,0.18903273470700838,0.0,0.0,0.0,0.0,0.0,1.8653559227197178,1.963637089003686,1.7093958372732028,1.1922048401679408,1.91524697162241,0.9664353383780655,0.9346654924475715,0.9101694601930662,0.5740648724689508,1.0819654956060365
1.4885501358530477,0.7170051969038569,0.4876122375404526,0.5854406416083452,0.4809306276660485,0.0,0.0,0.0,0.0,0.0,1.655230534544886,1.749009555789103,1.5404665900018022,1.5787900854762793,1.5732811431030056,1.1736984745369297,0.9601632348308382,0.9834890705892766,1.2078590584542843,1.2293865454925046
0.6055139324356658,0.2854386854611756,0.13495053364692222,0.10904412639338983,0.18378200171049075,0.0,0.0,0.0,0.0,0.0,1.661541605171147,1.7979096683329887,1.6524815047950927,1.9290313135119752,1.7074831776609998,0.9442763460811192,0.9114901674268342,1.0006093569243972,0.9281907157521433,0.8373350899181365
4.630228666894789,1.2513860340469727,0.8122153216606985,2.8865445041369413,6.500382175118635,0.0,0.0,0.0,0.0,0.0,1.4541940522961203,1.6124492038364384,1.5976354684043594,1.9810250980992057,1.8796052570111985,1.3818478981287163,1.2547994444042734,0.7203628978256803,0.9293683438614911,0.9871998202794414
30.552346599755822,23.85355698082597,25.94377107120696,30.045580345682215,29.58421339295679,0.0,0.0,0.0,0.0,0.0,1.9265169080864946,1.724716848691654,1.2866455251375326,0.9842546367248386,1.1230692162795464,0.9546335372443646,1.0113018802683658,1.222311198048235,1.3514188046311586,1.296049356331122
8.275925687685136,3.0580653449053137,1.8794885318827645,6.682298837389266,4.869218098910298,0.0,0.0,0.0,0.0,0.0,1.6631900149125105,1.5149475509182653,1.5488335913823221,1.8789679181557737,1.6598879706992231,1.1173637580831999,1.2261251213604096,1.1348157456443966,1.1091012945326073,1.1918399394829167
3.509970236613205,2.6203494687436986,2.385964977158128,2.99295694927674,3.900580673144623,0.0,0.0,0.0,0.0,0.0,1.740693116078685,1.6396232449333996,1.2934822123365384,0.955828888921513,1.0785024491639563,1.0713448293409067,1.0443053814177135,1.1040528893506685,0.81362311380792,1.1740285651425364
12.020253477557851,5.676494297840731,2.5774620652032616,6.620518326544979,8.95430463822553,0.0,0.0,0.0,0.0,0.0,1.3679688062268,1.1049198480123104,1.6606532545002208,2.1055078426733345,1.7542361172920642,1.0754874138356365,1.756356679550269,1.08785831064085,0.9769950266248616,1.1731455286648502
3.9648693274160935,2.8305395051969615,3.240422146471544,3.6731217053845255,3.6799614971353107,0.0,0.0,0.0,0.0,0.0,0.49776488450443845,0.8496511970149201,1.0951739650256258,1.2688003422346887,1.4271555053183416,1.0608699356531899,1.2124034613983166,0.6235085118404655,0.739017074625469,0.9610419446824444
5.838320072111427,3.8225462404876667,4.137865508707852,5.00512101016376,2.8386243647744474,0.0,0.0,0.0,0.0,0.0,1.7588193864356192,1.6385927016397153,1.1493462368321021,1.342983810737286,1.3558126329856364,1.0764732525426177,0.9083558153381751,0.9344496813962527,1.3283282245847827,1.2366743604474146
0.6446811801903227,0.3228898251733065,0.8221007734643978,1.4924469004534766,2.204268673896929,0.0,0.0,0.0,0.0,0.0,0.30012522607629516,1.0849075132713817,1.4481065184232513,1.5040919704509612,1.4847795481892383,6.921409087038443,0.9606433033222211,0.6244829175286478,0.7869234695448165,0.988774275072381
7.956845976894361,6.154157042525674,4.244671687161551,2.8030713646050978,3.162118263444091,0.0,0.0,0.0,0.0,0.0,1.6482552287436312,1.6239921064789453,1.4751242041232921,1.0893621167240968,0.9361372750743958,1.016447842722394,0.9869327393936904,0.9033785880040709,0.6349739798283349,1.8487633937045693
1.9036081201310893,0.6903164652315809,0.11787607766322054,0.9407709974417795,2.0415581353206167,0.0,0.0,0.0,0.0,0.0,1.5344196430446302,1.7407430647147428,1.5109903940393612,0.7619233331088964,1.3790451074267818,1.1513589050809503,1.1817826448579083,1.1255749145016705,2.2207968425160027,0.9817115642840252
3.2157245759658992,2.0747145371431257,1.781929950419692,2.7520509486344995,4.088479377140752,0.0,0.0,0.0,0.0,0.0,1.7518378919736624,1.6064758910265384,1.2588710806060417,1.1102222570184543,1.2512998679548997,1.1745821580104687,1.2052623178174313,1.1334676014552436,0.8975754412362054,1.0958063669598854
5.689746976984444,3.3403058855262757,2.7571120968216363,4.346030233145519,6.275683159395153,0.0,0.0,0.0,0.0,0.0,1.5022488078563838,1.495811243906037,1.3218760654874848,1.1379149283758256,1.183912987487999,1.341807773682091,1.2089519784622755,0.9940032796487328,0.3843069552106882,0.8074058404073857
0.6921296292687461,0.17591149194134098,0.18283908986369912,0.5195773259611637,0.9941128893687926,0.0,0.0,0.0,0.0,0.0,1.1350370111031254,1.3432083098302943,1.3187740598776365,1.5967665096990802,1.7607497165889636,1.4386710089740202,1.3994438114755479,0.2754524341362985,0.7762827503495566,0.9269964409552018
2.020661281940952,1.1289363173139304,0.8881340950397526,1.7783880737164175,3.0810526972531194,0.0,0.0,0.0,0.0,0.0,1.8937667700723235,1.8599709031394147,1.5001672786104443,1.3125537223667443,1.3252013292736327,1.1053713402361178,1.0804480407922796,1.0000341852634027,0.9573133774150941,1.0519756092384867
3.6559978465118554,2.7221937605487394,1.8004607386646456,1.197672098621902,2.539809356010224,0.0,0.0,0.0,0.0,0.0,1.3118313536889652,1.387340358540766,1.6857250470586704,1.4386834948812528,0.6813186814053918,1.1281605033361175,0.909676867942747,0.9337051694764582,1.2587278284132872,2.920073506190664
1.0709154215159213,0.4191927589912243,0.7769829077079894,1.3732297187241964,1.429970711384738,0.0,0.0,0.0,0.0,0.0,0.3858040623136206,1.2089192680553864,1.328412599252466,1.2203677474233707,1.5636106894261654,4.935292793145285,0.12821125775030456,1.034694749233047,1.1605372512673622,0.8660555291716183
1.9057561452024507,1.2488385676558724,0.43887818459338623,0.9909295387864254,2.0756307035541854,0.0,0.0,0.0,0.0,0.0,1.5869091338585535,1.2808163342829997,1.5656984608932163,1.593491991390191,1.8964665739050373,1.073234372689492,1.4578583913244636,1.2058936534195075,0.8145740703077446,0.9117901063525833
2.630806324879526,0.9128797729267204,0.6617232671715814,1.008587814655406,0.8625408610042357,0.0,0.0,0.0,0.0,0.0,1.5926221366101931,1.6413232961701054,1.3065403688800206,1.1235051947750556,1.4463142153820987,1.0584907346020405,0.8978729302010634,1.3475967251315477,1.1767491551949905,0.9462005970964222
1.1930885289889552,2.4501542727346566,0.9085115323600214,2.088455376028236,4.091663808998284,0.0,0.0,0.0,0.0,0.0,1.617069216614244,1.1338320494053462,0.597973475108413,1.6786644715608487,1.6485266212509186,1.1580488946278813,1.457866196846074,2.812138315809225,0.9496231100324211,0.8149626382156573
1.9648344846424108,0.5357057282315847,0.796524882868956,1.5829506819125314,0.9004455404307039,0.0,0.0,0.0,0.0,0.0,1.7222079742871534,0.8811245987537667,1.7162892823983469,1.9629316537135515,1.9177662080696294,1.1334965221653923,2.3434782981032374,1.1959974860375968,1.0687096134418375,1.0299600221212533
1.4664109774268523,1.5232668847110467,1.5709053073764123,1.3004612011297587,1.2627065641352215,0.0,0.0,0.0,0.0,0.0,0.9705808229856019,1.0263249825797542,1.172199803596658,1.309291792600654,1.2749324607677708,1.3298686587595008,0.8993822951696879,0.653876996309761,0.8365726310915407,1.1151918029481398
0.680372744410556,0.5776807442805569,0.46416853805509356,1.4971013289811084,2.4555197556612733,0.0,0.0,0.0,0.0,0.0,1.5337090390194688,1.251991241262232,1.7671147313047402,1.7980036044850451,1.7759181724152306,1.3302073334130826,1.1189206590537961,0.8600953796851666,0.9157421338665759,0.962869493304187
1.5554313836735283,0.41740548576772,0.12608584772787781,0.7992238319015998,1.8694317307343233,0.0,0.0,0.0,0.0,0.0,1.5474263069947514,1.8786092429785206,1.534864063220407,1.1095746753768962,1.3502234283363699,1.1449448979579415,1.1190573303831988,0.7916366534189183,1.247614174187974,0.8685398853370356
0.28938909920468137,0.10754190993930286,0.019409172418410545,0.27139814391282424,0.701265448985491,0.0,0.0,0.0,0.0,0.0,1.6998122403869067,1.6598022866909439,1.5093273537671215,1.783744603561316,1.8110880938360137,0.9657604026862262,0.9056112917694007,1.0855531868401176,0.9516599567123448,0.9109717683448008
3.9310703388457604,2.4142936200218714,1.8372343845954486,2.5337200805936844,3.831075659818174,0.0,0.0,0.0,0.0,0.0,2.0295967742933234,1.864407049250372,1.3113612898789253,1.1224839590714408,1.338235062594289,1.0229184106990765,1.085300458053598,1.3019775801682405,1.281273585943805,1.2132919860934208
0.3340724600017429,0.25519854095642364,0.11370239503045457,0.14729228363838148,0.17569903888148833,0.0,0.0,0.0,0.0,0.0,2.1122132705526417,1.7618469152600018,1.796149809709964,1.4306257835015772,1.7456075465968859,0.9534903811201668,1.1184813982108424,0.9421763619110102,1.0552913290960313,1.0851257401774823
2.323013083686676,1.383155170876991,0.7435035492662815,0.48448887911887784,1.0272846301442082,0.0,0.0,0.0,0.0,0.0,1.5167208127252079,1.4952854562513358,1.5210668562191192,1.1137209741162826,1.2123876333417243,0.8451852486384389,0.6618963327415129,0.9235256452917595,1.5022236647350928,0.831899756937908
4.136334098563893,2.9097086558400873,1.6303161644071924,0.9582201425510689,1.052928477660491,0.0,0.0,0.0,0.0,0.0,1.6038828036282249,1.6441250374535197,1.6290379134348913,1.3385265101628743,0.7891373171866944,0.9925031712869443,0.9449372901188661,0.8926410474828022,0.8811761572700931,1.7911815914663527
0.049755585371873697,0.21422073430815064,0.07195232784813464,0.2231592028581651,0.1713370135176619,0.0,0.0,0.0,0.0,0.0,1.3929121963570665,1.1156548786297888,1.6921584217153622,1.2775283879501074,1.6146904616820463,1.2177515730533595,0.7144653027554789,0.8808102285214388,1.2923642454781847,0.8103459167296101
6.9284554426691525,3.951269680153618,1.709140908318109,0.555112231059839,2.168038659171742,0.0,0.0,0.0,0.0,0.0,1.536924141859574,1.6284446461627085,1.756447945087572,1.7564047384695076,1.13933336326993,0.7268190683498529,0.9559645118040714,1.0510909625470015,1.1914488604052538,1.3577680560427094
1.6356125699898771,0.5433996224699544,0.16093928475845126,0.5599659743310208,1.5038091522363737,0.0,0.0,0.0,0.0,0.0,1.61714130156576,1.8722208198694306,1.7378794502689128,1.3004946460732196,1.466699303741611,1.1271230683035185,1.1104636689553469,0.8773012876556556,1.0420083568160385,1.1884022757207182
0.9966317634791542,0.8059437485280851,0.2751821965567267,0.4471633767582718,1.0057551545072285,0.0,0.0,0.0,0.0,0.0,1.2033427856804422,0.8063043588303611,1.3417029588798615,1.9003645774472424,1.5214084064155473,1.0181319845855314,2.3628556336037874,1.1493448359867409,0.9617945554568071,1.2911023274703528
0.0,0.0,0.0,0.0,0.0,0.0,0.0,0.0,0.0,0.0,0.0,0.0,0.0,0.0,0.0,0.0,0.0,0.0,0.0,0.0
3.8524453372702583,2.028859621762501,1.4094744962743129,3.136471527083645,3.700666503474183,0.0,0.0,0.0,0.0,0.0,1.3751170660684495,1.734159814925915,1.778212053573397,1.3619243349402266,1.234962031934727,0.8916573332967154,0.8938789379343092,1.054091355740423,1.1998674348734022,1.1946136772517468
2.1943194447951226,1.7465788311765196,1.5040096326677328,1.4304039781043612,1.5658803154361296,0.0,0.0,0.0,0.0,0.0,1.3529993126612485,1.2862297645818532,1.3856319008418636,1.6010384893445224,1.8661111556777288,1.0903632849895868,1.0484789827224181,1.1748834178889875,1.1626346403051422,1.0822443195104046
0.587835424160906,2.3766821523335517,2.3257657806007517,4.158880975643142,3.031657886347053,0.0,0.0,0.0,0.0,0.0,1.1437889438528057,1.6702561809313667,0.7170907502414332,1.4275777795912683,1.426396864309377,1.3036858316508009,1.0345116224947302,2.2115656147148384,1.1354999718771783,1.2287951335684364
1.040744790567979,0.5875788712762677,0.36075665318399713,0.39941392132090997,0.17419471351001567,0.0,0.0,0.0,0.0,0.0,1.2083320368656,0.7115127863230005,0.9261273486939283,1.796815445576356,1.8123562001757954,1.5700916266568794,2.561522860450544,2.213689257903353,1.1634524385935312,1.1219123299367337
1.0177904983300043,0.8230879318705867,0.7113367199131931,0.6890558229232593,0.7394223850569934,0.0,0.0,0.0,0.0,0.0,1.7287584627826011,1.8640150611532493,2.0653099297015376,0.7189973638346174,1.9931639050340555,0.9358589841877166,0.9074003480053263,0.9339170773396748,1.691987262484923,1.0561329992238646
1.5732333143716157,1.520131833690887,1.9975857772336443,2.1611255651860914,2.9217446501066875,0.0,0.0,0.0,0.0,0.0,1.4692029078112832,1.309871326985901,1.2722280671665382,1.4417525459297316,1.8189484712626627,1.2898750394307867,1.4001947904048833,0.5138020194893068,1.1639612917904882,1.0694540725144221
2.6354844019112114,0.8296541256457735,1.1395580724556773,0.6576837226329244,2.8172041511220955,0.0,0.0,0.0,0.0,0.0,1.104626472072396,1.6215555044097831,1.8974376464965519,0.9124839328515543,1.7554151861646383,0.9680632963108063,1.1949576957196877,0.951398693277098,1.7600459578609686,1.0966815049953573
8.144172478631397,2.5629257248420445,4.474556669434969,8.482791612225192,12.107896463298417,0.0,0.0,0.0,0.0,0.0,1.9886475865351558,1.7003516035263235,1.4158987422840705,1.7359416855782706,1.4920200060480273,1.054698776960836,1.1804815226587815,1.3560281417723714,1.1466424943287459,1.0881347217906936
3.132834364044193,1.4550263345301178,0.7477324107314255,1.4700528381996971,1.814717686957715,0.0,0.0,0.0,0.0,0.0,1.28461611032867,1.4885336298897498,1.9474004980717337,1.8058758382707918,0.9676626894599885,1.0386529287181894,0.8169835392076125,0.9035541187249965,1.1178489940190013,0.227784844061261
6.947133402588406,2.7322271011614925,2.787360346696335,6.2785027053433184,8.443927537263585,0.0,0.0,0.0,0.0,0.0,1.8581011103003704,1.9788847153406621,1.232216216470184,1.8974355921996522,1.4666065183988946,1.1084562971987382,1.0455231970257735,1.4206067941438372,1.0694469815648802,1.0800399755516286
0.43815396015469366,0.2907748033366823,0.4469785838248049,1.013327110388787,0.3732808514350933,0.0,0.0,0.0,0.0,0.0,1.88424694726979,1.4966545734675851,2.069542126467628,1.3873881020168157,1.3498875143245026,1.0114449960136356,0.80839923608267,0.9839641475340771,1.1364850574286587,0.9376341375519801
3.3074594936943553,1.4813333350183786,0.7151761644701107,0.8941004236367102,1.454455696801285,0.0,0.0,0.0,0.0,0.0,1.8438769333209613,1.9775947755569157,1.535925887246126,1.5117146295077943,2.040168551817811,1.0126929148680903,0.9511807467212596,0.7596324426577865,1.1391304724317248,1.0331323017093739
0.376653674825263,0.10540308483933054,0.5156375142454203,0.062012773606952364,0.46453618429346105,0.0,0.0,0.0,0.0,0.0,1.5894002884277123,1.7947931652715088,1.5231550752671743,0.9157474090527582,1.334906467153116,1.0068522850590764,0.9093467288518369,1.0491624185665782,2.055085318908967,0.8529850227480241
0.11619226819358738,0.46629091697906694,0.3186323786590851,0.14589973015859606,0.33755323173737034,0.0,0.0,0.0,0.0,0.0,1.7342332581533688,0.8445962218559704,0.7820399470890022,1.5265000960862756,1.193752073945563,0.936289869399313,1.3946624557163452,1.7009796182291028,1.2459119891308315,0.9968420505781194
0.33659243037756764,0.09857352343750726,0.42181916994112134,0.5169703688614042,0.5719458907101149,0.0,0.0,0.0,0.0,0.0,1.4560377587762494,1.4815585708943027,1.360365015882255,1.4547031814973965,1.8675554428924062,1.0666372649289029,1.3509449950684345,0.7611708477507547,1.187148647980046,1.0575632278136426
1.4582335350459004,0.43376569818321364,0.2401930697766091,0.38035998226199,0.8132005773320274,0.0,0.0,0.0,0.0,0.0,1.0388397605874935,1.3239502096242985,1.666168331506574,1.9033161236863945,2.0966733076553905,1.5386523027968462,1.5520136997501641,1.0173515769569283,1.0729094016074208,0.9730862346171214
1.3394378867464274,1.5294109196186993,1.427796134284719,1.16013756121637,0.6414687136496008,0.0,0.0,0.0,0.0,0.0,1.3538832293637766,0.9274447201691314,0.9636588086813442,1.3586026903680963,1.2956986607576695,0.9885771556726944,1.2486624925159955,1.3919422443024208,1.2011095291124383,1.3958916041136074
4.796068913284776,3.8422576360952427,3.0698027223260915,1.9327396164858281,0.7629617193068239,0.0,0.0,0.0,0.0,0.0,1.2097546286195588,1.2274824868403007,1.1292852018426451,0.9906677192382081,0.860369708952518,1.141770098121375,0.9977092264388119,0.7830159721333012,0.6235806320725945,1.7024835924927104
1.2151209129674212,0.7247715281369136,0.7713385133162979,1.0692093990263407,0.8751885341628887,0.0,0.0,0.0,0.0,0.0,1.707070559648152,1.5849939289413757,1.1558346236876904,1.1852789719063672,1.6274764523202823,1.111040217704579,1.0109143662810185,0.3503868161117615,1.2562239665598398,1.2581078608783496
3.9467859013724342,3.673751273777765,1.9812556632818257,1.5466346020907722,1.127920349808849,0.0,0.0,0.0,0.0,0.0,1.8075576326190739,1.6012630131616081,1.1747570796057294,1.7029399384802162,1.3450423275244592,0.9092473769956666,1.0601551948718262,1.0494830797644676,1.0955585076667607,1.2637129123364819
0.4135606818012992,0.2698921275573808,0.037686756672908675,0.12576448346195251,0.37473515348678677,0.0,0.0,0.0,0.0,0.0,1.7844469866925012,1.6751634635852888,1.69722649568028,1.4008283424570591,1.752114845076531,0.9052227932593461,0.9791239289714196,1.0272146032347937,1.0511531897139708,1.003282291570767
2.037661093077183,0.9150823446310508,0.7679717284022718,3.2062548347748736,3.7001783822044345,0.0,0.0,0.0,0.0,0.0,1.9626739255019947,1.4853912836329224,1.30507889406357,1.6690222537671002,1.8428635575588463,1.0585316740162802,1.3773132680344529,1.0020300464277563,1.1452093482587569,1.137968603703724
0.05442873093009717,1.091612693573704,0.9159084027026123,0.135351249226304,0.5572140736463369,0.0,0.0,0.0,0.0,0.0,1.2237983631224354,0.5354738049675474,0.8726512779186935,1.5361785410654163,2.0188172310148707,0.2219548836160614,3.3211311174022438,2.0967590355964414,1.0980043043398455,1.018731478393766
0.13538899486683612,0.2323433051040784,0.30439497537196236,0.19875093336050048,0.29231507214336294,0.0,0.0,0.0,0.0,0.0,1.1651775011794756,0.3237024897928547,1.1797515736430395,1.639873843224857,1.7608456021445762,1.7840097782113353,3.6932701804590016,1.1746588933922817,0.7701273106298823,0.9282260119170415
0.22232645548583121,0.04544111528836599,0.06349071829776166,0.10079339903253755,0.14596935958644072,0.0,0.0,0.0,0.0,0.0,0.7123389339852987,1.1652360108516133,1.7538400922939132,1.3159254393162216,1.5915051766112434,2.4992398748613223,0.6603878004761252,0.919233741079276,1.189784502049451,0.7903800238786357
7.311104082393309,2.662178182448336,1.267576578224159,3.505406696248934,9.337700395167333,0.0,0.0,0.0,0.0,0.0,1.4125508863481813,1.7319025232766119,1.7044419618704296,1.6873549626865518,1.8110205973032447,1.0548416592997074,1.1244683358457517,0.8890325414024346,1.1644695476410567,1.1093475453251993
0.0645715519330139,0.09456037164393573,0.027880586367726327,0.23267591250171601,0.36217857537804055,0.0,0.0,0.0,0.0,0.0,1.6018233142775251,0.8616224496155072,1.5512099009321298,1.3628297970161172,1.5907273266843038,0.8152776789879403,1.125366405963978,0.8237476066262912,0.8440936129008503,0.9726764196311224
0.929881380765825,1.626799512237186,1.3818062423035895,1.546412566885078,1.100438456611735,0.0,0.0,0.0,0.0,0.0,1.6188943661016129,0.8656155258400001,1.1669148676672703,1.3695001687430701,1.215715156525487,0.9571057538898041,1.727269351013959,0.6061218143347117,0.9740588636487798,1.6645036200246874
0.35705644779343126,0.13579805573930787,0.8676830855102338,0.5693451180509641,0.5168407159227683,0.0,0.0,0.0,0.0,0.0,1.5388725071305465,1.4024920166335553,1.488227075102543,1.4226994049568693,1.9331783597931458,0.7797412336634492,1.0944340173943938,0.885677300304645,1.3416646893021928,1.0432797190667848
3.3762083793655138,2.9956054027792893,3.5054586521103333,1.061954128805834,1.3624468821557818,0.0,0.0,0.0,0.0,0.0,1.4584910587519841,0.8753089337806945,1.284700158027327,1.6816908706972797,1.7131921083333266,1.2429806636522993,0.7666086037246232,1.4377615711570029,1.1203535503788535,0.9517292955135863
2.0796382084774465,0.8209667398003246,1.111945115978052,0.9245103961433297,2.329440281477078,0.0,0.0,0.0,0.0,0.0,2.0204625500577205,1.8046087572806122,1.7970629356045849,1.5020335508007574,1.3140940130723477,0.9890107788916996,0.9242734763257662,1.0099877246298663,1.3653909559197757,1.2547733808746195
0.37898421456216164,0.3602619355722101,0.20968628583093413,0.08894701464518115,0.3726977808230133,0.0,0.0,0.0,0.0,0.0,1.338140906799768,1.2378409442676692,1.6009706580556151,1.1722192473595605,1.0304513445861103,0.7157474072050669,1.3073175618719952,1.0200513682107162,0.40344203828336095,1.8872762727199033
362.2389356691421,336.29565511052743,287.18848152198115,221.89905934698882,160.40771160698066,0.0,0.0,0.0,0.0,0.0,1.0046480352213096,0.9883253379946086,0.990770194195257,1.0210234079935518,1.037710826927165,1.422131306676585,1.4178217290857242,1.3790325544705386,1.2915609088912348,1.1355031487844074
82.19655089678001,78.64081885555068,65.97909788455493,47.928313247964674,33.88525128618964,0.0,0.0,0.0,0.0,0.0,1.5449734822170955,1.4789427574055327,1.4053972072196474,1.3562174193308796,1.1496767159246777,0.9142108528607716,0.9505891219912015,0.9830230672005695,0.998333225223955,1.0263142553964606
340.11277561697955,312.9893721799715,260.9951723406069,193.99264500455374,132.69923066836643,0.0,0.0,0.0,0.0,0.0,1.561055828458898,1.5270593075214787,1.4631565191748377,1.3698223597726864,1.1894092321803116,0.915402602731722,0.9358666744860034,0.9729175518309021,1.015317599684812,1.0557666944199733
28.16523582602565,26.965826063732305,22.181546059568756,16.34296945918726,12.827669061117675,0.0,0.0,0.0,0.0,0.0,1.539370749553502,1.4938362871848734,1.4634933599437858,1.4306865839820404,1.1480506838881932,0.9270559092917635,0.9218824292127432,0.9232574921108763,0.9914524362079654,1.2203301538584281
7.594743307397647,5.462402898111094,4.38383872486497,3.7787183879726456,6.988288248425448,0.0,0.0,0.0,0.0,0.0,1.7565765298443923,1.6932583397913887,1.3942492198357435,1.0050228041372218,0.6513895130029465,0.9735020440496155,0.8529807467762344,0.4882827979138034,1.730367861806979,3.146088505926714
3.9848984947128856,3.182740414831161,2.1688136621635468,2.984821595694013,1.6041997459227553,0.0,0.0,0.0,0.0,0.0,1.5123848443598056,1.713195664573352,1.7705812813684871,1.6123330658287847,1.7512469487813638,0.8962940609398506,0.9618657322988489,0.9232667778917177,0.8840062670186902,1.065841967894211
2.3442544972133286,1.7811513953708957,1.4290080694914817,1.4920810124616362,0.784034595059165,0.0,0.0,0.0,0.0,0.0,1.2441951505011206,1.3085961027530177,1.2661041860829845,1.1512927104297985,1.0113878158436076,1.168964621974394,1.0622659766677183,0.9685284500061012,0.5177172907890473,0.039929723291084344
186.89235641807153,169.29754374690611,133.93687831785593,92.88857294206571,62.36778767337087,0.0,0.0,0.0,0.0,0.0,1.6867675323673064,1.6758623392769176,1.6572775305678002,1.6069604091785121,1.3100817343093472,0.897710193612293,0.9119634684542437,0.9220485081555269,0.9445184511694148,1.1171456100526909
2.9732998428863886,2.5464186224186482,2.013187446402241,1.6796624704519325,1.1008141911701153,0.0,0.0,0.0,0.0,0.0,1.7935287568861784,1.7360023183625355,1.6556409203901215,1.5787351660710212,1.3700660342397981,0.8903525623460666,0.9444764711956328,0.9256729917617087,0.7330696106177061,0.9454383191280987
230.95489859509547,215.3094489713002,180.63948853794085,132.05340435482725,95.32476231152665,0.0,0.0,0.0,0.0,0.0,1.5789546691178045,1.5371815072616482,1.4826197888135868,1.4247995185784192,1.2090165532744255,0.9001491397016537,0.9199963739575361,0.9564996789090937,0.998507601768252,1.1167582985393378
45.86370915759535,44.84340269359654,39.34609008212248,27.935538897169785,19.710604553649198,0.0,0.0,0.0,0.0,0.0,1.5270300732415216,1.4266096862825066,1.3349269559008243,1.3541844055477545,1.2464098201069171,0.8822531673364492,0.9696154736773546,1.04691278136967,0.9933301715684307,0.9451957275901155
0.9009774785227987,0.6042132140864583,0.4131425108642614,0.4431479370513152,0.6832121326479654,0.0,0.0,0.0,0.0,0.0,1.4979386443901854,1.215979974718392,1.0778532951690585,1.2584835616347796,1.4084562240121932,1.184678644128885,0.8259492868454005,0.7482863909385404,1.3776741746749555,1.3755241132574145
2.1264908496594748,1.158171379587113,0.3585767597912328,1.229139810818133,0.9526409154942181,0.0,0.0,0.0,0.0,0.0,1.7531216263946152,2.08944706587092,1.7845026859735136,1.7282317606287259,1.692228997908104,1.1038584127513196,0.9762163553442786,0.8842757311627405,1.0777230596564829,1.132703466701657
8.649958872908696,7.225088926497568,5.293960024332213,3.614750798675042,2.626895798709342,0.0,0.0,0.0,0.0,0.0,1.9087356697676139,1.8186075716236727,1.732994696930533,1.5921046544629998,1.2963821879297188,0.9505877655510016,0.9724759834455561,0.93524481969019,0.8530198813679034,0.9115922987868624
2.1124985374004925,1.0977799703177822,0.8486043040922715,1.443018482722239,1.1101870945236296,0.0,0.0,0.0,0.0,0.0,0.781351885535602,1.1877295654076239,1.4377319924692804,1.6497379046268663,1.7096401352221058,2.1071887074980578,1.2912639418557301,0.9697926554178554,0.9290005675733165,0.8660978319749449
8.663118936092681,8.290465584221675,7.6837110120586285,6.561612463333236,6.3651228468737715,0.0,0.0,0.0,0.0,0.0,1.5699855478628426,1.405409020585351,1.1746693418799505,1.0515608373115701,0.7833056176706913,0.9779618753367262,0.9887167494211117,0.8917015980149801,1.0032552011431923,1.2025141590684456
20.331675444948687,18.997649974166237,15.474397207508881,10.476397524685819,7.434030694371439,0.0,0.0,0.0,0.0,0.0,1.472341874896021,1.3691090647093143,1.3139606596082511,1.3485654473841702,1.0862193159066649,0.8247043793809016,0.967093531695564,1.0047766163416059,0.9178615160262493,1.2705549529249818
9.317144953791981,8.883870057333905,8.27618012663139,6.9846362486027065,5.584194474213332,0.0,0.0,0.0,0.0,0.0,1.4027612966737348,1.3621640746973867,1.2140299183085124,1.1088804728657413,1.0306042388332433,0.9705048520882406,0.9253953559200385,1.0054662807732895,1.0746058481728993,0.9436330612184588
13.340907037899205,7.557994697188552,6.962564107190916,10.134861223263508,9.797662791963415,0.0,0.0,0.0,0.0,0.0,0.485806809230861,0.7795673503030058,1.009951887152024,1.2376848751957266,1.43106442661964,1.346644143371867,1.780068308106575,0.8676654781545264,0.9014862459373155,0.8928021032686894
5.003464058877065,5.3076483387150395,5.3817104212510944,3.942663096621523,4.2516206047702685,0.0,0.0,0.0,0.0,0.0,1.5556447282232064,1.380902319932089,1.234914487026456,1.2885637750582575,1.0633096451698538,0.8146304303707452,1.0992709282294426,1.2456002601540055,0.8308699803055166,0.5721077017165721
4.787077669560519,4.481696253261857,4.06442057690411,3.21253717781961,2.1520063570243453,0.0,0.0,0.0,0.0,0.0,1.2881244050565608,1.3092286944426816,1.2627197529660872,1.197798523194658,1.2328311982887705,1.0448533543623457,0.9242675871407453,0.929477575914741,1.0606449279374226,1.0727068399956288
134.20626597559516,128.40121095998572,110.3972112463521,81.75487427596549,61.2676748155374,0.0,0.0,0.0,0.0,0.0,1.5151768335780207,1.4420275229840689,1.3728257245666602,1.3526155458689713,1.2084927755171249,0.8877198441608742,0.9396282621362282,0.9961304095443642,1.0019512309658438,1.0532800128364812
29.265037260973845,27.132279307053306,22.741955390188195,16.1298089907992,10.51822240786382,0.0,0.0,0.0,0.0,0.0,1.5611569663295781,1.5127573601023803,1.442343617336243,1.4009879150131013,1.2572586271129584,0.9009400487780943,0.9371555735961655,0.9828776951827802,0.983609198121863,0.9944260035074264
0.12475735835760213,0.06003283265161843,0.08095692988712995,0.12554372307506304,0.05634125687038387,0.0,0.0,0.0,0.0,0.0,0.8533195166006108,1.4861740403952304,1.8230825072632155,1.7324532463190296,1.696469376968207,0.8842821901467249,0.9598251305415241,0.9970159296468156,1.0684546493579028,1.108737413295882
5.244268775172963,4.612258295518453,3.856520240902435,3.098216402573199,2.0614021356134233,0.0,0.0,0.0,0.0,0.0,1.5018311763332266,1.4476112984624478,1.2783112748683874,1.063863911686022,0.7653195238636229,0.910935411533462,0.8902335459369413,0.9436029364169016,1.124577652120845,1.5677685867187163
3.3485132985539914,2.0705738945964773,1.8342829056451175,1.7984866382853073,2.2928304079522137,0.0,0.0,0.0,0.0,0.0,1.7250228528924514,1.8637943876951901,1.6066131470316813,1.5056694075487265,1.2098834185481764,0.981866820676393,0.9110092668356196,0.8996151349370379,0.9157046255126471,1.2118901559931887
23.927842151955282,21.923053337570515,18.892889428078966,16.184672437226336,12.862319286216657,0.0,0.0,0.0,0.0,0.0,1.3260900069735397,1.3474997662292452,1.3615012314867465,1.3214127127751594,1.2357193888312126,1.0180788571811965,0.9941716514478941,0.9694398441430441,0.9781036758819059,1.0129436578738282
9.019403032039627,6.977773415263195,4.388799548550265,2.8753701219763945,2.7992726787085007,0.0,0.0,0.0,0.0,0.0,1.8208433154333632,1.7502236830339672,1.5433526616739004,1.0591997907859263,0.8987415925031658,0.9112548837972293,0.8966360900068581,0.91965991264992,0.827619552362755,1.2199494315631025
2.837912331379484,1.750353038061433,1.3936661551714067,0.7708159676100246,0.30560660794036354,0.0,0.0,0.0,0.0,0.0,1.5323500990042884,1.5910636433823344,1.3714239076227628,1.5543122070782185,1.489157314818793,0.8142577663129852,0.8799281499019953,1.2203926758730201,1.056287415306535,1.2181434402063605
3.293450008425787,2.1927899731136073,0.8197129515580475,0.3527728008592478,0.7070132867599476,0.0,0.0,0.0,0.0,0.0,1.3331147288732834,1.3353060299852304,1.312070413868636,0.9672941662627692,1.4464963463952172,1.2176443616652384,1.2399433650059224,1.3500767769906095,2.1348226100887477,1.018307049974093
18.877539465160755,17.286424588544982,14.554291276893366,8.893410137027299,6.439469737485216,0.0,0.0,0.0,0.0,0.0,1.5447314095045934,1.3954809850517436,1.276070177685355,1.3069375192601689,0.9322789283716983,0.8360039023276125,0.9816877040018517,1.077414963056314,0.9154785675006516,1.3636972757746262
3.852242082794253,3.5646830985424693,3.5526557009428075,3.3166873242300694,2.399003361368883,0.0,0.0,0.0,0.0,0.0,1.364596427126214,1.4260629238295128,1.3856762541878538,1.2656472922514697,1.366656053851829,1.1085285203240154,0.9836014101188472,0.9927536556942667,1.1010753883177191,0.9023903652971323
0.0,0.0,0.0,0.0,0.0,0.0,0.0,0.0,0.0,0.0,0.0,0.0,0.0,0.0,0.0,0.0,0.0,0.0,0.0,0.0
4.405338457248858,3.7972908237803624,2.170638459945638,1.9857202953353474,1.1251322026148625,0.0,0.0,0.0,0.0,0.0,1.6675379256178267,1.5620462695139767,1.7134579476545517,1.7474677052141607,1.1031613082444174,0.9385985464446898,0.8829841903661863,0.959974776296045,0.9266370803172118,1.6734094982331402
1.7544980008101447,0.8294352499543376,0.34990523918421124,0.6055044499582903,0.06370338320618825,0.0,0.0,0.0,0.0,0.0,1.575757078066706,2.001773589726222,1.8854759268941192,1.6893923765452992,1.8989420572068159,1.0445918443778874,0.9243371447561474,0.9223137540950924,1.059907552979765,1.014758219337831
1.4986514190522284,0.8209955006760273,0.5855941635354898,0.5568041834372894,0.573224833239591,0.0,0.0,0.0,0.0,0.0,1.3607225675617431,1.5654502065404752,1.7367628861973097,1.9950336018754988,1.89704327512285,0.43792253305636536,0.9933265549552948,0.9869039069835688,0.9901965833492395,1.1098648866657808
2.61707668998323,1.37648487930198,0.5877759795280172,0.3845999936730765,0.28128312682492146,0.0,0.0,0.0,0.0,0.0,1.5722338223993135,1.8109777248270982,1.727206332587574,0.8670840889034166,1.6985021784961547,1.1567362541797266,0.9906106332571761,0.993848127278291,0.7281074387223906,1.0162735937349052
2.151194036689539,0.975816342196145,0.5131122639200002,0.8101635158997847,1.0374647022260104,0.0,0.0,0.0,0.0,0.0,1.543934038164545,1.404669146325434,1.8511314169625752,1.8332799463323974,1.7809703259987144,0.9947752713826903,0.5992277537446723,0.9682891596595602,1.0693039437974394,1.1476969550868907
1.2952826926815573,1.4807135654846215,0.8032710203685977,1.0617323319838292,0.5200238936498685,0.0,0.0,0.0,0.0,0.0,1.3891501336119891,1.1661985312935756,1.4305809151543674,1.6573388379353564,1.881004876844818,0.3052791843212547,1.4039851742136358,1.1585032737503904,0.9317061564122788,1.044976770217177
1.316172000837224,1.1813525915170127,0.5092306328412638,1.1330320828452243,0.14567201274121158,0.0,0.0,0.0,0.0,0.0,1.4187549866578162,1.4212295121262204,1.5476626914506304,1.3136733377695475,1.7850836465976196,0.8703631389985657,1.1492322594163373,1.0726510958535997,0.8821781042569111,1.0493258206881195
1.0141260428539023,0.629734976443527,0.07347216263952569,0.9522051246295522,0.19825958030240437,0.0,0.0,0.0,0.0,0.0,1.058262574442147,1.353213063959296,0.18631871074408868,1.3634462603812132,1.1703926710449228,1.319080677714677,1.094517136237291,9.21405545623834,0.9341432526001395,1.1536231306361255
1.9540158686258184,1.2949825696219348,0.6757066468580057,0.8317636331649398,0.651180163405113,0.0,0.0,0.0,0.0,0.0,1.607412350325889,1.5046324003322094,1.7911549478763342,1.727302198154661,1.5506455089294828,0.9486339518830742,0.7610218335317123,0.9665750378179638,0.9585258088267263,1.3286860864517094
0.6258374432620913,0.5371810552510402,0.27278150711880567,0.1506433292020628,0.09047356210195553,0.0,0.0,0.0,0.0,0.0,1.3889582495277195,0.8602899537140876,1.3336244500314116,1.4309873262581572,1.409074090729132,0.40613536757637764,1.948495391023161,1.2126821260383296,0.978680578253315,1.4787815195855654
15.086818215308174,6.108538281167048,4.220680536710546,2.498039836842996,0.36280235524302923,0.0,0.0,0.0,0.0,0.0,1.4855270086452907,1.7903661967869018,1.8053715063141382,1.178263707423089,1.475532127983123,0.9874417741994919,0.9822008870488242,1.0807750137332321,1.377463767907233,0.5816748020269665
1.268781299941869,0.8367332974583738,0.4846493272601748,0.484656322273214,0.1189521040443963,0.0,0.0,0.0,0.0,0.0,1.5310581742919762,1.5717250236487839,1.2881758653134137,1.4547114894772175,1.5379079958446464,0.9536594723485032,1.101815449314393,1.4042051196788528,0.7125969050411111,0.9113740544508641
14.102113472867774,11.272885160062199,5.2114484825861185,6.468408155895713,1.7516823787577003,0.0,0.0,0.0,0.0,0.0,1.3758602818911105,1.299401243445575,1.5685125649002203,1.556472932694697,1.5197489709874779,0.4606276129218684,1.2597280762174203,1.1007544071941364,1.0564837913520777,1.3764055392370573
1.232269216181289,0.8093116522588033,0.49344650649345567,0.44904293663818595,0.9137245352805439,0.0,0.0,0.0,0.0,0.0,1.2193277521329529,1.068448809642102,1.6164362244922765,1.8386002281411842,1.6388290723708343,1.6865429164244932,0.7696345179754835,0.8018352156777927,0.9556402174616335,1.1624273350889907
8.481160880488321,9.169187288808722,4.678843590076243,5.606490047900136,3.490950364949602,0.0,0.0,0.0,0.0,0.0,1.3277004814485753,1.056511797730218,1.2304353626250422,1.8167514592614815,1.8353808552016413,0.21874332418102993,1.5642515615781458,1.3550401412470057,0.9029394235238843,1.1035756184684906
1.369540946472274,1.4901668954467084,1.5801277614800597,0.9581519386572838,1.1121611477440667,0.0,0.0,0.0,0.0,0.0,1.31663283212971,1.110842578586585,1.3593806905486254,1.6820631325299034,1.68763648611464,1.0724140691444044,0.779959705390285,0.9216630629794029,0.9113164021645819,1.0182769280623742
0.32592036731357377,0.21285868414073672,0.15929374549632694,0.07626814352692982,0.01830291630917156,0.0,0.0,0.0,0.0,0.0,1.4805393725153422,1.1847458941041462,0.917358262173618,1.3821327806756354,1.0755154733439916,0.8759674122731191,1.3687568674076755,1.7005572663476647,0.490907915469617,1.5772522129794342
9.623028058077509,4.672824047363029,1.703391973034364,1.4589984003883596,0.334228401720812,0.0,0.0,0.0,0.0,0.0,1.4354214964026744,1.730701386846477,1.9706452838849937,1.239845980646637,1.324583561584571,1.163405746605184,1.0660353048204774,1.003333176880988,1.2720690888500439,1.0522584660505865
7.003441803879651,6.562427294902266,3.699879542619383,2.9967422179007657,1.5626178980613847,0.0,0.0,0.0,0.0,0.0,1.6366388857949754,1.5047835287671842,1.7309422755932744,1.7435593461752157,1.0000257576384604,0.9737128705615702,0.9338707736730378,0.9829114513434447,0.932549205113651,1.835755903089212
3.8017862906938027,6.66005438325462,1.74264618512898,5.387179489853159,1.1669803884713452,0.0,0.0,0.0,0.0,0.0,1.9003389045387389,1.6692350819148305,1.7772440387684536,1.8473927883023482,1.2163918266941431,1.01271927929882,1.079151881732055,1.1534389764627466,0.9584818297168674,1.0712384898727942
0.756448736077939,0.38735631042299956,0.2501396222294134,0.2051436868086276,0.3627170949806707,0.0,0.0,0.0,0.0,0.0,0.9843409411354187,1.0443943323832479,1.5813574887815216,1.685304704290204,1.6035690490060486,0.3887326751044962,1.3498527237085458,1.003561750293522,1.0843292134624354,1.2585971286849174
0.9109372034257792,0.3794666306925155,0.22825623769953013,0.3934772146673239,0.48610215769989945,0.0,0.0,0.0,0.0,0.0,1.4989227669953655,1.4712730646814787,1.763384574509047,1.7278632532294513,2.1211785941764427,1.0340389018187088,0.7032272054752324,0.9539321259664593,0.9830629846641866,0.9697299972719551
5.902612958761848,2.9006861054983877,2.1256404830534863,2.4598841954492316,3.5416105043844497,0.0,0.0,0.0,0.0,0.0,1.6522963257584726,1.1647341129278888,1.7034913553542985,1.7992069254624,1.7064968294844771,1.104745080276619,0.05638499306101605,1.0583945167789635,1.0427565311667761,1.139929817220156
1.3042249615513413,3.4911953196902976,0.7293266240449745,2.8203680907721376,0.055716037276970345,0.0,0.0,0.0,0.0,0.0,1.0539548575570314,0.7560848842073723,0.5246506971015685,1.0619724721241464,1.2129999411915013,0.7627168826191499,1.353635344105409,3.1529994402727533,0.8257984310950182,1.5781444506629525
0.012929200794515632,0.020563263169248752,0.012163729765554378,0.013847114446971568,0.05891798968693692,0.0,0.0,0.0,0.0,0.0,1.8142109170793772,1.922038603992537,2.028703061525444,1.6584622085168177,1.518471062058969,1.118429930062936,1.088701717049161,1.0388558001110924,0.9849447857504476,1.1603939466035533
1.2987127693320875,0.8081686608794343,0.25064305846209933,0.7652168569905993,0.3208434470012046,0.0,0.0,0.0,0.0,0.0,1.1401162124371331,1.5308946718321792,1.7041077514725518,1.6125140583897632,1.5761832063429693,1.1816924122023778,1.2646323297547155,1.1355447056594785,1.0295997167338455,1.2492774703984233
0.08544947943548575,0.04168254659739075,0.03661383546354931,0.034963055141924146,0.01847777733244648,0.0,0.0,0.0,0.0,0.0,1.9535022658565242,1.936520555790181,1.448498504715956,1.484219859246307,1.3482861090183453,1.0299795303924781,0.9724363845379163,0.7805979992348453,0.9748708086936245,1.1430258446488817
0.8700944540829237,0.5865330465999903,0.5522499022885218,0.15405879194861294,0.8061157846361493,0.0,0.0,0.0,0.0,0.0,1.3811568538363388,1.3746719274999701,1.6906844368886147,1.9147723427551395,1.5967435434728001,0.5179403340032771,1.1697434426737234,0.9799505864546676,0.8969293026067252,1.2118180194044896
3.492919359725016,2.91354468960146,1.5706935491565144,1.1926121431816779,1.941775303210294,0.0,0.0,0.0,0.0,0.0,1.1217869176524737,0.9393687079634302,1.4229187105495202,1.7771114173576699,1.539694093415721,0.2638589926620865,1.7222128647594268,1.1114496610502371,0.9104792608439733,1.2430695470307593
0.37459972116548096,0.2517411484618914,0.14243029173803778,0.04223224498050439,0.34517072209653255,0.0,0.0,0.0,0.0,0.0,1.6910685726708021,1.7157558359969405,1.6038220992556087,1.3249095581247479,1.3619539951112873,0.9250974959078643,0.9391872876632934,1.0340203132908579,1.399887171750265,1.303708387559644
2.1737262982264047,0.9185207245153979,0.5303703551631551,0.39306386355992184,0.9565283198397371,0.0,0.0,0.0,0.0,0.0,1.4045557423127497,1.7592220488251458,1.9832842904409305,1.7166550267488292,2.0204942015419136,1.1770709012994505,1.1335234964259462,1.0069386034107073,0.8508871204910826,0.9664372855108401
0.6884388247397918,0.0564780494433453,0.5508590312678462,0.5973621569576274,0.5225663967065722,0.0,0.0,0.0,0.0,0.0,1.4947415875820982,1.905165415317366,1.7852807720014432,1.3509552388664063,1.9893762853310115,1.0100734878438014,0.9466916480284303,1.1078385150381904,0.9939519549158432,0.979038664409317
18.38977216480687,14.81261431185332,10.20520347215787,7.688218712192837,7.250701782644731,0.0,0.0,0.0,0.0,0.0,1.5182415869007821,1.5502360990616562,1.541445698372178,1.2628785353295655,0.6432488133287827,0.8655816275088353,0.8773801825851983,0.9629449478729145,1.311124649147239,2.484338877696282
6.765335356396347,5.363931013537995,3.735921073086287,4.10402534863212,3.1874493182044685,0.0,0.0,0.0,0.0,0.0,1.4516143525485488,1.5745193650507694,1.523183724815113,0.94437588387649,0.6461721331352489,0.9740834935810626,0.838203161471048,0.9478383879683687,1.7550065561238828,1.3969747192255946
0.7884313410425137,0.557670372912293,0.30886077528824146,0.41350637651407823,0.9357376826219808,0.0,0.0,0.0,0.0,0.0,1.3508986480301757,1.4684807982349657,1.5155438457650887,0.6638444670976552,0.4104839842234717,0.8105199275050422,0.8563821057219223,0.8994103278242401,2.674906232279233,4.148589085422869
6.059362343813451,4.8226509207527855,3.5183160028112552,3.8017006537451374,2.8814729363120284,0.0,0.0,0.0,0.0,0.0,1.3615226030984613,1.495797673647116,1.4724109332405764,1.0468326594369204,0.9290014560204466,0.9320934910962291,0.8148878707478592,0.9622550347026438,1.6264525352005228,1.637850468606755
1.0870633934748437,0.7984650430026486,0.23710343251937954,0.2183834168778883,0.42547177551526777,0.0,0.0,0.0,0.0,0.0,1.9123129914666313,1.9991628907600898,1.9297906466841492,1.485505948877804,1.3518677701328254,1.0782025137597495,1.0488926298399315,1.0180579431354952,1.0797647884267125,1.0706518922708548
3.6312267820370066,2.905320236699205,1.8819171566146273,1.07463214356437,0.9415225427748872,0.0,0.0,0.0,0.0,0.0,1.7115395023773377,1.7170958168042576,1.667359339549179,1.341247457232412,0.5617925528795045,0.8744837014231567,0.8985790805411878,0.9555148973808132,1.1577060220471753,0.8573448158181337
5.924752689079524,4.751422279868701,3.604836605885893,3.519483197302795,3.063302854404558,0.0,0.0,0.0,0.0,0.0,1.3457808442437886,1.4507190451604648,1.4064896981990584,1.0345575887931782,0.7409020118504456,0.9463606394645615,0.8661711432968212,0.9908239051449453,1.4911262959125189,1.4680827487162096
2.1662128370261575,1.8259030772742082,1.548893159953416,1.390278278874432,1.1603650443898765,0.0,0.0,0.0,0.0,0.0,1.3581333783726652,1.2649834452436892,1.1025587309641411,0.8609918679923526,0.6689359430660453,1.0235483453528267,0.9940502266907173,0.9568377409028753,0.6888911522618452,0.9302771255432121
0.2302145132336067,0.3401747009443358,0.08438538360996517,0.27727108396722927,0.15656211023707498,0.0,0.0,0.0,0.0,0.0,1.690125004961697,1.3367813534603021,1.3759014778397518,0.6384086962545545,1.209602654293614,0.9125869318896619,0.6542688385257842,0.7356644112141343,2.9095577824685206,1.3999947557158543
2.2148465435705957,1.592023578877592,0.9668835293418667,0.6686508942865509,0.8767810514199909,0.0,0.0,0.0,0.0,0.0,1.705819373387249,1.707661483497143,1.6650238192796138,1.386402939601326,0.2227576779295954,0.8686363446983023,0.9186761371608151,0.9020564376111088,0.9875268127462808,9.37090496334449
71.32382101933864,59.70931813969257,47.25804790623826,45.24865959653498,33.9635604920908,0.0,0.0,0.0,0.0,0.0,1.405611630323647,1.4569609270329553,1.3945051628369054,0.9825613390158284,0.7253027813385352,0.9668939253679709,0.885228007754109,0.9374772630863023,1.4743182273841084,1.4378755374209036
7.805983085529505,6.557373808725319,5.676519566305623,5.738526357439803,4.5083835199475395,0.0,0.0,0.0,0.0,0.0,1.303699123621775,1.4204835139114242,1.4024935046064502,1.1186124162956528,0.960363563044959,1.0237007131698577,0.8806572091830202,0.9585845009260467,1.3580873977685675,1.3533296321393509
16.79020786966137,13.64616025889013,10.672055116986886,10.402966028948931,11.09772383688323,0.0,0.0,0.0,0.0,0.0,1.2701629018466543,1.3658892560236549,1.3864289883670176,1.142029230240089,0.687186593493824,1.048704709770826,0.9194583032863937,0.8466701143662184,1.0245593619427549,1.368376890984861
1.3684714643234854,0.8918587998501272,0.32412996259142396,0.0719210953266666,0.10215168137418003,0.0,0.0,0.0,0.0,0.0,1.6244388640723133,1.684074366633289,1.999351462843892,1.7469221226630072,1.4831052699663303,1.0479311302767718,1.0522949949949387,0.9682829132250264,1.1975815958715432,1.2487048125378508
17.211626928411707,12.905770679870747,6.9373976960043695,2.9461975324174285,4.695604279776133,0.0,0.0,0.0,0.0,0.0,1.820179252422978,1.8312153763078292,1.8092125193590427,1.2132008018737164,0.8271432064185794,0.9115664274667973,0.9068585831578744,0.9130464609916115,1.161001572895795,2.499912814747475
7.612804343267557,6.409249426651509,5.295100709892982,5.456351166296672,5.2372686513394155,0.0,0.0,0.0,0.0,0.0,1.7044560575250247,1.6249291896966278,1.4128384613674292,1.1013715461516782,0.9855820966623046,0.9872415063625528,0.955873687823468,0.8984912819113879,0.5452504777178219,1.220281526460225
0.4567537129835528,0.2885965538907005,0.4102330663492772,0.299944546440758,0.28377972818449615,0.0,0.0,0.0,0.0,0.0,1.8701694999817264,1.6565553172721217,1.628569312418151,1.2220941872849185,1.161563388909936,1.0355351792663117,0.8362183263888753,0.9861317990870803,1.2893163717895724,1.1990977448291698
30.818451688003186,25.361282364099637,19.226741155041914,18.02251193413475,12.082668575646984,0.0,0.0,0.0,0.0,0.0,1.439658443004018,1.5196896976258265,1.4969066024412776,1.0707032429693466,0.7544168710492728,0.9518205142911744,0.8609380989896485,0.9346569168598338,1.506451494968352,1.7132330325070344
9.300113454293493,7.023297870230505,4.044230537669938,1.561444441163066,3.996311855184282,0.0,0.0,0.0,0.0,0.0,1.6809933770480023,1.741339898237571,1.7781763181518693,1.4171522620970742,0.36730465156637004,0.9260550292928186,0.901583092360306,0.8806690189313742,1.0756751487003637,3.623935053139464
8.260081536837614,3.53694676153435,9.505445595649068,4.31084467384876,7.471653187266318,0.0,0.0,0.0,0.0,0.0,1.0448435662369064,1.5431167472238652,1.3782734773580747,1.952683322928003,1.3127604531397623,0.5675941722371979,0.9465072285050645,1.1207186607871238,1.014037877686901,0.7820729174775992
0.5039967129559505,0.1860865820143422,0.13299968789586805,0.23520548538130334,0.39316366973672745,0.0,0.0,0.0,0.0,0.0,1.1629195677210586,1.7331162804084248,1.470435540815331,1.2472056655463055,1.5748802377321205,0.8971186414455644,0.9360631372817572,0.9012561776193383,1.433003428770988,0.9287935527988639
6.079357030798369,5.6499067789216,4.8115583363646675,3.7544078806643264,2.9084926583051574,0.0,0.0,0.0,0.0,0.0,1.697803593822136,1.6465236400722016,1.6312345151042897,1.600400103788792,1.4076180290172655,0.9356305554083527,0.9696589239035215,0.947317655759007,0.8857024336662264,0.9625132191229288
5.69460354446637,3.987210936371169,2.083844793363894,1.7081937753769505,1.8323055598738922,0.0,0.0,0.0,0.0,0.0,1.8591237195122428,1.8367791105714117,1.660342327003853,0.7776209713210743,1.363807289691183,0.9349686441523843,0.9068300112236657,0.9264928789911892,0.4164887637938863,1.3640483099170182
1.421470503395328,0.8648381331515681,0.7956321411060042,0.6074415446178569,1.6618286947717948,0.0,0.0,0.0,0.0,0.0,1.681719356820189,1.628939237489046,1.6866421267470724,1.2494252048058752,0.4464355802738621,1.0731489982312725,1.0460314744817714,0.9058495638135677,1.1842485171995107,0.3650331021237694
0.65428292552883,0.5020706394834329,0.24571757093600058,0.2058455519378753,0.18237163139148127,0.0,0.0,0.0,0.0,0.0,1.6028545182209442,1.5893171223704199,1.8986417397170328,1.9824214618185656,1.5233263622611892,0.928823961977556,0.9532762243499108,0.9559100171064607,1.0568074043688223,1.3302353799905753
3.9111729943939677,3.2887983385324597,2.5630258608380094,3.0637176727642403,2.6239147600936996,0.0,0.0,0.0,0.0,0.0,1.3077553124255978,1.3046526663427063,1.3038030956111297,0.9787284288962623,0.7373001857087755,1.0372294660962094,1.1028122357952521,0.8847111243523506,0.9599982989179123,1.814435653476329
0.017757117611405887,0.033674089740281035,0.09678704933554592,0.05842810899839934,0.04182585115707695,0.0,0.0,0.0,0.0,0.0,1.5162039738332664,0.7758713599486132,1.2808048564022698,1.1502428951973878,1.1933105505985728,1.2864589754531048,1.2431583138073126,1.139059248380226,1.6746626705293126,1.3852040500841418
1.4261595903819564,0.4589783720615571,0.8513579377523739,0.9558962449225652,0.9475432032848307,0.0,0.0,0.0,0.0,0.0,0.9166117106054781,1.6076276979934392,1.3421106923667,1.2669158025662566,1.6505580403244513,0.26676568080728447,0.9917336113592231,1.0883612319780298,1.5935614400881928,1.113495001348747
3.4735797262949815,1.9500994515006949,0.9122715533024437,0.7672053565180207,0.579332673892154,0.0,0.0,0.0,0.0,0.0,1.6732338847451387,1.8282155490646594,1.7088824226883448,1.2694300175591884,1.3392493967607766,1.0065261632616394,0.95725507825356,0.9750172730322193,0.16375764388289357,1.239015570674234
0.8495695283056648,0.8230450530553716,0.9348838328322152,1.106564439380532,1.1356427059372056,0.0,0.0,0.0,0.0,0.0,1.5152938235915359,1.5166799786995078,1.3658064658371065,1.1129274364178323,0.9965480548033219,0.9249534546106315,0.9172906521390991,0.9985607107225526,1.1015692189045976,1.230960281480659
0.8722083636936343,0.534114279942799,0.3029695287535409,0.38255415290924677,0.11213805859647921,0.0,0.0,0.0,0.0,0.0,0.9982765667267789,1.2535137507062906,1.0510238852269407,0.3381264803094476,0.887920845506647,1.1804437814434572,0.7047996842996184,1.0045196554424902,4.855783210340141,1.6067830517920294
0.7115571681331344,1.1787308757005275,0.4762647781585357,0.6213614152207336,1.1300377379375592,0.0,0.0,0.0,0.0,0.0,1.5685134468858595,1.0588228335783931,1.1152432169455326,1.7035838094545532,0.7969280302318793,0.770583182293714,1.5740772327418302,0.9487440408442175,0.9755569505337917,2.386725024809189
0.0,0.0,0.0,0.0,0.0,0.0,0.0,0.0,0.0,0.0,0.0,0.0,0.0,0.0,0.0,0.0,0.0,0.0,0.0,0.0
0.8649760004817793,0.6343998996660261,0.3827454967028344,0.36424580172418775,0.24277480051513237,0.0,0.0,0.0,0.0,0.0,1.6797704691980109,1.777730971561068,1.8775314421579914,1.6475884841323727,1.3346076570502023,1.006488686294438,0.9654370189401018,0.9347120547714541,1.0057603043858623,1.222486336723582
1.528523618729573,1.5676357804498662,1.2405973361998512,0.4171836025254003,0.24750259965688426,0.0,0.0,0.0,0.0,0.0,1.8188241842908799,1.6934132896636174,1.6757643836567118,1.783863810957563,1.8317904039335606,0.9005951724613397,0.9359709466518888,0.947496019836655,0.8923639497167593,0.9274533420252906
0.8336187978023231,0.7375057834923802,0.6242710754597824,0.15123461865528504,0.08235959737455267,0.0,0.0,0.0,0.0,0.0,1.6364113975603725,1.4097138901210244,1.0881085599122375,1.5153643557423546,1.6422949656556411,1.1629474641434485,1.470147987126972,1.899649662611817,0.9214969142043716,0.9614346648436063
0.8775018355702553,0.7851015243345869,1.043099623376739,0.6371021960042595,0.8987195420319523,0.0,0.0,0.0,0.0,0.0,1.7483849563318332,1.6828571596575423,0.9711841725442245,1.8314739387584762,2.02910863002268,0.9437225427844129,0.9559926030954259,1.479621559324495,1.1316065525625838,1.0029328318496098
3.870501685774935,2.787581381012319,1.592341565800305,0.9805793849795631,0.9080828893351134,0.0,0.0,0.0,0.0,0.0,1.4722562614295156,1.5112321546527645,1.6032394355223256,1.6776771005579958,1.7153909661339921,0.7569164810572665,0.7821249305185856,0.9108475689401277,1.0740478400448277,1.2251666679023239
0.476525061764905,0.40352030296702557,0.23185767208105496,0.10301514919629835,0.12669496203613256,0.0,0.0,0.0,0.0,0.0,1.6977505865182716,1.7498443060125275,1.832277835457338,1.916652785329935,1.5945129964818097,0.8944831893511632,0.9162847128020548,0.998811739988723,0.9814645592648837,1.034055738275957
6.715651057373172,5.927968984980625,4.298556818837974,1.9528468199012816,1.1500104728713714,0.0,0.0,0.0,0.0,0.0,1.9074558922346745,1.845774993841766,1.7784696926790227,1.7897123383089806,1.1151430496864256,0.9285188822015392,0.9284168450076048,0.925636076980387,0.899648784449408,1.3170460420669967
2.7345512386211874,3.120860769859779,2.91843779486414,1.9193799625717751,1.148887304396273,0.0,0.0,0.0,0.0,0.0,1.3613243833573148,1.3339461855201356,1.450747894955621,1.8370176227030817,1.9802720899314692,1.3395885575092326,1.34642253342346,1.271946250283199,1.1095870263289378,1.044909800977997
13.013761330131326,9.530881302413603,5.879516059572776,3.4581600586830867,1.5516694105574507,0.0,0.0,0.0,0.0,0.0,1.6432197713806675,1.7236360722754713,1.8044974302421826,1.7477837248926833,1.3957273746180427,0.8513875912941726,0.8641168397674285,0.9201795289199294,1.0051284504835976,1.4330618498894108
3.948459979640119,3.7614039287475705,2.2761011387625443,1.1890413693734787,0.7477935947729193,0.0,0.0,0.0,0.0,0.0,2.002542637260047,1.7834490487404249,1.829333356860026,1.8461040803719693,1.6377759240602991,0.9735885070597697,1.0091943776157417,0.9713341953221604,0.8902999100705455,0.9226840791244677
0.29510615143974933,0.21833022466602042,0.2152762126837798,0.162070083576689,0.006898780507414324,0.0,0.0,0.0,0.0,0.0,1.4982976345281818,1.7582569512233444,1.029858876017882,0.5449153067785077,1.4847434436326659,1.1016190852546373,1.1957820091537639,2.0397619078552274,2.8903996134275722,1.0807069815482366
0.3354053102184037,0.13639558165290624,0.10327938076263936,0.1858751310479147,0.13576130466957365,0.0,0.0,0.0,0.0,0.0,1.3449613792745974,1.3468702737636618,1.0541582268168672,0.7589234472580513,1.2162043883035578,0.7587573478815226,0.8324044367503415,1.6391580889894204,1.0758719707718172,1.3631436113376136
0.7408962713445032,0.6448267090594595,0.46835438648934025,0.3005761664898607,0.17776323788255183,0.0,0.0,0.0,0.0,0.0,1.6609842043435936,1.6780206754069953,1.657077095549444,1.595409850748802,1.1237412305424914,0.9303962199198857,0.9169203503444225,0.9045764792163296,0.9524906526833065,1.3102142786433033
3.780306165015271,2.536114873446633,1.500891684400024,0.8372383516809222,1.0909130534281002,0.0,0.0,0.0,0.0,0.0,1.5859655999956754,1.567106720249222,1.7649219519565065,1.878047714081157,1.4961451730829725,0.8763451421772195,0.7516228542177561,0.862075077696818,0.9709930904965549,1.3163307239350668
0.6254489314875749,0.6170189218036077,0.6010271100577136,0.4414185710913915,0.3290275675321125,0.0,0.0,0.0,0.0,0.0,1.7247959886624111,1.7154388800349452,1.696909702552946,1.7983518528922922,1.7088264781502192,0.8843942197377119,0.8852048473002623,0.9440264273635265,0.9567357295193255,1.151717100657125
4.879529858496303,2.6829922636469425,1.4541696714209535,1.191154723797208,0.5730099047614636,0.0,0.0,0.0,0.0,0.0,1.5110695920738708,1.659681764421285,1.7494715216011851,1.5677361938029184,1.2347939696678067,0.844788113797386,0.8226147203231741,0.9942758589391751,1.0910678270790306,1.4961747426859142
1.2527914669411242,0.703038384117419,0.10765593356672672,0.15250451665707723,0.4037026111697542,0.0,0.0,0.0,0.0,0.0,1.7490670505008237,1.6702027595148585,1.6443364115158867,1.701859324877491,1.9095977590309914,0.9959787011274182,0.9930876265193631,0.8177061693907984,1.1355473701811765,0.9366659653689051
0.09878238225708594,0.15538569345622394,0.09384547472235474,0.013622510663994104,0.0732387921256111,0.0,0.0,0.0,0.0,0.0,1.7067052899390203,0.9576134198471632,1.5140639634417854,1.895923902527055,1.6292740286402247,1.158322115329065,1.7663998686642126,1.0582385867523934,0.9272186852946063,0.9062020328552275
1.6480213575332539,0.9992375655067489,0.6063479100883379,0.5893729574896571,0.6492114836819904,0.0,0.0,0.0,0.0,0.0,1.360152580430128,1.372866919655956,1.3136404653626605,1.331905990780062,1.7083385296288245,0.7122187029046124,0.8195271380373713,1.1429871020172602,1.3699198786025806,1.2297965455156565
0.627921106411843,0.45153784932524194,0.4364484648540575,0.26928090077468947,0.16347686661722782,0.0,0.0,0.0,0.0,0.0,1.8111204245613106,1.3883114379557355,0.9123531133462389,1.1832132806661042,1.8159791555664526,1.1075590232021357,1.3416254175212006,1.6438280303701465,0.49167703167408744,1.0565670829633242
0.5688357680771104,0.17146895515583233,0.5771706719348572,0.16879437372562917,0.4117678082156468,0.0,0.0,0.0,0.0,0.0,1.6637859470560687,1.333156499474393,1.8285339959460543,1.4280450112946013,1.5893169789176302,1.0384397159185466,1.2269441598200965,0.9679702444186953,0.9328503375836237,0.8425143898624338
2.021585677819334,1.1218467173631381,0.8312614029645973,0.31035910507750586,0.12481967955462936,0.0,0.0,0.0,0.0,0.0,1.6554252627050798,1.6514070871354223,1.5663093687399634,1.5032957704938865,0.680967507449413,0.8933913899704988,0.8833461273213747,1.0068514912253166,1.1170659164163623,1.1242906075432517
1.48963593182792,1.381981208333927,1.3726474826911392,0.7250439895194811,0.29165347410037207,0.0,0.0,0.0,0.0,0.0,1.9208059540014117,1.7929400276907133,1.7453334876751696,1.7692455947189438,1.8887552096714413,0.9335149207737037,0.9724181828115166,0.9689767606146445,0.9685087707764567,0.9062797269396936
3.3447693382610417,3.2659033419325083,2.327035663868474,1.303290181967291,0.9761119299038713,0.0,0.0,0.0,0.0,0.0,1.6740424406321686,1.6804750035724687,1.747185676176815,1.9334969332472298,1.8263404360766624,0.8401992076975802,0.8877624672079876,0.9093848026027294,0.9398450237002436,1.0975459134671974
0.14232819847466513,0.029026171831989106,0.04616896110629491,0.10334665793701026,0.2532585878757973,0.0,0.0,0.0,0.0,0.0,1.608098421751524,1.6479317359223344,1.8023382575086826,1.6213573934330225,1.6802466329270294,1.0167262260930037,0.9928179653929001,0.9596031221337361,0.8703107573210025,0.8269481505829472
1.2639773464970967,0.8112360211816008,0.7247053293586088,0.28884125964507834,0.21067413059088652,0.0,0.0,0.0,0.0,0.0,1.3981491143788654,1.5748977519135674,1.5774472840090716,1.5332170810215047,0.5370768521989417,1.1109259249295447,0.85353675577034,0.7148920313813326,0.7032902825986086,3.2098573153194105
2.56618128588902,1.1728879537641843,0.5339947352516451,0.7951012685854701,1.2578780022851679,0.0,0.0,0.0,0.0,0.0,1.5832655249373078,1.3367749858498736,1.1821923116710702,2.0916807124304,1.7744287780384842,1.1143658910276408,1.338929120712493,1.0796084727421849,0.945570472884029,1.130755112727518
1.1535717339561091,0.8086861020282873,0.7112339423974411,0.15681503358086618,0.5032274257815004,0.0,0.0,0.0,0.0,0.0,1.7001350633187429,1.693767599089987,1.6848172592952184,1.8046835941899322,0.8502028486163264,0.9239203766968668,0.8214605053711579,0.8466663912190736,0.9243193426597587,1.2750109514586534
0.9616067359319805,0.6478679209496054,0.5694554245475254,0.3172723559404449,0.36946108391018895,0.0,0.0,0.0,0.0,0.0,2.029094178806728,1.9096759724421968,1.763117724028939,1.6677508733441992,1.3440248216631245,0.976498995435208,0.9396378725216464,0.9202913155655872,0.9586395500746923,0.4277090681553326
0.08694068075321977,0.1742586754626939,0.27752577841060344,0.07195210787062983,0.037555955234432635,0.0,0.0,0.0,0.0,0.0,2.086015535419023,0.9004192146100944,1.112457905507644,1.596767675199155,1.6855064048847965,0.9891473548419873,1.929236789912912,1.4706533676712423,0.8466582873358007,1.1126654362515336
2.919434027594241,1.9417615742543415,0.8911581342195414,0.34027695070216984,0.6794240278064371,0.0,0.0,0.0,0.0,0.0,1.5493003414921551,1.5405188012661033,1.5305625869507542,1.2439625052654932,1.1462578769276357,0.7863482912987984,0.8549317966733702,0.8916151744033138,1.5453972213887839,1.5383258338377395
13.220001663957921,10.481903496045769,8.939919423420173,3.323051791166139,3.538362863745467,0.0,0.0,0.0,0.0,0.0,1.6888314778200062,1.752813169017053,1.7498724402386179,1.9027753911535605,1.7420765887960137,0.832073126980703,0.9027789254236942,0.9352351450341132,0.9522651369359255,1.1761819559021307
0.3714370794287757,0.30522410230263536,0.28387086620645663,0.1537845901936286,0.08282797133603954,0.0,0.0,0.0,0.0,0.0,1.051886612478861,1.003225069853335,0.6082046033042307,0.7557921323702541,1.5722990677206343,1.7597075378219804,1.4240847708350957,1.8862976276103431,0.8214214737051152,0.9718877758302006
0.4590860383265598,0.33475633491241713,0.36270387779786856,0.3154419112162769,0.43504497592943797,0.0,0.0,0.0,0.0,0.0,1.6651601834081071,1.623568178526763,1.4695168280583388,1.2289255000857697,1.510908130489626,1.062379759917963,1.104795756037424,0.9393295437562574,0.2829848780725976,1.1566119496329588
1.8768102463700633,1.0709057407442537,0.9990574764718175,1.5675008488594473,2.1326547361073773,0.0,0.0,0.0,0.0,0.0,1.6883055942077982,1.8715189808338681,1.5377536491784518,1.0842515267334198,1.121746249663675,1.1789241685914247,0.9804476306016807,0.8945466846455091,0.6107393787467925,1.11005270967429
2.453023833165059,1.2066496636030395,2.4046084950029907,1.9410975229457121,4.251269313949242,0.0,0.0,0.0,0.0,0.0,1.7741359852166954,1.7322344491892219,1.611009460939378,1.1640927765880988,1.384483419228721,1.098128679470166,0.9146142482195352,1.0356362377070567,0.3717129078502772,0.5286238259301652
2.8423038080014584,0.7336967089307,0.8397903164521422,0.6483301648192926,1.7232559617353769,0.0,0.0,0.0,0.0,0.0,1.9938272335546252,1.5124031570065106,1.710478846710115,0.8348424735915158,1.3086242543940643,1.0259599928260923,1.061389611432903,0.8856501849542807,2.0575950940101384,1.0870970853246948
0.746190972972166,0.27006039908780577,0.23154427784359455,0.2920850475855892,0.5462217363357417,0.0,0.0,0.0,0.0,0.0,1.6786202461978281,2.0593497768787947,1.802153698564416,0.9433470203037589,1.5285776617219229,1.0690463374526082,1.0011233222659044,0.8696510142443092,0.9208892786119807,1.2133745460062602
1.2398332116985127,0.32095554147420546,0.5465972269558008,0.49390907083117996,0.1371896928582262,0.0,0.0,0.0,0.0,0.0,1.4001945089324608,1.1130643281715813,1.419065885093046,1.1156106431704167,1.9844152239427881,1.4139932260317962,1.5059867464061334,0.6735754199659425,0.9900194375089727,1.0313911033468068
0.9176869585452145,0.2846186721104764,0.3004183035976192,0.40902701152868853,0.9322996238235055,0.0,0.0,0.0,0.0,0.0,1.4394263373009846,1.867849578752508,1.7213606815853493,1.193648660596101,1.7296785315317904,1.1165366881692422,1.1080069047967398,0.9169696668317163,1.1739404210408164,1.1571907379179385
1.1512951030973313,0.5917502339376881,0.27134527606618636,0.08954856775841122,0.4215976253846425,0.0,0.0,0.0,0.0,0.0,1.6355333152418254,1.5971194597324216,1.6746368988499722,1.170907448718513,1.573063714319149,0.8756615045347421,0.8052767110267494,0.927051643770128,1.4436996640022994,0.8220206722466797
0.5270377323489042,0.22628659370250714,0.08295179611801823,0.1349222602430124,0.3076833794565113,0.0,0.0,0.0,0.0,0.0,1.2816746970858426,1.649825112926476,1.7281458365333873,1.4247686488388334,1.7183902073464903,0.9827753469578365,1.0048717420762985,0.9448324878059254,1.455275205348617,1.173492481130992
0.10450465459894298,0.1132235222106536,0.060825640369980005,0.05867473385331197,0.07889116753074368,0.0,0.0,0.0,0.0,0.0,1.7084815056230112,1.500632943822154,1.7441305758421617,1.6342224916054027,0.5956470503153616,0.876229941477161,1.1226971803397665,0.9074772193664159,0.9510854871199469,2.715348111045225
2.0395817250718533,0.6502630265385282,0.41481573609806616,0.3346955855346372,1.0232619368459028,0.0,0.0,0.0,0.0,0.0,1.403032850124111,1.7546769646906557,1.6292427764983206,1.2273064669648113,1.7821220851940385,1.0677174061901797,1.16457487622732,1.0317144290619467,1.7136863355158023,1.1694508910819652
0.34608111935834973,0.20865525856692352,0.019916436956771807,0.22962765242477506,0.1267552962446713,0.0,0.0,0.0,0.0,0.0,1.365005080069362,1.4777477141453543,1.8361375908832194,1.2405127963824476,1.6128243959190713,1.3248234504714607,1.0350033060248789,1.0986312943369487,0.8774312786549381,1.170247420021071
3.9103735668940636,1.9989137640108943,0.9344865343521288,0.292732290938465,1.4439338232221584,0.0,0.0,0.0,0.0,0.0,1.5322902796911722,1.257209887384319,1.5075726886262655,2.1036811580472743,1.476160515810855,1.131693318039834,0.6623647780471211,0.6209803232914887,0.9678058507037024,1.3352036423820512
5.743354745095116,3.7094675061271873,1.8868801046464156,1.6344426448706162,2.1226452147065755,0.0,0.0,0.0,0.0,0.0,1.142777011390906,1.2667704963303685,1.2882157757031667,1.6500275343067523,1.7007619375422571,1.3641377259171856,1.1253746360688666,0.5935949424684533,0.9951400010447021,1.1923244610623138
1.3209694414732722,0.4351551947191397,0.33835983657423874,0.41421110836365094,0.879427056704085,0.0,0.0,0.0,0.0,0.0,2.015507873580625,1.6993112590417225,1.2706093963447223,0.783675216092665,1.444645951929061,1.0310758528585768,1.1277303515373756,1.0793028705327972,2.436404500064093,1.1879994444999662
1.4680370382489247,0.9324483645086676,1.0314135825021764,1.4681942115236455,1.7453673551685587,0.0,0.0,0.0,0.0,0.0,1.5790978031009595,1.6727617342900378,1.3068760633208203,0.9453453909686689,1.1293090230706204,1.2040662507278364,0.9546365731907079,1.052885342579252,0.6625539544598246,0.30076709197778856
0.26273400202545377,0.15638713615952524,0.10446219332347126,0.07424572323338048,0.1449234284137422,0.0,0.0,0.0,0.0,0.0,1.4955463970129423,1.5778510496576537,1.4095831302420552,1.4372491778513925,1.252592833809403,0.8205905413412824,0.9375514163200374,1.1841763419793223,0.7818563091829699,0.8924753352158833
1.2570938078301315,0.7969315215240306,0.6825948772708823,0.7242733235769829,1.1321380476916851,0.0,0.0,0.0,0.0,0.0,2.026325332137007,1.8600881207019717,1.691437865881963,1.1195995313116136,1.019608059462693,0.9806322801833931,0.9600453633407876,0.9431143861047455,0.7305196467540885,0.31614770223542915
0.6681931776315942,0.6471935008132986,0.35956552713979656,0.4489572417195003,0.5762147948132226,0.0,0.0,0.0,0.0,0.0,2.0526083284259697,1.7297006131375499,1.750851056690361,1.4386668284078854,0.9136715791821559,0.9505782431668351,1.061980648204157,0.9039079871509704,0.5330477532563732,1.3415366649066292
1.8135256221165819,0.8335692262430513,0.3443042942831162,0.49096910218676315,0.5187379067933173,0.0,0.0,0.0,0.0,0.0,1.5634536834960358,1.6882198411611073,1.9817435373913292,1.1235014712762803,1.1731944118166235,0.8440497439931001,0.8319291502050965,1.0215617122378347,1.2134750181690441,1.0759415897376583
0.23543072716292532,0.16189623830835836,0.23093788762537987,0.2635330713034971,0.1633996030864374,0.0,0.0,0.0,0.0,0.0,1.34298661451694,0.9359166489987016,1.0312406619834777,1.649000468809615,1.7137202597068697,1.3464059260136392,1.0387407595113312,1.6877067051038277,1.1545754212826393,1.083569310035527
0.49473779896434716,0.3659567476540762,0.17617610277372275,0.504004422074224,0.3786538637034065,0.0,0.0,0.0,0.0,0.0,1.1194300335202607,1.5656137435720865,1.7087115319166961,1.6733850013026104,1.339130257378192,0.9760518334769226,0.9269547758159685,0.8439199010219967,1.214529978065516,1.534614427663127
0.6500837739399887,0.30773486578219905,0.28437139570006803,0.02578145288064628,0.12138581668339965,0.0,0.0,0.0,0.0,0.0,1.7226710410595805,1.7037471934225128,1.837656741068775,1.6575124413497817,1.5209084109019566,0.9299132492054636,0.8526499786261689,0.8967651683616085,0.984669039381858,0.8650303843472928
2.313624897499686,1.5294726300184196,1.104643352943258,1.0612656479956697,1.1354273942835118,0.0,0.0,0.0,0.0,0.0,1.2217966075304667,1.3964701142631568,1.3832283236341256,1.056443342905397,1.219390337354725,0.699318046700061,0.8165275124938154,1.1310014044745942,1.77760128324147,1.4025691412538177
2.541827547640058,1.725071016046855,0.9663615885660197,0.33680982467686593,0.6282701649730451,0.0,0.0,0.0,0.0,0.0,1.589051625729876,1.5851132326408925,1.5189445089845477,1.0967478701559634,0.6604449522397547,0.7777422427849,0.8934248552799584,1.0078624043965914,1.2226494675369108,2.40045396643832
1.4864279965862501,0.9566613084817324,1.1538286023633895,1.630777355421656,1.8170670394205382,0.0,0.0,0.0,0.0,0.0,1.3909486437569687,1.6543999771366775,1.440654410483551,0.978408096238305,1.0282472475547135,1.3025203560666805,0.9349811811557608,0.7672476747316571,0.9084795048319887,1.060740177190399
1.779690066769584,1.0078593582311295,0.5481954730890093,0.2973744880098119,0.5348480898769931,0.0,0.0,0.0,0.0,0.0,1.2459945972223598,1.2841115612316731,1.5489132783918687,1.7204493501101057,1.7219436490518865,0.4948581674485633,0.9624429031686191,1.0273898553773875,1.023529578291631,1.2147572794733184
1.8894644161046905,1.2019348461046326,0.8013692053531338,0.676080173360629,0.9704713863142624,0.0,0.0,0.0,0.0,0.0,1.12692602991118,1.1433042787081078,1.3847236385159356,1.6248664482632476,1.3732245129409089,1.426228800649312,0.820633747887068,0.527320350612102,0.9356347444080764,1.4422510443558643
0.4559748648954761,0.13962279536149344,0.09047522376635704,0.08955458997411106,0.3891827226667096,0.0,0.0,0.0,0.0,0.0,1.8875515540310464,1.679460695978666,1.7119175569666454,1.8193931681503148,1.4692180546363867,1.0977766241614202,1.2137408368449667,0.9620329395850039,1.125121117051272,0.9545132377221548
1.0205282558480466,0.3177179770385885,0.40211265712568334,0.3381827615215969,0.3047295264195027,0.0,0.0,0.0,0.0,0.0,1.408437769924694,1.387006126142819,1.8725433611495004,1.4042441672360677,1.5900201991552592,0.896552204858543,1.4833994376080621,0.9326996964345232,0.9319920990221815,1.2311308424636855
1.2385531844512774,0.6732031835104688,0.39715499987812564,0.3915114288163375,0.5346695422523311,0.0,0.0,0.0,0.0,0.0,1.3628417493095508,1.1069839819103904,1.6422535447679112,1.2911682023528734,0.9472560025617116,1.4253580482401655,0.5333810169306595,1.044447043647238,1.3430323430207167,1.970522450062411
0.0,0.0,0.0,0.0,0.0,0.0,0.0,0.0,0.0,0.0,0.0,0.0,0.0,0.0,0.0,0.0,0.0,0.0,0.0,0.0
5.554561118451245,0.47784025173986944,3.0886030622107166,1.961507810893827,4.065694195925164,0.0,0.0,0.0,0.0,0.0,1.5834988049804242,1.3987841949855557,2.0139579741453577,1.6306088477269993,1.3591908753906357,1.194055543919726,0.9632162213917939,0.9642359070965723,1.1808187341972636,0.7575534167140082
1.8946222320909656,0.28364218965618326,1.3756386992328733,0.9790786837586625,1.0510060348680006,0.0,0.0,0.0,0.0,0.0,1.9856524058375509,1.570691674715201,1.8216611696970066,1.8629686821945954,1.3804463548110988,1.0185835863097745,0.9765408739652757,1.0435813054399037,1.1071525932538337,1.2502381230789548
0.8917306097819665,0.3029666648802551,0.14704464701724848,0.42150448568699417,0.495815974077528,0.0,0.0,0.0,0.0,0.0,0.9712263026543168,0.48612090115509193,1.4256949779909927,1.333739411533194,1.3646679399484105,2.08866755850225,4.303872431049063,1.2871926366757522,0.9410823311996318,0.9821605095783784
2.5992241316310127,0.18259496872838527,0.9591765364220415,1.3432089598169126,0.9278879187027409,0.0,0.0,0.0,0.0,0.0,1.0957977582653406,1.4734281910873284,1.3089117729110262,1.528666649621262,1.3474615034037023,1.2904076829676456,0.860860401102617,1.4354717404662614,1.121339139313636,1.3280316683327757
4.905213759660166,1.541529055767691,1.7648058162513536,1.7027526145823557,2.183126956412018,0.0,0.0,0.0,0.0,0.0,0.7136945220539502,1.3769326732577756,1.42234096541009,1.6185033285177173,1.3006446128286593,0.22233774445461332,1.19123875795691,0.8142492677446129,1.1503999244392153,1.4476407280674306
4.059959460743959,0.7905740247250274,1.8852839909065118,0.9252293212119479,0.7648538301866266,0.0,0.0,0.0,0.0,0.0,1.495613723316694,1.7953174021888467,2.000833619531444,2.102391020740271,1.442573020805872,1.1025656807931805,0.8859683534314998,0.9816262052508635,0.9942765362358628,0.8773711416260956
6.196178112778098,0.9608683476825289,2.100629009372371,1.3602471887225847,1.0919864896062645,0.0,0.0,0.0,0.0,0.0,0.9346657329917331,1.6578905456761883,1.4195968939451158,1.4959217232080375,1.4400552927305645,0.9224240041182009,0.9970720808004426,1.0934017375298404,1.0705763619712518,1.3284096905283087
2.772264752098447,0.9727859862697876,1.1643708186170243,2.247745666188714,2.909781680482949,0.0,0.0,0.0,0.0,0.0,2.06099154494182,1.4869908723435263,1.9458400184569935,1.6165972154810158,1.440029489370708,1.0093322794602,1.0215523204731765,1.011298171880653,1.1240274517874416,1.240070135711911
6.184578795685137,1.1259955597492612,1.7211084098926128,2.054184551104348,1.7236652586295578,0.0,0.0,0.0,0.0,0.0,1.4476799235743671,1.4055874283595953,2.0843936296463923,1.8119037746464544,1.3093388425235246,1.1817521758480352,0.9370162392102349,0.9816058660657183,1.1099950711269557,0.7028599976223975
2.4809826322054565,0.7304039330742241,0.3519436034301088,0.21447591622551557,0.37502300720326764,0.0,0.0,0.0,0.0,0.0,1.3236291558516926,1.6457457126025543,1.5618804386000997,1.3786803568793848,1.6800586929242765,0.9447052954641565,0.8454099076620373,1.1513811113551742,1.0424016316450004,0.9904460258666993
4.956263045638214,0.9014267934211745,1.8223574217892355,1.3916468253848306,1.1588762097001695,0.0,0.0,0.0,0.0,0.0,1.4701919113915458,1.6315637290393166,2.0780265039571835,2.022310064445537,1.3678993969550273,1.147469500995125,0.9146808753952789,0.9614948795993303,1.0375174717993088,0.8679745478362834
41.40882804152157,6.762992983014738,12.529702307843161,6.819062853052808,11.992999143510456,0.0,0.0,0.0,0.0,0.0,0.694218293496817,1.3467620524690707,1.406055570724378,1.367800226721874,1.1870791213119174,1.1216550636160945,1.2219704348447846,0.8612446465765429,0.9999582702436416,1.532746753560124
33.011973275822186,3.478005995723086,17.165335238165927,7.97687565685474,15.277261327818906,0.0,0.0,0.0,0.0,0.0,0.8590743596050486,1.7430588868922927,1.3211322810387542,1.6411377061707655,1.456483026604301,0.2431882176962777,0.9425624172805463,0.9374300761402569,1.1421070668560247,1.3746843215221334
1.0861787598741421,0.7462523099547576,0.17968324769370686,0.33085328771165917,0.5265707043326756,0.0,0.0,0.0,0.0,0.0,1.1752344216768702,0.6712094915790014,1.3958381749596929,1.44064389254295,1.5509960374658587,1.3917967092977785,2.397501839121041,1.404835296918202,0.7533153612370037,0.7950242134476309
1.1049348488340514,0.23285881772860426,0.7872155176327299,0.6438157821420799,1.2264194930537424,0.0,0.0,0.0,0.0,0.0,1.3283963104487586,1.905112971508268,1.241174985015327,1.826219001093281,1.4467480243626754,1.2433596217091665,0.9435809903097667,0.7015438740748474,1.1372028083871781,1.4426650434374164
7.391359819042046,2.1800389331571517,1.0632495106272264,1.2927097112912809,1.583774340627205,0.0,0.0,0.0,0.0,0.0,1.111908270039236,1.4387815198144702,1.7368121902409956,1.4875210017847862,1.6737964225746331,1.0326217442004417,0.9915723947999474,0.9837564284962592,1.0267219225761817,1.0864469915855874
1.8381855039308168,0.7275303954340423,0.36697825412296436,0.21599349029843648,0.6347510769983564,0.0,0.0,0.0,0.0,0.0,1.3444368662896644,1.236824278238939,1.850297815392747,1.449690554952523,1.558097631385675,1.2129461113648399,1.411457554480504,1.0544555372513709,0.8562647267166036,0.6835026150549082
1.8423586576529303,0.5701809796101662,0.62872381967885,0.8571246558430122,0.762150168326008,0.0,0.0,0.0,0.0,0.0,1.400427746036669,0.8110907022077167,2.0146607507214616,1.6954526352133847,1.2102960401068708,1.2984686934155254,1.5957330536103356,1.024579910350288,1.1476214697020843,1.182931581700306
0.4946378777285158,0.48450919301218687,0.6149551945897029,0.2788963936558733,0.09450712690542984,0.0,0.0,0.0,0.0,0.0,1.3998900607633187,1.0742335337033313,0.8585091477988475,1.329861849904297,1.7844657455170578,0.5429030689342551,1.1553325371997136,2.040288725894544,1.2590973453051504,0.8548489193160482
1.7411735762240785,0.38758239707286724,0.6414207390292029,0.42168615576752294,0.6307158939299288,0.0,0.0,0.0,0.0,0.0,0.8731504418030323,0.8081674360114554,1.6084375285427661,1.0425294417185322,1.289425741083087,1.7793771721063978,1.56348558949835,1.1553948683497821,1.5064853574894805,0.6378630391964699
0.7600903938650194,0.45989455578540656,0.23235162734079165,0.2722368766095299,0.19913885745706977,0.0,0.0,0.0,0.0,0.0,1.035471045469606,0.6545397307535675,1.5819301589370387,1.3028241428756249,0.9884229848915568,1.6383942804367433,2.8521616126811833,1.2939570485135619,1.0777591412001213,0.3788849740105984
13.978729260464977,2.2808993563647553,6.968870064482512,5.060269198847071,8.499297331974207,0.0,0.0,0.0,0.0,0.0,1.44500649994054,1.028335488352698,1.945734468119624,1.4210005543889832,1.345943825160883,1.2737635987209919,1.5739320557224792,0.9936796390917656,1.0214310512493052,0.43166520126220775
0.44111620873864277,0.2773328444485978,0.25304243627330086,0.11252511010974653,0.5955083114914743,0.0,0.0,0.0,0.0,0.0,1.8560704922714977,1.8801848746282654,1.0348405398435776,1.2566447016746172,1.3839607102312805,1.100507312675275,1.0789580490851653,1.9131851273522111,0.5548248196365452,1.1602165663238682
1.7955427525481091,0.7330122391142229,0.3508355864370091,0.1510289887210982,0.44507433382021067,0.0,0.0,0.0,0.0,0.0,0.9731864874086117,1.351185709157582,1.5480015219956984,1.504982088752509,1.4570390506583883,1.637169899030954,1.210099532194691,0.8302422057748587,1.0310691859422503,1.0946722980366408
15.523952669930315,1.8846461891233885,9.505449329695583,4.960925357040099,10.799968683385334,0.0,0.0,0.0,0.0,0.0,1.6689731175655447,1.5007447425751579,1.9864878542212165,1.615450380913213,1.3528301898675255,1.1392693299703935,0.8583035769087564,0.9690550815379121,1.1537090702732375,0.7853580041524688
1.181947454934258,0.3420791496157473,0.7172108719687061,0.7114142879313105,0.5255043475012011,0.0,0.0,0.0,0.0,0.0,1.813499104033428,1.3707130672598826,1.9133289542447627,1.7463594611949915,1.5197459291243407,1.0425590858220444,0.21528204666941608,1.0231211486285343,1.1797880664308493,1.0314210442043565
0.16879534941321211,0.15287878896045795,0.1540206700274646,0.11235495763165,0.12215933069880729,0.0,0.0,0.0,0.0,0.0,1.153182226640562,0.7077713404804782,0.9553362526853046,0.9666600494282748,1.335592066839964,1.554930642630213,2.4975872993818986,1.7250206207494125,1.2973856559267385,0.08615394823070581
14.032810845666896,2.855848226764185,4.661683085633118,8.460806672462663,7.840235136544708,0.0,0.0,0.0,0.0,0.0,1.563393569570605,1.0651491137959792,2.026344117991562,1.5734370017025339,1.3242935945007293,1.1759198239827227,0.6273055303265244,1.0062203237207508,1.1295518131411555,0.6772818014661944
3.0927819436594404,1.5512254854470466,2.310390558491081,0.9454209346509579,2.948868261439932,0.0,0.0,0.0,0.0,0.0,1.2997851412678127,1.9479349454003256,1.0578310371136654,2.0253743620143245,1.1085939943723846,1.0062247586198838,0.9402772412920669,0.87600035358283,1.0232052121832393,1.8632951260331707
0.9322977501844509,0.33161925227428773,0.23385562832561568,0.12753837771814627,0.38940063440258116,0.0,0.0,0.0,0.0,0.0,1.4231611314421462,1.060282485531119,2.0245381103995173,1.5892128920386273,1.169906754416518,1.225394616292881,1.1760020938139122,0.9526187040380918,1.161376253543761,1.1826844217146937
1.8142055026551283,1.9026083217351992,2.4485943104897734,1.313328184601073,0.7077355069446516,0.0,0.0,0.0,0.0,0.0,1.4623240929258938,1.2131497739399024,1.1918952961470428,1.4083584026196532,1.6046476952605715,0.9759658573053905,1.0429327133926845,1.3423038887575751,1.0709400787932726,0.8321289908774124
0.34494931384120603,0.23387238498362536,0.7166239702955328,0.1234099508145938,0.4193188113284384,0.0,0.0,0.0,0.0,0.0,1.5170175519791393,1.3587603428091788,1.6344841045881178,1.6935821779547422,2.01702947840976,1.180133586823751,1.078480843141615,1.1927830715093768,1.0425238687707716,1.042168687077771
10.256666442821183,10.864349334352442,11.177503546348266,7.041162020385104,5.354833462653647,0.0,0.0,0.0,0.0,0.0,1.023522348989767,0.868263066607045,0.8729002490943015,1.1935002399249592,1.2736244086894761,0.999541865560379,0.990498369544378,1.4645077213686912,1.019254860268738,0.976659846276605
6.861640876777608,8.032458844865955,8.463780370029133,6.423651647714853,5.086006307091457,0.0,0.0,0.0,0.0,0.0,1.1172365062730678,0.8947994736178937,0.9831875404245015,1.1804485456064298,1.2189854164814602,1.0399743351648794,1.07517536750488,1.1601565665996696,1.0056331222853203,1.1016107061945757
4.597841605897573,3.3910601816361763,2.108197968673508,1.6749225347695262,0.8289132189886225,0.0,0.0,0.0,0.0,0.0,1.544304050972567,1.6532931754512863,1.7446500868798558,1.8501328387897824,1.8406085025881094,0.8044545547647692,0.8615721631029412,0.9485543453551524,1.035807601067828,1.0609852765185974
18.2329970299876,19.986891079244153,19.934415637406158,16.506436360711042,14.736710851608887,0.0,0.0,0.0,0.0,0.0,0.801748306473943,0.784448094806997,0.8622368915647513,1.007800614904821,1.1628794585550315,1.2320524141144449,0.8904123162217641,0.8887266811928634,0.9319209563759927,0.9219798554032638
18.23084826797052,17.968911782266865,16.78323975156751,12.980758021968816,11.84800311494649,0.0,0.0,0.0,0.0,0.0,0.8713312950572063,0.8074848581092837,0.8310194511899867,1.0748205611562667,1.1807651170495361,0.783673028336332,0.9257191974144208,1.2676698126865849,1.075020749536072,1.037085995027458
7.7923048715503,9.401455633823295,10.150599680913448,7.7255048724301405,6.507355025090499,0.0,0.0,0.0,0.0,0.0,1.1608432025738615,0.9559156548290753,0.9018129918077677,1.1143606153419232,1.127049368525002,0.933137097710155,1.1657021454436653,1.2004832503640535,0.7673206777550017,0.921692822828815
9.45364256883829,10.955356819818778,10.167344060449606,7.756773587419498,7.449277691003635,0.0,0.0,0.0,0.0,0.0,0.9157722870368796,0.8215791039778203,0.8750876246711978,1.0919147343789368,1.190165794628455,1.0740232162596386,0.8240939558135301,1.0864528876513404,1.0954831926515314,0.9934081838148072
9.947855065729662,8.521154334195774,8.147665808713068,6.917106218326104,4.9022640426870705,0.0,0.0,0.0,0.0,0.0,1.1714124684199059,1.2333501849746962,1.064409015845072,0.9664793815642524,0.9808260198659492,1.0333012534278947,0.9319388295919007,1.2172050175373732,1.231166804048739,0.6518562118141173
3.5005936608286157,5.2252930087044165,5.151528575434503,3.8745135164926396,3.408912055210221,0.0,0.0,0.0,0.0,0.0,1.137332139677571,0.9378755166807332,0.850226142672446,1.1610511815849605,1.1625882485625765,0.9683222933512302,1.0896120158643148,1.2156456935064246,1.1885791270518598,0.8855598093066618
1.3322229647733206,2.1781387954178784,2.2292063164394174,2.0488538273825103,2.0444206609846605,0.0,0.0,0.0,0.0,0.0,1.1224052237490323,0.9509302396648932,0.8766049172860291,1.1459785454532307,1.1800642207258005,0.913916316911618,1.168134097873386,1.290440404911555,1.1733802206417698,0.8479578942019154
5.571282702153452,6.197988699867923,6.179309189179084,4.71867604391554,4.339255459758864,0.0,0.0,0.0,0.0,0.0,1.0357703647740717,0.8948302296435005,0.9089844543458775,1.1419674446912185,1.273445356407793,0.8183719994799479,0.9749526838726557,1.2967312915350375,1.1280301303472262,0.9875390299043345
51.25292880612422,61.59238625583426,56.71865073954194,39.481818930601136,33.69581647007216,0.0,0.0,0.0,0.0,0.0,1.2397202307834123,0.9685831205937079,0.9505971374631373,1.2412755076171855,1.102481118633769,0.7492342791745592,1.2738404801622205,1.2686058302650316,0.7793985080993939,1.025514836785764
33.792379682983764,39.81736289341649,37.807781505774,29.157616445617577,27.625740923309102,0.0,0.0,0.0,0.0,0.0,1.13406091675848,0.9219223304062663,0.9264723157902334,1.1557272105717185,1.0996439349696263,0.9865059470464931,1.3596717413372976,1.2623690758437067,0.7014356801969444,0.7661698881628224
3.264247873050793,3.921332696904261,4.038406909908126,2.6277642855943997,2.503641795931743,0.0,0.0,0.0,0.0,0.0,1.0436932284001832,0.7430542829539273,0.9369171949569415,1.0499624495035715,1.3090597665810628,1.417850914595918,0.40129479208498614,1.0550358321752562,1.2016981309439205,1.1801305367110702
10.51933998233733,9.70378438711057,9.453662226303345,7.588427563215509,5.961899173144939,0.0,0.0,0.0,0.0,0.0,1.0184058940203642,1.0635714765193296,1.0076846575319363,1.1116096075511808,1.2091218834200683,0.9680077663136457,0.9224721345392672,1.2021249738321946,1.098374441079573,0.9134633322814828
4.174411208277037,4.3604452508404545,5.437388259377485,4.975527698576936,4.002466886161686,0.0,0.0,0.0,0.0,0.0,0.9936438821804344,0.951241492343798,0.8575310713171834,1.042246758502712,1.356900029803564,1.1945801226742778,0.7528419222692336,1.204922807675533,1.1703448533409935,0.873119430025932
1.4900830546863135,2.2314543874874753,2.746411856568778,1.3749345899277996,1.305458672325595,0.0,0.0,0.0,0.0,0.0,1.0553007477246088,0.6291107535301872,0.8635673610471397,1.0845799762082955,1.4727219759628296,1.6081751712718604,0.4673154873383242,1.3479209477806116,0.8155284072454555,1.0088842752682359
6.528006294352574,6.605019415780186,7.0466458097839775,4.779831343351141,3.4281572246760925,0.0,0.0,0.0,0.0,0.0,1.1160560453431376,1.0232822443178862,0.9450004305516556,1.069474545338515,1.258411962535415,1.0914554995070016,0.7684755468988121,1.2801875741697804,1.2217923879101946,1.0322367577830993
0.4472121433942585,0.4128765066859332,0.20421891331052655,0.12065169327671058,0.24638607424060455,0.0,0.0,0.0,0.0,0.0,1.4281969313734462,1.1903203541857725,1.3671265271273036,1.4884209343521335,0.39753913990550727,0.6145256485591843,1.2837291822276322,1.1003896963881417,0.8220733415548417,4.032754957880919
2.880055340347683,2.4951703398599197,2.191014219459425,1.4130702589874553,0.9502037324628226,0.0,0.0,0.0,0.0,0.0,1.270150214920762,1.0877665609674723,1.0352114882721508,1.1147049685486983,0.9510849974151282,0.8942826500210002,0.8775383561488519,1.3712660538639327,1.494835035802851,1.6907045354117898
2.9553977333205914,4.139880442296993,4.748052705187985,2.3470207064593454,1.4778170742882997,0.0,0.0,0.0,0.0,0.0,1.248615533677546,0.7198070717744792,0.9094853952692232,1.2385872532765871,1.3486682168604163,1.0729444305494382,1.2943392226267771,1.5047094181291876,0.8794753074543971,1.075302661274055
11.528740682538096,17.42137850519678,17.01040997779038,7.704630990267487,4.897210088111096,0.0,0.0,0.0,0.0,0.0,1.249002259432777,0.5822150653943875,0.7072055349203035,1.437277161539861,1.327146421808768,0.8977462891532814,1.841053961587191,1.933983388680106,0.7352452175968927,1.1003202024287417
2.2006963859550073,1.9760322328232696,1.9468379217896394,1.895843430063915,1.6851207081409796,0.0,0.0,0.0,0.0,0.0,1.1576541165381615,1.2242149211064897,1.1330640529924076,1.044395214305185,1.0345560590075706,1.13941411984164,0.9699536855041156,1.036979494402468,1.0711827948925328,0.8461641659780099
3.2538327681257635,4.032502138877894,4.025336653527715,2.9136177722939145,2.603720103434319,0.0,0.0,0.0,0.0,0.0,1.014658311965263,0.8207184328317134,0.8875967525058268,1.0983269805795777,1.1531022082014544,0.9648577746450546,1.2419783128148842,1.2756768561832683,0.9003332040296126,1.016718280789205
38.3913304683204,37.2378608029401,40.00771796242125,23.172354323995968,15.455691176309966,0.0,0.0,0.0,0.0,0.0,1.243197661920562,1.2046215529750617,0.966530794767309,1.042115978375648,1.1762593757380742,1.0346004094567112,0.8991834802450946,1.4283838872980341,1.082220638432143,0.9081649544435866
3.315279665478422,3.6021448037064916,4.226862783023781,3.194465637632978,2.791527093045663,0.0,0.0,0.0,0.0,0.0,0.6512734236596773,0.7551906682165291,0.7348915227414858,0.9980394938919475,1.2856358521211833,1.6417057006370426,0.6503028867691777,1.0146428976905906,0.8101446995658914,0.8683059218739334
0.10205696438508113,0.07643222082270701,0.06486276129316966,0.04455653031429629,0.10707409546734685,0.0,0.0,0.0,0.0,0.0,1.6154287938689025,1.3964396899847524,1.3921113893881931,0.8504810232117478,0.6581296123778507,0.8413568952595812,0.986477668056735,0.7433663409652862,1.461102925125083,2.597697235688192
26.895842699333222,27.774625185285267,26.72989728727498,18.019315654251887,14.979018131241057,0.0,0.0,0.0,0.0,0.0,0.9979832856319015,0.808321251614338,0.8383982460578238,1.1041732741378374,1.1660694354656322,1.0675287886867297,0.8716987349677475,1.3206976764151288,1.1459996329789406,1.1916299772002543
22.51877374079694,23.86696136037394,26.426349544460372,18.195213687145916,13.074319684190488,0.0,0.0,0.0,0.0,0.0,1.2649073029408924,1.1317949077612264,0.9725962485378087,1.0299331168512438,1.1031027804901978,1.0141484218487304,1.0020996764951977,1.2294107004688681,0.9024943030451777,0.9890234310267543
11.648557552483812,11.053919352724263,13.367747039439399,9.900499853346242,6.904270234286955,0.0,0.0,0.0,0.0,0.0,1.1719080530743498,0.9373593186708334,0.9437187062454074,0.9561442919787627,1.4031359687516598,1.4227878999575414,0.11536139138329267,1.3326435449898217,1.6588558890039982,1.0828501964111772
1.4173251117950543,2.999448510585565,3.492837999259438,2.771873672917246,2.63490674909676,0.0,0.0,0.0,0.0,0.0,0.9088044950136,0.36907982953521173,0.8131578847664315,1.1505909746412446,1.3281175167797457,1.9250614265860222,1.6990183917093884,1.0289021924256188,0.5820287365971729,0.940574471274669
0.22564459992751393,0.05139914084001607,0.3340270390048681,0.1385362033630679,0.3386165254441539,0.0,0.0,0.0,0.0,0.0,1.653195114983159,1.3513949644002254,1.3247668607416132,1.352935336306033,1.5951456730146005,1.235377885577101,1.3027052949903726,0.9705391073088866,0.967189660461499,1.1536311292971184
0.0,0.0,0.0,0.0,0.0,0.0,0.0,0.0,0.0,0.0,0.0,0.0,0.0,0.0,0.0,0.0,0.0,0.0,0.0,0.0
1.5415105473109552,1.1433089903188418,0.9662053836312727,2.4403774594971734,1.3452498731652596,0.0,0.0,0.0,0.0,0.0,1.1779673273736349,1.469144198614953,1.883103521273734,1.7191158854116422,1.953371082389027,0.6659955828724355,0.5712132971548146,0.9506852352201692,1.022647184143361,1.010382608568322
1.105158842862327,0.16265705146841486,0.37550153211934933,0.7778068109099632,0.47576140881580453,0.0,0.0,0.0,0.0,0.0,1.8089046590321065,1.5639564744488985,1.8594518600065084,1.8470278040728645,1.8697343345967088,1.1490623804218736,1.1854308861397715,1.12205332831627,1.1154786313135985,0.9810452179722305
3.5751558794044214,3.7649697878760784,3.235967027402161,3.6811471093860098,0.9588556882234199,0.0,0.0,0.0,0.0,0.0,1.7766037302178495,1.7139171315137487,1.7378377725022958,1.7435944587426802,1.8015496271511737,0.9733614097258361,0.8841859886583169,0.9305424276318222,0.9359013278305874,0.916054537100447
0.5212882283421891,0.5173440400036547,0.8501866715208639,1.2277235559459423,0.5129164409824056,0.0,0.0,0.0,0.0,0.0,1.4029946546694567,1.5237158780008244,1.738367990222278,1.7314522147157192,1.9628747406262477,0.5710855778047039,0.987109247550049,1.0556555484492247,1.0414533687772407,1.0106836069292022
0.6885444027038805,0.4719810761088727,0.2944741337824112,1.3683514552371627,0.11293427464088834,0.0,0.0,0.0,0.0,0.0,1.7673439476915123,1.1016871742266112,1.8270832113660511,1.213875868086932,1.5748709340361227,1.145512331588925,0.6395171771385442,1.1123272355471776,1.2694010100020368,1.30093923140605
1.1243217146436448,0.6433903241034173,0.4029374148462919,1.7108420844753038,0.5724194598365369,0.0,0.0,0.0,0.0,0.0,1.3066856965883484,1.8394485670850855,1.512946547694338,1.8064277219540268,1.1239799636666887,0.5063651114077037,0.9668049304454545,0.9950415529666004,1.0996860908738955,1.7247023713327718
0.4872192094446247,0.738032939590719,0.5669233975478525,0.6567676838496935,0.23688267000316127,0.0,0.0,0.0,0.0,0.0,1.7283535007243704,1.608925744853432,1.7914359687836738,1.8350304628191185,1.3698214938984898,0.9506275130497676,1.0363919279665925,1.0855456148734373,1.0823719042860631,1.3567975474749843
1.0147706977134168,0.42527473802104393,0.5902323715988931,1.5026040150814586,1.005065736753912,0.0,0.0,0.0,0.0,0.0,1.489928610335151,1.4314663527362976,2.0408536167080293,1.8411807302876575,1.9298102765361556,1.0892756244510517,0.5459906390788172,0.9823494153931847,1.0670848878325845,1.0303176105013365
2.1623088710194724,1.2117339033703243,1.903936192972219,1.4777156128995417,0.48685949991598054,0.0,0.0,0.0,0.0,0.0,1.739038975494117,1.933144921716535,1.687851231784407,1.3125345432812066,1.5917050234958448,0.9848305384063808,0.9364150831446215,0.9455349636202021,0.9205046627510478,0.9745986105618667
0.37655455190903775,0.47330347167423314,0.6518971841878451,0.9017162332383337,0.2692075081079403,0.0,0.0,0.0,0.0,0.0,1.4557998293961445,1.6955984013464251,1.6361527165097365,1.8882097832134106,1.8830540977963837,1.1314595029486394,0.9545392096237294,1.0750548157743682,0.9765695574774639,0.9442848464572866
0.28705036557923524,0.1627990908113947,0.17797515150693644,0.35314522220508565,0.1659386250285132,0.0,0.0,0.0,0.0,0.0,1.459617561388325,1.475464958057317,2.0397239566360756,1.7867962438942993,1.897162858501237,1.0994348967919971,0.5698082780250957,0.9832125535998805,1.0881985977993591,1.0020087445205665
0.6272458405920495,0.140217245414538,0.28845365910271725,0.875803617481169,0.7848294991473782,0.0,0.0,0.0,0.0,0.0,1.8648354283173922,1.4400212020920926,2.075613620490761,1.8995882500372467,1.9213697877595786,1.1300046415482128,0.8758411179938256,0.996402097802947,1.0620272657772825,0.9636429895333297
0.8811224184633097,0.9850088486728776,0.9670465159262076,0.8159634647409824,0.21062614936739363,0.0,0.0,0.0,0.0,0.0,1.6041594832104777,1.113987459306931,1.1667962666681426,1.4605778534179332,1.6423457728038653,1.1499256496682309,1.3338778018155637,0.5661825273401814,1.0833794302646418,1.1944005210675144
0.13709443359966583,0.29919146864993085,0.3828833528865639,0.14042458064233665,0.24360808714327273,0.0,0.0,0.0,0.0,0.0,1.561595137422546,0.831834648773665,0.7717689879020384,1.363635662906415,1.518253958365922,0.8431425719157915,2.3743873562416993,2.553532815256713,0.37740758422787907,0.8747496433997269
4.785463254536894,2.526874768342372,2.437868903468036,3.5202362715750697,1.647646044635545,0.0,0.0,0.0,0.0,0.0,1.8337807265343262,1.7735158663153048,1.2736699253169197,1.3798051060920429,1.5462025193405295,1.1203208726584957,0.9893695082343837,0.8147739320940911,0.3954637177018205,1.1340187819661502
0.6119810922500186,0.4422817896780444,0.60775559558061,0.5498914171999957,0.1586511191466508,0.0,0.0,0.0,0.0,0.0,1.775289833130223,1.8951961524950427,1.6702180645598352,1.5350140059897208,1.7867735605902084,0.9580603333065772,0.9261289319800526,0.9855971843636732,1.0252697608152932,0.9047524255493925
0.27422883860494235,0.06393510353709506,0.10681826616176829,0.19617761712163723,0.20708400840426738,0.0,0.0,0.0,0.0,0.0,1.9774713938941477,1.7095917346138874,1.8249645366733578,1.4877897892338285,1.4346051900309378,1.0616571927075602,0.966594170028045,1.0597105904087194,1.1416025884302605,1.2596137699265237
0.12496007709087971,0.11821677089965554,0.09426492492870417,0.08755778454285087,0.17637833746945142,0.0,0.0,0.0,0.0,0.0,1.3617197078458976,1.6155759090061983,1.4027986762467481,1.843260258046881,1.0271917986933272,0.5895225083731626,0.8594894268448289,0.8457185386642031,0.9479830728057687,1.5325129875614296
0.6280107292373136,0.26634910776900317,0.021272162789103172,0.24457526532987334,0.629303546719102,0.0,0.0,0.0,0.0,0.0,1.781066153762424,1.539751142299624,0.2173330985281819,1.6258206918240543,1.8475459987968028,1.1335787741402334,1.180358653880438,2.6730452087036047,1.1162157784509732,1.1083811648975417
0.5008594013262802,0.4055115268580406,0.5387283934760773,0.39049860274132886,0.12063062914256376,0.0,0.0,0.0,0.0,0.0,1.521705294875756,1.6812623389484462,1.6379773540818285,1.5770110688649766,2.071401424295313,0.9227798127100006,1.0159679706627955,1.0631999561163024,1.2023043713108295,1.0140142370702003
0.21295547748792282,0.07065075762946527,0.2541149900900471,0.5886941735142532,0.533489036910068,0.0,0.0,0.0,0.0,0.0,1.601625386348729,1.7088226179072077,1.556463310007919,1.9812357184181866,2.049787228316438,1.105927582140183,1.1047086341418566,1.1860875096063555,1.0530102948513889,1.012799281109604
0.20052548856689906,0.03262965743192882,0.17427335160147153,0.16969997209361562,0.16727180108643908,0.0,0.0,0.0,0.0,0.0,1.6454547041553336,0.48633930508253415,1.4853481583806785,2.015198426703158,1.7849329733947132,1.1374083620066515,4.116791326912929,1.2146197434131016,1.025444337342431,0.9645451701217246
2.1971932441450015,2.8344594783928914,1.305341344913062,1.410857564959768,0.9341330872683095,0.0,0.0,0.0,0.0,0.0,1.9266499303022826,1.6935153331016861,1.8461698030200193,1.7408212424922034,1.5663632138668757,0.9755084597071887,1.0559768028328729,0.9762533221791451,0.9332248951623074,1.0684936839157924
1.8712101571368607,0.6995002618542568,1.002711768131075,1.6878706197433673,1.8384207245087407,0.0,0.0,0.0,0.0,0.0,1.6574784365934663,1.2742381379019299,1.980149630600544,1.8153021016496491,1.7213850430999944,1.1219272324267606,0.2352072392442082,1.02252434120766,1.0748797699596182,1.0113292203868829
1.0284661629468246,0.767330025234822,0.6836255037610426,0.43032247307915233,0.6646901285045661,0.0,0.0,0.0,0.0,0.0,1.8474110330514084,1.9667379388292987,1.8697460062336084,1.6306369395058513,1.7277529255464532,0.9703037619413185,0.9315443360250522,0.8964073196648646,0.9000395145652703,0.9722992024703203
0.15512170266462372,0.03325574091553736,0.02682947371513858,0.13007420812355014,0.2014301463544681,0.0,0.0,0.0,0.0,0.0,1.6792357494463839,1.7209396200997658,1.5399718747325202,1.6764417998523955,1.9848077849740084,1.125976734467321,1.2200809157562338,0.9723117002661709,1.1680664671869985,1.050975855267954
0.5367545017315553,0.15660602225728854,0.24018732355805444,0.4747644107589445,0.24906766043664272,0.0,0.0,0.0,0.0,0.0,2.0212842244093085,1.8871003584903254,1.492889201694138,1.62519793371643,1.7931155575284778,1.0183338914466173,0.9587914285997675,1.076261004694248,1.1665511645364792,1.1344219612674058
0.539436616138365,0.12432386731001463,0.1679883743226223,0.2592248119201884,0.13871904047470587,0.0,0.0,0.0,0.0,0.0,0.6430045868784754,1.4510858624886993,1.7849699080628865,0.29209037896327655,1.5959074928430896,2.4669741067697553,1.2035659625538604,1.1311115724515128,6.37456286775467,1.2148910609583508
1.2466514330642273,0.3892083544973331,0.20257091764385465,0.7645745451998607,0.5275243374762271,0.0,0.0,0.0,0.0,0.0,1.113115859286179,1.5609382945125623,1.599856416069448,1.4603402892222201,1.0369760814131497,0.5100595200550664,1.0107638795200249,1.1042172300973423,1.4049584712978005,1.8531105012706466
0.373502445158303,0.4126595640163201,0.3819993133798878,0.18725362093402684,0.06940002757483463,0.0,0.0,0.0,0.0,0.0,0.817992751089259,0.7552564902275106,0.7682684133486813,0.903220264385589,1.450972998870954,2.37091131637648,2.2609137071273815,1.6398334774634367,0.566186317387295,1.044784273455079
0.20228193592333707,0.13280179072959647,0.027068032811746058,0.029261309762170302,0.1342732063053061,0.0,0.0,0.0,0.0,0.0,1.3914771351395017,1.304494062721978,1.492071692431196,0.9451199031286018,0.8262615471449323,0.6330059225263517,1.1750817716853825,0.9491442995452495,1.7994174515225816,1.5988286271728163
0.5511928239214783,0.5688872678469787,0.42325045936342365,0.5312942388402189,0.2158488260603766,0.0,0.0,0.0,0.0,0.0,1.6011164446883885,1.6170792726417917,1.9689833864068347,1.824928465041098,1.8932615138549276,0.8509845770535353,0.8505894582782878,0.9741435346266343,1.0570433583473051,1.058966106505117
3.3731031434011656,3.2316287185079373,2.4363384909004795,1.1585300601549302,1.907100735311691,0.0,0.0,0.0,0.0,0.0,1.674966979013737,1.3719139570879566,1.3400369347707648,1.4475414230364174,1.4129268780519846,0.8604988825717512,1.184423699496329,1.019850208970277,0.9202927941141684,1.3554490891970512
5.447254592108687,5.187204618384382,3.535479352179557,2.369098901300129,2.8206433573118024,0.0,0.0,0.0,0.0,0.0,1.7107752231387783,1.5222130927376836,1.478483696289547,1.3488813155895112,0.8206262650383801,0.897083908529616,1.0709569642546395,0.9553836399592309,0.7422146212358725,1.9012746101382665
2.3768717403337094,1.5101804392009102,1.0082764806271207,0.29263268429405176,0.617396478441359,0.0,0.0,0.0,0.0,0.0,1.65442163923032,1.650305049770451,1.6671531629268397,1.5474242009967125,1.310042944067324,0.8783714875460339,0.9789506424828842,0.9242696766266776,0.7933188776651404,1.3175765890478603
7.078076031622548,6.0985182114383605,4.30340178589756,2.480420611296669,1.7870573087998967,0.0,0.0,0.0,0.0,0.0,1.7461521357800158,1.6550611735993142,1.507220716588968,1.3753537881626028,1.037997360043253,0.8958234381563509,0.9584907052790207,0.9817927874662797,0.8700069301876434,0.13636514248334727
9.451656693403201,8.323779480660189,5.727996458958069,3.272151700424444,3.9406712294541224,0.0,0.0,0.0,0.0,0.0,1.7478044110977105,1.611722589302876,1.5456719889944657,1.423483704563562,1.0712498918379645,0.8820357420849895,1.032017786740871,0.9629146451186813,0.8239956057479605,1.689354965867356
34.10673100509422,29.612041287674174,21.545038302005707,15.170972403430346,13.007540846834198,0.0,0.0,0.0,0.0,0.0,1.7993279568846303,1.7297164983852393,1.4886280746500913,1.4092747040402553,1.3450814221906895,0.9276281393890061,0.9558799221004424,0.9657080018267654,0.9934128861194917,1.2664014611367522
0.5047299082640004,0.4192662319218101,0.3930035277302591,0.38103590306508933,0.3271381418596997,0.0,0.0,0.0,0.0,0.0,1.7987225353687801,1.6903319029527717,1.4599351635188162,1.1980292649794284,0.9534881714172161,0.9929938314964004,0.9178000598196776,0.7883070169230966,0.7854077761469813,1.2370775476481235
0.7596617101249261,0.44577202567855645,0.6928799035706648,0.6900004945191707,1.3179141174918387,0.0,0.0,0.0,0.0,0.0,1.4547515560712714,1.836089534709753,1.7204285803628547,1.827628471560244,1.9048615684475037,1.1309940247509667,1.0023358409943008,0.9673105377018899,1.0935358028546274,0.9864383021258437
1.4243527866928085,1.0973343616921993,0.814286273091852,0.5484112112859847,0.37651298967880964,0.0,0.0,0.0,0.0,0.0,1.6308401608706,1.6770690682272433,1.6448020783736252,1.455735930103914,1.4755740081190691,0.8002894160514932,0.9001446153918818,0.9978936567764984,1.3276685113310156,1.2161458577455824
1.2490539759167354,0.8616984732530412,0.4255260516854604,0.2080950501162338,0.3685366477699851,0.0,0.0,0.0,0.0,0.0,1.6673702440551483,1.699745564058766,1.7484603914112267,1.6705840168643018,0.49181047784057613,0.873704211226898,0.9701937779259827,0.8854533098843522,0.7853449402601295,1.38455983474061
0.665395947806808,0.4914729248577198,1.0780893752920615,0.29329245286588257,0.8154936089778945,0.0,0.0,0.0,0.0,0.0,1.7159559701714902,1.3574433552302747,1.5816604111512231,0.7378512550752178,1.7605830953210804,1.0262043354414243,0.829108188740729,0.9753244649370747,2.1959276029353485,0.9535414041460615
1.1421333319274352,2.0688390349660866,1.8555014984333806,1.7002241000759184,2.0131296463200092,0.0,0.0,0.0,0.0,0.0,1.265809051523354,1.0505039333980426,1.2637278294956953,1.6308737282332324,1.61647945587106,0.7876027358349343,1.3325088565888976,1.2185171291538706,0.8937755163297864,0.83081433662923
0.4392471002173367,0.1709150095797155,0.0638790413210713,0.5700953028707543,0.153588197312495,0.0,0.0,0.0,0.0,0.0,0.8134293714431585,1.3149754282765977,1.7328873302376862,1.2306126346069617,2.0709734722984705,2.2498524291816295,0.4199972299820795,1.0038480428444216,1.2623034636240178,0.960394889314234
2.6947901786144444,1.667928779128831,2.0366904861405115,2.909778008668759,2.018581511904979,0.0,0.0,0.0,0.0,0.0,1.7536386552724674,1.2922432768559529,1.698481807420726,1.5595266071844969,1.3852588196895894,1.050932170423008,0.6082869530255212,1.1300138643916373,1.0787220602092815,0.9689180713976342
0.27121194217701633,0.370189715405973,0.2431089324986357,0.037600906316498796,1.2940083463309862,0.0,0.0,0.0,0.0,0.0,1.679968486156606,1.7439942582829415,1.422572205512126,1.8280891187603483,1.479562627058465,0.9581621235838302,0.9182575086148363,1.1632925907178495,0.9353204623061083,1.2202769923123833
0.5405279644569965,0.4324171581090974,0.4869123078305173,0.4643041082773398,0.462592859148706,0.0,0.0,0.0,0.0,0.0,1.3503702467860967,1.4850059294013325,1.1845699856022298,1.016721003190648,1.1903876681846868,1.2572280263362337,1.0713337617171708,1.3137792620544768,0.9523577112848857,0.7283195417294036
0.3994904713798582,0.20120686604632607,0.13366300875486462,0.17535168824470085,0.3654801228267138,0.0,0.0,0.0,0.0,0.0,1.8223610902240281,1.2158094585885757,1.4246425836458145,2.0315360780979175,1.8149227630456093,1.135156748525771,1.6333878637888186,1.1552046168762313,1.0196677015585167,1.0487275695301117
1.100930015658173,0.4488944326860274,0.7671891643734323,0.8112022727564876,1.1241614309344212,0.0,0.0,0.0,0.0,0.0,1.3010916495834794,1.626632077767718,1.7438563687146216,1.0811295136168242,1.4711689695380343,1.2291902160410664,0.9946301750469483,1.0237488615293437,0.4827918958849488,1.0743440633162218
0.9191295473455241,0.6072251231876126,0.7230595779318796,0.5414985061576567,0.5372490251889506,0.0,0.0,0.0,0.0,0.0,1.9267482495785055,1.6963669232641279,1.4564935742096987,1.0182972283490286,1.2555394284825547,0.9431907712012297,1.0097661544665981,1.1286995531002262,1.3938066094574941,0.5024445672342679
0.3438170613659427,0.2663390548120033,0.12197253269338129,0.13581457211841802,0.04643822094931397,0.0,0.0,0.0,0.0,0.0,1.8829685997775218,1.4155518447979931,1.3724531644768863,1.150752657370053,0.8796376955763916,1.017417884064034,1.0841750264589634,0.604839324250749,1.686598606391375,2.3615660598700297
1.4061195362843821,0.790274901365765,0.8569562280581599,0.1874619396227698,0.6087379046906938,0.0,0.0,0.0,0.0,0.0,1.5938553975233787,1.4848392831683062,1.757984426185452,1.7874794137035757,1.0914117766101505,0.9043645913022106,1.0578971296071653,1.047953935227492,1.0778695659730817,1.398317142649858
0.517015993612254,0.36021590454316593,0.29472342809362834,0.33510834649926463,0.3378424043297883,0.0,0.0,0.0,0.0,0.0,0.9896346535756966,1.156186833328312,1.4818952437631794,1.6495454903438866,1.3467685801646794,0.47198446405418176,1.297822592436644,1.039444176020688,0.958617588844545,1.1912170325126634
0.5919074093626866,0.6061477637861945,0.22183543108399925,0.9360366394282096,0.6124708426524993,0.0,0.0,0.0,0.0,0.0,0.9001198802780358,1.5420311670337574,1.007646777448115,1.2108735329070348,1.3309252353615373,2.0794532835988684,0.8009699410982365,1.349944405841139,1.4596094616885757,0.6113793693133022
1.297023545654469,0.8748942927384332,0.3490622157474646,0.42462661380946554,0.16770581832084275,0.0,0.0,0.0,0.0,0.0,1.3727145163964602,1.0976663383125969,1.4251917224084927,1.0320569615871982,0.6889199660350436,0.5880542996813246,1.571027944272932,1.2215269428333266,1.5000069786633494,2.14530672699592
0.664531610760201,0.7826497626812274,0.055798948451938626,0.8118851975276071,1.3706929667370304,0.0,0.0,0.0,0.0,0.0,1.204183748464537,1.4023799058159467,1.5344265194515012,1.6926351150065813,1.1209109172629579,1.0141894909108493,1.167540998886014,1.0709307926131075,1.0398960851672492,0.4639989426582989
0.8175439359746994,0.42178460244853566,0.027777660151593518,0.3037744471844612,0.7126641203888118,0.0,0.0,0.0,0.0,0.0,1.7708805294986936,1.584723823871992,0.9016822064083552,1.6348127247510744,1.775821094207374,1.0370349873228286,1.1444629562915032,1.324823621178471,1.1091579097741893,1.0450676472589484
0.4302045248324724,0.13123487740290551,0.38536084649255026,0.11296600178654295,0.33537357190558653,0.0,0.0,0.0,0.0,0.0,1.722180106121633,1.729867807441453,1.948444582545846,1.589427731692925,1.7490704348531616,1.0855587482099962,0.9983371486973256,0.9922676862861084,0.9824957842329834,0.8907966112720057
0.5556212056881107,0.8914068505874789,1.0034681926555438,0.8814999254899721,1.0557076122022564,0.0,0.0,0.0,0.0,0.0,1.822567684321402,1.4178822861841673,1.6188596293987916,1.7316289950003851,1.6891431983819654,1.016132165318528,1.177178871977973,1.1051342572544383,0.9309566288250917,0.9680897079861744
4.91447259671213,3.564603533291032,2.743581009797519,1.0733453899072896,1.9887531635611098,0.0,0.0,0.0,0.0,0.0,1.7209908704730243,1.7678441956848783,1.7834774393486683,1.599720272892709,1.5504427953092192,0.9021229336355441,0.9980999551207879,0.9641553260608398,0.8759805619632186,1.2378500301067712
0.1278279231627445,0.07270710853873937,0.07707826027725773,0.05586350157203993,0.18096006135923473,0.0,0.0,0.0,0.0,0.0,2.058382857319905,1.5595539041538988,1.8789929639175693,1.4895016162641617,1.6406905469901296,0.9462426935390482,1.0097026658639532,0.9801234591051844,1.2058421547746014,0.9559103328132257
0.3206917521769372,0.4750668192240724,0.703932657390746,0.4356668633575671,0.4128191689562559,0.0,0.0,0.0,0.0,0.0,1.4370461083439592,1.2254341426762985,1.052074001947248,1.4776313466653368,1.7223210312664303,1.1599850693351104,0.6026614665467135,0.5492354018691769,0.9238234000554016,0.9824900573891152
0.8180544661243025,0.506233234139678,0.4237303466328469,0.35557782877623173,0.309105186359434,0.0,0.0,0.0,0.0,0.0,1.6658022486758284,1.8252111780056117,1.6561137308208982,1.7119337127582026,1.8985557980594094,0.9604066983189109,0.9484838655642606,0.9760958666194247,1.0097571889369674,0.9691534964486669
0.0,0.0,0.0,0.0,0.0,0.0,0.0,0.0,0.0,0.0,0.0,0.0,0.0,0.0,0.0,0.0,0.0,0.0,0.0,0.0
2.1801190950436444,1.0414806585202718,1.567251339625598,1.7751870040762558,0.7762662433057674,0.0,0.0,0.0,0.0,0.0,1.8981390801616238,1.7053448881375675,1.6644639954173577,0.8943484285886878,1.2668920996869126,0.9009924671146047,0.9605218337881115,0.9144897723151991,2.150663040653001,1.2707504462838508
0.6665083133217526,0.6626463996687793,1.5259634490399043,1.1243887755711264,1.4282422198443498,0.0,0.0,0.0,0.0,0.0,0.8746703461178388,1.0506311890214852,0.4335894568540276,1.9284324739820686,0.909453542074457,1.838216274135047,1.7019917973719354,0.45035453096570627,0.9546129169285928,0.41982907003321784
1.6490777020486456,0.7079873538569872,0.7448439360775196,0.599738335224156,0.18917476127062358,0.0,0.0,0.0,0.0,0.0,1.942534265472015,1.359098774723865,1.6772177315192618,0.9042170968173325,1.5689230387221376,0.9970593455064125,0.9237868956505368,0.8489531152307642,1.9304873996187608,1.1782976356747534
0.3925913231153661,0.3948201918455291,0.23700519094741307,0.4682472622783009,0.13986852174005066,0.0,0.0,0.0,0.0,0.0,1.695835834951133,1.131610222892502,1.7971610565839227,0.8983701265377927,0.9018504855603224,0.9848967937063239,0.7148172562144498,0.933143899763796,1.9675327190384237,1.199191923488915
1.147669385563542,0.2558587183102984,0.9707957037621053,0.8699990416511175,0.23403907553584014,0.0,0.0,0.0,0.0,0.0,1.8145318717648977,1.2555028293319785,1.878298953092875,1.45582418978221,0.833241891096742,0.9256584142467317,0.8821775178595536,0.906976619118585,1.361522739107183,1.2909554962380017
0.36720455533974683,0.0392772653779272,0.2280485278141886,0.23945811157768362,0.12479062184542025,0.0,0.0,0.0,0.0,0.0,1.3353529872401053,1.3422516350608251,1.4371788517330812,1.6278945564293543,1.5208407022755897,1.0255369547640365,1.216601569934146,1.205083853831334,1.1630668460162217,0.9258359108030484
0.5876520749021668,0.29848614422810593,0.4668253152814545,0.6588090198250642,0.4163212238588715,0.0,0.0,0.0,0.0,0.0,1.5839742773237395,1.7812063437772465,1.6134272723528251,1.3436408326051053,1.6552951291927784,0.7270416323619444,0.9521301631053765,0.9003246217401114,1.4740401754226677,1.0870391368141568
0.14884649676270365,0.03871371606885484,0.06705934078317552,0.284853369503079,0.11559030099185807,0.0,0.0,0.0,0.0,0.0,0.9011541813655227,1.574531569469796,1.7705324783744576,0.9674750267904259,1.401592331836306,2.052542149170156,0.7985848885982353,1.0286456530453276,1.287875485449225,1.05105586273262
0.38677061664916773,0.19148684364018392,0.05201980055792358,0.1834451727708838,0.2122981044767566,0.0,0.0,0.0,0.0,0.0,1.5091119787312783,1.6941799179979158,1.8812818340465087,0.8582293032990868,1.8637592642397227,1.137907991569248,1.1600345137611872,0.9052119472245593,2.2994626884237155,1.1032640027791296
0.49199720469390584,0.24194696245779443,0.023759411932299825,0.5521601317389644,0.2276110315408643,0.0,0.0,0.0,0.0,0.0,0.9232076854075485,2.0352950223965003,2.0786666104039964,1.7099666868290466,1.443996138358029,1.769797350176205,0.9998764735898094,0.9655115667182035,1.0497114387954287,1.0992094669240702
6.596068946928708,5.6677593960388,4.335510607632896,3.3415182032356037,2.3080248102992074,0.0,0.0,0.0,0.0,0.0,1.7284322064453281,1.777770970101509,1.8442744579442387,1.8379775635702909,1.7973950419621834,0.9162546189790868,0.9122898467096577,0.9116810751574573,0.9199322820458135,0.9500039841009693
0.4427604385592624,0.3178988592970169,0.21918129578120887,0.16733833984793484,0.05509888301442005,0.0,0.0,0.0,0.0,0.0,2.028929521774619,1.3948295480905446,1.5283099257033623,1.4198087491787603,1.0003703907425179,1.008802831042094,1.1248229352500274,1.137489887149955,1.0862691263925477,1.8814829838909508
0.8178234882757955,0.45771905782729494,0.49854234036301753,0.8300283466300072,0.4948504831540056,0.0,0.0,0.0,0.0,0.0,1.7154169879058654,1.7890335151960488,1.6764811616042752,1.329699803305492,1.5241119568478312,0.9342284889648075,0.9331935091187895,0.9365788214336007,1.4257668020406544,1.0770620588337985
0.4311166054989231,0.2804567918882003,0.28326684536446384,0.21683312955682785,0.0947348400344969,0.0,0.0,0.0,0.0,0.0,1.6771673031294578,0.42341399284025216,1.5576698563737559,1.4604965772642333,1.2745329817555868,0.9114410802736395,3.8175231296795116,1.0764934585941026,1.2048732268622055,1.0108498659462741
0.487728202233089,0.08440080950026255,0.34108830742372453,0.4385049619117054,0.054635256280614,0.0,0.0,0.0,0.0,0.0,1.8140711424776572,0.8987766241458987,1.8569626589287718,1.309466534847555,1.6465737179069684,0.9012330863023339,1.2086928008832054,0.9175398316126671,1.4971790172192945,1.230297641678512
1.9743636272605953,1.1434655463288268,0.7857443559212345,0.2765336882242182,0.7580496458456906,0.0,0.0,0.0,0.0,0.0,1.9873656260462862,1.5745043526994762,1.0486161262054363,1.3281789600455116,1.4212563646483902,1.0520248144641091,1.1993096553601839,1.4349007341848188,0.6037061928874067,1.4691435613364459
2.9480633377708925,1.757949230290349,1.845397972303673,1.3189042448715713,1.1122564099849215,0.0,0.0,0.0,0.0,0.0,2.049558847937707,1.520146046654478,1.7041960355817403,0.9486632939660266,1.4982232526669745,0.9581975229429875,1.0531148974361535,0.8802917706064313,1.8869270599435177,1.1019337323723069
0.1917614490315893,0.08952177945062846,0.10843673543575257,0.11011396299288115,0.03508806128519998,0.0,0.0,0.0,0.0,0.0,1.7635723629188054,1.7061840509188537,1.8148837515481528,1.3244082348129167,0.8343604130217056,0.9247356730176916,0.8846093218547333,0.8688389122438744,1.4341782540967207,2.1344117696201708
0.2775346810953455,0.19527911484284677,0.10056807495836204,0.04987035776536329,0.04822878608913121,0.0,0.0,0.0,0.0,0.0,1.3570736853346064,0.9120191952945147,1.264855638191939,1.8492857054771246,1.0059042800593467,0.7946515533887638,1.3656992913610737,1.5229690279892785,1.1351908516332447,1.7800214497787614
0.06433590259845817,0.026704668990664565,0.09428175079103332,0.04835480108421967,0.043792012293366704,0.0,0.0,0.0,0.0,0.0,1.5205336521378687,0.7106407391621813,1.1320268672635507,1.513699737007228,1.7638063277129785,1.1401374477289221,2.2786939119257377,1.5395410608020754,0.6080473104053103,1.0543360866225568
3.8354447733032457,0.600394751872828,3.370892115645438,2.5691325088705894,0.3312796280002022,0.0,0.0,0.0,0.0,0.0,1.6480553113581926,1.393018327062667,1.7887177949095863,0.9745262367442318,1.0366733591072272,0.8683936885265257,1.0355819539084745,0.8915735660693926,1.9113871914649525,1.7217954700815923
0.6023946669149189,0.43007440642906924,0.6316995000199488,0.482879436368376,0.28935978357407116,0.0,0.0,0.0,0.0,0.0,1.9673534558072423,1.4998901229135797,1.6511455332571425,1.42568261553536,1.5500588561049207,0.9289701281098003,1.048655257387729,0.8844447187137701,1.4156494807506452,1.0872961914841848
1.4920702388852356,0.3130841499191794,1.1110054295729899,0.7087144579250539,1.4098358598038834,0.0,0.0,0.0,0.0,0.0,0.9617740069197552,1.7228150097006711,1.5495267342844155,1.6028415390368784,1.4104846177060355,1.0285540423613375,0.9351479900866053,0.9998058287500327,0.9338285590542238,0.5359484236660825
0.46496993224387717,0.0909121392449758,0.3301878744847875,0.25604247910750855,0.028198852227255423,0.0,0.0,0.0,0.0,0.0,1.6688508067995453,1.5363668309290557,1.869824323040956,1.476388713380225,1.403005429135135,0.9183251671544124,1.2103403631974938,0.9663671051998511,1.2286204400434702,1.1771644028156136
0.00801377249848437,0.04768665498513506,0.018911300533467984,0.08264660079445754,0.021403354764269963,0.0,0.0,0.0,0.0,0.0,1.9062821689251341,0.6440314190866964,0.6176198093787725,1.166232032424362,1.527165168156179,1.0234176855223147,1.0781914442118268,3.2418515643428236,0.6205710744196067,1.0099063159941197
0.6968524269852647,0.46654100160435635,0.34976443686796377,0.2512079548591887,0.14699743865401374,0.0,0.0,0.0,0.0,0.0,1.8230494882608932,0.7330567294156188,1.5696331886322819,1.4771439616486273,1.4869169292066968,1.1129558906252144,2.3005776862687175,1.2355938684286156,1.3409385415407806,0.9812072606823902
0.1761570011310299,0.24128426524788787,0.21562532023788564,0.09901859924307507,0.1357937052647425,0.0,0.0,0.0,0.0,0.0,1.769663618158978,1.6659555623466744,1.267599674418947,1.5020804937148795,0.7185131519744766,0.9666333044580285,0.9114919010086563,1.2918385535127455,1.0515116376697244,2.4624725213464513
0.4568498632459009,0.19043890864529145,0.1462618361469962,0.21101792929626972,0.1055784342776576,0.0,0.0,0.0,0.0,0.0,1.3203579517240964,1.0986151835015179,1.8864926627149752,2.1084932891248274,1.2194313344699332,1.0403180584926766,1.5299315141733927,1.0416434285669047,0.9839856031159184,1.4880418051420785
0.8746106505451632,0.12019275905213236,0.04632634956850555,0.2348846849313305,0.483579810730296,0.0,0.0,0.0,0.0,0.0,0.7918089578634839,1.0329132017251403,1.8277108788383234,1.19587076957465,1.1691628883116199,2.0989493835637014,1.5152872088766693,1.004372834810583,1.5716022470901925,1.6599640682533552
1.7406906351596962,1.0875853973490328,1.0663390037230003,0.8880202715241525,0.1310532742997776,0.0,0.0,0.0,0.0,0.0,1.673343675351248,1.683082709601924,1.9323888184854272,1.3739298252650722,1.9810258131256318,1.0717895696359117,1.1037356739055082,1.0873420679401329,0.9792020184002636,0.9817917733861441
0.1372104365672327,0.2251076804902615,0.07145828831844726,0.07657347362532871,0.10439329162567616,0.0,0.0,0.0,0.0,0.0,1.771686363606993,0.8461096674118976,1.4632212373526619,0.5135993303788575,1.6027521651526835,1.1464692593348937,1.7295692783437056,1.1734994446359157,3.2273166499077055,0.8417285252593353
0.21560576994527697,0.13787127380099812,0.07190701217165453,0.10671116398812752,0.10612829290143097,0.0,0.0,0.0,0.0,0.0,1.2948498479019572,1.6775032432826282,1.7180320209938047,1.8263370149508564,0.8446618245881912,0.6380472798650012,0.999551914030818,0.9521976519341179,1.0191072093412241,2.0912873226370174
3.888733093193862,0.9751715780071544,2.153705108982024,2.30724509332786,1.1184946666451974,0.0,0.0,0.0,0.0,0.0,0.6211232423977469,1.0163660340615186,1.3937436460055506,1.55324136060742,0.4096336061827068,2.8867283307552083,1.5994962291659525,0.5383895275551837,0.7332881517091391,3.923290897113118
6.317068596487234,4.013684760270482,1.7271859752387244,3.0928098101342134,2.876443967107955,0.0,0.0,0.0,0.0,0.0,1.5387575001486988,1.7092078839930223,1.8602323599634796,0.8108872046596854,1.4600402661119645,0.9156717788933565,0.8446546341306199,1.079891714641375,0.8972079977190373,1.3024310839825726
1.2172216951500512,0.2022569603918527,1.1863039244498697,0.8235966855090806,0.3661503758150696,0.0,0.0,0.0,0.0,0.0,0.8965331610635683,1.9228034674238024,1.281139216775666,1.4842730825905222,0.8713058844274394,1.4494274206943314,1.0610575142335765,1.198591369951905,0.9530988867480933,1.1898087148666707
1.070947412569856,0.18445299689186265,1.0290083914250403,0.37530664571874806,0.4071789173225252,0.0,0.0,0.0,0.0,0.0,1.5024052200467848,1.7929072143494122,1.3873793157429994,1.1978871056593716,1.305740351802461,1.2025289068405807,1.0324937951780944,0.9853447779554568,1.3021266983747113,0.7507062462174691
0.7109707110408805,0.4885338945365606,0.775398114629469,0.7121332223127688,0.5612303323278816,0.0,0.0,0.0,0.0,0.0,1.8088255505386188,1.8661972172896575,1.7065487937554085,1.4361350890076297,1.4327968963373243,0.9405418933128843,0.9860348153339802,1.0197607254680499,0.838080717511988,1.0621375366505361
0.1439491589317154,0.007858474468193719,0.11719338425509174,0.22245399393886994,0.27097228548723906,0.0,0.0,0.0,0.0,0.0,0.8913311592417191,1.0662750327504247,1.29750243168749,1.7806996962530983,1.9444867940410462,1.8306648948389275,1.0664651199432778,1.2922615611391248,1.0107489970541765,0.9765471950848998
5.706358006980224,3.796587686028105,3.18900817844963,2.5122593808932594,2.944117127021632,0.0,0.0,0.0,0.0,0.0,0.9634988735666015,1.1776285931710537,1.4271811412982696,1.4161594948339895,0.8556040366828552,1.466442340201584,0.8764288547664804,0.6222880097143634,0.7687055253700291,1.7335610265511792
5.988683206660702,4.172680981745975,3.6648529284051783,3.855841673351784,3.437957902718812,0.0,0.0,0.0,0.0,0.0,1.2610129355208863,1.3528014348863007,1.349074116483415,1.123016459705481,0.6505260021673507,1.205027803621436,0.8508328298598699,0.9646120637893643,1.4103247511423653,1.0126354288211497
0.09401421260662521,0.0249198694862206,0.06835023687465078,0.08475522691089857,0.0904261869450802,0.0,0.0,0.0,0.0,0.0,1.5548027387422554,1.8879409095039985,2.027323429657539,1.903348797969353,0.44717660012514826,1.0538011928084716,0.9679640490039899,1.0016226342916876,1.0192737808532377,1.5421669136757086
17.31872697580751,13.19261877747449,9.803356438454319,8.020347708329345,5.301023668161973,0.0,0.0,0.0,0.0,0.0,1.216456057421087,1.3260022551300397,1.377744800110123,1.1775450798182847,0.5592121147515879,0.9470476428493994,0.7713493432215711,0.9364961463671225,1.3295782894484847,1.9541818599424545
129.2159215997224,118.70875317361731,105.28284940494632,89.80441916452386,69.84012715037127,0.0,0.0,0.0,0.0,0.0,1.6738619591130544,1.679927578249658,1.6549943157851403,1.593139693467241,1.5046989220163693,0.9736169149019899,0.9341295208184519,0.8928047175972204,0.8625449297013752,0.8701114601958766
1.3160039089970579,0.46993281289425715,1.2399227013960907,0.7159375617724569,0.17362480381272513,0.0,0.0,0.0,0.0,0.0,1.3909202350069845,1.8898410707340603,1.358171475472843,1.2783719862072762,1.4620440983271197,0.8893037128091202,0.9466740105984818,1.2350866860419734,1.3085238264335333,0.5792035676890454
3.404973750458331,1.8685597461484746,1.8154955464647908,3.4851422228968234,2.262545186110411,0.0,0.0,0.0,0.0,0.0,0.6814947144009184,1.2792686513153153,1.3559372157643925,1.445796879614227,1.1163766264707797,2.286316472223783,1.1515525919012444,0.5493987673838681,0.7480450817573555,0.9025332417441928
0.030778680042024033,0.023643881996422946,0.04432860806375396,0.1441440601241922,0.1578712131895688,0.0,0.0,0.0,0.0,0.0,1.3806171359956958,1.7561945603354192,1.7272793069181074,1.643005610284691,1.4167521251023543,1.1726681350462884,0.9438754181330964,0.827382623474886,0.8578579129786089,0.9946543851970578
0.9164926552289762,0.6546438071212237,0.5428945056403945,0.3697748471755467,0.494470136493166,0.0,0.0,0.0,0.0,0.0,1.9952316345346037,1.8411148682498217,1.5657733945195367,0.8936939104772901,1.2531724344823236,0.9241726425052813,0.9498897849740616,1.0647784813971766,1.176567871209293,0.7991915146350657
7.187855166085519,2.4811516535725024,0.6116690491199572,1.5741404342475014,2.8408373222637273,0.0,0.0,0.0,0.0,0.0,1.6181022805283354,1.8751684375967044,1.8839981263799765,1.704656901242175,1.9627287723243376,1.0734750777566295,0.9716023265741631,0.9364288770079313,0.9321513697851297,0.9477877924290649
10.709019973156572,5.518929350890644,5.319524257627773,4.182343310464283,4.740335496734679,0.0,0.0,0.0,0.0,0.0,0.8597940733576537,0.9369614323575213,1.4462271409481193,1.6375120552123017,1.1927010959510433,2.0879684525444717,0.6574346353634749,0.5163280906518993,0.7925576441510715,1.5333276224901131
0.24099890076758132,0.11553304184837516,0.10902242430275919,0.29805023120692126,0.044295942350219004,0.0,0.0,0.0,0.0,0.0,0.7767519046817075,1.3436640316808022,1.8387121811337295,1.585203186212859,1.22508782617676,1.731493684601345,0.15748825833809482,1.0216359610094263,1.0880249356153904,0.9895741025925808
0.7687932704225462,0.5566310043322826,0.7945056683598705,0.6700996907404183,0.7111295092963851,0.0,0.0,0.0,0.0,0.0,1.808119655453137,1.825561570613189,1.533316735792164,1.3606149334224107,1.4669111700213715,0.9687993053455841,1.0442163962355677,1.1363839333254817,0.5514588924843246,1.0881600923089183
0.34618855223587347,0.16840814381888364,0.19403803851348128,0.40971960019890263,0.1064324604973704,0.0,0.0,0.0,0.0,0.0,0.8177481038467393,1.3877814960162262,1.6084849192409925,1.3636299904710811,1.0375981881081195,2.500644701023862,0.28620555628805067,1.0710851165876218,1.3827558542788274,0.759044561096817
1.2624377831425568,1.985578065395774,2.410524404039298,2.462113333594883,2.414504787391311,0.0,0.0,0.0,0.0,0.0,1.3368127496157651,1.2096217448138915,1.4462164479562136,1.6179922142224465,1.469272619982151,1.0977626100584148,1.435245936892221,1.2054633604107812,0.8612800358145871,0.8572368736934852
7.88276323249743,4.054332500953322,3.7457360347292328,3.7177827814201776,4.146993676380988,0.0,0.0,0.0,0.0,0.0,0.8504147907536582,1.1681950806386727,1.3425761689707416,1.3557883833404736,0.5672870487803731,1.7748346525580354,0.9044341194974714,0.2760907932777471,0.4809358687822384,2.132346652102811
12.077611775138173,4.651948967951446,5.22453931950465,5.523138064685518,3.542549942324526,0.0,0.0,0.0,0.0,0.0,1.122406506621498,1.6023136041435184,2.083228503688492,1.4385818425983328,0.9835036735897842,1.1589609384978568,0.8211071835403856,0.9609335056858391,1.4584401867492052,2.1165302418029364
0.4043121273884712,0.3019781717715094,0.25341383726967054,0.22615191329793372,0.19557167985074736,0.0,0.0,0.0,0.0,0.0,1.509694454683029,1.6281339036060736,1.496960162318424,1.3123019015239035,1.2532530529173949,1.135234529639727,0.9451858642632659,0.9301861382728656,0.9155513153727255,1.0420968069288086
0.7669771013978954,0.6434109234111012,0.5095589692346245,0.3673978178224335,0.39613299155647325,0.0,0.0,0.0,0.0,0.0,1.775397161016773,1.621979035121675,1.2312018329596714,1.122679103902513,1.3678735099105055,0.9392767019914545,0.9922809341374794,1.0089586132402453,1.0703958352801564,1.434997456429598
1.0891771209186392,0.33596921717558936,0.635997856859904,0.6043063603672967,0.659342287856339,0.0,0.0,0.0,0.0,0.0,1.9864989125349126,1.5783765204923395,1.8782220022445715,1.951513266072934,1.4733192725186788,0.9672489431380439,1.1050552515331837,0.992989713568163,1.0662555374215446,1.2925179381519338
3.7799284739514993,2.83101472078069,1.6911643438267394,1.140390329927784,1.0645456350361169,0.0,0.0,0.0,0.0,0.0,1.5066563951566074,1.576568476526054,1.735044274982981,1.527202564165851,0.5039590639121443,0.7721344637730901,0.9835605852420206,1.0253975907274722,1.2158448542288567,3.4798350567133394
0.8892322831937912,0.750093280466129,0.6963277168424966,0.6001537880096556,0.6587431422144394,0.0,0.0,0.0,0.0,0.0,1.6461398975352217,1.3794295465400044,1.4667016511980282,1.4006926860772517,1.1017205272927875,1.0250083427763848,1.1748485307848073,1.0303821644278215,0.827194217323581,0.48355543356275016
22.552475242643037,15.657540382755206,12.54089462168702,10.147148998902324,8.084898460265112,0.0,0.0,0.0,0.0,0.0,1.1009507726723966,1.378570198720716,1.3964880562956545,1.341559495834136,0.6927914886524141,1.2183435047015982,0.8873380710918429,0.5565827400492821,0.6036748208368973,2.1124295162845153
2.2886283821622375,1.2356443882187065,2.1405782669908078,1.164491614819608,0.29858635402695477,0.0,0.0,0.0,0.0,0.0,2.0324118532199753,1.5778754524617662,1.4086724404865076,1.338891326667621,1.8217400614517758,0.9719623533766888,0.9170501615871754,1.0849954486320015,0.8839598224568729,1.0974324470642327
0.13818256668800663,0.09533636285151383,0.037815266155816665,0.11408966043119154,0.22526538183047337,0.0,0.0,0.0,0.0,0.0,2.0163095613087076,1.289163185917788,1.7324835956588005,1.724478301252238,1.8132898255684773,0.9721296809408346,1.299004009170899,1.0911032166411254,1.0118464916798975,0.9402073258647938
0.3716106176216812,0.31017068990203533,0.2217213255389477,0.32334407782769786,0.18900727024111086,0.0,0.0,0.0,0.0,0.0,1.457044690410446,1.5940657175319601,1.4237951901563584,0.7225616139518526,0.9063767860956413,1.042961464480587,0.7722374700481648,0.9740219171549184,2.195863279533814,0.6467127999093965
0.0,0.0,0.0,0.0,0.0,0.0,0.0,0.0,0.0,0.0,0.0,0.0,0.0,0.0,0.0,0.0,0.0,0.0,0.0,0.0
0.5346226904188686,0.5945811797582939,0.8009936222258851,0.5975287657838574,1.7634533959251109,0.0,0.0,0.0,0.0,0.0,1.5258613549128077,0.5830046009565247,0.24335049266918218,1.3900206059541034,1.4538491264565045,1.1857969968648008,1.4804789040713806,8.177615174653125,1.1734302559832457,1.0918795587480088
2.2409022804675285,1.1684031470378364,1.56983632308581,2.067203265675785,3.632320276866905,0.0,0.0,0.0,0.0,0.0,1.8793973437045783,1.2245216240267907,0.9953411884848109,1.2825959090344803,1.4135657191030402,1.0563613057059362,1.0682269577111807,1.862822933953336,0.9443339108650853,1.0637648872156207
5.091182745481733,3.6901025876103972,2.146672697220824,8.613614441206417,10.12932353059955,0.0,0.0,0.0,0.0,0.0,1.6705598299584612,1.4539746865074705,1.5404275715624565,1.7630472560445318,1.3980087986378094,1.1957053590694278,1.389506347849179,1.314045955326491,1.1222435789209335,0.964340251974972
0.9278469897527497,0.7579685387354858,0.5038586763998849,0.2245838923249865,0.626313763886217,0.0,0.0,0.0,0.0,0.0,1.5486672721619132,1.506995581752812,1.470628009964045,1.2504642195720561,0.9048213884218469,0.8672391401147679,0.7749319674151731,0.6411384490570703,1.3875406439399198,1.2282763671371606
2.6014445640007806,0.6259118551098004,0.08162426649831786,0.6761501381836654,1.9526363533271265,0.0,0.0,0.0,0.0,0.0,1.4625508971147703,1.3147887481417813,1.9450639944388972,1.4322711257861727,1.5207909241696154,1.1638662825286255,0.4585081453440437,0.9877091254811975,1.0295479720587082,1.1112403258379338
1.9502734808549298,1.7387412524819805,2.24816637900276,2.737902678216657,2.599016718026149,0.0,0.0,0.0,0.0,0.0,1.636959890200825,0.7345144266100373,0.7561561587548369,1.4117233047818993,1.5751646630290128,1.2541498252490442,2.5464306366731213,2.1737447814947264,1.229716732250078,1.132265984218839
1.2208869943193155,1.5453579112411095,0.5113589248234062,1.4626934737699777,2.742932988304248,0.0,0.0,0.0,0.0,0.0,1.2627267140609164,1.2210235034498382,1.05202427933049,1.5380698853705235,1.3088893234752268,1.5951853805378866,1.6654713673272077,1.5477365894409894,1.0641946633109793,0.48548785381042064
4.085937969680724,1.1473623541612978,0.6920678503198868,3.2134642057452893,4.99573352677635,0.0,0.0,0.0,0.0,0.0,1.5281507026869208,1.2450210797804884,1.5076006783080909,1.596090271453181,1.5104060263566585,1.2391775134307401,1.4024506461927158,1.3813149667119005,1.1748219874707473,1.0976796885430686
0.3400024470008479,0.26240660399453647,0.5336987942441825,0.4228472856956597,0.13907889720052585,0.0,0.0,0.0,0.0,0.0,1.155068221080622,1.7017598731517927,1.2475225950557067,0.9272768628449528,1.6943275429334312,1.4249761867760469,1.2267435115988528,1.5453010091211465,2.202562905382248,0.9711308599011624
1.0806178140723004,0.46328177835726203,0.815437764821675,0.7678804097796268,1.8920687810986874,0.0,0.0,0.0,0.0,0.0,1.3361645025251845,1.9760761740879491,1.3497634727714483,1.5190645084706762,1.8318784774831631,1.035790232569677,0.9320459397628562,1.0201683850950893,1.3191788002664937,1.0984674318543624
9.22622058133623,4.056752662815157,5.645819313830934,8.158988873097968,16.57688980346045,0.0,0.0,0.0,0.0,0.0,1.8635452138360025,1.0296805401307436,1.2155406748292794,1.6410558582689656,1.4526177764319415,1.0587063821335962,0.6054336728964237,1.6006762848240554,1.1676424909479632,1.1523063585100053
1.1565015801560197,0.5978086263624627,0.8403546177227822,1.0428038406703366,1.5333047043588972,0.0,0.0,0.0,0.0,0.0,1.0285475854732875,1.6584586455940908,1.1061057721553993,1.676137979581501,1.692187722208239,0.7195831513055062,1.023890435989444,1.507140879524392,1.2529594259731642,1.1650322574096676
1.2569948841360006,0.9309483556651834,0.6824006231487487,0.8892288338889267,2.559464595836212,0.0,0.0,0.0,0.0,0.0,1.7023245505723554,1.1092530887124057,0.8245859809002567,1.698938517179769,1.3289293586904696,1.06858994603534,1.0783448244489415,2.0389108213136526,1.1359820219974286,1.131092734779634
0.6623462029639964,0.6201106061844481,0.7480774636995813,0.7935359960655635,1.9342667142457919,0.0,0.0,0.0,0.0,0.0,1.9329714193576106,0.9748889710096273,0.38639871788896785,1.6471727154049696,1.446097205096165,1.0699792890205766,1.9046568867720588,4.640033189352597,1.1647469899560592,1.136007171002692
0.6081454330794328,0.30748057888429836,0.21488863537819167,0.25723481362947054,0.8541130127713092,0.0,0.0,0.0,0.0,0.0,1.059728892974251,1.587994183535283,1.3870238057586708,1.6410896583219505,1.6188724220995057,1.0135354260623275,0.978019958757332,1.382346381627599,0.9887904957037464,1.0487109883898251
1.0512985797094543,0.5473035109057965,0.7190491946008383,0.37224126853039563,0.6826556955618852,0.0,0.0,0.0,0.0,0.0,2.0933721010800697,1.5823133713846311,1.7018646176323333,1.7519651207674063,1.5133249181820565,0.9839335788302435,1.0655122043466507,1.0706309745139666,1.1790862464246488,1.0199117219874354
0.6891189198246638,0.8958001567559439,1.32857012436498,0.9258919723316105,2.5212029013418964,0.0,0.0,0.0,0.0,0.0,1.3158031346752606,1.6627876058724955,1.0762276213285193,1.7076786893745353,1.4540424292364078,0.9696378471446202,1.0018875603491733,1.3432885224640632,1.0511584312002304,1.2443084968971436
3.297196001880452,1.4269905173719104,2.408622002448414,4.181430223817793,6.45995102361549,0.0,0.0,0.0,0.0,0.0,1.6349927926278915,1.8455112798287017,1.1206918651572082,1.6018464905821828,1.8671824377359472,1.144256081384117,1.0954593214047363,0.8459370220990322,1.2105501290595408,1.0915371684554471
0.23042856884728274,0.3976004371135777,0.7271845478940335,0.47666397897533336,0.6143518283749949,0.0,0.0,0.0,0.0,0.0,0.8806553800234855,0.6640049450566672,1.0156376209187827,1.3204644723696366,1.715045071987573,0.7131266240967901,2.675043981749565,1.3372051961037594,0.7689464636731838,1.0986756075945867
3.9890608117127457,3.1921501373541816,4.402058249362925,4.325700809890163,5.795090843774898,0.0,0.0,0.0,0.0,0.0,1.5232461563996826,0.7586248868391412,1.0228556647249971,1.5413032914535427,1.4331442721333962,1.1741140761146007,1.6300238158742413,2.035224352858213,1.2516734494508406,1.0827704024190088
6.361698619712758,2.7733129646812165,2.1607584867244403,7.1694771978755,12.171671702390766,0.0,0.0,0.0,0.0,0.0,1.8505865664847538,1.2515689801184489,1.1089760975569891,1.679699371325009,1.5326267358322139,1.1007336163927004,1.404399771970668,1.880245740187924,1.1456665913664945,1.1503254119916708
8.919644324610667,3.4311760430979463,4.018749448485771,8.163260892019423,15.167942938187434,0.0,0.0,0.0,0.0,0.0,1.8323972719110013,1.1415137049557957,1.1429505955154406,1.713234333274082,1.5223992017611754,1.082608837436161,1.0867259893934182,1.764417634169395,1.1570002227379828,1.1726769369474832
0.32874724667947236,0.11080889014914024,0.5024741209108328,0.4162371183816401,0.5543747561210404,0.0,0.0,0.0,0.0,0.0,1.964219194271975,1.0725489186785542,0.9509699556838375,1.426523169408391,1.687038159695247,0.9809346316509991,0.4680419344205664,1.834630893530689,1.4631467976044619,1.1577794670273238
0.30863404590702104,0.1052512645141436,0.3665762495728275,0.08315899886769847,0.41562842468610767,0.0,0.0,0.0,0.0,0.0,1.4420412123088286,1.8543234574672938,1.7786528041340826,1.4517908879015466,1.9687233197368141,0.9200874874884323,1.1131214030580507,0.9718493156121546,0.8584772961951752,1.0090416384365504
1.2054826579561628,1.0185977011594642,0.7391328853784802,0.3321898883756883,0.08336086892347883,0.0,0.0,0.0,0.0,0.0,1.8744994323954494,1.756231459432183,1.5760287958491863,1.6061829212682173,1.6176010640718232,1.0057534887570332,1.027794542029106,1.0466136165031326,0.9648233494424165,0.9845110359230208
4.162099943703959,2.651955926177827,3.095343876746405,4.213390361650122,2.948747600036193,0.0,0.0,0.0,0.0,0.0,1.5668270853326058,1.3542421102920832,0.9837731632332503,1.4547562961099596,1.6204948290828456,1.2688761159274933,1.1839532263863108,1.0891765128976323,1.3170279220513998,1.1814595343636871
13.32327932973536,2.395392641541339,9.765455075664804,3.6854506124441158,4.360973973975237,0.0,0.0,0.0,0.0,0.0,1.471476937289805,2.064755773703374,1.914438150900487,1.2127731150998786,2.0701641949164022,1.1968870792313493,0.9991432598005819,1.0760131400970467,0.583396409674083,0.9511713488441051
0.09347060593268276,0.03943728462889344,0.023883793212438786,0.10748580327251389,0.11636576527778156,0.0,0.0,0.0,0.0,0.0,1.9170748054169173,2.036642173056687,1.3121597306210249,1.3314177414038388,1.5211533037291063,1.0550256606594266,0.9809716288387585,0.9071800337267528,1.1312105637966743,1.3383464271167156
2.175899237077207,3.0399209432551397,4.728217044293769,4.758154135800836,4.774107811494248,0.0,0.0,0.0,0.0,0.0,1.644793615168104,1.0574468857927366,0.8246996175466338,1.540857084320692,1.7871920872244202,1.1688452245146106,1.7724548584473787,0.8452906430723491,1.1456247630548488,1.1180678008250977
0.8964913641475437,0.7298339522641826,0.8536213254566102,0.3611160418546506,0.8034121927231956,0.0,0.0,0.0,0.0,0.0,1.9118398416725961,1.2574452503094058,1.3381337101217283,1.9520510121006274,1.6557167358249871,1.0456259645727088,1.438133144268327,1.2594236847027398,0.9119108035433771,1.0046914398608382
0.8644026170861334,0.3530560605226555,0.7406965740263614,0.5387488475735275,0.39537267745858157,0.0,0.0,0.0,0.0,0.0,1.9497272332600097,1.4298610301664276,1.5443726905074053,1.5632554378129957,1.564662159445533,1.024308724126959,0.837797491688675,1.2418473065230586,1.282271404092664,1.042825339218543
1.3187233790854869,0.8370880895508691,0.10740499461714063,0.40630575222125953,0.8485469684772055,0.0,0.0,0.0,0.0,0.0,1.6562413689102136,1.5092229255050698,1.6608990843041513,1.1241072969693342,1.5131238086742176,0.9831379160335524,1.083302134902084,1.1669056161217954,0.775705301689757,1.050525200978753
22.142458095643686,22.520413582023387,19.70980085254294,15.240195999306739,12.932539077861815,0.0,0.0,0.0,0.0,0.0,1.5642530466723326,1.4418740663773544,1.43946964376661,1.6060173995104563,1.6507229805548893,0.81906103014077,0.9578628562831865,1.0464467007963905,0.9595230297862218,0.9909404332080833
3.5733984118181588,1.251355050090894,0.3340229014165358,1.8574348689724984,1.0137685937942793,0.0,0.0,0.0,0.0,0.0,1.3976951092224656,1.5438102803724485,1.3982065191520723,2.047715273966335,1.9687031086534197,1.4366497491570465,1.3649590651637933,1.4189768973069103,1.0026373389830208,1.0154788173385
1.6333276806561052,1.1126180553130696,2.2498204486222178,2.0486343987073954,4.352165719970794,0.0,0.0,0.0,0.0,0.0,0.9435799010067096,1.456148972355298,1.4708475807414756,1.6751689671116003,1.0324543826716959,1.5209564256694639,0.7245815514516061,0.8739820188274293,1.2386036758778032,1.4101389037124987
3.7648938607958513,2.9128230537827617,4.031609669972397,3.1914575865879007,1.2355909668012324,0.0,0.0,0.0,0.0,0.0,1.2743855214849704,1.23251613658815,0.7034016471379387,1.339002837923414,1.5768332769634967,0.5446648009222241,1.4670617876568173,2.2947471942848026,1.3514758843129764,0.7077084705136077
1.1458186477558534,0.5842225499051329,0.6428416926862369,0.6558238137776293,0.4977173423302987,0.0,0.0,0.0,0.0,0.0,1.3495858383918027,0.6990332040916486,1.0764991214638435,1.9475172081385148,2.048067602576775,1.1369513572151222,2.4307049830867227,1.704831038381217,1.0746103309625394,0.9319173872151294
0.827559321385692,0.5714153002460681,0.3408007363497574,0.2988157076781785,0.2493243406522691,0.0,0.0,0.0,0.0,0.0,1.8789047262284229,1.9594556993625682,1.4219453721173883,1.7698651202392692,0.9753302002356458,1.0133119292301942,0.9820773415581061,1.0447875023122193,1.0358753709084194,1.9417065439641803
0.2880254402752901,0.6926810972886391,0.33050520258141713,1.4324271237458552,0.34197499672111,0.0,0.0,0.0,0.0,0.0,1.3585751847539709,1.7627404815371845,1.8235283014919106,2.022154095408324,1.2149578788196693,0.7275634205460617,0.9355170349584703,1.0729075226357996,0.965446436073965,1.6439493861714392
1.6365507842649116,1.121521392488226,1.5181357848706214,2.0879021780520555,1.545293578747089,0.0,0.0,0.0,0.0,0.0,1.8011378414514976,1.7939959037331346,1.2997433841602815,1.6995026816290142,1.201815286083397,1.026954453092116,0.9228505064398882,0.11409633481867242,1.1234802197297447,1.6324602020829695
2.322060115175449,0.5741773643687753,0.6203308455453824,1.1214932447376351,0.579048019903605,0.0,0.0,0.0,0.0,0.0,1.7780427851246559,1.7663191933711109,1.641119402221313,1.5251271737934078,1.5583013735396571,1.148945419543992,0.9801005441330245,1.1651731952122775,1.2085156572478917,0.8915599665444123
4.048126651403464,3.9681449529720885,4.324914858379591,0.8223157893342761,2.0201955887371015,0.0,0.0,0.0,0.0,0.0,1.7016365726412104,1.0381243285234518,1.0776702027339624,1.3188592518415123,1.6746321588675714,1.231639261056181,1.6060004002778108,1.5902588246166698,1.4945263560275728,0.9682243963664185
5.683657326673551,3.991677303322497,4.760904378967841,1.504782810819431,2.449612438998634,0.0,0.0,0.0,0.0,0.0,1.725820289511754,1.1340250040024968,0.8450114007051683,1.9043757471787306,1.0113997765568943,1.107412927899022,1.5965024324576451,1.2946028110319814,1.0875763554058924,1.5752943628207923
0.9066117188953322,0.6994379114381684,1.0025053098539876,0.2117330560304663,0.700542894984396,0.0,0.0,0.0,0.0,0.0,1.922972794308756,1.3624921211509455,1.4533246739654626,1.1166436420001578,1.6985216102065974,1.0657532807346262,1.1759658868458773,1.1684063962269624,1.732458090659093,0.9621334645614079
2.3802480563630346,1.7201455116735427,1.8714497808556545,2.034515142849301,1.0898827680330236,0.0,0.0,0.0,0.0,0.0,1.0573836876367375,1.1009912615670283,1.0504159816550103,1.663421041875914,1.7298240641672358,0.20118197376224306,1.4284857190757934,1.6872289584733176,1.1390272881635066,0.8505234534475317
1.0938435898305967,1.5519796868933795,2.0274602111539,0.4055089267911933,0.736184214906435,0.0,0.0,0.0,0.0,0.0,1.5309648311585784,0.5787427817208052,1.2196870214460622,1.5804691549349366,1.7700964951151033,1.2445050930883592,1.5537027174010607,1.4451429395348572,1.0879201442258915,0.9317259203195426
0.5385958081952158,0.37948101052922933,0.29234301435478127,0.24081548208423503,0.7100561886229926,0.0,0.0,0.0,0.0,0.0,1.9684266181259866,1.7870919176172542,1.4301202315595014,1.322333774589843,0.36866064556193356,0.9491648601906153,0.9408875221622541,0.9358217608591916,0.5435138453366991,4.957723478451672
1.4761085130901028,0.5973084074977394,0.4157585241779622,1.9295425342609924,1.3700637833770017,0.0,0.0,0.0,0.0,0.0,0.6921742270015885,1.2594335009562931,1.4958278844160708,1.133750642775579,1.5897203151367465,3.008474063733266,0.38847910710907174,1.189733236432537,1.698480528859655,0.7727215654707156
2.1627642763228563,3.2103634572681523,3.7961812451741963,0.6904817610965693,2.748102839471239,0.0,0.0,0.0,0.0,0.0,2.0593229535394397,0.7934243384833348,1.376583493683822,1.353051959962431,1.6440885000644354,1.020645844348701,2.073082775790123,1.2936064979598683,1.2466234166111616,0.9660230387453704
1.85400599967037,1.7885475605804537,2.057786133089879,1.0699778855670183,1.536125783340522,0.0,0.0,0.0,0.0,0.0,2.0023840226341934,1.5331440221664607,1.4835362993666175,1.2378989129873834,0.7653686575963243,0.9715240280030788,0.9488847550583925,1.0018009495286968,1.2202710955924916,2.0851682742181805
0.2867731096521818,0.23506078031012004,0.3346906526699306,0.1306011754506123,0.2649460794713098,0.0,0.0,0.0,0.0,0.0,1.5639794771850026,1.7386134875019772,1.6555181508084884,1.9718967072741245,1.7671803027427926,0.7802400434589675,0.9386054100730784,0.940626862016224,1.0328809307275566,1.000105664038243
3.877923926741702,2.2247533721696255,2.5423153955337696,2.2270400961138312,1.029781669112598,0.0,0.0,0.0,0.0,0.0,1.2655546142654261,1.1532319483793418,0.6634150678997017,1.6696446348926233,1.6182352409386334,1.046109247261855,1.7466521955573606,2.0521395578938906,1.1976308104637299,0.921797706357158
10.225152900648833,8.505092389572646,9.464054770455851,2.469093860318691,5.1024739993069375,0.0,0.0,0.0,0.0,0.0,1.5343709024565764,0.913447513899763,0.404815505965812,1.6823711673775885,1.579749777964733,1.1481402049359837,2.2496005090645417,1.2574202941843577,1.2223704261480273,1.0427203675611305
12.001208181445383,13.146054068684455,14.207221932332581,3.547350825429472,7.350710485949442,0.0,0.0,0.0,0.0,0.0,1.4657521817505008,0.6354317318610646,0.2877163323038621,1.4700187394549722,1.693203995915331,1.1899049145990683,3.0974019578338914,4.159525944369825,1.2713215326512366,0.9275696682469039
0.36189185550924213,0.4218216089754335,0.2734767867462701,0.05391216855700054,0.42932644716231805,0.0,0.0,0.0,0.0,0.0,1.7212999437326981,1.5371059733617538,1.6778605994867142,1.1983091813967368,1.5691193142136963,0.8467100861935684,0.9656351360137014,0.9835696146363463,1.6165546372238708,1.1580271611419801
0.3194373723226973,0.22762045218451052,0.2813213191183676,0.14812221908746068,0.4308294586450362,0.0,0.0,0.0,0.0,0.0,1.611261402505751,1.1677801975535849,1.5749740745404808,1.7152169719280563,1.6415141415607752,1.2605936876193569,1.265673098232027,1.075629363146605,1.0560197056282719,0.9898280887156399
0.4084264303535886,0.20359197834122827,0.22141906975635411,0.10706042632461628,0.19875286019916075,0.0,0.0,0.0,0.0,0.0,1.804268480389777,1.8013844124886191,1.2723535710862848,1.822275013801659,2.072022927967257,0.9412365012473453,0.8999008086842604,0.937883929360795,1.1533240660715676,0.9457323258055964
0.7754988556756529,0.2580346614865429,1.0544566083904314,0.26975651949149815,0.7803123166504867,0.0,0.0,0.0,0.0,0.0,1.9637823021186012,1.7150652517338902,1.7805819735156194,1.4098655005612957,1.5586217800336668,1.0303410946720004,0.9535468612827077,1.026408687102746,0.8399680021156397,1.0799785373197193
3.377433440784799,5.971847183744633,3.8160647728337436,3.2687776818828445,6.154148931033811,0.0,0.0,0.0,0.0,0.0,1.9727927871904631,1.393761287861088,1.7083597798223493,1.590355202475513,1.1311912476580948,0.9486268095577577,1.286891857128325,1.1248509278120196,0.8275834829598766,1.8003987036324358
1.2991860399098012,1.7385740990562035,2.098045948448852,0.4333365648619763,1.3108070138493244,0.0,0.0,0.0,0.0,0.0,1.5060610906394205,0.47695577471005446,0.42356848031805594,1.6133286682335333,1.7755815215266213,1.0924498169008703,3.969367850550285,3.294717936619599,1.0636982639086896,0.8946832593990792
0.18998997903022724,0.19651297334902817,0.39546760541926484,0.2852540600583584,0.42744163704718224,0.0,0.0,0.0,0.0,0.0,1.8143831499795695,1.3180799211214738,0.2833145810229751,1.1067213355798078,1.593267660589895,0.8945406565380949,1.2214310061518037,5.961870069461806,1.0562510175706021,1.1553479985938804
4.005884270984956,2.2927427907394837,2.6894718499318504,3.397940520760052,1.750178068531401,0.0,0.0,0.0,0.0,0.0,1.373562194039205,1.3359295990228066,1.6779604195597613,1.0740877626411434,1.3151131436650583,1.2624534747364269,0.4557743991157372,1.0538836617310816,1.8519245000702658,1.2402626790517035
0.061475495248919244,0.2173660741906755,0.3985518699363672,0.14979750536876618,0.29674661315019774,0.0,0.0,0.0,0.0,0.0,1.5201004368997575,1.437673303474886,0.7657070558327216,1.7558497476183916,0.43684682302175687,0.8422529339015156,0.9786473739924973,2.460651248249104,1.1619313688745752,3.4253381163291388
0.35039277340868635,0.3381286583538554,0.603851155182468,0.16671045274780538,0.4222055767468175,0.0,0.0,0.0,0.0,0.0,1.6956469470570659,1.13176095522217,1.7594013250034615,1.8155083632534041,1.7908869437546107,1.0055416027114576,1.4725982664487582,1.0599555701810002,1.0032503094582452,0.9568013234059239
0.0,0.0,0.0,0.0,0.0,0.0,0.0,0.0,0.0,0.0,0.0,0.0,0.0,0.0,0.0,0.0,0.0,0.0,0.0,0.0
6.119247472100272,7.242742080237697,8.527241627648033,6.743497388060371,6.2199571736436585,0.0,0.0,0.0,0.0,0.0,1.3883036478883302,1.0413762081079534,0.8759861127911645,1.3309711537341402,1.9407353313905067,1.2147299856863607,1.4730772181541116,1.8806690370306345,1.532174882166685,1.0846328885922476
0.9169288911186255,0.7895055729515683,0.35726514179170504,0.19607764937574418,0.24703914560215048,0.0,0.0,0.0,0.0,0.0,1.6492533616587715,1.3893841644055993,1.9773704857041048,1.5590981184119541,1.537973870777428,0.9899110071718801,1.081761148456169,0.9151040997506191,1.0501831986125116,1.0522269221366742
14.892316729639088,20.130001144449945,19.058582979343985,9.244046095453974,8.521915002274701,0.0,0.0,0.0,0.0,0.0,0.8443098732737325,0.41138777180862,0.5717458227922011,1.0710572663670737,1.4118676568189423,1.6252697899695747,4.305968034431113,3.3647149213580554,1.0526930658358238,0.5204445226720947
8.099045337820193,10.629323513517946,9.603735901389319,5.465348705894021,3.5012578927272484,0.0,0.0,0.0,0.0,0.0,0.6627552186648408,0.5006064887972391,0.7696657444635696,1.1504145250515019,1.4172406959958497,2.1638364690650076,3.177344705019334,2.454469904419819,1.2638601728527565,0.4962865577206398
5.1254386429594145,9.819093658043284,5.690894100854181,5.466497577876407,4.0561126202876165,0.0,0.0,0.0,0.0,0.0,0.4643623147882675,0.8764222941635142,0.9806752793720154,1.564937292717765,1.541422995721189,2.2030175002983343,1.3857958495747638,1.4995566084633434,1.1046047546644207,0.8096789538308788
4.116073789465855,5.266786037421939,5.389378937627198,3.1216192402109804,3.1270231925549603,0.0,0.0,0.0,0.0,0.0,0.8283580480113482,0.31622438988144114,0.6268735195457794,1.2116168262031586,1.3854472942631406,1.5985514477265066,5.433357239311416,2.7072713577168215,0.7587497401933303,0.6042395303987629
3.5240180648608415,3.6222615849159823,2.4111263087839783,2.4537965942629687,2.2681229741151876,0.0,0.0,0.0,0.0,0.0,1.3352069961474426,1.2246176173919767,1.394422930163405,1.7317819996087704,1.7186391418991283,1.1328955768113902,1.2577947047394964,1.3505686382485564,1.198196937414149,1.156661231039471
4.656452884706866,4.694029608324743,3.4311914883220864,3.673123502931122,3.752228203734385,0.0,0.0,0.0,0.0,0.0,0.8796298464258016,0.5304285862699346,0.8440219032912601,1.4308939099543585,1.5498519375371844,1.9644239184164598,2.9189574568990464,2.266305244337249,1.2588372995624972,1.1503691720678484
2.7320463484333573,3.334376288708081,3.0021651747008438,2.2352821839533203,1.2097585896699168,0.0,0.0,0.0,0.0,0.0,0.6977121725475914,0.6177072617559545,0.8627756743288147,1.425927519279048,1.4960189127389156,2.3659567607237215,2.653299367610252,2.284850301041089,1.3849818856078362,1.1083731215433787
4.397240253244794,3.432977996479207,3.253618463825474,2.408165036894494,2.212230785062756,0.0,0.0,0.0,0.0,0.0,1.1239967886204834,1.284674582660209,1.2870948481135696,1.5338677490185075,1.8424968466302902,1.0326228654512877,1.20974078733801,1.3339419392148022,1.3022194935108657,1.1090766515657156
46.56793431418525,50.914023642751104,51.200608292073106,36.23518049109292,21.966199784308664,0.0,0.0,0.0,0.0,0.0,1.6556897697694106,1.5212123585330704,1.3877862777372039,1.5868172855465883,2.0572469995281426,0.9090355043483596,0.961069058359764,1.0625452269270101,1.101143105171572,0.9825916164717439
2.727027602702784,4.627847106048083,4.853407756015525,2.6692775962432123,2.5736599787200527,0.0,0.0,0.0,0.0,0.0,0.7943977818642981,0.2485215728281482,0.5139346048673369,1.2148026422795606,1.3669293131241487,1.5027415863506892,2.9729283404753843,3.1919455761027042,1.0430645349289147,0.6007065929137225
1.970933098399638,2.496349956601822,2.2875987689589787,2.117576837023817,1.7044428427998777,0.0,0.0,0.0,0.0,0.0,0.6842803364454862,0.20900336369214984,0.7314266342600765,1.330163180618076,1.419656331863114,2.7301953344497734,6.5790453519219705,2.2836384211076965,1.0869692240801385,0.9341741154247749
20.748042129671724,24.005085357940857,30.06413812731156,24.25773168512419,15.84987830542705,0.0,0.0,0.0,0.0,0.0,1.5838737350497647,1.2877292595841632,1.077940824287518,1.3540398310074955,1.96088950019659,1.011496451070239,1.1853800883198935,1.500629128726429,1.4431336001479256,1.071598869296134
1.269762493872659,2.336115809691712,1.6798064926614873,2.7928052043810494,1.9277791641333941,0.0,0.0,0.0,0.0,0.0,0.8243084712032165,0.9154545895662882,1.085274546611247,1.6112859137698734,1.3250022608441454,2.5464138221834878,1.852884504594828,1.3373086274335673,1.0666148511474445,0.36088475775118195
2.041397007472809,3.02871337700752,3.621591055905565,1.3402488855362198,1.402785850651066,0.0,0.0,0.0,0.0,0.0,0.7391080066053005,0.6765538590530572,0.9230176271887361,0.9284126090558029,1.7389308464273012,2.7274723753661343,1.6937879925231485,1.2919429002489293,1.1242111744853351,1.0013371684450654
1.685482395055383,2.9350183240204104,2.4525407948397318,0.8071770571445418,1.0445637290118008,0.0,0.0,0.0,0.0,0.0,1.0475892432256924,0.5557691844154156,0.5793384061748073,1.1421960730573097,1.329866746777823,1.5336394322673679,3.1392511619902272,3.608548744159061,1.4223875637437975,0.13042230993858803
16.63487318863172,24.70879002036108,26.26734841486259,19.168778826721827,11.327789375268972,0.0,0.0,0.0,0.0,0.0,1.6678033526768086,1.4719287740834208,1.2287307183693545,1.5257238971611629,2.032747529244077,0.909331474733564,1.032707387824563,1.1679832116648656,1.1528690217057218,1.0014074744235995
0.5847378723473442,0.1582264973594675,0.3204855112888418,0.3911364060103936,0.44741157758425876,0.0,0.0,0.0,0.0,0.0,1.206200855550487,1.553854547855087,1.6135231459070676,1.0453293107677322,1.3480529274853255,1.694606449756388,0.8330379198063594,0.9956135676061084,1.2318003511967097,0.3149661844680835
1.8327838357948791,2.083537676153794,1.665254150431775,0.5621581578128427,0.5725950396457894,0.0,0.0,0.0,0.0,0.0,0.8419671794076202,0.6035813922064035,0.5919331323802219,1.1149742941338912,1.6423775438507453,2.1959079788484215,1.5656174835049717,1.7009038153436662,1.1544810013812035,0.8925337629850847
2.256069375651037,2.5884402108970814,2.04639437828917,1.1873902585889804,1.4751913484528991,0.0,0.0,0.0,0.0,0.0,0.7983316775755903,0.5824312050684558,0.8450155224597694,1.5102691644176593,1.7630979132259623,2.4269497437451655,1.368560884411405,0.9656812746811937,0.9039169072659031,0.9073526927824122
0.04567292333755908,0.16297172496085258,0.16528454585734176,0.08193122460951671,0.18841600508309422,0.0,0.0,0.0,0.0,0.0,1.4507358087808009,0.7781946498996267,1.3932355825612912,1.3107271656753643,1.4624089088719774,1.395562964412292,2.5567109557825747,0.8479352825186275,0.44390731290505747,1.050477295040554
26.96453586809877,13.446284653062696,16.757983549986143,24.780820096143977,17.769430285005814,0.0,0.0,0.0,0.0,0.0,0.7495167148001358,0.5819108146029065,1.135824121216095,1.3604820050694642,1.482657851477755,2.7601104433643746,2.0850627367233074,1.186580588389121,1.265961047403709,1.1736718760118146
21.36535100944241,26.478202821366715,20.860461731103552,11.340639672814081,8.16635830616583,0.0,0.0,0.0,0.0,0.0,1.5863143796242538,1.5006805992693286,1.5219968228484126,1.8898595818132629,2.0915377141195357,0.9412425567793468,1.0359934662644972,1.074435775590265,1.0056095457363654,0.9816508700177127
12.110537295358617,14.994068579611309,14.027032204648469,5.733907900878315,4.757518918636124,0.0,0.0,0.0,0.0,0.0,0.8529922809856619,0.7849982312745276,0.857322584068697,0.9437484381879684,1.642844831567696,2.3416599422044673,2.107877563246565,1.5465338343028567,1.381097960224896,0.9570099604760758
1.2342720576797046,0.7294012225141329,0.7914613120391529,0.7388784031284652,0.5590337668133684,0.0,0.0,0.0,0.0,0.0,0.42126255608186647,1.2507790683735127,0.7642842443206445,0.9645784690072619,1.429382460591662,4.391484002972489,0.34811309742795543,1.0879768552619449,1.5918182825467986,0.7348582907863382
14.965336730639033,19.115769040455877,13.212290274238825,9.074194950136867,6.73451470720777,0.0,0.0,0.0,0.0,0.0,0.48944720845581907,0.4402577859253013,0.8591011179421522,1.1754019028350742,1.4764481935085663,3.4102837987497603,3.790668279009917,1.2796822286503688,0.9407049367411617,1.0029713320871967
6.386246959812723,7.995510149903791,9.525684097987266,5.38529089989784,5.25241285699363,0.0,0.0,0.0,0.0,0.0,0.9941126006018645,0.3928829960742637,0.7566375567499937,1.130759012176392,1.3878513557046883,1.415989427569527,5.046035586725914,2.549176668664311,0.799284209646726,0.40956056755217807
9.879289959272834,11.118642555085978,12.330320695701275,7.20868217666446,4.815918653058306,0.0,0.0,0.0,0.0,0.0,1.145618289865549,1.1427425180740047,1.1696147592486292,1.3753614233885534,1.8173810491102063,1.2187172927502385,1.4150122971985548,1.4384572211537896,1.356618070415847,1.120496830662394
10.369373829618018,9.245346418397588,10.96556171502084,10.85448186498729,10.846124318650606,0.0,0.0,0.0,0.0,0.0,1.1401289937597658,0.43419270734600207,0.7911106619968277,1.3104903501355716,1.4807411433776039,1.605413439833349,3.6384670900267975,2.6283727326450164,1.4011668791011085,1.0634946326876715
0.4064767621337612,0.34618481554935787,0.1911568113694529,0.17581415869628356,0.2759669130505103,0.0,0.0,0.0,0.0,0.0,0.827616545731582,0.662534650587669,0.7909174161658366,1.6021626679692644,1.7892597901694902,2.323136903183885,2.419292943705394,0.6743843642673156,0.9090603996550632,0.9074727729607162
0.11851472827902168,0.11286167194239656,0.07995122954925335,0.06896167549147551,0.023399319132520607,0.0,0.0,0.0,0.0,0.0,1.7294270074525346,1.6535402689487335,0.6870993599192567,1.7481060350990083,1.6703244014208667,0.9806087003208191,0.7962360090868985,0.44108556141154237,1.1658809785488555,1.1451327922446064
3.232042469387376,2.6288535997831755,2.312784486663066,2.087992130647407,2.426323904060529,0.0,0.0,0.0,0.0,0.0,1.1464872232165848,1.2819260451752956,1.307369644339736,1.1605388522644866,0.73317833935351,1.33077785936509,0.9215726828423026,0.5959079988321832,0.8980056177627408,1.257054930388089
0.11372358272340859,0.6889545076277058,0.36632281704692093,0.45962320209324403,0.41535600069793466,0.0,0.0,0.0,0.0,0.0,1.5403928647427607,1.0277366571059368,0.9943238343062347,1.8010623965021237,1.4404913945908635,1.0167315141778903,1.6782493602223563,1.8630932808411473,1.0805972313530783,0.7009093409877657
5.676331762660129,3.330351374973464,0.7967246053662087,0.4847853120576201,1.0299176953046076,0.0,0.0,0.0,0.0,0.0,1.5987475391744648,1.6055906328027063,1.7502511309039634,1.1183138645750175,1.753425611523994,1.0855665393632157,1.038360368134303,0.9409530155235308,1.3919362242076305,0.8957629464780831
2.804360787358653,1.186544643462693,1.3170516952312474,2.7592912818715156,1.80387849047712,0.0,0.0,0.0,0.0,0.0,0.9780100031404642,1.3565007507239566,1.326276366326764,1.1445396312388512,1.3057842931478825,1.5985197254861685,1.3912787384095342,1.3190698638348688,0.8870528810430134,0.6869827240689163
66.80128122888836,52.29192867628895,26.01952501267893,15.075845221454482,18.522609714492255,0.0,0.0,0.0,0.0,0.0,1.6959482120262275,1.6505839331494272,1.431946628068154,1.5536521746429173,0.7579554539237757,0.8839162656075187,0.9422755451544712,1.0886447826339365,1.1262637238248743,2.3819706093565967
6.924347320723695,4.291853055267347,3.4580820055112382,1.6766576969353253,2.6893693174758155,0.0,0.0,0.0,0.0,0.0,1.6669331118734119,1.5579886524948905,1.6583189082294296,1.7945489889698027,1.5160372918540166,0.9475431948924437,0.7191061026731268,0.8438217064994001,0.9977119921359041,1.3491064991177237
0.6027667690421952,0.6511397367961991,0.6796786547934869,0.1772886380424331,0.023318852215920994,0.0,0.0,0.0,0.0,0.0,1.3035456277215658,0.8218733596680174,0.5482456281960538,1.0603309637113154,1.6838948314667959,0.97476992935364,0.8536162040242173,1.5209579723882256,1.4210275351324306,1.0860900254951669
2.333880341580733,0.8136282047909665,0.4899058217327877,0.7115541122637548,0.8300064889843439,0.0,0.0,0.0,0.0,0.0,0.6563274284063565,0.9898238995176857,1.1549043748378687,0.9836621219637564,1.1377917719286292,2.894162787004699,1.9114765361218544,0.8615624282407531,0.6621218747728325,1.2640411152042936
0.8848265961457047,0.9723359278835757,0.9755810252350339,1.3403724980420957,0.9216449788436212,0.0,0.0,0.0,0.0,0.0,1.6979893506128518,1.1263603113775704,1.2713535430472007,1.337108587250566,1.1510551480149132,1.1151419279320898,1.4487047843054814,0.8094047221923341,0.7166315699739437,1.278648191989377
0.8162151102419688,0.38076334063334893,0.29175533948737703,0.08502801691316869,0.016153571867590498,0.0,0.0,0.0,0.0,0.0,1.510676757215085,1.8870530554390348,1.7412026800149982,1.739021856147335,1.7215986577186777,0.955310090858889,0.922287726937931,1.127111740312836,0.9996848465180078,1.1947788933118095
9.126610738232754,3.021378236884851,4.81770845643006,7.15451387732607,4.98830487038455,0.0,0.0,0.0,0.0,0.0,0.3828833813063884,1.233099816789439,1.3038859364480038,1.2623488566919927,0.8082315275133678,5.046404968948711,1.2620732244420982,0.44925198134275457,0.46727178264822383,1.6489622029556494
3.3293359361900463,1.5850031668036444,0.6242961055044398,0.28211795924069494,0.4443875357546916,0.0,0.0,0.0,0.0,0.0,1.5410008727426365,1.7902679997998137,2.011727576431041,2.076483573121585,1.1769848655133621,0.9718209100762947,0.9242825158646985,0.93816313512929,0.9640245898405666,0.9619414211048248
1.0184961748011854,0.779297206843343,0.4377110826756848,0.3272915640386325,0.5452799983815011,0.0,0.0,0.0,0.0,0.0,1.6270955432316752,1.5551307826640128,1.414080519807141,1.3881882237227545,0.27984346464595955,0.7940053772652277,1.0054271868144735,1.0781287231850765,0.7943828332093786,3.4190720577944407
10.546826496007952,4.407341606755587,2.50018808144221,5.141731335950662,2.952533932735611,0.0,0.0,0.0,0.0,0.0,1.4153331486698235,1.8945350204877003,1.7140241013642268,1.404649172924327,1.636154869005989,1.1535814870150936,1.0224041297328843,1.1888557408907134,0.9946392713565501,0.7755371742876424
0.6410761627243808,0.21609795719252212,0.26872370107298615,0.2987734907526125,0.5391057275332738,0.0,0.0,0.0,0.0,0.0,1.2992516661823381,1.0794241661277983,1.4704671386076902,1.3340489287658475,1.706355415148743,1.30961683517697,1.9265715980761087,0.9445185545674745,1.5312496115241996,0.8180824480345334
1.7153944127443492,0.834626670431381,0.40590849970801235,0.04325693055508476,0.2504603497836356,0.0,0.0,0.0,0.0,0.0,1.5865859853399218,1.5261838452585308,1.6006117609909511,0.9327616241712924,1.8646602451666046,1.0989690589838552,1.1751226783416422,0.8985252022140732,2.1841076812411666,0.9282816206290908
2.1445278527174003,1.6255875164097975,1.537626857680162,1.6174082104343206,1.1851127183998953,0.0,0.0,0.0,0.0,0.0,1.324336251081489,1.3838499493799612,1.202489690616787,1.0520847170571939,0.9643324047204044,1.2310060240119538,0.9091651751687924,0.9496655075704317,1.327320003552249,0.7759779464836766
5.531437188304453,1.474023957853549,1.7434223486159788,3.2645509733640834,2.1714681589236573,0.0,0.0,0.0,0.0,0.0,1.2014334672513052,1.6749736795821557,1.8929941831830739,1.7646130590248887,1.4103322970385337,1.150766623300801,0.9989256944522841,1.101608161491879,1.154147672754133,0.8507774872190231
0.4281931592284887,0.3158907641799568,0.2748270187206142,0.25755601037563164,0.21677520028718827,0.0,0.0,0.0,0.0,0.0,0.6276276666041462,0.5549369325195513,0.9846263892015248,0.9840775328006576,1.2491785638990136,2.418215472423637,3.2518070950374325,1.939731353909031,1.302199955878364,0.20134454684045963
1.2759741888763423,0.8515705053472076,0.8923801651595105,0.272334704490777,0.18292081029256918,0.0,0.0,0.0,0.0,0.0,1.570962396169276,0.6874569272984815,1.1618750142722307,1.7782626809353463,1.6872792419077927,1.2807707459765572,1.8994286216013052,1.7767945638658942,1.1369742079229364,0.9196031066981781
1.1993045477827409,0.6008449485330619,0.20287950222236875,0.08164988123338518,0.14843590640148152,0.0,0.0,0.0,0.0,0.0,1.645631472939604,1.883232556165064,1.9013530747507168,1.2845342530320125,1.578648452410027,1.0206362164380782,0.9448097764115918,0.9302798533790602,0.48442039480739557,1.2255114755454883
8.173418151124862,4.2684184703635655,2.275049433820076,2.2331280372983904,4.139988858758292,0.0,0.0,0.0,0.0,0.0,1.3453093317041904,1.6426270729424055,1.7997547418422528,1.9321768601389848,1.4482856276047396,0.5283835686454029,0.9633391274379228,0.9256441337992403,1.0243519438924131,1.4042756461760844
7.63449622231546,3.7264659041161634,6.268327391238384,5.842761892683712,2.2614136184829343,0.0,0.0,0.0,0.0,0.0,1.3480081761488356,1.7568083682099662,1.9112618088643412,1.9910428643817575,1.929231788687718,0.6477549593474313,0.9312347019231395,1.0909389930045146,1.0222381415675477,1.0918965382447243
12.97192682426143,5.121108169469134,1.4426923539059546,0.7466779388076628,1.6905090090558637,0.0,0.0,0.0,0.0,0.0,1.549131849552241,1.8560075483484764,1.9175906305548134,1.6270452956221955,1.8151109172427853,1.0426885433124338,0.935893816875346,0.9643111743861419,0.8997590886390047,0.9320525993614589
1.444679450051657,1.5809362529504918,1.1405582606905376,0.4066063912185281,0.6320583506235968,0.0,0.0,0.0,0.0,0.0,1.452276207698748,1.234004209112322,1.0576916058143513,1.2310239924327189,1.6300858771812679,1.2688383658964753,1.4534895339088272,1.6727773121757092,1.3396532786881414,0.8955565455589101
0.3023141654562929,0.1501145009974208,0.08209293999050456,0.18981172865301554,0.1882897005714644,0.0,0.0,0.0,0.0,0.0,1.718283907559667,1.740934223605873,1.3483819360694913,1.7439963103863128,1.6871112670313437,1.0362118801047435,0.9193673974229843,1.2913151294092047,0.9413629172148074,1.00097867503582
7.891063684729808,2.847698856427234,2.234074843208593,4.986478415149735,2.8313402565397054,0.0,0.0,0.0,0.0,0.0,0.8438483852186092,1.641732819499916,1.33953087796945,1.0822409811193678,1.4893092340846141,0.9292324536818857,0.8981676845882753,1.0604901855113376,1.750347191399953,0.8232520587984278
1.6507713176623835,2.2505149967251654,0.8538492531399943,2.6248570926876433,0.7279899173462692,0.0,0.0,0.0,0.0,0.0,1.8242599172675744,1.0102736492187387,1.930017525534508,1.0504408076228695,1.1652563966743368,0.9633519473396399,0.6915436018654902,0.9768136314785908,1.3239151257314021,0.7741064122529301
3.1879961249815194,2.0116279821112117,1.7783152773911575,0.3603418474371025,1.77995310676314,0.0,0.0,0.0,0.0,0.0,1.7779159478081252,1.6986030241816414,1.7430340826369193,1.4591933513751068,0.6780405826333243,0.8514745920297827,0.9623593078333174,0.9395653427816152,0.8324958258723782,2.48124716500215
1.5682916487665157,0.7507435237277063,1.0380692652486654,0.745510068354626,0.21209821860104872,0.0,0.0,0.0,0.0,0.0,0.17427707687067537,1.0592941844910517,0.8467529560548738,0.6084851688200215,1.5284768109660611,7.267781616529953,0.9979042195153445,1.8398266587425458,1.235258368778267,0.6759448800430514
0.27717917716168217,0.16083248701950054,0.07834934389412701,0.16664775159650785,0.17146085989723153,0.0,0.0,0.0,0.0,0.0,1.4363345480996164,1.3664276736798942,1.3605460744258062,1.7295424906446175,1.1537130914148015,1.0558444524622481,1.1466842216882072,0.7370002973491331,1.1619348489827994,1.5931004157857798
0.35447071263987,0.3846716853279809,0.7157170970043104,0.34520984241399255,0.1981210405253722,0.0,0.0,0.0,0.0,0.0,1.4814924373130571,1.2940019552587945,1.0136087541525813,1.0311844133264447,1.7265665009764086,1.1059554546554395,0.6819540120818997,0.6711207489484435,0.7153661442014518,0.9335787112893265
0.0,0.0,0.0,0.0,0.0,0.0,0.0,0.0,0.0,0.0,0.0,0.0,0.0,0.0,0.0,0.0,0.0,0.0,0.0,0.0
0.7242982285220967,1.0576372733816453,0.5835547196813382,1.8362417820785022,0.8381871777368648,0.0,0.0,0.0,0.0,0.0,0.7295726663417809,1.8540989704327173,1.1526995613255162,1.912354582448828,1.7239040941444745,1.2940171891760757,1.020098308589459,1.583317171077418,0.9416259369093228,1.1297289157724237
1.9975639352810792,1.801875909873409,0.5536859864037585,1.6429027618277021,0.6359819622744969,0.0,0.0,0.0,0.0,0.0,1.3574866984339764,1.6721549943516167,1.7146055533598747,1.950990453579719,1.6980217143954148,0.778567482970471,0.9320055004545392,0.8719922490189491,0.9794866044706433,1.14001674092824
0.7390790468993971,1.229496159415777,0.4722278449108276,1.7621059504625993,0.8701351811919285,0.0,0.0,0.0,0.0,0.0,0.8892739271687816,1.7860068387468644,1.135778900786564,1.9504931648902866,1.686126377862386,0.2521203817743662,1.027794130102339,1.4503754152715,0.9624382214777436,1.1648630159418394
3.709620644729385,2.6968166538956932,1.0550501833093864,1.3562441405832983,1.1284172998558748,0.0,0.0,0.0,0.0,0.0,1.3783984175206756,1.5993963157293682,1.6660810014566942,1.7420759884002588,1.2387385551896803,0.8500317767967303,0.8896373866459046,0.868462642955716,1.1066789646995112,1.4604351276967482
1.0685341056406288,0.8217957989668092,0.20186732619958705,0.6215863500784768,0.5431015380483577,0.0,0.0,0.0,0.0,0.0,1.6316724699333072,2.030915847682313,2.029035985524229,1.839372624499706,1.8586616103172076,1.252730965874198,1.0354667065040135,1.0294922376014288,0.9478210552034124,1.0332166638215292
0.20555583898744062,0.5741675465094365,0.2186264176577169,0.7747185821736104,0.19946863738319895,0.0,0.0,0.0,0.0,0.0,1.3097717011469432,1.5454529141108426,1.3524357872043755,1.9219645565021457,1.6541648217625313,0.3741649321852982,1.1318896219341934,1.2046859708804771,1.0325471246303035,1.0190310770051716
0.2641828635381857,0.4635907559268252,0.39394260274891524,0.6778518099914187,0.340559839939171,0.0,0.0,0.0,0.0,0.0,1.256544800086018,1.6686374517382006,0.9960787214064201,1.8954579013801451,1.6570606412948619,1.470261915915473,1.010510994827258,1.5870226033417865,0.9252259695534925,1.0927419603298592
2.5347265076186676,1.880371489351102,0.5536249768644441,1.355357081903593,1.0516802796782578,0.0,0.0,0.0,0.0,0.0,1.357148487104394,1.6128545416264022,1.7114640165502193,1.896031482197401,1.6746447660827932,0.7053960093162943,0.9283612557327752,0.911555783577737,1.0578873801480955,1.1570110067708332
0.29844428226236613,0.38282932105327705,0.18021097728362517,0.41632832365258815,0.39341817854862204,0.0,0.0,0.0,0.0,0.0,0.9259821104039954,1.8104604288319215,1.4592907095135472,1.857909798620165,1.5696408214458768,0.22747328928733174,1.0320857797338954,1.2386009786520655,0.9659327308912192,1.1987824300733552
1.9942042901958619,1.1395878160673423,0.45470311336205843,0.6957361755122807,0.5425841321276663,0.0,0.0,0.0,0.0,0.0,1.5923856743608193,1.6554267406073717,1.8732779666867956,1.102596317836026,1.2584693132561315,0.8421319240427033,0.8256467542814762,1.0256826254880373,1.7448388036573792,1.0417443100430446
16.943614724459486,12.05033044163361,3.765984061196497,10.874528269422708,6.410002586895887,0.0,0.0,0.0,0.0,0.0,1.3953660688967466,1.6724559404583688,1.806740687533762,1.7980336722477601,1.4018681655470797,0.6945774580791756,0.9140510574874863,0.9481894456668719,1.0948484681808535,1.2547044382717663
1.6349707144479524,1.2355950711932793,0.580105658726514,0.4359623090900535,0.4250483708881211,0.0,0.0,0.0,0.0,0.0,1.640792820026864,1.5939991596173315,1.491956009536444,1.3708120891635807,0.6455536473068122,0.8355403411238095,0.9407812454911738,0.9182951504248006,1.2328496115367937,1.0479727819481481
0.16279376581635946,0.09658970255936593,0.22183953583935292,0.08430739122795709,0.06472512699246916,0.0,0.0,0.0,0.0,0.0,1.640987229141647,1.2042473243124536,1.0481178418322923,1.3254415282787395,1.4897959600219342,0.9920189934315862,1.302403338090295,1.1156181050223513,0.5926484802134859,1.2331447983873471
0.3190829960025674,0.5929106564473111,0.3141049772403005,0.3033473781659567,0.46188617361150247,0.0,0.0,0.0,0.0,0.0,1.857628342143885,1.1903349117720963,0.838466602590958,1.3255641869208288,1.2889745018187253,0.958081290391396,1.30740762155053,1.9388820625079628,0.6755011775330051,0.9986356576023777
0.21887261220869275,0.3294891719342916,0.17904311408832516,0.13628210915709124,0.004461911628209098,0.0,0.0,0.0,0.0,0.0,1.3242121557538515,0.7520661675552138,0.6629087446243154,1.4961584423388379,1.7779363719226133,0.28675939208399664,2.1462835586743068,2.357768939267192,0.7126853201171857,1.064507705682545
0.42674178661632833,0.3007461890164891,0.1307580613640566,0.5123411246908817,0.08607311533689334,0.0,0.0,0.0,0.0,0.0,1.528514276760027,1.6675415060835754,1.3536101170432238,1.7673976023114066,1.6325066518147329,1.1885304087561912,0.9514191091377218,1.429300106061203,0.9254539074284273,1.0538637962435493
0.533932717703134,0.4760140693676448,0.14685111125268363,0.4005348197733011,0.14782265081264176,0.0,0.0,0.0,0.0,0.0,1.378175832030456,1.5152984734738102,1.8141997719107081,0.9879848624136083,0.9490276619780065,1.0275954874749529,0.7248177156229857,0.9000079290315619,1.3811510359244799,1.4937945562026576
0.0920440150677011,0.07775106163891962,0.16614166400600291,0.14102180015776594,0.03947338025169973,0.0,0.0,0.0,0.0,0.0,1.8781162999793686,0.8265111688237173,1.544816553865611,1.3753408248439716,0.4387764710869951,1.1118951830829873,2.0869774876136615,1.1890328755228536,1.1076617583629667,3.7333192524944034
0.08279919621830986,0.05016536625335832,0.10953760920982436,0.0910235120504986,0.06618501701057539,0.0,0.0,0.0,0.0,0.0,1.6825451551152715,1.431238010947363,1.1978075734399776,1.8357411738114044,1.492533319068913,0.958607264170702,0.9713279149140752,1.0057796397469072,0.9222747586564463,0.8133094118318954
0.11896806145484391,0.14975191750249,0.02441754584086547,0.1572014552302609,0.05862732320582731,0.0,0.0,0.0,0.0,0.0,0.9779327081550532,1.0812296549825537,1.9731157419721912,1.6401637212491973,1.2842856019498803,1.2831898078868735,1.2900383233667183,0.9961850324503625,1.0626173999032376,1.1745703705737327
0.4637230806824003,0.4230470756367993,0.469453257865323,0.30718802612228474,0.13013095245985515,0.0,0.0,0.0,0.0,0.0,1.3936474497130786,1.3734342605269578,1.196564121989042,1.1421697730505294,1.5738034125779192,1.1864308721443877,0.9790665495781151,0.7638199556926395,0.7578321953022451,1.0179374241280017
0.1813385676248124,0.10635944045562147,0.06234599389515172,0.04408307014442292,0.04652152223825574,0.0,0.0,0.0,0.0,0.0,1.5950424405431445,1.2525671182360172,1.6700789148817385,0.9201514219326183,2.0507191472645907,0.9672565603145986,1.4543798080849741,0.8480497090391227,2.2263602987134457,1.0262632133176814
0.2815655531787408,0.23171347639666048,0.0883998715747036,0.08771560451636705,0.11317974013809289,0.0,0.0,0.0,0.0,0.0,1.779690636861973,1.536228771862619,1.8074897340601381,1.0790934980272264,1.3315153793884456,0.927197832008516,1.024548911782602,0.9913003901037307,1.7668681399658983,1.137461867775702
0.3548070788363714,0.052099464444627555,0.09851241687074971,0.16776547526712765,0.2239906356196682,0.0,0.0,0.0,0.0,0.0,1.1980423398121798,1.9090852149753001,1.4799143378428465,1.5116823615450279,1.9440199209647018,1.3799343137811455,1.1031811126560873,1.0815409696614584,1.2365401479267364,1.050859282063625
1.4802060268102628,1.21986923609508,0.3426432077077127,0.6940091152461842,1.2611870477230394,0.0,0.0,0.0,0.0,0.0,1.6405365366671039,1.7401774032185606,1.6995770396710743,1.820823561013943,1.1245665411956558,0.8223444113246656,0.9310784765247313,1.0225687143236109,1.0518198792465325,1.239086540371667
0.5436895709358954,0.4873115727742981,0.2531443980027368,0.29274682120776974,0.3822463701252285,0.0,0.0,0.0,0.0,0.0,1.5687480485840317,1.6828335484445027,1.7511331887180301,1.8166121647695979,1.4156875404428961,0.7436814387018987,0.9395590892999709,0.9467210425772739,1.1044540904636582,1.2063243455802706
0.8495969691323841,0.6238186335252422,0.4613876779609594,0.46159744911589773,0.1962302105423172,0.0,0.0,0.0,0.0,0.0,1.7863101195118158,2.0182806436608494,1.8880761776892059,1.530396579052217,1.5376685384918958,0.9882895041705638,0.9374490324895635,0.9260277561428665,0.9891429883928036,0.8732376749352678
0.047108587944094664,0.0492495071757507,0.06759882842448617,0.07095668767510788,0.04033737008097525,0.0,0.0,0.0,0.0,0.0,2.114143252137079,1.586314136875563,1.1762546283511206,1.686339016188355,1.6580825555410053,0.9549179883486079,1.1645858747526332,1.3878945222353394,0.9416322244523613,0.8967310232794544
0.1080570845423549,0.13955974463436938,0.14593207514596557,0.08247823159556175,0.07396414657019379,0.0,0.0,0.0,0.0,0.0,1.452657497546311,0.9489708618371425,1.1830249945459683,0.8830286948149397,1.5536293907690872,1.012339279300872,1.40021445710927,0.7379027577464752,1.2182177918614627,1.2789588580072788
0.08118978548275232,0.11938897380763906,0.044498971408386996,0.01390331973923343,0.05678668631100543,0.0,0.0,0.0,0.0,0.0,1.358462447601314,0.7643245804611798,0.9313583557355058,1.5106385668712035,1.71895537970543,1.4450378886663457,2.6042890498688087,1.2944670951375998,0.7252911134100583,1.0351662315238053
3.709998025839299,2.4158268461922963,0.8066206573407358,1.2888514848930117,1.097883947979283,0.0,0.0,0.0,0.0,0.0,1.77061356548856,1.6719105728597479,1.241070297671819,0.5584711129338861,1.5798729085647645,0.920556872139226,0.832318270590884,0.9017880764896031,3.3633674971643632,1.1255408649034309
0.04652880023890485,0.06506117941766577,0.0799324060973847,0.036719678276738214,0.06340837560209893,0.0,0.0,0.0,0.0,0.0,1.5838807938182267,1.0916456815877922,1.4449639115728505,1.5690388227255985,1.6357274126345278,1.063824154279794,1.5739446793280172,0.9777195998041519,1.2746276500765301,0.8536953032104249
0.42764835881344443,0.04370779108146043,0.15224310168307426,0.22223080149682004,0.32965995261916425,0.0,0.0,0.0,0.0,0.0,0.6837998826853268,1.7667701094286545,1.388939684027875,0.5351577948093996,1.6548923904427988,2.046684384189143,1.1487652353586513,0.5544970393450209,1.9485032686381072,1.0179455281951326
2.6490125996653595,1.678294091016078,1.2446449567955036,1.468561678658989,2.4047435671128694,0.0,0.0,0.0,0.0,0.0,1.379111840592273,1.597463925920068,1.7730994638215476,0.6345115167805081,0.5522266648269615,1.0393611574633412,0.7770980239881857,0.888645693249956,3.150373661375936,3.4675086796410746
1.9336143049166303,1.3938984657713636,1.283129267704597,1.428115927392065,1.558373205805413,0.0,0.0,0.0,0.0,0.0,0.7346643681586287,1.0998158907350861,1.2267313409481126,1.238770008625209,1.1510089328462776,1.0921250992465517,1.046293442444417,0.6488043109694634,0.7347528101815399,1.2548422968932735
5.40405659259224,5.028923022727727,2.968755500016079,1.9568239583220663,2.418329879816939,0.0,0.0,0.0,0.0,0.0,1.5967120138331554,1.6560337564110141,1.7327456905614533,1.604006354652207,1.3640730154565945,0.7654544529769285,0.8882560487761296,0.9047623410852867,1.1883752622918373,1.470249805701569
5.190951914612503,3.4662691087868955,2.000768752249491,2.161466431894719,4.716855692094702,0.0,0.0,0.0,0.0,0.0,1.569089559014667,1.6649642941647174,1.9371618836476785,0.9293086627272402,0.32363675054978613,0.9290057759489844,0.8223353418924442,0.9053852096210337,2.2521988693117256,5.010966177179681
0.3441710253576839,0.16846681971493788,0.19154563687804316,0.23338478038856966,0.5683470681067186,0.0,0.0,0.0,0.0,0.0,0.6710901240015984,1.6554965940664819,1.699468711339433,1.4856328583731278,1.5468670293834448,2.6858365543775187,1.2336466694748889,1.108564848230566,0.7023245854201672,1.1369918436148232
0.4503389985381208,0.23411076015263083,0.14213260867590963,0.14510358652947783,0.6744898720534801,0.0,0.0,0.0,0.0,0.0,1.2263096287543003,1.5402915962803008,1.6206121071419446,0.5112617202354619,0.5025402551474678,1.2542944690424005,0.8642896159482698,0.7560609571150692,0.5543778017112986,3.5268413504227594
3.9024014146548347,2.4807486776477523,1.341877014743621,1.0694555282579135,3.073139167517291,0.0,0.0,0.0,0.0,0.0,1.5633123626957675,1.6566634496542214,1.7952368800044578,0.7684266224616181,0.29609690487594303,0.9375201764107327,0.8270536617008184,0.8745479298810339,2.5359986828700536,6.002821267242074
0.6808310289448899,0.44856048304169327,0.35635135225767434,0.5786713209991763,0.9029770634675863,0.0,0.0,0.0,0.0,0.0,0.5440451765790251,0.9912136658314911,1.3877214002571352,1.3870823223125692,1.3061003897462313,3.7043519697792187,0.6313068000062605,0.6074866760725038,1.0485882028562405,1.203470192351868
1.8547092335526127,1.3980344136944787,0.6840483553783423,1.1189749485577611,2.1440176003213516,0.0,0.0,0.0,0.0,0.0,1.62317462334944,1.6490033585510662,1.7500025790792801,0.9879993728942804,1.3300347925591438,0.7934087070442564,0.9310865317967105,0.9506084684548989,1.9204134364243681,1.208902223246764
23.493091922659588,20.66730177644864,6.062875908076434,16.994519389912202,11.712281122104478,0.0,0.0,0.0,0.0,0.0,1.6550926505928247,1.6646871654168791,1.7583728530685545,1.007299798407161,0.5864585511211517,0.8412187543237999,0.9029692676093392,0.9564011808507505,1.9897978401494212,2.7893183930266607
2.8724078440962635,1.5173582489585618,1.142652700362144,1.3141180549421518,2.0901855556564826,0.0,0.0,0.0,0.0,0.0,1.4876781864186566,1.5814308335788534,2.030712238068934,1.2710385387637013,0.1717279935922994,1.0269855823920955,0.7471547528755178,0.9330942069746685,1.5791139799960878,10.525668035233947
0.5147598387055825,0.3592088430403255,0.3265820647424181,0.2822027938975529,0.21214492483118114,0.0,0.0,0.0,0.0,0.0,0.985470327498144,1.0760484421838306,1.0261820155330041,1.4185926754347074,1.655161004157763,1.5615627315372567,0.39235787860858434,1.6853314517964224,1.2140987350958488,0.8111258756558452
0.06450685408622722,0.09990731888925172,0.0861762939698965,0.13943410280843133,0.06432762328249755,0.0,0.0,0.0,0.0,0.0,1.3225002983663796,1.6956410491473164,1.6834278018450337,2.0127795870124556,0.8616137095545183,0.6594585721745063,0.9039218167125547,1.0590915359392292,0.9499469676332407,1.859381271530184
1.1188284477546329,1.1528558418279429,0.5728089141052412,1.0403799623017889,0.9974204637022351,0.0,0.0,0.0,0.0,0.0,1.4661104233298028,1.4813406529231103,1.7917691878502864,1.1412047767091555,1.406506509392984,0.7794572048838083,0.903491322799296,0.9443386576361075,1.8275846396434559,1.2211116730241234
0.24375373095587965,0.2110154217870382,0.09465789012878593,0.4000028241613947,0.038454831502265065,0.0,0.0,0.0,0.0,0.0,1.1419695565028691,1.5514967546166691,1.5402946669673956,1.0513379918998527,1.497892403263998,1.5968764051897295,0.9058647661563968,0.9714768431654791,1.4530192841819718,1.2029839304793235
0.6273807996051622,0.34769568736490497,0.27479824008844767,0.47020388148233555,0.2938865586434651,0.0,0.0,0.0,0.0,0.0,0.8750157675348269,1.152185739295826,0.9211586667768166,0.7628062876545931,1.0634313193858458,1.9108439511607083,0.41319708277133305,1.0951149707252934,2.5402062567263695,1.6725141326856992
0.15928442980062715,0.10511014354189444,0.11544080393266551,0.026582032067034207,0.13910274883436033,0.0,0.0,0.0,0.0,0.0,1.644208977744063,1.0224912352241524,1.0981753938073564,1.226403473297534,0.9639789381750009,0.9068757296718064,1.3600451812440384,0.8333108340096674,1.359290206575363,1.101111203239471
0.988535354021684,0.6100300254645686,0.3627225966377666,0.25100179261844263,0.40297437877581305,0.0,0.0,0.0,0.0,0.0,1.3056434306464992,1.3762191812385827,1.4248227147340462,1.3341984257836628,0.8376063091719013,0.617858297985386,1.0937637194578982,1.2900160725979626,1.353288169171772,1.9939804882635659
1.0582454379946218,0.7491740585223827,0.4389507389112284,0.43428179746282536,0.4889802452244716,0.0,0.0,0.0,0.0,0.0,1.2785565184156102,1.1319476871891885,1.409199903736816,1.8993793269359098,0.9332832831731821,0.5953032867077833,1.2859910646088515,1.2776423324860702,1.0212897355567039,2.19254061988756
0.6492244519802285,0.3352540196576263,0.3078156785300617,0.2611269157019013,0.2571931023278463,0.0,0.0,0.0,0.0,0.0,1.9146789673210318,1.143322913470247,1.5471673552847467,1.630068897058567,1.2288619865101509,1.0789740596764705,1.4858852888823186,1.2612247700824761,1.2812040896150638,1.3608932601610333
2.3778729994667094,1.2105286750891384,0.8553058679450457,1.0736896974843055,1.1548909796132913,0.0,0.0,0.0,0.0,0.0,0.7583434190872106,0.9479194032263573,1.1712166081091895,1.0653914076429107,1.255641769999194,0.44702075342525716,1.256234939360118,1.242212525226497,1.5731586864307232,1.2940700121824198
5.701334572021986,3.292537394064838,2.337336268984096,2.783031228573712,1.793250244287138,0.0,0.0,0.0,0.0,0.0,1.041380099338741,1.0033035177987313,0.4431906608291107,1.1526151304409242,1.695526421485658,1.510893115113074,1.8573015145882774,2.5978765752124215,1.7182602596378618,1.1276857173552182
0.2928619072865216,0.1922311689638651,0.2882939615262481,0.30344490199165985,0.28036499048474234,0.0,0.0,0.0,0.0,0.0,1.4333121721039497,1.5024564301985033,1.4419452466203848,0.8356853266912435,1.3541629066302785,1.3719760576575906,0.6595672268527828,1.134289629664891,1.8003728901751974,0.8638909085851256
3.623184801096639,1.0223531424685626,0.6295724585154854,1.1903151496818971,1.4295940166408705,0.0,0.0,0.0,0.0,0.0,1.1811016518878916,1.0529310550971058,1.6981661594406439,1.2170542056619909,0.8737228991544218,1.7660574166269274,1.35011858493356,1.0839420244039515,1.712306947419516,1.826206920640689
0.5650049591002869,0.5013210555380956,0.30412266778267183,0.9515776511074661,0.7715030977252522,0.0,0.0,0.0,0.0,0.0,1.8341591611115307,0.877530379178476,1.7973485624304382,1.4666170672764953,1.1822305733791159,1.0892293859119824,1.2127195142112592,1.134602049477308,1.036364741242041,1.5891988607991616
1.5154697916121602,1.1839112895133757,0.7734152675993117,0.39400711966963836,0.4578256468609692,0.0,0.0,0.0,0.0,0.0,1.555633435648403,1.5726246985953434,1.5714251981299667,1.5113261681300107,1.0303661101184678,0.7843488389000988,0.9020150494909018,0.9684851947133931,1.053745509722957,1.8293368201378202
0.49543849327001854,0.19609865724885311,0.07558209204189309,0.18009337353617885,0.05734487177526574,0.0,0.0,0.0,0.0,0.0,1.5165569493335385,1.4255383355716946,0.9848512213308324,1.09318766183615,1.8487726539734415,1.3385878459584477,1.3308554090209868,1.766637643142967,1.7283075406469404,1.02498817873989
0.1248223275503754,0.1011655349256061,0.06946407978412386,0.07111229577711223,0.08554406609460655,0.0,0.0,0.0,0.0,0.0,0.7961531968487737,0.7349402988038681,0.8634604025824572,1.4149022086764578,1.6218432002744108,2.0886676718328316,2.3230428497763826,1.5429664999357395,1.0235133619538916,0.9513105755900064
0.2545538488107964,0.24317872022877302,0.21609406419188276,0.22133355375611327,0.15980008016923306,0.0,0.0,0.0,0.0,0.0,1.0796784013963532,1.4638190866755092,0.9061408346846108,0.8645418277483431,1.2043483522657112,1.7075369308455757,0.6475052766837772,1.359408897832295,1.881009655253435,1.000379327789125
6.4055203369649645,3.154315837709842,1.0376910628638336,0.43289048467079905,3.942815951241994,0.0,0.0,0.0,0.0,0.0,1.57953847815884,1.8366102493075418,1.993853667752954,1.253855957881444,0.9402900970513822,0.8958494028416855,0.9353030185199414,0.963583652420581,1.4982787429022189,1.9378268955769706
0.10927770267518755,0.0636385925186297,0.08277071370517974,0.031576888699036215,0.08789740935825428,0.0,0.0,0.0,0.0,0.0,1.8282097610345835,1.0203873307874465,1.632798346267723,1.6124441433526786,1.6242614278396823,1.146184786127803,1.663542649294264,1.2813054359235838,1.0352762353697202,1.0430237466365433
0.0,0.0,0.0,0.0,0.0,0.0,0.0,0.0,0.0,0.0,0.0,0.0,0.0,0.0,0.0,0.0,0.0,0.0,0.0,0.0
0.9277611444351022,0.2521065585236073,0.23870606015960383,0.12083147971973636,0.06550495927715708,0.0,0.0,0.0,0.0,0.0,0.5801229866383583,0.983278694930269,1.4948630443525188,1.5712294648326708,1.545657617792175,3.4015568045284508,1.9778771962517254,0.7566316702056229,0.7467484388732456,1.008301176239518
0.707817703981267,0.5262155776629774,0.48130786774242196,0.20974269449715116,0.0830997843814214,0.0,0.0,0.0,0.0,0.0,1.6465265406488636,1.7273948723050119,1.5691365259011647,1.7917217439034678,1.4415354930400994,0.8653960114951249,0.9307875801527955,1.112565714126505,0.9645887151932888,0.9580190788602083
0.28732400691570115,0.13313935863511403,0.1287576763427319,0.08111792743918576,0.12282942306596314,0.0,0.0,0.0,0.0,0.0,1.1525655776783643,1.733621790026038,1.7150481022647353,1.9363815670728626,1.283088255674526,1.3460674571391196,0.9822733286754661,1.0489020314787951,0.9352066831785423,1.00458778652793
0.7714949991662958,0.21474021994602724,0.37678798708712746,0.08425201890485243,0.11304086039306835,0.0,0.0,0.0,0.0,0.0,1.2623612118014258,1.793466700135863,1.3693751108875265,1.0752415254860528,1.0842834773893346,1.2524493562086239,0.9589352666983049,1.1372076052864175,1.5455778036650887,0.6556863311211045
0.3079203997185692,0.15625093312868818,0.152397874631036,0.27863139363244194,0.42782898376030154,0.0,0.0,0.0,0.0,0.0,1.8045193968536861,1.440561377450028,1.798792979607206,1.3628661879519086,1.46231037206579,1.107030530206217,0.9873322436770081,0.9919266130556953,0.36477374992890643,0.7793544783806646
0.4135514932965396,0.06472687340909136,0.1813071594607918,0.4377385971166235,0.37554998890185887,0.0,0.0,0.0,0.0,0.0,1.5456614948120089,1.636019117592306,1.8301645529552488,1.1374217228082546,1.3259810123493943,1.172828107244386,1.1344811371616896,1.1282331037435225,1.6369284750506705,1.3449841965051088
0.3603242998725514,0.10087074924794512,0.2708094676738695,0.09263784004380214,0.33708170899931345,0.0,0.0,0.0,0.0,0.0,1.7065720776910307,1.7716409510446895,1.453868077936128,1.3833295992824934,1.5829563039612524,0.9955232619506157,0.8908264895067232,0.6892443754391322,1.358963113167723,0.9882794069528312
0.4388083857869587,0.14801123144236242,0.13043602870438037,0.08666784040061917,0.05841150605151409,0.0,0.0,0.0,0.0,0.0,1.0056726961170448,1.7724709850577374,1.6104645830704574,1.50541360006669,0.8484811576077972,1.8432136065207207,1.1622705843581727,1.0711061510266282,0.8122183616173391,2.2184575869434235
0.298636181248012,0.1432842811213057,0.16153558093386472,0.020328250037675265,0.11357653516896109,0.0,0.0,0.0,0.0,0.0,1.174483165980702,1.153004303286365,1.61271596290628,1.8711830992392986,1.6222614942172455,1.3589492169539177,1.724820268561842,1.166837634147957,1.0582241607475256,0.9489425794286279
0.15236740841312782,0.07344331948449952,0.17196993042260383,0.08262917977770098,0.16492950422316327,0.0,0.0,0.0,0.0,0.0,1.8054491673993578,1.1767780019760494,1.701332522758138,0.8705417621848316,1.4515799497201312,1.0580140072729323,0.3433646054575376,0.9095271493505631,2.1325569716899997,0.8044408807466022
0.03207276291564416,0.017114125060665047,0.01840840677429611,0.030142657215815848,0.03208936216776939,0.0,0.0,0.0,0.0,0.0,1.532579478561103,1.7436887693879382,1.313420393666701,1.5653426107851152,1.1141794899293744,1.227581087746763,0.9469435924989796,0.47556306721474134,0.9531743173569333,1.500613239487734
1.948580360798521,0.4914761767332,0.5557074329338066,0.8098215826900116,0.8950687716311517,0.0,0.0,0.0,0.0,0.0,1.5556992275940245,1.993234541888637,1.672281665714544,1.8232673622282856,1.409430311350256,1.3092589304972981,1.0039455151082037,1.034899530386911,1.0730044187387662,0.7704491449607387
3.096842055998219,0.6849996588340195,1.011225575622127,0.1354835169975371,0.7174551820537173,0.0,0.0,0.0,0.0,0.0,0.8207798106771943,1.3789395509180236,1.5248922490383516,1.7614792182694499,1.0747353672942863,2.385910757383743,1.2819927113359297,0.8842322104774056,0.9177059061009489,0.5138898365636537
0.23745705458748806,0.12961731851325714,0.2502695919801112,0.04495764690174457,0.15464114106694393,0.0,0.0,0.0,0.0,0.0,1.3324009407383346,1.5404367563695407,0.9994949022438828,1.756784361828394,1.17416255258602,0.6951114663725282,1.0597015783414654,1.5870315882519417,0.9169600271512444,0.4197746423338112
0.2929535168264563,0.1583454877027361,0.05174916166569332,0.11763071166533579,0.11599819094790367,0.0,0.0,0.0,0.0,0.0,1.4391033059713814,1.1186482114243566,1.446364471856387,1.9145937643764512,1.6195444012946072,1.027829860447153,1.681264897424497,0.9527015352099013,1.088947573502949,1.2683553267641674
0.30135264835435605,0.08632285492745909,0.21507489477450376,0.15900592928516843,0.13344970011935955,0.0,0.0,0.0,0.0,0.0,1.4818399129442814,1.9293401049751688,2.0945881090015597,1.587959426716838,1.6360122626549212,1.2359509009988237,0.9938166369072331,0.9910551102524172,1.0761962985538773,1.0164936873930395
0.16667215718973877,0.11386596358961172,0.05594977677357209,0.21765388579634876,0.15319327461472781,0.0,0.0,0.0,0.0,0.0,2.028152169520074,1.7805461097176067,1.5591316130704367,1.3020983144418432,1.5793778022267069,1.0142881904559615,1.002050233950749,0.8219359822646672,0.4677408654246204,1.2335513097993085
0.803268641571715,0.2251926359438386,0.354446046131119,0.7653816164921637,0.9919358594020145,0.0,0.0,0.0,0.0,0.0,0.7914516221636017,1.0769374426613811,1.9064268779709015,1.435629684035576,1.2146092990557575,2.188622570760453,1.9136428284830016,1.1000573286454223,1.2843252690249047,1.4020589012595501
0.12144777392726522,0.04339866366733288,0.06166353276257538,0.03636738130863008,0.014332946594124757,0.0,0.0,0.0,0.0,0.0,1.7503423810406509,0.559203748193598,1.767628117495948,1.7539460080470375,1.7601023752590939,1.1547718554822217,2.943351079409338,1.1639585504142804,1.1614553217249899,0.918065178277764
0.22144201712013012,0.1403804651851752,0.34866051380555707,0.28770019162785476,0.3136240084914182,0.0,0.0,0.0,0.0,0.0,1.6880711238116097,0.5675414693376001,1.3159748937909626,1.8808433999230396,1.7635256966533956,0.797686349238341,3.0926787560456783,1.2708526060693077,1.0973104752132934,1.007226054248734
0.32330835111405304,0.45831973231701795,0.08772939486057581,0.7171919389068041,0.46219558498907476,0.0,0.0,0.0,0.0,0.0,1.4504356016904965,1.3747142381623008,1.8523029285831314,1.4687079594805381,1.4297265412894231,1.394945945876948,0.8125240990741552,1.095573782179689,1.0299574018553868,1.1371195900128068
0.9959311480017838,0.2211171823589751,0.6496584045494622,0.19542146400081647,0.36001091223003856,0.0,0.0,0.0,0.0,0.0,1.3997848363746468,1.9262494201262412,1.8850777207004308,2.022521328069556,1.475172347709636,1.169172514538135,0.9590154955479212,1.0244803299561143,0.924854426197059,1.1544384158058973
0.7823420660234228,0.0851306393006199,0.4096721694740351,0.10342396622977235,0.20640373855548555,0.0,0.0,0.0,0.0,0.0,1.3270773035232228,1.989436073862908,1.988275363026983,2.0801586191049672,1.761034837684259,1.2621926027434118,0.9615382771228284,0.9467322181306721,0.938576501017029,0.9192248044181626
1.4124163546991304,0.5868108499656315,0.5069133512055761,0.21820155049973716,0.20124840030815636,0.0,0.0,0.0,0.0,0.0,1.347269519620161,1.4734085910545256,1.7872313477275896,0.8914789217620788,1.7904409128318155,1.2167089627661098,1.3028620332596956,1.0945772610834807,2.048400725506854,0.9264551788067322
0.9154803677460208,0.22417080376039972,0.17713273356717027,0.23978670925502393,0.8569230285219156,0.0,0.0,0.0,0.0,0.0,0.6382907505998252,1.4476416865383714,1.4668812444959984,1.59767215323427,1.0767738226652677,3.2629065740797873,1.3240954130104268,1.2462316064333065,1.0369445694755748,1.5262290496261046
0.2810604349890259,0.31220317614908255,0.16231388157367754,0.18936879967178508,0.5386197439265483,0.0,0.0,0.0,0.0,0.0,1.511692331619904,1.3346519266602077,1.9836844736246892,1.7033544551966182,1.5702725263862505,0.7328564772182571,1.3106640720593765,0.9193992461660279,0.9550220066967198,1.0331591512863234
1.2556943401643994,0.4484029300300468,1.1580438729160691,0.9968337054104106,0.10596075176718438,0.0,0.0,0.0,0.0,0.0,1.9184002758614662,1.6107756479374107,1.1943811764218384,1.6041144832778682,2.054116165110156,1.0219490919932872,0.8539883247617442,1.266050589588353,1.1794351610544371,0.9896993126025123
0.37849147508657566,0.11807108661164427,0.11174740333706693,0.19892446442981584,0.08505641019223015,0.0,0.0,0.0,0.0,0.0,0.6163378636142348,1.3693985199865257,1.1569066873105254,0.8036993754811224,1.3078833137989967,1.5328328692390725,0.7961286637751827,1.3132066298839,2.061663257917708,0.4922695896749625
0.8864277826706732,0.5856284334263039,0.39815221692863817,0.7253791696633627,0.05056950428815392,0.0,0.0,0.0,0.0,0.0,0.9988884866047845,1.4478182853109043,1.1035909992709083,0.3121892760530526,1.4403426513199933,1.6457913669144884,0.4832346508166042,0.922436877335439,4.089879302752184,1.0750255651722445
2.6279548433309703,2.3933698794299647,2.1154177067781768,1.4103666659326837,0.613507799069758,0.0,0.0,0.0,0.0,0.0,1.1276954520749298,1.2207112427743563,1.0973616825199368,1.1532355144606332,1.547114918876263,1.1350924422355382,0.744572765724763,0.9693063020577994,1.2300640032111405,0.9783947649025257
0.3702583581260813,0.2264397477754602,0.23136243499384265,0.34182032159480197,0.4582591419636294,0.0,0.0,0.0,0.0,0.0,1.2667339070062915,1.3747030457159861,1.2146209440422497,1.5899868136761144,1.5622091194375,1.6466649844021575,0.5181383996630496,1.5524016114671921,1.2086454301627672,1.0210751613342204
0.5273732150244758,0.9107067257122152,0.7002846111711598,0.34240387312988163,0.05336892932991494,0.0,0.0,0.0,0.0,0.0,1.5721698636773644,1.210001547665038,0.9093572638627889,1.7925146367150406,1.9654644284035665,1.0356584096071488,0.8412940295396122,0.6473698608093692,1.028283126233495,1.0242223922171811
11.999219915080415,9.442095124574434,6.376924627859734,5.894138170669805,5.451990715867089,0.0,0.0,0.0,0.0,0.0,1.3999247605490057,1.4294446372649523,1.4308168915550101,1.3152567661517998,0.8928162481670581,0.8227393073027285,0.9121054844980433,1.0394942119668091,1.3139417260088015,1.8400043653538238
6.213256391395571,2.345347700043425,0.9782844637590993,1.835854604921322,3.1764207048106154,0.0,0.0,0.0,0.0,0.0,0.8297926654567443,0.970389231099973,1.5239333823367889,1.8137649421206508,1.3248761105214106,2.285123475201365,1.0466288081929107,0.6628260887603595,1.0648888214528625,1.555214676497884
8.253981937893624,6.082230309357938,4.036600328425136,4.935487069243669,4.181364176642391,0.0,0.0,0.0,0.0,0.0,1.1815731306751354,1.3292573295267245,1.4061547424931329,1.4332200838990135,0.98823442904529,0.8549666823055778,0.9297799515610301,0.9784555171891474,1.229281350983479,1.837510237005146
5.312369963904315,3.7910163892563915,2.3987543906803994,2.758341801776785,3.195411207884269,0.0,0.0,0.0,0.0,0.0,1.2330946552605864,1.3834843472269698,1.5633443247972376,1.5426604665078398,0.9306566922902455,0.942720402662154,0.8785397720821937,0.8947557978727171,1.1566323626894026,2.0442683738015575
3.127279302971389,2.8145900269326045,2.9274182716446218,3.3826616849714077,1.5076506412353898,0.0,0.0,0.0,0.0,0.0,1.147082288888149,1.1655100691689833,0.8983612984953828,1.1006827053472217,1.2387824102267906,1.1347669390769404,1.3085132910197546,1.2268253192817447,0.600532472108648,0.770840443525544
4.187088137162325,2.5994113397925838,1.3839379005017278,1.7887298863516263,2.0644082611842687,0.0,0.0,0.0,0.0,0.0,0.8445791509769067,0.998505295314549,1.2156995408833116,0.9945343472901452,0.9220073225627278,0.579192656107254,0.7487615695934523,0.9772783655636826,1.731316017781722,2.1201949848125876
2.295556701786196,1.8107584814378868,1.3235047942541844,1.3331293633399197,1.1316571731691973,0.0,0.0,0.0,0.0,0.0,1.455945796048959,1.5979392299633166,1.6721508543857517,1.2438523701631756,0.8236149651339935,0.8664678034905849,0.8592769993391953,0.9608755642124982,1.383276401371646,1.30672496255064
2.3961130889536166,1.690818463722458,0.9752473448164632,1.3869496034866586,0.9873646218036196,0.0,0.0,0.0,0.0,0.0,1.3314507674491818,1.477057973603625,1.4711320616515435,0.8688011785981822,0.7027269773779204,0.8453109873662267,0.7467427595447593,1.0578521067722295,2.170714030083966,2.454266080893473
2.3214875303752125,1.9938574567171325,1.7247931368845393,1.7562801611930063,1.542391410170087,0.0,0.0,0.0,0.0,0.0,1.225493525818669,1.3041616663859998,1.3086410726423177,1.1651399665892137,0.9414194808659079,1.0799079935415248,0.8948920623853157,0.908603585783872,1.20545160612362,1.226027771013377
0.5031553776911152,0.2940400960057886,0.34764749544817064,0.2717574954491184,0.9806881977375077,0.0,0.0,0.0,0.0,0.0,1.372350204071776,1.7263999902171712,1.4390565920355805,1.9159631956180434,0.85758028737643,0.42869227705871277,0.929727821086743,1.2563948702700425,1.0889751710873938,2.04999912255156
1.3236393221698886,0.9727650677587517,0.8442166103349802,1.038613599983042,1.3289040671045274,0.0,0.0,0.0,0.0,0.0,1.3159158964664213,1.4776437402495668,1.469690860855793,1.1223891978133813,0.9174989982088797,0.8907933930733548,0.9716706868835917,1.0332109577550408,1.1879720384782728,0.7859591072253941
10.024896707104425,7.853902761277148,5.488751290345386,5.082049158508778,5.93175733243841,0.0,0.0,0.0,0.0,0.0,1.3444653867967644,1.3831110892293383,1.388379968143511,1.0491713125429671,0.6353446224535684,0.8250578005307614,0.9059619291146044,1.0135900690909785,1.4550329949921044,1.9215311760828564
29.980143880056072,24.47831002395855,18.77386449227601,18.898323433700256,18.240649466714643,0.0,0.0,0.0,0.0,0.0,1.108134345818788,1.2301140026920878,1.3415288338187732,1.28819641479778,1.0044285339150896,1.0846749074679471,0.9846321004390727,0.8718074486107035,0.9397468069985306,1.270860550233918
0.9890506455986641,0.5929128324472515,0.46854227185424585,0.6676210025178998,0.6641277549041714,0.0,0.0,0.0,0.0,0.0,0.7939836589371315,0.9172492456953486,1.1257570366852216,1.254987018727091,1.2358285876269546,0.47199106846726985,1.5952170040555407,1.2521406954017342,1.0942201739235293,0.9126938167133155
1.1729123720082832,1.1669697699391808,1.0751605719342625,0.9765957263057701,0.8135059904554147,0.0,0.0,0.0,0.0,0.0,1.4607059865149115,1.3814882263459811,1.3107628025663094,1.2572195581723202,1.1076029120860822,1.0343073112208445,1.0200215295541342,0.9426017881599386,0.9840095645088628,0.9875958255967489
0.9949534712884965,0.6659713360417006,0.4434694665520976,0.5321891656834958,0.4915124252087729,0.0,0.0,0.0,0.0,0.0,0.9114130515593483,1.1034275230861206,1.135879983812055,0.7549045470497497,0.8707263378762563,0.6876400805884126,0.6831673705623812,1.0890730976741871,2.0979017228012022,2.044895539638453
0.2120450108246687,0.18097351623966917,0.16122434675811925,0.125393689309275,0.18606070642857686,0.0,0.0,0.0,0.0,0.0,1.5951969385508356,1.7538967222241764,1.7980596852838047,1.4476308343360949,0.9885468044761625,0.8308463520163001,0.887623572207619,0.9756377534533138,1.231145533472722,0.3077807949077211
17.226118267680835,11.55567382956156,6.87650143897036,10.040559161260054,9.817549681016787,0.0,0.0,0.0,0.0,0.0,1.1036919232607816,1.2993431966982492,1.3607723145414192,1.352668011800707,0.9576301830352381,0.7833555378585388,0.9626089456093992,1.0277835896262761,1.3409701779993677,1.8964085048634467
0.04718285190302494,0.026166465850524144,0.06793645305805454,0.0641233171916693,0.04437715893606134,0.0,0.0,0.0,0.0,0.0,1.3359075482232223,1.7503460092547418,1.728058423433155,2.0866777550329676,1.508742470337769,0.5479115119018959,0.9269433861268735,1.0739829290001421,0.9729289675478102,1.1118140733226827
9.807440224450055,6.635344779997427,4.242363346108593,4.937663342798723,5.323511480634325,0.0,0.0,0.0,0.0,0.0,1.2915494276303054,1.3100556245136525,1.5011835047620985,1.2897626804555704,0.8129927352729474,0.8298101898189337,0.8335608377925559,1.0656700894939763,1.5414271779072737,2.492028969896831
0.31516926296100845,0.21005413851932225,0.11382371536738753,0.023557858772688612,0.06810337160902144,0.0,0.0,0.0,0.0,0.0,0.8079794203017466,1.1679001261438795,1.3820034379127835,1.6194936403472233,1.2672967175720178,1.600789842988559,0.8616026110308794,0.7331427756753083,1.2608687697484533,0.9290721559447374
4.776279467490932,2.9432640160965025,1.5614853250924163,2.261041970875393,2.8686637937654256,0.0,0.0,0.0,0.0,0.0,0.9084352935727481,1.0384863346018607,1.349532506246763,1.1347024325405852,0.8512595202405966,0.7428294771590361,0.7292497434760443,0.9712749172298417,1.5744564104723513,2.208833795969156
8.016053858833851,5.689878031643235,3.7198245942679997,3.781995359119365,3.9101729169314092,0.0,0.0,0.0,0.0,0.0,1.0815937811598453,1.1602508026919387,1.3116954782022838,1.1555960663458051,0.9275386355507029,0.6378716708725843,0.8870220816834414,1.0790792715622526,1.4866085535915798,1.861300389429683
12.15929309869276,9.158601691634113,6.792227029603508,6.705599107276905,5.397225892633214,0.0,0.0,0.0,0.0,0.0,1.101762081724218,1.2563184069540394,1.2580996572064573,0.968434240727507,0.7519443836076646,1.0025136740985559,0.8175678716915057,0.9656919492743068,1.5292201716798988,1.7554967902137117
6.8083095251999,5.095456085162824,3.0512138941440594,2.9672983404284117,3.760458353450826,0.0,0.0,0.0,0.0,0.0,0.8683790346693091,0.8453039264670382,1.039167448918269,1.2657221234091718,1.218148999530269,1.451247721796529,0.7499589471715371,0.9432327925127573,1.2741413368513124,1.4891246764099204
3.846701497345508,2.426726663248502,1.1062189933651505,1.408290313530281,2.5222490244393745,0.0,0.0,0.0,0.0,0.0,1.0219516548699734,0.8757706635198078,1.245538713903409,1.5503857710557465,1.137809602638404,0.7337397073351781,1.7145696224628006,1.2078430733177656,1.1831698647974693,1.6796661274716804
4.251504777609126,3.351720865697472,2.919714701876731,3.3210160548156757,4.993217479932215,0.0,0.0,0.0,0.0,0.0,1.912352824704151,1.5060800016100915,1.9633354980068611,1.5079038033535253,1.1011886789833567,1.0352041982156166,1.062824838478515,1.0495542615447833,0.8633401302339144,1.7306655262628117
1.1953948386293747,0.7829063308794915,0.30657528352602614,0.4206309143867609,0.6611525967492031,0.0,0.0,0.0,0.0,0.0,1.4115236989319322,1.481982166776332,1.5978361054684542,1.4716681982592525,0.6291566723859613,0.6022343641589908,1.0524468851827176,1.1218802476100898,1.2899649427075588,2.632059292289709
0.5150796321511483,0.3877593715149551,0.3089943154824216,0.32133952535138655,0.20653115357132693,0.0,0.0,0.0,0.0,0.0,1.276764065162769,1.2213937499915468,0.9129411079397435,0.5151468970754738,0.2794355600729459,0.6327338387219503,0.8438274048658589,1.4532344530567742,3.648433147864799,6.953841365867661
0.16258880816289856,0.09477071805196484,0.10753328792385294,0.08455674739783721,0.11912774725425926,0.0,0.0,0.0,0.0,0.0,0.4976782846240499,1.009115729449953,0.853176457345658,1.490912606991618,1.8491717550969164,3.738347502098535,1.1836221038772714,1.4410613979705136,0.9438575844877523,0.9094179709089677
1.3534771158676056,0.7637817054533819,0.48489008857334837,0.5814769721110306,0.40766930329065076,0.0,0.0,0.0,0.0,0.0,0.9622948025082929,0.9365897002987114,0.8400843414896881,1.157528883073226,1.6023136075410098,1.3954403919455223,0.6342184063736026,1.8778913022784656,1.625361932801364,1.1675641219567081
0.7362220983102867,0.315576359210435,0.22667808841111842,0.8910308400119533,0.2997408408989438,0.0,0.0,0.0,0.0,0.0,1.0041176567031254,1.5889159141462252,1.689615038663532,1.5563815729941537,1.3353555347808566,1.4542547761536233,1.172873986866891,0.9966410728045877,1.3046980152781258,0.2524003534369713
0.0,0.0,0.0,0.0,0.0,0.0,0.0,0.0,0.0,0.0,0.0,0.0,0.0,0.0,0.0,0.0,0.0,0.0,0.0,0.0
86.51492525286565,73.54645238541909,56.493579899097426,41.8618290934991,49.612588481241104,0.0,0.0,0.0,0.0,0.0,1.719752338464938,1.8556020115335128,1.5729540183402175,1.8639650070477671,1.4488635015191196,0.932464837617769,0.8868253215382977,1.0777635911877885,0.939965952325208,1.3348121288614692
0.9580266079158821,1.4938061226358132,0.6465571092173874,0.6242935488026347,0.5035696995148145,0.0,0.0,0.0,0.0,0.0,1.7144476274458937,1.5826016572517627,1.5071463202329711,1.7522774551111113,0.4666119063387478,0.95716415069321,0.8292040734012465,1.0747123430041952,0.9320780647453373,2.5321333947810443
1.2544197926442844,2.7860082344865686,1.837297292349461,1.499060971961247,0.5049007516665556,0.0,0.0,0.0,0.0,0.0,1.351414014248809,1.2003429043491003,0.956727926421375,1.706559999898916,1.759885622184506,1.1835606943813788,0.9514051857770445,0.698868902899262,0.9584154163313701,1.08545307689
2.7652050070464695,4.928092346504597,6.8567373678029,3.033143988050715,2.959151863886748,0.0,0.0,0.0,0.0,0.0,1.8100905719669917,1.390298113484099,1.3725419274257395,1.7991232456097117,1.9453181699290167,0.8957823995645188,1.1571353166213219,1.2139559271067235,1.0561778825887294,1.080937771260537
2.316428515228201,1.5262132725739757,0.6628781267420332,0.8128518923659103,0.7798924663915953,0.0,0.0,0.0,0.0,0.0,1.316228902915366,0.8994951354614528,1.8143231753757492,1.3461443560985864,0.7682781218823972,1.2161200870843722,1.7960877872011105,1.056143372373751,0.5096694432017641,0.8728630700746517
4.85636820351491,2.684513155597704,0.675172029962018,0.9710305999202248,1.319446428088562,0.0,0.0,0.0,0.0,0.0,1.1947329587017343,1.0881073464196467,1.461524758031291,2.0025491403227655,1.544784536170028,1.2101153503250976,1.8192030243645172,1.1216663662179014,0.9323826772180532,1.3017351614834547
4.257225580065084,3.3379107716934984,1.9887265738628457,1.4514411360635422,1.7090411980298517,0.0,0.0,0.0,0.0,0.0,1.7711686505712019,1.5475045085462071,1.2327143598829848,1.128178444839697,1.4268654616138128,0.9368425576670619,1.0462526871110405,0.8416177386397931,0.8489956984879263,1.4676840485168203
1.9460282452935214,1.7830108668626945,1.2425802287720327,1.094064704275403,0.8310424406723256,0.0,0.0,0.0,0.0,0.0,0.9711722128627848,0.8920469030890986,1.3756267012331402,1.4701720184408926,1.907928037568634,1.4112984136580142,2.2451997625119184,1.3404371426564956,0.5453833249066542,1.0249833271317368
5.602721280273647,2.309858418045885,1.631309564239395,1.5451900361472466,2.2158089148784867,0.0,0.0,0.0,0.0,0.0,1.4365329188298963,1.913915514828504,1.9198995481717265,1.8544778144186298,1.7735854174772907,1.1028336973817066,0.9935313465777981,0.9233293092881724,0.9680431499927218,1.0831429926829754
3.8456081096219124,1.076400120977597,1.3494195915820266,1.660618684607563,1.9418939360927752,0.0,0.0,0.0,0.0,0.0,1.5610919708607802,2.0502464051366043,1.4646987865586216,1.740469857791504,1.8821853587654027,1.1111133569669802,0.9572179250132472,0.6299480000602165,1.1209473019803058,1.0412793990554912
0.2896854504671783,0.16668059760031123,0.14406233702897434,0.14474870044811486,0.2890513250675671,0.0,0.0,0.0,0.0,0.0,0.9245387580720608,1.418353813093161,1.1762186482677244,1.7808897248615014,1.5316434611425747,2.2397926203110643,0.7408512867275929,1.4246812501004005,0.9368634049133971,1.0093164525809761
3.356841607870552,4.54511694387976,3.3743863206842946,1.2094426801336247,0.6571843645837088,0.0,0.0,0.0,0.0,0.0,1.0914951288227737,0.8510674078413867,1.018472332607461,1.3906514744421055,1.7245354914511388,1.1651178132052462,0.8931496366594546,0.586421878994334,0.8733870427566872,1.0979067574593289
1.9507251447197398,0.6470987593175952,3.7076277640163786,2.1078392127062133,0.7704324364313908,0.0,0.0,0.0,0.0,0.0,1.5410667258163124,0.9801773930725954,1.3359775121909672,1.5462720942637376,1.5583370965082817,1.2058981503577082,0.5388471979451609,1.1130015059369607,1.1519371415752402,0.985559010499876
0.9382000120589549,0.6048848440166822,0.10182240025307077,0.27548839859081664,0.155776007000852,0.0,0.0,0.0,0.0,0.0,1.5110328869777905,1.3863401682074183,1.3116974434043462,1.9755259579838653,1.559167885030699,1.1630575093566238,1.3313997745412731,0.7341103578137878,0.9643140603638588,1.348161663178566
0.6214339060571833,0.5257021225237948,0.11970729437448976,0.30051461436079385,0.21243138694106117,0.0,0.0,0.0,0.0,0.0,1.240148464833375,0.9689582162145199,1.6054580424957492,1.6358125842707738,0.7848771725573589,1.0317867931911162,1.6986560600738814,1.0149832259292695,0.8377984987121636,2.008828966395847
1.0763041223418723,0.6585038662871476,0.17444338803731566,0.49661314718071486,0.37859560377943274,0.0,0.0,0.0,0.0,0.0,1.2036413696521278,1.3559833462723678,1.8036977889543722,1.7598681811371368,1.5835603341429145,1.2887245984572158,1.3941182510423205,1.059241037809777,0.8629041553626351,1.261537633992141
0.19140256174201636,0.6250813335015845,0.10795937151503779,0.5766361888010125,0.18849367756278335,0.0,0.0,0.0,0.0,0.0,1.6642926956080675,1.0193846837023885,1.4675831510230366,1.4339914940302771,0.5336357541079386,0.9777005107052916,1.4746112683354704,1.3288726173414327,0.734596508917257,1.211464756734642
3.208121351764843,1.0735178131031726,0.8403870644342373,0.6425477527301485,0.953909139756407,0.0,0.0,0.0,0.0,0.0,1.4030175422925533,2.0417449534626804,1.9961383155344832,1.625282941954957,1.899562488509567,1.1675566893301634,0.9591649125878493,0.9379381389367234,1.1169050132475737,1.0145321606833446
14.577049508860664,8.692567058537032,1.7156470545963511,3.73983471730262,5.506862227960854,0.0,0.0,0.0,0.0,0.0,1.195508449182832,1.272922738308225,1.814320816559783,1.7527667056482399,1.329938033132734,1.2924274270985703,1.5438046814126876,1.0791312300745965,0.891150189934495,1.5450837628091183
1.0636159151101123,0.1538376005770899,0.30306085021986695,0.366791439666894,0.5176047213603298,0.0,0.0,0.0,0.0,0.0,0.8777757746545481,1.122910038665956,1.7593563932650678,0.825558504770771,0.8968965487547371,2.1521313438094754,1.5683506719956712,1.0670891284980943,1.1933148716876008,1.2651890836599682
3.3739963409503595,1.185326557629174,0.5162181250065591,0.9738428260771987,0.7112799463347624,0.0,0.0,0.0,0.0,0.0,1.0873116381935588,1.4850674710362166,1.6910336400049162,1.6403334811094428,1.6418010417561593,1.3120012992393475,1.3423195829322616,1.0572025809200387,1.0556335527526424,1.0913555242247466
2.539879367340306,0.7267083417032227,1.2182535372092658,0.8216383122377499,0.08398496981474676,0.0,0.0,0.0,0.0,0.0,1.3040173111768814,2.0119156934230635,2.018732329892438,1.4076765307228514,1.5823279849132785,1.1291743592026207,0.9577998414099773,1.0365427134230218,1.3601769174688898,0.8924915167997749
3.1215312374963053,2.8382997697666994,2.123020217764075,0.4122274645658626,0.6284163093977627,0.0,0.0,0.0,0.0,0.0,1.7214362907028709,1.6600270050220847,1.24952644305926,1.6977883471212978,1.449222877139737,0.9313463042668526,0.8357295488286903,1.3549093724056558,0.9604075757498854,1.344975065035362
0.5843432779499304,0.833320602011485,0.24727503793293354,0.32878590390131146,0.15909181000260206,0.0,0.0,0.0,0.0,0.0,0.9956786048986743,0.5370312639707238,0.7213590866280661,1.7104218798655098,0.8368906792868893,1.1964809722655905,3.4733482680354126,1.887075557152844,0.8194389412578607,1.9708702884285236
0.3437492778993549,0.571671937554804,0.1519414601120223,0.6082844000431791,0.12131713809966209,0.0,0.0,0.0,0.0,0.0,1.422753221607135,1.2617872202283518,1.7402907598899424,1.4215427545403037,0.40159833802016115,0.5503865895429305,1.1707623836515226,0.9951205188721958,1.0536061394425447,5.016061690459601
1.3469549851806528,1.990328668782097,1.3157191822054717,0.8291520977571851,1.614985125880342,0.0,0.0,0.0,0.0,0.0,1.804307851363777,1.1810371518011828,0.8973689803228992,1.5264009573330728,2.094070635936774,0.9114582295314915,1.6436936393096162,1.846050320997932,1.1615015111612388,1.002262317990335
0.6506341246450806,0.3336575719020766,0.12436157223744115,0.15626080185123173,0.14802375810580154,0.0,0.0,0.0,0.0,0.0,1.5304679553175147,0.9760661610512159,1.1704084242217574,1.755737883592972,1.7212500099156551,1.1728960834198954,2.014851175476381,0.6798761551541022,1.1493617394815914,1.1976694916583235
1.0755026829830805,1.154723676243416,1.2372320584496581,0.546288658735383,0.24565544722597435,0.0,0.0,0.0,0.0,0.0,1.0541506261957891,0.8029334252355499,0.9710763075085279,0.97612026504348,1.4720924931470218,1.4586930852594417,0.42035094121402367,0.9209059289372998,0.9624766713296569,1.108618537487299
0.1101302547082644,0.10250519399059246,0.1207460296906347,0.10294312613140413,0.10127236436196715,0.0,0.0,0.0,0.0,0.0,1.5360108467905613,1.6078431651858396,1.7679531144888099,1.4481339717794672,1.7399534164943151,1.052168344127758,0.9041370341276106,0.9676341258795331,1.126930722869482,0.9876424998683708
5.866576980012882,2.0140464847950836,2.419072899927346,2.796211387547645,2.246651900901945,0.0,0.0,0.0,0.0,0.0,1.4344763781669352,1.918167949353592,1.5264907474812508,1.783911048586275,1.5093987463284368,1.0648754732726176,0.9111419578371615,0.7235581475577176,1.0222705137854997,0.9601790317121552
1.3471991319435328,1.962011471760846,0.2648674367887316,1.6517154750777352,0.4690455174465161,0.0,0.0,0.0,0.0,0.0,1.5036755438335232,1.1787583090804,1.655772054416588,1.4868778755785579,1.3081211320811563,1.0669054743685826,1.3741112202925314,1.243398289107485,0.7470389948181166,1.4321571397757151
0.723745118228649,0.5341234249747046,0.3128324762160807,0.11347265685698035,0.05541135971553535,0.0,0.0,0.0,0.0,0.0,1.689991699396823,1.7226280086828079,1.7398844016642179,1.8458472072781933,1.3000876091851779,0.8519612970570892,0.9001787277053684,0.9175610521998518,0.9078594871109905,1.6145559105028129
63.42176621956418,79.80252138412014,58.85440077599846,34.03609993167493,52.243690646762026,0.0,0.0,0.0,0.0,0.0,1.3292487335689007,0.5582582680244822,0.8212263958728363,1.7417596136199207,1.8433441059659124,1.437958689176996,2.3077919980565724,1.6547393183454515,0.9959608527079818,0.9785641046188709
7.420208815156857,8.030936081623924,6.668279863954349,5.709549045397287,5.607810744435247,0.0,0.0,0.0,0.0,0.0,0.6015092095239266,0.6927946567883383,0.9312455751379491,1.0990183534907718,1.563055244387753,1.2677874555976243,1.3502742471410412,0.8953102558123306,1.0913385583718032,1.0894838486225988
3.2122688741050522,5.141605128329157,4.339604028488729,4.221494984156882,4.556016328736474,0.0,0.0,0.0,0.0,0.0,0.7718479973285189,0.6103376965254201,1.0176027348132954,1.1618847392587535,1.3252883557726867,0.8631136572587436,2.5073658279544735,1.1507067066234236,0.5370149944123641,1.1820275448657092
3.711422629221812,4.296999999221112,3.268333435198335,1.8593447098757818,1.8906402621396683,0.0,0.0,0.0,0.0,0.0,0.9370946502299211,0.6166416015686274,0.6513187272640313,1.3665699945183838,1.7390785229098573,1.7851411284133298,1.924489736821539,0.9000556114683649,1.1518932349727977,1.0417150458854747
8.023483441348404,4.605182379037356,4.978614666341782,6.284191444594748,5.008681617714576,0.0,0.0,0.0,0.0,0.0,0.6817011563736969,1.0361115013137716,1.1784168886709392,0.6130276691799533,1.2593907912417273,1.7027853344452837,0.8409483931397352,1.2770684664937877,1.462082814253788,1.033136926748216
5.0347198160615845,4.6189713073676355,6.553448602466659,6.0303453220688485,4.740432013962071,0.0,0.0,0.0,0.0,0.0,1.3899033963660818,1.0075369675756223,1.2509475471446578,1.0911856541677007,0.8510131543163636,1.351278956437471,1.1318248378151208,1.120512164301838,1.0376799399046321,1.273535330655207
0.4199794383564914,0.25905005198734654,0.037111349406814556,0.48356435039816786,0.41936507074145535,0.0,0.0,0.0,0.0,0.0,1.337232529037239,1.6431794108498632,1.6214609430973783,1.015527751527801,2.1089588762283835,1.445719135486821,1.10558887050645,1.2624964494362423,1.7259972683805895,0.9645112040384116
3.9997570032838126,1.9134683076315155,3.2452148820674425,3.173389553452675,2.385415707547071,0.0,0.0,0.0,0.0,0.0,1.0811240991427136,1.1814968701517903,1.44477633170094,0.7938024239405659,1.260374958575379,1.7824814014395538,0.8400002952078676,1.1842870660713958,1.6354754785897998,1.123623177466351
6.531562367787108,5.28585648549968,5.242444897033467,4.913413387921221,4.104593859622147,0.0,0.0,0.0,0.0,0.0,1.1542942104925786,1.0988177808258104,1.1990818716067106,0.9482847415302754,0.8637021490684932,1.3351742156932884,1.0583455139278242,1.0589445000487054,0.9277223132979148,0.9073548622229641
1.7969053432458506,2.1471427672236625,2.8731432176504885,1.9689027180387957,0.5985818089368312,0.0,0.0,0.0,0.0,0.0,1.7967670510910954,1.1840895510018992,1.0770343631301904,1.4782109560090297,0.8985851880129402,1.0266236609468302,1.0985881134864062,0.6609515428121769,1.1212025949185747,1.6782194497483982
5.246546387759099,3.834975565685769,3.4873736771598134,3.725855398217534,3.349209933003144,0.0,0.0,0.0,0.0,0.0,0.7239305235881633,0.9529178268374602,1.0355402686512223,0.820606737991053,1.2923280373227384,0.5867603851191285,1.0377025999174239,1.2459366517161277,1.4112315367380932,1.2117495197164558
0.586364825457636,0.5822677366975589,1.083063160957659,0.8706927777042116,0.7261354766836101,0.0,0.0,0.0,0.0,0.0,0.5796650095170851,1.1296731691563358,1.51615065489311,0.800330860231491,1.0038925077822136,3.1710838370365546,1.7333535811392518,1.2389209417259246,2.311289672472469,2.0932550170769995
6.26978350029495,3.468944499740117,6.346657434309916,3.6774700382134142,4.493387193658126,0.0,0.0,0.0,0.0,0.0,0.9517984390272406,1.1633075739107803,1.4698723321072775,1.1698398902200453,1.996713524717106,1.9901212419782313,1.279332357493774,1.2069572260300332,0.7193896437789875,0.9674423887775845
3.0057108157057773,2.6038861088144887,3.2197229512481096,3.1043386261391137,1.9526671130674864,0.0,0.0,0.0,0.0,0.0,1.038160950679989,1.0699057229128355,1.091593294136184,0.8099691822063374,0.9294790796127766,1.5980194711835012,0.655346142464715,1.0590617154710997,1.5516062348568613,1.3498047743602544
2.075837339205933,1.0157826317998997,1.5065979388432726,2.011105751412075,1.706336120167921,0.0,0.0,0.0,0.0,0.0,0.8534524773406794,1.105146028936704,1.3205738109608172,0.7451547290378623,1.1812271972233188,2.0856355684360053,0.8303427813886906,1.2005237854643607,1.3748918919345785,0.839603186906154
1.5557286761309868,0.8566891704186442,1.3105865701596888,1.4428919048771318,1.9305450188423634,0.0,0.0,0.0,0.0,0.0,1.9121072017737721,1.702511615171808,1.6471930137401884,0.9488703239217772,0.884960611399424,1.037732349195034,0.9251490627167315,1.0144447256568265,0.7636025056649564,1.2200521195604537
2.2611753355056647,1.390734569132677,1.5835309214290256,1.6541068786320032,1.4358854516817,0.0,0.0,0.0,0.0,0.0,1.4713534635400878,1.4020951626146876,1.4236165217252716,0.9646415298846535,0.9511240051692,1.242044992930852,0.9656432206793236,1.0201963012132995,1.2988907619083265,0.6869640870309127
3.873500891164775,5.320795892445636,4.340717525046004,3.275844619503984,3.2017117875259786,0.0,0.0,0.0,0.0,0.0,1.3264111894969397,0.9123899870594576,1.0625897010768037,1.1913472546995232,0.7376226683461061,1.0390665757360855,1.3938454630386332,0.8184477372265314,0.7381573029420612,1.5694068484415808
5.919744904712036,1.9587695462124741,6.8022171961822435,5.801881368999829,3.704185872918128,0.0,0.0,0.0,0.0,0.0,1.5784885259865349,1.293283858634768,1.5722009828157444,1.175373178496906,1.1751714228194625,1.3301544690176246,0.8814372822326894,1.1064700232638522,1.3375416191257756,1.1563951550161724
1.6904275749232653,1.830359055714308,2.1194453788391603,1.5403920593978775,1.27194614286859,0.0,0.0,0.0,0.0,0.0,0.6471969669447384,1.0863300398470936,0.9356053359061627,1.3326134712670024,1.7958263610914666,1.8644731367180627,0.24246166479151257,1.1902598170637655,1.1008731485125,0.8981925553483551
4.217251238613412,4.356228559716422,3.733316043577363,3.252977132881638,3.2438377241572964,0.0,0.0,0.0,0.0,0.0,1.2548151301065127,1.0219797381878664,1.1377208624398059,1.0292973797034937,0.6908470062052203,1.1323015703243031,1.2298030691031787,0.963182256175956,0.7477043732255095,1.197551567558633
6.343137417513174,7.106088118440544,4.528601371820538,2.9221116472402024,3.4061568364885573,0.0,0.0,0.0,0.0,0.0,1.2782463027607518,0.9530949201546517,1.0478156049210905,1.0603625912049695,0.46848946768655125,0.8710608017426992,1.3764662679200086,0.864295459903285,0.4976274235568075,3.1296269908893373
12.28587498037022,21.993872725459482,19.28414104716338,16.046843133497113,14.616129875067845,0.0,0.0,0.0,0.0,0.0,0.7849499842175416,0.5342441360235586,1.0389513812040951,1.2713417251374655,1.322097537140731,1.3555101844939723,1.888042920469725,0.831096138966974,0.6378396328023114,1.195914520566986
0.3515845092057682,0.17991973134225323,0.5283494198304151,0.4594491102592369,0.6711677035529773,0.0,0.0,0.0,0.0,0.0,1.9547857430559212,1.2573847975213504,1.344773783196262,1.6943917735288496,1.047725815277966,1.02062309439443,1.3977534678052534,0.7771554078675653,1.2221114303489458,1.6235810913452213
0.4702945570084284,0.10590621911734562,0.3186538562343575,0.26053875708243635,0.2591784649483942,0.0,0.0,0.0,0.0,0.0,1.7565649843404552,0.8832141222306962,1.8331139451588063,1.509399829889661,1.5414000032207387,1.1734623177483658,1.4584945909728064,1.0837638683996071,1.3539347466276574,0.7638460052233684
4.1878436338818235,10.812343271292008,9.513701259175493,6.507253239895471,8.442974845708523,0.0,0.0,0.0,0.0,0.0,1.1174099371452593,0.561549061954411,0.9923481764766221,1.2102830994632394,1.1352126636851787,0.8594651652045638,1.8859740440146613,0.5036536637880434,0.5542245659400529,1.520372882127282
2.8402826110065424,2.460732400765356,3.1468515364150655,2.6202509248736243,1.6337509792124656,0.0,0.0,0.0,0.0,0.0,1.5108278172880503,1.2688922056003873,1.1367955860319279,1.0334820569707233,0.8184627435860007,1.1827958581223952,0.819260865048955,1.0858414585072247,1.4193354234654267,1.1955657252019571
0.5271177502749717,0.45458720154648163,0.28785089175820455,0.39785990947066985,0.4167010999313489,0.0,0.0,0.0,0.0,0.0,0.6724765299268222,0.6276453937302968,0.7922660161125927,0.5901005964463449,0.5899408974659451,2.558767165549345,2.9867285249456534,1.2414353310617183,1.066622311889164,1.6864405805729892
0.20475312642199156,0.032428454607189815,0.15776624176488657,0.028939501805419522,0.16168791790911746,0.0,0.0,0.0,0.0,0.0,1.4896906468421485,1.596477345051991,2.0040997423419475,1.260518967652276,1.7479356803554083,1.2442948288541111,1.304186873762373,1.0027320531396056,1.2610402510432108,0.9436004948462413
11.36663842400859,16.494269465314453,12.406702657348278,11.188999085254325,13.10997168470475,0.0,0.0,0.0,0.0,0.0,1.2954341285316997,0.9055906453206346,1.1068896621997317,1.2477846075372765,0.8011205949445076,0.961427602685766,1.526050497388575,0.8193931664812072,0.7649137025873665,1.3340392434030672
3.9041585422166114,2.0708844463433467,2.0831167831369424,3.6017316839676816,1.6773543485494222,0.0,0.0,0.0,0.0,0.0,1.1402290031787006,1.4671991791308499,1.071436513096332,0.41375013131622773,1.3217499689357755,1.5924252612469283,0.6367057217871249,1.106520121366928,2.347187881482878,0.8629714299104623
0.741787041343962,0.8127163283611847,0.7194237614656387,0.40715819474779885,0.2745555475038928,0.0,0.0,0.0,0.0,0.0,1.1390847655479353,0.9481877195932097,0.8770403004611345,0.9767538357132086,0.846933136356434,1.0403320942353327,1.0045068288558587,0.6972367588695658,0.8016407535850961,1.6028609587408207
0.0,0.0,0.0,0.0,0.0,0.0,0.0,0.0,0.0,0.0,0.0,0.0,0.0,0.0,0.0,0.0,0.0,0.0,0.0,0.0
13.618354952582592,5.330552499801838,4.476096480204571,5.964445488468063,14.61382527081384,0.0,0.0,0.0,0.0,0.0,1.293033610005833,1.690573803122329,1.67822387455072,1.695885484649897,1.5103181112442758,0.4984581755083772,1.0083522867189139,0.9579016951752514,1.1952514573475572,1.3140727484269266
1.8516886157336372,0.9364806700672569,0.566336721782822,0.43327746792186767,0.9593433355417709,0.0,0.0,0.0,0.0,0.0,1.7974599678015744,1.5735507597705582,0.9727642750017348,1.3157538388887715,1.4340970179799954,0.9077113968555568,0.8964332420185518,0.27210321947335203,1.3561763659860078,0.9450887499751366
1.5683548794846027,1.8147516885428139,1.583849803941928,0.607010065134236,0.4513375196250565,0.0,0.0,0.0,0.0,0.0,1.4656653596174891,1.5110499310366559,1.5537494506980463,2.0539371453891757,0.7395881661417402,1.1070690533171192,1.151033776735833,1.2483746584338626,1.012992574208075,2.0333798516987525
0.8579978237277187,1.4305033308373658,1.6027572098056635,1.1053363929984106,1.1305229879806467,0.0,0.0,0.0,0.0,0.0,1.801466338171688,1.5947987661663963,1.6409930571055051,1.9588437421916338,1.7303483353090376,0.9584764564279215,1.0300100310609281,0.9971079080522879,0.9289203265389049,0.9113321936727026
1.2740533286351288,2.4376059123048264,1.8852552413431893,1.8659894697086734,1.119053651939581,0.0,0.0,0.0,0.0,0.0,1.7539566753955491,1.2816943681153763,1.46344274816957,1.3419755348898215,1.4470551313640596,0.9514152487754247,1.16759787758506,1.0410141253205534,1.2208976789221961,1.1277033572970814
2.153651287398963,1.1686769149431693,0.6289392040227509,0.92319457946038,1.1196229668032827,0.0,0.0,0.0,0.0,0.0,2.017722731229163,1.6151101626528002,1.6632481862825286,1.0620311967784166,1.3892736645849675,0.9528856540974441,0.920278343098571,1.096451779700395,1.660556624654495,1.120791527595962
2.5614062116286545,2.2920751544107896,1.5442668920302371,0.7172677431937909,1.3524960264090715,0.0,0.0,0.0,0.0,0.0,1.7728003015740956,1.744837533948938,1.6991340399744166,1.3789654562532792,0.20030106962984,0.890484393270659,0.9301434593119443,0.986969664642849,1.40262214218692,2.8085564095620406
2.3261515710203278,3.880856887485682,2.6621847936774268,1.321682377424144,0.3434809871308927,0.0,0.0,0.0,0.0,0.0,1.3506670763302313,1.0836846452067614,1.594274049372065,1.563538380883798,1.6399176043448715,1.2113568860832358,1.736636636914346,1.3041412588972827,1.0995765977476992,1.1574797131312633
3.6400818030943407,5.422632518437972,2.8647656255446194,3.492078987517437,1.3907313163929522,0.0,0.0,0.0,0.0,0.0,1.757226164394457,1.3893624243377662,1.6308058833823431,1.3579257944030867,1.0157066860132902,0.9136160998345421,0.9677750187775648,1.0470504693866176,1.2074814093515447,1.625412625432229
4.894108067144484,1.3922499343980266,2.840886917826629,5.723206910814959,0.6981569893452104,0.0,0.0,0.0,0.0,0.0,1.8119282006838673,1.828434736298644,1.446531388783715,2.0046419130722732,1.731366530417644,1.0756131768886346,0.9779516885382354,1.2377356958144605,1.03630394038657,0.9242187490714917
0.07855054849563922,0.1841701935807337,0.22199943945552172,0.20098625724684566,0.21087619327247625,0.0,0.0,0.0,0.0,0.0,1.4815359089450157,1.1443641215701796,1.2772485546206802,1.3723386130087258,1.94550596339765,1.1886895725697089,1.0210567367057282,1.1711902623415715,1.2192690609213859,1.0219957414947733
7.903949027011526,6.980108884139694,3.6294366554892923,3.0556700629485776,1.3873094068524945,0.0,0.0,0.0,0.0,0.0,1.731155237504378,1.735819224919354,1.7903640904846025,1.7702736076390178,1.4025748022715452,0.8470386734325229,0.9063816381312765,0.927755040871894,1.1023639920272323,1.2985567850623312
2.897417040153351,1.9941970213005813,1.6708937146561436,0.42140695330204386,0.444247872358671,0.0,0.0,0.0,0.0,0.0,1.3539816319688143,1.616031754394299,1.7449948646177278,1.6773907314017382,1.3999828064415671,1.0774108216547045,1.1436056088267648,1.148128753171012,1.1364067278728782,1.375855287605314
28.09013322121375,30.211048006898814,14.775834427997463,12.742417960301148,8.949086376977533,0.0,0.0,0.0,0.0,0.0,1.8552694185164835,1.6402632620894382,1.718275304095143,1.6980922716807594,1.522670234485732,0.93563450590774,0.9958371532319523,0.9524446138888835,1.0788014180317902,1.0645033197408922
0.15307864603143456,0.8962205303286825,0.40786828050552193,0.28586020357901604,0.6350714275330982,0.0,0.0,0.0,0.0,0.0,1.1830832264384297,1.0277010295316493,1.4288497959332587,1.7767812229479347,1.6192699739812217,1.3830739038613225,1.2161607040091758,1.3168622749452263,1.0254593207932667,1.1140542901311266
0.43438578837098296,1.0672676081516435,0.7267039209929024,0.9165778402457179,0.4582855751737355,0.0,0.0,0.0,0.0,0.0,1.9190660041517837,1.4985519731129493,1.6022489015189918,1.886430889090882,1.6110219991514036,0.9391760618210199,1.0749596052932395,0.98788320305731,0.969735094209063,0.7364752360214136
2.6411746426427287,1.4171554609405486,0.2455968091751421,0.37365166362480123,1.0216189550918355,0.0,0.0,0.0,0.0,0.0,1.7448928599715436,1.7522332455138603,1.7553510736553968,0.8901678950608604,1.368100134799492,0.904694588991994,0.8979129393975656,0.9505758570781168,1.6927367413123007,1.140685488260475
0.38891965790565924,0.38711255830981417,0.6363762318717787,0.3776610078692425,0.6428399222509682,0.0,0.0,0.0,0.0,0.0,1.4374428920164937,1.2650892192375298,1.2574537982618703,1.432451045351961,1.5498093302747276,0.880426692509848,1.065964353826499,0.7552091492294745,1.1386101200092054,0.9844585726538607
71.19015208892537,39.79242523966602,8.736671667948485,10.360811777045644,23.657418696530254,0.0,0.0,0.0,0.0,0.0,1.889602035040245,1.721711031585138,1.4943377796909862,1.1232285282740895,1.5207643926571786,0.9486978472266372,0.9219014078729767,0.8301037261116189,1.6671721093369085,1.0841216726994538
0.5051850674670172,0.2369411069458182,0.6788426895885944,0.2831825094260806,0.6511568205873776,0.0,0.0,0.0,0.0,0.0,1.3944901357244033,1.1645211574284289,1.2065701981041934,1.6444423207166763,1.7023238695584535,0.7688369853174776,1.2836954102104061,0.4834175999049774,1.0477712018609728,0.9308911499844857
12.844601292540379,13.236786951421227,8.077033429501205,9.138446363076104,3.2787801929323037,0.0,0.0,0.0,0.0,0.0,1.6861514831244968,1.632023915764604,1.7944569746209784,1.2341970037622538,0.7183360123370651,0.9564282825615437,0.8623954761818572,0.9114965641142528,1.4190492049795975,2.1368190376580563
0.4261093646562449,0.4786111989884748,0.1451297647043436,0.49031580010574505,0.21509795964338893,0.0,0.0,0.0,0.0,0.0,1.8395597127801822,1.740467973094573,1.4404738638392849,1.4385172144044769,0.876510711627668,0.9367941778409753,0.9476171256432847,0.7382494273526211,1.0893197791343299,1.6351842954445406
5.942356375719208,2.160631461415986,1.4241530094162287,1.4502423106236948,3.0110613864150846,0.0,0.0,0.0,0.0,0.0,1.93728337055155,1.673989728254726,1.635047485983248,1.5854486456188142,1.4276498262279904,0.9890839790372861,0.9099760908537186,1.1245705971270126,1.2191755703363971,1.0149727635177603
3.1343594950078226,1.562050879480479,0.5806504516524064,0.13916342750889016,0.34152893144690205,0.0,0.0,0.0,0.0,0.0,1.5767604074987576,1.662596176718972,2.068291389056663,1.4139001021229765,1.7744993539253069,1.0157134317828984,0.9930831144465122,0.9572428280620847,1.2753502457322623,0.8591257778683946
0.41656606937419766,0.44822506516151933,0.05039870048762603,0.7497516122753793,0.5080965668984458,0.0,0.0,0.0,0.0,0.0,1.6449930374539226,1.2704930344354222,1.9316854845364895,1.0466253413062783,1.569740661880571,0.869356773401027,0.8936981396593106,1.0314040673383174,1.399454170264479,1.0593237482168092
1.1695763070509477,1.8948112197768747,1.3553999456689998,1.766958015139983,1.4297810134377957,0.0,0.0,0.0,0.0,0.0,1.6234522244597858,1.7489165694166124,1.5668590767917194,1.918412137431996,1.182666361289243,0.9482844999155053,0.9220300714042,1.0583479581040434,0.8977844698727108,1.4791939539294114
0.5145461411028385,0.26435103545403765,0.24932614009085102,0.14028689242084508,0.42223278045705304,0.0,0.0,0.0,0.0,0.0,1.4028069999536017,1.2605276968524708,0.8745492468917379,1.2307439001736227,1.6459475880167698,0.5633121299007987,1.0872763607307052,1.6576860424756377,1.338449126902639,0.9876661991831204
2.596550442479754,1.4669385624529387,2.808038529941453,2.799582578815815,1.3086506926167347,0.0,0.0,0.0,0.0,0.0,1.41897870781962,1.4140812151824482,1.534820787702363,0.5539094690799573,1.8082940212226297,1.4756301984370352,0.8151664527179424,1.0561307894713754,1.9388641912166982,1.1095489531434168
22.436348421322034,10.759213702042407,19.090646646847937,12.204734796463743,6.526306717601733,0.0,0.0,0.0,0.0,0.0,1.920398574520482,1.3907872726613761,1.4175938519080802,1.5295715290897718,1.4662064042601697,1.0144804510341854,0.8379144161126736,1.258325503039312,1.30452444755695,0.9600713051931956
12.40649455168762,6.622953205893033,3.6429644629743514,1.6405837662743685,9.653042661195942,0.0,0.0,0.0,0.0,0.0,1.6598093319965321,1.8140432237390731,1.890309751865707,1.7342715413696363,1.1740584928533455,0.9709927077498568,1.0465209429445967,1.0970498830983164,1.0813034934693768,1.6919515123320121
2.0377963233812975,2.4338280469492046,2.320142459835348,1.1533412818960844,0.7092594848860767,0.0,0.0,0.0,0.0,0.0,1.775024085601214,1.6339895838945127,1.5278889409309284,1.9852860025862564,1.535995573699165,0.958685973427688,1.0202524591768372,1.1075508243692884,0.9694536167380481,1.367178631689316
5.538114446543733,4.060034628715979,2.864056618897448,3.307625291401378,2.1961513519240463,0.0,0.0,0.0,0.0,0.0,1.8739244164034854,1.653205006424318,1.4030793917278972,0.9432221667212316,0.40844812530535674,0.961560981660758,0.9271532918909947,0.9317996564840749,1.0907372525464523,3.7620671744259364
68.24630061704866,62.528508499984206,53.457713432957995,43.37536505602626,28.27508985591955,0.0,0.0,0.0,0.0,0.0,1.5440881532649,1.5087209046235832,1.418650347778363,1.3420013267312363,1.1887829235613474,0.8775794255167986,0.9510025341170169,1.0146011646289848,1.0100289718547486,0.9824282646099991
0.6146355982789414,0.4842130958711186,0.17117308787253488,0.299670518895064,0.15442541583258543,0.0,0.0,0.0,0.0,0.0,1.5829157307922812,1.4249944794557874,1.5552853034601481,1.5555069931677543,0.9183954276342083,0.9876799836897753,1.0108717336338717,0.7107835862272389,0.987911040313126,1.7489947194034496
4.693992685692291,3.3592305817949137,2.2026744187682383,1.476866679897966,3.009579915425426,0.0,0.0,0.0,0.0,0.0,1.6321722837895192,1.4907889404119288,1.714433822801572,1.0847561486966484,1.615911111442804,0.9351011037067948,1.116378466972509,0.9800035358470413,1.763405609172913,1.286314343175082
4.112627992069401,2.607742887350407,3.2592071634410935,1.5776214342352866,4.307606030155764,0.0,0.0,0.0,0.0,0.0,1.6632285844387074,1.7646379539717842,1.6000568852761559,1.211395395575666,1.7002154378229783,0.9134006727317567,0.9608793045315327,1.0167020172358163,1.6517340597639245,1.1691562512212963
5.350851531113823,4.457063265659491,1.6094333530989313,1.6614022940313262,3.7345937137288048,0.0,0.0,0.0,0.0,0.0,1.5529983198791115,1.3445649906402914,1.8788635201157615,1.5062966838269105,1.6444366986931092,0.9631420658649802,1.3180768324130718,0.936377769411461,1.1545201798939473,1.2751018316980272
0.08830021971549687,0.05860911256119485,0.02604266819103667,0.031489120180878884,0.13335866268711097,0.0,0.0,0.0,0.0,0.0,1.3341297522490931,1.6410788963233753,2.0256497391424277,1.6699950019408296,1.879166686400105,1.2210497356012548,1.277656928528844,0.9557624718116327,1.1123199649937474,1.0953923294358896
4.139199888206386,2.7882375198016716,3.036982569531694,1.2697448902833817,1.1103384472359399,0.0,0.0,0.0,0.0,0.0,1.656461740771055,1.7711033055944219,1.3556926898681996,1.4615491449012137,1.1926494374428136,0.8796478390743052,0.9279221078098513,1.2780323972139451,1.2129125750207035,0.383743839967282
6.153453137856056,4.785833227799223,1.6034580895972066,1.4547411945711268,3.961182656521595,0.0,0.0,0.0,0.0,0.0,1.4003010608089188,1.2381136500082461,1.8495468370284955,1.786728663161944,1.3128794010589762,0.9154288453996918,1.4469713181446808,0.9378457128149758,0.9206309281255294,1.5727612725699025
2.5322160265469718,1.5065899465034147,1.358787057402758,0.5668247319590636,2.442469562767557,0.0,0.0,0.0,0.0,0.0,1.5856485174444686,1.642357316422301,1.731935846839112,1.4899665993960804,1.7519516888087308,0.9715022152790062,1.1090026059911995,1.0346947353182219,1.3400932638649778,1.1907560596938576
18.823288492146858,17.16379781580081,5.050492242929776,7.183848645956237,14.244290170912603,0.0,0.0,0.0,0.0,0.0,1.3095054568198372,1.1695999212083006,1.603489646182938,1.645314861497157,0.49509245504412724,0.4585506877083216,1.4138084282865122,1.0132867914232777,0.8071577912669065,3.467479089086678
2.208130314904783,2.4521565353936494,0.5658827600126736,1.4328954811132268,0.5988741860547555,0.0,0.0,0.0,0.0,0.0,1.7806975453076506,1.4452428932333439,1.6430213609572915,1.0990387019390375,1.9249740955869152,0.987515065294397,1.1142753265063539,0.7992480929763192,1.6184584614952149,1.089270682022097
1.7055876442512434,1.210014527562327,0.9505575136001234,0.7284008330952283,1.1332605460294514,0.0,0.0,0.0,0.0,0.0,1.9657225798732059,1.7680363550357834,1.227435312397954,1.1881386433800059,1.2963563982029618,0.9576325796748487,0.9305306227165249,1.3332641928422295,0.34437185376898427,1.1786001384311897
1.810877494941294,2.065565742467777,0.8777445927441028,1.5094212151602189,0.13182165408550767,0.0,0.0,0.0,0.0,0.0,1.754550789629988,1.4612041809933074,1.2376911789978111,1.3107215116420314,1.9066044850134802,0.9978388969956418,0.744263806425017,0.30948222793740354,1.2608159668605015,0.9515316215969417
34.036944250541175,24.813395060159333,14.195876397788163,11.061584417585532,33.72181501161722,0.0,0.0,0.0,0.0,0.0,1.6671756167359555,1.5981979131300263,1.358710246423934,1.5890442960177007,1.1051740753031767,1.183110588579572,0.8811925170949956,1.0622798698944576,0.9326117632113291,1.7611516359871056
2.016477918945537,1.7996319425473146,0.4895119351524304,0.9343681533344718,0.7425368149640788,0.0,0.0,0.0,0.0,0.0,1.642833388780647,1.445827195617904,1.8571611226878042,1.4341574314686263,1.9966353026050612,0.984865100900422,1.2037673087242537,0.9049916625317364,1.1822686284154247,1.0517685661657414
2.2092710419596386,2.4408989371737944,0.5753853759246349,1.348209683102768,1.1225050604829352,0.0,0.0,0.0,0.0,0.0,1.549175155235053,1.1765390122232384,1.739815427228377,1.471113671288406,1.355797737640014,0.893966002543855,1.3293247780932385,0.8977093698543644,1.0385103589886906,1.4813020128082477
0.2150425926141908,0.13342169115235927,0.08523102049137693,0.21473627049741256,0.4121457488463361,0.0,0.0,0.0,0.0,0.0,1.768986181243937,1.7317684590869582,1.8021826599545183,1.7590604396182976,1.6485430178931693,0.8457979984924745,0.9230610230247905,0.8825679687512552,0.9408272337866238,0.9667224806227562
0.5415303463823494,0.7459657153929784,0.289523985938237,0.8961394409064777,0.10180687310950096,0.0,0.0,0.0,0.0,0.0,1.3394924872504244,1.2963296888361389,1.4996175279381576,0.8061366312116978,1.7128534289130197,1.135092062411374,0.6588136485390204,0.6347430742282927,1.8890965551134244,0.8989604109610952
2.409250188174763,2.134844361141043,0.612970036943396,1.7518233642569758,0.5190050843872318,0.0,0.0,0.0,0.0,0.0,1.5502279061722735,1.475090612482264,1.376368146538048,1.8579989034578612,0.739170121585393,0.9755066005735893,1.0114988547515817,0.5880719812576775,0.9620426147697008,2.289590747184754
0.8833830173976491,0.7382434335554915,0.23689372465032693,0.43236568958430166,0.28821633241116895,0.0,0.0,0.0,0.0,0.0,1.7831645493750152,1.5566446585624705,1.5003444221571827,1.39612532208502,1.7563231051130819,1.0277480563282524,1.1127329671983792,0.6454645277068086,1.3726962477235283,1.129532743188991
15.058316837600879,10.76727086406233,3.552884684166488,3.8343157955394105,12.565040409640492,0.0,0.0,0.0,0.0,0.0,1.3052217420065104,1.180081875332449,1.676424296955165,2.0656224521327062,1.4879977935048532,0.7272824918887836,1.603845013001162,0.9795746375855856,0.9503563263090283,1.4045902005374404
1.3609750639918523,0.8639296275615548,0.8690929476347715,0.45350804564940345,1.3987841730524835,0.0,0.0,0.0,0.0,0.0,1.4656861302340012,1.7179648037832325,1.5147447665647393,1.811462637454049,1.325316915569627,0.5565549500402832,0.9254024263629334,0.9330772889914273,1.0474876589898916,1.2398437452476083
0.23574742337246404,0.18123382197807764,0.0750432260790498,0.30916583456519453,0.3205957002961717,0.0,0.0,0.0,0.0,0.0,1.731683346890215,1.5576165075360517,1.140163249885109,1.0320830399729395,0.6401757959256779,0.9159735461209378,1.0435465364729066,0.7339305707801559,1.3763567860111194,3.207577978153494
0.5640975213424998,0.9470411156270526,0.10954029904886586,0.9702947795069266,0.19609160569274967,0.0,0.0,0.0,0.0,0.0,1.5102861835284331,1.2924132584067891,1.5121573702920454,1.0965791155145268,1.452021856963873,1.050715772115192,0.9721837549880743,0.6177906802509663,1.4378850129942782,1.30745960215772
0.43415263910007856,0.5078390945140876,0.2622388081327813,0.13291298102615895,0.17107133706334562,0.0,0.0,0.0,0.0,0.0,1.174078640400164,0.48676062568202594,0.8334362149007399,1.6811525320935212,0.9548560789656823,0.40362588560058804,3.335786292754964,2.183628628688326,0.795975528455613,1.2785274878902861
2.7054338471878703,2.529271092431542,0.5641367935966498,1.3194835883022926,1.8907033696311408,0.0,0.0,0.0,0.0,0.0,1.7956368455077176,1.6499292699269703,1.7806930939345669,1.3736395436878768,1.747406752817111,0.9959748436408421,1.069878218623526,0.8993670690518836,1.4141735603465762,1.1570284010581982
1.7002488726706677,1.270384131769235,0.8826824233666389,1.3724097722000113,0.7514351090013565,0.0,0.0,0.0,0.0,0.0,1.2361672376383726,1.5466431010792971,1.4754766061269255,0.8121481847384482,0.8596460932705223,1.2320791924505052,0.7226579552656857,0.866270701308497,1.975900477783194,0.9856529992911004
3.9058050265369766,5.06168038682558,1.364565593229273,3.1337133211149855,1.7871293994130475,0.0,0.0,0.0,0.0,0.0,1.4667376382149577,1.1486428009973055,1.6657698150355993,1.4059594867864074,1.168488289287057,0.6230902625444127,1.3538497630077269,0.9529290237965353,0.988070727339097,1.7329360058851417
9.790883532405896,11.292431994578015,1.794329628235412,8.288336459418193,8.904269928272397,0.0,0.0,0.0,0.0,0.0,1.2913044494126205,0.9913902126594056,1.1965231368775355,1.6149242939942678,1.0896116358019188,1.0856081153633512,1.7132043108212087,1.2318644086473745,0.7397697828676764,1.4407180208923498
2.1984464042965888,1.8341149293685732,4.8888063076196335,3.6932641071659615,1.8094527723266736,0.0,0.0,0.0,0.0,0.0,1.4997622712509677,0.9515312345026742,1.6679908412139537,1.7553540838715882,1.8810408558105958,1.300415277542196,1.348258433294305,1.1644882207046998,1.1479842226201271,1.1026734014648254
1.3993972746012866,1.0700901254096233,0.6751965594353728,0.3815988348748539,0.2068827500908413,0.0,0.0,0.0,0.0,0.0,1.8016067287205586,1.77098969609383,1.4955591923606588,1.0108242112875576,1.4701871391709944,0.8863548830313284,0.9047042428693685,1.0983651020904412,1.1851993437657564,1.2026282369953294
3.7226072565620334,2.5680318375089266,1.5870734897268433,1.1133572577533697,3.2618022651951177,0.0,0.0,0.0,0.0,0.0,1.465729815809318,1.5435520599278014,1.7322148458440931,1.3642950039956951,0.8281883663013553,0.7201128596471893,1.0357728175865184,0.9348575715990741,1.096914075436622,1.8274983248901207
