0,1,2,3,4,5,6,7,8,9,10,11,12,13,14,15,16,17,18,19
0.0,0.0,0.0,0.0,0.0,0.0,0.0,0.0,0.0,0.0,0.0,0.0,0.0,0.0,0.0,0.0,0.0,0.0,0.0,0.0
0.0,0.0,0.0,0.0,0.0,0.0,0.0,0.0,0.0,0.0,0.0,0.0,0.0,0.0,0.0,0.0,0.0,0.0,0.0,0.0
10.470689422516992,5.49401997128066,2.176035477294073,1.4250779180593032,9.913751814772539,0.0,0.0,0.0,0.0,0.0,1.5065779002691697,1.8008121317676609,1.8407245676955226,1.7169221104764927,1.1382164911370778,0.8026514259804343,0.9511624983559028,1.0870924824873613,1.0555280572908146,1.5132078326918688
3.9646082376552734,1.7006848248646105,1.6114089276395926,1.0840152948753494,3.318002164719698,0.0,0.0,0.0,0.0,0.0,1.3762669888738457,1.6876158033788038,1.883934579257177,1.8103048070207257,1.3504391329193715,0.6082704078252906,1.0184267589248053,1.0894477969690748,1.0517824703429495,1.3760998301008736
3.0963526954693648,1.854494579495125,0.6466219719589787,0.5253019245501391,2.8574983585097855,0.0,0.0,0.0,0.0,0.0,1.3977018083112513,1.7461711603690802,1.626353813439831,1.9330273862466192,0.7843042992033088,0.9479441276751398,0.9493498758113842,1.1563578209682845,0.9645761922477828,1.8641618030411118
1.626105261334225,0.6414983777370835,0.6664187209815573,0.85589949127415,1.317611713089505,0.0,0.0,0.0,0.0,0.0,1.3460353020687643,1.7814362602329732,1.8895966517574263,1.659760027481974,1.1293774109574874,0.8776932323649561,0.96025118568995,1.1128784251918582,1.1431279981636953,1.482124515942277
1.609689646353876,0.8502858054384352,0.4629746766014485,0.4439215191152434,1.5232337895948376,0.0,0.0,0.0,0.0,0.0,1.3748541645411625,1.7121572824901985,1.9039475987910572,1.8831986134566259,0.9899450089290389,0.6529393903178116,0.9791666006754826,1.0853406229243467,1.0295668255503538,1.682016609172973
3.3198719990937953,1.701955441550437,1.1031920711431962,0.9217969969004012,2.5662668619240017,0.0,0.0,0.0,0.0,0.0,1.3582045623146237,1.7045329957607767,1.6863626029979704,1.6963189781968124,1.3235193769714462,0.9676178279092551,1.0222941480715917,1.1870632006228958,1.0667161177561488,1.3081882822552036
0.970402391972538,0.7120910542173748,0.26845472218142685,0.4257551271125406,0.8822238060888916,0.0,0.0,0.0,0.0,0.0,1.6247181970102966,1.6819592323351094,1.7828602585518654,1.3311094077276204,1.1119775058316046,0.8401326560206277,0.9699486997858456,1.0241387094011387,1.460079279552804,1.473081831830735
2.905119593793981,1.4960165586462337,1.2000609168589926,0.4978922856480522,2.725228533615936,0.0,0.0,0.0,0.0,0.0,1.3237161659511234,1.7511738795284393,1.5831533768716533,1.7127332916366644,1.1654439843729045,0.6732263812538761,0.9640850721649046,1.2321667525274385,1.082133371353194,1.4673831957347427
1.1725194792216622,0.6954839210669285,0.608860088038941,0.45686692390662087,0.9609093439543915,0.0,0.0,0.0,0.0,0.0,1.4381022275427588,1.8065219215042008,1.8820166816556931,1.8042937538497459,0.8279533000992296,0.6573395837756538,0.9374590225737064,1.0739618588949575,1.1408883607943952,2.2200616947181953
1.4406443629923718,0.7248952185600969,0.4452768533067208,0.4220744506821036,1.139565213782395,0.0,0.0,0.0,0.0,0.0,1.309357130795273,1.5496113007772059,1.0614850324255674,1.4481644874854984,1.328112573855274,1.248755504783194,1.2832314412699712,1.9300466399035536,0.4902430190845308,1.1830490731129282
1.4002998866704062,0.584890543823542,0.23243410782039073,0.28861926579006675,1.299065743638859,0.0,0.0,0.0,0.0,0.0,1.8219337628074577,1.742881017885674,1.2742824091341864,1.9474393392241884,1.332834600599757,1.0551724971643783,1.0193547595257693,1.4050744599269045,1.037534222888533,1.316233019438115
0.8713055647944244,0.523398032893404,0.28588854599338004,0.3924822855428327,0.7005504820220081,0.0,0.0,0.0,0.0,0.0,1.3884003485897756,1.4508806281813205,1.6715191154676468,1.459125474914514,1.5693910411389436,1.065790409213746,1.2361913061875716,1.226804103471372,1.069181320392201,1.141068724191359
0.11405431063764578,0.12429963108835251,0.13605081243390263,0.3383747274349494,0.2698055190462293,0.0,0.0,0.0,0.0,0.0,1.210076069964115,1.039152636447855,1.1968248942355744,1.2364235025450159,0.7381310361215109,0.8637131787513224,1.571712653051493,1.5858040984806954,1.4003702096834179,2.2248016983567545
17.04185758851163,4.829308461275209,28.97688892039194,17.666141110776575,12.624420383489447,0.0,0.0,0.0,0.0,0.0,1.5857114451129306,1.4104974100940377,1.7460060918299072,1.5177515398841341,1.6442570708171482,1.1183940079538166,1.3496436841389463,1.1350852525735875,1.239658316701525,1.1263445221939166
0.747753165735287,0.26332365127007196,0.1408165688636067,0.2806098867861202,0.5176561501054502,0.0,0.0,0.0,0.0,0.0,1.383864048430336,1.5745915067201486,1.2339980656621659,1.6217497018661033,1.1313389448215487,1.4855218631331206,0.9280619997708054,1.678518199735722,1.0371295650540786,1.2186291214586604
1.3727856868617332,0.8087598781547933,0.24027224804134123,0.4259141112128254,1.4952644668429524,0.0,0.0,0.0,0.0,0.0,1.6193564531293587,1.7950054137255735,1.7168998016979318,1.6937032729121628,1.403630003192221,0.8560607654078037,0.9354334797126057,1.0679068275809789,1.0215026076980842,1.2033986256379596
17.54842340081531,8.591353814401938,2.1467912192829255,1.7206436816475132,9.964008469515203,0.0,0.0,0.0,0.0,0.0,1.5483779236502235,1.7702340148060478,1.9856703935113886,1.830042905114003,0.8991750709039238,0.89753715155443,0.950941267604239,0.9396394584562988,0.9925168953450858,1.5932791104598234
1.4717379423404355,0.5303275724933181,0.49700697039384084,1.180662310947656,1.3865647996103359,0.0,0.0,0.0,0.0,0.0,0.9820053669604693,1.3298089581211874,1.745155789214559,1.9938434004629126,1.5294990153860264,1.6936042536604536,1.2512666046027494,0.9327661802972449,1.0019415598566275,1.211016652175442
0.9463662220680646,0.7396892025948968,0.47229623930287856,0.07938068584414897,0.5443927682275546,0.0,0.0,0.0,0.0,0.0,1.844388026727475,1.6898897032625613,1.748173215065889,0.8825717239856532,1.1307978433583636,0.889993812286884,0.9204059797782878,0.9300300094298214,1.6641457003704154,1.4636364888129187
0.2118244242232151,0.10022268139823653,0.11573322882022163,0.15464118611324376,0.1860938183563941,0.0,0.0,0.0,0.0,0.0,1.4088841605609599,1.6888205098930034,1.8444149035390642,1.497968855355216,1.3299687061985128,0.8627255685922601,1.0244008557434332,1.1281769672265312,1.2243057168926552,1.3687644200614362
1.5071718099526268,0.9476207532009233,1.2228136264230112,2.322128564488776,1.5340141859795964,0.0,0.0,0.0,0.0,0.0,1.791125375021173,0.9815278595462009,2.0551585013997817,1.0333916458885457,1.8590692820009171,1.0891092697773697,0.9942860185450895,0.9766517549509075,1.317163896211614,0.9642265814669305
4.83537982526287,3.2490986468926097,3.3342380779668717,2.515029737916724,4.877247327160968,0.0,0.0,0.0,0.0,0.0,1.3413256848106396,1.5706613071289415,1.5620565579652446,1.5596047269156703,1.3337788789373237,0.809185404953983,1.1012673158213944,1.2122672344151548,1.1488973150925708,1.2991032918424108
1.3534257747598077,0.7918566168474038,0.3586727933873991,0.5735022689125944,1.621912597454612,0.0,0.0,0.0,0.0,0.0,1.2788898210629613,1.3450118798691655,0.9051704084210218,1.6978766122032218,1.6568394019519328,1.4222381245136244,1.266007584917764,1.011174749853567,0.9082731668230956,1.0069129531725984
0.21661298447792393,0.4581401585376721,0.20564840440639656,0.40050174843804465,0.5181392808059212,0.0,0.0,0.0,0.0,0.0,1.7232963870448907,1.1869940803399133,1.2939738275139927,0.9483411494075377,1.6790664195476601,0.9139686059808432,1.410740723502226,1.4998498931265523,0.869254592662098,1.0841838225545088
0.26594581394629613,0.16191773285981106,0.11582370263621238,0.09645043018258803,0.1576136200212364,0.0,0.0,0.0,0.0,0.0,1.8123651879659386,1.7899550159139632,1.5521843047032295,1.061328449226093,1.650974330949511,0.9195346002228503,0.9266951519923761,0.7155682773858553,1.952397692306609,1.2019929716162658
0.029743596940540407,0.26878640226444017,0.19425855966025649,0.24112537263888706,0.18822609822767858,0.0,0.0,0.0,0.0,0.0,1.594059495028977,0.7613364412958354,1.339057517926009,1.1246812683064333,1.6962546260542979,0.8489735410482815,2.1675551075268875,1.2395581815592522,0.8543638281886942,0.9564043486759779
5.7534618528417765,2.8835126486538813,1.0692834472427988,0.7862641934824873,3.5560312641357776,0.0,0.0,0.0,0.0,0.0,1.529979914188682,1.7586185427139138,1.9769479483022245,1.6264877606582557,0.9124209015366629,0.752305654604974,0.933871358630706,0.9816611160164933,1.2383127536269078,1.6331429178603964
0.21482034419982873,0.18943826195155328,0.1297563048093027,0.3908392010282805,0.23749740418618356,0.0,0.0,0.0,0.0,0.0,2.0789683977035214,1.6688673946257928,1.5444140852178747,1.3552805275674245,1.1144608631293296,0.9782849139821513,1.0258464311765438,0.9625929556415492,0.8955751143317587,1.651898284283315
0.04170226948688808,0.06488635702377256,0.02351014904804344,0.08884077324975759,0.03459575082967624,0.0,0.0,0.0,0.0,0.0,1.7874080637376248,0.9217765714396877,1.839856377069365,1.3151871439827731,1.1256257967362886,1.0123233788473394,0.9024999401875095,1.0833622566021437,0.9404830653169666,0.9686046586473085
1.2646293074601318,0.8124734230206533,0.5158634493318086,0.5902601721324651,0.6190441999986797,0.0,0.0,0.0,0.0,0.0,1.5666434397774163,1.7348514598479867,1.979724044380698,1.2357994829176437,0.29464822974908345,0.7888659837715187,0.893617224494367,0.9435052889825011,1.6775930553273122,4.043849931639468
1.5767997303496597,0.5829181323945865,0.1842042123692051,0.36988331273213537,1.3966492373768318,0.0,0.0,0.0,0.0,0.0,1.8425208210051638,1.7372345270433678,1.6582054137218614,1.8323026491306165,1.5050629867607024,1.0315318267949838,0.9768130550586356,1.1790908112887943,0.990536929889065,1.0353411203636556
2.436788999906187,0.7434280079822415,1.5680820223704592,0.49164900639866926,0.8589026451402997,0.0,0.0,0.0,0.0,0.0,1.3524771240728812,1.3502629047491952,1.7900480529889033,1.7448585802837995,1.4923934861188775,0.9960744343228657,1.2385656984050042,1.165531260938411,1.2048104031336662,1.3161798082389393
23.48557352686831,15.843527296430617,16.300006272788146,10.773154350844322,5.7892173461281855,0.0,0.0,0.0,0.0,0.0,1.330640316027336,1.6563754667565054,0.975764140176228,0.6143165404669468,1.1237681233957393,1.378112941893187,0.9478980671935264,1.6724539395444609,1.90127892356617,1.002845268587355
27.462346187055022,17.679470720524073,15.32751766061393,11.875717876471631,6.510973705951287,0.0,0.0,0.0,0.0,0.0,1.498657092815112,1.5551578229814946,0.9844018594473718,0.7118493722547287,1.6095527940731758,1.3575913133642863,0.9801944488719887,1.6382693425901296,2.164853362513875,1.0227541586854894
13.04454185367064,6.82543739937924,6.567364686476331,6.482311477983233,1.5276898387643034,0.0,0.0,0.0,0.0,0.0,1.067110831446153,1.414158276263403,0.629386404513625,0.18710283185003485,1.5484818587758584,1.896968296647503,1.144920466280395,2.7053679523146643,5.262005723509182,0.7534465235891874
12.626590974180925,7.740861115916685,7.107793848867662,6.1483499194943985,1.665798314981171,0.0,0.0,0.0,0.0,0.0,1.4506958549744093,1.5671909097991505,0.858551710409502,0.5427883792010991,1.5196706795705612,1.411466781370468,0.985679067308436,1.9089127987053724,2.4951459135152008,0.979408445908273
9.972689121207466,5.78390084680485,4.383070897183042,5.142703938618461,1.24614279134803,0.0,0.0,0.0,0.0,0.0,1.3245290535782521,1.6116069131651525,0.8431831706384779,0.5969730602122134,1.3914869446862062,1.50724342005298,0.9699302939722654,1.9351754353237307,1.3154670907400565,0.8840803306202332
7.399792538763191,4.825208383389077,5.454319841842439,3.5597905089094217,1.4020347224387177,0.0,0.0,0.0,0.0,0.0,1.2311664898225123,1.5792224160441164,0.9395773260511516,0.49825183515849664,1.3070125136159831,1.5137102097494404,0.9988629066846662,1.7376966571889763,2.7660225416783795,0.9891639865080227
4.9217828607409135,2.691661327845231,2.5903414700106553,3.040464680562815,1.7244482473833067,0.0,0.0,0.0,0.0,0.0,0.7629963071099233,1.54096310975143,0.7050844633145582,1.1589112604634222,1.7529779513281911,1.1371928090792922,1.2311326431317213,1.1161127275359175,1.3685900431119786,0.9394016379796966
5.165373724425302,3.6745354242209145,5.699541758905005,3.473704201262964,2.821165882208557,0.0,0.0,0.0,0.0,0.0,1.0916809417983846,1.6096003327469084,0.9867122238311914,0.8380298082265287,1.5572334926044957,1.2847878267050858,0.9857046839777083,1.653325460458608,2.4510572768327825,1.165112042354317
4.161423811510535,3.895797459718074,4.9001921561983925,3.5168691207004334,2.091929632235225,0.0,0.0,0.0,0.0,0.0,0.37476252696370654,1.3961138466964687,1.078420555324692,0.7334652179267099,1.8388727391810593,2.0008980347847443,0.7604531194389643,1.745838944973734,2.450425188147257,0.9614276625741008
4.8671175726280484,2.052940109840339,0.8438134683489643,2.4929294610295027,0.3817706414387284,0.0,0.0,0.0,0.0,0.0,1.2394904152348545,1.9542727575782293,1.3457906709857497,1.595062610610699,1.6918549458940844,1.4104823670103612,1.0277289895717938,1.2533694315943988,1.123713704340032,0.9264774704637374
2.05019837799637,1.0662417944561295,0.7475361694600545,0.24437530371240887,0.1799445351142188,0.0,0.0,0.0,0.0,0.0,1.3239472216697843,1.6372954170084946,1.773419884992828,1.9310108096964658,1.7745374359107768,1.1829410871848711,1.0411959617640267,0.9581285005815421,0.9921165520127964,1.0868558342051402
2.1596254220064472,1.6014187580379224,1.3647938356157312,1.468006110699814,0.5446178994457541,0.0,0.0,0.0,0.0,0.0,1.2609453662243726,1.6587211035233869,0.9506465248628522,0.7652638320951161,1.0402344632636362,1.4262588206035325,0.9173484957341135,1.7123049351704973,1.6335924648192226,0.8940464333603864
2.6033476734703056,1.7372764939386673,2.6145677313753657,1.2797462403380502,0.6045566428852522,0.0,0.0,0.0,0.0,0.0,1.6676224122422343,1.616648780535752,0.9106535286169218,0.7647045851269221,1.0193814613670746,1.2003065292930306,0.9688026325633572,1.8114127598146297,2.443109028700083,1.330507427250889
19.01427270932991,11.835565511441878,37.495312766210894,3.674417327807523,18.78059654811542,0.0,0.0,0.0,0.0,0.0,1.9467975430777347,1.6163974745269476,1.4545051315857818,1.425662052325519,1.4431297579932911,0.9111028317807083,1.015412562654913,1.1343053705645942,1.093547768969396,1.2359624243900258
1.6674752275020555,0.4223442530665332,0.619346491345875,0.6582155640495877,0.09532542254724166,0.0,0.0,0.0,0.0,0.0,1.416826841642347,1.115591848423731,1.4130681531045246,1.1168769284985476,1.4504835252675974,1.4320594770576107,1.0919165583153188,1.4508836797912519,1.550456053775103,1.0300305102404135
1.8776013160912188,1.1912629253565896,1.406993108177083,1.1330620837006269,0.5902241078941609,0.0,0.0,0.0,0.0,0.0,0.5986679914766877,1.5135289931248914,1.2254348939413344,0.8407873688592263,1.4788858631716089,1.4590281972861385,0.9286645153058786,1.540410528751608,2.334161567386785,1.167511081107669
23.801682196982892,11.543715471411272,10.775155135747418,12.458603107092475,3.4458253763840268,0.0,0.0,0.0,0.0,0.0,1.0734318526474174,1.6019279861579834,1.1482423529246173,0.8015017830288818,1.3726508111325104,1.6260168317492172,1.0776534937192233,1.6246012862335717,2.2698974396184664,0.8774508439940534
1.3219006577282937,0.14645757686035482,0.685580314930083,0.4724669960606591,0.8294956755294839,0.0,0.0,0.0,0.0,0.0,1.1653852033456489,1.3294608978631481,1.7091058728155801,1.5404699493213163,1.2527209187647652,1.2611701357007359,1.1530752100293415,1.118995262824946,1.3188713847830258,0.22549933034838546
2.3769161022695493,1.3322442414639393,1.7802582109832479,1.9263306002703007,0.9283053976475941,0.0,0.0,0.0,0.0,0.0,0.13409523675641988,1.2601065145116455,0.8386990911052461,0.46134723857302506,1.793365535611808,9.627747108276425,0.7779874875375218,1.9296890181376378,2.827217350401115,0.8686549965054743
1.9211957793784706,1.1842438211213238,1.056556979213385,0.9318321143307895,0.2524267784078981,0.0,0.0,0.0,0.0,0.0,1.4747112269354883,1.5699361838862131,0.8456438157622365,0.5913796693119524,1.5928719290793731,1.3949199466305457,0.9835376627049784,1.9378633684683788,2.420882754314715,1.0383724209532608
4.8118220183848965,5.492258151949494,1.8836872133337181,2.9129822717618525,2.8318794389937523,0.0,0.0,0.0,0.0,0.0,1.205904549349783,1.1145720160251789,1.7650331552832401,1.6592783272865759,0.3116516025444044,0.4606826128836014,1.4568412006009448,0.9222794223062056,0.7794554954356907,1.7757079935674065
15.226874209813838,10.427450837051305,10.564372776963943,5.471762380991625,2.734512806796719,0.0,0.0,0.0,0.0,0.0,1.5344576220916097,1.6982381196055851,1.166174373205193,0.6539128184509143,0.9464196533800535,1.2084407735936853,0.9686646868892581,1.3960076787379048,1.126914591209953,1.4100017154193873
5.129259209008074,2.8787279148163676,1.9141873139725551,3.2666728055445247,0.7682179932854414,0.0,0.0,0.0,0.0,0.0,1.1808500063734666,1.475898211543106,0.878122403816094,0.25638141265919207,1.5569906319986293,1.2742869297430304,0.6744174999377819,1.2418552530385814,6.221438434116602,1.0113667608157975
2.083979538261832,1.4889985270391075,1.8594478146185984,1.2164392564856965,0.19570439940361117,0.0,0.0,0.0,0.0,0.0,1.7375432362486356,1.490486200144551,1.067764877453388,1.4851307082583987,1.248947496280316,1.0215556052118322,0.5722646497989052,1.40142036400656,1.3778114482562416,1.0728310323626984
1.0226786572254325,1.2309050452979093,0.6073269990788501,0.546998242681843,1.1853435097069616,0.0,0.0,0.0,0.0,0.0,1.5487515429497627,1.6184744174549655,1.895043133343927,1.6204905123545932,0.7156483266383314,0.6803331868134973,1.043159583828526,0.9643222462098214,0.7468283318264313,2.7366004246867472
0.7838099580172868,0.631852354499735,0.7411175534828484,0.3864974192080847,0.48100730328639474,0.0,0.0,0.0,0.0,0.0,1.3172783749706036,1.4793132298485216,0.8643544801961106,0.728501335823874,1.4548296455324883,1.4968636671420723,0.9231783983547565,1.7040191389765242,2.2511087820705717,0.9651254831128443
6.280630752122551,3.4274249819687634,3.4554804321302237,3.0727892593762016,1.0939244245298614,0.0,0.0,0.0,0.0,0.0,1.3001075147585515,1.7218907107568557,1.3788404299039334,1.143767754070672,1.6381943071875844,1.2749530340692778,1.0167383084600417,1.2792287287466895,1.559486952406812,1.0330358763159047
0.2694492438473407,0.5108017772099318,0.1392537245219999,0.44963660151376283,0.09626853500686339,0.0,0.0,0.0,0.0,0.0,1.9866396219145377,1.5039792030506018,2.0113265707030608,1.6072927730114344,1.314712185968324,1.0435605574814493,1.254061315831008,1.0470773142881988,1.0747396529616957,0.8712765908651092
0.8359520625980016,0.2537444802563573,0.32512887492473996,0.27481874643000126,0.653482683512703,0.0,0.0,0.0,0.0,0.0,0.5900310615946297,1.1351693795100157,1.3729108878618168,1.179031274934818,1.419776563734826,3.337499627770189,1.1814015341528383,0.3664894986511577,1.1835998953722988,1.1769224482396605
3.3341665214181133,1.694431219913564,1.5065553822844833,0.9384425188670287,0.38347945909219344,0.0,0.0,0.0,0.0,0.0,1.556909583410277,1.6626535544904995,0.9426962637178515,1.046833922905746,1.803775788830872,1.2621259269569305,1.1257822856387871,1.7269592906808267,1.8760607159791585,0.918861839341885
0.7621216547964456,0.6034015409438708,0.7571441617549091,0.7432227817012852,0.9021287661464552,0.0,0.0,0.0,0.0,0.0,2.1068398959063357,1.6834985266378413,1.7924992615003512,1.3908665292903009,0.9909679994630887,0.9547275851132601,0.9718681072201609,1.0538526691374663,0.5017357968118673,1.92828518519859
1.717305157179566,1.2197821009956673,1.0918721467255907,1.346915028755342,1.3869060723744613,0.0,0.0,0.0,0.0,0.0,0.5959100317898454,1.4993518719353316,0.810864259601908,1.0871411824130206,1.284499559513567,1.2680492348113883,0.7567545501864844,2.0825644647108223,1.6748351570266278,0.6581832643458551
15.61714574290325,2.7255334383266225,3.3344172192468675,4.43549997458199,3.6893489197730363,0.0,0.0,0.0,0.0,0.0,0.7556154911864609,0.7919056504216712,1.5979096080151145,1.1283789042197818,1.3553681032784906,2.2602226569983017,2.3595881524362974,1.024168579123193,0.8343473807359737,0.7207375924013839
21.79201778352878,9.876616684315135,11.159410878064312,16.186175233157723,14.095942775608908,0.0,0.0,0.0,0.0,0.0,0.6637753882567548,0.8827364097995719,1.2955292197178236,1.0434234829317766,1.169236121438151,2.536772758473454,1.1453956413845365,0.9158045715549782,0.9534700378746104,0.7770903394331612
8.216076256670128,4.203831297466097,3.692050100525576,4.646598945637116,4.012566232070517,0.0,0.0,0.0,0.0,0.0,1.4521474420836165,1.5348832449285437,1.414142839040815,1.41260636192748,1.2995589289312561,1.3369171748399633,1.0219052961437323,0.7221105749033323,1.2907373972492673,1.562158528568723
3.8530470204067284,1.1054317837220466,1.2637766671988393,1.1316639592535025,0.8898204382145358,0.0,0.0,0.0,0.0,0.0,1.1552850551941716,1.3280383229081938,1.644806494877998,1.1325995410534653,0.8882271192330409,1.5727006332155973,1.258422197415876,1.0113480367332939,0.1156170794334112,0.6590552607298547
4.1674496342830185,1.1820359707533883,1.1719077661309414,1.5845901285390325,1.1112255975463978,0.0,0.0,0.0,0.0,0.0,0.7120315860856199,1.0198142485009982,1.5109641100367583,0.9743291590060401,1.047279458469044,2.322027471898424,1.2829753840319509,0.8887258306353152,1.0013753921417035,0.7003135450319521
6.546386122319069,1.688735549556005,2.690478359170042,4.298470490885898,3.0301467878345045,0.0,0.0,0.0,0.0,0.0,1.229835843091542,1.3239377699040127,1.4783422627483722,1.480274487717611,1.314174171566013,1.7005935492113475,1.1973783223779402,0.9455002849593193,1.2092125343015805,1.295170099525569
1.3310603273209847,0.23646700658286263,0.32290586719230807,0.11870899282853016,0.1587383265915505,0.0,0.0,0.0,0.0,0.0,1.217288609143274,1.7316518451270435,1.4435723410610988,1.653812614835415,0.6586333568087981,1.296305452488295,0.9814375940720859,1.4381684750849517,1.1723069414250655,0.9356036251449741
4.311109369750491,2.1410809501974915,1.3327682575384068,1.8208449589591116,1.0274921395682681,0.0,0.0,0.0,0.0,0.0,1.1856539307421097,1.029730104765217,1.7071330944234784,1.3364828318857982,1.0808441735874827,1.465089558184683,1.6647136597059464,1.033234782291677,0.13840331828455832,0.8135580075720075
3.563676762235309,1.1754015201065007,1.8062204704534772,2.0736950517344015,0.7760133841648441,0.0,0.0,0.0,0.0,0.0,1.0743371145030483,1.239844247661506,1.4397747537759162,1.2952882516167672,1.1654537977810564,1.9029427790044244,0.9657239451963802,0.9336820037226797,1.3127514940141567,1.1360623663652212
5.996152480885553,1.7436663900036637,2.5348181486060173,4.98966969681857,3.0028792437250265,0.0,0.0,0.0,0.0,0.0,1.4596139188238517,1.7485902617423155,1.4918864461353616,1.5432091277710405,1.34859303852879,1.428388777650123,0.8798346627821172,0.9785359579130352,1.273834776332025,1.3111743015644246
1.6027982352431334,0.18682342953016917,0.3005292699349967,0.492204816270535,0.205732228951709,0.0,0.0,0.0,0.0,0.0,0.9586953797102936,1.4877397017947784,1.6681836193348925,1.317215101169653,1.5078707913921245,1.709140875711803,1.3271690943593404,1.1526578240224308,0.5430256826834493,0.956318744792183
2.339105372405892,0.31856520028454993,1.119299122129456,1.3990489159757058,1.0185901308996177,0.0,0.0,0.0,0.0,0.0,1.9215498280819672,1.8322253541982514,1.610493310867147,1.928525974906251,1.8197093561680593,1.0940528193477022,1.0554848793540206,1.2158377451596507,1.0798408964386017,1.096057085876048
1.286070532305382,0.8841771302303858,0.6222840546046062,0.4366988587803175,0.9072390610666254,0.0,0.0,0.0,0.0,0.0,1.743270126811762,0.8412539574193748,0.9685386603690934,1.9727806028580073,1.6519827687314441,1.1221247603635127,2.15010270584833,1.3903813535377698,1.0372641410958285,1.0654267199933005
19.76353141037632,7.3973946412651825,4.221073855894187,5.9814667115609215,2.6437873252493103,0.0,0.0,0.0,0.0,0.0,1.1175777013221113,1.072322788281203,1.6887476852387842,2.0405981161056084,1.4212869107723887,1.050265615585167,1.6087899211118237,1.0825309090071396,0.9472401274730722,0.6383436042376304
0.4338715578143237,0.05134498099516116,0.12404947258600636,0.15131544791432677,0.17382665303380967,0.0,0.0,0.0,0.0,0.0,1.5010998258464903,1.605103258630418,1.580864513502227,1.425521265481004,1.5316320465994926,1.257604787236633,0.7862688499019163,1.2762817746550281,1.0687592519301536,1.273395838800276
2.2024210226934295,0.46799853370574845,0.5719920652095798,0.8959102217935946,0.9945282618858953,0.0,0.0,0.0,0.0,0.0,0.8582825562117861,1.2666440095861686,1.6987864937970847,1.5489958081927868,1.5224364451958061,1.6499207129801003,1.4575698447215488,0.9171028413946305,1.1064828296166682,1.024410768249651
9.43987244943776,5.097574473926391,4.757559408696334,4.627614039699464,2.4453536392151123,0.0,0.0,0.0,0.0,0.0,1.0388596024111656,1.4255628102755118,1.4587573592828682,1.0077168939342596,1.0643141836029686,1.632433637390347,0.9373334377491302,0.6854854007365943,1.1452590911096885,1.5525250011282894
0.052155517652914485,0.43471489060661933,0.5563549221346282,0.4068624431452549,0.3785014707968434,0.0,0.0,0.0,0.0,0.0,1.4283710706098265,0.2342070618496707,1.32192010158246,1.4365514730789508,1.8022558651168583,1.2263383028606372,7.052938311693937,0.9614212763208789,0.7506474105234324,0.8962215712932308
1.570431236989282,0.5052452674248569,0.6481783795128557,1.1451055480407129,1.125133899186312,0.0,0.0,0.0,0.0,0.0,0.9304968079399077,0.47236766963083127,1.448316264279705,1.1564902096146887,1.1746475504699967,2.0601109634435506,3.6780598660207495,1.0732530820638355,1.0512828060165433,1.036178657107147
0.7287171591472851,0.1858250817468241,0.2912951232679254,0.19263074854990497,0.23079750341050698,0.0,0.0,0.0,0.0,0.0,1.2521385326300012,1.4240874948255084,1.6668385690567318,1.0763001486322654,0.9095573461394151,1.5049342185001844,1.1280584114095662,1.0106592704986446,0.9898273704738118,1.141988181784521
2.745440349076092,2.1080765856244432,3.3702104789276275,2.1437479260483725,1.3448680259134655,0.0,0.0,0.0,0.0,0.0,1.8996450780806071,1.3954041755478075,1.3258643997720208,1.0642864601531337,1.563625533686964,1.0108533480710125,1.1193610903630649,1.4103258811786277,1.1446173168797298,1.3308384700560958
16.237596638330736,6.406434971794735,7.214539447742295,11.977457369794084,7.417064908606314,0.0,0.0,0.0,0.0,0.0,1.4053180612715166,1.5439044749393336,1.4360850235701763,1.2754266837742483,1.17342800722839,1.4490022409796721,1.0351438917220774,0.7774208565176486,0.3744460620194518,1.369687447561386
5.517706588589366,2.3707693459254324,3.1107252227642856,5.733653796017344,4.586680153368746,0.0,0.0,0.0,0.0,0.0,1.1906123221864238,1.4215388594547547,1.2844432813614115,1.1918458944636299,1.170757840812557,1.7046772253760103,0.9518756865029876,0.8462579450569178,1.4654748936923068,1.1670620622178618
1.8160733543541299,0.38300469655556385,0.5538924301619794,0.9581155885851727,1.1764876289302122,0.0,0.0,0.0,0.0,0.0,1.0259415292881016,0.9941746822690021,1.7968959235917792,1.7905348132321952,1.582988155606871,1.5078173509745567,1.8427593180276598,0.9358436689781279,1.0294195576306908,0.9299119050812539
0.7345548201852599,0.5267186950248526,0.6195669288999152,0.21125932840014236,0.25491905614767524,0.0,0.0,0.0,0.0,0.0,1.5231277100058165,1.261330154784182,1.3827490483528524,1.7407950545253967,1.0632228202309166,0.8582216475239588,1.140929365412309,1.3819494483379644,0.998356559589945,1.5382949956319514
0.4417808350747535,0.4092662217063264,0.320281867824785,0.3697814190667343,0.6309565763538685,0.0,0.0,0.0,0.0,0.0,0.76292114117843,0.518379107525931,0.9550577661221772,1.3845031992293488,1.5344049823642298,2.5452023996701,1.7959678090070466,1.1170308362353036,0.9495882589786692,0.9386266927985005
1.0575892108115825,0.3461776532939265,0.6982733577214616,0.2800985985043941,0.3070272973601097,0.0,0.0,0.0,0.0,0.0,1.1533595190447243,1.5692527055715593,1.1045792856254952,0.2925973471432476,0.9462771370622403,1.7805782049379046,0.9532704541261331,1.2152085341096621,4.869284260841186,1.3173519637583093
0.8039789732390717,0.896161722115219,0.5881703687011284,0.5314960112536958,0.6913742078825805,0.0,0.0,0.0,0.0,0.0,1.7120435357394028,1.6417111763932888,1.7617763893631566,1.6051994616789986,0.483723083113279,0.858497424110179,1.0070352310067268,0.8954284376911197,0.8703907472550287,0.4915992563611038
0.2566791738699535,0.08895426584775916,0.19895806596883617,0.23751704263712048,0.06166991721140107,0.0,0.0,0.0,0.0,0.0,0.9562074088552336,1.3060168918719246,1.348202214469127,0.8306526854488469,1.493426316222032,1.8946400502888345,0.20927186024926273,1.0599485872117458,2.033051401137877,0.7721645275827959
1.258321767630787,1.451889818188713,0.6416246668852252,1.5705126418035373,0.2885629873726848,0.0,0.0,0.0,0.0,0.0,1.937332302402044,1.5975160169459788,1.4164233538483801,1.3831183598364067,1.857699487663484,0.9861037820136767,0.8230904843397587,1.398336466813144,0.946996618528654,0.9882315021631815
1.0996471208929348,0.14550591110028802,0.2935856444060582,0.35529924721557055,0.4276240962492423,0.0,0.0,0.0,0.0,0.0,1.4729318614183422,1.938442976244755,1.2324309573134573,1.9621149379131397,1.9408673858805663,1.1797926566279542,0.9484184000706404,1.3152950001797328,0.9667412722805004,0.9274484412173947
2.4089727221305743,1.7622197345722157,1.9790475978579163,1.7799014360960363,0.5568482254283149,0.0,0.0,0.0,0.0,0.0,1.3157500498554429,1.4422768669021162,1.2387573108081058,0.8242544607259269,2.0620339250994677,1.403440451229838,0.8413288773743562,1.3026090772721006,1.9550914329269196,0.9561230939490492
26.017022615981148,16.499569536000013,10.936132039233915,14.311356716043804,9.783371290740089,0.0,0.0,0.0,0.0,0.0,1.6883072096561504,1.7200061685042782,1.9734788477560021,1.0095788085561124,1.9984276272491723,0.9161061109262016,0.8871460894478279,1.0587440034609559,0.5572964088598293,0.9623365052739031
28.96041433691939,13.82148205563343,12.086786912817207,9.432131720063008,9.501713550086967,0.0,0.0,0.0,0.0,0.0,1.6280110390527114,1.7936102320804712,1.9415368995389688,1.0402208719511985,1.8750306531029826,0.8963908731635767,0.8672109967129817,1.073846005378579,1.1027781238268046,1.015909470389623
14.386550090641418,8.639108465723698,5.279450217074201,6.593809816624722,4.197334565755432,0.0,0.0,0.0,0.0,0.0,1.6092724482769867,1.701399447171735,1.742217845274794,0.7182015502517907,1.7206137786558828,0.9023588298191496,0.8188783098511713,1.1644951132790269,1.1534094471658813,1.1354239232768482
6.576569931819418,4.171079180105878,3.436736277076239,4.215707924722901,2.3514918972721004,0.0,0.0,0.0,0.0,0.0,1.6909082211998252,1.7244974122862395,1.8262240548997388,0.9234455909491879,2.0460311800156887,0.944826076169148,0.8296894029418396,1.1142022945155576,0.4004721600199608,0.9840663076364126
7.076122059341894,4.799883142352216,2.8268137121728474,4.153071079940446,2.939529906667862,0.0,0.0,0.0,0.0,0.0,1.6937291036855382,1.7337392839007104,1.9124191305916134,0.8333635056670871,1.988924772578475,0.9194255910577224,0.8559727022713777,1.057231137636699,0.3022767618616244,1.0062030113968607
7.382604245059054,4.658597073970134,2.626750022346364,4.274900472421955,2.8105716848474316,0.0,0.0,0.0,0.0,0.0,1.6705012782975128,1.7185348948850663,1.8769968463025102,0.9508653001401767,1.9361088337173928,0.9113258022456032,0.8481759528130216,1.1091596350681627,0.23447494862426155,0.9836893709967156
3.0602723852157387,2.751305011329097,1.2157571371279103,3.4718227653347524,1.2546439747993368,0.0,0.0,0.0,0.0,0.0,1.6689149935381875,1.5762178522290125,1.8494806491638123,0.87184781730611,2.0213402581463744,0.9656470779734257,0.8232681556944147,1.093103819676365,0.39796180330415953,0.9842592002101735
4.113091107678661,2.0083520901725724,2.5590768060466758,3.9946418202336824,3.681996460758996,0.0,0.0,0.0,0.0,0.0,1.605804446727128,1.5303474064938385,1.904595201928419,1.3098790613567783,1.8534268538680423,0.9828899919660942,1.1086912140465732,1.081832495178818,0.6635525214978126,0.9071739181884914
2.4799069221969807,1.6265945532336303,1.551398594659666,1.852098920396476,1.0587924273569351,0.0,0.0,0.0,0.0,0.0,1.6353752806211623,1.6744099455619532,1.6111583275608676,0.8445150417092233,2.06235007785743,0.990772824041397,0.7880350470132347,1.2357224742075281,0.4772020492508468,0.9834243576043536
7.758341152670857,5.182545140556881,3.1836792455247958,2.883843277991704,2.4249929514692914,0.0,0.0,0.0,0.0,0.0,1.576652026339271,1.667382660334611,1.4878936975358787,0.4192003363822659,1.639125327097695,0.9202388410370139,0.8475117825083676,1.246088430358383,2.7829079933624907,1.2560369565672265
1.855732470748407,1.6658303764234685,0.1989684508349477,1.8261039677594186,3.159778327812658,0.0,0.0,0.0,0.0,0.0,1.822765908540387,1.613273012547435,1.7591912116135842,1.6063799623658233,1.8739308293431998,0.8973316206314501,1.0171177634900026,1.1838378655081185,1.00538120921108,0.9280053952766752
3.38704797224134,2.205522574846506,1.8048041500821543,1.313276358573591,1.1123639871010982,0.0,0.0,0.0,0.0,0.0,1.6829257867503868,1.7716276862219729,1.720658366514682,0.9141220946188282,2.0856450075089645,0.927542734369458,0.847142455040458,1.1791807508999437,0.6544383219783391,0.9791404451888486
5.361410564152951,1.4793436623509961,3.3736857209307396,1.7935535344386744,0.7740562656138629,0.0,0.0,0.0,0.0,0.0,1.5858005345644686,1.3371601794448467,1.7982694229868492,1.7509468821478493,1.5734961770172096,1.0239674197942241,0.9663169308676599,1.158613725372631,1.1652421891608888,0.8309152137483773
11.727676789838918,4.843735363356293,4.0857405338005055,7.809218451916469,15.172243841918242,0.0,0.0,0.0,0.0,0.0,1.4445211323102205,1.64258076979014,1.5486906456795673,1.4732819303299383,1.704086860425488,0.9286946408921702,1.0670093508572756,1.199991465658359,0.8642264483996143,0.9051268187389164
1.6609812663770804,1.4011934647309343,0.3290331542845071,1.2887155082851467,0.8261681275464058,0.0,0.0,0.0,0.0,0.0,1.676769280285426,1.6294487482689035,1.3394593208800434,0.7323153058066547,1.8378945985543655,0.9891403476015415,0.831758612007569,1.1833362874347728,2.116025321549051,1.0516820608752548
1.076998828864919,0.49604883405254563,0.9968142707472627,0.9253004158599818,0.42955555175996796,0.0,0.0,0.0,0.0,0.0,1.9949481828626272,1.4363169220614598,1.867027003029808,1.310467605170579,1.6282389412961848,1.0204398195899016,1.0918304252167477,1.0337159479944016,0.7230636518220502,1.0022988056842967
9.252702463890643,10.055162867397456,6.09901634052562,12.43799445379987,8.731975691215052,0.0,0.0,0.0,0.0,0.0,1.7741708999936656,1.590099628595889,1.8946788728779436,1.2319662255178816,2.0319646623547554,0.9267095500758324,0.9785828797207665,1.012179498479987,0.7566533652420873,0.9807368442019866
0.3930799606808047,0.32070339739317655,0.06235540869704635,0.8980293928701165,0.3540062207795636,0.0,0.0,0.0,0.0,0.0,1.3749762981247795,1.5038935495316326,1.5804193341634638,0.6466142391614699,1.6539747334432824,1.1164082555004875,0.8058484194488523,1.1136831268522156,2.323400828222179,1.1950790032093466
1.0746687464378848,0.9517668171392824,1.6716216102281802,0.23066998060761218,1.0114530828000037,0.0,0.0,0.0,0.0,0.0,1.83041641068816,1.5899398298648848,1.3430071584773846,1.58297238011932,1.8566777633981935,0.9787568461375289,0.898559716060297,1.3511939784061262,1.089081153334479,1.0000182753401292
1.1029027840732033,0.656018792140929,0.566836673208837,0.5564392042746419,0.48201982313162944,0.0,0.0,0.0,0.0,0.0,1.4960899051977272,1.6756459797676584,1.1479863641968446,1.6296801581332439,1.8540678060555793,0.6160399306091244,0.9719341723046353,1.605283812953818,1.1092447283681155,1.0127221548105636
1.9421750259670425,1.4292395836455598,0.3655564186167944,1.3609963949502413,2.9495208317580093,0.0,0.0,0.0,0.0,0.0,1.773462625771955,1.3650724998049866,1.3123797619969757,1.2089624938152914,1.4276084794114656,0.9815531151249095,1.188335078009021,1.2333643982211109,1.1254355707711237,1.1400630979120374
27.829844671060034,13.780530813476542,8.838614498220531,7.26196722798674,10.781620572718182,0.0,0.0,0.0,0.0,0.0,1.6250872292883694,1.7907797731025379,1.8267919805416255,0.9554057328491592,1.8248291264250602,0.8609692224091611,0.8766300772161127,1.1416262913100907,1.3213453943038969,1.0356359613682233
5.602283529445887,2.798041513727031,2.832367113142022,1.89529713530897,1.1181605543173159,0.0,0.0,0.0,0.0,0.0,1.6298028997989362,1.7795901344812672,1.982337712331412,1.1647421358851004,1.8301850765482512,0.9168462816623077,0.8602963819129853,1.0420590167037291,1.3148662184767173,1.0607342093546983
2.6343360180050523,1.1940431696414397,1.5338861342651617,0.7423133698863437,0.3036847494018648,0.0,0.0,0.0,0.0,0.0,1.599852759426768,1.6189449081468612,1.8012715956560794,1.3884333870916505,1.2822572164322896,0.9599359642547269,0.8724623593157351,1.146720141337671,1.3189355854773122,1.527776826438118
0.5502978095411113,0.46965093303679745,0.501912923378611,0.35716294413960337,0.9789847595333555,0.0,0.0,0.0,0.0,0.0,1.7399563009428223,0.8194117914120953,1.4135364888727995,1.9134631686348251,1.8141593723417453,1.1949249476114345,1.4701287271679737,1.1113116584480043,0.959731740459823,0.9651078653997239
1.5502644365392058,0.8314749891194,0.6573252760998678,0.3845093486281252,0.25096212411052854,0.0,0.0,0.0,0.0,0.0,1.6197109918914852,1.7471807333213705,1.8109581456375923,1.0955245440436814,1.6698617993864107,0.8848773777373157,0.8489658144582549,1.1413843292966603,1.5654222039679953,1.1618699424034968
1.9858636175681021,1.920262572996427,1.6817723790591768,2.3080489700844637,1.5593405332207695,0.0,0.0,0.0,0.0,0.0,1.8171431720751103,1.5985150326933435,1.9043049072701335,1.1910757925476396,1.8345676489090097,0.9575191118405133,0.9696179486259048,1.0724198744690785,0.20346854250397794,1.0781075876067443
0.6834440797436511,0.4720052858104277,0.6605330346985914,0.6211739344376883,0.23801806127301056,0.0,0.0,0.0,0.0,0.0,1.3905320284283393,1.071789144946068,1.21208307459701,1.3255475624791921,0.9422782422994936,1.3256483028271835,0.8719894436134623,1.4061544300943176,1.4108961863590075,0.8826794240814931
0.4168374862498309,0.7017820881479971,0.33494851158684946,0.11189858166926177,0.3626286256144966,0.0,0.0,0.0,0.0,0.0,1.5589607207853264,0.5230519874944862,0.9915905620551735,1.7977078111307585,1.6682913038752993,1.275984694018616,3.8457232743972685,1.3863388648863537,0.8669476564875167,1.0252867908123537
2.5089029401523626,1.7791384779324404,1.0981829365104856,3.0764966266899765,1.374042547843355,0.0,0.0,0.0,0.0,0.0,1.2856087609333635,1.5807595997900168,0.8705862300047587,1.1494089679623622,1.717771545739427,1.3320382420016674,0.7484953126084876,0.4374250319792528,1.739592594374171,1.1646478454459543
0.9269094185389399,1.0455584994108071,0.5574512220299557,0.8290779433046591,0.6406216596950467,0.0,0.0,0.0,0.0,0.0,1.6816866633049612,1.4848703584267697,2.0065333721528087,1.4160104975119334,1.7960091613965736,0.9722185033268925,1.1800669307813652,1.0120436673464628,0.5976302608883508,1.118817326692877
2.377874607769149,1.2684958844420173,1.5824441072191529,0.6281084306848015,1.1711949629291107,0.0,0.0,0.0,0.0,0.0,1.5057717476273742,1.7310677207533947,1.4997093705605613,0.8487438114072465,1.316417360171025,0.8921844228417269,0.8673953027938778,1.379753737156157,2.144510686210266,1.165743997357904
99.69406410816623,84.63211947471999,69.82499698147856,44.333793605596746,25.43985303596533,0.0,0.0,0.0,0.0,0.0,1.3937304487799065,1.361311498850393,1.042487686273805,0.6688833296430355,1.049005946089624,0.9851241360241763,0.8788822436983426,1.3325883698726577,2.08684796635806,1.5518631418521214
94.30873470021437,81.79786451217284,69.58586275651587,44.92154039571791,23.975946237904708,0.0,0.0,0.0,0.0,0.0,1.4518674662625173,1.4426437878152303,1.0673709184807834,0.749503474789876,1.1302517014322657,0.9867520767663365,0.8429305048838085,1.3372499276286103,1.9858662466944335,1.3463635141559958
37.954146339885796,32.518062325626055,28.830067141824777,13.536144623566363,8.723548353093493,0.0,0.0,0.0,0.0,0.0,1.4241611856261143,1.3711116675898256,1.1107816995173931,0.7039034733741689,1.3818729571539232,0.9858399513814966,0.9066346558852827,1.4539859688376604,2.098784167029891,1.3932077510828353
36.03579570278295,34.65152315370033,32.550321301002135,19.758266200636758,10.510416600520813,0.0,0.0,0.0,0.0,0.0,1.3791664680020275,1.3563630257485013,0.9749090709659052,0.8965322280581484,1.3224834544539974,1.0664610098209,0.8724454567880581,1.2094686593553365,1.7174431714539968,1.2722692992563625
39.40460260152051,35.96953614418336,32.289185413933836,21.234613615077084,11.742607261536973,0.0,0.0,0.0,0.0,0.0,1.3918893191551427,1.3631068019001786,0.999686655507591,0.8072829211595309,1.122017338914469,1.0289485573112356,0.8672484034823225,1.1994666170131365,1.7374815567944368,1.338702394484609
36.01590226821726,32.60017991372938,28.099639022622092,16.733677756636173,9.708980450507946,0.0,0.0,0.0,0.0,0.0,1.4324978806916362,1.3690269354429978,1.015394186938983,0.8108299516917397,1.075508984391633,0.9958398440276539,0.8911787148763143,1.2250286057240931,1.7062978394114474,1.4981169079119911
36.38731946464445,34.01342136675346,29.6886714347691,18.639717578126422,11.210327255006074,0.0,0.0,0.0,0.0,0.0,1.366079985893875,1.278960129806803,1.0353474929270983,0.8381264409216798,0.9490572616788153,0.99718938181968,0.9157331041739554,1.1499440248247828,1.459972463244814,1.391179037053377
47.06941422988516,40.748627051627835,32.56375681924099,23.087439519817554,18.112976010577306,0.0,0.0,0.0,0.0,0.0,1.3556047262675543,1.291314846623387,1.1137501296002321,0.7891569601640002,0.8373274870808758,0.9479924893638912,0.9815630922463698,1.1856284546938205,1.3002590056657004,1.5914996611491314
18.594126180363673,16.032069837108928,13.651184900315908,8.61489803837956,4.3475353513315795,0.0,0.0,0.0,0.0,0.0,1.3558369489891322,1.3622554231967274,1.0276654815341706,0.7092082789985882,1.1015700627515066,1.0246321391196287,0.8567955868320597,1.3116580223874101,1.9705794071065859,1.3998369782700408
22.249855118672738,20.95732999458864,18.60281209590838,11.410363928266438,7.783773575350866,0.0,0.0,0.0,0.0,0.0,1.5249350139311189,1.4403655609473114,1.1205748460124405,0.9943293810913865,1.2085834203042813,0.9670445193889432,0.9246859956815596,1.1662684839977548,1.4343614147096915,1.373606745554416
6.8674799226155185,7.65407787454704,7.831567677628156,4.730817818223995,3.706332993662103,0.0,0.0,0.0,0.0,0.0,1.2636283002479591,1.1053423193378111,0.9960860028007861,1.0741222169250373,1.2349586834768842,1.0220188550571037,0.9748939587437863,1.2328080600763491,1.1082213556128442,1.0626872214432193
9.074293161956836,8.891585606373628,8.31248808557968,5.052246657238678,3.1079642877575546,0.0,0.0,0.0,0.0,0.0,1.3150714707244,1.2487957872017226,1.034193516183587,0.9162072520958803,1.1016348988075924,1.0391415983334942,0.9115846265800731,1.189407906860082,1.375350089490102,1.2344371076973177
11.814903017210767,9.140569123366785,7.070198374624836,4.70582772978375,3.1353052358279823,0.0,0.0,0.0,0.0,0.0,1.7431023560189938,1.6352003153562735,1.0597705691820565,1.0261080947232684,1.50829604384467,0.9301371031631034,0.8706103110582858,0.9927183175329121,1.9126969544660584,1.3827493423741999
67.77203669606857,61.02492746101351,51.71475691896181,37.24895795931131,24.894016447044454,0.0,0.0,0.0,0.0,0.0,1.4047684481376084,1.4061871048351837,1.1072834628235049,0.9185302776970506,1.1680541502096997,0.9895756481492698,0.8951984494146881,1.291560736857767,1.663700684390746,1.2549012353102988
2.4154301493740267,2.9506539953465087,3.2549331221139886,1.4104288265933622,0.7858917717257391,0.0,0.0,0.0,0.0,0.0,1.4784497350612542,1.3454644958657873,0.9334779582142163,1.1669375978888545,1.6141783908584955,1.071599560699378,0.8502404104262857,1.364476942173021,1.443870493037918,1.037938792563848
9.48398162302724,9.548486286777825,9.509369309513055,5.499581872293737,3.2575563420682117,0.0,0.0,0.0,0.0,0.0,1.2732263229429055,1.195496841327591,0.8810836779030414,0.8626236195614445,1.03871334792841,1.0637031542270199,0.835451907477503,1.1982154284459685,1.3613214088809056,1.0690057898603469
88.40320621464949,84.64873742300313,74.9298937349963,43.241632320431094,25.356847444803492,0.0,0.0,0.0,0.0,0.0,1.2939922163880724,1.215724195167239,1.0105821333289815,0.8953562686822539,0.9549323528103032,1.017645184186018,0.9186323063721838,1.182497492288881,1.2904217536230191,1.2421337281549245
5.232711452181275,4.824213179303284,4.60095005931816,3.675454947484236,1.5198530367920835,0.0,0.0,0.0,0.0,0.0,1.1375708348175568,1.1577918209204132,1.0234873558888022,1.1730534644699961,1.2817540138402208,0.8711885224126629,1.1672322183552373,1.212672257040186,1.072526012209835,0.8929378483026038
12.193155552976966,8.389132996284946,4.8201292668827245,4.800540559320741,5.485225508690643,0.0,0.0,0.0,0.0,0.0,1.6001220608873983,1.7076295601658609,1.396778504790806,0.21196457577872208,1.5066308725179944,0.9085650480490454,0.8636198258442215,1.2636426616775882,6.461095008273021,1.2708155716794045
5.815030834963393,5.739100949761093,5.731686812930169,3.6539941356451697,1.7855835076812248,0.0,0.0,0.0,0.0,0.0,1.3359898478803465,1.3344395998808787,0.9417966318340432,0.9049228808896466,1.2526098470643587,1.107685454955864,0.8246279618137332,1.1015666948493803,1.6041809894667647,1.1397966789782215
4.516117628993417,1.7101393138381003,4.545132973734581,3.158924378806006,3.7039143725112282,0.0,0.0,0.0,0.0,0.0,1.5198792348982824,1.510709408886013,1.7191365090358097,0.7266892654568944,1.5527665514434192,1.3483395285642272,0.8848134545696129,1.0847861536410346,1.6963323720429002,1.161203874840334
77.10349219624749,68.12042433260122,57.46020408789043,29.802882948657032,24.63303180958849,0.0,0.0,0.0,0.0,0.0,1.5244413480686188,1.4151265424790418,1.1386882820340063,0.8432004159591889,1.233901679080907,0.932190520891916,0.9573449039059119,1.3110628643051299,1.6970704535183845,1.5335478928351338
7.3703512195717575,5.908108495188099,5.220638232464636,3.2719921030607786,1.566691009803828,0.0,0.0,0.0,0.0,0.0,1.5281788553646027,1.5310974339568493,1.159621148243667,0.6211153711145779,1.3071864841290737,0.9597148558807049,0.8014765748201081,1.5118631818033539,2.628841920181921,1.3421874571441745
9.140129804729556,6.935110737763968,4.788634853897016,4.045311096387566,3.3025334280531524,0.0,0.0,0.0,0.0,0.0,1.469472282774731,1.4465065648613844,1.1180113109088385,0.5541358462201359,0.7319209751998467,0.9197950137605578,0.8867535203399469,1.2012925627686737,2.126747127461244,1.562549921033698
1.4545786553486624,2.2247251988435055,3.407405500455898,1.7291871492477444,1.024577705311644,0.0,0.0,0.0,0.0,0.0,1.2756504602170857,0.8943132618784416,0.8842561892698797,0.8956362739074875,1.5090572882258653,1.2244363022732134,0.6424270780644188,0.8868017780315209,0.7163385720065486,0.9934245882220808
2.3479458039110024,3.05061663344478,2.963965871926687,2.3995881589533083,1.9880464778433844,0.0,0.0,0.0,0.0,0.0,0.7138359747087283,0.6901894610410791,0.9924553776406169,1.2465133846043004,1.4453921942484795,1.1503726639829235,1.3442097547314802,0.6470003286732127,0.6747334516676315,1.087666373926473
13.476929015024464,13.240713202730484,12.104242550675144,6.850550201065755,2.8828131268761026,0.0,0.0,0.0,0.0,0.0,1.3173292018591427,1.300755969662871,1.0103557795422766,0.8856789508159015,1.229411919226359,1.0917043436670029,0.8515127094867341,1.227647382084402,1.66949072881007,1.208208046501651
4.231628473521304,2.748996983429092,3.308738548144941,3.929447207341139,2.9344395933816543,0.0,0.0,0.0,0.0,0.0,1.380025904415432,1.4157540505334285,1.2567119408662575,0.8322205023992902,1.0033151879460778,1.2777226410259723,0.8596478600894698,1.0893670342450361,1.1061244490611537,0.31610860414469055
2.5859534012198933,2.8834962829460515,1.7142125232323902,0.723548520103346,0.8670770827922263,0.0,0.0,0.0,0.0,0.0,1.3971884594792199,1.180949774963664,1.1462487987422174,1.4019635032072062,0.9412480394448736,0.9129886773646644,1.2261604495450653,1.4437536168528473,1.091923552639567,0.8107216922666025
10.951953119403221,8.997367685832483,7.018050771480873,5.350559176711705,3.16894107985594,0.0,0.0,0.0,0.0,0.0,1.4396923859234019,1.4036807883080782,1.0170349409087422,0.7831154957663127,1.3482722405419434,1.0550449109103093,0.9334481861433894,0.9668133875342307,2.1200575376279422,1.4461961358608397
1.7132026629699255,1.1674099959621578,0.981460577915413,0.8306784293474456,0.2726231520081136,0.0,0.0,0.0,0.0,0.0,1.6007721261386318,1.4518793013346014,0.6216383019530133,0.5049336321125178,1.2679458739943192,0.9854005720377288,0.6854291988652933,1.5079822619460386,3.600801669286616,1.2891357490963298
3.5705827771623717,3.2200520000413797,5.254340462857783,4.181496788947107,1.7493485914917675,0.0,0.0,0.0,0.0,0.0,1.1792722071149249,1.2529313567951232,0.8478911726475223,0.8201908568579088,1.375227208334921,1.3967796603473834,0.6760426900106294,0.28868785944036945,0.9030284846126088,0.9833365035840952
0.0,0.0,0.0,0.0,0.0,0.0,0.0,0.0,0.0,0.0,0.0,0.0,0.0,0.0,0.0,0.0,0.0,0.0,0.0,0.0
7.590118122766318,9.639273328502584,5.840451638048902,3.35594448548519,2.382520323753586,0.0,0.0,0.0,0.0,0.0,0.7384610227703616,0.6942680089469114,0.6556040071726871,1.2493239634431534,1.3496657334877835,2.2288292410804944,1.0624887892580797,0.44278002967105884,1.2185644648657759,0.9288582191397213
10.956515773949638,6.821248515594126,3.011176346244935,2.9147717874631622,4.595560973049823,0.0,0.0,0.0,0.0,0.0,1.4248761957876632,0.9259388358740044,0.7033904217747119,1.9618390415846914,1.9790299462874459,1.4204963770318162,2.024697232230461,2.717560492524517,1.0188525710565484,0.9635290800664784
3.5124254775118677,3.5223188378746095,2.4878991860722888,0.7367272009351769,0.7042957890448831,0.0,0.0,0.0,0.0,0.0,1.1945842392861736,0.9992927946769112,1.1304584289559523,0.9857719818623488,1.960510715751149,1.0356429756709022,1.2898624262486664,1.264540001074632,1.2006069604698768,1.026853316395434
3.43617308504827,3.3930960338951683,1.6416551477153078,1.239411992734065,1.4040652709324752,0.0,0.0,0.0,0.0,0.0,0.8255992560454231,0.38443180449217734,0.6347288617406852,1.3995496522126436,1.5408101451687708,2.0571851627534414,5.2742722507817215,1.3568655021583724,0.9002513914973955,0.9592071396334118
3.711308087762273,4.000545839576377,1.8091076714621017,0.958126768963678,1.0674885351716952,0.0,0.0,0.0,0.0,0.0,1.0380136727159979,0.5020533393090275,0.5027739462976422,1.5893057455877784,1.6867770014568289,1.7434371473040438,4.045646493948481,1.6806203869804064,0.9244288203228357,0.9909917757417035
2.3288862741871044,2.8438377168825775,2.032803957648759,0.515331805934133,1.1145803269032313,0.0,0.0,0.0,0.0,0.0,1.2315841928169486,0.5206301884986221,1.0441091837322425,1.6011975068793485,1.7497651663224918,1.668772314641975,2.8222819538685853,1.6333464982454007,1.0530564153351,0.9266272740950849
3.8953247564731397,5.431261577629225,3.97451768845263,1.1480696512230222,3.1636202165209677,0.0,0.0,0.0,0.0,0.0,0.9284339823399277,1.0439917423742706,1.5792959145598398,1.403952603146566,1.8721271773096988,1.74722399314472,2.006240764453786,1.270584313137891,1.0401615550778336,1.0643767417992647
3.5748101136157997,3.348562924173566,1.2962222581145337,0.9435230548316176,1.3601339296110757,0.0,0.0,0.0,0.0,0.0,1.2520710284867202,0.5981878508553748,0.8414285244469117,1.9026369972152986,1.7446277823272636,1.5267132118705264,3.420850903695823,1.8141476673079497,0.9946455629478453,1.052692043713974
5.300315512287353,3.189730723997004,1.9360624019611812,1.2849880071555626,2.2384189817335622,0.0,0.0,0.0,0.0,0.0,1.6250046381607237,1.0277202345833583,1.3094351909877402,1.9626848745167105,1.7842810584233761,1.274763420916876,1.783212268134399,1.4602701830413995,1.0494922406690732,0.9709340823718778
3.3526456626174928,2.922855494738114,1.106707078248642,0.7095144518044643,1.327117706392043,0.0,0.0,0.0,0.0,0.0,1.566519408571227,0.7673876161473495,1.0496090247833305,2.097856785160106,1.8283404092183857,1.2893524968002437,2.5818426673605956,1.7834332227999956,0.9657692844131986,1.0006725128961804
9.5295462979172,15.040550661427167,5.818362571992838,6.26156293459764,26.764439523780446,0.0,0.0,0.0,0.0,0.0,1.225382645458751,0.93612505174265,1.179155553961285,1.729055846130522,1.8158322586415263,1.4928267970598081,2.1750158819669947,0.9403984046950443,0.9069605674651892,0.9991330925550385
7.850848201002718,8.162481914904628,2.8734747025476484,3.0781910603029186,6.496963592650593,0.0,0.0,0.0,0.0,0.0,0.9234594895562578,0.5973801891195141,0.6908972875910957,1.7623864487695224,1.9003092695906532,1.5982073158465748,3.389597131029374,1.4012544260729525,0.9177160425912633,0.9304366449197944
1.0735235469324083,2.0665213793191266,0.9296788926599231,0.5703736607674005,0.47841950369850583,0.0,0.0,0.0,0.0,0.0,0.8882438069848113,0.5918639541239388,0.7939404273216699,1.2650840339534095,1.1707468032495014,0.4650329064763252,3.336126469358984,1.303804100586774,0.7539824343751829,1.4197073879104045
21.44697577564165,19.969363016240557,12.721944321778626,6.49959991559449,11.933181659160377,0.0,0.0,0.0,0.0,0.0,1.2681442571418597,0.5811047310720002,1.1166574196600498,1.809157482891805,1.7821817349100637,1.6255391380099686,2.986317538114997,1.4985738243924085,0.9939186717825859,0.923649531566621
1.5953210590737146,2.056656393516201,1.0867791479994744,0.4275474561837589,1.0627428934994099,0.0,0.0,0.0,0.0,0.0,1.4016991467849427,0.617946749945042,1.1537095110311182,1.8151486019210616,1.7645231089852402,1.4565801696449896,2.986035221759214,1.4234393708380373,0.9143385705630085,0.9250261143261062
0.8313364429974467,0.7667732880935315,0.30751338990863913,0.3594411624311425,0.3970409450177922,0.0,0.0,0.0,0.0,0.0,0.948448597262403,0.4871991830148219,0.9424813514636443,1.40363656485628,1.4886814688974632,1.6077733413045268,4.168897222907604,1.8055607707716403,0.45363807801375344,0.9302095397759813
12.588774060614236,15.856233277158092,10.821427736189756,4.518474322899571,8.65193678122549,0.0,0.0,0.0,0.0,0.0,0.9668933961512581,0.5376045972832466,0.8636581033337326,1.3281378401978299,1.6854438226954553,2.080918218107242,3.175869394051408,1.631153871948298,0.7055136846077289,0.921157664740805
2.2199617167587613,2.283134786540923,1.1187178123029355,0.8668509441018367,1.9432936476507283,0.0,0.0,0.0,0.0,0.0,1.6809447008721765,0.6170637549680488,1.4131678005697674,2.0798115378479345,1.7470476727794755,1.2178696207967807,3.254843426875843,1.2789559179402692,0.9650387160707417,0.9980710753608378
1.6172255052458104,0.8070335714841079,0.383841300035231,0.5993657537669324,0.6092759721526245,0.0,0.0,0.0,0.0,0.0,0.953177550520703,0.9031686062173659,0.7534374302026421,1.5750656841933819,1.9027360181706743,1.8502853480097705,2.109004020944858,1.6211687684074434,1.232527686158527,1.0064019979667327
1.345410019760386,1.035287710756838,0.5475492080394038,0.41719196182239554,0.503125026164219,0.0,0.0,0.0,0.0,0.0,0.8952545592179902,0.7217841881355285,0.9941799121323728,0.957217028008972,0.6227099977420365,0.4993396170177501,1.822166492489583,1.3704008232580007,0.459887435556182,0.6978593936814427
17.40878607480433,20.163201669669917,12.656373030010737,8.77040832567326,12.814274923255772,0.0,0.0,0.0,0.0,0.0,0.6259459327133485,0.5733869250162261,0.8631932975607894,1.6262820670377012,1.9060738852694146,2.0167083059980837,2.228924548297916,0.8504155167107532,0.8618278344513303,0.9405679191571737
1.018865666868943,0.9676093249622669,0.8786317680721281,0.4514842544378072,0.17139563460959167,0.0,0.0,0.0,0.0,0.0,1.1535489629177145,0.9251820945489007,0.7510119022783337,0.9273725463685438,1.5034887286358967,1.1382619452650968,1.047232596863445,0.9065379545562389,0.1776990936923976,0.9771774878623729
0.8459635159005078,1.4153335985568238,1.308981020934718,0.4556794972286512,1.422813473226895,0.0,0.0,0.0,0.0,0.0,0.6905545533367333,0.5813422215178004,1.1877678758377945,1.1616814853276245,1.7526824650119337,2.88263360579241,2.891802513319027,1.3287237917234906,0.6138272593244853,1.0005272892123953
2.064147805216497,2.370614555756018,1.673816029208567,1.2016486032722704,0.8751435052803925,0.0,0.0,0.0,0.0,0.0,0.6892982373821527,0.7740879234081811,1.0048910691705202,1.4613193061822178,1.7240174481393336,1.4026385456973725,0.6033588584389674,0.8843827758171091,0.9449496572176164,0.9036534663105711
6.001021070320446,5.353589171904558,2.8092895662171857,2.086784045089625,2.209000186242583,0.0,0.0,0.0,0.0,0.0,0.9567044801874663,0.4826621507871071,0.7750221926509836,1.7050763942568874,1.712980554019689,1.7249695654248756,3.423011091400847,1.7217114893490562,0.9812376597960789,1.0079969838081515
1.7695893634699011,1.5619553186772588,0.8529082218519075,0.43417385835078404,0.8215924873738286,0.0,0.0,0.0,0.0,0.0,1.2481449249491274,1.193621834503352,1.2905100045961932,1.504900928553416,1.7252307197877215,1.2271884022605477,1.355856928846367,1.32295529958594,1.2932755790052437,1.0555688931230633
1.01778830625419,1.154070566833035,0.9852531881622989,0.36343474897680916,0.4148050896180463,0.0,0.0,0.0,0.0,0.0,1.016429477354097,0.7526532788781085,0.8212685395050908,1.5013512608542463,1.7990986680353023,1.9243754410631009,0.9182705758975046,1.4325491274055542,1.0752258842898306,0.9370324905116598
9.789755469112269,7.894972892215281,2.3209447711545783,2.8157613783827533,2.8390606360035244,0.0,0.0,0.0,0.0,0.0,1.0557720336788894,0.7591144335723452,1.0844530471791793,1.261690684305451,1.3346066233832785,1.5475462009384842,2.315381781046301,1.7813823148770642,0.26382330421181294,0.947435267121466
5.711179241278911,7.101098966134475,4.015169026823923,4.4050673368118,5.000939664394665,0.0,0.0,0.0,0.0,0.0,0.6445067690543433,0.13170517064176862,0.7006774300686597,1.2429110097860396,1.390664901566035,2.324826488354162,11.32403018325471,0.6821408188201539,0.315459955075937,0.9986041473758659
6.464511873281362,4.045249322240495,3.6825948542062754,3.267612800016238,7.847963793097603,0.0,0.0,0.0,0.0,0.0,0.6710829591441136,1.0666333978625302,1.1801442393977943,1.6595738200733583,1.9460751038961648,2.5524088344749263,1.6326760584804256,1.3048009441001984,0.9159136171239743,0.9719181502027948
0.35890811642321746,0.4198070192837817,0.3747916688940395,0.22549343224515325,0.12597361112396072,0.0,0.0,0.0,0.0,0.0,1.2104186666796577,1.075929059171046,1.15212365992697,1.4386267701272857,1.414567805070446,1.020780500914107,1.2463010815605629,1.1806963914320887,0.8010698859574087,0.8857077053100321
0.5086210142884146,0.5894276135919789,0.3924938521793869,1.021949575975573,1.1981535951340723,0.0,0.0,0.0,0.0,0.0,1.5716809267376852,1.0802325877692243,1.7556895397568804,1.534290863146743,1.3575293648050613,0.8463718733775606,1.342589859629562,0.9306358295370052,0.7789477147274058,1.0425311604858485
1.7413829280246695,1.4604303348504257,2.0806544975597636,1.3536018621878774,3.5518484423603693,0.0,0.0,0.0,0.0,0.0,1.5215521995732302,1.9972889129917313,2.0477600957880298,1.5691598955658523,1.277793707805387,1.0149139322792986,0.9756338765546153,0.9342596105992332,1.01339304779899,1.628185457176065
26.84879602423038,7.323384366727159,9.36686066326067,17.34084646010053,14.593458247352705,0.0,0.0,0.0,0.0,0.0,2.0334532119042796,1.8637037685082585,1.670248794975948,1.756408384001754,1.6422295468375208,1.0131392079906865,0.9730254145559152,1.1133241134067522,1.151503707768501,1.1654116783668145
6.265121516112107,0.6047149376627712,8.300225797447583,7.518101844480222,2.162666631899688,0.0,0.0,0.0,0.0,0.0,1.5482358096496764,1.5853887107436746,1.5252464447958523,1.4063695035548047,1.6964426214043997,1.2697000579609101,0.8882706158918298,1.0061045318518032,0.8077861235009062,0.8624122805481191
5.688066968190187,1.9610814463516029,1.731230921802839,2.619118215954993,2.515130756445709,0.0,0.0,0.0,0.0,0.0,1.9832970961090537,1.6992668408579394,1.6032276558989906,1.874012593955956,1.7360052988312817,1.0303079191480433,1.071002585885851,1.1543571894100173,1.116366026120122,1.0777379723268172
7.106179091037407,2.162862299274503,1.6554604377375726,3.6589434639823297,3.3042565571649947,0.0,0.0,0.0,0.0,0.0,1.960168267479196,1.8486846221679223,1.5722948641459638,1.907301467886788,1.8054738144140188,1.0271145113668896,0.9953165221339447,1.1298909873807115,1.097169395782273,1.0844575753911008
8.535330477336903,2.297667582896049,2.5112553396011768,5.448727634560638,4.69978969002367,0.0,0.0,0.0,0.0,0.0,2.0130285110843125,1.88860574352715,1.6572210768175255,1.8413527839661123,1.7521591833290922,1.0121020333240922,0.9653549184340078,1.1216132167672919,1.1253177004745776,1.1077539540601835
34.26969563891911,3.9090344594045567,22.22780335029081,35.847684530138466,11.249197059708543,0.0,0.0,0.0,0.0,0.0,1.8971866018154728,1.9248567886763717,1.5519663562522759,1.721258266884702,1.8456710014329067,1.0875213986774368,0.9455978864325464,1.1298959325264946,1.1678041765616696,1.1258870968213002
7.1300373441345855,1.7569674553212082,2.13122336509809,4.026637835769233,3.711881513769974,0.0,0.0,0.0,0.0,0.0,1.8221262581149091,1.6089870149752636,1.3904386836641203,2.0090906393268315,1.911452770502358,1.1281696249894586,1.2082202438851595,1.4213937627545232,1.0419833070085542,1.0217244650514865
10.797175136449892,3.2243253222200643,4.606254715496616,8.30678051125923,5.169684182889769,0.0,0.0,0.0,0.0,0.0,2.0383282584479243,1.8823255714982463,1.5516650419464209,1.6324122347494368,1.5573347725085622,0.998674623621389,0.9347630134880975,1.1096101240233847,1.1932332248348836,1.2257096619505876
9.311618572445067,1.913117989806339,2.7342647755815515,6.04804037664676,4.395873711946636,0.0,0.0,0.0,0.0,0.0,1.9181401390409536,1.9114409549167528,1.5683496397176913,1.903759053121793,1.870711677846724,1.06450768214892,0.9950112842671038,1.1725144197488462,1.0849757834555407,1.0464305784565686
41.80303753821382,4.291157178921624,29.413034307592568,45.40564430756926,13.53685015089645,0.0,0.0,0.0,0.0,0.0,1.914763133845613,1.743933184841156,1.6239473122820023,1.6433427523267838,1.6334785549580242,1.0934617886517102,1.0346445943384077,1.1340616046962975,1.17410925658742,1.2267137047599246
29.612426222869168,9.937897211419468,12.447760669460646,23.399955633714654,16.804585188822553,0.0,0.0,0.0,0.0,0.0,2.0644467762781162,1.8469560216584175,1.5505656681807758,1.6973471969953753,1.532034807340013,0.9887674314117257,0.9823014804905073,1.0700905747299438,1.1655799392690631,1.3129287486482895
7.240325332536434,1.7448906889881577,3.5864823955994303,5.391275513556108,3.269563390481467,0.0,0.0,0.0,0.0,0.0,2.003872997871341,1.7524786726006685,1.6502521086234085,1.6976977761837602,1.4625989152435548,1.048003607700558,0.9798130901855241,1.1801463845553686,1.1315369670459443,1.33145455767205
34.38150201823607,6.032248114105682,15.221371232427066,25.525558830474782,18.707920629827598,0.0,0.0,0.0,0.0,0.0,1.9694794595373948,1.65045793151072,1.7260003464867937,1.8673842600481916,1.6962553350782574,1.0582928596206518,1.1335799933481103,1.165690650522416,1.1110332432756567,1.12164393925081
6.01472728645294,1.6575014692669814,2.484074160658987,4.723945345092292,2.989373272701362,0.0,0.0,0.0,0.0,0.0,2.0222240610890356,1.891490056079549,1.4963211042219053,1.7049595139623106,1.7242267109273017,1.0033743368597146,0.9373385848837807,1.0989759893048374,1.183495208662291,1.1800919668039729
4.609891261833863,1.3189435783620556,1.41941971653102,2.9656361079342015,1.848354239447514,0.0,0.0,0.0,0.0,0.0,1.965425137344739,1.9399312679650085,1.4474139962241415,1.8133373685745093,1.8909982329931254,1.0158726673836613,0.932901515968327,1.05444950567376,1.1394171026014805,1.076874995142898
47.86673809546879,15.881007985133882,17.57797963423562,24.053968485803612,24.78296308020242,0.0,0.0,0.0,0.0,0.0,2.034898412279329,1.757595142636575,1.7007217573585969,1.7833169295953468,1.5730209173326362,1.0059624275436374,1.0010151703377643,1.1051455437086746,1.1582087180158576,1.1403344550093104
7.227000240411646,0.9174730086565692,3.835806937721634,5.116215984213879,1.9144307390345143,0.0,0.0,0.0,0.0,0.0,1.9370339054776096,1.6489540177846416,1.7308763437877792,1.836777216123139,1.8064999222393296,1.0746498132352453,1.0992896190609953,1.1519713974172183,1.1083965394793303,1.0421286114304422
3.976353183116509,2.1296634800741794,1.0605634073493355,1.1162900646922707,1.647710963649494,0.0,0.0,0.0,0.0,0.0,1.9980366942422065,1.8296045575824331,1.4945640395541826,1.5308060508902577,1.511860663366363,0.9722611628177503,0.9481129167076391,0.8725783329689893,1.32940719360813,1.2749656483460756
1.651527096284322,0.6655730929272051,0.35944979612551486,0.7064263686588235,0.9955787654594269,0.0,0.0,0.0,0.0,0.0,1.8476249484289609,1.6806916891352948,1.1964710916871186,1.7404168554407453,1.878871246953499,1.1223594387924578,1.0672480596905347,1.5940446029814557,1.1373564871064685,1.0368877860823609
38.58244977318354,9.531351517314867,12.734346247432253,25.611829795100533,20.25709679596816,0.0,0.0,0.0,0.0,0.0,2.0084028961948097,1.831427598326227,1.6860564816935144,1.9020035030937295,1.7865277941021422,1.029662830492753,1.0247676133398955,1.143170131603706,1.0975768057054807,1.0933950515343123
4.284751502356896,0.9021091106886387,1.1597452748724517,2.8713646212303336,1.8215616680684223,0.0,0.0,0.0,0.0,0.0,1.8701174435431025,1.759758395722275,1.555127269233072,1.8703795746396406,1.9491889879771247,1.088319624888627,1.1292053901396009,1.1618581280607605,1.1085159152446913,1.059264294314681
2.2353470621539477,0.9542841252218057,1.147328142519713,1.728515687564275,1.2196355653917397,0.0,0.0,0.0,0.0,0.0,2.018038773208986,1.8031800787469325,1.4917637515079887,1.5161809421014028,1.3366575723854281,0.9874285403514738,0.9126903189363328,1.0581289895051238,1.2921052153263448,1.3413622677446602
1.6295950284506522,0.583487185373188,0.5999756962691674,1.5110133772074543,1.173170435565606,0.0,0.0,0.0,0.0,0.0,2.0723073753699786,1.725025419344891,1.6042710292153446,1.8311817507531325,1.6493970010088412,0.9710966055946278,1.067941034569058,1.1419880654253236,1.1199342901823928,1.240755434064118
23.805512861213703,8.147053056638015,8.426955817511372,14.036489714645816,11.125525531782642,0.0,0.0,0.0,0.0,0.0,2.0257484900112916,1.8766415412380466,1.5245258143604192,1.6756657996773316,1.634468818040147,1.0029618936314495,0.9460358069642402,1.0472987852636961,1.2156669304866468,1.2081917483982383
4.18346613572886,1.9054086808487813,1.449202853271761,2.489309383871804,1.965860549289611,0.0,0.0,0.0,0.0,0.0,1.9943871307227576,1.8612444171883085,1.3904905108633925,1.7468289381085846,1.5232655453865052,0.9670530583365621,0.9373053010294382,0.9120088644789374,1.169420072650222,1.3131988102370957
0.8077210642998995,0.2796622695733197,0.28209056380887826,0.5462343368898155,0.6514217110877034,0.0,0.0,0.0,0.0,0.0,2.052716471161421,1.7536013684118135,1.8288296359236622,1.8378280694509201,1.7157297176607706,0.9927550271657264,0.9760208986385465,1.0688245105394445,1.1449422629946828,1.0497870813929775
27.451414378236205,11.13143203989225,7.931177058683261,10.991695031060601,14.495678010144175,0.0,0.0,0.0,0.0,0.0,1.9890778590549771,1.7075000437894379,1.4848452549087336,1.7899769615415748,1.6453929735760988,1.0095058726894994,1.0303050224574035,1.1624309136553477,1.1637598565737222,1.1229353480427722
10.982855244829501,4.307792106473025,4.157354007013819,5.974121708497055,4.7646543190291615,0.0,0.0,0.0,0.0,0.0,2.0208008113623626,1.7252209000109489,1.605684083229088,1.6455919615659456,1.5614955138584445,1.0101809431202788,1.0033580582311703,1.0708575920446004,1.2434195812019122,1.1665647455062211
5.892969470134574,1.400106262177839,3.3759438154197454,5.807657785930829,2.9896912531961877,0.0,0.0,0.0,0.0,0.0,2.000707578723509,1.8653558494584275,1.4890873168825058,1.6008196133116033,1.6319119580764303,1.0431928876083492,0.985984011703592,1.0465897194586704,1.1791096570018267,1.2500121786715952
0.32855840964088845,0.16294435306542585,0.05212982412894722,0.2207714658582034,0.19225385982785112,0.0,0.0,0.0,0.0,0.0,2.04389835961151,1.6656259738682526,1.8026329562139436,1.5848184459594914,1.970619289367479,1.0082333999860995,1.0105238879678375,1.0713809178440032,1.0529315118724694,1.0348710634166622
3.853970515460028,1.6432339310926747,0.3987509883017082,0.7755012830914051,2.065384005269403,0.0,0.0,0.0,0.0,0.0,1.4051086346624377,1.6256873488025827,1.3216723432060309,1.5450751511879546,2.0250953901603643,1.3098066998793567,1.240810918220748,1.5854422884574428,1.2436101976524283,0.9390409139306287
85.04560939281791,80.08959817796486,74.16885312447333,78.74275109435723,63.274678079154036,0.0,0.0,0.0,0.0,0.0,1.6359643765002827,1.6534325053037082,1.5719262239733016,1.4584122708337939,1.4421649540943429,0.9598307752312301,0.910811365504868,0.9119697116631033,0.9528190756728021,0.9483420106552852
2.196824246688124,0.2687387247645662,1.936159524895516,4.413825353726416,6.232316365227908,0.0,0.0,0.0,0.0,0.0,1.6175185593909633,1.4300932432675375,1.4779902653304777,1.1771742794575437,1.1469019392376185,1.2934306378079596,1.139488230094435,1.2024066100118018,1.1165765816951636,0.3766247293636152
1.864855923526282,3.078835107569899,2.326704358159741,3.432175312241154,4.974090300055453,0.0,0.0,0.0,0.0,0.0,1.231789729712251,0.5672387997175479,1.1380872019321004,1.3532698396716716,1.2027297007978592,1.0120589317316815,3.037162403620226,1.381850119362787,0.4127902568904933,0.9314280560769973
3.0423169235114647,1.0363550374434491,2.037124077133158,3.6771279337606075,4.582176158601053,0.0,0.0,0.0,0.0,0.0,1.1025967337937281,1.1775841611095434,1.3501062996104685,0.920677171290364,1.0081501857774353,1.7892621160712656,0.9581267890601846,1.1911607895507579,1.3405106199888717,0.16880149970662003
1.348213498848489,0.6866707203551531,1.0522235359515137,2.1208981399754006,2.441295679307231,0.0,0.0,0.0,0.0,0.0,0.503501701757778,1.1829219010174439,0.9593952275977046,0.7023194538764143,1.1968210522270024,1.6658900220701618,0.37150255118290065,1.3832479411768965,1.7133726715464643,0.5654981128226053
0.37780701033607145,0.13354944377181965,0.47811332537526213,0.8281569532150515,1.2851963183456419,0.0,0.0,0.0,0.0,0.0,0.7917180687552052,1.0702072990656561,1.1136546307914332,0.948390500631479,1.2104073326880762,2.607295182057773,0.27846261419524837,1.4828624346945278,1.0481319155877689,0.3105771112605567
7.2723303634479475,1.7860035578627407,2.593098952843941,8.350122402573884,6.525243728914523,0.0,0.0,0.0,0.0,0.0,1.54776866616368,1.0982691674441447,1.9163351659103895,1.5543500513992172,1.161168469723792,1.1068590354164007,1.5521462000965596,1.089993878316705,1.3468119471971571,1.4211556003022363
0.23238637519919175,0.2423966432707046,0.5382251829082175,1.0325028047541278,1.158018676281029,0.0,0.0,0.0,0.0,0.0,1.562171150955662,0.2632255861160135,1.171366153567616,1.2630123117265266,1.0362149689572562,1.3444607669366417,4.95991461697879,1.510107965263665,1.2598017912681665,1.0316146170298781
1.714903767409829,0.3285303089797909,0.8586352787151086,1.6194811546614045,2.3687730055861884,0.0,0.0,0.0,0.0,0.0,1.3414310942008218,0.7443033987121549,1.9318142456384566,0.7003948319892427,1.3429993970428382,1.4124265043391089,2.49865012123849,1.0239202816058701,1.9833822470295983,0.4220497676526077
0.5201608978878617,0.08472124816268838,0.1244168783614495,0.37157519479741374,0.39812691395019684,0.0,0.0,0.0,0.0,0.0,1.4603634483559047,0.8871258615408297,1.689802348406535,1.6911304253275865,1.6531343517087225,1.285555573326986,2.06842496004488,1.0299368530824058,0.8447281693993833,0.848644766583437
2.5286625365895334,2.722050014732731,2.9877681799775324,4.422611793892652,4.066763593012445,0.0,0.0,0.0,0.0,0.0,1.5504143572623716,1.5518565054143185,1.6597113156558874,1.0217058826357677,1.7142694011979647,1.0798658671827719,0.7606637138275631,0.9556835152330928,1.5564562880389354,1.0269543843152835
8.554237170946724,3.1469671436454982,3.3002163848700645,7.195734058632944,8.517006891392544,0.0,0.0,0.0,0.0,0.0,1.7300033924837135,0.3303723328007378,2.0266565100074345,1.4045365271415193,1.406773730080278,1.1401030635476375,5.623821381333841,1.022614517851862,1.401316462615919,0.9693371207541585
0.20885342548715294,0.2842614022168806,0.22970869949678185,0.4365298292383744,0.6066675702079841,0.0,0.0,0.0,0.0,0.0,1.4107333345587307,0.5602757026839088,1.3083803135920515,1.322117036021688,1.0384634343526415,1.20328403460786,3.0366749001468856,1.6059986369349255,1.2649860606809615,1.5280410736494594
5.018517435607257,4.055457902702384,6.2701634021053305,11.054525964555236,12.459680668998969,0.0,0.0,0.0,0.0,0.0,1.6389729457661557,0.7959672246925239,1.2935738071086154,1.2042649690463079,0.9186706795308581,1.2323677610784363,2.0332879840714906,1.3469275443424504,0.8874634249724445,0.6141450355416882
0.9443370286242916,1.163212039567569,0.9264384702627831,1.6533424996703565,1.7192394048867399,0.0,0.0,0.0,0.0,0.0,1.1824791871346967,0.6879766247159596,1.1601145357275364,1.2360611101585766,0.9850502388114359,1.4462354023773747,2.7042415830060182,1.6070273169234388,0.32140496972670773,0.7966868026338929
1.0693666756912343,0.4517374198786186,0.9667437027559286,1.9246023598345061,1.7692237062414524,0.0,0.0,0.0,0.0,0.0,1.108117118724274,1.6492649240618351,1.0979896047594713,1.432688072127194,1.3791455892399638,1.4176139656604334,0.8064337792109791,1.4152445071925337,1.254903369794619,0.6507159019938101
5.41126424712894,1.2043534428523581,1.8848451295114415,7.57722174072917,9.046657112277206,0.0,0.0,0.0,0.0,0.0,0.7296141990255024,1.8193179378170847,1.4514838942369708,1.1071646324868107,1.3986388215827594,2.413858951957683,1.0962693864711357,1.0155009546845668,1.6678871393902173,1.1210760762139569
0.5808782151554174,0.49727202126237746,0.30812839329230896,0.585847496470583,0.9886020536302469,0.0,0.0,0.0,0.0,0.0,1.1186773292574854,1.2407988293673058,1.1989579390405483,1.4869441795685274,1.2849896593494081,1.1802578176671394,1.313742145096585,1.1046194435694134,1.101170073511571,0.9406621503795262
0.9781180018423801,0.6166402373463685,0.755701898409867,1.081858883659892,1.0720563196208337,0.0,0.0,0.0,0.0,0.0,0.9336457059838281,0.9235783110439058,1.0450785237784013,0.942667722126038,1.0217794386601184,1.8348630612889516,1.1100693495266463,1.2697740201323757,1.2960462181402521,0.6020891946336024
1.5494463124447762,1.1619587230183146,1.3217988474580378,1.655644579669754,1.36016725123678,0.0,0.0,0.0,0.0,0.0,0.7721678790471387,1.194716099374024,0.9928281052705169,0.9009123530864117,1.2231422602450714,1.4951039086738456,0.661418900114862,1.151103478712403,1.4480555690498533,0.6142388350162674
4.118014209692481,0.7264839440557186,2.9977131216399266,7.846762407006361,6.633388586308587,0.0,0.0,0.0,0.0,0.0,1.2193211196022726,1.2420193744081756,1.5385944957583537,0.6817445939800881,1.1834182690056427,1.650722896848028,0.9469813614042366,1.2171296932943154,1.4567979186869269,0.2705802661711137
0.4576671400359021,0.25756769322064177,0.2196821943647453,0.23345378910531783,0.22589473563583362,0.0,0.0,0.0,0.0,0.0,1.5158191466703266,1.0554256499743409,1.8390870308477014,1.8836950443439149,1.5610439464298451,0.9800445740390407,1.1260471777820986,1.083550119534476,1.086600012779481,1.1416125610867829
0.7387713507160157,0.09952760108778227,0.1649835234883703,0.6584612597620091,0.8505406681365131,0.0,0.0,0.0,0.0,0.0,1.0574663623668026,1.8826987563103472,1.5564042515682568,1.3651129620792954,1.5640744858660494,1.6318693477728299,1.0978644853982258,1.0194582261413565,1.5017829817886432,0.9729159443226887
0.29077098343473956,0.19381137102262996,0.012524332137766842,0.3248116676787931,0.16915753383540205,0.0,0.0,0.0,0.0,0.0,1.1169400313614186,1.0024846432572398,1.823968634708663,0.42438493450028836,1.5045922286940379,0.9065909614166464,1.7698522397480199,1.1543423303640288,4.94514744437265,0.6100671931949295
3.443893172126787,2.9856967960319034,4.040414436959346,6.037777480118814,6.871004103053177,0.0,0.0,0.0,0.0,0.0,1.17509626878979,0.6912292752789208,1.113738919523572,1.1938360977681142,1.1020766471614916,1.592504620685691,2.022785345495874,1.3324204986100547,0.746846987771199,0.6166959069081273
0.2999635843024129,0.10498369348445875,0.018375764104696747,0.1308509675645837,0.1439739245958535,0.0,0.0,0.0,0.0,0.0,1.3944005833222515,1.5134112249572904,1.4004014683339796,0.45320120261190905,1.4591053906115699,1.0180827507259782,1.1875749733069703,1.336891198169219,4.5510386150249555,0.6701220319656339
0.6023600271372669,0.12587495791326986,0.2560994914104211,0.7915956365640195,0.16399269901857266,0.0,0.0,0.0,0.0,0.0,1.904226080742401,2.013849654840131,1.5623847875930985,1.706525616046571,2.007613855772094,1.0823501624546725,1.0039600415823997,1.1289160527156785,1.16965401730106,1.044646365199584
5.228065359181169,6.330821118247755,9.012661108074372,10.15194197982902,9.839055532086158,0.0,0.0,0.0,0.0,0.0,0.8548315664817759,0.91316057646821,0.9494114636661151,1.0791151754017687,1.2103599575693547,1.963617592139349,1.0678238019761581,0.5199876641713931,0.9365328493444497,0.8951164053034683
9.606933634029419,3.6862702326627295,4.02771974269222,5.527767284363772,9.443766806949432,0.0,0.0,0.0,0.0,0.0,0.8714618817409384,0.8237346132078777,1.4336392091825316,0.9924501793919702,1.1715362378689977,1.6305212034983485,2.1329269211071735,1.2128068802112664,0.8181964727363088,0.9172114896432492
1.2313662625980304,0.762863899375191,0.4289672492578225,0.9959180796017304,1.4360370104866413,0.0,0.0,0.0,0.0,0.0,1.2762597798275956,1.4398237622177346,1.3115280446767326,1.059066454167316,1.0396673085884347,1.3812407077919926,1.392637725365477,1.4501892827915528,0.7203275702454264,1.3144124953501553
0.10956510923887833,0.0497064878039982,0.023567005319412238,0.040672978818906566,0.08078611746022556,0.0,0.0,0.0,0.0,0.0,1.1261085479863953,1.2138791991266373,1.1205360338192865,1.5952213725415667,1.6750707304653911,1.5184361004376858,1.4652394275891691,1.7886250524017813,1.0036495212125318,0.8963111208079492
2.8252512872457594,2.662719495086103,1.1210440900775298,0.699873314169398,0.48396618108253814,0.0,0.0,0.0,0.0,0.0,1.2949007652386484,0.6165089672806594,1.3572798806994375,2.071928484442135,1.3621119407104527,0.8393507249335213,2.4251462661952594,1.4633874430488003,0.9622069954269884,1.1680607129570026
11.176732518038392,7.599621327439715,4.322754986213335,3.8909501672218925,3.136611055741644,0.0,0.0,0.0,0.0,0.0,1.5124775600968952,1.5029524629503317,1.3676802202751073,0.710071289060589,0.4696081382537931,0.8521241719161646,0.8771778625293057,1.152087860803635,2.8285891806540895,3.665886926259893
0.9009716709495802,0.8611051219605486,0.600401901750474,0.567946915200811,1.2903383860841435,0.0,0.0,0.0,0.0,0.0,1.7647964518915213,1.564700639495231,1.7172406463116159,1.2689930313569602,0.66033710047446,0.9248233600185851,0.9720245434240121,0.9491812340669716,0.37455986482947845,1.442536544787601
0.5577613310140963,0.9876619686851429,0.7663893469651545,1.14244713450142,0.8927904724534423,0.0,0.0,0.0,0.0,0.0,0.8248013557224605,0.4926573862198783,1.1374576261889526,1.3830250126326575,1.6578348590703105,1.6869664679828948,3.399609114960825,0.8347492069238064,0.8847714198916684,0.9935259260753647
0.41500911267810714,1.1265528170711112,0.3567105540405119,1.1078950793309708,1.0878655919112965,0.0,0.0,0.0,0.0,0.0,1.8541183952308125,0.9587599766056238,1.1710896781123592,1.2901870667536974,0.9408672786285215,0.9112696866922557,1.7327152423613768,0.8649909948681094,0.2705656306801669,1.8851819816322142
0.4080549613520555,0.24731087398836188,0.24904560792969735,0.14980262809270845,0.28548983236069375,0.0,0.0,0.0,0.0,0.0,1.5346079601251947,1.111258888070024,1.2016173312403438,1.6865937149398487,1.2805406280043639,1.1193699723221795,0.5052411836095488,1.3767498139920904,1.1929996514527998,0.8026861087605551
0.5263947711059315,0.1829545358488062,0.0985801924895153,0.3434092899326605,0.33570787153354564,0.0,0.0,0.0,0.0,0.0,1.5677992452158207,1.929730387807864,1.5561468770504934,1.3553640795618902,1.590361319417721,1.2624850575755997,1.0282880389369728,0.700551468860517,0.8651521237700832,1.1225586376021055
11.891169348371843,6.797389804404976,1.5406846822336235,9.403623461784878,11.341067812504964,0.0,0.0,0.0,0.0,0.0,1.434152961490081,1.5839958311325626,1.9050450777775343,1.561501676126022,0.9417140578623112,1.4140441811902527,0.8499204826234059,1.0917879243645725,0.9719781702902093,1.7736486503017628
0.7182016352145911,0.2418467943353595,0.4637821831717906,0.719723844879613,0.9929007302691277,0.0,0.0,0.0,0.0,0.0,2.044540881954138,1.902048405540008,1.7329227306318862,1.5384299291695605,1.1532625716633627,1.015127173773311,0.965002075755973,0.9922000901029809,1.1139877426310323,0.8140741665320768
0.2667274855823655,0.1414039694216196,0.08679710504199686,0.43036063016717047,0.49368666452051657,0.0,0.0,0.0,0.0,0.0,1.768138556841789,1.4157180930011686,1.4187925149070784,1.3836805226055005,1.2908982005396459,1.1738100046102555,0.9740145162138659,1.0577857229896248,0.9190903253830305,1.2647085639351248
0.8118783492298632,0.6829207950944914,0.2003244540142357,0.6344398081324558,0.6308271383957754,0.0,0.0,0.0,0.0,0.0,1.5744404768935119,1.4732991660335668,1.6173811606387134,1.1818943148451047,1.1546643973581185,1.0909435932482532,1.2322316864638707,0.9240504917599255,0.37906224835446145,1.7392602838413347
39.476452274876905,30.508594797838363,17.838757775255026,10.825424099569053,18.931652844697247,0.0,0.0,0.0,0.0,0.0,1.544268185471439,1.461762539571004,1.5589827220900296,1.6405222869932967,0.2916837771755843,0.7467412217400934,1.0600722530931974,1.0561179509240881,0.9484424791509154,5.6434839256886375
8.00700974357817,3.278620753809549,0.9121213777338989,5.3267976586468375,4.142985309846679,0.0,0.0,0.0,0.0,0.0,1.5744299358202771,1.5628477509262877,0.1140527966683052,1.2463341717859442,1.7623901266031783,0.8779203657878292,0.8619829144999436,15.782501614099838,1.2209458242713649,0.9516868887803472
1.5944918591749857,0.6992454802292062,0.8909228580572996,0.3233726754674294,0.39170879425965677,0.0,0.0,0.0,0.0,0.0,1.4639921016110833,1.5294183439701494,1.8670832513338367,1.9741191524609742,0.6956837468031154,0.8665669637454245,1.1121089621414373,1.1060478619200698,0.993165584671494,2.4407696191152093
1.38691642173313,1.4591441579191498,1.8431125992705777,2.276814706817837,2.9237080295612916,0.0,0.0,0.0,0.0,0.0,1.271336475223126,1.295425046088323,1.1903440455372154,1.162426563893351,1.1376903895321961,0.9392770146424193,0.8420962515264839,0.8688583313054287,0.9011223196014942,1.1681596768659908
0.6437388249978605,0.6471044585166814,0.5637061446268178,0.6583378913757617,0.8507476994412183,0.0,0.0,0.0,0.0,0.0,1.836448295418721,1.4753158674755176,1.4066845473571927,1.2599952013471736,0.6896991986517877,0.9123306080649256,1.085440276238988,0.9583827183677559,0.2525243395832498,0.7996642794488216
1.9112045851963095,0.9330083989899285,0.3797638801559692,0.9149932614374677,0.8900552586814566,0.0,0.0,0.0,0.0,0.0,1.7098715405008074,1.4285769059555153,0.8058855774699344,1.3418127692459338,1.5843981235502662,0.8877721612937081,1.0249133679681526,1.3305434765202557,1.28318176521591,1.0649638547247047
0.7919370806858972,0.554331222106704,0.7833165197933835,1.356303275672915,3.0598017996145463,0.0,0.0,0.0,0.0,0.0,2.012827744198697,1.4053278842840855,1.7863605512559744,1.389565945351314,0.8763178004698523,0.9437111771156904,1.165579358209974,0.9766700136442708,0.8321254389192644,0.09883560646523014
1.0988789747503305,0.8158447557823261,0.4283516629973943,0.4741956269785891,0.8641852817233368,0.0,0.0,0.0,0.0,0.0,1.367600020400493,1.4979110996985305,1.672527962837959,1.7502642134982869,0.862436440004383,0.4961573482765513,1.0402957102066144,0.9589110713233548,1.0558287623493856,2.3560313508324318
0.43502941311877663,0.6013133477593693,0.656955110169336,0.8311494388133787,0.7967985979417024,0.0,0.0,0.0,0.0,0.0,1.3409415273321448,0.7891165834301994,1.0432559337208798,1.3047216154340873,1.1210545399772345,1.3352461744924848,1.9052830489939165,1.1430341714787566,0.7405365733077772,0.8072861300236476
0.32060531926472835,0.20092883607972323,0.06470628788387299,0.1321675133207846,0.290772341899895,0.0,0.0,0.0,0.0,0.0,1.5411220374416643,1.6106594994745729,1.7611123898177672,1.3525617712465818,1.2668978393320995,0.7788508875281505,1.0056778948969205,0.9692243912758829,1.2475687838392533,1.2930328645962574
3.803200132030264,1.132233324979787,1.4391009447785128,4.251383100874159,4.851660933010371,0.0,0.0,0.0,0.0,0.0,1.9992352224102414,1.7455903886355562,1.734806582956858,1.4409828622601224,1.2361403478205761,1.0535829828894376,1.0344930924307685,1.030172694915564,1.0222109929073635,1.0428804268653027
0.025146885505118732,0.05023459915726399,0.011701406561241936,0.08226085493120891,0.16718584290681954,0.0,0.0,0.0,0.0,0.0,1.6050996905303685,0.8874986483962494,1.1098039412215805,1.3834066413215786,1.458273158557362,1.1520120085148522,1.2360411392951516,1.5790926715109044,0.8080876779308666,1.023516762942839
0.2750363951873829,0.17073143259723758,0.07561955358809663,0.09142874206629827,0.36489798950006763,0.0,0.0,0.0,0.0,0.0,0.9811878746190164,1.5251379311467839,1.4163620326116586,1.4848314750624945,0.6483371530372977,1.8253970421991792,0.8235301093361537,0.8701923926415145,0.891840447659754,2.4439678280652157
0.6326604834870346,0.3727073399070585,0.4367778687995963,0.19524228419412365,0.17381546308688267,0.0,0.0,0.0,0.0,0.0,1.6784822533378019,1.5179430510339564,1.5935210053917295,0.5095169274994507,1.5949512967946107,0.9444019144067407,0.7159572887381458,0.9408165002253971,3.7311661470412685,0.7533318292665083
0.1329060069198957,0.1868414170841318,0.16118611690348578,0.6822007158916805,0.7402912379298902,0.0,0.0,0.0,0.0,0.0,1.742558131348791,1.1374749420475636,0.8489864166275788,1.4662497020821335,1.4272167735432415,1.1532425616680695,1.8132573096634335,0.8488621883443003,1.031830368900449,1.0778890938672792
0.6262535210647363,0.11440415352531015,0.20890299412427424,0.45614182166705763,0.1823693112936178,0.0,0.0,0.0,0.0,0.0,1.7010927572353296,1.1402387313639182,1.7595095674497587,1.714168824023979,1.6435264219859866,1.1778937927227529,1.3549636761227897,1.1742664742449433,1.1412140243617483,1.1895434789395936
0.8115241352196382,1.2586728669418972,0.8961492142636966,0.55781304662623,0.23837360065799204,0.0,0.0,0.0,0.0,0.0,1.717398992122422,0.8795659417672846,0.9664706269656805,1.3378541265690134,1.4484995367407156,0.9103872094284322,1.7234976670280782,0.2715665537443823,0.7060355545794677,1.1023159064018404
2.6685436945391765,1.46348549931555,2.292391327248679,0.9033189341392678,4.052466251896036,0.0,0.0,0.0,0.0,0.0,1.971786747015865,1.7386238019171552,1.8927964831471227,1.5252155545659778,1.394270833613354,0.9265600303921646,0.9216046597513147,0.9437569896813415,0.9756253578474139,1.1515080493073289
1.8303574223817631,2.107785497171677,1.9864846643253926,1.7992506545566556,2.171314603282586,0.0,0.0,0.0,0.0,0.0,1.3615538803865463,1.1395125597465166,1.090234556397878,1.1254199629512018,0.9684677486496286,0.9967530185545047,1.2099654007093894,0.9639633966256412,0.7755575038930582,1.327921248310149
4.1485999437086285,4.786556907173222,2.923120676865355,3.4080663998356457,5.338483027446493,0.0,0.0,0.0,0.0,0.0,1.6360790609644722,1.3060041577730004,1.3608088738530086,1.398048294749853,0.5146025719307901,0.7975778498564075,1.2396008558654577,1.0347736211800735,0.4301450619149293,1.7628707774825356
0.12229778658479722,0.0664843963145377,0.00873441293654923,0.051467310065481865,0.1355955763591818,0.0,0.0,0.0,0.0,0.0,1.8832082436001192,1.6952284308266359,1.6668954289179476,1.7663501927978815,1.6024045552284658,0.9320051941572529,0.9655437695896697,1.1470239795990491,0.9281992890328316,0.9019743658519146
2.864734928279089,1.2379555196124028,1.1815696933177513,1.2817322621082075,0.9957620415107333,0.0,0.0,0.0,0.0,0.0,1.5375150325879474,1.1025556418084719,1.7104292574599502,1.2240537921373513,1.3846805118786347,1.052160823594811,0.5360036888354764,1.1285077950690747,1.1915221757884829,0.3178802270536805
5.336830153060201,2.718193631567036,2.85592587350144,4.570303814692995,3.84925406440009,0.0,0.0,0.0,0.0,0.0,1.9052891859226515,1.6858183035884078,1.94451777704776,1.4310473475743988,1.6908458617649458,1.0633228314551713,0.9830629803912875,1.0209001945152638,1.1392880524067714,0.9893333709630856
1.3567643825762565,0.8462305897797039,2.1564180293368373,3.679096558937837,4.356050426459417,0.0,0.0,0.0,0.0,0.0,0.8503629817409951,1.1147682756774213,1.740609325564156,1.8281806915149224,1.9484797125131101,1.7662879848000654,0.9638879273634597,0.9709310304903382,1.0733018229787346,0.9044192836644163
2.368242679497383,1.2171301349813903,1.8447405401054422,0.9756155806275526,1.9900844493215275,0.0,0.0,0.0,0.0,0.0,1.4843863178124097,1.8299509244928531,1.7972317847561536,1.3883997892788769,1.9019708362906316,0.8402441115924247,0.9009723838761302,1.1390594623122254,1.2589915220989998,1.0061448504261854
1.4726476065407825,0.6313804227523736,1.0012818618855364,2.426663013100022,1.5918637480530446,0.0,0.0,0.0,0.0,0.0,1.2979683937886413,1.3761499619484974,1.8542045070511515,1.7723391488904054,2.061406322050217,1.2546354743298729,0.5038259654371099,1.01797444982964,1.1321749872542344,0.9320601381154904
0.4207146409103547,0.33486346467044614,0.9423003502106004,1.0163323049430548,0.7584188986591578,0.0,0.0,0.0,0.0,0.0,1.355140794569185,1.8018057168784587,1.8275512708207011,2.0048451834019243,1.89655197248994,0.24916543287044002,0.9298086065649678,0.9998392182504552,0.9926694148883497,0.9152628184460008
0.7900087209072074,0.5410871113424219,1.2905616529408346,1.084182817082611,0.9285712926191237,0.0,0.0,0.0,0.0,0.0,1.3775723575575551,1.767537553054695,1.770041444074942,2.0733263156317356,1.9450978271445793,0.2956096968999945,0.9205255102591912,0.9834266655424614,0.9839720415133801,0.9132530999256626
20.054938390760007,8.157932768466328,7.657713226460362,7.697439268767513,16.192493124591195,0.0,0.0,0.0,0.0,0.0,1.6629004626538804,1.8531240303965957,1.4003544884354246,1.9383413312012945,2.0705988504932695,1.0228974835989635,1.0563921780447225,1.0892173493905133,1.0853301222685996,0.9445651157692776
1.0542230218779678,0.9218295758052601,1.083020417789473,0.9899799345411162,0.4355064707475961,0.0,0.0,0.0,0.0,0.0,1.5782661421728117,1.7728802802535388,1.948899820680194,1.9212259605164586,1.8337862186236407,0.8338488408577388,0.8794153749397218,0.9768885702025771,0.9983077877933267,0.8781570335981926
1.2159187762728263,0.349377494282333,0.6887041444193643,1.8166649819221408,1.85064573584851,0.0,0.0,0.0,0.0,0.0,1.9337482522006406,1.5275601721833678,1.4688249300212544,1.8915679426916363,1.9447264141087621,1.0176910764459908,1.2892652295949658,1.1410022016253751,1.0721357947694037,1.0121933048553098
0.8426225588296848,0.490644564409461,0.9993411310648108,1.8908049613509275,1.0108915378547403,0.0,0.0,0.0,0.0,0.0,1.6615233963885674,1.3952746858686085,1.9534472520574964,1.9016676872450082,1.9015923737381233,1.1423779690069866,0.5584016340414997,1.0399715658346367,1.0623462933510999,1.0019695373158886
14.213345174169906,8.181537584388575,11.538698251443803,7.3214111181155745,18.749739256126166,0.0,0.0,0.0,0.0,0.0,1.3936745573525402,1.512921030238622,1.8997785730732741,0.7867199049432109,2.043980019585651,1.2073256211521632,1.3871018870248752,1.0294743956213022,2.668474926346916,0.9333366150260204
7.370337241261041,4.652472141864521,2.3115396178778265,3.460314134669084,8.65836835645482,0.0,0.0,0.0,0.0,0.0,1.9042324534231434,1.27946856780298,1.5830054174160604,1.5315657791597033,1.2696484859549115,0.9798470782939147,1.275221079247987,1.1852678883065322,1.0572184469694952,0.8307070796710102
1.2710989502864998,0.9827834525278721,0.4508600818144175,0.9242151391840288,0.21387354537788378,0.0,0.0,0.0,0.0,0.0,1.321241982455469,1.2413526180781227,1.9035002226995117,1.4117809896659277,1.9059632621357105,1.0999666934282344,1.1210499803496143,1.014136372269895,0.8935984759345983,0.907264269382885
7.441492715027174,5.375125780041261,6.966619540639066,8.544281877289027,7.7804400149701936,0.0,0.0,0.0,0.0,0.0,1.0917535954630397,1.5595459411914825,1.7134262167692427,1.6905297164463635,1.7847309961646287,0.6842015090871147,0.7869714097010663,1.006508505808739,1.1514530080333192,0.8932537333817969
1.0959632399994936,0.28331940076090745,0.7928620206318442,1.5641576349500925,1.5874343471943635,0.0,0.0,0.0,0.0,0.0,1.3278937333027891,1.680578597238253,1.7401044373804944,1.9279413270120491,2.0288720700671354,1.1422512543985248,1.047674475112736,0.9742209687424023,1.0777281141476898,0.9559997942686645
1.5672466406682992,0.904265068908777,0.5468973290274286,0.431613232845028,1.0726594988410298,0.0,0.0,0.0,0.0,0.0,1.972928348686231,1.6351304493002752,1.47854117767759,1.5053393499700334,1.3088949113932573,0.932577846914835,0.9435618180683917,1.1216679522678166,1.0189988273305928,1.127094505441942
4.191046639794349,3.080476644778571,5.843888474907983,7.836041495613488,6.552104638461674,0.0,0.0,0.0,0.0,0.0,1.306009013008104,1.6385890513496189,1.8432549784380443,2.019142228457233,1.9960835213997565,0.5763914524752706,0.8677740340679156,1.0006434050739836,0.9926932245430989,0.9164920349434293
0.4699664609476528,0.357522335954111,0.3798495202932154,0.6545189011861602,0.5713839259328799,0.0,0.0,0.0,0.0,0.0,1.125709617544454,1.4658887954584425,1.7957370210105614,1.9614345575695333,1.8959660278301491,0.5806801138444407,0.9427967263880338,0.9367022059160375,1.0156896000173412,1.0648828851120427
1.0256199410976292,0.5515629093646209,0.6982450961451947,0.6604657665773563,0.17705318522208152,0.0,0.0,0.0,0.0,0.0,1.3521280279641723,1.7720669280664114,1.8669867961422446,1.91846695181799,1.9759242369885313,0.8336893559200814,0.9543188455797542,1.0430305581781485,1.0911113810594313,1.059320878249126
0.638356390106004,0.18796340574254514,0.28811628494298225,0.5571379193250541,0.3878752159658453,0.0,0.0,0.0,0.0,0.0,0.8930448648791658,1.6414296181447647,1.6596595773328808,1.5231694888783047,1.548688685286585,1.1492395931163346,0.9989602968429848,1.096594559504583,1.381308115538866,1.3034414489683783
6.285828107960802,5.56515545121084,1.1072693720161806,4.77680209564534,6.97449656916401,0.0,0.0,0.0,0.0,0.0,1.9637652956973817,1.6767199164083821,1.688217211852332,1.6641855007464188,1.5633424119124204,0.9149752143111206,0.9741876924523624,1.0320587166900954,0.9216197048777042,0.8835544534443908
0.5994118486356919,0.3423889774137931,0.3976109760224535,0.5921801614708269,0.45324474893031813,0.0,0.0,0.0,0.0,0.0,1.3633834408385421,1.5074793781430955,1.860067648865241,2.00654995957052,2.0294519772122412,0.7589532065134217,0.87190417004639,1.0022914806795826,1.02304236357578,1.0113397899678636
0.9110422673811265,0.20927220726556328,0.21762990115529623,0.5710631974734296,0.981742152773931,0.0,0.0,0.0,0.0,0.0,1.6742342178952732,1.8702533107974384,1.6220907351873208,2.0330336363118193,2.04139637092977,1.0834139898174693,1.0528211727973507,0.9365924148059122,0.9847251137028779,0.9370233393391739
1.3387549816993327,0.45574689496775234,0.26980725707858744,0.28723142739156254,1.1278218622276104,0.0,0.0,0.0,0.0,0.0,1.7319010725686237,1.8583215074946906,1.6280004980053562,1.719120409699851,1.7291575931778715,0.9570396506358818,0.9295084420592976,0.8847276998313016,1.0413152781948949,0.9670372646073087
2.709205666411753,2.282725418471128,2.464646064211433,2.7229369928499034,2.289137397377501,0.0,0.0,0.0,0.0,0.0,1.4632598864986495,1.688532515303598,1.8400373222947068,1.9647431290174888,1.7906257430438772,0.6485417557489996,0.8781822031039344,0.9687367621628141,1.019112303277169,1.0566102013772778
1.8430752542087703,0.7786110227060518,0.4022282337024283,0.7152442132606753,1.3404828300531813,0.0,0.0,0.0,0.0,0.0,1.8914033074592664,1.8496179718674013,1.1854014987836499,1.7477127899761502,1.8995825597089002,0.9488516705482579,0.9146158236299048,0.3546879099185091,1.1612872837384196,1.0020004707973338
1.6523276948057337,0.6983221610006568,0.17156299895019098,0.4588843357575859,1.2139149988764457,0.0,0.0,0.0,0.0,0.0,1.6794285312905495,1.7757578169734576,1.1913055617167625,1.7301947112487348,1.891679118929528,1.0194208876607795,0.9634479090859648,1.0570958058712658,0.9676442550627028,0.9588665338470769
5.962137695539702,2.2705614243350576,4.576781074493741,6.576943477035878,4.127740840366857,0.0,0.0,0.0,0.0,0.0,1.3776511222280305,1.466746208302033,1.7112577350887372,2.104732114507546,2.1019405165703784,0.8890672614741155,1.0371569418643358,1.119424953384773,0.9799314508199026,0.9500916978713665
7.86899505356931,3.93712289530635,4.051233445732989,5.59899429209233,4.321413289044169,0.0,0.0,0.0,0.0,0.0,1.3945037838770942,1.674241246736364,1.8749627856718074,1.9341753787514422,1.6909368839457595,0.6456431933443358,0.8833217492435056,1.0064069402275293,1.0837408201491612,1.206526418641113
2.380447789135933,1.7786347188136724,1.557360898443986,2.68133090567735,4.106614482176551,0.0,0.0,0.0,0.0,0.0,1.817526572356182,1.4547567278542215,1.3518960322390687,1.8581163484053713,2.1093547896869334,1.0015807530893992,1.4152402613433777,0.9290612150484364,1.1163835940466373,0.9569929292630712
0.24622572068510418,0.23216694931405385,0.2116176293404599,0.19915933174846442,0.2409187823503324,0.0,0.0,0.0,0.0,0.0,1.6156179939730035,1.536191549150307,1.5871703109481738,1.5113519059183365,1.2329978773686867,0.9388376259053932,1.0274209396737355,0.9681505085587278,0.8331816236231697,1.024905884351468
1.774704333655119,1.4367009941089743,0.4212623854309906,0.7001066318150201,1.0995798911058465,0.0,0.0,0.0,0.0,0.0,1.495823660094866,1.5850659281781418,1.3256984782597028,1.5947726081153744,1.2427432030125234,1.07326949078929,0.7884934751061908,0.4355479819959549,1.1216591130861087,1.224950141167688
0.0,0.0,0.0,0.0,0.0,0.0,0.0,0.0,0.0,0.0,0.0,0.0,0.0,0.0,0.0,0.0,0.0,0.0,0.0,0.0
4.855007086044851,2.780370676993878,4.400317971626835,4.512866574216124,2.424970256248979,0.0,0.0,0.0,0.0,0.0,1.5302432219379656,1.5027666800580337,1.3958745666715469,1.2866452589913506,1.7349827698087308,1.0794590460715188,1.1837419992741196,1.3789397669029742,1.4075152598273217,1.100645208545807
3.6757144140225697,2.373640683716727,2.9872780723296564,2.4352284056872824,0.03946131720131586,0.0,0.0,0.0,0.0,0.0,1.4970385517501177,1.6759617199642298,0.850388535443508,0.6680816648614814,1.3407478266407995,1.1265696452423513,1.2484679613046776,2.198978236025914,2.434049540705606,1.5237899728813307
3.632658049671781,2.34958743932985,3.109679463898278,3.212220620902466,0.29334633680517647,0.0,0.0,0.0,0.0,0.0,1.518889545808913,1.8367641725026502,1.264427187970394,0.9490287988030629,1.5877281572767348,1.0745891584201523,1.1166636113950423,1.5293880505819633,1.73306250114428,1.097887179338398
5.879570380357214,4.016410606404389,2.341081799517209,2.568569010312131,1.1571446137731738,0.0,0.0,0.0,0.0,0.0,1.5926579928290263,2.0007341182190297,1.6637054615872944,1.1754577933568007,1.852076479104857,1.09679684838956,1.052468893119775,1.2139998693854974,1.4796160864606018,1.06822986130632
1.567948096037019,0.8920941150245078,2.078160688243127,1.7535329048597106,0.6058401862735339,0.0,0.0,0.0,0.0,0.0,1.648294255697976,2.012611529036139,1.501197285178039,0.991218826819142,1.6800616644557795,0.8650558274339112,0.9847448949761975,1.2128999668194025,1.6756464084432017,0.9350463482094705
0.9250718538012652,0.6853502510315252,1.0614199466880827,1.1984483938507968,0.6756985171312315,0.0,0.0,0.0,0.0,0.0,1.2784336431368197,1.702287964123598,1.5134553038413925,1.4003375450251354,2.074045654002186,1.2163805019249025,0.9753078153402499,1.1188812638043335,1.4029963712758193,1.0084399769611496
0.3941435212565791,0.22197721002186271,0.20201211362874066,0.6866792501894723,0.3682470760015518,0.0,0.0,0.0,0.0,0.0,1.1450831930516634,1.3818332298271576,1.3209440656086755,0.954337605878721,1.508664006021009,1.648260653870815,0.45992749633963986,1.0850414289755186,2.1980256904190707,1.2663664217557926
2.471986478117276,1.5295408211572625,1.7671832343034897,1.4759899305869943,0.2075060041107509,0.0,0.0,0.0,0.0,0.0,1.8880470556926618,1.7877587535510042,1.6736795594244283,0.9193477915798426,1.470622407479012,1.0208538604592825,1.00252574380235,0.9600505291376827,1.4558765102171936,0.6029887614507904
0.38944245383273957,0.08637834720179076,0.47902491743688785,0.1470919582260872,0.20223773476561102,0.0,0.0,0.0,0.0,0.0,1.7361913356664178,1.29203949032778,1.3789872127949148,1.2995785503639472,1.9907401580803015,1.0178713367329637,0.6089917254272451,1.1187159321565188,0.9679062253590263,1.0224478904309187
2.1885851372263394,1.3189172806365965,1.7699905008979626,1.8953216956411219,0.3386375577305853,0.0,0.0,0.0,0.0,0.0,1.630021619644462,1.6856212686948995,1.639862427969935,0.8395286572216112,1.8445580737457885,1.1120809677585919,0.9713001805380947,0.9534376412508382,1.7052937530737955,0.9603953984442632
0.6633685395346464,0.3442551300111273,0.607517541484103,0.5311173918153823,0.44148498376144535,0.0,0.0,0.0,0.0,0.0,0.905535944146099,1.369956051373473,1.43880462071836,1.4581042344561226,2.013044632831137,2.0747757057960734,1.2020291431369459,1.0697696678346738,0.8725226762455482,0.9402230003883192
0.8208193190270517,0.5449725613151922,0.2619704166107764,0.33571817872525866,0.5210977327010993,0.0,0.0,0.0,0.0,0.0,1.4574072987647972,1.7789450008888261,1.8175438598741336,1.1289648888694612,1.7065221183933952,0.806674289664821,0.9120050613009751,1.0247650158184691,1.4774785562292239,1.124548400847419
0.4714751539888523,0.21053361851544244,0.3639832168414911,0.8287180801211905,0.486577961268329,0.0,0.0,0.0,0.0,0.0,0.5895560032072684,1.5813678341356199,1.636759556862998,1.3480466571221998,1.650663692337785,1.5886228056189537,1.0083157216778642,1.1518019948543576,1.4994024650178956,1.206853880341557
1.1412187460485406,0.341943856269916,0.4854490119404966,0.5493624731568247,0.6186450579958114,0.0,0.0,0.0,0.0,0.0,0.4124612848363411,1.2338118814907129,1.2563624849843011,1.4090346930357291,1.790941954263174,3.814642375568049,0.9269187038262475,1.142154655707979,1.0927591634573466,0.9372564123700471
0.07160221465591751,0.029187432455366293,0.06883074286125399,0.09962377942890668,0.041784920493061775,0.0,0.0,0.0,0.0,0.0,1.7545680716027405,1.6773769675447825,1.5065956615939615,1.3853987381475412,1.3367568622819754,1.1956912603866754,0.9994117799280122,0.9836425213278429,0.7526195145817162,0.5122718263565541
0.41864571226577885,0.4255228889088685,0.3536380448898271,0.4068990861019822,0.39900415724961824,0.0,0.0,0.0,0.0,0.0,0.882593523357819,0.902683614662932,1.33204539110569,1.650585443305062,1.7366553548416384,2.2870970682014873,1.0359087403137308,0.9532971054302342,0.9397634181403424,0.9062384548444293
0.13282508014403258,0.06803988690115134,0.08581415377409614,0.08700244136348069,0.04411768258615485,0.0,0.0,0.0,0.0,0.0,0.7987344590139615,1.0497293562357286,1.1200783870928042,1.2704993382765895,1.582884617409906,2.5619330804323512,1.1719180165192689,0.39671470229186206,1.1951843542356322,1.0270029610748905
5.626226729745314,4.568895610488286,3.288827236394345,5.979884751632477,0.8983921514449185,0.0,0.0,0.0,0.0,0.0,1.655577346870031,2.114220765769219,2.042285290441831,1.4365336046454065,1.6025387592546534,1.0064671494538768,0.9474135723270265,0.9734322216475293,1.1341441341934266,1.0290875388629748
0.13217836049235615,0.15951384559478984,0.18782649451879393,0.22257378084884624,0.11774201992849587,0.0,0.0,0.0,0.0,0.0,1.1176570637535326,1.1808514105892511,1.4102112051566404,1.2634022409044028,1.49236970251006,1.5849437797063348,1.6176392370248174,1.259610403483654,1.4371107198299717,1.3952004330017296
0.5570561079466432,0.3645178770479196,0.4180959969287398,0.21535649741578106,0.18367764030466266,0.0,0.0,0.0,0.0,0.0,1.8286532903211656,1.1066376865612386,1.7084507522598786,1.4550921356520785,1.9826088891353153,1.0845377245934418,0.6021073782254018,1.1321497711487067,1.4005105589845142,0.9574294038526766
0.22919950948339998,0.07143088254772705,0.19457257600950925,0.10530145908397917,0.061998796933608505,0.0,0.0,0.0,0.0,0.0,1.923857445461755,1.3763521956493838,1.7304386037270738,1.346362083785863,1.714090547780928,1.0897583214506823,1.1897006260702674,1.141749906500532,1.2769321447758668,0.9832192771627618
1.1130872418284197,0.5759615287744508,0.4496805038549064,0.748295674397801,0.9243228776846977,0.0,0.0,0.0,0.0,0.0,0.8277191878530807,0.7481482959485174,1.263635971589572,1.7721331909826503,1.8598019188065882,2.240698620586827,2.0100674063663218,0.9377872623527186,0.944588064325305,0.9259497566277138
0.6390914673893845,0.3320453579360679,0.2523641407401163,0.3598711353568888,0.14675408484657743,0.0,0.0,0.0,0.0,0.0,1.1216424326213017,1.5879102405009364,1.5000265563134902,0.7843016452012864,1.3428964165459327,1.3054392778318213,0.8489499632147077,1.025689101317981,1.8836000424649904,0.7856613845805185
1.9150265469531078,0.7432036154659475,2.4126730440719943,2.2368300173628994,2.645710584960422,0.0,0.0,0.0,0.0,0.0,1.2958212775603717,1.8133626999639316,1.477203426176542,1.1987423359557403,2.0283586122138773,0.8249204395205799,0.91336124608354,0.9901189093762697,1.7018399904342487,1.0336822913057846
0.8576755852907608,0.5658664974972696,0.6895009165631452,0.5368807604056528,0.2017847091150427,0.0,0.0,0.0,0.0,0.0,1.3363230114260523,1.5720939228460968,1.194714082403456,0.7276703082910942,1.8597418673565411,1.2626163512149278,0.73873214050825,0.6614873138117167,2.423163141713649,1.0792009832814946
1.9930357212565557,1.1253897370583663,0.9927289030072238,1.3612464542024676,0.5108542710267736,0.0,0.0,0.0,0.0,0.0,1.1663387046000564,1.589447963947647,1.5858989100373986,0.750057754487848,1.3886098206603643,1.4307889845745745,0.8462000948974017,0.9460756293105158,1.6812791396892948,0.8866856675428054
1.9221820357833757,1.8703647992740304,2.011379815661993,1.0018661642366253,0.21172912093395557,0.0,0.0,0.0,0.0,0.0,1.8207931764674805,1.5397775593243894,1.2916313355126716,1.3721384655561115,1.843749091689709,1.1435739510817344,1.2644866449545067,1.3777283588840072,1.312037076083007,1.0197804181475574
1.7062371841968023,1.1394283200223883,0.5499639578072428,0.4534878170266379,0.6017108828293086,0.0,0.0,0.0,0.0,0.0,1.809629554164793,1.747642692445674,1.5255340081436566,0.5914263132805503,1.3525289302833197,0.992928191442628,0.8713735633945973,0.7743627234205698,3.1795602321094805,1.309972275419401
1.7039459625000635,1.237957175898838,1.307675103269117,2.8005732496970643,0.6747382323486409,0.0,0.0,0.0,0.0,0.0,1.2476082960153652,1.592558114411669,1.7287333235033706,1.155673977736147,1.9093011825608295,0.976355866251736,1.0363266421111665,1.0193996723864538,1.5671393653313164,1.0146228062414544
0.0617349792654582,0.07200778732177446,0.06026650239708279,0.12033325980022355,0.03440880965440054,0.0,0.0,0.0,0.0,0.0,1.8552292454816899,0.9018270307421947,1.7313810773242657,1.426526093585688,1.3120259691412635,1.0262583948001889,0.8371003869938536,1.1483469529330426,1.1588018182991013,1.0308754986585351
2.4070182594487415,1.215486136178772,1.5174522451636316,1.4363793583916311,0.996454643154497,0.0,0.0,0.0,0.0,0.0,1.982233089761344,1.752139669429232,1.5336932494096764,0.9639232271383722,1.764323153127034,0.9124830900970389,0.9300531531993896,1.1808912643732727,1.6930050228038904,0.9701293215086484
1.4099137410872866,1.1182896252818026,0.4616879657906973,0.43033535570147274,0.239962209680343,0.0,0.0,0.0,0.0,0.0,1.8717795751884332,1.5856071482837695,1.4393076799070417,1.1732633479047052,1.7395314214136361,1.0085737300099653,0.8630236337217329,0.9127775347593742,1.7465893256950966,0.9581454009539969
2.3414664890885053,1.4929555534986545,1.5983393282173677,2.012836848960439,1.9726951337345113,0.0,0.0,0.0,0.0,0.0,0.9162651432524614,1.1821972998887007,1.2572757508160206,0.9603137055118824,1.1362933382853846,1.3427448815932899,0.974074972812489,1.0629679941130832,1.0176489010434553,0.9411076436652183
2.13499371683834,1.5258157496459674,0.9014301629850705,0.7696102086605647,0.8815490310181856,0.0,0.0,0.0,0.0,0.0,1.4014219808024833,1.1595511349982703,1.4181143840759571,1.8586077788050541,2.0868298464318213,1.1454999903832122,0.8536304493217949,0.6834896318194482,0.8910820018221237,0.9786356668851639
2.1205954630162553,1.6229464708241381,1.1252502912474376,0.9228379800264619,0.996642858139478,0.0,0.0,0.0,0.0,0.0,1.1635576775363443,1.1308674425775918,1.2014093008772877,1.4463162861194132,1.5934758382570706,1.1311488233924318,0.8667986899142399,0.7956705317405305,1.1237886660017735,1.1935465024101188
1.4166432630417247,0.6954502356488544,0.6987805607261517,0.577822021729847,0.5313552953667776,0.0,0.0,0.0,0.0,0.0,0.9618857777656096,1.1624478289955888,1.682492662852044,1.6628807751018955,1.5707688014526344,0.703953433033407,1.026650376725817,1.0378922076989845,0.9866705276468434,1.2127467438377204
0.49318672698569105,0.3987951284407531,0.5606215899708584,0.23509989993413244,0.570860191272935,0.0,0.0,0.0,0.0,0.0,2.0224414527371417,1.760497671353648,1.811970173913729,1.4483731493939231,1.5478226911920507,0.9221198123822019,0.9305407747291143,0.9757766474621916,0.5725292414242739,1.0206224180025885
0.39545975517162646,0.37908173592405187,0.28408336376643156,0.3705846976044841,0.21790220293136472,0.0,0.0,0.0,0.0,0.0,1.5323124145628697,1.58876012745429,1.5617781069562293,1.0611652115220558,1.4829741643949663,1.1496801979747369,0.8169598347495645,0.883269677195527,1.3736994822768929,0.7522219363609542
1.2029111513914141,0.29100758643507707,0.8708597161655105,0.683810282152007,0.9855588831037808,0.0,0.0,0.0,0.0,0.0,1.7139984346387294,1.818807524922432,1.9406336460928644,1.321097526529208,1.517243128360973,1.1118677368758645,0.9116170759727666,0.9891181592499129,0.3275748316690344,0.7620513064923202
1.3906212207825994,0.5626771606767378,0.5139730275196159,0.6874307031416464,0.8137625180098358,0.0,0.0,0.0,0.0,0.0,1.2416065763380766,1.2908819880915912,1.3954954110195206,1.3742334066485018,0.9038993245790641,0.6443083990345216,1.050060386405355,1.3666093990860362,1.5258482492972498,1.6389408948764808
0.42777528355281474,0.2986355008512479,0.0719890370155156,0.4525006176523352,0.0260191578972348,0.0,0.0,0.0,0.0,0.0,1.3981512738625708,1.6480534924031514,1.8642624016026499,1.2840457912004208,2.0325669051878656,1.202079741816945,1.0275132460837535,1.01001382242061,0.8338253119879047,1.0171394657571513
1.412964911871145,0.9873153743506962,0.64425593100773,0.6109188787456453,1.0027565945010337,0.0,0.0,0.0,0.0,0.0,0.9387717216181362,0.9191009276381423,1.0185020876117084,1.1975193075803452,1.632206057871012,1.613072040593332,1.9530586075453014,1.5334662331095512,1.157857090118056,1.1065560569398405
0.31407521409371497,0.24777395478881958,0.23288601488361388,0.14587126379491422,0.2086873616719224,0.0,0.0,0.0,0.0,0.0,2.0346857021352625,1.6158554983074114,1.474804372980922,1.440328772825993,1.0272187017041907,1.013212026139938,0.8911528534900515,1.2497536482484783,0.7485251769313482,1.4972533668367272
0.24112198256989123,0.17076752980729143,0.14629963119068226,0.02081954873337553,0.07832453396680436,0.0,0.0,0.0,0.0,0.0,1.527197985267788,1.0292190326000776,1.890736182568665,1.6924912909284555,1.6521808297660106,1.0145925098868873,1.7850783445108576,1.094590639755579,1.0088349639364382,1.2471888771347783
0.27671701640560686,0.11627535535376854,0.23358444159197916,0.06741416715260361,0.16913771532207603,0.0,0.0,0.0,0.0,0.0,1.5708728977686741,0.8542348774255155,1.8719231445152775,1.0378821169209955,1.9974715956207938,1.2408746590943727,1.6502660103588682,1.0645821547469925,1.003500683768176,0.9407423446450767
0.32015815931591446,0.17973971433901545,0.10564699863960063,0.4712393029162948,0.250137556624182,0.0,0.0,0.0,0.0,0.0,2.0413197331432436,1.6781350362093124,1.6342194646747983,1.3115552859177846,1.288960212240476,1.0319709065917313,1.0051553459055496,0.9588222160510106,0.4093259063213118,0.9566097049910188
0.0789966163279393,0.017104419856135557,0.07879631266410589,0.07095948559530199,0.11689245530505613,0.0,0.0,0.0,0.0,0.0,1.652564575525745,1.616842642341137,1.5908996726715112,1.5019811720901155,1.9820323145150687,0.9818474325026452,0.9756457166940256,1.1543474104369398,0.812483592118096,0.9181447959406979
0.37259281726732707,0.08384346831109395,0.18856540265360305,0.14268217812466497,0.45791759333349435,0.0,0.0,0.0,0.0,0.0,1.3334042894074458,1.9735959193378654,1.7456957914746876,1.6208849039476052,1.553002737568466,1.0847263788265302,0.9843188805273182,0.8942063506184087,1.2402351078532692,1.0452630613073053
1.3457899729807603,1.2291805731982737,1.0529979171664843,0.920989255077469,0.9827855258055422,0.0,0.0,0.0,0.0,0.0,1.3970991891574425,1.36913561862174,1.4092226021589596,1.3370602929697757,1.066755855676928,0.8964991063334019,0.9964348550021201,0.9840456653509805,0.9902625954278048,1.148490541194798
0.5176857522725107,0.2756656352087328,0.15590590699416965,0.15439177948034852,0.3594303557011957,0.0,0.0,0.0,0.0,0.0,1.3394795934275694,1.5980332713256002,1.690463271753852,1.6069317984465121,1.967527604277775,1.374998108328975,1.2941363132740455,1.100022601459359,0.8048299522766635,0.9584162386991949
0.08341252755429927,0.05617506520878159,0.018052717285425318,0.03785327338833898,0.05099938710777735,0.0,0.0,0.0,0.0,0.0,1.6193241926285178,1.6672653841869063,1.3055036260863504,1.1558350998384221,1.6624344429312023,1.1741051742241524,1.1906201565319272,1.227915328309697,1.722266969898865,1.262224632273922
0.16148988056369085,0.20194233336383666,0.09690700855051057,0.3456968624747104,0.051660198773615953,0.0,0.0,0.0,0.0,0.0,1.7909921014647172,1.3765007718595255,1.8769042254990338,1.0854260262239235,1.3454969967103123,0.9757197300251972,0.8456854642409569,0.9295763282881399,0.4915847461127157,0.8068277881058948
0.06680520923132766,0.0269484837884797,0.10190110060084775,0.041383307759667344,0.021208081540221337,0.0,0.0,0.0,0.0,0.0,1.7798958144736705,1.3083650530194622,1.230392201380168,1.745294500865604,1.0346331721661242,1.0690605583937276,0.41850595279290115,1.4311523463748261,1.1336931272454607,0.9707616294473833
1.028570863885708,0.37878488104558034,0.5458890259961311,0.6742663039599334,0.9618709336179927,0.0,0.0,0.0,0.0,0.0,1.036160117911836,1.5508054899915842,1.688513857928518,1.3309366668725644,1.5571044171699644,1.350679835727767,1.143784596361277,1.0201035896127846,1.1294578775170887,1.046958151382593
0.07534411672431938,0.0761402340750652,0.013812485945095484,0.04106515370614024,0.015928890321196522,0.0,0.0,0.0,0.0,0.0,1.5976183094007614,1.2720232372998124,1.5839763045570077,1.7754838790890446,1.6274586824017896,1.122013090878726,1.2997594865109143,1.0228527624032422,1.0089555912850963,1.232561576540971
1.3005139461334287,0.37734462010712505,1.1654837314350348,1.9799771081342576,1.3212373047929993,0.0,0.0,0.0,0.0,0.0,1.4271259157320086,1.4548131801984838,1.184718981414072,1.3179612718497533,1.4806944401515525,1.4602564576577688,0.9039434326156605,0.7339610359006143,1.3869720471621907,1.1895568106531178
0.5639974082197889,0.2225462779359642,0.18304639347579643,0.7413276509603989,0.27019880176521294,0.0,0.0,0.0,0.0,0.0,0.7394169045845275,1.3382588846088301,0.8001544296086334,0.48032921836058395,1.1646040686835397,1.0568742492511274,0.8125172028994245,2.4109822934999783,3.319005940721028,1.288883507743578
1.9552057761897497,0.7130680984841062,1.6564182173766622,1.697099569196285,1.6786408162865327,0.0,0.0,0.0,0.0,0.0,1.9855276484305695,1.7083295270766972,1.845568523534191,1.3207674646346894,1.3500111769805527,1.0279297480560925,0.8891793348595118,1.018536862988062,0.2837138701521721,0.7387442950469033
1.4342441289638033,1.2463358290041326,0.8881886288499075,0.5384405291267107,0.2451762514538526,0.0,0.0,0.0,0.0,0.0,1.6626067718667066,1.657179762469138,1.5769583415541242,1.4763026686092293,1.3219083448442561,0.8788351479025441,0.8606947864908471,0.9246092745439872,0.841018172879864,0.9716351254896565
0.4226318897383889,0.4396161178467189,0.10345379724968777,0.3901012042012634,0.720678781011937,0.0,0.0,0.0,0.0,0.0,1.656349679052562,1.660252211975553,1.7731382161297888,1.4709844776664571,1.172245211193605,0.7869083693404835,1.0494021037263854,0.9293498112930494,1.0096679542215987,1.6059487178658487
1.3857329867738766,0.8541401896709677,0.9006714444687155,0.9191068886230583,1.0738540305864372,0.0,0.0,0.0,0.0,0.0,1.2035886904829578,1.4304686255660946,1.1358426556973171,0.9672349415791458,1.3311999269520431,0.7000829773176892,0.7095540330318939,1.4929393193606006,2.08879318780168,1.0198735820114544
0.09576997181088205,0.02181236253618788,0.028285699663757248,0.013619095119357693,0.05803875639388965,0.0,0.0,0.0,0.0,0.0,1.839386380425788,1.3964029681389498,1.7527558567670691,1.8867724504941965,1.5619649916154241,1.1057251555225893,0.9566746613161244,1.0226198797985757,1.1026044887409152,1.0245099707996215
2.19044855429978,0.8573690277161156,0.5502702384295477,1.2796847508900948,1.2526367457720993,0.0,0.0,0.0,0.0,0.0,1.4006689370129664,1.5398124284106878,1.443080094393845,1.1261537465217188,1.219574444269734,0.7231782833070876,0.8382758503991021,1.3966508426235342,1.608331840731935,1.334333021579144
0.9678056863295934,0.6665712499586552,1.2689948563350306,0.5288115680071056,0.26185273402572856,0.0,0.0,0.0,0.0,0.0,1.514402725676529,1.2014837668452956,1.3457389403537316,0.9684427333227745,1.5309571846468997,1.3171603479131597,0.750132961404378,1.273421364469133,1.377864311103206,1.3625985978279387
3.998992681028406,1.7718373079099483,1.6067286821415372,1.789906389488839,1.4902260140356145,0.0,0.0,0.0,0.0,0.0,0.5055683484736611,1.0090331898029,1.0730972914153514,0.7216164339186875,0.9009958351328765,3.3826984934633058,1.8509841688744126,1.1214161266737723,0.3309254452891905,1.774407519477737
3.505225823502665,2.5993657308203035,2.6222659010757337,1.1306104286170222,0.5563241539326149,0.0,0.0,0.0,0.0,0.0,1.6091591964131329,1.508783733217369,1.4628939100928302,1.5760568096314922,1.3644418314967728,0.8739834342752901,0.9010394013390824,1.1849068391904392,1.1110412759317847,1.1676068040762948
2.920805736585659,1.2723900490777837,1.1630767839188487,0.2628584511556992,0.30991991799715324,0.0,0.0,0.0,0.0,0.0,1.446601273207887,1.8641540504621417,1.6391739020506642,1.9154711896590764,1.5540538578938863,0.9722627137607871,0.9308444788616081,1.10926867912,0.966638811263793,0.8128431476079522
4.38849017752108,2.1974357413000467,1.7539349520364578,0.5388427385281335,0.45255484931732803,0.0,0.0,0.0,0.0,0.0,1.6362043818902081,1.793374938337964,2.053640886600128,1.6440771942901753,1.7219592878323065,0.9691526435027618,0.9240523231705363,0.9289809656120651,1.2398770118031988,0.8862468284507332
4.333342063056513,2.6287062868041593,1.514410731611322,0.6475413222035378,0.8216337328527878,0.0,0.0,0.0,0.0,0.0,1.3156687299981527,1.3846423316921384,0.9993910967032263,0.8178768319172086,1.891465455426537,1.4696270159771798,1.4459291046930816,2.0609016255139285,1.8675780573360825,1.040114393335966
2.360454539583789,1.4398096027180574,1.3703706178160089,1.6572758838938928,1.0417126866199298,0.0,0.0,0.0,0.0,0.0,0.4729058484851801,1.0245990054279595,0.9342047577791628,0.7077173501037554,1.424197882791321,1.6956302991629382,0.5987001579362494,1.2564309536187972,1.9441248792242891,1.0553775157507326
3.741095670296045,2.2165030592720716,0.9512978080122434,0.2973029163685964,0.9335811673431456,0.0,0.0,0.0,0.0,0.0,1.4598587865103647,1.3783615599361076,0.7411544783128292,1.6003280907037136,2.080296860138289,1.3510624255704595,1.4425385127389345,2.668501492999212,1.3020561371767092,0.9956841130004027
1.0157078601531562,0.15909001057529432,0.529367926665313,0.04306236973218275,0.5335625794783783,0.0,0.0,0.0,0.0,0.0,1.3789105522953047,2.0808710060419515,2.012179824158055,1.2412759214013747,1.8936584378503518,1.2021391090987172,0.9564015216991171,0.9537021784606691,0.5828320955348146,0.9035001728947808
1.2269884739686003,0.7983465708578493,0.5138275091747864,0.32355621071501195,0.2806461303393982,0.0,0.0,0.0,0.0,0.0,1.1443487333850686,1.2181120369592435,0.9078364585042802,0.5947108822645547,1.7828937455344989,1.759599859607919,1.4676469831739172,1.637027455715034,2.495231484850543,0.9596599390924806
0.7527000180593755,0.31277548960750245,0.30114258083584966,0.13612848890624804,0.12040758474908182,0.0,0.0,0.0,0.0,0.0,1.4673905724311107,1.9291120653502758,2.077546838472867,1.7801284633586294,1.6619159599008546,1.0885428264481225,0.9524078192500982,0.9418564896412125,1.0475010189978702,0.9328542672205217
1.1185010611164825,0.7646083615474547,0.5417644206226172,0.5460412432584183,0.5714878392357907,0.0,0.0,0.0,0.0,0.0,1.6982699595056732,1.5666544989753397,1.0344476837399994,1.0276976221959782,1.1958139029691186,0.9751533245914389,0.8366849159170756,1.3232132044825666,1.971212961252778,1.308734288232548
1.0631376213186055,0.38444073100651205,0.5975655343579969,0.056949134162710593,0.23328802612896501,0.0,0.0,0.0,0.0,0.0,1.630960598655473,1.857148186132719,1.825338917789782,1.9143424862249108,1.7638331341926003,0.9931454619432093,0.8872631804849831,0.9905870236483014,0.9998954918648687,0.9102940710897884
1.591470135176206,0.4082924618035101,0.1866372934905757,0.3918388704313792,0.2922555704543814,0.0,0.0,0.0,0.0,0.0,1.144321212632626,1.8575516812320383,2.0831328147187023,0.7429098917069644,1.8708135687971024,1.4567081512889462,1.0135524911243157,0.9728733955059296,1.3100799514078572,1.022773449538155
2.9147055788969065,2.1413479034149328,1.9176950142710354,1.8951855331969178,0.8677592897273068,0.0,0.0,0.0,0.0,0.0,0.8729039580456043,1.1462799639540135,0.951327939086141,0.8616610518563371,1.4235069484137541,1.2066298013328087,0.4965503886081028,1.0174371489473042,1.8667206446140077,1.1723923729177232
0.7726264261247529,0.6645611900447953,0.4446054620443031,0.2852604715705041,0.5384778621681624,0.0,0.0,0.0,0.0,0.0,1.3053040925670059,0.9050057589282878,0.9540734761459149,0.5767055780674805,0.9253822416617496,0.7841309259036725,1.5031792529990575,1.6835320488641012,1.6055932415192953,2.250078275334508
0.7535714722677471,0.2439745999247466,0.16719990831952497,0.2142402699249158,0.11920601667212347,0.0,0.0,0.0,0.0,0.0,1.6310286690877613,1.7252849939066244,1.145029522652329,1.52883905534021,2.0259618111343842,1.2018266698850886,1.1419038667086994,0.31817411946373947,1.2215315056348965,0.9558321570852715
0.1449897639581619,0.14247798546543833,0.05126004538020936,0.3408586824122018,0.13941316263471237,0.0,0.0,0.0,0.0,0.0,0.8699216023845486,1.0758821538884904,1.5918299031225485,1.211016980206657,1.84192878013266,1.4115550144233027,0.9403313550279286,0.9865360304853545,1.4859483416463286,0.9514533295145656
8.41290204921278,2.5923180698712374,2.2658821052144362,0.5589414241052804,0.8246674361366557,0.0,0.0,0.0,0.0,0.0,1.3019612668588327,1.8997398123398646,1.6297586379190436,1.6932746403018688,1.7055926104881094,1.1625488176221963,0.9451307770614685,1.0587321554491578,0.9625757959417484,0.9807319715174462
1.0199307292716768,0.5349460887607044,0.2665850138630726,0.050547059838202714,0.07722743313980877,0.0,0.0,0.0,0.0,0.0,1.6151982296697385,1.8887317818747713,1.9917001664493004,1.7732526510150937,1.395342085415871,0.9508426571233703,0.9356284255626682,0.947154354353625,1.027119199127485,1.2760104918849249
1.936901662751436,0.8870091611212105,1.1346383737413777,0.9544999915620964,1.085961694694753,0.0,0.0,0.0,0.0,0.0,2.0050753184387875,1.537247316180851,1.4697712239597307,1.444987795858985,1.0930060655783393,0.9544423506320812,0.9480641623756619,1.2230889845370512,1.2802574492452754,1.338083533953348
1.479410938567106,0.4604109880659051,0.4136679059651064,0.06411182154554018,0.441604930070579,0.0,0.0,0.0,0.0,0.0,1.478100362681826,1.7759660180077517,2.0272740197979706,1.7229441069312734,1.248070990636688,0.991827462693961,0.9760484321081585,0.9651765204279584,1.1495401207900768,0.8196666330484846
0.5947857372472944,0.4849285744041757,0.4610902888531195,0.32872298701679137,0.2559550829390723,0.0,0.0,0.0,0.0,0.0,0.7715803525080283,0.9007890425019485,0.7741218701949185,0.8826873928947073,1.1899822630070802,0.7613487351272193,0.5102660214547936,1.5038805302159368,1.3277319491329853,0.9883907178904242
0.7312529979252126,0.4040049722542154,0.11887415687407321,0.09673764021654162,0.17710097275421616,0.0,0.0,0.0,0.0,0.0,1.291296449829085,1.2759942740235461,1.359850751623175,1.3112582316621577,1.791452207634141,1.359713907927247,1.5689828848246845,1.5454785312195798,0.8517075088115934,0.9630748731745239
10.229624833993515,7.799288067732225,6.253731479437571,5.753201395527046,3.5260910345024703,0.0,0.0,0.0,0.0,0.0,1.1688230128991952,1.1230342147710788,1.0581136908162565,0.9789332610954284,1.2941462362153042,1.2298290043526092,0.5361782012690335,0.9419681488249513,1.9170108050814043,1.545243136486409
0.24796112742733847,0.05392522573459589,0.11317652901211075,0.13134148073249102,0.19842189099190727,0.0,0.0,0.0,0.0,0.0,1.7552852280832036,1.5504050493613188,1.935096130830377,1.2599027317980582,1.6365679723409685,1.1865000627597264,1.049235698218614,1.0100220499659018,1.483662834354809,0.9933082175814933
12.419340679881717,8.219306502738418,5.676887747187871,5.327707463567014,3.5681573455125792,0.0,0.0,0.0,0.0,0.0,1.0162708895470198,1.0801023338537774,0.772630962779591,1.046321287646145,1.835203376817819,1.466513585828162,0.787644083700243,1.3160211969603541,1.8729762979333027,1.1061529221990005
7.9649943823258855,1.8213385766891785,2.435913188521672,1.806562366281645,2.791101743758279,0.0,0.0,0.0,0.0,0.0,0.9706275819017879,1.6101474168179541,1.8689428902820788,0.7877382338435798,1.7085693528598533,1.6892564931030938,1.2368998045344788,1.095614325850704,2.402962519472495,0.9362331455190734
1.4221622186606142,0.49413380095278825,0.19303424546544987,0.08308651707912378,0.5519024346555244,0.0,0.0,0.0,0.0,0.0,1.586164937125826,1.9062234763265775,2.037043216271747,1.3241712566357524,1.6497105493687547,0.9489568603185258,0.9297919700057166,1.0058245716680694,0.8732874944851835,1.117849423158761
3.7863705709389515,1.8101847199061865,0.7678547536931177,0.1597015127593095,0.209867804758552,0.0,0.0,0.0,0.0,0.0,1.572268997769493,1.8725089748582344,1.872148324401442,1.4499590082980436,1.6826817169278834,1.0787192839824622,0.9609281864032683,0.9520625290122705,1.0472104907317688,0.9581395116473745
0.8238973882266547,0.5310583429404496,0.41915790693769195,0.22935422483082785,0.208691895054344,0.0,0.0,0.0,0.0,0.0,1.6237208245790087,1.5665759121102858,1.6083295121290724,1.4261606264393265,0.7392070663524684,0.8636601482693903,0.8799162227250477,0.9801855746111502,1.3281536775881537,1.7987362889909102
4.002893144479126,1.2544013094796251,1.2185073495720482,0.43513936306965667,0.5113523945657693,0.0,0.0,0.0,0.0,0.0,1.4820871358517032,1.8241145341607505,2.037257983578442,2.0921769661937,1.3783821769776745,1.0047886983085343,0.9047685691172269,0.9746942734676396,0.9992129684456861,0.6527436563514929
0.6422187390216284,0.3868821400518896,0.5209698719269656,0.37088238508006277,0.1935409896765477,0.0,0.0,0.0,0.0,0.0,1.477286353247595,1.0221123172335602,1.3945733050863776,0.5385497008628657,1.426849239337426,1.118662345351986,0.6063450330943427,1.2738021872894962,3.5378669264576006,1.2908773288270183
0.21450860003918457,0.08033329830775918,0.1671542127046186,0.17019181462405114,0.1072550210998177,0.0,0.0,0.0,0.0,0.0,0.8698169585195787,0.8105426507127896,1.312933903203716,1.3046103725085172,1.6574244929653457,2.007713003840171,2.521495216056491,1.6035176527592299,1.4847682221909002,0.9929787609367524
2.32954662393863,1.5970834642621994,1.1771263795783038,0.7333012209759792,0.5119695575435513,0.0,0.0,0.0,0.0,0.0,1.6965365026780241,1.5993644127356927,1.181566073152757,1.1682018738766973,1.1937039555903095,0.8724327899319421,0.9804234527275805,1.1565848852413079,0.25746451902919315,1.5225798210754757
1.049557390691063,0.4912468778993862,0.4028709817217358,0.2885749931372352,0.09116052809436856,0.0,0.0,0.0,0.0,0.0,1.5005126997441707,1.6220309684197078,1.0116924589809584,1.4632472017136495,1.6836995709807436,0.9099868512596522,0.8444004657303709,1.34627543474174,1.274464541121324,1.202479555583311
2.5728705075209564,2.220317013795074,1.8308157791691921,1.072307230570966,0.6624305748862549,0.0,0.0,0.0,0.0,0.0,1.446867343012386,1.1817583032251717,0.9889126687853987,1.0845741346105928,1.4537593155748754,1.1245662716052078,1.0730962358099325,0.6541421982039504,0.7711257285226927,1.0792508589052126
0.7094956167248596,0.45765582850424924,0.2575928636018345,0.314627617855752,0.6602062838268166,0.0,0.0,0.0,0.0,0.0,1.945472638741683,1.841139908272965,1.5493339883140254,0.5825769824600114,0.9532716579730562,0.9712617645617143,0.9182083971500932,0.7747370163854832,2.398915686599857,1.9668126303176485
0.3662440704028093,0.3695563730308761,0.2601200297910134,0.16027658487696422,0.3711603727160325,0.0,0.0,0.0,0.0,0.0,1.7812986270140638,1.6129141501645576,1.577008514900998,1.4702005368120679,1.3711259710624542,0.9213616141530516,1.0026220561272363,1.0711978521535945,1.3860943836444242,1.228052877306145
0.2190820918405932,0.10913676133125443,0.24717623893247614,0.08417872504210425,0.10557167930942009,0.0,0.0,0.0,0.0,0.0,1.619145964668367,1.7459759863372515,2.0907272216413157,1.8684805932449577,1.9175080266373152,1.0257941772375825,1.1060521728994277,0.966948507534245,1.1180981731624602,0.9671067768223889
1.9284345867269015,0.7251187446047995,0.27670400284695484,0.07372605460613528,0.5623706414398573,0.0,0.0,0.0,0.0,0.0,1.47451337457872,1.7869605851990198,1.8954647418968416,1.587529916421546,1.9870353975488209,1.177444465542508,1.0823492573527425,1.0256081815256877,1.0790685010453436,0.9167932761308617
0.5934489211012552,0.44731190150989536,0.2989848680533325,0.3029037507219937,0.2207701739932515,0.0,0.0,0.0,0.0,0.0,1.877983779528029,1.7500545922827406,1.452172026199898,0.8515338006775437,1.2445794538717985,0.9514929936388502,0.9206395694122027,0.9914785722587858,0.6433429420757238,1.5465935788031444
0.4289856786311145,0.25430216887676954,0.1381350292613424,0.0693479915568681,0.16544365986505427,0.0,0.0,0.0,0.0,0.0,1.8491595397402059,1.9475932356248058,1.580157774290178,1.3725091803637304,1.8760187003987652,0.9683164574730925,0.949418579996382,1.0380808236360537,1.102604844931252,1.10818930397546
0.18257420725808382,0.11558016358952501,0.07767077581646328,0.06490204518829182,0.12773946606684858,0.0,0.0,0.0,0.0,0.0,1.4775904764375236,1.5843062446399834,0.9109247824211437,0.997854217428694,2.1247218955594125,1.3617441446326146,1.2285474798373879,2.195799684613836,2.0415933533183463,0.9638970219824453
0.4576193017628918,0.2967037144057388,0.1667255516251498,0.09470247119431892,0.281994915838938,0.0,0.0,0.0,0.0,0.0,1.7290987329803686,1.8138089710404581,1.9359537748272428,1.439242135103861,1.134954351766255,0.9275698170493915,0.9344413993395895,0.9478528096118476,1.4153367454128052,1.347866007886586
1.142112326961763,0.7216167383193606,0.1326649512154739,0.3127461313818446,0.8915383874833804,0.0,0.0,0.0,0.0,0.0,1.6896444374853814,1.3866274592035301,0.6659131637740271,1.7500037627378389,1.9090259483315715,1.1197172385991985,1.3920764490324742,2.981638586043181,1.0063543630924123,0.9936513352732288
0.17157614405403254,0.13959988608920657,0.05439768225183298,0.15754974613970574,0.15318995180693892,0.0,0.0,0.0,0.0,0.0,1.6156866356819208,1.185820613727327,0.4651899852247413,1.9082324135433109,1.8296445314634102,1.1363262387676145,1.7213010165964064,4.483149345210033,0.9989756933120642,1.110883080763643
0.21399339758526237,0.030649289674490453,0.017650457307630357,0.141096553304457,0.06768778565258946,0.0,0.0,0.0,0.0,0.0,0.8782754260521303,1.319342626456326,0.9697012531291154,0.6381135368285605,1.2800614295299986,1.686465149949381,1.4497286808789573,1.4345360418780357,2.983949994666219,0.8498344057227466
0.23791761118587812,0.1984458917973491,0.09069037871889837,0.06126962370438266,0.0352420216268014,0.0,0.0,0.0,0.0,0.0,1.4622706597143071,1.1085769320927303,1.3050685431174036,1.6215891998674272,1.4274298774193623,1.1254978712971249,1.3900582188584467,1.1974108484026786,1.2097432969980828,0.7539116534682397
0.17103013537919692,0.048054593953465105,0.10316296780392284,0.1979915125254562,0.25045757292627374,0.0,0.0,0.0,0.0,0.0,0.9125027126477231,0.8345554709227617,0.7471336219963411,0.9908510308879125,1.2828767539452,2.2313312665744522,1.901724533190851,2.0574591175900685,1.4180389608889423,0.8291249394158002
10.106447712461895,5.918154285293037,1.1833827599731526,0.7046574276256778,4.456129419563549,0.0,0.0,0.0,0.0,0.0,1.6009706062275681,1.605875172862394,1.6458215309738113,1.634520320566887,1.8363675458700397,1.1197444995650645,1.1229776782764394,1.1809823950971219,0.8803921726819517,0.9610000493014871
0.5364877021230369,0.3395690294040059,0.1613789925718766,0.133027626079086,0.2775221284482519,0.0,0.0,0.0,0.0,0.0,1.8669972472166505,1.8744720159468624,1.6271715739588086,1.265107235892859,1.3957447487831884,0.9565463716109032,0.9646161138414736,0.9558305012081688,0.4126035272151852,1.5018656752756407
0.891345597244776,0.6655282325409627,0.6046340116336488,0.730899590915917,0.5022314736321545,0.0,0.0,0.0,0.0,0.0,1.638132151077832,1.7150121197020136,1.2941285719042315,0.9253342049587141,1.4210848878446507,1.0873709186628038,0.8578267987223112,0.7386509205652833,1.5658817160625338,1.2043621560301414
0.2955712891234268,0.4695746322145241,0.6402865987327006,0.46056928017699195,0.426233481981346,0.0,0.0,0.0,0.0,0.0,1.4346118380119774,1.371619557003215,1.060694994988151,1.374452297882661,1.8169328713510862,1.128287974516226,0.6153361134655373,0.4460191757468367,1.195103630170754,0.9378816571272757
0.31915353054013196,0.22381728335747936,0.20281114556920715,0.17859759880277046,0.09346241553028742,0.0,0.0,0.0,0.0,0.0,1.0991291619812884,1.0929490719603632,0.7764054144278839,0.9389279433252109,1.4582941985130613,1.298944172209669,0.3284558066507164,1.7551337550252364,2.0666987904559737,1.2559739237955232
0.21479479644996843,0.23734231976985537,0.27419077820532733,0.12449039660496827,0.09920719010537828,0.0,0.0,0.0,0.0,0.0,1.3888752643890676,0.8585142805023348,0.7220805848639735,1.2027974831455925,1.44965003299094,0.9214358453449669,0.8038099280707547,1.2245850022269165,0.6122488749446394,0.9979316089365653
1.7446961375063175,0.8581929376629944,0.18402230513537607,1.2858162295640885,2.0729536699768127,0.0,0.0,0.0,0.0,0.0,1.4740028512161378,1.3780549393151198,1.6761542913767107,1.9057538038577058,1.7679148985736513,1.062031176090727,1.4224307496683788,1.0741237549306915,1.0981945318445376,1.1474743918644061
0.3040760248658144,0.13763810653522718,0.12104940076698092,0.15164930488891054,0.11411479407816912,0.0,0.0,0.0,0.0,0.0,0.9825137912434461,1.3377668593721126,0.6980527402266967,0.8475266034502117,1.7694110300293306,1.9189736341248669,1.491094141158171,2.767911951982178,1.842807988229351,0.9015061206078554
0.5185152952302265,0.768659264949149,0.6450459228418148,0.3422997063231823,0.4606786194323969,0.0,0.0,0.0,0.0,0.0,0.8934449793733465,0.6742421476745967,0.8076469518269379,1.5164357046817707,1.9496170508534485,1.1930152404841632,1.965694751756098,1.3622734584681888,0.764771130504676,0.9870581728299971
0.7893303697708214,0.42629992960532165,0.38298140310842216,0.4303891631772075,0.9439213429559846,0.0,0.0,0.0,0.0,0.0,1.8511035928726212,1.9545087443129892,1.7226177770863524,0.7306049894603751,1.601936457860326,0.9603901878832376,0.9235829244205712,0.8480015431348915,2.3064707618003233,1.3112875430874122
1.1045392389035344,0.9625687089825228,0.2908727269932052,0.5781804737879933,0.5270932506421206,0.0,0.0,0.0,0.0,0.0,1.8110890376418511,1.7873336992421118,1.7540473096375058,1.134215518589663,1.4061193214392622,0.9271775490474125,0.9064702388669825,0.9032858543885164,1.6733816699332473,1.3765949924747798
2.4221197481347336,1.072085681508535,0.2831093686528686,0.22171468207681375,0.8061180498198521,0.0,0.0,0.0,0.0,0.0,1.5495574867043227,1.52334939581909,1.0076472012403215,2.087379035071346,1.94630666845048,1.2045767429728507,1.2836292928375366,1.3411838411568056,0.9556227477968761,0.9402217334503407
0.08120884921249459,0.18982647395523625,0.2043513259421615,0.15235063623995776,0.12633283223730493,0.0,0.0,0.0,0.0,0.0,1.2962788948214568,1.2848974481473674,0.9410565259270774,1.521674037935959,1.8682346551124203,1.2485730064379459,0.5421504242410246,0.5233262323459268,1.060936554680347,0.9283637348368751
5.79658607031187,2.7264147308685738,1.2496292469367525,0.5598464689387394,1.8055915167971857,0.0,0.0,0.0,0.0,0.0,1.3524034539670367,1.290812899502103,1.805851336785777,1.4246571453687091,1.7737891723000183,1.2302173255280264,1.5038235966101607,1.1023175823128655,0.668277389684391,0.9139596774662062
2.215264763547534,0.6505841508405872,0.5217400722513125,0.4575814685689835,1.0180832214812328,0.0,0.0,0.0,0.0,0.0,1.1536399501162031,1.4119643954027787,1.8331236022590487,1.4023011918628614,1.8584133120231896,1.420052835407733,1.4292291038015865,1.1022149366134606,0.8365023465170832,0.8941393002659802
1.3820024693577433,1.4428986151969467,1.0055520285937987,1.2814652668132704,0.24087317278700668,0.0,0.0,0.0,0.0,0.0,1.5086781168916836,1.5203651175327546,1.1889127256397094,0.918107706648992,1.413131041361858,1.0346241390008581,0.6186319584684629,1.4507249891041414,1.7642601466465007,0.5365888571404964
5.791628990523347,4.77012203865923,3.9923566716334475,2.5894085348922586,1.1069634834261426,0.0,0.0,0.0,0.0,0.0,1.461039040467044,1.4878542153292034,0.971540620139421,0.6580112979325975,1.0426555302574994,0.9718715162739682,0.7455986252773015,1.6894491507624374,2.4770322954538306,0.8991818087937682
3.09607489436766,2.564218152380991,2.2226559933549823,1.4411295550840257,0.5312881770056499,0.0,0.0,0.0,0.0,0.0,1.3432343616615718,1.3753623850100665,1.1144787230745097,1.1320682683526562,1.4488616732821948,0.8777982521920694,0.703591662660349,1.380995882167801,1.4967146592148899,0.9369543959711434
2.0872716295637326,1.9571070368879133,1.657531520215842,1.4610546664811022,0.4413805835800969,0.0,0.0,0.0,0.0,0.0,1.3342300492518202,1.4169925766636107,1.1296904398820033,1.0575437842769093,1.5344913518303536,1.0615930944649006,0.6023669428238414,1.2058104218718209,1.5406879757911163,0.7926237218330284
2.769624044704082,2.131913491296038,1.577463085120738,1.3107946963924775,0.5959829835687648,0.0,0.0,0.0,0.0,0.0,1.7288324536014608,1.7018953793023235,1.401733005181324,0.648930620428066,1.5659638130150417,0.9342506012790767,0.8198032178111742,0.9889244316930158,2.6213795581545725,1.3014612643190513
1.103150736015578,0.925243050307885,0.6968542509707527,0.8828934500875629,0.17961958873393163,0.0,0.0,0.0,0.0,0.0,1.6210801026201238,1.6159642742844185,1.649872024635581,0.7867178483249265,1.485793862219149,0.9694905689786254,0.7433942335537007,1.0740829502337375,2.1566647524776656,1.1832809779416296
0.3563817730272361,0.3639680345336279,0.3207743872405058,0.3832006112475949,0.15057436427245333,0.0,0.0,0.0,0.0,0.0,1.174864820205608,1.447358383517324,1.1271769272385834,1.264486891173704,1.3650155147703795,1.4358470785261372,0.5483545139511979,1.0343674359533168,1.4234273335670997,0.7413315086600839
0.8360237843649155,0.6908981567707371,0.6234505136129058,0.3788417342902388,0.270900071466172,0.0,0.0,0.0,0.0,0.0,1.6774129084721254,1.6835134752510093,1.2726176391864459,1.0679378618350204,1.5519672587770108,0.9281126667939965,0.8506008163549127,1.4251789529308618,1.6138333303007417,1.2629554429672745
2.2770319685579237,2.0263599286879512,1.6183798965356442,1.71482079374089,0.9297133013096704,0.0,0.0,0.0,0.0,0.0,1.5413039436746294,1.6409705663578824,1.4373457542372676,1.0004609989801199,1.1995189169756741,1.0497770234798054,0.8098939242056378,0.9591704053352343,1.46229503170621,0.2785436139692641
0.18629401964748143,0.19292351028755167,0.11440000491599736,0.1782982965600714,0.06142217404028981,0.0,0.0,0.0,0.0,0.0,1.320207829113716,1.5808835976051867,1.4195801504151047,1.093341827771575,1.3564132327703045,1.199042121317354,0.7146307277044108,1.0530013245083463,1.4947372583435672,0.32057869249684223
0.22229794393819463,0.18777634119802672,0.1291904965751178,0.14961296697430632,0.11656288887063826,0.0,0.0,0.0,0.0,0.0,1.7280698564060308,1.5533121993616756,0.7830948423190862,1.1561063310117146,1.631755631240625,1.0512213573080809,0.747718110473694,2.1322252089641407,1.8048539966349724,1.0145940687267556
0.9240156485342975,0.7365342146478889,0.4979640121661733,0.6948815845256984,0.3479404678731694,0.0,0.0,0.0,0.0,0.0,1.5286468118932075,1.6109747952537359,1.4312747827893535,0.987765505852019,0.6719289333098628,0.9561409423969047,0.9140035739018957,0.9123321618182934,1.4976869061712623,1.3780470921892447
1.3648868037758057,1.1574656653086115,0.9388726391112915,0.8412800860462397,0.24594528985111946,0.0,0.0,0.0,0.0,0.0,1.6659574425304406,1.6467542680337512,1.2982614800096661,0.470789982985034,1.5332782237207958,0.9686139483346697,0.7750253508139413,1.141738618474145,3.074100647723656,1.1473892410990798
0.28112929330539393,0.2503461020682774,0.23796865228071198,0.5149285770213298,0.25754210070520944,0.0,0.0,0.0,0.0,0.0,1.33195362196786,1.559564211916751,1.1566866373963158,1.0400072391131028,1.2971689230888102,1.3930172415424302,0.6835715165161743,0.6616947955094945,1.714004531304722,0.45715969694765896
0.22932322955466966,0.124304355644232,0.17832864394678305,0.06926596946737662,0.1961098761142851,0.0,0.0,0.0,0.0,0.0,1.8121923640602038,1.7228134332588034,1.5553882106350354,0.5719901614896925,1.546946352724696,0.9388736424331724,0.9718451435520011,0.6845597799731092,2.9112821170526533,1.046753807370834
0.23308436180831965,0.032228454366135875,0.14379595524987127,0.21815093910169306,0.0871303371780894,0.0,0.0,0.0,0.0,0.0,2.0002575179763595,1.8277659542697373,1.7826767070081766,1.6187803781982661,1.4908499772645374,1.044483593122996,0.9406879101754718,1.1238977980207783,1.1364714589672076,1.0623052047097492
0.028721867787649673,0.0383921513418785,0.06316865952717872,0.04702930991799191,0.0980995947657528,0.0,0.0,0.0,0.0,0.0,1.5780654353573063,1.18153649461247,1.1782264134688532,1.5002187540109604,1.2879528982159012,1.012154504256961,1.4791715944305175,1.2992206164406461,0.7872826409034404,1.246747158947716
5.043541275429845,3.8830303124677763,2.461611271150152,2.6774204656622436,0.625279670047554,0.0,0.0,0.0,0.0,0.0,1.381727452869991,1.4587125831578904,1.3180605661184106,0.8818244688335938,1.1918712575073382,0.9292422718930934,0.6541241946479112,1.1131008552599124,2.15000906625169,1.4596792149938973
0.9854959881119614,0.9062171575799169,0.8305924251662032,0.44811879989174824,0.2620676530147417,0.0,0.0,0.0,0.0,0.0,1.3815741447372538,1.2828950438767652,1.1238774913966847,1.1099548545897766,1.076015315200079,0.9352651242620134,0.9212951294914822,1.137289404665328,1.0155444386074788,1.341752590429432
0.16863369703049794,0.10580872393545349,0.12751697161431844,0.2108507819451156,0.04059541433653907,0.0,0.0,0.0,0.0,0.0,1.32528831379677,1.0755914862372569,1.8559110271500585,1.737065974590304,1.7497680601161243,1.3135900614493792,0.928017049236035,1.1090905373736637,1.1713754271105883,0.9279092421388964
0.3194702243323336,0.24634233020195845,0.24299102892994826,0.2999515341324829,0.15262863196512572,0.0,0.0,0.0,0.0,0.0,1.3807700180979205,1.4102127754632974,1.4811575849657985,0.4138954806994983,1.772352236095412,1.4441686637061786,0.7062458787368946,1.128630342794428,4.1693944058351216,0.9687627299382048
0.07653082471075766,0.08567112828525666,0.04001739503983888,0.038402952948268565,0.0317708166849059,0.0,0.0,0.0,0.0,0.0,1.9681272692774308,1.3888232861298466,1.5490872740033792,0.8119578478528531,1.4405043834550115,1.0143298109389933,1.1582697535780517,0.9717225599412349,2.122514647125372,0.755532063183695
0.4152406459275212,0.3345261031922052,0.21004871798264624,0.19556301899944917,0.06755259472543204,0.0,0.0,0.0,0.0,0.0,1.7971724462299685,1.5779256378403024,1.170142083149176,0.32565182959531225,0.9824430305286089,0.9839450765692058,0.7521968100806158,0.9175654197248047,2.87566794192786,1.4346229204639884
3.7726710609446514,3.2032643558381944,1.9856372657916364,3.004869314805206,0.9784068325564494,0.0,0.0,0.0,0.0,0.0,1.5735507980703154,1.6049469259498448,1.2080835407134105,0.7622038592657391,1.1652157224151423,1.0996653154900151,0.7436738679861031,0.806027893977712,2.3788991072003647,0.9543256731604042
0.4541651855346093,0.3002902602004464,0.2653076045969168,0.2487351602517606,0.11641707554407976,0.0,0.0,0.0,0.0,0.0,1.4227571773191616,1.4297277891251303,1.5364444983626095,0.9220842745001728,0.8614268692272474,0.9526942335528427,0.8323996178447005,1.2189807642591917,2.0708136425467396,1.8673272283193574
1.0837015725764885,0.6811715070353594,0.9661162257174475,0.6166646116842338,0.10036470933015199,0.0,0.0,0.0,0.0,0.0,1.7798896375548747,1.1490161803970727,1.4934218893563478,0.6394340039116293,2.1166020841852813,1.1343232073618903,0.6778813728508235,1.07362617717649,2.538514762931711,0.9506887208111525
4.66934292738795,3.7786643731453777,3.7067362299114803,1.8971165875625604,1.0431878132379717,0.0,0.0,0.0,0.0,0.0,1.7318690907443866,1.6983076953720462,1.3472250284784912,0.691049042891911,1.8094419309726768,0.933254045119005,0.809500655211117,1.1912248543432815,2.2517882762656276,1.0828701557488172
0.9558573321446092,0.9346029487865899,1.1357957778464465,0.8928255377820266,0.6377600939017853,0.0,0.0,0.0,0.0,0.0,0.25318599852864004,1.1187341898607717,0.9411876111658327,1.3178852387406106,1.8406845900705564,6.415192792960857,0.4962347214352413,1.0938914847335997,1.168479019997319,0.9064224978911104
2.0389247553247505,1.8796133173199414,0.7808734739830346,1.3527927056876805,0.2864878927727899,0.0,0.0,0.0,0.0,0.0,1.781519542553453,1.7060093220322865,1.6946538665609745,0.9886363369758525,1.3332993789408818,0.9224262337685345,0.8515336348309392,0.9067935987523824,1.6115213165882294,1.121625924499956
0.158400921845486,0.14784371826768705,0.09813731503662995,0.05705030558128312,0.02760145980016145,0.0,0.0,0.0,0.0,0.0,1.3595147233209777,1.1670851197390522,1.1214487746716344,1.131434858132787,1.5901992785472934,1.0827422474191197,1.0668685758100793,1.5255976271479605,1.5441346886789076,1.2926208754276847
0.9666039646232706,0.7774631051784884,0.5389615608924341,1.0664296575726742,0.5407592368171912,0.0,0.0,0.0,0.0,0.0,1.6925800542575724,1.6912780311895814,1.967675670898043,0.9337371633076501,1.8041137292694887,0.9494343129962804,0.932440039193815,1.0701282982652807,0.666661201451783,1.1055212675351096
3.5479768306569817,2.5356478652872783,1.6845770179820214,1.1148267463252235,0.7553722357782048,0.0,0.0,0.0,0.0,0.0,1.340929048072392,1.3158164011857583,1.207777034825914,1.1434692952111392,0.5203209775425579,0.780069717264279,0.9706236762538158,1.352475096917989,1.6224864761878095,2.9062128567474197
0.0,0.0,0.0,0.0,0.0,0.0,0.0,0.0,0.0,0.0,0.0,0.0,0.0,0.0,0.0,0.0,0.0,0.0,0.0,0.0
1.3738405988654114,0.4303531683689544,0.4315625617980835,0.481533305181173,0.5538857191951002,0.0,0.0,0.0,0.0,0.0,0.912442239623155,1.4016908217096442,1.6546802991610117,1.6182331386230666,1.6928010873271249,0.6700998801279872,1.1406638672520557,0.9862487360224063,1.2504575313749609,1.0380362386759472
0.6722629916482867,0.696033191035221,0.6536838676977628,0.5392928970259103,0.6567353823088369,0.0,0.0,0.0,0.0,0.0,1.877685965527149,1.478582810821804,1.6692475417679664,1.3969207692692942,1.4419648677737786,0.8905421136346183,1.1032174235999757,0.9940573793915607,0.3215552684271503,1.0323746372627876
0.45267717752936576,0.3500395327470316,0.4248233219904073,0.517210795828631,0.307570072043592,0.0,0.0,0.0,0.0,0.0,2.102932596202273,1.4907108435701477,1.7256830310884395,1.3013552796683123,0.9212496922301328,0.9463566662547359,1.0913662482069528,1.0366183629782575,0.5481480453198464,1.706784532760894
0.15416184490023002,0.13691174528566197,0.2390136281202917,0.3533413321499948,0.11275362620472659,0.0,0.0,0.0,0.0,0.0,2.0291640101078148,1.3541156649517099,1.5163685132391085,1.7367174815155335,1.275010395564249,0.9899302639946601,1.229947792231605,1.003963533240722,1.0490843387751907,1.2541441629900527
0.1307777403392099,0.0560078997445284,0.17722372314390514,0.047060605924134094,0.16847745869687458,0.0,0.0,0.0,0.0,0.0,1.449360211965989,1.6453320981090775,1.8408378212969436,1.8638211672716782,1.834423030477936,1.0427698395559255,1.0028984478888536,1.117826980553155,1.0558984588229827,1.1425349517110852
1.0723130738710667,0.9024307939678702,0.46173390951010856,0.5866918954007314,0.2426534690167606,0.0,0.0,0.0,0.0,0.0,1.826116820511082,1.698189424420584,1.580127561787395,1.462576273529831,1.2072787932367686,0.9317753612220181,1.0357765198695763,1.028258036715561,0.5219342832099664,1.1970975005313857
1.3822880166537488,0.8392895997750905,0.504613492822579,0.44594410119863365,0.7655743842429632,0.0,0.0,0.0,0.0,0.0,1.1827282949221671,1.4968978560652413,1.6411143790462364,0.8273434107996974,0.2661610024658722,1.2815118712279165,0.7065053892274942,0.7725357121724966,2.0135164633556064,3.8164044551730987
0.21142144074975397,0.28898573407594885,0.3780937292802509,0.13206102888778487,0.2924391663222936,0.0,0.0,0.0,0.0,0.0,1.4145320945694577,0.7196849651023287,0.9851440516994783,1.7334101554297814,1.1643039603324232,0.5438812541216352,2.210305039025692,1.534010946623968,0.908626347889705,0.9916675710799491
1.4080784609443124,0.908140837549739,0.3660811348737277,0.472012024612284,0.6431873665464651,0.0,0.0,0.0,0.0,0.0,1.1374537698927112,1.2285776575748617,1.5149324615396818,1.5949591403295658,0.9680620572424813,0.4168948248378138,1.3733561846741178,1.0718173531082515,1.0764734722862008,1.8689181708928082
0.16970575647729652,0.09933072675511367,0.14477525046201634,0.017392784453221906,0.15326028478317483,0.0,0.0,0.0,0.0,0.0,1.649496131294772,1.6171331969923062,1.788990217814403,1.4079159151872818,1.2987320886195128,0.8712480573344583,1.0075790181809805,0.9688403982590756,0.583767096466254,1.3589044907351329
1.1755661468634946,1.3869486356238396,1.3883004230028937,0.4025452428521915,0.31837680957790554,0.0,0.0,0.0,0.0,0.0,1.4243834753530091,0.9678329072912819,0.8684494021662551,1.32555292343944,1.4167973882473346,0.6484104979136268,1.5052808507043192,1.8393617270886633,0.8026063250705151,0.5177589010897765
0.5446823996582786,0.2110582685911894,0.4362827054400159,0.14610117173015186,0.48848044899559867,0.0,0.0,0.0,0.0,0.0,1.3313039788699657,1.5269441942564514,1.7771862497084348,1.590216275017117,1.444116966952445,1.0913300319230572,1.0153581944980292,0.9328159543410008,0.9099632236341759,1.04758459745886
0.1557111984537461,0.2033521187120449,0.2709920140206067,0.34322368696881134,0.28058804390007475,0.0,0.0,0.0,0.0,0.0,1.9553491959850866,1.3531840371628345,1.6523904980792972,1.449076046687337,1.67721553104228,0.9075170457413007,1.2459653902027439,0.9724882953681722,0.7004189933476223,0.8174504938675434
0.6988020421207473,0.4039275299571486,0.11631996766709496,0.30195836959660893,0.387151036403669,0.0,0.0,0.0,0.0,0.0,1.2762941245901476,1.4834238130671842,1.6909307643045475,1.9624644872061978,1.284022228078944,0.8321631918843386,1.2403016554077466,0.8987507625045328,0.9911044058035064,1.572635406198238
0.22901831774637346,0.3567140453883957,0.3529071637041975,0.48468999543559654,0.2294601406656825,0.0,0.0,0.0,0.0,0.0,1.8241750068353917,1.104237033583982,1.2826339548602426,1.3687878628095422,1.3595147300748913,0.9498605176811736,1.5425296954235204,1.1529556550740405,0.698058275325313,0.5596202925906052
0.49792132566062336,0.4132105655750312,0.277065010659775,0.11897565662335659,0.15153046627869582,0.0,0.0,0.0,0.0,0.0,1.7308562906933123,1.5843399177017687,1.3280280688626418,1.1871503838754232,1.7836400857646302,0.9306371552240333,1.0272401694175837,1.016210680618577,1.3894079298121458,1.178552345493584
0.9329472295677086,0.648100881788061,0.5839841585972632,0.38896696842661915,0.3863001815975498,0.0,0.0,0.0,0.0,0.0,1.1112491033600662,1.205783474021861,1.4174594862946819,1.3304505383208243,1.4796856479851723,1.0139175232771303,1.0993425001406734,1.0691683450559228,0.8755400961662322,1.0749625809922336
0.19704238739739505,0.23334910428696026,0.31417076461955185,0.06856583221553272,0.3377147176678606,0.0,0.0,0.0,0.0,0.0,1.5155403712404762,1.1623312198865265,0.657903086310965,1.698806165642217,0.5449344589896103,0.7811871822825277,1.3573144678637872,1.571596334319004,0.9971373389381705,2.064832106786713
0.5962220752259516,0.5150011402446344,0.2316204993210475,0.3778329283668013,0.2514626839452824,0.0,0.0,0.0,0.0,0.0,0.8342431418716271,0.5436856168416706,1.3682602126521168,1.4834001558422216,1.4756554451921227,1.110579700674753,3.00884316299726,1.0176301296946102,0.6033044914466736,0.9003247893133581
0.1266944930170612,0.12891484846129825,0.0928330620522104,0.07449096574423124,0.11292973577646226,0.0,0.0,0.0,0.0,0.0,1.5188985318230868,1.3661439986835124,1.613672491826255,1.4935189736679793,1.0124188219718224,0.8730737346182758,1.1521312932236134,0.9013020518147343,0.8331911996202007,1.696597132103402
0.27836007437086946,0.05213005437597,0.09757870373277996,0.1342678046733198,0.0831500873630638,0.0,0.0,0.0,0.0,0.0,1.5403806765437693,1.8789309094202051,1.212394740685732,1.5972983058110273,1.4536780857326468,1.2983161456473147,1.027883411452648,0.6950165134817163,1.2046686215613036,1.1746597363890472
0.5807636514246995,0.5585779907870358,0.4293151406211586,0.37490062949884523,0.29054949733494534,0.0,0.0,0.0,0.0,0.0,1.2631711484772679,1.1873548972121069,1.4446049078389787,1.4480578395199541,1.175835831880335,1.0094846590781215,1.2438446053202286,0.9428133043890102,0.7532042129369619,1.1197067354273376
2.881135641197924,1.1045007180987807,1.1642166325985952,0.7107713770242332,2.340757312115882,0.0,0.0,0.0,0.0,0.0,1.3920605083253297,1.5100575286898832,1.9645714552467253,1.1123221543589275,0.754857878848884,1.2194689086907597,0.6527397053535198,0.9265836695298992,1.569267484669995,1.4013937099378297
1.2324788280995558,0.7611171037370447,0.32630172371495264,0.3976847734101621,0.5893728425705463,0.0,0.0,0.0,0.0,0.0,1.2983771271855054,1.3897869276868011,1.4515262170942143,1.715377107993095,0.9655829628172743,0.38795820537191644,1.1655548940954135,1.1730643875491362,1.0036555029114718,1.7217123943236576
0.6156657743972693,0.3876041763531678,0.13314665400798525,0.10235722103763265,0.35482643548964504,0.0,0.0,0.0,0.0,0.0,1.8374935243705042,1.6304339482911934,1.40258833704677,1.7031531932660953,1.1824844045866483,0.9090760345525782,1.0544003199879344,0.6629536564606033,1.1829781706936613,1.5533901872574556
0.5343685083556552,0.534121207023011,0.2506572797988162,0.16606471363831904,0.151597088630789,0.0,0.0,0.0,0.0,0.0,1.1767291878938373,0.9977758089531157,1.3553021961996856,1.4337550779444774,1.0771118737179712,0.7664552687480249,1.5304825289490172,0.9982020291643213,0.7867533489941162,1.8640583624207934
0.9571738244714829,2.111288572144324,2.3544539917174925,1.2311349501208142,1.0145625344484774,0.0,0.0,0.0,0.0,0.0,1.6819390366690963,0.9453831231366361,1.237152774164659,1.6209423795998341,1.6776030862444813,0.9771306931750732,1.3988847669126905,0.3436134712708938,1.001165688035153,0.9636787475187539
0.809642145563485,0.7491554169060191,1.204227156858325,0.4758025310210213,1.835235245105497,0.0,0.0,0.0,0.0,0.0,1.8315772764724494,1.5539701213124235,1.5440126541387622,1.6840596248383735,1.5311076765933642,1.0009843724862153,0.9203112086165762,1.0558385872890272,0.9780840211446282,1.0691110793018137
1.2753861694754254,0.8833242723824697,0.6072330930648607,0.41068929841326457,0.21512501090411104,0.0,0.0,0.0,0.0,0.0,1.765949277387166,1.8070479518164584,1.5337221565696126,1.4955362304144066,1.4523222166889276,0.9347138653783724,0.9614315125218347,0.9717322697486627,0.9170295312769157,1.4026002715299761
0.11587944530204608,0.16130505674010093,0.08499045259984525,0.12097009477392176,0.09356275012081372,0.0,0.0,0.0,0.0,0.0,1.4593093072517724,1.1170552235199005,1.7256318983941759,1.207182401926644,1.3770661566700324,1.2106579413974068,0.5981238293063621,1.203509269343918,1.376362476054486,1.333157341553613
3.940613572132583,2.143180601652783,2.710635576009155,1.0012597275282389,0.20985360897092206,0.0,0.0,0.0,0.0,0.0,1.5371881588012108,1.2698929817162918,1.679982163775326,1.660336597028516,1.9561237905926991,0.9776682926873346,1.045856581457676,1.2108651437338753,1.2566791016562477,0.9547269474695856
0.18403593070449092,0.12181678092147993,0.11675393986279188,0.18045204160611772,0.24523089458505604,0.0,0.0,0.0,0.0,0.0,1.707360978379866,1.5154115326546862,1.6372123010672626,1.60419333312458,1.4713614588105286,1.167003639741693,0.8514594245549276,1.0678874082369152,1.1555967416027073,1.2012597462104464
1.951012516120627,1.4992323895157058,1.4281421998929398,1.275212234671509,0.6264082962483415,0.0,0.0,0.0,0.0,0.0,1.6881469706154297,1.5490468373533446,1.359438428227232,0.9327408008883,0.8393760101301445,1.0690594783167626,0.9055395225976021,0.991262220567385,1.0380949324243,2.2017714159679196
0.950177486829392,0.12197338999132923,0.4164813393900861,1.416363916338728,1.1959317236813467,0.0,0.0,0.0,0.0,0.0,1.8292497752779666,1.5553364510508125,1.6011340790251225,1.6410695670930493,1.514704159791495,1.124285532643498,1.1834318585599028,1.275245914159377,1.168516786252631,1.161859199838395
0.30657259199150927,0.038733931624446674,0.19476795007408787,0.5052682249909419,0.4152593502088811,0.0,0.0,0.0,0.0,0.0,1.6976465677182055,1.939511877165946,1.4838583974903445,1.7855296841719344,1.7969179959153017,1.146576692514587,1.086717519555193,1.0629513597770008,1.1334710956670295,1.1708407160499328
0.6934097065013632,0.3473183763540782,0.20047888751834247,0.3011901527914251,0.1527183203024632,0.0,0.0,0.0,0.0,0.0,1.137179670609708,1.2484466963656704,1.7512562840223718,2.008798238885021,1.4991210899694696,0.5181733141294826,1.2580708754446999,1.0464400521935855,1.0103658932877548,1.3440544590009298
0.1164431626726806,0.07273778503327341,0.06925046686992517,0.10349030756421262,0.1623425986847433,0.0,0.0,0.0,0.0,0.0,1.1996221491581571,1.6254523625774704,1.7726753177725112,1.2950781356734973,1.1335462933020395,0.715638355520468,1.0124420724944971,0.9474631944636457,0.2417864686459567,1.1416459172942348
1.1265724245554771,0.4688698332625261,0.7701911847282166,1.2582273039568759,1.1598063956311453,0.0,0.0,0.0,0.0,0.0,1.856050929286898,1.941294797774607,1.10300364529288,1.3929041766693517,1.647811871798078,1.0246687553012135,0.9212630230849328,0.19254620122279478,1.3217333171347871,1.2196044915841078
1.0429439400916949,0.17835160136999428,0.37372995593758107,1.4005937183438086,1.1180886313921092,0.0,0.0,0.0,0.0,0.0,1.7651295653271946,1.8009705384642056,1.4643650226950498,1.6831634093454564,1.7128641124009023,1.1413857164874086,1.1689094747171294,1.133706953254832,1.1431664324910586,1.1424638650579717
0.5076787870108127,0.05464336404737128,0.1906314510964481,0.38222337072142143,0.24965492049960775,0.0,0.0,0.0,0.0,0.0,1.4463755133508518,1.6672236992309453,2.0305286598627794,1.8253289324800948,1.4430326677851497,1.1820702415185247,0.8950680840616232,1.0376649754512706,1.118999130353497,1.0383191461411565
1.1937860037236472,1.0139847431147864,0.7319415598895251,0.769416557681047,0.45494374342623767,0.0,0.0,0.0,0.0,0.0,1.9860594793209925,1.7169074778063462,1.5083722427063972,1.2667299911176602,0.3799184288072059,0.9405259160521181,0.9149235046571002,0.8909762354399029,0.861498438168626,4.081377310788296
2.3950283357672086,1.8550908389929348,1.3965270455112977,1.3855915412291115,1.6144788419185438,0.0,0.0,0.0,0.0,0.0,1.8448350638092301,1.7134501852589212,1.3990425474828305,1.0116188677464422,0.8225318497454327,0.9385926172503117,0.9229722743554208,0.8748284140011866,0.8838792238997022,1.5977963263877206
0.2995167814234614,0.10557261102128454,0.054100612343222956,0.12406542211027694,0.08636635094672525,0.0,0.0,0.0,0.0,0.0,1.3710935393294739,2.0803723820768343,1.993261123922727,1.765787563424817,0.9020994294747532,1.1826710173652513,0.9449290312709772,1.0280675009169098,0.8830933956748324,1.9604721130726221
0.5478277208301368,0.3261822165489856,0.5619137181052294,0.4879746587553373,1.0980500073464938,0.0,0.0,0.0,0.0,0.0,1.573977752819113,1.9816379537498057,1.4507608770915428,1.9425593326366122,1.9734481142737992,0.9631954887519362,0.9828403570790124,1.036796714582881,1.0712456872945282,1.03839915479507
1.5071904045857483,0.37888625672490905,0.6438096140715983,0.3811809535612696,0.8341062495839499,0.0,0.0,0.0,0.0,0.0,0.5065831271412633,1.3467001018827618,1.4525645040992852,1.457012040989382,0.7058191830661088,3.1141768004131873,0.6859172236608078,0.60861134083805,1.0856637282523842,2.0459941783852567
0.3004151322940496,0.13372483953361128,0.27570224632472695,0.4537179152800511,0.48632860203141465,0.0,0.0,0.0,0.0,0.0,1.2778209918796888,1.5767742141668237,1.1133833739300578,1.388175310367337,1.6082293507248555,1.4667369135739874,1.1192126018371116,0.15834615448562142,1.201635330127267,1.0760350411677089
0.4185093613633355,0.04612570098803053,0.14425120913190895,0.21268715275616729,0.21070021811279735,0.0,0.0,0.0,0.0,0.0,1.4244915458733511,1.6721362708407799,1.4545586444525065,1.593658278538084,1.9854350255196873,1.287544295203044,1.1990512706105831,0.7921484815695514,1.1261299938801153,0.9666274658777879
0.17719677908220097,0.143030780456415,0.08464806667874931,0.11491071750319923,0.11648688555736579,0.0,0.0,0.0,0.0,0.0,1.4405809854751106,1.5265333743204093,1.7889569217682697,1.3900325997779592,1.7996347589488983,0.7871468812104117,0.828495267970797,0.9949866149324507,1.2367730231323593,0.9706861799123491
0.4080180757322096,0.124595110906596,0.2237667692393245,0.31034821528495493,0.5505087972994807,0.0,0.0,0.0,0.0,0.0,1.464517027205418,1.9928275557185962,1.3858125289278487,1.646347343569215,1.7292913661150011,0.9445163126764275,0.9693282394388182,0.8155662230930592,1.1833728990912622,1.1226384705633052
2.6942836162245007,0.25210558781926584,0.882407981569755,2.9640727944565293,2.350577129831371,0.0,0.0,0.0,0.0,0.0,1.736587832563041,2.0417685611645524,1.7163470006899142,1.7634559538804526,1.6298271009697554,1.1636833239792392,1.0110336317966202,1.1497460887702415,1.163772512609436,1.1755876700610945
0.2737534472422884,0.2028002288319896,0.2570173435771499,0.2903888822287045,0.333667710802373,0.0,0.0,0.0,0.0,0.0,1.1026247621821086,1.2495754649184636,1.653895550401591,1.4815250397734099,1.3092496456276326,1.337303037585025,1.3493984002531123,1.1174291075553455,0.8683148726622322,0.6491801177200306
0.2825638540532631,0.08099806646426326,0.023344885077863625,0.19174025305659076,0.24839354484171744,0.0,0.0,0.0,0.0,0.0,1.6851413459591926,1.7072582610681375,1.7495585263694193,1.979170051472136,1.7147012810752498,1.1357701646766245,1.2137675949345381,1.1352263177177615,1.0593604201259534,1.1684195947080702
0.24889262406493606,0.2862655059877937,0.1799913128716562,0.19958271206277572,0.047291525012795856,0.0,0.0,0.0,0.0,0.0,1.760245029554626,1.7413426767902784,0.9750147594629981,1.7690270570347846,1.5760325103330322,0.948066721933661,0.8446980476405784,0.8614496429203253,1.0675880014232837,1.1399353479250653
0.1262267487327704,0.061152785061544465,0.0615187833755763,0.13224033159171186,0.08869468258987792,0.0,0.0,0.0,0.0,0.0,1.7944956387589353,1.5220753660896933,1.0677779403569068,1.311334804935626,1.618738658879368,1.1543416444802923,0.9594997072469924,1.0461177693168553,0.8976578152829521,1.2033032259617031
2.416905275554195,0.2638803115931399,0.7970785450494047,1.8793699532448827,1.2507355724993097,0.0,0.0,0.0,0.0,0.0,1.0336671362033696,1.5681971120957772,1.4304787298801172,1.431036257403145,1.4547794148105038,1.879729311423593,0.9210591075977751,1.1145928677476866,1.3597620837799327,1.0867764992756326
1.490378440082042,0.32559000353565926,0.4222445879778506,0.6403013341045826,0.38868335215876726,0.0,0.0,0.0,0.0,0.0,0.5582552956138621,1.1069020310195534,1.4052826593284535,0.9289235002285967,1.2044238538574827,2.982769169600683,1.3919086639587768,1.329457058947062,1.8432571772553463,0.7923549519139523
0.2926811935643043,0.11536665093319906,0.08361497569544335,0.20521953758067285,0.27567048584940046,0.0,0.0,0.0,0.0,0.0,1.312281288408254,1.6955303712718324,1.876822008912564,2.0053733496898762,1.3959324986387396,0.87310960219529,0.9735833393647021,1.0711317432819236,1.0475740799721764,1.2380476920034018
8.625566700676966,5.997470726315941,4.881113408484078,3.444717493463729,1.6191718359152034,0.0,0.0,0.0,0.0,0.0,1.9524478044398272,1.679017970179222,1.4055742015068748,0.8506414286831941,0.5604426899282932,0.9544514210232433,0.8675833562172164,0.8665466447846726,0.08460832061612958,3.2748078985344926
2.597817075013274,1.2503476562092868,0.7919316859769625,1.3242973346987506,0.5113253209025496,0.0,0.0,0.0,0.0,0.0,0.9229974329060926,1.0825823962045211,1.133683786091501,1.3452686255384574,1.134997036475306,0.40495055891071946,1.3702071439718202,1.5420876354200013,1.3930433006327676,0.34724661042285593
2.9926948654650727,3.3174994451570337,1.5962017910533557,1.5871030406399171,1.5762702342360224,0.0,0.0,0.0,0.0,0.0,0.9596520854491514,0.5017756525045003,1.1084295585407062,1.2672681267548196,0.8375465676068354,1.3082780538215033,3.1722967331432024,1.2250918920387284,0.4871056299674973,1.558348144661296
2.043696467274816,0.24930603949196098,0.7522815997404415,2.540937581269928,2.390642791993067,0.0,0.0,0.0,0.0,0.0,1.9579895110758052,1.9587047807885891,1.8423208262175859,1.8619217602389437,1.7588344924502994,1.0690293264473532,1.053159444238486,1.1330295972231132,1.1089857403932328,1.1092750051548548
0.5063550069806747,0.4484245755305517,0.2633422696664131,0.4177354530932943,0.24073116717230109,0.0,0.0,0.0,0.0,0.0,1.5336465871544487,1.5547088256028636,1.454875560153515,0.5559276891511794,1.396737546448683,1.033212912154765,0.7317439106892512,0.9573835024990829,3.11030310335347,1.0574627752035959
0.885920480714215,1.3210617481783622,1.6868647901496139,0.7300668685193987,2.2249018034054324,0.0,0.0,0.0,0.0,0.0,1.8158322576384893,1.258900252525278,1.7252604686205104,1.504322570748393,1.8783570853918083,0.965944197981971,1.4812979901835697,0.9824624773810804,1.2203647746946438,0.9217745125228021
0.40456938720450975,0.573701034884897,0.7634499045915929,0.4290926681645296,0.7084154644063012,0.0,0.0,0.0,0.0,0.0,1.1282857520584415,1.4808147896761625,1.1190176757683057,1.8540218008001534,1.7055900071529684,1.1783288669684688,1.041184179471119,1.2742788029370682,1.1106524738369064,1.1531916025082465
0.7462235836177349,0.48618883433788146,0.26292426946227615,0.07089778230640743,0.34155910483121477,0.0,0.0,0.0,0.0,0.0,1.5919358484107315,1.8306847140886866,1.8358083809475245,1.7920965349493074,1.1804681418432748,0.8825135723904413,0.9515409142140367,1.0380707183277431,1.129187519352051,1.3569076412874395
4.476855233943879,3.370838901685711,4.333052358397471,3.910933788823331,2.5314526236086423,0.0,0.0,0.0,0.0,0.0,1.2666138501133497,1.10839466268132,0.98210406918669,0.9886606761019284,1.5435627088000146,0.1528838944502024,1.0074249104935578,1.6252395444337204,1.8540638973377823,1.1888782590814833
3.7964427981598683,3.154629133689679,2.862934763027996,3.2208226773745814,2.744813570236455,0.0,0.0,0.0,0.0,0.0,0.9357839116988355,1.1277059233785076,1.145813704190207,0.9693373260140887,1.0646801851004482,1.0123076317362083,0.7353341827798975,0.8493169471838898,1.4129637257975365,1.476122834398349
0.6793098041385924,0.26162023379967575,0.626719554836338,0.5155607036585947,0.24111894807635129,0.0,0.0,0.0,0.0,0.0,1.2528356928065718,1.499522689032547,1.7241571719346458,2.0340339801740877,1.4864967491542749,0.968910348164198,1.0818408066508847,1.2023192095090312,1.0151719613720884,0.9435958250781511
0.19516935042641204,0.08757042459751616,0.05522986212060986,0.18589003753159117,0.09618187624950639,0.0,0.0,0.0,0.0,0.0,1.9247343287072942,1.4759899424772114,1.426663664335602,1.1351111468210136,1.5994161859187537,0.9399869821185163,0.7947311698205446,1.4775646761768162,1.4587817369587617,1.026081375812027
3.47908393992183,2.4507794696176433,2.821207047262079,3.1051646181878954,2.0708156083748888,0.0,0.0,0.0,0.0,0.0,1.1645014303966643,1.1525121347039982,1.0126095838426412,0.9088680075975971,1.265462764439301,0.31585291225096623,1.1280596503860456,1.5427483783074252,1.9873029508378703,1.3493234047675695
2.1041892167064256,1.4067425775952695,2.6769990017872347,2.5463554098898418,1.425180653054573,0.0,0.0,0.0,0.0,0.0,1.2915008531157406,1.0187796144676746,0.8163187133121683,0.9133227560683449,1.6396079885855892,0.4221298040029447,1.4579535707276927,1.9983449373076814,2.012518052504534,1.0233953194835825
1.6990905947478054,1.3707999323437337,2.4984575410031318,2.0878709515775524,0.8533166296963819,0.0,0.0,0.0,0.0,0.0,0.6436096106509911,1.104203371159236,1.0302458074109209,0.954780144265032,1.5202059899683025,3.059045275530576,0.21009400859767952,1.4510978978426963,1.5675224632487248,0.8075062210751007
2.1655516600979876,1.7944769321047844,1.9815051066216458,1.582547154646124,0.8790532284621889,0.0,0.0,0.0,0.0,0.0,1.016522897527886,1.0525156339581814,0.7845092218976931,0.867091776688732,1.7046751844464019,1.8430830974064218,0.5380723189999026,0.789946052750331,1.7996041567044956,0.9619799290204142
1.5343853633647973,1.3811455626079456,1.2343393992008012,1.0732588405040357,0.9696391108216457,0.0,0.0,0.0,0.0,0.0,1.0447875438057244,0.96403475393678,0.9291558958331753,1.1134325876887683,1.2873163553820124,1.1650592985055945,0.9435978518072832,0.8599419839819658,1.2989512942207226,1.3541064281909545
0.5855016804081739,0.2816440325430469,0.8369372938063473,0.7543992162769074,0.24190175655400498,0.0,0.0,0.0,0.0,0.0,0.6128587555308956,1.1146228518161738,1.1736510304300245,1.0515933410340157,1.3505439663565775,2.795001386020497,1.291335135501179,1.5616456776237175,1.5243935273517346,0.6671508036110824
0.3121972787487671,0.3361866254960189,0.8656945903980887,0.8701793843303773,0.43040975273026805,0.0,0.0,0.0,0.0,0.0,1.5601571637116391,0.852081296766797,1.1871092432306443,1.2252148646522107,0.8336542400778942,1.2863153092673472,0.7624152953717208,1.3946011967124314,1.4381271420196182,1.0985581027989797
1.0605263876676128,0.36147070693701516,0.7814292746583108,0.6807267570345841,0.22697561985009912,0.0,0.0,0.0,0.0,0.0,1.6722118063662659,1.7311070041805032,1.8868328736316256,1.3694387177144218,1.7141111397760131,1.0450198322147195,0.8297754729921057,1.1106122464899701,0.9706930266104524,1.0673215271278305
0.5427571357383759,0.5028071551693876,0.32850850456914493,0.18571417867048826,0.15612953647322297,0.0,0.0,0.0,0.0,0.0,1.3233908562428005,0.9224733763383983,0.8771008636153007,1.3728948826065022,1.7461099977260832,1.114449194407827,1.2413755587284578,0.7311804668210564,1.4504159223411166,1.0567348854764953
3.076919302548741,1.7219535174630582,1.6423087426767786,1.3922125161227445,0.41447227923787244,0.0,0.0,0.0,0.0,0.0,1.2349965349653398,1.4242130990641082,1.5402381172408908,1.4175003257131131,1.3804479477191443,1.0731882823751377,0.7147589398279878,1.281626283803551,1.3585777004207664,0.6044055543856351
0.18553504957843067,0.23675878359615993,0.302224765168036,0.1345521668284469,0.2533761666305178,0.0,0.0,0.0,0.0,0.0,1.568192865239688,1.2184349150570197,1.6348575408546302,1.2763905377434808,1.787939124523657,1.21944552038287,1.114702120181247,1.0089356617914782,1.3379517247694421,0.9209859045956174
0.7322972173692891,0.209054830922492,0.6572599968325237,0.5038200418810674,0.055489491095691734,0.0,0.0,0.0,0.0,0.0,1.4269399338862667,1.6994774561378077,2.0036135357137153,2.076199468633387,1.5609893535819765,1.0070630113826733,0.9502293896963839,1.0391237506770188,1.012047775451655,1.0960034492490698
6.150236188799642,4.729652524786238,5.641579323568242,5.422678181522388,4.77284804081185,0.0,0.0,0.0,0.0,0.0,1.111625440410261,0.9679779396121198,0.9436286020321243,0.9088472556187956,1.5429963710025487,0.4522059137365906,1.4380478883769292,1.7248553410163923,1.8462584308369323,1.1377518933765989
0.25568063417175757,0.8903502124847058,1.1184269818921915,1.2536110880214433,0.7869589524698055,0.0,0.0,0.0,0.0,0.0,1.303698515647836,0.4474638729499075,1.091814358407459,1.2871126270120394,1.358471047175694,1.5276625573049105,3.810340927862681,1.0942939228849968,0.3771466679521236,1.1258770918477916
0.8892793412379071,0.4584741796631683,0.49734477985693165,0.2700414094399129,0.0763539047240202,0.0,0.0,0.0,0.0,0.0,1.4173931357050251,1.6159368671655547,1.9791336691487214,1.9573870237447337,0.4224477383105596,0.754456521051882,0.9763909314970632,1.0164257666362093,1.0474324338735024,4.346769442765713
0.13805960916604582,0.15421615873138284,0.1489581383241187,0.24225437805357322,0.14068928877259307,0.0,0.0,0.0,0.0,0.0,2.0843411814643393,1.3032479144208855,1.7347488901563883,1.2773777703145655,0.6469797730064164,0.9441518130091249,1.190152468240029,1.0599867488207602,0.5642363559583788,2.9777043878974236
1.8242144890474545,1.141891644204186,1.0340826776603855,0.746140289766016,0.2710429250210593,0.0,0.0,0.0,0.0,0.0,1.3314366977927714,1.440434543146336,1.8142761101484741,1.7444684036539566,0.9823142521262007,0.8553795361421186,0.944533104032414,1.0598791542194157,1.1191719819375892,1.307968297024134
9.010267951093063,6.65191186891173,7.003066977873717,5.1665939026099315,3.881223677392737,0.0,0.0,0.0,0.0,0.0,1.5978987052477072,1.0173574410679018,0.9529303043552811,1.3312215839191028,1.8405476061968264,1.2983775190093918,1.7131315969101995,1.3239594566526751,1.4181670005210503,1.0575951978267102
3.010724636645665,1.3903653201674684,1.7176595176159022,0.39029167004053433,1.2171307471024382,0.0,0.0,0.0,0.0,0.0,1.9595956725877688,1.7390763244451717,1.773906837310879,1.5693844860978237,1.3669639316752007,0.960174921919851,1.0233359487418887,0.9273184816014641,1.027747256256378,1.0284513536524842
0.3516735930650557,0.16681630930571126,0.2671126686280908,0.26166548934156,0.036403863436883885,0.0,0.0,0.0,0.0,0.0,1.6184596128421151,1.6125533970203547,1.900577665217572,1.5330245029235288,1.2178196701702986,0.9955058484832808,0.8530489761018255,1.1030241554113933,1.1911011332749017,1.5721010133252853
0.8668223641424193,0.7647558060971336,0.6881876894481473,0.4630507256948687,0.3857364877514207,0.0,0.0,0.0,0.0,0.0,1.3077806281150883,1.2505346635031158,1.4544438424980068,1.473396198815205,1.2691247212679,1.0501157733950037,1.0157794302950125,1.2442746168464567,1.1142182633486297,0.9776974640075626
3.7556387141961216,2.2739852311166513,2.396288166411618,3.3063209063435317,1.7788939468220544,0.0,0.0,0.0,0.0,0.0,0.6534413111002658,1.241168809156041,0.909029813399176,0.5903294898734461,1.3797248595806804,1.4990264405678255,0.34227772380734756,1.3153504018869344,2.2924211687224445,0.6616300964261526
1.8490425751726143,1.6292515220722854,2.528779231924037,2.708171447260316,0.8540903084849962,0.0,0.0,0.0,0.0,0.0,0.8713041489598613,1.255614556039655,0.819996353854632,0.8061377875233744,1.2099939982850942,1.9829741871307334,0.35107341175840984,1.3711851135050208,2.3307600164998736,0.45228118091825803
10.749315921510147,8.846598643832845,7.070463108318265,6.957106081548822,6.670253427446896,0.0,0.0,0.0,0.0,0.0,0.9784733217269871,0.9810349541700147,0.9176982811747538,0.897735446042345,1.1522335277467042,1.3303716315774514,0.7196446225174128,0.7424804214002148,1.7396390880979475,1.6043330638481792
1.3089205124270298,0.9960497209623849,0.7090379943481925,0.5852289795142648,0.5174168307238813,0.0,0.0,0.0,0.0,0.0,1.3734405174407822,1.3929730507600662,1.2370940926281924,0.7663770246074726,0.7742841358111018,0.8888905991349692,0.9881277953065857,1.1870405463162308,1.2495811454467014,1.4616792649897759
1.609994368256243,1.1055853243530116,0.6602267328205428,0.7188440297149146,1.192108906093033,0.0,0.0,0.0,0.0,0.0,1.3652601215540474,1.5647981827707562,1.8242333509477389,2.0709611238918475,0.6426573477706296,0.2627326456894576,1.0445943561006974,1.014133205093628,0.9564066968919064,2.499212690407493
1.5961392825528207,1.0260092482178096,1.4870667737784515,1.6383768119857458,0.7269979090566194,0.0,0.0,0.0,0.0,0.0,0.36554526286152017,1.140137834142597,0.7364203162901113,0.4820119042899656,1.3881754326296696,2.2960912571399383,0.4565696086979514,1.8275022211437768,1.7006466701938059,0.5965847093828065
2.018327536668458,1.4742517870705476,0.8887151020423308,0.4653199547180423,0.18817910344558747,0.0,0.0,0.0,0.0,0.0,1.771016094501027,1.7063610280281503,1.582233755376882,1.455475611448844,0.9065148478101772,0.8934392605159512,0.8914741633447828,0.9611710189711936,1.2242405142592079,1.8872961795580099
6.234604854665173,3.829501588903818,2.1181474182361404,1.5963911907398383,3.0844900811310763,0.0,0.0,0.0,0.0,0.0,1.902770046824217,1.7846901474729138,1.2649640115496403,1.0803968758334335,1.6010061009912087,0.9147087423508476,0.9479164128669365,1.2213865843687157,1.482728403002019,1.116295804413933
1.771143756059119,1.343093821217626,0.8088053239310469,0.6224086084876922,0.963454694044166,0.0,0.0,0.0,0.0,0.0,1.7136117970745546,1.5241721072876213,1.0587529885691225,1.0157811692263006,1.3604394002652809,0.8888646303483244,1.0392436091239392,1.2676560925348637,0.9597011197157003,1.4859990142945045
1.750010694080462,1.1361653203049746,0.6307912405999818,0.2488437197500995,0.8304322271164782,0.0,0.0,0.0,0.0,0.0,2.0393313443860026,1.5727287074793759,1.7369541691693529,1.464930375089571,1.6301611817552433,0.9708042215334391,0.9808956207770464,1.024840969855826,1.0867088919998333,1.019270482921035
0.0870030985844831,0.11035150085652759,0.1393139807988344,0.11343839333902368,0.08899676440724388,0.0,0.0,0.0,0.0,0.0,1.05495289834268,1.3088679011132172,0.7170107031398321,1.530608776477141,1.3813278632552257,1.411969859265651,1.1301560406813858,1.9131981199161392,1.0725396933913207,0.7887709916035057
2.9492991935710706,1.5633272768009197,0.4283566337943464,0.36183867625391014,1.2159095243644036,0.0,0.0,0.0,0.0,0.0,1.885523150929697,1.8824543773641518,1.597582509878236,1.759066839032441,1.7633658020695577,0.9510228428261106,0.9277143801977286,0.8650819724645801,1.153822437698189,1.1141903384874774
3.193565940811747,2.439225117661209,2.3491371417683498,1.4074390926648637,0.8397131596387213,0.0,0.0,0.0,0.0,0.0,1.487104483288151,1.509044323632482,1.4936924241600669,0.9894246219734544,1.3190099018247177,0.9426209682819796,0.9103884449264898,1.140755693180334,1.7452390325613616,1.4911961283572739
0.3228243849491349,0.2978347678442247,0.5587351119462886,0.46423908669365616,0.47875177130754193,0.0,0.0,0.0,0.0,0.0,1.4294739378210346,1.1955350294991651,1.1548588315662311,0.8676362199028121,1.7407075495237312,1.1548009852322274,1.224300281634128,1.058278837774379,0.7907345696126291,1.1638790811767858
1.6992741834433467,1.9698192796657963,2.702214826586768,0.9706468819326076,1.5809268821347415,0.0,0.0,0.0,0.0,0.0,1.1985765827070172,1.0241159601562055,1.3196755440394539,1.324553653803391,1.8538740690534277,1.6207171049500368,1.0590094004698825,1.1494175835977416,0.9636173036227565,1.120518291432227
0.11825667373565837,0.10380967726162968,0.1056688732159881,0.1256440507755559,0.061367105095936035,0.0,0.0,0.0,0.0,0.0,1.1728713496556205,1.5858984219077001,1.6952768739228161,1.614573029385728,1.7815847252739654,1.2254735704984383,0.830058055899593,0.9330132288815796,1.17803761335962,0.8880129290297424
0.59048453577385,0.4308027278210516,0.6033126469227839,0.8148939415779427,0.4871251577699772,0.0,0.0,0.0,0.0,0.0,1.2895317579740282,1.5064515316546032,1.1514073564796048,0.8705598319244675,1.2839913140447912,1.2682505035479434,0.8753068782991145,1.1035211212108158,1.1420344750194125,1.1868423548096643
5.717880199098877,3.445016306609874,2.97415416899106,1.1549963532801093,3.457375366838903,0.0,0.0,0.0,0.0,0.0,1.814178221150485,1.9142840845918798,1.7044292305055089,0.8851450988871367,2.0048044389798974,0.9376933583927981,0.9074577273305342,0.9472528606899967,2.275411620083152,1.0197449305100788
3.863903503079187,2.932104912334006,1.3312120729687051,1.012388850222118,1.2476732018226628,0.0,0.0,0.0,0.0,0.0,1.7774027381289004,1.7309965904158198,1.644409598511946,1.5016936079735421,1.0287060119496152,0.8759075902391164,0.9117686348752984,0.9718877109773733,1.1269087468877554,1.6095078220463754
0.7198167314958207,0.6222021356755763,1.2133789654868943,0.5387372920889629,0.9874406632776026,0.0,0.0,0.0,0.0,0.0,1.470922659423109,1.4835917476466887,1.3925331275374577,0.9769014306881336,1.8987661608268764,1.1268578770236997,1.1356034177480723,1.0139291450067567,1.088063924520335,1.0207865610935194
4.548197368767948,3.5045538865414967,2.56954741787637,1.2283126834087232,1.1054567239059765,0.0,0.0,0.0,0.0,0.0,1.6834365660322852,1.749004925778071,1.7910195644362976,1.45403481832564,1.0475624689995386,0.8640771248521836,0.9154809990759001,1.0048506313560022,1.2106081920184548,1.9067377101776235
0.23675060353305785,0.16489416025535883,0.13118010846224715,0.08132791687445098,0.09602513669684867,0.0,0.0,0.0,0.0,0.0,1.7031891705186708,1.7139829664880952,1.766627095835075,1.501952008687769,1.4256139220883424,0.8816951060248498,0.9614685911847739,0.9756975953485582,1.1114900668549492,1.3496697251585916
2.4513912661877155,2.1024726151493653,1.7996142497414542,1.2149531462063103,0.6969062890985864,0.0,0.0,0.0,0.0,0.0,1.4840168894795909,1.4710648818092515,1.5449849437717376,1.456037918085775,0.9166042707888139,0.8693328810706678,0.9764392128547715,1.0756850083698613,1.182344049299724,1.8393738819923116
5.976965201074565,4.313866080743123,3.628362822934405,3.5471421530080134,3.080803768956079,0.0,0.0,0.0,0.0,0.0,1.8516712236901345,1.6717732676297443,1.627814794320442,1.0825339666407439,1.334173034168885,1.024034825108736,0.9077136512122155,1.0335670032473638,1.2861045135010885,1.305605073240362
0.519170235584113,0.588424121491442,0.1733141262204362,0.21098930690818,0.46826016323975833,0.0,0.0,0.0,0.0,0.0,1.8129907043458768,1.7638778139480706,1.5098795449609403,1.5051805846292885,1.610662493259858,0.933386070060411,0.9308847721885894,1.2293851071115343,1.2680144215033986,1.0498323316406755
1.3073310018024455,1.1396539233380245,0.5768755243760191,0.6196311336611392,0.4215333270321035,0.0,0.0,0.0,0.0,0.0,1.9011084169955896,1.7121834022526177,1.6272987941891046,1.3944650194667683,1.0897197230830407,0.9286457960576994,0.903234981242942,0.9027844443581331,1.250913596375304,1.6224510819012394
0.26039374751507405,0.27281286628397006,0.1743111144794646,0.39134286774501253,0.5799859052843429,0.0,0.0,0.0,0.0,0.0,1.1461374373813644,0.8852987067728685,0.9805494531801123,1.6394907127151592,1.7659322570756755,1.6477928783430968,1.7316608718061914,0.5483277275387396,0.8782972125640485,0.8988426082796698
0.3599035281385641,0.46610119887533774,0.41682900170317894,0.5668534609122661,0.10719014830500839,0.0,0.0,0.0,0.0,0.0,1.6062191376583397,1.7132375666641204,1.8020030661566602,1.7909371454518688,1.4853026247888226,0.9576320135604515,0.8939528238697128,0.8958511329602781,1.0669456949785465,1.0910363838024677
3.8020071449180235,5.202457795976073,6.488473336690416,4.324345606261585,5.213290704495219,0.0,0.0,0.0,0.0,0.0,1.46542587872892,1.0750838570403436,1.1428087646610037,1.1273852223802554,1.722912094122679,1.1502055046518385,1.5432414403904724,0.9420811177961057,0.7581483840778153,1.1314506268024194
1.513227784381473,0.8747040902992067,1.3999616760148963,1.0858811688003707,0.6088077577617937,0.0,0.0,0.0,0.0,0.0,1.3283027413307762,1.4282334446830316,1.4760272340913427,1.0252024409243778,1.6701350803648514,1.4738305816669977,1.0762352769595018,1.1771069712594817,0.8564317030431974,1.1526179984653886
0.5632781343623793,0.3127954003145045,0.14271191060975016,0.1956186032658331,0.29851726226546016,0.0,0.0,0.0,0.0,0.0,1.854411003901688,1.8480621543138718,1.3530886664316015,1.5862028179189893,2.0688357039882517,0.9786402837473631,0.9326348844122324,0.7166184154007085,1.3285142229008278,1.009213292208517
0.3243241127398552,0.4599317456823102,0.539538112495748,0.4361744357972193,0.3782676086073166,0.0,0.0,0.0,0.0,0.0,1.143994864484287,1.0722166815490344,1.1656394656330553,1.4515965815027179,1.582043338281888,1.2549469162963613,0.8556436544180105,0.8206366805834652,0.8928151788694627,1.0421476136248509
0.47114421657763855,0.7287382595844084,0.7136703594315761,0.2647103973689845,0.7293158599497965,0.0,0.0,0.0,0.0,0.0,1.8640311111918635,1.4490398987818933,1.5928244976866033,1.604614508529161,1.3417546875407427,1.0563867214151907,1.2712201137738892,1.1531775399700341,0.77680697984141,1.275277394961151
1.1532442857707195,0.772633423876063,0.696407884268827,1.6951173910297677,0.4421079171292572,0.0,0.0,0.0,0.0,0.0,1.3195771748992322,1.4915283592085566,1.0625949057558501,0.16044800086073105,1.150347895673396,1.3149873008665396,0.6201199707354622,0.2744038630665204,9.328778246544188,1.3565321790976195
8.305685093468998,5.26560146626013,1.4424275269029811,1.473567780072187,4.018041029613552,0.0,0.0,0.0,0.0,0.0,1.873098928133281,1.7968213226703984,1.604722588164903,0.7155184398244764,1.5721665993523977,0.9215138595754094,0.8997755042077924,0.9154009757982885,2.6699154169730326,1.1566718928077735
0.021608568915614898,0.07283357001952522,0.0348946479936228,0.0627677041308036,0.0853560706127402,0.0,0.0,0.0,0.0,0.0,1.6100755684249017,0.8050093624902249,1.471740175815456,2.0164276355145208,1.6661540531413128,1.0043185414510714,2.522335260674768,1.0573013557990276,1.0446323569229652,1.2531837917011563
0.7216845891651417,1.5794133464922244,1.0352053800757868,1.3662650084369845,0.08878219810559078,0.0,0.0,0.0,0.0,0.0,1.5587719388313623,1.4698711018461876,0.9857727012281107,1.8833537988614846,0.8180530963710535,1.0406569875864768,0.9302119731625492,1.2370030058738954,1.0289456431866268,1.659498608032569
1.3060386795660588,1.2853577563603757,1.5796924252220519,0.9569006505941002,1.1753519430432524,0.0,0.0,0.0,0.0,0.0,1.5977887730860434,1.2101636521004515,1.3666889454615336,1.2476939342173252,1.3866010769514183,0.8953436732014708,1.2882358978828043,1.1525752406376337,0.8465496228165439,1.4073903391808742
0.19411370542786585,0.1488684669091111,0.045173958537395593,0.12194893326757472,0.15076535360755158,0.0,0.0,0.0,0.0,0.0,1.2953397965015032,1.1170805643248245,1.9370539466762147,1.8000617539858617,0.929068564802922,1.0315458383818634,1.560013782975007,1.0143637526850928,1.1582862214416632,1.258070188722792
4.474485577169955,2.3185863924677044,0.8482738516485162,4.223150864400611,0.7085197138133024,0.0,0.0,0.0,0.0,0.0,1.0364856333134542,1.336901935445197,1.6006946724310187,1.0963646473869186,1.5667907769380247,1.547096393148148,0.11951356758606013,1.1751263983515228,1.4801958114535312,1.318878781198814
1.2774874296538865,0.5573658867685682,0.18912624765223793,0.6361705820530416,0.4109582431394491,0.0,0.0,0.0,0.0,0.0,1.0603876610046181,1.1690753333538353,1.6919415264027347,1.1102241876855528,0.9309424684277285,0.984576484809622,0.7166340662642596,0.9985910573423736,1.6588910571292412,2.027414927585763
0.9970829624963777,0.4127748646619945,0.08122612538566786,0.6479796861449699,0.6174449667460141,0.0,0.0,0.0,0.0,0.0,1.263527678316855,1.2767861012028607,1.718433941130542,1.318369036299918,1.3513841259155284,1.3121277163405216,0.7909108394110113,0.9895934829976989,1.3432733275157565,1.51311333387865
0.07689942246877916,0.12968383811587528,0.10630404454494605,0.047424737915846865,0.23759380651982295,0.0,0.0,0.0,0.0,0.0,1.801665940373108,1.7528671124454378,1.645497158391311,1.6634549670168577,1.5198013906139345,1.0223420691411051,0.9905492893438969,1.2404368419682417,0.9576131916193821,1.227294517318418
1.6786917826073835,0.6315388423419632,0.21150891735399974,1.7734156633461708,1.0070326821054016,0.0,0.0,0.0,0.0,0.0,0.9178673073424343,1.3083916805861964,1.8277176920805172,1.2361261416198637,1.5791266590775486,1.746776461729334,0.461153364882066,0.9349903331909891,1.400378239611925,1.3123193237968112
1.6693845162215613,0.37402876525923945,0.14364354612089253,0.9839814126915618,0.13261580548121216,0.0,0.0,0.0,0.0,0.0,0.6859078191682211,1.482970578903409,1.13749334844065,0.989044985659806,1.801104110535439,1.6088910500411364,1.1312292944077047,1.4254995145702822,2.0974768722222974,0.9842019727840581
0.5533005090394137,0.3788665856203334,0.18979111894318693,0.2048987930607585,0.18129802285196026,0.0,0.0,0.0,0.0,0.0,0.8839119887842543,0.8229885804441395,1.0778042855749097,1.6314236007270726,1.7575938614954971,1.344499158343543,2.313083695241385,1.4350542898824956,1.0970331097998562,0.9057313006192442
0.3045828589994749,0.1619479852421798,0.16193338940868332,0.05820955660935652,0.30545954988106444,0.0,0.0,0.0,0.0,0.0,1.9257182599967304,1.726423219680516,1.7959205846656252,1.3505216775020554,1.549967750799545,1.0347675260016675,1.0178909921006676,0.9427023183314752,1.0117818643316054,0.9675707405852398
0.1663551895970838,0.09341062005726926,0.04901071039312014,0.0196326363161504,0.032262070484927886,0.0,0.0,0.0,0.0,0.0,1.2273383324212614,1.345297491480672,0.9698946643752838,0.5410686783678929,1.2517890026125842,1.6078713171660501,1.3373490950275828,1.8424534129554038,2.8641642554740336,1.178571557533382
0.9659185251960452,0.40869851670276125,0.18592818944639478,0.43752070405245747,0.04599340487893701,0.0,0.0,0.0,0.0,0.0,1.242502222107724,1.6803443978396495,1.546897626722769,0.7977298613741073,1.4169397747019294,1.598290468626581,1.060292409502781,1.0907332351399188,0.2605414792259818,0.8855294299650245
1.8691460700627076,0.7937917594670341,0.20215779108105553,1.7617196412662275,0.35493182092334347,0.0,0.0,0.0,0.0,0.0,0.42115534695937895,1.3638360738301478,1.089720384682794,0.9393568401696063,1.733376446166548,4.565801396460709,0.5747280402610551,1.3363030279685535,1.4721913699607885,1.0117212445422243
2.1561658702120594,1.009961519823856,0.4663564138261448,1.254667591454498,0.8180073409157689,0.0,0.0,0.0,0.0,0.0,1.3332356064455229,1.2914218411614775,1.6158437879244139,1.3702128464715224,1.3969298094201612,1.0568699932674537,0.5554168425018952,1.1797622323969157,1.4411795879531564,1.465748666445538
0.5195477754835632,0.3376569633563118,0.20642318527953057,0.35887264594911644,0.015166846248639742,0.0,0.0,0.0,0.0,0.0,0.8993892535686268,1.3161331003029941,1.0856820704903638,0.5751443159496848,0.9483715108530988,1.6621807508784971,0.35763080176214923,0.75154911283517,2.4167983762142278,1.9050350035214572
0.5271442119369631,0.49501126016161534,0.19209746361717142,0.6375115995748892,0.10667251186266127,0.0,0.0,0.0,0.0,0.0,1.4142796396173387,1.5007070910072324,1.2287145543695261,0.9933649141469498,1.2185468653066924,1.1668599213199886,0.6408344165734907,1.5266999599250302,0.6658447920179877,1.5930649486340223
0.19003094215700442,0.033838885312945995,0.04788927993209594,0.17102069815232923,0.028765276101383696,0.0,0.0,0.0,0.0,0.0,0.8037059811265563,1.554009795513289,1.720919097668588,1.7216387000551217,1.4974604977357673,2.3632537761001897,0.7879323404440572,1.1860314320610894,1.0805644343551504,1.3674437456702413
0.6693637382081176,0.4384618865159239,0.39255828114703895,0.4233724261725804,0.12406366804295384,0.0,0.0,0.0,0.0,0.0,1.0040918403442594,1.2140906692970446,1.1872835415780651,0.5585413417899285,1.5373846999993241,1.6344650615569425,0.40795383276490954,1.0828434911692977,2.7056697056099077,1.07726855856186
3.1958035037159918,1.3866508274367209,0.37568870011959216,2.2499141618681358,0.8640183476581205,0.0,0.0,0.0,0.0,0.0,1.3390058977088415,1.630610043876552,1.7830462355585397,1.1524184449924635,1.353290046685879,1.5137527331806282,0.962803805552305,0.9344627592243883,0.9283611039624639,1.3286016629767594
0.46611904938876114,0.3263393231291588,0.1888737430211913,0.5940109191634193,0.062703076457113,0.0,0.0,0.0,0.0,0.0,1.2879723621547592,1.5033540312221785,1.758180754222494,0.7765004251953846,1.9775091952072954,1.3661469284506147,0.6359325357653856,1.1241099025310444,1.1141156775065622,1.0606118573735843
0.6377095700997456,0.3340106548465334,0.10992419345705258,0.3550618075006423,0.08864231892305544,0.0,0.0,0.0,0.0,0.0,0.994556360707011,1.2539711961661137,0.842600589589715,1.369627423600431,0.8109292849061724,0.3357408659178797,1.3249163439819867,1.9197360322588173,1.4087795511423578,1.2790087265950096
0.08141162856731417,0.06140094466269973,0.11352298352371823,0.06766985080916395,0.04674588182474683,0.0,0.0,0.0,0.0,0.0,1.6593286130242948,1.3656252498492973,1.3925564565376882,1.4962608772131616,1.43672171771207,1.2066039982123122,0.635975260636908,1.1846293756483894,1.169162126906031,1.2215264582884813
0.20549598831075663,0.10311401393117244,0.06140474694410255,0.23262140256607616,0.0829479160776085,0.0,0.0,0.0,0.0,0.0,1.1328965376961897,1.2786570568600737,1.062052284889062,0.7766195241171466,1.4446363788490268,1.1555080773729174,0.24622778422437994,1.1428419072253067,1.394075248171402,0.9685508193709639
3.0769019897478342,1.9609909661714748,1.3993295944829485,0.7217996180907702,1.1519683806276437,0.0,0.0,0.0,0.0,0.0,1.2733901554897087,0.6527779766282932,1.54487993411755,0.9744494771958423,1.7095508780006734,1.5473736257517345,1.6402113833830063,1.1303581627055823,1.5419099903848095,0.9270995871001717
2.212696133928249,1.416357908248677,0.7033527655453182,0.3352245942025581,0.62910099505157,0.0,0.0,0.0,0.0,0.0,1.9055313885824163,1.8483324019973446,1.6474282638567568,1.4542693042785788,1.206853981366452,1.0053581717406486,0.9832956253471501,0.9196503311702734,1.0256809060512138,1.3513183988608166
0.6551402099646462,0.2710296197388654,0.13427158276903817,0.4378642333866239,0.22160292035212947,0.0,0.0,0.0,0.0,0.0,1.2560644450459675,1.6321837743790986,1.591475974698374,1.5488217667447386,1.419629803543813,0.31347191419461995,0.9975937929809666,1.2369867296334323,1.2047229258916499,1.311692525887627
0.024738603317388107,0.04252096517146342,0.037829261364370086,0.06609636451696152,0.09021247324138675,0.0,0.0,0.0,0.0,0.0,1.3569827538213028,1.8051995542460255,1.7141189694580123,1.6410113924430292,1.331278698704985,1.3581842709350311,0.8818062031223141,1.1499776539403557,0.9962193542845665,0.2558231444334697
1.1612635487550156,0.6164595041904178,0.036656753553789605,0.5267243215746291,0.39003923127384954,0.0,0.0,0.0,0.0,0.0,1.4368703406944219,1.7232040371644943,1.767799477731704,1.8636825613277967,1.7619550942426685,1.1518526618376588,1.0616154722643785,1.1091679572263675,0.8878148939925425,0.9633022537692861
1.453658333554327,0.5771507931277987,0.14119694260231602,1.046581340108126,0.06888013653525431,0.0,0.0,0.0,0.0,0.0,0.8486451172300734,1.3884649823243056,1.2648614510055514,0.9140937178632124,1.6933193522376646,2.4649316068699214,0.9263835505229928,0.8942798839907118,1.2172969071065571,1.0850671128318827
5.6327434566034125,1.6116260341314477,0.5383830050025044,2.286158049962231,1.445710018602735,0.0,0.0,0.0,0.0,0.0,0.8552846563437195,1.171079713938917,1.1520578512207262,1.0924159191710066,1.858443491977611,1.9327955185005117,1.2915040113061087,1.4311648328426796,1.6669819875500984,1.07177479392015
0.12165652008380493,0.06322689917504534,0.09076418678668685,0.07622071724694247,0.019233934926374336,0.0,0.0,0.0,0.0,0.0,1.7152768394474036,1.4736386069499732,1.4157184521452102,0.8460280645774765,1.5805301950856612,1.1566098513830487,0.7966696412907566,1.2350940979379645,2.18151878362261,0.8991237554883997
2.175043899515289,1.3129871436863414,1.1221625361530378,1.6458517159810484,1.0163484064105515,0.0,0.0,0.0,0.0,0.0,1.4665889504412493,1.324631106582883,1.369260898338936,0.7347010206349344,1.2813441981933869,1.3103813230017205,0.614294094526714,0.8264623794284816,2.174388162047214,0.5542722223672866
0.6168474522931309,0.5099603017616292,0.15389077562044265,0.4833174599320701,0.11514274942982114,0.0,0.0,0.0,0.0,0.0,1.3637098848324718,1.5523046844570216,1.201060978245231,1.5664729402763145,1.193366107530247,1.0659523654335237,1.1295874476776409,1.36603749487559,1.10121653685103,0.37179171779672654
0.0,0.0,0.0,0.0,0.0,0.0,0.0,0.0,0.0,0.0,0.0,0.0,0.0,0.0,0.0,0.0,0.0,0.0,0.0,0.0
3815.5310033798014,3442.01483511965,2766.983278759947,1949.2203542198743,1184.050631628217,0.0,0.0,0.0,0.0,0.0,1.8638789258974022,1.8155192823622082,1.7922436594492217,1.8225856688085709,1.8416415799198644,0.9191327426462204,0.909018103361692,0.8989455749419542,0.9026946301521133,0.9133492621634614
755.3111587012856,681.836205615842,547.8233943407591,384.82334346322125,232.12688873708356,0.0,0.0,0.0,0.0,0.0,1.8598737013954207,1.8142528825805158,1.79542269309894,1.8282151796404027,1.8428225499884043,0.9183268470615289,0.909191813623235,0.9003660699271344,0.904423859319751,0.914553675781458
134.4601272485866,119.15412914338523,94.67955796901865,66.59734176134357,40.887346958440546,0.0,0.0,0.0,0.0,0.0,1.8410934352576245,1.8529397710741171,1.856790695624655,1.8285941486947757,1.769607555996301,0.9206773397650024,0.916356851078094,0.9116213536387644,0.9079156286008336,0.9026386947998626
337.3049496967766,299.9259794004626,238.7132442098206,165.32963421687617,99.27171268126482,0.0,0.0,0.0,0.0,0.0,1.8458339172550964,1.8427028607150142,1.837732725415674,1.826925285843679,1.7759089967790347,0.9197233680494676,0.9192845179479388,0.9166378960415422,0.9048493720189579,0.8805638119781963
1021.4725745443487,917.5747339514257,746.3581857586771,541.2626382878784,334.4332690702838,0.0,0.0,0.0,0.0,0.0,1.8357352547809318,1.842233556771694,1.842630623268141,1.8204618291244874,1.768492431584339,0.9176558658598897,0.9162246543721916,0.9118343164993095,0.9021050477812802,0.882651963466672
94.76095576399118,75.63782150369478,51.97616498532979,24.92387716558647,9.44841497192893,0.0,0.0,0.0,0.0,0.0,1.116621959259055,1.1134649796759393,1.1718492970682346,1.2055967870575284,1.2308305234335042,0.8244134319620057,1.1508720996601498,1.254339867093766,0.9006315032577618,0.9932811048994515
262.7936633803453,233.31329092230567,186.3975925762862,128.93380490127763,82.19904976599256,0.0,0.0,0.0,0.0,0.0,1.8763843509188474,1.7912370739500356,1.7585257314575142,1.8285270331491927,1.8831143704640672,0.9246936711685226,0.907780497471461,0.8910221988470505,0.906025948856192,0.9392653711599375
70.82343725812242,56.20741069687574,36.1141788678633,16.371053644050725,6.365423790873264,0.0,0.0,0.0,0.0,0.0,1.209609148193538,1.2099667482033873,1.2577274298363506,1.173214402702316,1.0258853014141585,0.8735578923079849,1.0827039576856332,1.2003538593443919,1.0267859075009789,1.1796505389402996
55.0122206209649,47.28019216044853,31.11099655627973,14.98277146740134,4.5841019468229005,0.0,0.0,0.0,0.0,0.0,0.9906628078747813,1.0387444910894577,1.1174794009824172,1.1795565637655125,1.1786851164914607,1.144210358596378,0.9141013651451179,0.858576609014514,1.0696873450852753,1.246563652153732
107.54654974964157,94.4924897133612,73.43204883844295,50.314777111629645,30.006265811910747,0.0,0.0,0.0,0.0,0.0,1.8760420599554375,1.8749377811424364,1.865113170002274,1.827852621735709,1.7283135187935008,0.933378608784147,0.9287951662920435,0.9211817064348401,0.9043583923967026,0.8678002595543333
24.176124370536908,19.14758828269134,12.618222259029457,4.888675760979527,0.9846094843366602,0.0,0.0,0.0,0.0,0.0,1.0846929242988317,1.1461081950664207,1.1052138641706952,1.2391289337336393,1.3450368328067341,1.0126761966336209,0.940996056726071,1.3256675043311852,1.166064088833647,0.6570247049112166
84.32835174852326,74.40211758282553,57.3639126464715,38.28249823281124,22.960952517080067,0.0,0.0,0.0,0.0,0.0,1.9106435234768944,1.8792121699117208,1.855693122927716,1.818789624543884,1.7077306812487107,0.9386345640564391,0.9340015734658806,0.9210123912136687,0.9040794911148105,0.8788749682418135
160.32443487520567,144.1518354249328,116.81315549672779,83.58652197574624,50.370934868713334,0.0,0.0,0.0,0.0,0.0,1.805657045205266,1.8119012137295858,1.8175613151996985,1.8220915847856056,1.8252553727307985,0.9094405553202805,0.9087695642788263,0.9079310034598869,0.9061493390138122,0.9049079563910152
33.092087541188896,25.200626483783097,15.523208572703828,7.473698772239151,3.6453383961146195,0.0,0.0,0.0,0.0,0.0,1.261762838341363,1.3228585417723446,1.3812222448696592,1.1067079399639825,0.9386551179430552,0.9143006946072968,1.020808995582422,1.1287297505063694,1.175109867573137,1.5021462013790192
44.589929986843664,34.64174159563872,22.67805289824246,10.700538295757577,3.310554649827079,0.0,0.0,0.0,0.0,0.0,1.2100784885622573,1.1930586121399167,1.1852796875709384,1.209427507772229,1.1759800381967707,0.7972237991542176,1.1378657530180547,1.2833988519841153,0.9647748370394261,1.4020911048320392
20.277714790746025,14.210022600985415,8.244549512412263,3.6986175924831373,1.418586438488467,0.0,0.0,0.0,0.0,0.0,1.0910117603258207,1.209791972465815,1.3440895045950347,1.3647707219293137,0.9004776896287584,1.03024791502694,0.8880458334936389,0.8881470127888301,1.1869531806784452,2.1322363134732822
7.809773392777522,7.725361400976214,5.329067951503006,2.1381322200906174,0.43711005229604316,0.0,0.0,0.0,0.0,0.0,1.1198920112739583,0.9946432315541753,0.9945520077976293,1.2773485050168243,1.521057829958576,0.9581522309231326,0.9916317818015425,0.9344277427669084,0.8790487643522397,1.0413961679990598
24.123647338313027,18.19364272944736,13.564453401537355,8.03543975563393,3.589703543535804,0.0,0.0,0.0,0.0,0.0,1.1710481224230844,1.2544976189525614,1.1722867908379284,1.1340501798347318,1.2039149791321313,1.232290550350695,1.0234552355120774,1.074818736989394,0.9768998595060611,0.5316123936992326
11.994432819895732,9.478264661367195,6.281208622025681,2.9621417766285383,0.9942236859773788,0.0,0.0,0.0,0.0,0.0,1.142251821315906,1.1916533443115664,1.1192060308381657,1.0655470684366586,1.1056454184777416,1.0146742328380292,0.9330955990826877,1.127566715948785,1.1982350339308716,0.7270106267441585
12.596394171803157,10.424116638993947,8.107917944222562,5.939161903860338,5.807463934789964,0.0,0.0,0.0,0.0,0.0,1.9168895685090122,1.942389540385174,1.8746809510247275,1.6772920090898569,1.6476760384867961,0.9574799966128936,0.935805328691458,0.9050681365303868,0.8477706328315696,0.9214654192249493
7.0700435944416835,4.865081539681027,2.7721737339155244,1.2843211861780104,0.5092321873750746,0.0,0.0,0.0,0.0,0.0,1.203375681441683,1.3226036973563617,1.3844756783311953,1.0744976199687468,0.6232382626615152,1.0225723717447863,0.9167326953812255,0.9374066861397571,1.4057539812423712,2.9345833960968046
0.026025636600950697,0.025660404355361443,0.027007203279720615,0.027406436193041606,0.07193351769420142,0.0,0.0,0.0,0.0,0.0,1.7070560559142898,1.5481093012651232,1.4494222813302482,1.523677060937218,1.3425033242015685,1.1597151608332081,0.76033865105293,1.4006646277995622,1.1123760668100742,1.1704450370376742
1.9823363744703368,1.8379637890884104,1.015903740731422,0.3657108042578469,0.4027883986897929,0.0,0.0,0.0,0.0,0.0,1.4394506461645524,1.193798864984783,1.0666804843520479,1.241246518879393,1.0184534195209198,0.8452874075972417,1.2307403511020703,1.3951809541673532,1.2279533495039783,1.933314951483484
63.74217570024753,58.78393074071283,48.94372109561995,34.97204295705203,20.559366785739943,0.0,0.0,0.0,0.0,0.0,1.8185478717962067,1.80463388070368,1.789365038478025,1.7908128358098747,1.7864273320791997,0.9071329347332168,0.9012270945378342,0.893097435298718,0.8881324659478815,0.9053438782424819
2.235496991903075,2.762360284664388,1.8329193789468483,1.0988608389469603,0.21107647476916114,0.0,0.0,0.0,0.0,0.0,1.1591817055601603,0.8989334429126108,1.1095724762016834,1.5590072562593162,1.6585340131112007,0.6159001480718931,1.5828404516723262,1.2491515887391018,0.6911358522375656,0.8311275614953733
0.11185560799637928,0.054608471557724525,0.18911720263324777,0.09227032118177242,0.23720972137218638,0.0,0.0,0.0,0.0,0.0,1.3515300003923667,1.671118445039515,1.6696797692494485,1.2596238629471888,1.8329833913909663,1.270421995453981,1.2397891918509385,1.248433083854473,0.44782991847786857,1.0760001459492077
10.363490445032724,7.722915404139151,5.774991667051178,2.9573199014768212,1.1011400739445467,0.0,0.0,0.0,0.0,0.0,1.0260624232679538,1.1406154777610975,1.171656004285692,1.0651044259474003,1.2374501975037433,1.1986592577961883,0.9227633571327201,0.6912237319073518,0.8358512839508818,1.3269198858430593
23.67525960431736,16.45923562342928,9.55854146299633,4.635036061909021,2.0467535215058357,0.0,0.0,0.0,0.0,0.0,1.1547420352341156,1.2547349919839108,1.4336595816928968,1.3756288715688183,0.8482051318114748,1.0067648339180946,0.8558448970950534,0.9643236922504359,1.3049618360359418,2.117489044551834
1.460490121833196,0.6539365037260982,0.8091424711135232,0.16267179544508029,0.6299405591421153,0.0,0.0,0.0,0.0,0.0,1.37695754686898,1.4995433402287248,1.7887156444770902,1.443581303779152,1.4393200853426809,0.9205648587847067,0.8993493739936435,0.9517251905945905,1.1556673617727358,1.2238007452671302
0.5766317227986553,0.3437809830561626,0.2726310985457854,0.21944079419370385,0.16190137824662346,0.0,0.0,0.0,0.0,0.0,1.0278751964347002,1.3435120813557018,1.285119329727422,1.2114765200110678,1.3687424694350538,1.612439697587713,0.8017364849375307,1.4408146522636656,1.3506767610879908,1.0730890945364122
0.7167418366588301,0.32531058099903254,0.3468266612105605,0.27677348065992285,0.5185857248815322,0.0,0.0,0.0,0.0,0.0,0.5531035239971116,1.1125353388034807,0.8953409685242947,1.6820068772401546,1.3503999877642807,3.73054352099813,0.6341348860495795,1.136959024058906,0.8963454089959596,1.1715874848864678
6.541913740308883,4.373508232690524,2.3634619307273224,1.700753864828505,1.5799204472926713,0.0,0.0,0.0,0.0,0.0,0.6860744816320258,0.6855618270917532,0.884276801546382,1.4916828702553233,1.915250542036747,2.2455951928554967,1.5014475641885632,0.9151015238483083,1.0595489294746654,0.9330108826404132
19.700793278806593,5.784418404736724,5.927704196088658,17.44820004024645,17.676392798826615,0.0,0.0,0.0,0.0,0.0,1.04020640482945,1.5950087099287973,1.652339864519751,1.2319797793698335,1.5610799842180945,0.36674571213628837,0.9676447871573707,0.9133543560756019,1.6133029940783303,1.1597678197952606
3.621872626395978,1.5302000063268288,0.9810449171231426,4.210578448485943,2.5375935196660366,0.0,0.0,0.0,0.0,0.0,1.1694154081560726,1.4619050474485304,1.6756740146777334,1.1888598511345518,1.5782315784872434,0.6467367259909479,0.8144694119398393,1.0133515186320672,1.5637280399968259,1.1432482511808588
2.5552264686861013,0.6607997390697703,0.6851485494701639,3.5057420971511712,2.128059429694862,0.0,0.0,0.0,0.0,0.0,1.5507108399390566,1.5293942585676388,1.6490564632713434,1.651488402372621,1.7126570174735931,1.1407516793210621,1.1360869542030627,1.1253075379422783,1.1790664548151644,1.1179721172285968
2.6597514637938575,0.8319267158060043,0.5320344089789956,2.4511413009234517,2.1239318354333254,0.0,0.0,0.0,0.0,0.0,1.1000945664515343,1.5019048087775255,1.6024445885024137,1.3318893535832488,1.7174815765684275,1.1888983125772117,1.0272767927837618,0.9926221652526147,1.508059731087263,1.1426861436357565
2.064344770314056,0.6262945770490381,0.6844960007418186,2.212229696327264,0.7613497468927023,0.0,0.0,0.0,0.0,0.0,1.3442952462393227,1.5869934848422675,1.4165055199202872,1.5738499943235371,1.9656537641629297,1.0284126272157657,1.0836415213495718,1.3354877334922834,1.3107826661662512,1.0704197012435497
1.8172700840986078,0.5980117619988653,1.7874474717494233,1.0045592641095915,3.0219522170862567,0.0,0.0,0.0,0.0,0.0,1.317288555812451,1.7159241394503943,1.629482226535127,1.519146855885999,1.7932359038249017,1.0923553754924487,1.1460591809238623,0.9563473493885317,1.3638384578362588,1.0221530087872326
1.3452968323802574,0.4097186390162132,0.6101202295649044,1.5820467920881143,1.613391275681342,0.0,0.0,0.0,0.0,0.0,1.2811785886086047,1.463522167620326,1.849569792013682,1.4979518511919105,1.2782321888985861,1.6444703877164857,1.2739378518310496,0.9990292362266507,1.3651934528481955,1.1212266700239346
2.181634951943008,0.611698779813244,0.7330808857846438,1.1326494882650295,1.8936809820867642,0.0,0.0,0.0,0.0,0.0,1.1826493668952744,1.4602681819991434,1.5764981910805622,0.980314433796211,1.3030400065015497,0.6685996869659464,1.1430535230601826,1.206662518662989,1.3232789132960578,1.2614443430270852
3.532572697093439,1.1740643766609022,0.5507650470269491,3.8427488622574857,3.7890120849117834,0.0,0.0,0.0,0.0,0.0,1.6714533175227855,1.6387666929886777,1.3302822484798658,1.1815049408617722,1.4822993170075232,0.8297660686474271,0.8851662605721637,0.852643780300172,1.2321921821198063,1.1049791390134747
0.49391013530088534,0.3729458286894375,0.2947462258173527,0.4569497441179348,0.6660303568255102,0.0,0.0,0.0,0.0,0.0,1.6532260042035722,1.760151765537755,1.9168242453126583,1.3252944239251332,1.1374025712411202,0.9993625144818427,0.9992515915041821,1.0042802195822023,1.0641934721434603,1.6123524500054673
3.9774892271054276,1.2686659049842446,0.9521283018279201,2.7198176579696347,2.518627199038033,0.0,0.0,0.0,0.0,0.0,0.8040357599542142,1.3168381288343773,1.7410350654719249,1.2924627607385613,0.9936584109859511,2.1111626587158,0.8310395835464695,0.8824987787676729,1.616229338242745,1.7710264634253081
1.5222426578115242,0.9725960983048838,0.37586264063361036,2.032651670369027,0.9555863317288779,0.0,0.0,0.0,0.0,0.0,1.2043626954122693,1.59087511568435,1.5473270076527286,1.0312680416479991,1.3933077496558164,0.8064662958526114,0.9117068357653694,1.0548984925124263,1.9365718863950456,1.1942696633764307
1.1266139448208117,0.37462122341793036,0.11334995763944919,0.4464795169973878,1.02145220064716,0.0,0.0,0.0,0.0,0.0,1.3522074520015797,1.3680881164569143,1.927394907426215,1.6712473496364912,1.329347697580769,0.7903824653783821,1.1834282324328775,1.0895450799542297,1.094716412378169,0.6179673514840259
0.7330385584201482,0.27751843509903645,0.29874881139893367,0.682088687922862,0.8540210239194156,0.0,0.0,0.0,0.0,0.0,0.8714778744112114,1.5408111002199116,1.7645175078105597,1.0483480001951568,1.8006108203962736,1.4465249246525298,1.2326386511674825,0.9639706249299276,1.8703100686443976,1.0529739308164163
2.6284214437163715,1.0159997832715655,1.9399999046272327,1.5584848885155498,4.1017025682454555,0.0,0.0,0.0,0.0,0.0,1.1702485123115458,1.6888858846764079,1.6905878764627402,1.2541293302924337,1.6599756093989324,0.9813789484992844,1.046977832446966,0.9632872317283155,1.5577744096294877,1.0974040367800046
0.2958700373820826,0.03571526277990344,0.30949876050571545,0.4594193609634118,0.0877589588435577,0.0,0.0,0.0,0.0,0.0,1.7896574755366155,0.9281534582588118,1.8577687896526958,1.8094153396847321,1.8901459253021078,1.1307732300398494,0.32118320454920224,1.1022863007885284,1.1189635148047294,0.9483779894057122
0.7608621843361794,0.15012628487402552,0.24999186031998338,0.5913670897748105,0.12542738299686795,0.0,0.0,0.0,0.0,0.0,1.4507676634737687,1.3130570783412723,1.8982533704626499,1.5374764986491138,1.3152400736045131,1.132679633542861,0.4514364634883081,1.0964421455735638,1.2208816549849213,1.4957705158815553
0.5559065954885305,0.23483506962466105,0.17585021411407814,0.5265181930473137,0.7650754027210847,0.0,0.0,0.0,0.0,0.0,1.5282424726378,1.3932842698458658,1.5898440892402417,1.8376449485228041,1.6609999676034861,1.1587159998176013,1.1839328472072699,0.7306984640481551,0.9470160197925869,1.0532803025135409
0.4651195653301999,0.19733242292544576,0.5717683872250305,0.8777740547299402,0.35081527008814073,0.0,0.0,0.0,0.0,0.0,1.3864573421800221,0.8910956266425181,1.4787987398625528,1.5462431673295542,1.8763989253362903,1.2028008986661014,1.775039654503137,1.0973862617536516,1.2372967251994762,0.9288094292750552
1.2708467837100004,0.5366926920843509,0.1622090601158043,0.18395212416245546,0.2755799143400295,0.0,0.0,0.0,0.0,0.0,1.5695057884750663,1.684224601809414,1.6214225427357496,1.2761333411405817,1.2525278093587078,1.2389474273864522,1.102000806982121,1.0041550735597704,1.56380273087756,1.5206650026363953
1.2163618685659388,0.490504878135997,0.3541113970938762,0.6858617200735907,0.46249960722996847,0.0,0.0,0.0,0.0,0.0,1.0692682603979515,0.9784672653072143,1.1613184394124767,1.4577623824980905,1.8298658108453776,1.852328224199763,1.1299948891599798,1.5465658084683132,1.3641988899566382,0.9594399542839636
1.6865652249873317,1.0315397483421465,0.1344063222179569,1.9246288222622319,1.3495543116182083,0.0,0.0,0.0,0.0,0.0,1.4314547423381936,1.47099292227489,1.6801162045113467,0.7992234341025801,1.2083496494142987,1.0812327389681666,0.7111372077469823,0.996166575569964,1.2057357225733152,1.3463355525606728
1.0318238486472782,0.5035011453868155,0.4517575895310847,0.5187099617108281,0.31810726138768197,0.0,0.0,0.0,0.0,0.0,1.8768271441907711,1.4986972754643637,1.0708038130826005,0.8376180294121093,0.634938491653437,0.931014598894866,0.8079377313483036,1.1223757058001953,2.4443688272308703,2.566401909530104
2.02815600513897,0.34922758312459756,0.27198434188975323,1.2676034826690052,1.4718279039051354,0.0,0.0,0.0,0.0,0.0,1.5785875351113152,1.7965967880367897,1.5826124180189587,1.7502402109740534,1.558719560433954,0.9899662013319076,1.0026013792261872,0.9456301099156118,0.9927233867315186,1.1887434703822086
1.1448534934329053,0.2666551750394814,0.6999982051161221,0.1287427283360023,0.8939615406310123,0.0,0.0,0.0,0.0,0.0,1.284984102381773,1.822794082280122,1.796984930785779,0.442131682188546,1.6904254887044003,0.9836109975195984,1.070175226248534,1.1147713132786754,3.740165384053242,1.1410547301224632
0.9071175989391165,0.10486276080542527,1.177823342887947,0.20714274128306673,0.6041672927516719,0.0,0.0,0.0,0.0,0.0,1.623515864080436,1.4968361278365803,1.6863920374209196,1.863499002650608,1.7636188680790135,1.151469141683852,1.0640856207570313,1.143459092315205,1.0893680890353379,1.153460789621145
0.5225047424718657,0.09852159940048305,0.4854741162444932,0.6438642740297513,0.5121864111756572,0.0,0.0,0.0,0.0,0.0,1.0105304606539744,1.1317781433381813,1.5036557531781498,1.1383331255928022,1.4766713028018945,1.9686220053774044,0.5009193455497039,1.1210987664353942,1.2802803856173546,0.8297449786093393
0.891039987216994,0.4670343181627257,0.48820087430543657,0.5294039918803781,0.7090765132330061,0.0,0.0,0.0,0.0,0.0,1.3240597884128367,1.1273764720381407,1.0820316610792307,1.3282575992946977,1.7344461513740446,1.579370066732733,1.2929701017957356,1.4963341968488966,1.3682588231817456,0.8901155869464931
0.3819026917409025,0.14565950005769907,0.28042110369973505,0.21697552338810677,0.18282448553523886,0.0,0.0,0.0,0.0,0.0,0.585787020152717,1.2659713232531657,1.2689513800624737,1.2837280501711579,1.5089376530686587,2.4587691307144635,1.0526011039228762,1.5374874664904843,1.3128853432431842,0.7603278829007735
1.3942270842978766,0.30475044522928046,0.6912328140409407,0.6254563080871793,1.2180622602394393,0.0,0.0,0.0,0.0,0.0,1.0451708382797384,1.0246575445595825,1.4958739238066703,1.1925457947517957,1.318859473429695,1.446252600284636,1.440905776640975,1.3402509805118348,1.1559024818847832,0.6560892341716433
0.1814945340797895,0.2089267363742992,0.0979111858791222,0.11392698485861182,0.22958751898517127,0.0,0.0,0.0,0.0,0.0,1.835989610996736,1.5647392973434793,1.5425260187435652,1.6967943574573305,1.5998017379651597,1.009347052145119,0.8810829215797403,1.1290876108382704,1.1947988205595286,0.8779162617234191
0.44769130832271975,0.3755096448010081,0.18847015686194732,0.3417460043758035,0.39155275066966094,0.0,0.0,0.0,0.0,0.0,1.1132853116133354,1.0841586616198085,1.4162510016372074,1.4682807150022432,0.8988775395446762,0.44943257014619575,1.3977183147678496,1.0650390637942295,1.3222225473339875,2.1886683906684685
81.79258668870196,38.16389372372669,25.98243229694785,7.193631399324417,11.024348028350355,0.0,0.0,0.0,0.0,0.0,1.590905532580075,1.8161629863397364,1.9247056885765566,1.5729556768252508,1.3665211309629701,0.8861245422918707,0.8971912032437349,1.0537289516046375,1.3025325859072128,1.332300039356083
21.064820133689473,11.88386458316425,5.7506356399014305,1.2083732270632026,1.3895953374309347,0.0,0.0,0.0,0.0,0.0,1.615951431627171,1.7807312496715744,1.8458973513172412,1.994092925191391,1.5311829701048436,0.8643835887199459,0.8987675824119028,1.009950591685376,1.0312545392434753,1.0531781878184006
7.449268347238402,4.422290579741223,1.9390891786867894,0.2774575103769752,0.6522275276901046,0.0,0.0,0.0,0.0,0.0,1.6785561053457552,1.804020451606115,1.8427442928625417,1.874176935059934,1.1436191974954104,0.8876208775006916,0.9063053277931948,0.9492780280689304,0.9155305042923456,1.439321745214275
12.372696211843152,7.02485043048358,2.6870661258020503,0.17073412413299152,1.3982801465396442,0.0,0.0,0.0,0.0,0.0,1.6890008956973475,1.8383744055891538,1.9571273005916978,2.0618645868555334,1.6600916545725433,0.9213533422257728,0.915460272137023,0.9433481871322598,0.975442318219228,1.0195328995478108
17.40329653023904,7.664893144666936,5.243359505439781,0.673460804811028,2.8019323092103408,0.0,0.0,0.0,0.0,0.0,1.5823912283051331,1.8950757183395006,2.064175077573837,1.9052523589017212,1.842549736726621,0.9475493699756519,0.9203890811938314,0.9787276768641845,1.101660567769754,1.0075397454285366
16.100848297406234,5.5149438084589955,4.930082226782224,3.229514169690791,2.3035624981438803,0.0,0.0,0.0,0.0,0.0,1.5459377294888754,1.7292899205615908,1.9986126468768708,1.6536872631551172,1.3679816867994972,0.9478234797080455,0.8493046028092804,1.0347054468342787,1.1646955128793357,0.41259742023301227
18.69158160119104,7.696975311562676,6.073358701505042,2.4477435715289686,1.0023018390362786,0.0,0.0,0.0,0.0,0.0,1.496048620361407,1.9343718886572654,1.9100541990612385,1.5731331131123514,1.9354311260083674,0.9571075488585339,0.9185940700207673,1.07883309823391,0.9359483982934319,0.9624737649072077
6.750604418747292,2.585442837997051,1.062569290329398,1.2069534061685228,3.4654015263400284,0.0,0.0,0.0,0.0,0.0,1.439247191595114,1.6947111852469203,1.8776623171267919,1.4484825624053097,1.5493242067505875,1.0350846760003793,1.04273438828094,1.1007279346176897,0.9094046138218973,1.0471485955872148
2.4938041312582997,0.8942220669465648,1.052457818239549,0.14249243131087364,1.708513934583514,0.0,0.0,0.0,0.0,0.0,1.393661098927576,1.7761207092080586,2.095714572759407,1.5941568443607448,1.527043195331298,1.0792929334647097,1.1473493060617996,0.9796164872379398,0.9318471068415346,1.2913818276499223
4.566392684813822,0.9774138019380955,1.6837135660088118,0.9129355026259747,1.1342642798689262,0.0,0.0,0.0,0.0,0.0,1.2026015855796468,1.6624402443436486,1.9288349684541275,1.3630316434167462,1.7529528891665604,1.341208558180471,1.197557791822425,1.073871868151117,0.8252070511730116,1.0152146121161432
1.7646819219553684,0.5805159830069501,0.8576265677693182,0.15146284278496233,1.5783720609721084,0.0,0.0,0.0,0.0,0.0,1.3070028184095106,1.5834693002765292,1.6331709634507534,1.553745935417712,1.2541455149702714,0.6995367849131692,1.1733413912715047,1.1821377732649347,1.0742809036710321,1.563092614642667
5.653518680749238,3.877781359730038,1.899109661581847,0.38584012110664184,0.5082191097159601,0.0,0.0,0.0,0.0,0.0,1.732986581519792,1.776513355877213,1.760077200181426,1.5685014026932416,1.0442132124569539,0.8669054440810909,0.9037973264467416,0.9593071115503987,1.0337697714278449,1.7599109580668577
3.8730210272760495,0.9804019738948897,2.026551264136566,0.9659686234247656,1.9657270892185565,0.0,0.0,0.0,0.0,0.0,1.9307226862191256,1.6725414951151707,1.5666921779549392,1.2576874961086257,0.8577295649663608,1.0363647315594893,0.8901935552076646,1.1610603171660663,1.2887624010940997,2.105838474611932
1.082291562115942,0.6379333496054396,0.3643323239145781,0.7030460970985328,1.1250530853624767,0.0,0.0,0.0,0.0,0.0,1.7435523718524009,1.743161885209092,1.204871770677618,0.5098393835471801,0.7737851701622259,0.8681474111964711,0.8801006590121367,1.355923634129293,1.8931301894860098,1.2646394682535864
1.720012754664106,1.0032497224421049,0.5385133853321358,0.3032074373482966,1.6717710254984879,0.0,0.0,0.0,0.0,0.0,1.6706255014476907,1.7593501706779449,1.7240733631566345,1.5502169648873902,1.4638528309644268,0.8099873278458172,0.9134117994559474,0.9239305211865453,1.1652926509521744,1.118039194363361
0.5583232579507609,0.5745681031900404,0.5214331038780811,0.3421224251964994,0.37628070648684553,0.0,0.0,0.0,0.0,0.0,1.8676893629894953,1.5895326654024347,1.5730874868778417,1.628542020988882,2.024329799149853,0.9665163343953287,0.7927707537849931,0.9252028642046136,1.022940064180684,0.9669843498861964
2.137695969972694,1.1234701356040797,0.46091521969466187,0.3327480694812678,1.5165826567944625,0.0,0.0,0.0,0.0,0.0,1.5259051767734528,1.535230614127883,1.6069499675494363,0.4972913311472466,1.0535726419975655,0.7380647640355139,1.1107786918536804,1.2635753522623008,3.196456607404227,1.8698425908054006
4.6119638248946595,1.234939134651043,0.911011228832856,1.37550030797264,1.8790316267563838,0.0,0.0,0.0,0.0,0.0,1.5741883571963426,1.846311481424054,1.6172032580036606,1.878409286918341,1.8114116116477499,1.0777988473835312,0.9452983793253025,0.9249888155844035,0.9589511547699274,0.9225162268884598
1.6168618325883017,0.5014943417898376,0.5382254923580726,0.6597673286073089,0.4673582600967901,0.0,0.0,0.0,0.0,0.0,0.6519565653140333,1.3966596282950243,1.3346909627999357,1.6416082954158437,1.9201457947272127,2.1809063999573257,0.8255024064218753,0.5440740571763258,0.9864715297663429,0.9754140604504392
5.073526619254865,2.5634237415058587,1.1832733808996763,1.4987904830548846,2.4916968685051373,0.0,0.0,0.0,0.0,0.0,1.712907142156308,1.7492449670575423,0.9280250962065569,1.3513030594465616,2.053590356495834,1.1252283090839377,1.18272124538568,1.9806127068380437,1.5487859025065258,0.9867696751378671
3.1479395308245386,1.157996848626662,0.9023079048625069,0.431250463859723,0.48340296567836216,0.0,0.0,0.0,0.0,0.0,1.2931407210226729,1.805168383284243,1.9229381889458703,1.1144423995638937,1.766436999776469,1.2183219199519164,1.0537075241638474,1.086286019202423,1.6183136384998504,0.8437610673644269
1.3154148830849273,0.5120411383855942,0.5857856657395931,0.32664989933878,0.9083067453160826,0.0,0.0,0.0,0.0,0.0,1.7280153698004939,0.9585939799562545,1.6805261847965764,1.661536070783118,1.5400064991993692,1.1484421681455432,1.4821054601681614,1.2190284202957733,1.1009667985821368,1.0354222772060486
1.623740307414415,0.7003795868669589,0.8162034874941329,0.30020188373627044,0.6463779736591292,0.0,0.0,0.0,0.0,0.0,1.6037329673148724,1.6957965030751085,1.816346897240818,1.5835844636415632,2.0063469198005452,0.9581257732775836,1.0973186074851133,1.1275184748662657,0.7538260408616902,1.0235090407648966
0.5549236339983018,0.8777008129735627,1.05063346747582,1.0006115204213195,0.8027592540492755,0.0,0.0,0.0,0.0,0.0,1.639643279495311,1.5205331280857475,1.2990542823570517,1.5418008292593737,1.4638193032247209,0.9990038575893428,0.8768437692466602,1.0404911401324872,1.0286688103004444,1.005589053648622
3.5878001227516174,1.496870212800795,0.5539487082417205,1.4530067904426558,4.299974731402131,0.0,0.0,0.0,0.0,0.0,1.6229130189889687,1.9220163253366525,1.4926482581361205,1.8689216383506728,1.97319153126861,0.8823190908890947,0.9663651677603604,1.24410909839518,0.9626484986834275,0.9795370237948265
2.1265447925797223,0.9726911726269496,0.22152428391198095,1.178146958961923,2.3312325591955316,0.0,0.0,0.0,0.0,0.0,1.8286397334784128,1.677614992799014,1.8931724414586766,1.7893755078435423,1.59418624957554,0.881647142060934,0.9937549418667225,1.0229901495168683,1.0062557839909287,1.059673165606523
1.8958941479469,1.0252196306942811,1.4293553954284595,1.3107494654035465,0.9092839140656684,0.0,0.0,0.0,0.0,0.0,0.517222869680789,1.0451089858981377,1.2464024521010415,0.9334616326456677,1.4437056309137488,2.7382976655125684,1.6262437033210233,1.2103636707663117,1.3583673795072895,1.095787743655871
4.971417598610261,2.397442748842167,2.277068272466697,0.3760914483127156,0.7331055879380857,0.0,0.0,0.0,0.0,0.0,1.4776843154775055,1.797129120683379,1.6243191587183212,2.104689012896976,1.5975055180407691,0.8189394417842649,0.9551334505726458,1.1796262526898245,0.9770969602077734,0.9158448082117274
0.3763507895398104,0.6983016218391496,0.3719862423765674,0.3601226880446994,0.3375117957124829,0.0,0.0,0.0,0.0,0.0,0.8830720311439713,0.6204428394243819,0.7273352287687985,1.5449475075791483,1.215908417792392,1.7959296434083172,2.1206740684931993,0.9249201379358051,1.198754967428303,1.1734284096918488
0.8492280286346992,0.19989404805141692,0.6554765532133862,0.0491043038977023,0.49079245696454565,0.0,0.0,0.0,0.0,0.0,1.6367026554172073,1.2084140141580395,1.8538114615687475,1.6766590289924985,1.7756110485516006,1.2063699119582683,1.6994306160169117,1.116817963327695,0.9608383146683803,1.095288488818434
0.43760640454899946,0.21952797944054195,0.15612309522015483,0.10056764317334803,0.2130064443591521,0.0,0.0,0.0,0.0,0.0,1.589260713301535,1.7011991441741485,1.6607175389386162,1.9597920204714223,1.6315750504087025,0.9168563872365361,1.1225593975043044,1.2389771019312563,0.935236028422479,1.2492214410041826
0.3726628949047574,0.12134311366011033,0.12545870872941003,0.10131434511275109,0.06387525632120869,0.0,0.0,0.0,0.0,0.0,1.5071070664686725,1.4918971888473698,2.032398149290702,1.6620358565531628,1.1892243039304022,1.1043946760741865,0.9633838772588661,1.0294051104087947,1.1445639632235762,0.10893170738413388
13.79059150449893,4.155111753644645,4.916644253717118,4.437508942972162,7.193376809217052,0.0,0.0,0.0,0.0,0.0,1.7680628683199386,1.9204952597968485,1.3740574059157682,1.6416290735945913,1.6246491714111821,1.0213075378264829,0.9118616808598666,0.5057422694113052,1.2731303349848864,1.1928862613240967
2.0625596075887866,0.8660694261646287,0.9796260970858924,0.8346522276974145,1.6974640599560016,0.0,0.0,0.0,0.0,0.0,1.8033999748519587,1.826759762200402,1.4018119218991596,1.4739816233638159,1.5528666669180535,0.9783502321813558,0.9741066300485292,0.6036427027040199,1.371105040767693,1.304022068391308
0.3824421973360067,0.25823172212008794,0.4287077954404812,0.6016753393080185,0.5834802532784451,0.0,0.0,0.0,0.0,0.0,1.9451770108939792,1.4568169681163987,1.2293306400292385,1.1884196079465945,1.1259337125182434,0.9725485529151944,1.159739499164161,0.25520472125600097,1.298316919295371,1.7698538157365749
0.5626888400392016,0.641403545839891,0.935222200413523,0.983628969817732,0.7768334089699837,0.0,0.0,0.0,0.0,0.0,1.8927078460056574,1.0682376076615276,1.0947289652119978,1.4411735543701532,1.3684974752187937,0.9609248930695445,1.463952596343763,0.6184426366200483,1.2747207603637496,1.4422454207699296
2.4102844638361667,0.8000473361710201,0.2031257954118794,1.181453907082498,2.2398478741953234,0.0,0.0,0.0,0.0,0.0,1.7532238689115733,1.8172753285945988,1.3735350669709159,1.3170705831711993,1.3798453232101462,1.0316514265544061,0.9511313622163476,0.564639332739606,1.3803478029238563,1.3453070074779903
2.167601371203832,3.2087465222332567,1.4113843358682545,1.055707914123,1.3216387133142968,0.0,0.0,0.0,0.0,0.0,1.5372579585726427,0.9804154480986875,1.203874760727348,1.2166080324465434,0.6516072275687691,0.8779239517265036,1.6173995723290435,0.5674076441170729,0.2719548622285089,3.07712477741109
1.5623224566713225,1.1454796085093102,2.9708870164024264,2.483089331544339,1.5966719282535211,0.0,0.0,0.0,0.0,0.0,2.0228033304825552,1.1759245254285502,1.1343045263096487,1.328110261712264,1.3348645318008672,0.9443400166503283,1.338446907349716,1.6287677311527538,1.247011390244316,0.15148426297855372
1.6910757500176044,2.419882356621505,1.941069335378002,1.6748571415365703,1.0185313990804634,0.0,0.0,0.0,0.0,0.0,1.8816003315576142,1.3538665226321627,1.2656488300083777,1.88120673534569,1.5804426900316044,0.9639436312030307,1.0562306589057298,1.2664682653598311,1.0516717399926967,1.0727740779688877
0.2204686147435999,0.1676797020654025,0.17105847994863757,0.11421133002887407,0.07483293212598663,0.0,0.0,0.0,0.0,0.0,1.671681677446949,1.6332218981800999,1.3677195818000243,1.7631101693802367,1.3270748847544465,0.9805919314934077,0.9820114714045478,0.8471696953387892,1.002941489959949,1.3029923388705251
1.2499483733970116,0.35094860862444105,0.27486660787981015,0.4402295726008892,1.0013912453487968,0.0,0.0,0.0,0.0,0.0,1.80064904765512,1.5749652835364345,1.3614143738958648,1.9504760368525769,1.6450743717162406,1.0044669140101201,1.0765622545149252,1.070022643846931,0.9980760888884489,0.9761586263596854
0.5146911727840202,0.15475393220764735,0.48433778847543507,0.2137339933863578,0.5080876497804259,0.0,0.0,0.0,0.0,0.0,1.3811577491289153,1.461512132555929,1.216815170063932,2.071376866247608,1.9066272484988847,0.9261552709913591,1.366968572641153,1.0121924634892627,1.0049648947777103,0.9803463702702273
0.6675705854369828,0.6499039685426595,0.5443168520399555,0.8080190395928197,1.28596797958113,0.0,0.0,0.0,0.0,0.0,0.945897941154661,1.0080209166937748,1.3325147642534771,1.2447233195889302,1.2919434556198899,1.2191971142227631,0.6213409124435788,0.6105072623081192,1.3233974638737407,1.4184660115586623
0.9868932874464086,0.6715085991388834,0.8070784692772065,0.7621475246858415,0.9235260675380174,0.0,0.0,0.0,0.0,0.0,1.3503378536805744,1.3282089618306492,0.7996373021486306,1.7885554187761323,1.9281523063583133,0.9351463633602001,1.4260530269336638,2.103275239619055,1.0710877351597459,0.9368469331715774
1.2202336039815198,0.38528771737797934,0.5335888414229212,0.9884347095980491,0.7701252753820189,0.0,0.0,0.0,0.0,0.0,2.0167006353649612,1.6114952393261772,1.7275561248941014,1.378212629730138,1.468766726925249,0.9637286871414668,0.8784765440551701,1.1634615501968966,1.2751517317598868,0.9718790744794552
0.6060975125029311,0.6576266725544573,0.6106117790785305,0.6897191734889427,0.41618345395043727,0.0,0.0,0.0,0.0,0.0,2.088991063358959,1.4444938488128105,1.4994799064029745,1.3756067201799114,0.36368369804267525,0.9545164406665925,1.1432871336423311,1.0608716903772866,0.597233261539199,1.2086499575914396
0.17689438287111464,0.13659320991162996,0.43406917819834384,0.19703947132996613,0.34848478744703193,0.0,0.0,0.0,0.0,0.0,1.800035235789144,0.40607373297585664,1.3491677028732882,1.400930470076373,1.0166014771037815,1.1158415004597704,3.2189785126853496,1.1260629293118107,1.0860335459747186,1.6640554962117702
0.3065452281422393,0.47789695345849276,0.26892252001348194,0.6040342524541552,0.20877664965795648,0.0,0.0,0.0,0.0,0.0,1.6689760068063046,1.7224425582522238,1.6646708861801391,1.7970143812147974,1.3448654150870891,0.8745688543443398,0.9696350351712257,0.9495024402194933,1.0152287703626692,0.9495944435830072
5.087174889429141,1.9213633980418703,5.873727161740688,6.985130422225678,6.075913224635068,0.0,0.0,0.0,0.0,0.0,0.8198170408224111,1.0901842500401133,1.2433227648131266,1.4170888066729066,1.5523247133607867,2.225078746560729,0.722529026876934,1.3968403985303983,0.9275997161497614,0.709335830146349
0.2312339544140206,0.2469136639073474,0.11544681003491661,0.35072631935688275,0.15204284809360083,0.0,0.0,0.0,0.0,0.0,0.9157678297601938,1.3746685601347721,0.41583083094562284,0.6873450776478239,1.5819472962595709,1.7004740759295636,0.46706877946377673,3.8177914869790737,2.086453024133409,0.7231659156757198
0.5223305589793072,0.33962981011341475,0.2036160964767606,0.17852148708499013,0.5658258167414886,0.0,0.0,0.0,0.0,0.0,1.8001120357195506,1.2060969495318405,1.050341847081287,1.8818823691708917,1.841896718512309,1.1571187514495413,1.5827893194669291,1.4933451173912866,1.043181845771566,1.0016761627037496
0.604112521582314,0.5197053182781589,0.5028662069676825,0.802521528058158,0.5839954030697488,0.0,0.0,0.0,0.0,0.0,2.058218903310502,1.2927126447035167,1.4507868343098795,1.3327256557779645,1.2850221220216194,0.9618154877406996,1.3175894858040236,1.2143423753288392,0.6528379280917331,0.8513301769275443
2.8615445937156982,3.5616977051605234,3.08359576677796,2.0913316521925607,1.8459346452512282,0.0,0.0,0.0,0.0,0.0,0.9288903220934274,0.6570974229916998,0.897204026300931,1.3960937383468481,1.5472973026066015,0.32008421273912885,1.777618712740371,1.487138195039375,0.680166802043568,0.8535268436624088
0.2391595010107992,0.3005105897852841,0.22157938097991708,0.8135272396778153,0.42234482925091027,0.0,0.0,0.0,0.0,0.0,1.860661063340841,0.7348224600494873,1.5805236539536296,1.3398388596935407,1.2615118368148877,1.084918711319151,1.9191442430189227,1.108013048279994,0.8657808370001693,0.872348939121745
0.47467365615716905,0.12758931751600583,0.041664527835410754,0.03382819345746936,0.262400656572876,0.0,0.0,0.0,0.0,0.0,1.4220460672208886,1.6483790618672145,1.7193973745229907,1.2971694561483866,0.7375611154279383,1.0627548293164206,1.0713726081824801,1.0093809657952766,1.260815034585256,2.1877260165093553
0.9096774574519799,0.9270290542567086,1.286638267040153,1.7363814286601325,0.19052824754017164,0.0,0.0,0.0,0.0,0.0,2.0912571359907677,1.1546464563438867,1.542164516580496,1.2951601693229005,0.9432670206974989,0.9969053022277253,1.4189778072747914,1.127003702766467,0.6588078957590168,1.231411745453744
2.060540023616938,2.16735592916283,1.951607445839155,4.666286475146566,0.4161834993034925,0.0,0.0,0.0,0.0,0.0,1.9696061788896262,1.0555790525506241,1.80742167151151,1.1857364328730475,1.104727909153751,1.0026986019378932,1.1023044375103446,1.0665458357772986,0.9036626772735913,1.0528105154411724
0.40130156899901637,0.13477394362111686,0.03616960392034008,0.2620704901624612,0.21414575909918243,0.0,0.0,0.0,0.0,0.0,1.2861862424261636,1.3101991751901663,0.5161317290552657,1.1113129169448897,1.2901267110968757,1.341561999509311,1.2720763085055022,3.7515438807322914,1.665701757560981,1.5859326230736346
0.9994711515874368,0.2666154124725927,0.717322198959556,1.0343219085630886,0.9234936501582643,0.0,0.0,0.0,0.0,0.0,1.668705178397217,1.2723872221466668,1.551621450829661,1.4566814586224022,1.334341688148554,1.2518350168229724,1.370136230831401,1.1872771995746472,1.0691023011708123,0.7589079991675136
0.11180276902946365,0.14224825833846735,0.2981331133823888,0.22434834428345085,0.11064416018410714,0.0,0.0,0.0,0.0,0.0,0.6977693878093918,0.7048928906656551,0.9829228276012424,1.2206337627930863,1.5000930692288905,2.9252939379834313,0.8741192808167807,1.4577046409408614,1.0716882173697408,0.8861404282434121
0.9041800265887859,0.5222442274391452,0.5587751779169805,0.8578041491628146,0.609664622741246,0.0,0.0,0.0,0.0,0.0,0.9400439466763852,1.4698055550248252,0.995007617646678,0.48424226899293116,1.2567902893388532,1.234520696971984,0.6445698154886923,1.6260357494936597,2.6439668404141514,0.48782279996576255
0.18009958140544505,0.3927137671469688,0.3508012276071376,0.7193178096628075,0.5489629266939413,0.0,0.0,0.0,0.0,0.0,1.1044613659274427,0.23351438049769294,1.2066730111832507,1.431040435691763,1.7071953034944194,1.4573266088346897,8.433959998010872,0.9238576630620303,0.6838077815164316,0.8921101645386662
0.11334119368376339,0.4793501183551282,0.12087969289746577,0.6240139791871621,0.23543585486876722,0.0,0.0,0.0,0.0,0.0,0.994591551680418,0.8199801561789872,1.5603353598952345,1.0619178221245158,1.8363952638873642,1.7818656402485553,0.30465001243855117,0.9928302558092281,1.248106073093469,0.9031743773290272
4.731524453352263,8.501405511997513,6.712123736542182,10.55678472560933,18.339254552380698,0.0,0.0,0.0,0.0,0.0,1.7378270935103184,0.37082031871936,0.9838235788260489,1.7654805082954095,1.7446067741915694,1.100508447479942,4.495397876355286,1.828784602061128,0.9350461809310999,0.8487734939986522
1.37243614352307,2.9343959175510386,2.5540516964083784,2.9258636535438365,4.818907337384549,0.0,0.0,0.0,0.0,0.0,1.5417233251070364,0.6546332682697997,1.1612222515546,1.7022826993218363,1.605087682410552,1.1594675637480927,2.462688613494936,1.6145577586101254,0.8739775582314128,0.7647233655424112
0.09563811233852082,0.4199308834756543,0.27796462078309914,0.3973564468651792,0.9451214250493669,0.0,0.0,0.0,0.0,0.0,2.0407616391262935,0.9778394122291009,1.0570565713301852,1.7501719659917663,1.6086583198671596,1.0023154607650802,1.4207064270036571,0.9930739138109252,0.9781599267283071,1.0771949497734001
1.088441145283455,1.1243946384470291,0.6323900979596601,0.9638126746732743,2.46883864087322,0.0,0.0,0.0,0.0,0.0,1.4958514837556975,1.6407047246538842,1.540858706947805,1.5647885504596393,1.8934312560427815,0.7594451690043266,1.0475358612149595,1.0481256575912357,1.055983350862407,0.9922604080699177
6.937034966623971,6.790517619883053,5.2029016282437315,4.321747049138852,4.0392718863130845,0.0,0.0,0.0,0.0,0.0,1.7747470152791336,1.6274600004025879,1.6034613498903947,1.5171802833137076,1.2097335423456852,0.9177787919280576,1.0425460682695722,0.957462205630734,0.791792881438258,1.0292271030652038
1.0950043220630044,0.4329833128234778,1.1707365713900526,0.9668920277559053,0.943030228817357,0.0,0.0,0.0,0.0,0.0,1.5527011460011912,0.41799057585240623,1.5230788094518173,1.8483281788888581,1.7399141039200638,1.2120843374656327,4.379165400062309,1.3808316860299465,1.0216290856356742,0.9182205279934906
5.506653464077425,5.076235962171895,3.7614154105835085,4.524080366409096,5.0709098807936615,0.0,0.0,0.0,0.0,0.0,1.9763785753210301,1.7604202063623735,1.528544772460665,1.4181588862050696,1.5235660486261755,0.9610387687453955,1.0735846283066992,0.9553270319583353,0.7323504314244833,1.078032593442034
1.6488673777827347,0.2926944371386854,0.46920850304110917,0.4959138712754928,0.7326301108852198,0.0,0.0,0.0,0.0,0.0,0.7258099534670619,1.6448794105256945,1.8585986682366264,0.9069211899678462,1.992861618592147,2.8739337935376073,0.863180767828843,1.0301127924590985,1.8656375138854342,1.0295469558496124
3.4255117599247233,2.8134293128243533,2.4003679424596367,0.8551592982503022,1.0653624402085686,0.0,0.0,0.0,0.0,0.0,1.4655659825491323,1.2151734565615073,1.4805360957495748,1.7514409895399803,1.1494091848918888,0.8398660445560836,1.1548216312913706,1.247333687640155,0.976569970931923,1.4255057270935954
1.6044055462330138,0.7469236257867522,0.5398856074781484,1.2896819116859237,0.33770467626164236,0.0,0.0,0.0,0.0,0.0,0.8633084634156495,1.3395794212067316,1.0694930113225047,0.5808571383982213,1.6148120801369843,1.8611217281001489,0.2917992136899347,0.6804153639335939,2.9133079650256324,1.0551502984049823
0.3004711677172527,0.29713166721775197,0.1486348033405343,0.21570334300719582,0.6415478471532742,0.0,0.0,0.0,0.0,0.0,0.7782620127666812,1.4896539269221403,1.9093047961707708,1.3047184805846304,2.0757040307483647,1.5845784611806981,1.082422302500629,1.0700805618354967,1.067964699158167,0.9863895628336257
0.43358306041670386,0.25892710850705275,0.03066299837060152,0.502671275334944,0.45651877676252006,0.0,0.0,0.0,0.0,0.0,1.7956078246994085,1.6739536724411728,1.750751572645897,1.5168382611383309,1.921135932321712,0.9269688428359574,0.9642535471926748,0.934153602402887,1.0994789485918524,0.9576834078994969
0.5609028997335166,0.9183392178913466,1.4678197462049776,1.3666480411964645,1.5973006760892319,0.0,0.0,0.0,0.0,0.0,0.8636379145138698,0.8609887075186377,0.834408857926218,1.2566686155554696,1.5206734311030594,1.3887394991350162,0.6165215105246168,1.0403303730976488,0.9369836840311732,0.8537664801564916
0.24297236072659226,0.3080887112559721,0.1838632244121256,0.5612720720947385,1.1150007456717386,0.0,0.0,0.0,0.0,0.0,1.6588104938327701,1.4648881754929044,0.8634333225667017,1.801598791727968,1.8711174819992455,1.129652418204545,1.0632958271813102,0.8474506573610335,0.9750002799936963,0.9221373444945125
0.6717275028364674,0.19991740040223066,0.10018097964339143,0.33302473604600286,0.14572013477093498,0.0,0.0,0.0,0.0,0.0,0.46591774629451777,1.3730934319843346,0.5612332299043045,0.6286631736969683,1.5589373146818615,2.2117264664766223,0.2635232253790928,2.815927502445308,2.6972145762753272,0.9672766110769456
0.4720922330085874,0.6131636436707543,0.7096236055188504,0.15787067714920267,0.5071876251660663,0.0,0.0,0.0,0.0,0.0,1.8765812593288502,1.0278963631689921,1.3824087502762392,1.7285893290584595,1.6846259907214904,1.0685351890877868,1.6406650153346976,1.4132781495057154,0.9446743033465611,0.9729275456002543
0.6368393689338153,0.40817700676030755,0.31282966214900376,0.26430626496910864,0.2956272095607222,0.0,0.0,0.0,0.0,0.0,1.2707299863002686,1.175475373720977,1.1847882127432716,0.6909287410057559,0.593384397684227,0.8998363966402428,0.9862062169133807,1.4336568855795027,2.642881874603625,3.4156016854434132
0.9565649569092709,0.3009388240501304,0.6360469153050134,0.9184200582009584,1.0493719718341175,0.0,0.0,0.0,0.0,0.0,1.3255848145950682,1.5934081226448673,1.6928582311190208,1.7570069217547,1.6943594990652238,0.6168469638898202,0.9073757871138715,0.9986599863123234,1.1058982061024143,1.228500215953162
0.6359668304068832,0.5486794125161454,0.22458517730086197,0.4803548710481387,0.5102372690445687,0.0,0.0,0.0,0.0,0.0,1.749256259744504,1.9128367562359783,1.5215487439895237,1.5464771914911029,1.2746635363032515,1.1257503685017154,0.9437402891205645,1.246150228544624,0.7904143077771894,1.3110189575998787
1.060947749692549,0.5950307005300705,0.19956574966065058,0.6451531368189755,0.678894500990402,0.0,0.0,0.0,0.0,0.0,1.130392026037744,1.5454029121357697,1.018700243570812,1.3550480632620678,1.2171746701963406,1.5314898882540604,1.2845409226776587,1.5761076707823953,1.3759230521629504,1.0268077146303916
0.14767752328934738,0.09455123851860543,0.04267491806005123,0.3343263575087955,0.34967017451105553,0.0,0.0,0.0,0.0,0.0,1.4126016917750035,1.2848117503020324,1.648917399891614,1.269196125065049,1.6679644036097738,1.1342588308080424,0.28433391476769043,1.0135341737726056,1.0883156701771395,0.8553626618595477
0.3436953674015922,0.15338390972871413,0.42004235459631334,0.18348575423030042,0.4190179017417571,0.0,0.0,0.0,0.0,0.0,1.9609324593843478,1.4139915813984003,1.9214714488207574,1.485830201154371,1.770521646961393,1.0484758696825356,1.025074519510671,0.9790916070186166,1.216959672679744,0.9197063116911094
0.2020342526859294,0.17985900107345387,0.0603703194688859,0.21128463682634674,0.032577420895476814,0.0,0.0,0.0,0.0,0.0,1.085243189490087,1.730468813933671,1.1628241285224055,1.6362683395214446,1.398088270754454,0.7863209012654836,1.0006086513080013,0.9557835210379547,1.1171198574122307,1.015521325045605
0.39929907410829774,0.21851124201155825,0.34028714708482716,0.2881369346917767,0.523887064315608,0.0,0.0,0.0,0.0,0.0,1.0647049098939037,1.25464969896504,1.727269649860412,0.7076754970037084,1.8300512040999113,1.8116570576345792,1.41356263224148,1.1285026930408522,1.4374063017387413,1.0302078630132279
2.010180656956231,1.0751610720150069,1.168589770042872,1.089567426376465,0.4549238228290868,0.0,0.0,0.0,0.0,0.0,0.7652203019685967,1.2131252200628417,0.6706695706901024,0.5244184812302864,1.3556290506553839,1.5302324559188774,0.28358116064748856,2.201443296542807,3.2352666983963547,0.46498910093380225
1.868450716099088,0.778349496823496,1.030828349155167,0.38223281033650475,0.8512816802278783,0.0,0.0,0.0,0.0,0.0,1.9305846483061535,1.3881386835421317,1.3170825492644493,1.8154966607881118,1.3658158934653317,0.9573197342898127,0.7633841962903593,1.2353646173847015,1.0903183021334042,0.6379172042759367
0.9036290604698314,0.4544658556990214,0.48874627923967306,0.5838489198210889,0.2613910309892392,0.0,0.0,0.0,0.0,0.0,1.702748643573499,1.414127035022177,1.4695091531199893,1.7373994815708422,1.538022804480865,1.0916253174219697,0.7678017335496373,1.0982577134735245,1.193741596979265,1.065120068048001
0.1774790438117206,0.27932284841756594,0.08387568876540383,0.5359449389347735,0.46119555862628603,0.0,0.0,0.0,0.0,0.0,1.6990652776240645,1.0902711275551342,1.7791770602047354,1.2702855800465607,1.4490046440648963,0.9783108423455551,0.8185533033061119,0.9454213216456453,0.5653940608658031,0.9491740409423125
0.5061865367210794,0.40319118298923173,0.3276682096487241,0.20943571246701911,0.08222731606030882,0.0,0.0,0.0,0.0,0.0,1.3806224213153417,1.4854480278107698,1.1142040303047807,1.2772837400073112,2.0745284817955585,1.1789324758975643,0.7777027265496828,0.5848053211945654,1.5375697953298644,0.9531896989134636
0.7303069801592295,0.6140379026291942,0.36660849593659817,0.33963082948765316,0.07962088930011431,0.0,0.0,0.0,0.0,0.0,1.6474768644586804,1.4876752169054632,0.7511448032284874,1.3431551841902207,1.7394365178387292,0.9386497979722057,0.8191883471743382,1.954884609729992,1.197668081840787,1.1025596130076958
0.4287813412629379,0.3905030086935827,0.6360489901305979,0.2787168344687643,0.6019627635862774,0.0,0.0,0.0,0.0,0.0,0.8907618923279688,1.171804481439732,1.424744572156445,1.604894760970169,1.9087173294079507,1.4513556916186254,1.3681228342812617,1.1941269730365602,0.8973847547484428,1.065242113043276
0.2782990800086741,0.045874286097151815,0.15385322903167958,0.13940546654676625,0.2906320030327628,0.0,0.0,0.0,0.0,0.0,1.235885943813212,1.7475236337798106,1.8686941905860353,1.0250207488374103,1.5037467374335902,1.3870378061754254,1.1821434962473136,0.9701620731710193,0.9433914382290844,0.6552731264408173
0.0,0.0,0.0,0.0,0.0,0.0,0.0,0.0,0.0,0.0,0.0,0.0,0.0,0.0,0.0,0.0,0.0,0.0,0.0,0.0
3.6326029812124987,2.6216665086455064,3.12031463087778,2.557594006319246,2.448827328601132,0.0,0.0,0.0,0.0,0.0,1.9526841422532313,1.5504116667487762,1.8659644854764472,1.2240564604951558,1.316028212938783,0.9330976135557923,0.9366231290507755,0.9550525164158736,0.6848640237488123,1.091145238036848
1.558679704954392,0.34538677282569,1.6108557841180908,0.2693089264093469,1.4249513615261196,0.0,0.0,0.0,0.0,0.0,1.7140180348421439,1.7885137589035756,1.8668980137186035,1.3702718158048082,1.4487409521920247,1.1124347709060933,0.9603530553253328,0.9970246898806808,1.0092865226389982,1.0752303247509076
3.3483698969081686,2.6592070598451203,1.4159245181777813,2.4516301587630376,0.577851344661221,0.0,0.0,0.0,0.0,0.0,1.7464520277643063,1.5649058589698284,1.8869264915171893,0.9696265816525343,1.7353056841906223,0.9380272859112628,0.7805580588320385,0.9936702117301711,0.6874128157989385,0.8516842744149932
0.9435134745020385,0.7101846190842576,0.9979436649659222,0.4411743519053169,0.9136614052873707,0.0,0.0,0.0,0.0,0.0,1.7569145306121325,1.816827215757476,1.5143150730075001,1.6160778634902366,0.5320542316841178,0.9922766454814849,0.9030080868892282,1.1893647955379658,0.9353937958753811,1.3290998797346374
4.280545249510984,2.0639301912152805,1.3347556759392423,0.5030331641722563,1.2288970105469226,0.0,0.0,0.0,0.0,0.0,1.5839628519122106,1.764740051684085,1.0947033342963082,1.6087969544976264,1.8728594315126927,0.8958161445132482,0.9525380435541319,1.6939081894091907,1.0011585144421649,1.0291114042892306
5.201811909937417,2.9725758259445128,1.0982952571940954,0.8801520077194445,1.8313152594465827,0.0,0.0,0.0,0.0,0.0,1.839080025008064,1.8648109629645913,1.685230628547958,1.4388828851482036,2.098200766992195,0.9701317100209083,0.9427754992490321,0.8413735619728379,1.4548353007490638,0.9790801461030881
1.2642518105793206,0.44653605083528813,0.4936224887910698,0.9487128264588114,1.1411597673189342,0.0,0.0,0.0,0.0,0.0,1.5737157535781459,1.8749174564943076,1.4910579450517862,1.923186633730744,1.951003906302904,1.0321098867563356,1.0187104600776868,0.7955520523001133,1.0913384052796122,1.0748967491424968
3.019593623377899,1.8414929214622848,1.1402392632682878,0.1954059105952032,1.654097518905806,0.0,0.0,0.0,0.0,0.0,1.8000520672635738,1.9130514521646473,1.4212552961209313,1.8786610338992709,1.0575061107261385,0.9350009909241472,0.919117147962847,0.9861845065112901,1.0561334018404809,1.6231813065165124
0.5097947284719622,0.3168735332352038,0.3291753714762716,0.42683979768546765,0.0755567711184051,0.0,0.0,0.0,0.0,0.0,1.6618026105456467,1.953024745368714,2.0597217069642033,1.5657072822521978,1.1262007724198297,1.0240389693951388,0.9351010341520342,0.9984722883524872,1.0669453854292175,1.8611735837134469
1.0819348265280482,0.41294105008488086,0.7051114058613965,0.6238609434234168,0.43378125610720353,0.0,0.0,0.0,0.0,0.0,1.8855636156015765,1.3033811685737022,1.6308197639695965,1.6266194912043306,1.6010055729389254,1.055452588265037,0.6785504589111264,1.1428299896313214,1.2510426914051378,0.879864325151244
2.3584187532642735,0.943223040398648,0.2913382147452877,0.03165130711720532,0.5396463163518651,0.0,0.0,0.0,0.0,0.0,1.566440527179734,1.7669356769769093,1.4916993089763761,1.856987003063143,1.7893669387400517,0.9047605171748634,0.9669725714752392,1.2762001434676402,0.944935764148135,0.9602592369105758
1.5378768088937185,0.7229169725288529,0.31423031129484325,0.028175286106886816,0.19604073271138583,0.0,0.0,0.0,0.0,0.0,1.6071618423347325,1.9106693920023834,2.0257783491219215,1.4596641372742252,2.0580881555241506,1.0380591017564205,0.9466898110021967,0.9316337594431787,1.0511741298072148,0.9306100467896962
10.824192521829028,4.902900742038933,9.676555794865738,5.730494307848149,6.595808780700734,0.0,0.0,0.0,0.0,0.0,1.8660057827628818,1.6293846741218982,1.9346691560307727,1.2572663117795995,1.5722390425645247,0.9870324389173317,0.8811524013617833,0.9588154049686087,0.7820965574030416,0.9173054486724546
1.5120055088729756,0.6520332326393328,0.6811185587293769,0.21049150260830274,0.9933957418218853,0.0,0.0,0.0,0.0,0.0,1.7159130095527686,1.9113764754114566,1.58554509619261,1.7644966558680515,2.1010814089373278,0.9802667127478862,0.9758473374945855,1.0094910174317224,1.1327404155232004,0.9533207836338627
0.6245867131515325,0.21743457508774763,0.20562717178191753,0.5312926932628887,0.6995411185160189,0.0,0.0,0.0,0.0,0.0,1.4328351221785958,1.7440293565137686,1.6711224048577777,0.9024337826812461,1.570677538943769,0.9554718031128263,0.8527533298872363,1.177273917280804,1.908461186978503,1.3230993513057763
0.3857010681716787,0.24796083566665042,0.354250822140747,0.05217000818830072,0.3765312030282608,0.0,0.0,0.0,0.0,0.0,1.509210550987027,1.8349846629090227,1.6710032187849646,1.5692906831353068,1.4807577419846125,1.1188408177700553,0.8932508115779152,0.921665952975301,0.7527466328402787,1.2943671875399092
2.7037833895805448,2.852228460197194,3.166758897176817,2.42637791455648,1.0670281037092681,0.0,0.0,0.0,0.0,0.0,1.6219413317139697,1.8737378636379736,1.095626713187198,1.4025669621050612,0.693610076438287,0.9251550775974622,1.035776671272538,1.7868452079810575,1.110022936026762,1.9276892922482969
4.493355971605116,2.732616155171681,3.6821994572852716,1.7896650470052833,3.5649421945035606,0.0,0.0,0.0,0.0,0.0,1.5051710315693756,1.3591388037984347,1.733151513831551,1.427841497984371,1.6138475388669709,0.8718843643643646,1.2265798050859789,0.967560254982462,0.6558002878170421,0.9777260997331327
0.9408875176525688,0.301126853522654,0.9195212064094715,0.40431933797211916,0.3110538128986506,0.0,0.0,0.0,0.0,0.0,1.7607479536381028,1.3886701462068363,1.5255495205116048,1.8418902335153133,1.3387462302983841,1.069188588836255,0.4047125960052559,1.1095368533112944,1.100140401449933,0.6935334728186592
6.520813952675534,2.797523156230441,5.634119786237072,1.1287176972507011,8.699545053141183,0.0,0.0,0.0,0.0,0.0,1.7193742877249694,1.691551453646391,1.8727648805353279,1.1175433376260353,1.6323261259673922,1.0333006197154562,0.9249232103439801,0.9487898239019888,1.4374847097057364,0.9925733026294695
1.0109772241970907,0.46720806389293806,0.2263421493753827,0.4630601689663066,0.919305349315801,0.0,0.0,0.0,0.0,0.0,1.9247674562473318,1.9616852089540964,1.3059795518356407,1.9110864540788879,2.083088078503568,0.9748460027369357,0.9521816159752347,0.46818628693812697,1.1005202964904899,0.9828308591456828
11.726379715762764,5.437630276705326,12.095468516539196,6.980536167520479,5.8672001006015755,0.0,0.0,0.0,0.0,0.0,1.3665360207977943,1.8310927236160663,0.9969659654879188,1.7924202942602163,1.2297902926129118,0.7478218023248508,1.002940517777543,0.9657132793558636,1.1365447376683284,1.4857422488633898
1.5721199218107174,1.7274913142856356,1.2566220037274574,1.9347172018319025,1.2218442978029078,0.0,0.0,0.0,0.0,0.0,1.865205907992425,1.4552259068156548,1.7875644354400209,1.3383967102780003,1.027614504834761,0.9338737233038827,1.0629179685550827,0.9372198332129075,0.4787379196111379,0.9706278531594259
0.41615938402503855,0.13785594602462237,0.13512451072137419,0.3259641518974002,0.23646733116350793,0.0,0.0,0.0,0.0,0.0,1.317589519693146,1.728509473342324,0.9893097112744605,1.684900066163336,1.647555527141323,0.6509819922844063,0.9952535652950756,1.3691234454965935,1.1065986208407512,0.9921438146460417
0.4033846024684795,0.3252922612531695,0.3043563458290294,0.35893700263999617,0.07089967300746197,0.0,0.0,0.0,0.0,0.0,1.0001857704107229,1.4222165620189315,0.9917260505503572,0.5480144871730426,0.7726431973316905,1.6083592441668628,0.474246341723295,0.9702436043838163,3.4581000440119234,2.243953808787059
5.4833212347556755,1.5120778940654045,2.362581067013937,2.8189654211732114,2.028648762352487,0.0,0.0,0.0,0.0,0.0,0.8803927079041404,1.3755117703276947,1.9559784690194935,1.0971605509049984,1.6657764485775077,1.7869893355594917,1.1080231851266862,1.0649026549527048,1.8615817184010635,0.8885304537525357
31.37409110123891,19.65863807700081,5.616308217442866,6.967931438940818,12.944829908987725,0.0,0.0,0.0,0.0,0.0,1.9635377627496617,1.7995173557325324,1.5851215683745152,1.605030120562456,1.7954159556053662,0.9568649461932941,0.9410066953961033,0.843625948332922,1.306344689341453,1.0717680120224333
0.33944516075275855,0.28234834653333124,0.43505897820948636,0.06593668357522287,0.15347496021713386,0.0,0.0,0.0,0.0,0.0,1.654145669477644,1.1635468768598063,1.4649240143552282,1.6931469684939413,1.8869738055736625,0.9576691700039374,1.2370523688223827,1.2101482615279626,0.9161488893596188,0.9403451679720766
1.3186750735309685,1.1721971214160551,0.5195789721460367,1.1666947994302126,0.12606297564044605,0.0,0.0,0.0,0.0,0.0,1.5776959025411494,1.5057043284919565,1.3684430383094826,0.5934569166866531,1.962800714177952,1.0116437723805347,0.6519142704220356,1.2472491033358186,0.5553323352066262,0.9732305003974424
10.680694410299266,6.002550514535814,1.3089282184501936,2.576759425887487,6.609009108356328,0.0,0.0,0.0,0.0,0.0,1.9293834300752735,1.8574277184126489,1.5842625091794722,1.6757837864395206,1.8151106505538919,0.9366850510775824,0.9115429807490485,0.8789024705209886,1.2433442214597898,1.0490251543283957
2.028637846380596,0.9226024908849896,0.6704207133318069,0.7364101753018174,0.662391995043853,0.0,0.0,0.0,0.0,0.0,1.670915661387299,1.5718535336091235,1.8650025953130638,1.0380619285543289,1.6792335747215263,0.9746996207205608,0.877566602850582,0.9379383480339775,0.4255626119773826,0.7956408323901207
0.6015333167939747,0.27006648622479545,0.37512642085496956,0.1371445884587701,0.36946571072428225,0.0,0.0,0.0,0.0,0.0,1.2103541008161944,0.987875718252042,1.7762607622764384,1.3162892419211978,1.7197507685056876,1.3056465168001934,2.1108186756455,1.1008876912943486,0.7503028009293363,0.9288016374802054
2.3812621722503904,1.2047695505296243,2.105050660562804,2.196940200250832,3.8023331550595145,0.0,0.0,0.0,0.0,0.0,1.356794528373888,1.8911958579870347,1.2536877219458205,1.6659843992572458,1.8617202430223494,1.0677653681414259,0.9457631398784044,1.0085380233742043,1.2409889414814264,1.1000192838926985
1.4562776737475176,0.4273386368546519,0.6608690121732971,0.6064907136145881,0.8444565611383901,0.0,0.0,0.0,0.0,0.0,0.9679536149068428,1.32178119348507,1.2645969262161862,1.6480820412925845,1.3699454526456523,1.6129736853512957,1.2426050709454706,1.6318843860859549,1.232139085958018,0.8958866599673352
2.536289715516189,1.7956295019353334,3.0980059045854427,2.6719266609844126,2.109872434129665,0.0,0.0,0.0,0.0,0.0,1.050954160875796,1.4347087957211822,0.9967594882504796,1.1167384394548139,1.8290339062117122,1.6122766900665655,0.8832061616035141,0.8114233009532215,1.7336444691537665,1.0825302029009738
1.5726778316852266,0.5869376649124096,0.40284815650007844,1.0777250639258382,1.0664902096416833,0.0,0.0,0.0,0.0,0.0,1.982438267048844,1.9846765519138472,1.2410371411247547,1.743345771377815,1.913678605762315,1.01439566343097,0.9662684235497753,0.8508472158466484,1.143339281202923,1.0791747582364282
1.064346910542033,0.8309453974197384,0.4743494215895776,0.3594687353456663,0.40833601589836055,0.0,0.0,0.0,0.0,0.0,0.7912673937643542,0.5530060463837841,0.9643497472023062,1.3599966045448635,0.8700958213501715,1.8957447585364608,3.264439569158745,2.058201243921609,1.3002780016747375,1.103791218044545
1.4319806117007636,1.336001658581351,2.583610519572448,1.0621331691053555,0.7239138525601037,0.0,0.0,0.0,0.0,0.0,1.445798113138655,1.3379368286058253,1.1013365480085,0.439244642917215,1.8825167026615135,1.2491030664300364,0.7593808609644026,1.340397443387735,4.487136426968245,1.0299525254979076
0.4819240340847573,0.2632176816456415,0.5218806705886978,0.7664243435250992,1.0193584971890088,0.0,0.0,0.0,0.0,0.0,1.2347871063323113,1.4230689488688366,1.2611341648626426,1.6910223697789317,1.8668450747605734,1.0078387822982933,1.2655576202808139,1.1540220568105168,1.1689063702635658,1.07674852073317
2.0048061803157107,0.7196733891799054,0.65066448578249,1.1756565999218824,1.3019466818208865,0.0,0.0,0.0,0.0,0.0,2.0137741668889317,1.7127136421494138,1.7891186883456758,1.6471812184144543,1.7541576609292415,1.043214741054513,1.029517563866245,1.054249979599645,1.2000677930810744,1.0516306160746545
1.495143697954475,0.4973796959042482,0.688787226993203,0.7412284567938678,0.42620826272137374,0.0,0.0,0.0,0.0,0.0,1.8817124491961528,1.4045497691802515,1.8619174822177313,1.495901894990421,1.522434771152771,1.0769187099055597,0.9484221540758753,1.0714607140411367,0.9389533805933472,1.0189018125746345
3.2421301122662194,0.9235090878157879,1.5125656800268428,1.011962095105114,1.7054377743054985,0.0,0.0,0.0,0.0,0.0,1.1940578814072373,0.7313400370011139,1.472233676502573,1.7363041468278673,1.436000555857793,1.5872387779569928,0.9575193643143137,1.3895327925136622,1.0192708743530072,0.6471674811527354
0.4303013434218257,0.38973294031195344,0.332065403281671,0.48037952995560496,0.10559115482647448,0.0,0.0,0.0,0.0,0.0,1.4433976817876226,1.5585767553445546,1.160800671110338,0.8515433895426134,1.7796810405771095,1.1251290698179088,0.6813018882992927,0.9405896386635527,2.1714246974823115,1.1609896265480821
1.0673213254604748,0.7727239290027536,0.7490294698306995,0.4962625867477155,0.7902702593134693,0.0,0.0,0.0,0.0,0.0,2.0215361483824896,1.6900259263516777,1.7291630006056196,1.3290100319483242,1.0165563604974768,0.9281692386010079,0.9944112593073504,0.9610136576670338,0.6305028766201941,1.3255485066923356
9.503478712402043,6.359508817919766,5.848160241918835,5.65569569771751,4.118826477595729,0.0,0.0,0.0,0.0,0.0,0.4458960634085621,1.3141140917084393,1.0823608951670283,0.8667670594339756,1.5204595187049248,4.251061436821233,0.267541462184369,1.1225572660580057,1.975485625999066,1.171596699148349
0.5378240850999656,0.3474417570903924,0.443707831694325,0.3789285474844964,0.25326626549666276,0.0,0.0,0.0,0.0,0.0,0.970639124253309,1.3512514506836453,1.6696716077945786,1.228048046468363,1.7169067616193152,2.109016751978156,0.9845441447237329,0.9607785435769042,1.301510395067252,0.9614222510231425
0.8720856126062684,0.7651027600348195,0.8571301198239786,0.6548350689215767,0.2686297684701981,0.0,0.0,0.0,0.0,0.0,1.5855284816621877,1.282666189906299,1.4339904522170828,1.0916483789887708,1.359235885123101,1.179608729187084,0.28502566133315754,1.334614381824448,1.6797006760442923,1.3490885194171687
0.6473418775574582,0.1374979514037878,0.04916694545443619,0.30108262567157607,0.5836618213131964,0.0,0.0,0.0,0.0,0.0,1.6746383447465139,1.843521618002003,1.5427089026067464,1.5641527933885382,1.342400703147615,1.006681593075378,0.9216799432492692,0.9784552011875995,1.117657417592329,1.1588448115175323
2.1541248809279456,0.9011400706257906,1.677710948197575,2.0352205319227714,1.6295813791945584,0.0,0.0,0.0,0.0,0.0,1.3920158186656246,1.03317849902928,1.928330550871189,1.869583070601523,1.4541507645628664,1.217026608197557,1.4490800729651732,1.031688602699885,0.9267622751566281,0.8154641866692698
17.30353027602461,10.809823509409885,17.566255454221654,4.665909031649197,16.24689146017314,0.0,0.0,0.0,0.0,0.0,1.1529673573420318,1.3537072872959064,1.5987216142321234,1.0435510398187748,1.801554997922117,1.556969573755648,1.0142483307604722,1.1638779912447925,1.643290338512864,1.1659163145620892
0.8516579554612724,0.4907939064527257,0.6074714000029723,0.6164947035474369,0.5897651657162346,0.0,0.0,0.0,0.0,0.0,0.9586850187841439,1.4089130896623208,1.3608801514347104,1.1810965261921347,1.5105732082769394,1.9265935109414056,0.7644111696206586,1.3198747058647122,1.32098293870772,0.891828323144826
10.9916197270973,6.104822212709203,13.288999016676751,3.158656308572014,12.383690382319879,0.0,0.0,0.0,0.0,0.0,1.2467806247403164,1.732002618933471,1.712637996240154,1.1710515655222484,2.014407148510061,1.496457507404644,1.1381916934089142,1.1731148475964026,1.517410964789954,1.0386237648827168
0.1247364234349786,0.14985647069675173,0.1888485151798533,0.09581815462185153,0.04939039723327836,0.0,0.0,0.0,0.0,0.0,1.0394768790269904,0.7308767879026404,0.8796879109522698,0.9089827244407154,1.3518450933432768,1.75853634428672,1.5871887541205747,1.5116721726146272,1.909994010864406,1.457735509817065
4.77722487655912,2.077772422755378,1.9989974100983445,3.105755893109437,1.1519367202337498,0.0,0.0,0.0,0.0,0.0,0.7011940346603992,1.4657997438144525,1.2966240164222325,0.8902983094177382,1.3306919917688784,1.4709658594290702,0.7519677458250877,1.1345740140458058,1.7646314659558184,0.06857091521809704
6.792019627876433,4.467320965930269,8.878669317087216,4.163311482738458,5.104003638572956,0.0,0.0,0.0,0.0,0.0,0.994783520987887,1.3172967634275121,1.3469879561298579,1.4257480438223915,1.962944110397193,2.0960449404886616,0.7259271491403587,1.05496528707056,1.0158642999018874,1.0208515526279287
0.7454047128946686,0.4025758348095384,0.3370304259660782,0.38394815802801147,0.26781194770405303,0.0,0.0,0.0,0.0,0.0,1.7956801071570898,1.8426251705179142,1.338417276264312,1.2931744692039266,1.9431603184345472,1.063241813424803,0.886393186074238,0.35436839935258213,1.4691599880806716,1.0765362566957828
2.3694791119373235,0.7215962860028245,1.2116744354320814,1.6827355727774553,1.5995088867074565,0.0,0.0,0.0,0.0,0.0,1.1594227187146202,0.9700281982718638,1.7987844441806993,1.7403349638715313,1.3854573713636904,1.338983117079388,1.6913647291135685,0.9870326526463983,0.8468342996060964,0.5368812848873512
5.077000238743075,6.841053786455243,8.780720396199241,4.118487293688496,5.017714989407953,0.0,0.0,0.0,0.0,0.0,0.38991784717730654,1.3150179018758146,1.0687295662532215,1.0897486645213526,2.000964736322584,2.3012127144885053,0.9041725405617865,1.5971773226637618,1.5516979361450118,0.9703757347663746
3.5522255540585115,2.8850647527077657,4.238664340437277,1.703214489939348,0.37895125852932054,0.0,0.0,0.0,0.0,0.0,1.536630934374106,1.2234032852689076,1.062670621012139,0.1345562928683469,1.8249830891786485,1.1585531252742747,0.3502088108180954,1.326370714481713,14.028902923866625,0.9239399886940939
1.6685791049876921,0.48463980377459415,1.1318695424214194,0.4790529081805429,1.4449141120737843,0.0,0.0,0.0,0.0,0.0,1.1260706488805272,1.472493657249664,1.795931212911261,0.7545088994085692,1.6079474650184944,1.4251440964455009,0.947549893557232,0.9999766358106754,1.485677490991583,1.0056028097060672
0.514299848650046,0.4198258063346416,0.37906824364475045,0.2794532706700711,0.18337548783201046,0.0,0.0,0.0,0.0,0.0,0.7910167136534298,0.978782152685848,0.8273440294141092,0.8233985134708919,1.5214356804040066,1.032105775604065,0.6409135652412044,1.1843703444505644,1.5791223008157595,1.1722221398781933
3.5637502029476336,2.4118423427227844,2.806971625470447,2.474954215437287,1.3415748105118124,0.0,0.0,0.0,0.0,0.0,0.6215412459651423,1.1081556393591825,0.6396856553849711,0.5421902373500078,1.1859861699102203,1.3535481261101785,0.06677831653665357,2.0520802792336004,2.624314466783461,0.44279375650509817
0.24877893123205858,0.23637743673813533,0.2297590803772534,0.14047052028255433,0.007789771969137341,0.0,0.0,0.0,0.0,0.0,1.7033865308371317,1.5142024449471314,0.9939510500969837,1.018818391594815,1.1272028335222928,1.0098702107192663,0.713719056861227,1.0126713860464454,1.4137456467592397,0.8440874166888772
1.896706253841766,0.8973782319494441,2.1197670542205627,1.7329316662368683,2.1091142026641156,0.0,0.0,0.0,0.0,0.0,1.395964895679735,1.8646744397936512,1.6632793279921392,1.8794147991134011,2.0847986660135183,1.3232086998425154,1.0739537522066729,1.042308757721207,0.8882867459122326,0.9934207571011469
3.6632403617058102,2.9389298985705334,1.7440005594370782,1.4688202132774444,0.847938550398748,0.0,0.0,0.0,0.0,0.0,1.5550606226506047,1.3918963867839438,1.21572304649319,1.0613656431541327,1.0734334806166475,1.0211159172697617,1.05657593508711,0.6170433494479589,0.8935232418687603,1.5840238079223343
0.5383427904611607,0.5670666193867183,0.23870902662273874,0.35589067906923905,0.49866521831837496,0.0,0.0,0.0,0.0,0.0,1.3210560840584455,1.193091387557348,1.3663874524976123,1.3743428147112158,1.0881990331681375,0.9944504767381517,0.9945291803600277,0.7144291773884034,1.0013647401793644,1.222768309462677
2.6314277089568843,1.7477408881242247,1.2805220108480422,0.6419340062829362,1.1351191759171577,0.0,0.0,0.0,0.0,0.0,1.6159081718104438,1.4337576807371135,1.2456238458807818,1.0904058867547923,1.8343515342802654,1.0007585815186144,0.9722597474995869,0.6105813046616808,1.6463583537893605,0.9364820725343682
3.1900049521664027,2.123359550860713,2.113663416873619,1.0546006257039708,1.6120968631810626,0.0,0.0,0.0,0.0,0.0,1.7304148962102093,1.5609008525479504,1.4290397061729867,0.9106998402156957,1.7834300659031557,0.9496326229957239,1.0072530698618474,0.833113527645135,1.5111677208861078,1.1051529756058662
3.8749844346009716,1.7386109927936553,2.0432315594643358,1.5606789819762175,2.49569583770673,0.0,0.0,0.0,0.0,0.0,1.2001935499683232,1.5991179296531897,1.1527857529163974,1.7008854189567508,1.6947234991603712,0.7282938877331583,1.007518866693884,1.2598239812700052,0.9078472213767456,1.1126515885634725
1.4370012784924495,0.7547123932650021,1.0478494713619295,1.6952515337520342,1.9330191317304422,0.0,0.0,0.0,0.0,0.0,1.0943827252406002,1.2330207307937517,1.4101427542140605,1.628561343771344,1.7484322405562764,1.3493283967283243,0.2600859312510493,1.2630728936202753,1.1266046415456306,0.9048569657671585
1.9297504217360497,0.7777962627036439,0.3589990456375139,0.1606326203413723,0.665164432930533,0.0,0.0,0.0,0.0,0.0,1.4640194226167536,1.8724516375556315,1.8969844738280828,1.716985871889349,1.1116051805307983,1.017693665363231,0.9520972157913965,1.0610267928577337,0.8627786509177378,1.847284579871038
5.001371246975365,4.370329896759862,2.9677568494329325,2.007739034667715,1.7909691721805738,0.0,0.0,0.0,0.0,0.0,1.5150566569948172,1.3081525614053027,1.1921643352599205,0.79108390929264,0.17421693367361507,0.973540128029568,1.0205339026773244,0.7150755280684461,0.6901111125036681,10.607347418319131
0.969148078454787,0.8069391963226697,0.9215148259342552,0.6514126644876284,0.44077583605773507,0.0,0.0,0.0,0.0,0.0,1.3452410699421944,1.2146614387310115,1.5108529959999806,1.375724257950881,1.2646035125789779,1.0980173807693527,0.8924537241991752,1.0083374944114005,1.279408679165461,1.2900125376672882
0.38866845060070454,0.61484161740141,0.25445867758111573,0.3840469618148761,0.2381923503545642,0.0,0.0,0.0,0.0,0.0,1.7539357224041379,1.3543897476390943,1.441453231171582,1.7125645024386726,0.8898818646673465,0.8967343019401098,1.2307698906175808,0.9280731186344734,0.8272364543716512,1.8948139548272018
1.9520112717066063,0.9753252682632236,0.8491942803728378,0.6929372655442546,0.5591842687059645,0.0,0.0,0.0,0.0,0.0,1.4644820170985877,1.6156885783020878,1.6236573655764777,1.5558992115639558,0.9818473516918759,0.7308227565466692,0.8776791630602723,1.212172393706797,1.3545797764565801,1.6301726495908626
0.5549224495033886,0.4956634562917322,0.2754090024904468,0.24384378618216856,0.11079896980650146,0.0,0.0,0.0,0.0,0.0,1.1221729840616554,1.0730820951616344,1.202141770296143,1.5700612941318328,0.5802732975489426,0.5975785724455509,1.3825438925035614,1.2222496916596703,0.9575356188907447,2.7939574246419445
4.262177997040144,2.4584903486413325,1.7401889783859794,1.8275273986336011,2.193093168049137,0.0,0.0,0.0,0.0,0.0,1.524026438858109,1.6294189340008958,1.2667022563435506,1.0302197001983822,2.097421425844913,1.0983335922546793,0.8495066717327154,0.8278360089578661,1.976760681186627,0.9494254417579123
1.9007870095801649,0.6270350963688048,0.30351020353957897,1.852576431879087,2.3517294438242624,0.0,0.0,0.0,0.0,0.0,1.661934988452726,1.6212460586775945,1.3839686935765219,1.73244965490585,2.0627189874523095,1.2347835831960032,1.0839392907393082,1.3338928942836548,1.1499408135611398,0.9396486256703108
0.4694910219371839,0.4412545756753362,0.5867606780208743,0.45299962563229634,0.23221440785133468,0.0,0.0,0.0,0.0,0.0,1.8255766587805409,1.3365805461698503,1.0183872230274646,1.7060142805504035,0.7575826509435138,0.9452711458613788,1.035999138103808,0.9776283351588784,1.197999944278353,2.3510212781265922
0.5130446590491482,0.1913869088035101,0.16621941549642502,0.31756118332429883,0.3134722951405166,0.0,0.0,0.0,0.0,0.0,1.5628878571637705,1.6055905135421007,2.0628325967318597,1.1865783500376499,1.218588560052912,0.9085788432609229,0.811587950015649,0.9684959686559599,1.407714910396831,0.826615683689056
4.465961302916105,5.703746196221067,6.038134284739639,3.582794411269622,3.380897493034091,0.0,0.0,0.0,0.0,0.0,1.772940220790602,1.2024906475919483,1.3554993433107096,1.388343023115401,1.2669458169571914,1.0476348500498773,1.3395127436341687,1.086278878622901,0.5415587125364071,1.618997386110492
0.6280011084583045,1.2068429818384403,1.8820499504197568,0.8421815133258115,1.427218557249011,0.0,0.0,0.0,0.0,0.0,1.770867856967846,1.287902641357245,1.1887862675530063,1.6431547067829606,1.7400685273447434,0.8821709361227102,1.1911591766768403,1.0224180358684962,0.980299897342093,0.9257841888139106
1.2173092156217473,0.35172105435079704,1.0572555408520277,0.007156016266418662,1.0485653824675187,0.0,0.0,0.0,0.0,0.0,1.8716359221132934,1.3565008914931787,1.612178177643612,1.796303980363988,1.525954888028706,1.0935754575317347,1.0978948081130684,1.1495610269512697,1.0483233295023362,1.1186196514781146
0.6129635451571686,2.130473269379449,1.4304037787285426,1.148044754812825,1.1485149600220592,0.0,0.0,0.0,0.0,0.0,1.5615226418420698,0.3112664530590291,1.2949146588066243,1.077807892948302,1.7621207902868556,1.2870609712888887,5.491542461612523,1.2993872091609535,0.9213710986800501,0.924988404511212
0.1882334076461252,0.2981800376423075,0.2713360010460447,0.2001585307730504,0.3707012613640066,0.0,0.0,0.0,0.0,0.0,1.3158943974919335,0.5306366452939772,0.969753079960222,1.59760250669564,1.3004295505447057,0.48693826493218223,3.113422911959251,1.905644170034187,0.7647652501544049,0.7032207597187587
11.386342157142158,8.586617124904723,6.7430621283883,3.7493421592369907,4.454063467617347,0.0,0.0,0.0,0.0,0.0,1.5894517254647937,1.4154605513787546,1.281770637978317,0.7515274378639286,1.5495831641196636,0.9830406970447959,1.0033161778008943,0.7136114567534869,1.6349413674390225,1.2513357643812855
6.151798705027612,5.032797581772323,4.5546558612656725,2.747330494774182,0.8023415309789341,0.0,0.0,0.0,0.0,0.0,0.8971593871659295,0.9977740587768418,0.9905358294262436,1.0287843791073126,1.3601984228395825,1.317094510710717,0.7447423955062833,0.9379575747585228,1.2350610202929606,1.1337150678084282
1.980119143472253,1.4666444548311623,2.2138130084808427,1.3990712955215379,0.5308126156726137,0.0,0.0,0.0,0.0,0.0,1.3747994471484044,1.1058367384072985,1.4322473122578674,1.1731148984780462,1.5741124720942192,1.410840650712608,1.3902213313242742,1.1785113098730398,0.3303956080675694,1.2795835475419386
1.43675816211559,0.7530428952183237,0.36931424162767124,0.17323815052609096,0.9906448762376379,0.0,0.0,0.0,0.0,0.0,1.88782789266164,1.6900815814271095,1.4126010846259618,1.582471249787051,0.9165031659444856,0.9806394489716806,0.9580769753659664,0.810924515008155,0.9185300007180546,1.1781871502602297
19.856599959362892,15.07850909096993,8.607081292974996,11.562913347309642,9.57309485877494,0.0,0.0,0.0,0.0,0.0,1.4109515797122518,1.4325762592422093,1.3251646949786284,1.0462408447341045,0.6091609079062643,0.938838723149896,1.038528047868062,1.022455893377589,1.3414252547436174,2.5255374258203216
10.495631795232997,8.001128148500824,6.013677182217523,3.908596735211866,4.498292611268281,0.0,0.0,0.0,0.0,0.0,1.5269779029988744,1.5737881584372126,1.7323222674694247,1.8521044153228483,1.092054685331574,0.7095069224078079,0.9695377441087002,0.9807615999125671,0.9566213734287283,1.7011777142444702
0.9346904950955548,0.24936199057708958,0.09635291621024548,0.44846553661723776,0.9096821300455978,0.0,0.0,0.0,0.0,0.0,1.3379466907759676,1.8187889911603192,1.1084620868789716,1.6953131987622636,1.9933190185423988,1.408499951512536,1.0885045883376125,1.5786129627692147,1.165213144773223,0.9236581712400949
0.4187317257568128,0.42358355850047713,0.3209170301823775,0.3990507341754029,0.5175793018482128,0.0,0.0,0.0,0.0,0.0,2.0562715503305973,1.8031461729115932,1.8037535862302656,1.7315387964834057,1.4747646629601712,0.957045310557709,0.950979030893467,1.1280120648051992,0.912521645969512,0.8956782773262999
9.791424514758862,5.027290152649889,3.037407309849047,3.4985640672315177,4.1177431349389995,0.0,0.0,0.0,0.0,0.0,1.473394163313521,1.560451006689241,1.8987925455172758,1.8028608480545687,1.0792525880934027,0.7934183477289618,0.8415820059271506,0.9854362544253836,1.1582551337089628,1.8369869009543927
1.2959237199418137,1.121968795028381,1.563299153273188,1.1795855077789474,1.3220573448661797,0.0,0.0,0.0,0.0,0.0,1.608075552922174,1.5241062749404097,1.1116077030645741,1.56104396765766,2.049776204754875,1.066610498309498,1.0310476656812853,0.9035346767628342,1.3262031678308353,1.0164962391860588
0.8097534867351357,0.5985822981836146,2.056034808621734,0.6680305123612944,2.237866981622437,0.0,0.0,0.0,0.0,0.0,1.5478155485786365,1.3506533466293626,1.3777503662348567,1.3880858931864883,1.6736339751189866,0.7594065102333893,1.2359502949097103,1.0103922792055346,0.9585455771985408,1.091694845361195
2.7114033874893098,1.5873215755925094,2.297858309339098,2.067537180239674,1.724822920162883,0.0,0.0,0.0,0.0,0.0,1.3818088707035403,1.589974105734941,1.7854446208621237,1.6229083326637563,1.0409985771306594,0.7588433382008745,0.9376672688927946,1.1187452030347806,1.2267278471158165,0.9998474161127869
2.3890677930332958,1.9697503907646403,1.4450583475984027,1.116127948332807,0.5407179372149974,0.0,0.0,0.0,0.0,0.0,1.7450786887788332,1.7632987864827803,1.7733986369108985,1.0823732618082826,1.1676517258925356,0.9077213841105125,0.8581236471637356,0.9696003200870232,1.592235883225598,1.4476793923671731
5.221636803092353,4.053227878491777,3.204087598374089,2.0181361885713036,2.2764189420762846,0.0,0.0,0.0,0.0,0.0,1.6316562022533523,1.6879506171587848,1.623864555109464,1.3258056432637173,0.8757020607929978,0.8231835232300923,0.9366949466456479,1.087077263926003,1.2464060688065854,0.3060596329853756
1.6301368569940533,1.3770261793654703,0.9742161003819765,0.7842883172463095,1.3491551369238706,0.0,0.0,0.0,0.0,0.0,1.6994992652486742,1.614250111971475,1.446501316789752,1.202634843398414,0.7981694824095955,0.8502749688304504,1.011697919069365,1.1143824198926182,0.6325109981167581,1.4784596397851129
1.9283349201206714,0.8999961401781184,0.12681053082649604,0.3609503710035627,1.510592600111011,0.0,0.0,0.0,0.0,0.0,1.762530260563034,1.8921898559391055,1.699745901833421,1.6940400206091701,1.8328102491563476,0.9471799703609662,0.9449536201782094,1.1857909073726236,1.1414432376470107,1.0771737303100573
4.630156575228288,3.583180081901694,2.8792225475405377,2.157312420574356,1.4417103459595193,0.0,0.0,0.0,0.0,0.0,1.6143846688159988,1.6617112802460927,1.6655792689711935,1.0504615558601127,0.9601125330867544,0.890382606955639,0.8783306638515733,1.0202991767170368,1.6794507354287014,1.8107879338524784
0.27666921050517657,0.09687175184411312,0.24433567616956955,0.09857617138380022,0.21569817301942312,0.0,0.0,0.0,0.0,0.0,2.012240528000865,1.5226102731227362,1.653669680684873,1.0309190571059765,1.228598940278168,1.0011287409488216,0.7291677841559692,1.1277532238297236,1.8433540673215136,1.4491579373755876
1.7715473225810072,1.851961377417263,1.3608491582634596,1.4147919902674242,1.0850293366402266,0.0,0.0,0.0,0.0,0.0,1.5722550670846582,1.3139893254991095,1.434524760507515,1.4501225968069376,1.064898070564699,0.7094550601924413,1.2152700562451713,1.077836779401358,0.4971465950136605,1.2434957323848803
0.25660366722529526,0.18709777301749356,0.22023587484789253,0.25913881485273693,0.16681719001377807,0.0,0.0,0.0,0.0,0.0,1.501109379536285,1.676463170718791,1.7923650227451926,1.2661025416770726,1.6818242076009622,0.9924718918348461,0.8979655658276532,0.9140720861129493,0.7493713750396477,0.8806134807788412
0.1639429024955074,0.22493838423801077,0.22380835378804959,0.34943177524927077,0.7857895910026322,0.0,0.0,0.0,0.0,0.0,1.168089807048145,1.3448740215151163,1.6731662860979033,0.16746800187503924,1.330900562856838,0.8326057508159814,1.2947535076774064,1.0586297664417081,7.116410700968651,0.9144727551447375
0.9868690880441339,0.5385576757874447,0.6487033145541703,0.24151351934679727,0.35093642360251326,0.0,0.0,0.0,0.0,0.0,1.997453196602906,1.5617152524157822,1.2510891644324864,1.2025204028207455,0.8929715897019396,0.9544150971478005,0.8962525733989897,1.0961927857588842,0.9224910742134772,0.79909073917724
2.1751026608111763,1.4889429784383639,1.0510761864171774,1.1475286166795273,1.7016165248116721,0.0,0.0,0.0,0.0,0.0,1.8744231191748904,1.6067721930688041,1.205201611918168,1.208734862392019,0.9020273085323597,0.9306189530229123,0.9923430654768199,1.0144287028581915,1.3558742184273107,1.8985274830304366
2.823199920367924,2.3965138014665848,2.7101486091904277,2.633502909515691,1.913135816611593,0.0,0.0,0.0,0.0,0.0,1.5516683646519163,1.741791297067912,2.0734712906112227,1.9088007929318744,0.8211165502075934,0.8385306701246484,0.9171588038791403,0.9643869612046465,1.0786833139580998,2.116296364595044
2.872144248542331,2.3091250210510785,1.346000931270843,1.167995393907338,1.6988976597300245,0.0,0.0,0.0,0.0,0.0,1.735856063295789,1.7445859085587054,1.700525211936798,0.801809123476594,0.4142308739492719,0.9317425600367627,0.8739554096002496,0.8567934792050061,1.9092973308003853,3.9071458098472154
0.7291731933653248,0.7797538547072476,0.8246151230062232,1.3059616660997104,1.4292255094110415,0.0,0.0,0.0,0.0,0.0,1.4100515790276733,1.4265223498494723,1.3634780985744435,1.2702873230625313,1.0698662686336282,0.9206964993145423,0.9491048838183958,0.9451090435537535,1.2769692675368565,1.3224111382465724
0.45388697423035956,0.28744941821499215,0.2719889627466341,0.2810840803127244,0.40712826024516174,0.0,0.0,0.0,0.0,0.0,1.9394341191136157,1.7879191179413172,1.6210024547841249,1.0444217268541354,0.9871315219974424,1.019697676698163,0.9034803480263348,0.9125480965612425,1.435177001095467,1.1323439522069443
1.6492568893188664,1.1478297319975546,0.8365332780913322,1.534882319087736,1.5413904619347008,0.0,0.0,0.0,0.0,0.0,2.0538560730457758,1.6954894742268574,1.756102600583098,1.3396184957539559,1.17320846494973,0.9330910818961653,0.9947847735463446,0.9724955350362505,0.6989721880559512,1.2010247241453806
8.128722144419061,0.5565676057202499,8.217224041596468,7.636390809706027,0.931926511772215,0.0,0.0,0.0,0.0,0.0,1.9787237204116552,1.670955692667453,1.8681959596844788,1.6614731515136956,1.7760367282482739,1.0613605993502693,0.9729880270403405,1.0883403753941916,1.1509465668302354,0.9142597933840304
0.13148104834789703,0.07352322108134167,0.04025214691521341,0.10404177104176318,0.2898789470954161,0.0,0.0,0.0,0.0,0.0,2.0554278327212145,1.7443041643529837,1.5214529215936732,1.8314378813845833,1.745771075265069,0.9742585632960767,0.9378751592019725,1.077426032020265,0.9631857573873139,0.8494214660855764
4.141584156678366,2.8997566463348967,5.000629152556624,2.437476067019289,4.76511847099693,0.0,0.0,0.0,0.0,0.0,1.8889774408603655,1.7038338014076868,1.852839719877166,1.1936468216881924,1.7368124640615639,0.930600430298888,0.8941738501825487,0.9823853936664122,1.285650567202581,1.0069330154051217
0.6345394824907735,0.3428976009152823,0.08945160853989152,0.04155687958939825,0.3253374158477921,0.0,0.0,0.0,0.0,0.0,1.5674263028368594,1.7252383634483401,1.7539371210894144,1.9272101982331056,1.480389863147571,0.8998850477974211,0.901873078557607,0.9058203198255694,0.9790019245748048,1.0328742143639562
1.6859348400924947,1.3269023192919875,2.03725933577383,1.471812265646697,3.1725636375734316,0.0,0.0,0.0,0.0,0.0,1.4129903292207964,1.7036864921302313,1.7223331696832493,1.8395592136248422,1.2426773821664088,0.5259188071041575,0.9247161155081762,0.9740133517843039,1.1039048728220364,1.4272595789764948
1.0184436401907284,0.05939129756406751,1.136169232820119,1.704262752446042,0.3707825115308549,0.0,0.0,0.0,0.0,0.0,1.8841379498499204,1.2868771778886479,2.0001381933709403,1.7805006514767836,1.7050037973339267,1.101013906564852,0.09471493744270564,1.0525007309350325,1.173971088878067,0.916627096547792
0.9182649979261646,0.18850797883528064,0.2686607861831119,0.21371401919712904,0.35445637801727187,0.0,0.0,0.0,0.0,0.0,1.1707532045290943,1.797617990567631,1.6087923424008967,1.9275976050174377,1.7073156890933936,1.6101750766162435,1.1259912873884068,0.8748221481999653,0.9143930058474169,0.9492688548321637
0.47043218450571656,0.4146157177594538,0.42895079556186105,0.22026555641642798,0.845949378603161,0.0,0.0,0.0,0.0,0.0,1.7095280229324938,1.7593698889519882,1.9314370367295248,0.9762795049076282,1.2152860143288788,0.9697556500386715,1.0431386213781744,1.0376174995507916,1.6602419705751639,1.7207811688586336
11.287045263032672,9.004277880416915,6.559604274414886,5.655608145945592,6.093387043357067,0.0,0.0,0.0,0.0,0.0,1.5687401567398964,1.5350071203831959,1.3368403501072816,0.8889879995377046,0.3532439868586805,0.9145953786816386,0.8800485867499094,0.8792282161463327,0.9392953328382916,2.5984319158737623
6.123644750197975,3.423394256144536,1.9555188062263766,0.3783603546647981,1.0183956203401443,0.0,0.0,0.0,0.0,0.0,1.6691962657482053,1.755835349089792,1.820924250324267,1.2614139191871272,1.390697422100803,0.8917497340796239,0.8754745574737491,0.9215570933858263,1.423335951214524,1.1217374893980365
0.597017511246834,0.5651254194022781,0.16159514034188943,0.23165937964194927,0.5958872397593065,0.0,0.0,0.0,0.0,0.0,1.6281897100011482,1.708353596930176,1.36519046819044,1.5625776084804546,1.0425588243934136,1.0474595892294039,0.9660597331971235,1.2496774788135534,0.8599967770805972,1.8435722081809822
0.09360387961604033,0.06139105648708672,0.05289397938436983,0.04255911391777294,0.15665220655760853,0.0,0.0,0.0,0.0,0.0,1.4942292052025468,1.574469705055407,1.2662011161597697,1.321460808926944,1.30073969480852,0.895134193067435,1.2068024826719737,1.5487632356935095,0.8596648732895178,1.3602353630180235
2.276800508652526,1.534329317518966,2.1767053993187284,0.5572527543382544,1.1513189237621053,0.0,0.0,0.0,0.0,0.0,1.7561420204241194,1.655233957288589,1.5502053429235505,1.0191167914098311,1.6795148164200295,0.9189477401468146,0.8813064767018254,0.9614250958641551,1.5333462821345967,1.0420944787079454
1.2544899620726417,1.302688941652393,1.25906031036196,1.5144681962215158,1.1299852889540833,0.0,0.0,0.0,0.0,0.0,1.5141070772840886,1.6702946607113103,1.6634104903359057,1.3731176040778232,1.1929262859441423,1.0367356029136254,0.8298623244551858,0.8865190320001969,1.1727032339423962,1.0063970646421714
0.5921827900618097,0.8703856199806683,0.47962365107199084,0.5886602175559202,0.735881045464773,0.0,0.0,0.0,0.0,0.0,1.8691279383937027,1.7158999571327616,1.2405038460859494,1.6444621323577988,0.768420177485061,1.057174337624283,0.8731360218241655,1.5586849098078859,0.8557540134092662,1.5518799597332067
3.421404406816636,0.8373981072141667,0.7248999663459307,3.094388455295266,2.465971525421044,0.0,0.0,0.0,0.0,0.0,1.6609419299949164,1.2858766659314074,1.8501030680344064,1.8802063708230556,1.9658154744883927,1.2144818820703538,1.5523502725652967,1.1332793467763829,1.105854423131334,0.996147649792209
4.014957162793815,0.7755743627855031,0.7363251734526516,2.827974490691304,2.8043112788651268,0.0,0.0,0.0,0.0,0.0,1.3582754891347022,1.5541327754574905,1.669655503219796,1.8051845046735997,1.7676573148686465,1.3011969896533497,1.3290905399219355,1.0573138380907314,1.1588420030414621,1.0899502768546314
3.531892176088919,1.4193253175408211,0.6212478559801531,0.9605834287598556,2.337938603694443,0.0,0.0,0.0,0.0,0.0,1.8171948478072828,1.748270095324672,1.7055881197379563,1.8926990378057302,1.8095696654250075,1.0774613525546735,1.0297185638005124,1.0601998794493914,1.0823572891197706,0.9797123476803129
2.0143256713458966,0.5753112681875604,0.32901392324379625,1.288224166107576,1.3137264626420513,0.0,0.0,0.0,0.0,0.0,1.8918121859770314,1.7745241677571084,1.905487508636481,1.779514024764288,1.8414192020344125,1.0815572089752759,1.0236050597035398,1.0734118497285734,1.1111964673295371,1.0086693538205502
3.4655370608073732,1.4303415723646349,0.7424958251381557,0.47013028310068466,1.485357859134145,0.0,0.0,0.0,0.0,0.0,1.6230594254772883,1.5713604585552008,1.5941287398188095,1.644780968079033,1.8980768162207833,1.084921467276474,1.1889299047943587,0.8663500039293023,1.1964304471863372,1.0068362366542079
5.789081911647523,2.1419258167720985,0.4902439938434758,1.786383492413388,4.139426384189841,0.0,0.0,0.0,0.0,0.0,1.832742588629304,1.809555555313743,1.8099326340562811,1.9398762867503823,1.839569086324129,1.0604740679805662,1.0113877306528123,1.0254329736802332,1.0416117685081887,0.9926806829388518
2.09907507576652,0.6486047583073595,0.08070854635939981,0.8897189871831067,1.377042589064385,0.0,0.0,0.0,0.0,0.0,1.6599213776857742,1.698243911700781,1.9059822717898434,1.8911813266866586,1.9616709903083922,1.1827545431764248,1.1344682822133616,1.0057111014158404,1.0730309649844263,0.9596552344223267
1.562063085601975,0.5779824912688132,0.1634393926780126,0.719676866005881,1.150900377091498,0.0,0.0,0.0,0.0,0.0,1.8772756678714388,1.8403452734394667,1.3468059588592647,1.6573567534912017,1.6482188854781712,1.0340301030277204,0.9796074207542644,0.7449480102303087,1.0946176608957001,1.1766526228153409
0.9858911374019362,0.128209519257298,0.5906089755158864,0.5257698976211047,0.48988049635438086,0.0,0.0,0.0,0.0,0.0,1.3831351818173678,1.9229980107243176,1.8880838982456278,1.0559526790246139,1.550364410287509,1.4088077142085127,0.9986674448186253,1.0351718861404389,0.5545002282947903,0.7553373470308311
0.2235317787581101,0.2720221988292436,0.5471544636203243,0.2500470671864647,0.2677798155693329,0.0,0.0,0.0,0.0,0.0,1.5884158675774533,1.2051567324247852,1.3387419165761894,1.0547667931965052,1.6972796230739835,1.069059579611473,0.6522434211404112,1.107057921594092,1.7784833978609962,0.9875504173407865
1.0478735721461292,0.44035844944632424,0.24878275886368195,0.3559861137656463,0.4197027565617737,0.0,0.0,0.0,0.0,0.0,1.9213847779851978,1.8695921111808884,1.4183705176964285,1.6064275025733716,1.3139025511428184,1.01122618539067,0.9478883401218953,0.7731761445801465,1.2107838306620378,1.5512115574832708
0.5400631686174753,0.16568480758524023,0.36091734252250335,0.3066623033083534,0.30504336441890945,0.0,0.0,0.0,0.0,0.0,2.1061949942835407,1.6962212844771407,1.787170093641944,1.754636863440073,1.4773666621236459,0.9908920474489168,1.0033427816144107,1.0827169971548323,1.1415510477661237,1.1779269759763216
8.349745120272672,2.7870501508625156,1.054196582743069,6.429574026923516,7.858873148263962,0.0,0.0,0.0,0.0,0.0,1.8856201807612856,1.5385232939429159,1.5455022544462012,1.8305470615508357,2.0363523953666185,1.0961383780800529,1.1816517304081913,1.3205364235043424,1.089300829126432,0.9780639649800248
0.3816480292918321,0.5810583666660915,0.1916844826734821,0.13163390313662582,0.41460859980195364,0.0,0.0,0.0,0.0,0.0,1.7230364470507071,1.23672444504093,1.6809835555051997,1.6232451471010088,1.8193349478760952,0.9893483990823718,1.356276563395113,1.0591386510547554,1.0432244017460521,0.9844801853824474
0.8584499805495325,0.6940244386138588,0.46683044241125,0.24416777382403096,0.15519579091194863,0.0,0.0,0.0,0.0,0.0,1.6444419700324144,1.0708724773400393,1.3839936164653863,1.4448913622049213,0.5740333254236843,1.0986095921632115,0.795487320329862,1.0200050216562295,1.168657469640403,2.8397598300966123
0.6004359525635313,0.11583592133523113,0.37723984137732364,0.7546074609382203,0.3772079031935952,0.0,0.0,0.0,0.0,0.0,1.3762361121983142,1.3615887706612808,1.7290501828410911,1.7634429776234546,1.9934465665875958,1.2794810915173518,0.8027497219642254,1.0687839301861681,1.1650843829783595,0.9276566385210573
3.4841141699836626,1.2266978817440068,0.8063875420978942,1.8258610304371985,1.5604472725400023,0.0,0.0,0.0,0.0,0.0,1.8018299605155945,1.486515246447317,1.338074522716297,1.7010280666568582,1.7973041330611323,1.135920123673108,1.2747640428422344,1.31936038017699,1.1260839494586885,1.1335759481636283
9.16545282047868,4.206093977604761,7.752658249963635,11.245193677362893,3.988343768152314,0.0,0.0,0.0,0.0,0.0,1.573566739546844,1.3983537502768542,1.804449629558358,1.5476579700702329,1.4896777072061453,1.0918762929996153,0.6262232311585013,1.0971237717197022,1.3469291858924373,1.1039150264624529
0.04539766657000765,0.03138062400539952,0.022386845349603075,0.06729048401781886,0.0400403056004621,0.0,0.0,0.0,0.0,0.0,1.506183927459358,1.508210278587885,1.8814051252631243,1.3827366191547998,1.641322455308796,0.9894406149020605,0.7055502761544961,1.0613172760400622,1.0619350643519507,1.0637415310688474
6.120996269547179,2.202239276645661,4.112677587439363,8.057301558286454,3.61914468983181,0.0,0.0,0.0,0.0,0.0,1.254419754099426,1.5796984570085402,1.9051105080164155,1.6076293898005214,1.12947410285931,0.9550943162378128,0.8418749700105718,1.0453954040240068,1.2955253692620343,1.3299535478651723
3.244178782413061,0.9732680801726279,0.25750019732583623,0.6052685389392807,1.6541606311861863,0.0,0.0,0.0,0.0,0.0,1.3498776912963317,1.901751229027501,2.059020004005856,1.0296016961492398,1.7940025234149175,1.2055354153622275,1.0019413627781646,1.0127168949219072,1.7597313298092259,0.9766110458796265
3.61981775185886,1.3706747196191436,0.5932734993048712,3.0914834878866246,3.1430246685306145,0.0,0.0,0.0,0.0,0.0,1.366017988248618,1.225607742737786,1.5042497725685235,1.7792884570443066,1.8883216435665826,1.4481716787436636,1.385951227886844,1.173180790033132,1.1642100074066055,1.0411426742350889
4.269646937195539,0.8852109611355077,1.0491348355755925,5.019008689208383,2.724133972633216,0.0,0.0,0.0,0.0,0.0,1.6478791928734953,1.4824772150308727,1.9831500135520457,1.8769002733317055,1.8834160176484824,1.183494750552491,1.3663308108028636,1.0618180786983518,1.1186613434179578,1.0924474263731123
0.2685286580076406,0.15338437797736165,0.15518524673600315,0.1402655297565054,0.05732096811387325,0.0,0.0,0.0,0.0,0.0,1.524937817536761,1.423175229879572,1.062328595454423,0.855330253625594,1.9912380328648855,1.3764433603549981,1.1657475777827964,1.4459913017916253,2.4054088033007037,1.0014739256004874
0.8982056719013898,0.5502776104960706,0.5723790066109187,0.43328530087850076,0.8176896653544456,0.0,0.0,0.0,0.0,0.0,2.0606887658933744,1.7158325673654318,1.693393514564561,1.2583096837366334,1.0875395633423084,0.9423147622307079,0.9249662841804384,1.075425171559902,0.9091853270057504,1.6400761928694905
5.02361142889997,3.1610792207093574,2.1831550267798545,3.127545760221856,3.930398320401038,0.0,0.0,0.0,0.0,0.0,1.7752813704949324,1.6532559651094128,1.3035924141093365,0.7977601714376229,0.8202650032148185,0.9696528690963814,0.8626311633020134,0.36967205170431683,1.8598620562161947,2.1156796520106216
13.688377839596109,7.0943832668567754,1.8190307185875774,0.403308620893878,5.544014952116266,0.0,0.0,0.0,0.0,0.0,1.7020652617821668,1.8507956834578596,1.8785570956824234,1.7309956247475435,1.7821534284552616,0.9500323506480811,0.9446397943972876,0.9847274793956059,0.8725669444946288,1.0153261949756853
0.6228953683540805,0.1811134728014629,0.1820144044468524,0.29133471399827104,0.56964210822407,0.0,0.0,0.0,0.0,0.0,1.525577464443743,1.6538375538423085,1.5343128404916364,1.6664327246521249,1.6482702547830135,1.0494646664850689,1.0595193640167846,0.9727207007474122,0.9368105539255859,0.9705243768947563
0.4523662599917957,0.20912048595352056,0.1123593834247553,0.1587500569332712,0.17868819922584356,0.0,0.0,0.0,0.0,0.0,1.9211914446261862,1.7876669639082656,1.352521019550216,1.3495090660923414,1.1713056311759338,0.9933906834016812,0.9314741926437475,0.8953588902130613,1.3259218603255667,1.6392096363629247
8.17083402725137,4.0127312171903196,1.3966510948837176,1.3423010242736977,3.076509622282059,0.0,0.0,0.0,0.0,0.0,1.8507523333949567,1.8709227640228459,1.4907598889601632,1.647816242600349,1.5065385356238143,0.9730540352545235,0.9335699811121247,0.6078601818449935,1.1929951736378974,1.3469664053286627
0.9574453914516136,0.6758899388773065,0.9143567008327738,0.9937788989719726,0.7069170936050257,0.0,0.0,0.0,0.0,0.0,1.7653856272636812,1.1591206090446249,1.4185775573163786,0.9978606044722297,0.5200385972491034,1.043044938013348,1.2469741692721574,1.2196535107710351,1.7234719798079399,3.8396823974930423
1.0433034685301696,0.4765919699013227,0.8164607751692582,0.763063707797414,0.11538191886388136,0.0,0.0,0.0,0.0,0.0,1.986034402672593,1.6536875748158744,1.3982901104357093,1.232679812399882,1.2155569148369532,1.0275788880248087,0.8962267835339504,1.1772051451264849,1.0102264128162743,1.4421203709027612
0.0,0.0,0.0,0.0,0.0,0.0,0.0,0.0,0.0,0.0,0.0,0.0,0.0,0.0,0.0,0.0,0.0,0.0,0.0,0.0
56.103129058958835,56.45930914637383,53.0386272101214,35.35201107102403,14.329834935308506,0.0,0.0,0.0,0.0,0.0,1.3412259035703058,1.166760113796251,0.9837217847925032,0.9339399830974388,0.8483874284184928,1.0259744111935192,0.9465785734753397,0.9470356088284578,1.269255763320098,0.930995943460573
4.8779723986150545,5.158755688533843,5.353669731363056,3.222955566656818,0.8564178432850159,0.0,0.0,0.0,0.0,0.0,0.7905228676458302,0.7515446102409808,0.8657001781138279,0.8494883650049134,1.052101705568589,1.2863194812967103,1.2070529395090681,1.4225482367330895,1.0458723886524703,1.3044539506446646
4.078852009381388,3.9460240582213126,3.4870174444932034,2.6348424579015317,1.3308749128164854,0.0,0.0,0.0,0.0,0.0,1.19079046421681,1.1682148226966727,1.0476661835577434,0.895343361543689,0.9482110795939187,1.0564480042884872,0.7892960642140667,0.8283622390485785,1.4649355614136985,1.6511828703635494
2.422266012275828,2.22778908760398,1.9517421977756328,1.4185771314532416,0.8250559315495668,0.0,0.0,0.0,0.0,0.0,1.4863977081884525,1.2722409921979296,1.0122310439728777,0.7234186367433624,0.4620460145055514,0.991417867763138,0.883058467079438,0.9466141987999604,1.9157162881407777,2.6677137609997184
3.600077796648045,3.173434925029537,2.94287890813068,1.7395606966696462,0.9544041719080862,0.0,0.0,0.0,0.0,0.0,1.0989197859009296,0.967262612997243,0.883732286326395,1.1264654601759228,1.8166259425303666,0.352165132017169,1.1156791810804558,1.6238503766338424,1.4676246879515165,0.9870472725652885
2.331776631382153,2.846869067637336,2.369154151061098,1.629783499213696,0.866445842181856,0.0,0.0,0.0,0.0,0.0,1.3904857748547816,1.1746402608793802,1.0933580007628054,1.2749898623782434,1.3321892612645965,0.9508371118489368,0.9922140323616598,1.0540849939350159,1.1244824032252172,1.005253389691096
2.8312918966037417,3.3660752579837547,3.1090449729358722,2.835789474577622,1.6149072089492402,0.0,0.0,0.0,0.0,0.0,1.380034451689872,0.9910035992501315,1.1098135582715696,1.160162085547406,0.9431688785984924,1.1566390109841524,1.3858975821176711,0.8949242458315086,0.44438071536823803,0.9931583921130344
6.028383237692081,4.338711515725322,2.614185794869698,1.7889586112434894,1.6627180635333798,0.0,0.0,0.0,0.0,0.0,1.338366786254021,1.1652002833377224,0.6846493618104196,0.7676882435913421,1.6847556993035129,1.2145931682676485,1.450211996284409,2.3223740149233523,2.6141865200605108,1.2480489782255104
4.359058879419507,3.2938572108828468,2.289715024125877,1.9560785432004173,1.3433954800080365,0.0,0.0,0.0,0.0,0.0,1.2638060072087938,1.2200785757163386,1.1810967594031767,0.9415676700614309,1.2524327590581723,1.1875894188930938,0.5516809785659638,0.6032501053981258,1.9241886069371363,1.5622201524864334
2.318564056286879,2.210534478075499,2.998161042914168,2.201936946041184,0.6901842065368882,0.0,0.0,0.0,0.0,0.0,1.4267786427243947,1.1489430366808142,0.9201859674822388,1.0090707500703746,1.359111033407007,1.1769712248256878,1.1724630682835029,1.0892283137320193,0.9125915458751864,0.958258941617563
2.382804483582326,2.09353949223676,1.6927594786640867,0.8492804321470686,0.36356457471164905,0.0,0.0,0.0,0.0,0.0,1.6533202564123344,1.4207601509277523,1.1094615058979485,0.9808197456602512,0.9879479493842903,0.8690366206643351,0.9811814315597523,1.158885031741652,1.0227729686996467,0.8117044087928683
0.6773728963561647,0.8354156507764706,0.6212236062768076,0.4703622087907255,0.3949195022287073,0.0,0.0,0.0,0.0,0.0,1.679027218871406,1.3688012187813967,1.2392694540331002,1.5548337480932657,1.3502914495380807,0.9173559569380658,0.9073026271937552,0.8639881777252542,1.0795929421869837,1.4265496035823615
1.0953228491419806,1.655885811741013,1.422502435378321,1.5861177111106013,1.3860967825343935,0.0,0.0,0.0,0.0,0.0,0.9989151375920476,0.6456194629460394,1.180650320412602,1.3422326150910444,1.4509920573933328,1.3582335512176047,2.2322676362933986,1.0068443281006694,0.5109091374575434,1.0164491958866384
1.4067148747428728,1.2185403733816043,1.0940230176340076,1.1263910499047838,0.8496421045167608,0.0,0.0,0.0,0.0,0.0,1.03928494928357,1.318607265547219,1.2792610633243588,1.2632800326120355,1.6327736532854036,0.8997046681959968,0.8109395254797972,0.7973986975555994,1.3959494749967742,1.1632922478832497
1.7536902526455223,1.3603860238253982,1.1537247763765521,0.4978503002750704,0.1327087271178625,0.0,0.0,0.0,0.0,0.0,1.4607624118407925,1.3873095569220693,1.0551187231004806,1.3119504980425927,1.7506180787982204,0.6573122307175994,0.9955406146484076,1.522360682489882,1.3918363456593956,1.0763427147969378
1.4954718275157255,0.765467263398075,1.336395536742796,1.0533146857457605,0.7091146917147546,0.0,0.0,0.0,0.0,0.0,1.3261935936816531,1.4623297880291186,1.0419753737704476,1.3260229657822569,2.060710260366404,0.5008454678986475,1.2378381005982844,1.5265450847763717,1.5612840080808301,0.9288897144887325
1.4656836875808297,1.0664557540932291,0.7248874719320697,0.7870093760646409,0.31963144591779374,0.0,0.0,0.0,0.0,0.0,1.6777072030499458,1.6009908423667207,1.1602289281871758,0.6303681796122972,1.0158760353520428,0.9809257538208903,0.8367843628640161,0.8280727899539515,1.4041976589887344,1.702854610364698
1.2458683578497598,0.5283080014143595,1.4676398813395501,0.8870723285770635,0.5559198759414126,0.0,0.0,0.0,0.0,0.0,2.0070695581447873,1.7223437106517328,1.3707172607586668,0.8587612151805016,1.2889192209569864,0.9465711615154115,0.9551183867817097,1.3630987465320583,1.6582054010032954,0.4202761604458108
3.8047001046904896,2.489848421792009,1.741523772768121,0.5583747814303874,0.6978305441045,0.0,0.0,0.0,0.0,0.0,1.6522648125761834,1.6068480935980085,1.2237445454528786,0.5363359007662961,1.5072717108769291,0.8172509334378988,0.9457116107173505,1.3479081891632814,2.871643181165642,1.0485717363428728
1.6495622498895084,1.4379373389221788,1.7269857512401803,1.7273704833794645,0.8829746162631421,0.0,0.0,0.0,0.0,0.0,0.6815184717453856,0.8766124479756275,1.0691770575335198,1.072592345611763,1.1599400534120274,2.551986247711638,0.4667889633574608,1.065341978675386,1.3571007519763667,0.8779038454451161
0.8388234607188648,0.6896220048773647,0.6319457154407686,0.47286821303330173,0.6958736209294776,0.0,0.0,0.0,0.0,0.0,1.3145964876578213,0.8956259989123612,0.5592554125572603,1.599000213848465,2.0353820054026963,1.2228973744933678,2.0065357719082604,2.76179059216752,1.2045496427364264,0.9586331789661146
5.329967487853037,6.68076961979339,6.339358545386075,3.727477660946822,2.2824514266894753,0.0,0.0,0.0,0.0,0.0,0.9875370444409993,0.8585971845410175,0.903327081909003,1.226019547533518,1.7265812794099562,0.781375472302186,0.872378990330178,1.0662376527669797,1.016321656737604,0.9844234055046236
0.9981728638807972,0.5547592931069993,0.40842560126106653,0.49676982731188063,0.4757335752352333,0.0,0.0,0.0,0.0,0.0,1.7192293359533843,1.3629981451385198,1.424997325760685,1.0566657894914222,1.49187502499728,1.1782183894756868,0.9343245674725323,0.9316940048985409,1.937418762657064,1.1530015451268147
13.868094686824616,11.847822183081018,9.966063775469692,8.086876204844794,4.4681978328578085,0.0,0.0,0.0,0.0,0.0,1.2456016661695195,1.2495793065190386,1.1095066844487294,0.7775370298310257,0.5738528160444725,1.0778726029493468,0.8592223227580909,0.7740959012196718,1.2237444808802374,1.9529931947988852
0.3118578656254252,0.2950456220245735,0.630538675049281,0.13959846737179782,0.5912436401434191,0.0,0.0,0.0,0.0,0.0,1.3836290078591136,1.2894480906100123,1.4376573448262993,0.9084230396203805,1.9311052559305029,1.295287723686686,1.1972343349625858,1.1388706151469614,2.1530168283197932,1.0207935857818304
13.124842712226558,9.12533605679996,9.880937660847604,8.171954193226354,4.628416021193421,0.0,0.0,0.0,0.0,0.0,1.5029726970505208,1.4577489308627443,1.2287013239646765,0.9295782782028932,0.48946179611071067,1.1888494751660386,0.8223074016503784,0.5290052713574256,1.5417989840307442,3.7915040083472085
2.7541897602092122,1.7206674658053154,1.3146380692707107,0.42683341826387344,0.3075647388404109,0.0,0.0,0.0,0.0,0.0,1.612793465053469,1.5771135822541718,1.5982008226117022,1.177048766778531,1.1679181285674305,0.8666155436511285,0.8955085094089513,1.1256598844958878,1.7073549475691967,1.47422560360267
7.11234363260227,6.4346915159272156,4.770965725656515,2.5939426585572143,5.249444757002193,0.0,0.0,0.0,0.0,0.0,1.2665878849556818,1.05548653239866,0.899954260007534,1.2482321949309232,1.846945626837741,1.598655844737923,1.804682353301564,1.1379444677403951,1.096239796166332,0.9408701967138791
4.759200345022533,4.7833179948635784,5.87506137132347,5.484347488461326,3.3712002225840534,0.0,0.0,0.0,0.0,0.0,1.1364758640161032,1.1101024314961319,1.27246705258626,1.2303390649816592,1.3549812717927017,1.5424695585960067,0.8655135346180519,0.9049696472636213,0.9482710569424289,1.0549563054525093
0.2656110944163125,0.5166357507086741,0.5060353340782726,0.6483426658002966,0.6644713738247261,0.0,0.0,0.0,0.0,0.0,1.289477590106581,0.8235679810816806,1.1729780902259963,1.26689189568764,1.4177085838114956,1.552397594122851,2.3761390307539414,0.8667974739894017,0.2199010407235816,1.0730067290350032
0.6408539958860995,0.4034936817515978,0.1415995647322882,0.2476625952102658,0.48959821890282046,0.0,0.0,0.0,0.0,0.0,1.5777682329459555,1.4760272982734886,1.9348327385030515,1.510060465684403,1.9902792414703445,1.0502219931190824,1.2436488324787949,1.0369019314888066,0.771584988046619,0.9534422345016073
3.269367476293638,3.0363534022253473,5.290878436039838,4.060533076914769,1.4450249349845605,0.0,0.0,0.0,0.0,0.0,1.025118821463812,0.8875077562884492,0.8684645841537332,1.0264871947723344,1.6892505334288352,1.723960896895735,0.880635737633408,0.5388913473667694,0.930368397768651,1.082030347857199
189.37394070727242,89.61379907375206,40.00020188054718,8.891456792397639,10.104442558863264,0.0,0.0,0.0,0.0,0.0,1.5538843176337724,1.761506207733416,1.9629215815725194,2.0996865678690666,1.3173661793502693,0.9622141837761257,0.9044628729423986,0.9238249060951969,0.9725010617585492,0.5251840215371778
20.46825418702958,12.328531405626004,7.462214611450333,4.694333850972987,3.2989807155514996,0.0,0.0,0.0,0.0,0.0,1.5156452412804942,1.5746317683997928,1.6983737721417926,1.8526455064345755,1.960338636749216,0.8199140610605596,0.7912329454968674,0.9527278113386943,1.0033407243409553,1.0654509496035343
9.643192172713437,4.879351279096663,2.768694797670975,1.5614637449471724,1.2851272618372902,0.0,0.0,0.0,0.0,0.0,1.534863231430526,1.7021293521972802,1.9469418899440734,2.083685398350814,1.4160284000969305,0.8708212764812114,0.8669205085693698,0.9407022143176839,0.9939425029355857,1.1828753985294709
8.240144835636306,3.9888663269627536,2.2111153706767284,0.6005332517656237,1.5175092528668224,0.0,0.0,0.0,0.0,0.0,1.7181986508328846,1.8863077580997447,1.5862790290088828,1.4584451800446951,1.5762341784312115,1.004880165262629,0.9379117445796157,1.0212173502480208,0.9620663605924861,0.9434234185770187
20.29923807538548,11.188007337643175,5.435970321773981,3.249467957272606,3.4235425650176716,0.0,0.0,0.0,0.0,0.0,1.4866805538490306,1.5467942880748085,1.7345403311996084,1.9797442407213317,1.9091816817620764,0.878499482189799,0.7877802219373349,0.8913415099604576,0.973839779280328,1.0822728569634237
10.27292251358292,4.073329635225464,2.7933459167751153,0.6906440759185309,1.1395662938788822,0.0,0.0,0.0,0.0,0.0,1.538149369874198,1.6856410735501777,1.881696859115846,2.0610476547396357,1.353756194311664,0.9506965851653072,0.8441628025074899,0.939462845217193,0.98463100862884,0.6337102275503973
9.178285753499736,4.195706812669711,1.9030330347321942,0.29426779133824654,2.9718026505706505,0.0,0.0,0.0,0.0,0.0,1.6657737638540513,1.771611625282176,1.6658920527164522,0.6174428006488207,0.9716338846923619,0.931513059678981,0.9298936082018352,0.8798944376991469,2.9490581253902635,1.400596932538487
6.691542143191276,3.4948104788934935,1.0190173549862211,0.12190683387720631,1.2885335575414607,0.0,0.0,0.0,0.0,0.0,1.538895637569609,1.6413922124220255,1.8847635852289473,1.5817849935096464,2.054821545698197,1.1420532081851624,1.146742264589884,1.0144648943023844,1.2539154376995882,0.9670885595925099
5.32618133914339,2.15754057406304,1.1471009745724583,0.4320029823245905,0.6962160124028582,0.0,0.0,0.0,0.0,0.0,1.4728061435910178,1.7689543978519557,2.0467587544809605,1.9366472811245772,1.4672675923262626,1.0579205113307362,0.9698885011767351,0.9611661601838232,1.0773349463192539,0.556099105016931
8.340173993283855,3.4178419055922022,2.2355776371943628,0.29651850897578746,1.2313978951683893,0.0,0.0,0.0,0.0,0.0,1.548587323092288,1.8569677426076698,1.980210594978672,1.7108678113763416,1.7560060468561305,1.0281699896858232,0.9305470717841543,0.9116020092784348,1.0153293576589795,0.8793812768347319
14.20154226058707,5.824881767172589,2.456281825699018,0.014717645331657347,1.808126859591822,0.0,0.0,0.0,0.0,0.0,1.4289310625350324,1.7576277337839818,1.7418356844117358,1.5108384506226766,1.7585930241104288,1.1111148838278118,0.9709809588202436,0.9620801719504634,1.078631634214543,0.9377117837640092
2.502132193375927,0.7220942389940102,0.6581157107547368,0.11858335476407064,0.3758180335326552,0.0,0.0,0.0,0.0,0.0,1.4169724927200378,1.9884680707887845,2.0052129192344577,1.3186283414082667,1.8952673048816113,1.166177320231128,0.9523569596732283,0.9180453259763214,1.0630164132446884,0.9225300242862677
1.9764282511398665,0.8025022622320408,0.33215818089969934,0.5238770473074148,0.8055734438355657,0.0,0.0,0.0,0.0,0.0,1.761045175359571,1.8473310436718282,1.261324105991109,1.2455050572386661,1.155431369622169,0.9701897814081021,0.8912404648605593,0.5910736145739507,1.6723119638410442,1.6999010247883977
10.843829882075594,5.9861400697363,3.3249929234608624,1.7654643148721896,0.8229304404144298,0.0,0.0,0.0,0.0,0.0,1.489173824554644,1.6505537935915184,1.7565055160603016,1.8893109422957195,1.9694555053661889,0.908161189266804,0.859011031928858,0.8759275290346277,0.9260276471905732,1.0367968587936245
12.015121039324248,4.878883894342012,2.0355615824665576,0.11409685271252837,1.120903196565225,0.0,0.0,0.0,0.0,0.0,1.3421309702373867,1.693814395461712,1.7379966013770474,1.915250745454186,1.6620726695535277,1.01113751930755,0.9397849433130953,0.9753414283663423,1.039830308442543,0.9938262269381628
6.078331186165576,2.063118353233815,0.8015900389164063,0.9358195254961237,2.1338315991660455,0.0,0.0,0.0,0.0,0.0,1.129261941575812,1.5285355033603207,1.7356850689593366,1.7297585906193909,2.099353518149211,1.4420192712065047,1.377970870231021,1.0763998943759978,1.2087985549177194,0.9818341066162016
5.251357473555181,2.9451859655126844,1.5060406132312758,0.37322263117723237,0.4314543437225746,0.0,0.0,0.0,0.0,0.0,1.7359690035623745,1.8764174020709554,1.7738989635509428,1.3785797947119978,1.90998732466556,0.955386746047762,0.9176985152868904,0.9343735833256925,0.5488502230673689,1.100564316211479
0.7998954216475745,0.751098980251931,0.7162176895812477,1.019725651142436,0.5807289105529906,0.0,0.0,0.0,0.0,0.0,1.7262187416063692,1.9067761951600994,1.704387929034704,1.7382086326126092,1.7663562595839506,0.9494746886047633,0.9342867099038512,0.8844558421088853,0.9624603028718534,0.9479415418826126
5.9946635185082,2.8615794855569456,0.700697111053624,0.22150042879502685,0.623308160529968,0.0,0.0,0.0,0.0,0.0,1.51988538282762,1.7175704619856218,1.8476411373659651,1.7624013737938595,2.0103920660568995,1.1236711672094803,1.0292863214190622,0.9534960056830885,1.0708666245474274,0.9394559570790517
1.3698783343155925,0.8173081212743597,0.5674421202528227,0.31293932082738557,0.6186999953418338,0.0,0.0,0.0,0.0,0.0,1.7676820455373436,1.4699938629408016,1.123627730053809,0.8150984807289028,0.7277234678904718,0.9007566860096177,1.0184387590761157,0.3776089458685023,2.1322846839182366,2.168353824811621
1.9810850596145648,0.7884010805138699,0.517724335578277,0.08702368643208788,0.2937160621828988,0.0,0.0,0.0,0.0,0.0,1.3341697294651973,1.755542688954883,1.564580691499438,1.716314216437637,1.592419161225086,1.2150384116096244,0.9681948687994978,1.03082941289385,0.9617957532569525,0.8565844928842541
26.991067796581643,13.262054980767129,8.657652793819528,4.765551182374314,3.237701819345529,0.0,0.0,0.0,0.0,0.0,1.5340731522103117,1.5802317634457328,1.7502843163983892,2.0335876298963753,1.6200347752926325,0.8873465123292396,0.8231057675422209,0.9961256748359832,0.996295105496148,1.1518070963960754
5.090292604724864,2.6135826901103223,0.8714166687780744,0.08366347748888385,0.4333905267405669,0.0,0.0,0.0,0.0,0.0,1.5715019162642285,1.7677373476789893,1.8360940338584308,1.395302710644279,1.5911272868191804,1.0175730064489514,0.949899686868066,0.9303915147430092,0.9531561832904613,1.0180467521437278
40.591991531637554,17.308982445255797,7.54497472818593,0.3626067840426205,7.678227273939589,0.0,0.0,0.0,0.0,0.0,1.6211339806392198,1.8659916352388555,1.6146280787611778,1.2696946688873856,1.7225570894352693,1.0116708472131577,0.931855814636047,1.043245753148498,0.6168174404457982,0.94714008465716
3.0895272833982523,2.044418884480594,0.8290908562627056,0.2990984850169829,2.590246733274578,0.0,0.0,0.0,0.0,0.0,1.551960694844657,1.4492627696358655,1.4271560316433827,0.9338357743940735,1.045282816197056,0.9789971990842978,1.2317948005847765,0.7871383670958084,2.0670521667049586,0.744722702939336
8.706819985102987,3.2303186150108245,2.1709613464467066,0.5166700932876764,1.2932129825610752,0.0,0.0,0.0,0.0,0.0,1.5215938470742232,1.9447603698536695,1.921993122384554,1.7574873778580768,1.9302070500964328,1.0954597561679247,0.9424488313301687,0.9360149917638374,0.9503323154467591,0.9832217130362224
5.091172071352778,2.150809999359966,0.8599103427835185,0.06644547639663176,0.7220318397596277,0.0,0.0,0.0,0.0,0.0,1.4907266498855185,1.720928101345203,1.929324412503135,0.44271315204331274,1.9280882003811024,1.1280840501277258,1.0550863812174553,0.9656280462269418,3.7851760611267107,0.9214210607802946
19.940508148535805,8.238730321580764,10.31132503476918,8.374971567453457,11.075953095745657,0.0,0.0,0.0,0.0,0.0,2.0530685949418412,1.6818814582936985,1.68348163424616,1.3383358209097775,1.1862781651737877,0.9742934096795958,0.9306334855824558,1.1559670936292463,1.1989043827643833,1.2370508121133426
19.425200660842428,10.972692598817325,6.448626126790006,0.5616100294361981,8.18438143850941,0.0,0.0,0.0,0.0,0.0,1.66011464585779,1.670374850398565,1.762527360799997,1.2347664790909896,1.105278174706069,0.8982987882175965,1.002787636740595,0.8569031272526718,1.1980087719090833,1.1406256656362712
0.21534476553819548,0.14276661075552505,0.1785427895877915,0.39910948105325184,0.17885303858596152,0.0,0.0,0.0,0.0,0.0,1.4676814679032084,1.655777354130859,1.8133612605944878,1.686038651492382,1.4476143118122649,1.0634061129358128,1.1139240463747737,1.0901663790839748,1.097733149085257,0.5052275216670491
1.49702803107563,0.8526859470134799,0.22006924423940907,0.05774716756853974,0.40841760497651175,0.0,0.0,0.0,0.0,0.0,1.5467881916646424,1.5936083035049302,1.6562574071073521,1.4522862328133883,1.6027017731723077,1.025401162191673,1.0284999174472509,1.097368946327123,1.1740878448971466,0.818102762701129
6.997187254035085,6.02314445623262,5.59397561458338,4.604473010784839,0.7982072037521817,0.0,0.0,0.0,0.0,0.0,1.1986319238373617,1.3808526528463354,0.9802587935740593,0.6925984096335304,1.2875742581795022,1.267836419128799,0.6360230879178618,1.509689317926779,2.3662595764310588,0.79474128525316
36.9228712226424,23.720319108952197,18.04010580607489,38.169761048339424,6.111522092006759,0.0,0.0,0.0,0.0,0.0,1.7769796665440507,1.7857489574022793,1.5438037795024329,1.2228912350859091,1.4230354464042219,1.0836231056956749,0.9531863210686691,1.1875835439473708,0.9088340560471315,1.0695519233140143
2.948524076555546,0.7486694047974357,0.8352208546954911,2.440280013235646,1.277180091424795,0.0,0.0,0.0,0.0,0.0,1.2414842139570015,1.2373861368363708,1.1019350442665021,1.0669103466831735,1.28385367507917,1.5814263571280522,1.3806261587534157,1.4898026844538128,0.7991538771274547,1.1710062115596607
1.125097508915554,0.5593135327717361,0.5938985449927243,1.218342403947219,0.11443124328530281,0.0,0.0,0.0,0.0,0.0,0.7177970090102459,1.4416537126250006,1.3631265439500444,1.1483745601032698,1.5793018266757104,1.895392814488693,0.6037330775974735,0.960524386216698,1.7552818784794004,1.1541819159173274
0.40400597202667904,0.9295474557953822,0.2634825228914743,0.4782364244158991,0.1398290531643266,0.0,0.0,0.0,0.0,0.0,1.900713388391075,1.544898424251467,1.7759435935176464,1.763234519966139,0.8995022025134195,0.9841716471171947,1.12327117650904,1.0066999295906536,0.9850651316849223,1.5183373461436742
1.5548302110934724,0.3850856179660899,1.2647803316811574,0.9711563870352762,0.6475202784772189,0.0,0.0,0.0,0.0,0.0,1.9541956736811268,1.7028858494675856,1.0324073491705488,0.28213051693751917,1.7542980761293672,1.0012535171388723,1.0211754105516573,1.22883439696402,5.7636855705795,1.1337686769042299
3.934757132360084,2.605396215501647,2.44592164305894,4.05534084892111,1.4657083107120368,0.0,0.0,0.0,0.0,0.0,0.7725252204084339,1.5238199961108037,1.2676744974799883,1.0733466798094171,1.6535684819847696,1.8417498467854645,0.6582285419087256,0.44567802351980257,1.6161937199368805,0.9500961757735629
1.5830311773579364,1.4074612145277432,0.7744960262919589,1.8130960411034913,0.5279386741567702,0.0,0.0,0.0,0.0,0.0,1.2895574215190784,1.4264872929815406,1.4839274072287707,1.4023579915925917,1.978122050794279,0.9274586098418273,0.9302529477229415,0.766820577720092,1.358904502736626,1.0496552049120678
1.6968105411668488,1.6050775407152291,1.159361279016208,1.4878761476459228,0.771157944313287,0.0,0.0,0.0,0.0,0.0,2.0973574821474457,1.7324505406292912,1.7988015894331795,1.6348247590380427,1.5198018975090217,0.9846557116299497,1.0134306714932095,1.114641673145613,0.9905406276670545,0.9992886530747735
2.278317837163214,1.273353703690153,0.9623042930474149,1.9879869047989616,0.24723914683695863,0.0,0.0,0.0,0.0,0.0,1.1379211471462578,1.507796865189176,1.280184600780152,1.175307967927577,1.8094243376756118,1.6268900411033724,0.6518600088126109,0.655184808290069,1.709747744522153,1.1219237124628538
0.7027347279571733,0.3956550713893954,0.3899247485554654,0.5498695732095004,0.2106418955679866,0.0,0.0,0.0,0.0,0.0,1.1024817155862627,1.5455309532959707,1.4426359243383666,0.5546445845105706,1.5784871145568578,1.0354697454674064,0.846536771010186,0.9716183637309296,3.25783400109917,1.1968367594799252
1.395522406654751,1.532565577131622,0.6247236790180629,0.8014230299049838,0.1272412373154336,0.0,0.0,0.0,0.0,0.0,1.758608214304214,1.3780566452021226,1.772999529225709,0.8608716859260948,1.8514252219359202,0.9264845139343176,0.8985592618062314,0.8518296823855706,1.33612330538466,0.9103679310890681
0.056579670136765015,0.13412580617954517,0.059877616069665976,0.13880583369933663,0.07783385205081413,0.0,0.0,0.0,0.0,0.0,1.5392590760404548,1.2219096670209186,1.493730763689782,1.6014013032101242,1.413218579372686,1.1460690223789174,0.5621536461775657,1.1810735349546824,0.9965228363683437,0.7174378520931478
0.7326806676430839,0.39395729971937776,0.5134691846897592,0.7086228255780073,0.271663567355669,0.0,0.0,0.0,0.0,0.0,0.9104738985328183,1.3568071361119565,1.0735349132039618,1.1657327489037772,1.2986040852505514,2.124329557961201,0.6041064009375834,1.0299765462747426,1.6233263623813468,1.1007646450026316
0.4077175456067785,0.1989794790629062,0.04665152649510105,0.24949615232344602,0.29257744689517357,0.0,0.0,0.0,0.0,0.0,1.083875200719504,1.5144970013881485,1.4097291479067435,1.458050099919871,1.326371776823968,0.7427843116057521,1.2256832122696204,0.8951491068435881,1.2618609319055638,0.824214616189914
1.058240180071708,0.5607074049671185,0.1909825589446602,0.13911690538513702,0.4804430797674867,0.0,0.0,0.0,0.0,0.0,2.002359925466342,1.6519960155938387,1.7433781886479993,1.3929344881297798,1.692161925260794,1.047848043995414,1.0849585348703548,0.9199766408103163,0.9306520888602134,1.1689060313549848
0.3447196399785336,0.2510507092416135,0.3247241007965485,0.18344461126748654,0.27172262970632455,0.0,0.0,0.0,0.0,0.0,0.9960741110121466,1.202279121643405,0.8960018701525263,0.7400263812150536,1.5389514004318254,1.7920178944722032,1.2713375229849218,1.6279346853420764,1.732170719210694,0.8667644731970691
0.09104329278272466,0.3240343210586834,0.15659784333372662,0.27168163747978163,0.3218616216393504,0.0,0.0,0.0,0.0,0.0,1.7531116372140925,0.4800749792781544,0.5535806200482363,1.3222098899006205,1.3880156488716993,1.0472546614166576,2.888695924679036,2.962660294334333,0.6157844173479303,0.8927946290424268
0.4975235383384972,0.3997390173885616,0.5274031318978581,0.33783293362064365,0.12192363220530415,0.0,0.0,0.0,0.0,0.0,1.599756581804024,1.3903443311403116,1.4135891443222415,1.2490623366899798,1.7408906545112999,1.1404037958805866,0.6607790174251654,1.3109895455226612,1.4159736942729728,0.9336878787383193
0.6806159870707217,1.1750985798944718,0.8530439029918397,0.5916578299244345,0.8608875120962054,0.0,0.0,0.0,0.0,0.0,0.8768655945663969,0.4037436960688043,0.761225746295338,1.4582723259053825,1.3327306705428497,0.5559638561359942,3.8239082271003304,2.041425813488113,0.7326126044434482,0.8947634409167327
0.40478178226555733,0.15640995862063944,0.12139040879977829,0.4438732433873175,0.2813995294274588,0.0,0.0,0.0,0.0,0.0,0.38484129825905167,1.303107568894296,0.9299250034520418,0.6916719260937181,1.0505800825934888,3.3433176647970333,0.37852076653280925,0.6553412508411539,2.9064519599039085,1.7098772600313759
0.5909183642104929,0.5487629744561551,0.4988754671563281,0.5596904406593338,0.7427476645479196,0.0,0.0,0.0,0.0,0.0,0.6614585153491259,0.5214836584290911,0.7607153344570613,1.231120653170537,1.5640115706320292,2.7853120971912024,3.180925608948738,0.18853192248273437,0.6925529957012311,0.8027288901209426
12.180014643524805,5.925246230422695,7.458694005999284,10.964726411248002,8.460271058665452,0.0,0.0,0.0,0.0,0.0,0.403463287863409,1.3743565027848406,1.0568274847646217,1.245308076355655,1.6043521182077989,0.8673068706319934,0.6526791543179757,0.4924718596734328,1.271046422076582,0.8294953584719734
1.1926474973152525,1.121723395305994,0.6773203484523787,0.4153285699434859,0.5137959614514016,0.0,0.0,0.0,0.0,0.0,1.1287102915422969,0.5843304576326791,0.8650352018369162,1.3108655839022936,1.251925349879801,1.3319271441677791,1.5179751095287737,1.5747735217272278,1.3573464385128824,1.4217546269458128
3.4657773898215694,3.32629623273307,2.13875816693609,3.7874201438640456,1.0434473951464034,0.0,0.0,0.0,0.0,0.0,1.3264925301588484,1.4567741841782451,1.5164760823608283,1.2140448921575988,1.850233834210317,1.0528731901242723,0.8282681100021583,0.6861198192013105,1.3697374067390702,1.0094676018703173
4.00578296505917,2.137006713664335,2.792642736147873,1.3944180905547254,4.662473831454426,0.0,0.0,0.0,0.0,0.0,1.5134099714308813,1.594312276839822,1.736862850944688,2.0525226655462734,1.8861064892755226,1.026501473923512,1.3143293397166307,1.136874059239784,0.9946328633281524,1.1078185832962473
5.000751173673801,1.7206848928323566,1.1872656122371015,3.99620641391966,1.0602329222435158,0.0,0.0,0.0,0.0,0.0,0.12108066004132306,1.3317393236233057,1.414505294621774,0.6382433303602262,1.6719133598759643,12.615675675520919,0.5132927798009345,1.02165350897105,2.5251919957133047,0.9909938964303175
1.0545364477095085,1.5586602867449861,0.6113659887188702,0.4757886441188332,1.2296017526188214,0.0,0.0,0.0,0.0,0.0,1.5881969051571259,0.6428045268582412,0.3456900675800654,1.725358823922125,1.7122121028378359,1.2606055709744284,2.6459338115194644,5.517989029057881,0.8622338127391925,0.8433427398829294
6.450660121721803,5.508827784683058,4.813117955581639,1.989155738135835,4.500316267600132,0.0,0.0,0.0,0.0,0.0,1.4467747533403275,0.8575106077499443,0.5205399456751234,1.7208094075699316,1.680551820763814,1.182277739773662,2.404966192238537,2.549531776384384,1.0124752221269466,0.8505307966784402
2.2218220085448266,1.7129183876787597,1.3775577070824871,1.8580127251693015,1.911516440140133,0.0,0.0,0.0,0.0,0.0,1.5501154266732045,1.8306592360377032,1.5347856432028233,1.7702564116980135,1.965822047893158,0.9574654958564407,0.9126687744641541,0.849406196933018,1.1150890874291242,1.0407769172886914
0.3031004465057812,0.22173931049152035,0.2160393916873727,0.2943182172327963,0.2663196309491912,0.0,0.0,0.0,0.0,0.0,1.158058749150704,1.512029439497798,1.5116770553694252,0.7757254170884493,1.5002178024944737,1.4577239010657945,0.7563374045054632,1.0054384616818075,1.6634883370402456,0.8808111851216605
0.38081078214090025,0.10214505275983451,0.038972146246450574,0.1915241949563073,0.34143116930641926,0.0,0.0,0.0,0.0,0.0,1.7359309398131437,1.9131557382956828,1.554628976801172,1.1860491968785234,1.4632108728054098,1.1501617003838076,1.0692663728494913,0.7089302575836329,0.6801736691954494,1.085901802950716
6.058130497836029,4.17675494915879,6.481574502375369,5.228798208558975,0.992863464775015,0.0,0.0,0.0,0.0,0.0,1.2669173110215954,1.3271342295687631,1.0388659234127062,1.0932992554252605,1.9763532820504215,1.3975120568630452,0.6348181807413295,0.7140629165233848,1.8391818973417287,1.0477202479214833
10.540372259594328,3.0994024132866853,1.2379284703953044,1.9651104000328243,4.239586287270649,0.0,0.0,0.0,0.0,0.0,1.3444621246533666,1.9477664362943927,1.723508318979568,1.7184735967617857,1.761887068380041,1.1082674104701118,0.9112104388733444,0.9862468028249588,0.8909197155360811,0.9505832861497571
1.5299120200196725,0.5840423496252883,0.12864102452580295,0.2653530857945118,0.3918716487625104,0.0,0.0,0.0,0.0,0.0,1.3968681832117325,1.7805082083515578,1.5819667243509679,1.6434508760756696,1.6879843366485785,1.1974927688432295,1.059596328129247,1.2302515717618776,0.9134412704954172,0.9084301270395111
1.168806245826973,0.7509391598742189,0.15343853953319617,0.3388246256563016,0.6451277299849825,0.0,0.0,0.0,0.0,0.0,1.676691069307464,1.209738046538511,1.798557412040465,1.616953041016587,1.5980140980408548,1.1309569773066162,0.7861456166337134,1.0818054482577324,1.0250501478992986,1.2925884961044665
5.306889361593004,4.438595849837423,3.431553653159932,2.5150110742543608,1.7280203460342016,0.0,0.0,0.0,0.0,0.0,1.8053023679959799,1.7056953192180737,1.4799180668164216,1.208818402020255,1.1480148727600399,0.9409245267396849,0.9317862426236001,0.9083715775740149,0.877912579591339,1.3483045075738578
4.18630918339886,2.098651119957951,0.6960979745081601,0.13693332933631747,0.9054522297486095,0.0,0.0,0.0,0.0,0.0,1.6713121422509698,1.913974022563504,1.8618415621426354,1.862408532465015,1.5496348124012853,0.9845778528934225,0.9264301895613466,0.9383028232695367,0.9754458946106699,1.086628308958136
3.188758486860883,1.3237719970600186,0.3374368807202027,0.19841927607262713,1.2118035973643337,0.0,0.0,0.0,0.0,0.0,1.556008336411222,1.7595278824090685,1.4788556571665739,1.978377738413563,1.7410977993680423,1.1375975655305348,1.0528219901693885,1.1131065757503322,0.9650539293128496,0.9484252241556224
1.0871180109221235,0.14437987235568403,0.3105639242922152,0.8399737951478377,0.7143577177285974,0.0,0.0,0.0,0.0,0.0,1.3417261813668642,1.7653751888214133,1.374078152167053,1.2104793486466834,1.2402642977717073,1.5486737353840343,0.9241000692952833,0.8438718536802808,0.5288825977659213,1.4329725283259795
4.475760131586709,2.5310911709120214,0.9305692779244918,0.3801448122940812,0.8338464677558518,0.0,0.0,0.0,0.0,0.0,1.735911998512729,1.7857999519539087,1.7391175375155463,0.35299030086859,1.746285619743543,0.9907163787335804,0.9559564323116336,0.9644921682666182,5.382803163182589,1.0827522723595777
0.22723394063395172,0.15498449330711858,0.19388709298376655,0.18516168833389224,0.44096583127251066,0.0,0.0,0.0,0.0,0.0,1.8712241998044774,2.049584340729063,0.9765480755408487,0.6156938228599553,1.428761953158517,1.0142189224145555,0.9314634534681401,1.9787934180114617,2.6662157713819865,1.0935514536481472
1.0255767563280105,0.27549235541085604,0.44041252117485996,0.6598630341888297,0.8017911815382404,0.0,0.0,0.0,0.0,0.0,0.6394503045731853,0.7337309365804623,1.1646701962645098,1.084006914452892,1.3482655157242218,2.943742631790507,0.3608705013992309,1.4372420803412642,1.2384938539068204,0.41912724234924137
1.1688725387042804,0.6919863934465611,0.7823662100214499,0.262126986830355,0.7354296390664753,0.0,0.0,0.0,0.0,0.0,1.39661892474145,0.9545788654280637,0.9920097839539689,1.4026192635360781,1.7618262887521263,0.7972908433376034,1.0777511437010516,1.741786166558823,1.4206144575827775,0.9534297242954143
0.9199604084052059,0.7597360545183698,0.5982068087987091,0.5554609798391746,0.459773703569358,0.0,0.0,0.0,0.0,0.0,1.3356494906931757,1.3101924013526154,1.1946364590020822,0.951091944572358,0.7300117967992222,1.0949987863457344,1.0324179950727739,0.9086472425580187,0.5045715298453975,1.513871563818388
0.3789013383785772,0.11305262235871831,0.09340131038943322,0.3377873023510157,0.14380084396705695,0.0,0.0,0.0,0.0,0.0,0.6389345614578262,1.5692024207040545,1.2983695187730164,1.0393761797394852,1.3623649238920559,0.7943503508878085,0.8080531420130355,0.9103761112051105,1.786267873201519,0.7721156702820694
0.262449781309631,0.16840902196616303,0.10866451784874134,0.26375690476986297,0.12558432250018278,0.0,0.0,0.0,0.0,0.0,1.678129040180706,1.870912153654749,1.246946674640409,1.1700068317221555,1.6422149324505364,1.151193200421526,0.9514545772292594,1.4298852260908967,0.8471056689221949,1.0484090991726118
1.172273807932641,0.6076293166597632,0.5718268981648528,0.3177708886431959,0.2665358797075609,0.0,0.0,0.0,0.0,0.0,1.5831374919049455,1.177606392974645,1.4274518702242314,1.7010409599038985,1.883680374145972,1.2003527720822043,0.9918607670388182,0.5598738571261397,0.8088463313278379,0.9754995151394208
0.6934202184731897,0.6412262958422171,0.6300773601468772,0.6645265066366318,0.4996678528977091,0.0,0.0,0.0,0.0,0.0,1.842778032116221,1.6363276400529345,1.3309178324573094,1.4597781975756874,1.2968358470534318,0.9132740567818828,0.9855144822349423,0.9308296597093303,0.9234862408445609,0.6476592980957322
3.3591637415845645,2.585369530476796,1.6655576371649645,0.9915962240743317,0.5941274770155225,0.0,0.0,0.0,0.0,0.0,1.8838892707365285,1.839130777832745,1.6481781814826906,1.4349149980250862,1.297291539624554,0.9271338253700884,0.9143241106010104,0.8829692809006762,0.9105883692929194,1.3629590543438674
2.803056646198474,2.2606642966452277,2.3057016230430625,2.611550506899886,2.0804316650124055,0.0,0.0,0.0,0.0,0.0,1.542303762966885,1.586238988791241,1.383799542791643,1.224298941469418,1.1362454324388322,1.1280907027468794,0.8777334974542228,0.9003644276344744,1.126054245896224,0.6182260651157115
8.422182434512568,4.845178044155121,1.201875572827891,0.3624568860603675,2.290134470672379,0.0,0.0,0.0,0.0,0.0,1.8717232287605206,1.85698992094919,1.8471564924298847,1.8186900545816693,2.035508462854233,1.0481833737108142,1.0266314472674742,0.954408780007187,1.1244327772551248,1.016095768572552
0.4241265833166305,0.10622242780570161,0.04183160917315785,0.28447458740561343,0.39738002361031965,0.0,0.0,0.0,0.0,0.0,1.7447506506136323,1.4604959679165903,1.8477804368630095,1.3042743468832576,1.4804628826053114,1.1321489849789517,0.72949796420118,1.0577470844831731,0.621884804276843,1.0316836835927157
1.2428376676149022,0.48866556282654566,0.10818395379476856,0.19855927610197616,0.3484029110215183,0.0,0.0,0.0,0.0,0.0,1.7259089763502247,1.8251279774723925,1.436309750641316,1.9698017776383265,1.9473841978102058,1.1296328862918394,1.0544327795870267,1.0613968243063554,1.0681630607819939,0.9519489632367371
9.880473781744493,4.3375417723488585,0.9141342287266958,0.6314471552583126,2.9223246972519883,0.0,0.0,0.0,0.0,0.0,1.6017225452459534,1.7167106119575442,1.6880554628037392,2.0951262683624745,1.877431075731298,1.1796397976721935,1.0939423800832933,0.9692586055792993,0.9632887193971649,0.9626068531009855
2.678351909531736,1.9787460594007513,1.1621532219680009,0.42341913788307856,0.3631068110554475,0.0,0.0,0.0,0.0,0.0,1.9612704806258883,1.935783585137477,1.7273032875224061,1.4639347848522362,1.6652132592055733,0.9405289062784024,0.9534755486347498,1.0394238574424453,0.9953958547227005,1.14581691476627
2.084558867775256,0.6897030620350126,1.1925100081555917,2.066075079031851,1.803622795771291,0.0,0.0,0.0,0.0,0.0,0.4645346100933045,1.219560320706914,1.0688648389568598,1.0802389725081676,1.4322462539894327,3.7947567408090195,0.6509330933585722,1.370452527569896,1.495314408917784,0.5256373920038476
0.766763260928879,0.2896816927543833,0.2642809674253014,0.4890074515361884,0.41569296450205434,0.0,0.0,0.0,0.0,0.0,1.7721923432135942,1.2662797953373426,1.8172744219782828,1.6820899123344732,1.832761305154779,1.1878040317177812,1.2374754193934043,1.0913710273437724,1.158074458928882,0.9938132743954283
1.618373382875609,1.6222410108438048,1.8845875059705346,2.0941331889432897,1.9689945291231692,0.0,0.0,0.0,0.0,0.0,1.3788618913754562,1.233747380872538,1.2584443822597062,1.3073747302312093,1.1832262438090873,1.1144956357578641,0.9940694226956123,1.0231909926752314,1.0398274039192148,0.6810114030843061
0.8768226756960447,0.6050608527587348,0.34703878482556155,0.21508270014099334,0.7397122810686743,0.0,0.0,0.0,0.0,0.0,1.6884810793565308,0.9855804644412716,1.0560573202445214,1.852630091336787,1.7525967958735034,1.2028738104155523,1.8800009218961693,1.4324053761209625,1.037360245412094,1.0025487093173735
5.906187450343043,1.0074863975534343,1.454597007994413,2.6877207354065136,4.005070268623666,0.0,0.0,0.0,0.0,0.0,1.0993432610795568,1.6692503009450381,1.3267495691445097,1.182516854643657,1.610561642773899,1.3811185199462448,1.1486018643547853,1.198583684996759,0.6939100384571945,0.9364615701968938
4.620263997053624,1.6933374926887392,0.1747230359495373,1.6927836707101798,1.6086758194566233,0.0,0.0,0.0,0.0,0.0,1.4907577375399625,1.8055164887780264,1.3112459992210612,1.1574792013198512,1.8858722630319242,1.2610616229900629,0.9981411981134886,1.2188063341582827,1.4806782016251532,0.9559972057961782
3.2203701568258616,1.6013686935444755,0.6355498400814541,0.48128432798119114,0.5453356433346188,0.0,0.0,0.0,0.0,0.0,1.4146854328293659,1.6406507721189072,1.8610605738932713,1.4701935173259342,1.0788834673953456,0.9868820256063814,0.8940009373736852,0.9309075922154562,1.1108686083954562,0.8459788161163989
1.07175077608316,0.578019118311941,0.3259248336332126,0.13556953089446946,0.2074862806009646,0.0,0.0,0.0,0.0,0.0,1.6259026726634918,1.7077552792226882,1.2723521868062768,0.6341653009324425,1.335446099309595,0.8672058752082603,0.8779301567381835,1.2370489399927351,2.8212180095766457,1.2450325901870503
2.833107859696518,2.7055491215188003,1.6269247999797298,1.5399153912448589,4.311382636792497,0.0,0.0,0.0,0.0,0.0,1.631758455334594,1.5672569103782439,1.5523219275852538,1.3719436605092117,1.899976841534366,0.8534861517193528,1.1810990334920952,1.2541120888505657,0.8985722410973149,1.0038951916180239
242.93439166420177,138.96111306828533,26.19250965880979,39.40624051653357,128.62163293901034,0.0,0.0,0.0,0.0,0.0,1.723025174154797,1.7614659712191343,1.7964718219822648,1.3466028772598218,1.9737938303456148,1.1676194459555214,1.1328584824658356,1.1656059227232702,1.2875425275929415,1.062439035053084
5.501184943515102,6.544127597904861,4.845402104701266,5.215924931818052,4.437770905704014,0.0,0.0,0.0,0.0,0.0,1.8816461270619633,1.615855671791954,1.0275634095235389,1.3295707107492676,1.1793523537442656,0.983319288875788,1.15330265332082,1.5336462276285774,1.3558364875408748,1.4148784032496133
20.299080656795876,11.90629146309788,2.9728512028365826,4.255708302040831,7.863538475304262,0.0,0.0,0.0,0.0,0.0,1.7745616973763003,1.7063450324303866,1.1772902359430526,1.0764834272022576,2.0175743018535917,1.162373278811082,1.140928696676912,1.6972711857650111,1.747160600248431,1.040269576655479
3.832650776007475,3.3992495944710868,1.0332101077707205,0.7370682467348804,0.9732097322762634,0.0,0.0,0.0,0.0,0.0,1.9530234511037126,1.7050181523170727,1.7814989210330576,1.5884698892451492,1.7392924881562428,0.9850803730971676,1.024431359604799,0.9776713461740724,0.8299708279745076,1.2061009538422385
9.140798959273416,5.05821486209111,1.7224714656011564,1.465980411531227,6.013651891656224,0.0,0.0,0.0,0.0,0.0,1.9977174776547915,1.9584354457541073,1.4026302066406027,1.8321399073351017,1.8297067295136307,1.0502226937649874,1.0601240606765734,1.1799122503926254,1.126897371456463,1.1006100582968235
14.403254861081681,7.774670207382485,0.7132535173596934,2.6082048404437534,11.127888651911153,0.0,0.0,0.0,0.0,0.0,1.8221491693801624,1.796374326814839,1.8264086401009674,1.7912109759644756,1.9774025207552774,1.1190821478435642,1.1231826892104682,1.1142873289282005,1.1361306536837363,1.0618110446436644
3.4760701462361974,1.70540479595994,0.3806556604780644,1.1328770911170731,1.9558318162172526,0.0,0.0,0.0,0.0,0.0,1.5509814510061215,1.4981435084108017,2.085185170139257,1.214218247345739,1.659041634590779,1.0213633477509558,1.1061283144750347,0.9954978957639653,0.8682543829921572,0.9972281969723319
5.175744256485086,3.5295127912116433,1.0997510429556825,0.48703443242905076,1.468533006519136,0.0,0.0,0.0,0.0,0.0,1.7903683435294604,1.7436521437545207,1.7612180564938062,0.9621378357653823,1.2303554034571016,0.9431219885106286,0.9353800471247714,0.8681084256161655,1.1444957848647164,1.545172621765323
39.34882601910045,22.484116685888413,6.251764929097403,6.257102071690179,17.96964339177453,0.0,0.0,0.0,0.0,0.0,1.731572104290415,1.6561908268992322,1.0548885860182822,1.3646833740699427,1.9595061568909398,1.1706122129116079,1.2030808475367716,1.7948849885772182,1.543046755438431,1.0736068283435463
3.14445491963997,2.652951221502442,0.7426655990004288,1.7301818947094705,2.568475913744181,0.0,0.0,0.0,0.0,0.0,1.5177581802977345,1.4754692875234503,1.689780755478922,1.367209272776993,2.01213492875392,1.2529037745965055,1.0942251991118739,1.0474365359853073,1.163672775210159,1.0470576417306527
0.37536707407017555,0.6037956794469711,0.5487875427288588,0.6769612197177752,1.2441639071189805,0.0,0.0,0.0,0.0,0.0,1.5141131143062183,1.4011752963827344,1.4520858781286057,2.0993725790117868,1.767257661680545,0.9663144166913452,1.0546911176221385,0.9859539173788278,0.9576817784266882,1.0614118181498933
0.678967478855954,0.43126334675253786,0.8342651433607602,0.6901922367817803,0.3024744969575683,0.0,0.0,0.0,0.0,0.0,1.2557842660156688,0.9250070541701754,1.6308689513991699,1.3540092450420824,1.9302200907788694,1.48985621442888,2.269083678636026,1.2040134619065772,0.8182607694789666,0.9157421915822629
0.10483339945496462,0.6717359956248894,0.49466397981734744,0.7736515284968236,0.1818609730594791,0.0,0.0,0.0,0.0,0.0,0.938257877323185,0.4154173542363984,0.7736615440041544,1.5058839134385877,1.562884418329946,2.2254489225758824,3.51433552456984,1.4613356184837172,0.6335576740910076,0.7835047357508795
0.9364697886053787,0.5454424720723611,1.101627091199765,1.0000637759164088,0.5382827616638088,0.0,0.0,0.0,0.0,0.0,1.749610551444122,0.704613747926396,1.5875956950793875,1.9995779538337786,1.8655890512062356,1.1277911187914502,1.3902614313620998,1.098664110397303,0.9625844568440954,1.0200456277484764
0.5818836496317673,0.9296238700827848,1.3926515248900244,0.7164922070541864,0.4451704889641313,0.0,0.0,0.0,0.0,0.0,1.2117428576010907,0.7357796834155315,1.506136112043466,1.688808201338022,1.8283886672993424,1.3557031360005332,2.6514920300192713,1.1568555116483847,0.8514487524254603,0.9812981877648956
3.612016258925111,0.697317417549416,1.1624542372446496,2.924470360181353,3.310443855375739,0.0,0.0,0.0,0.0,0.0,1.355767905724706,1.2981170392271484,0.7867950526483657,1.1758915310917673,1.5348599976910409,0.9889616360127488,0.8842923556804203,0.25189727508229237,0.3987565992887515,1.0076217124708662
3.505037918269717,2.649435004764454,1.0693457418353212,0.638732323280531,0.9456330917688172,0.0,0.0,0.0,0.0,0.0,1.9652484255400027,1.890495741703997,1.8193391363607663,1.4144307305040993,1.511570392855582,0.9539750955149966,0.9533902097126686,0.9202375952708716,1.2254846075800858,1.3046863742820227
12.625089520356966,7.632626923604401,2.3855195285228143,2.456701365832848,5.110407552678964,0.0,0.0,0.0,0.0,0.0,1.979358891960968,1.824636694156711,1.4386906260975487,1.8959509942972346,1.866691724605992,1.0394900356164527,1.1068321963730368,1.1817920691847994,1.0291035799345298,1.0980848268279333
3.6062502698688297,2.1920036789850106,1.0286582295485545,0.48444917473078536,0.6956027267313895,0.0,0.0,0.0,0.0,0.0,1.7147865860694247,1.7783860351311997,1.5661608615171088,1.290444408416221,1.808961877849699,1.1063424177171801,1.0910092397090423,1.101721891591093,1.053752133736661,1.156596423469978
0.8084962515595837,0.5464867404320347,0.137154172771023,0.9206651436747301,0.32219817935109074,0.0,0.0,0.0,0.0,0.0,1.921930107299751,1.5456168640512753,1.358899405909499,1.1129771773806318,1.777950172721232,1.094749748865215,1.046155988916899,1.225247811141602,1.0123353793756982,1.1325055413371494
1.5964590632782794,1.5806803757559171,2.533073946676687,2.3055972774300626,0.7657049288372544,0.0,0.0,0.0,0.0,0.0,1.57392873923951,1.037233637730586,1.1971804754795103,1.437445272533044,1.0662122862418288,1.240937800943105,1.0898027739901957,0.9982715091681171,1.114313977894547,1.1093722655091094
14.342220056429218,11.551073666940187,5.1892653655971035,9.942012501985621,16.2578480849092,0.0,0.0,0.0,0.0,0.0,1.5435218279392928,0.8232988318697807,1.015247235984762,1.9659303640457932,1.8871267465658967,1.313317162339611,2.5004387946932187,1.6330938862192361,0.9163831423513281,0.963355096967493
4.183291644751474,2.397146044292153,1.1858034282902492,0.8522687765568617,1.4978868552908664,0.0,0.0,0.0,0.0,0.0,2.0143301199558703,1.9453120415326244,1.7673914072745258,1.589760289672046,1.6488282168314545,1.0100212162127826,1.0075259211150358,0.9467887595232879,1.1337169827037354,1.1586932180150518
19.95928532041404,8.844664201069268,1.8691907338473324,3.4244554776602585,12.724176407434104,0.0,0.0,0.0,0.0,0.0,1.6243461215067232,1.7796775502398352,2.108758278336205,1.6100311314389373,1.871308007608915,1.0285022546099294,1.0265262350098534,0.964198247073034,0.9652555006233657,1.0000628221054806
4.491849691645031,2.7132063904072155,1.3074134494050482,1.1512046540509417,2.9438131541589403,0.0,0.0,0.0,0.0,0.0,1.2886767932720298,1.2152929235945984,1.1092805579783447,1.4510940069114266,1.7774404433716857,1.583854214939019,1.5045736051813234,0.984210099550921,1.278078852442286,1.0270840750214414
3.975844571981722,5.479262531749139,1.1653665272271367,5.1345424617052995,0.20329810664848927,0.0,0.0,0.0,0.0,0.0,1.7386678698622697,1.4144755122672352,2.018784634691451,0.9587851849311857,1.9662143182644822,0.9268929142726184,0.8699253693921966,0.9579773714568801,1.019106669896453,0.9645020778426794
0.26602129449876133,0.1490292932996043,0.04567844406173972,0.24344576888175098,0.5293990847135417,0.0,0.0,0.0,0.0,0.0,1.5913548963675335,1.7455076478835192,1.7394184209045092,1.0000442715919602,0.9574511139565691,0.9272954734045291,0.9000886545284092,0.9811707973770961,1.549717751235939,2.034567050069733
6.7431418916295645,5.206939081243858,6.067240439155487,5.817098826840995,5.08217808404285,0.0,0.0,0.0,0.0,0.0,1.2205070564204126,1.0983811960850043,1.4651937156489294,1.3786480923441047,1.5164129634864798,1.2973144682626607,1.4262698525283777,1.100440852921086,0.5142291147717566,0.898465110364409
9.973173126396166,4.3813631553787085,4.59307970824323,6.601081239924828,12.907177913046326,0.0,0.0,0.0,0.0,0.0,0.9974038973102081,1.1939468879926534,1.3477621774840354,1.5950483535804603,1.7587370445967585,1.488008121120179,1.507339162842686,1.1307744842308165,0.8714390300677719,0.9738241969748038
4.266644309080648,1.6852818988779472,0.18718104246881256,0.9000577769290834,3.9026898721402032,0.0,0.0,0.0,0.0,0.0,1.7246065632216376,1.8514926631641035,1.198162867509603,1.6090763529164729,1.5587798764239302,0.9305801974352045,0.9089830571219119,1.380847723063603,1.1190096515741115,1.099681166025973
2.63082252085047,1.3739405950406112,0.6159860377884642,0.6748510453089801,0.887642885759098,0.0,0.0,0.0,0.0,0.0,1.5070193156990634,1.2892536545677118,1.0195378221850053,1.3901673469699434,1.5376234296524744,1.071277684793425,0.748569820631205,1.3885742497715154,1.4977854120309497,1.2701273119518055
35.32513622398795,21.152834898210592,10.856834438910312,19.980782234254335,20.276788985028283,0.0,0.0,0.0,0.0,0.0,1.6015150605265152,1.5531396206837216,1.0282108060396056,0.6194407166585522,1.279903918785211,0.979044068948692,0.842628786392308,1.190545042179961,3.079640431336741,1.3598961433721704
0.0,0.0,0.0,0.0,0.0,0.0,0.0,0.0,0.0,0.0,0.0,0.0,0.0,0.0,0.0,0.0,0.0,0.0,0.0,0.0
4.134671199506295,2.5638660943091347,4.495022458349148,0.6177778185429756,5.472834290723763,0.0,0.0,0.0,0.0,0.0,1.6075777498088177,1.9077877013798816,1.7056074213584524,0.7353214729394344,1.6764318788345882,0.8614452042865491,0.9774080630695481,1.086266954055597,2.74009380372441,1.1989327662791647
3.339964820410163,2.4519738921116327,4.019947766610592,0.8916263193133347,4.759644531119099,0.0,0.0,0.0,0.0,0.0,1.4692453910729761,1.8312370551138215,1.563976258804894,0.924518716084374,1.6149192593052744,0.7117007661548239,0.9407300197893507,1.130642079452432,2.086492482027003,1.2141996089816287
3.2722955888485616,1.8497929976347904,2.1039364674566414,0.3988496998777534,4.48379403094172,0.0,0.0,0.0,0.0,0.0,1.5624049077677356,2.048914124790293,1.88701821785866,1.7698013307317808,1.8921376210991736,1.00218911605311,1.0004277907071717,0.9956751489475207,1.1637436745487704,1.0791940853587711
1.4443404144868255,1.3384111843667132,2.3942674273025912,0.7021903758098313,2.2957077918960804,0.0,0.0,0.0,0.0,0.0,1.631089285266401,1.8303448894570535,1.676398098645661,1.1255453482528206,1.737942626397251,0.81239396370377,0.9365182767568199,1.0622657184360358,1.1319810509468948,1.1269458578420908
2.5110491616114143,1.18433390398579,0.32923991591467505,0.7795981144523685,2.5006739633909305,0.0,0.0,0.0,0.0,0.0,1.7796372501585176,1.7652031484787578,1.3693431298723555,1.6416060454424222,1.508188498093863,0.9447946379778486,0.8730548733253272,0.2625707836987098,1.1770460988168039,1.147190532815749
1.4779432860608768,1.0888147290897643,1.8851344157009593,0.20402807130782402,1.9813510999270392,0.0,0.0,0.0,0.0,0.0,1.5325515462793713,1.7908400414733803,1.7608044544644943,1.2825927383443674,1.7356785793612763,0.6447284134006253,0.9635176033570829,1.002815753035274,1.0225963127179534,1.1033846949719341
1.507416763693063,0.6208372257328308,1.798028440772687,0.14377300451861413,1.9387535239882627,0.0,0.0,0.0,0.0,0.0,1.5662043774518548,1.8048456626567697,1.8567396211192293,0.7756221155480653,1.8670608137776992,0.8759541764612815,1.0447325914226888,0.9656808461163394,1.9481549530606423,1.0383837043824662
0.4342944746566587,0.2582733349330883,0.13345450168739564,0.41689681759720304,0.23961571118420583,0.0,0.0,0.0,0.0,0.0,1.394511498585557,1.9488651688382252,1.156746155717143,1.2701091886395834,1.4112458784624617,1.2952373716161913,1.0757930437928152,1.4851525907268255,1.2953401114175886,0.9417438127676727
10.271342819878289,5.965493854536694,1.6792602642326842,1.489389443023191,4.907116001180781,0.0,0.0,0.0,0.0,0.0,1.8825322308780386,2.018434317253328,2.0140231314723187,1.668680019448193,1.8923624184004915,1.0695288359842383,1.0091188722130366,0.9452467153746766,1.066855899131566,1.0898410913412244
3.5501653752738265,1.8246752585949302,0.5972923948770328,0.596587299875156,3.208195390221306,0.0,0.0,0.0,0.0,0.0,1.7394039518079942,1.7169397818363947,1.5251277028464076,1.3545856860828298,1.3043292325412592,0.924670704325909,0.8440516862769105,0.6396299581144413,1.2696303225445937,1.1504730911347396
5.40315503640849,2.5387945911840295,1.0050580399199007,0.8503934134573331,4.212464836347019,0.0,0.0,0.0,0.0,0.0,1.7076781364260747,1.8089022365752738,1.593307222699554,1.6618310318059455,1.4666314073102091,1.2265216211763983,1.0986546068147798,0.989157765122585,1.1246328971723825,1.16759753563779
2.366098812605734,1.0054109857183064,0.18768972097311398,1.0141780965220122,2.0714596390181828,0.0,0.0,0.0,0.0,0.0,1.83715234383013,1.7748542027680423,0.7268918117794553,1.6335990463776882,1.7347983115135746,0.9093842318193928,0.9010172662258187,1.0278386093360474,1.1188141882580138,1.0180978623731964
14.374989446372206,8.394143329790655,10.783232329136904,2.0362672080223643,17.697754632530227,0.0,0.0,0.0,0.0,0.0,1.790745718577843,1.5470407783301843,1.1987071972834116,1.399441272374412,1.2750813382082042,1.1281173334665409,0.9120323959070823,0.8809058414011156,1.03609678562653,1.1777836485754252
2.012149065458825,0.8280439605421774,1.4910303197364987,0.06724887186849612,2.487825543596788,0.0,0.0,0.0,0.0,0.0,1.4275700261352608,1.3482818633169311,1.3395890811118327,1.4795685026785803,1.0380867153685491,1.3250961603001783,0.37274632523316054,0.7956408171911739,1.2192887204438965,0.854924793357684
1.0925135209256955,0.7679507032953896,0.04287852661664148,0.4278603095127589,1.6910105861619755,0.0,0.0,0.0,0.0,0.0,1.593155929987537,1.4399865861216148,1.5855859125895104,1.8054702609186906,1.5249768221947058,0.7605294012369496,1.1923804355002157,1.0169966523239031,0.9934070838465612,1.213641668044179
0.2715275160404581,0.14347610819240514,0.07304305267947231,0.10294780650321145,0.12283129648043625,0.0,0.0,0.0,0.0,0.0,1.1169850443632081,1.4385445988448609,1.5188608283314804,1.5756178675695947,1.184533268033251,1.2439610360544597,1.0106222444022261,0.8167102938413496,1.2811024100622952,0.7542830050765996
12.487263454353064,6.362548070704466,5.964817832098831,2.9820900166553748,18.568919057883015,0.0,0.0,0.0,0.0,0.0,1.8277010406237657,1.6210873806432409,1.2801343787544357,1.376475171703447,1.2340697428097809,1.1393952824212186,1.034986797619585,1.1385730248860033,0.8214579298613082,1.1321195428449815
1.0799568638739987,0.43764203090939163,0.1327321447139838,1.3199849244850914,2.2068936059130144,0.0,0.0,0.0,0.0,0.0,1.5365216833371231,1.5038573506298614,1.7394736297480307,1.4120801061110047,1.5023551515162052,0.8556010410219507,0.8042379341017288,0.977240206837543,0.9507589127409772,0.8496253669647377
15.965822217161474,6.593111492048377,10.580715330035694,1.2916368270506378,19.763090124311685,0.0,0.0,0.0,0.0,0.0,1.4415127040932154,1.8762201457750285,1.86523893563921,1.5323526229481017,1.8255114956584049,0.9103537561859285,1.0876305711340746,0.9731580364646479,1.278361392913977,1.1084648375655775
10.318406647885016,4.573156132021871,1.7325629287433717,3.4584798977662423,14.628038257082267,0.0,0.0,0.0,0.0,0.0,1.2781993171085673,1.6378243647396,1.8446686096580611,1.6253933754713281,1.5814553299992924,0.6675881085534895,1.1544054909409078,0.9355802953321952,1.12177468252715,1.1590599444104062
6.322974687860709,3.8860694428031315,7.245002984939745,0.41598713432536494,10.045214212416933,0.0,0.0,0.0,0.0,0.0,1.7252637052312627,1.444293710112639,1.0920767760517958,1.8932752941160023,1.22418559354977,0.9949440402969129,1.07431483362122,0.7720404964021998,1.0490597921768376,1.1219301114734561
1.5737101620219454,0.7663716798291286,0.2124585450012822,0.42772755318787387,0.9697765664686898,0.0,0.0,0.0,0.0,0.0,1.8966171713553812,1.77734441664452,1.457564459720692,1.6344633333838468,1.3760155504691647,0.9385319688477163,0.9538587139567469,0.9566203861257512,1.1164693153604224,1.290877007924651
10.720630316364238,5.192092294052128,6.2916450350343105,1.0991500569827657,12.804866738363549,0.0,0.0,0.0,0.0,0.0,1.793958363572401,1.5488978069929482,1.3501528796627504,1.3945851662138062,1.3450685740875046,1.156730379736746,1.0176427301899549,0.87532514029718,1.1711685323473828,1.0612825755654718
0.3353782784913788,0.38927130968124257,0.29513405607002297,0.6881638797681794,0.5760851522841235,0.0,0.0,0.0,0.0,0.0,1.72408101932916,1.7861202991142322,1.3270503258819064,1.9456381584893632,2.0004225638404693,0.9699514048835784,1.0748681849484143,0.9392354854553332,1.0496390238662514,1.028280943735182
1.2589108826614488,1.42036980665655,0.10847980887515687,0.8690679226841341,3.1905874089719015,0.0,0.0,0.0,0.0,0.0,1.351481446569519,0.7490017703269259,1.5054407599532984,1.9694971923489388,1.5166306547898099,0.38141159817821985,2.356561616632055,1.2061794645428505,1.0267612104867134,1.3182431039533964
0.34692342092379647,0.14723625273916832,0.09566953103967961,0.28656858514221417,0.29190470133190816,0.0,0.0,0.0,0.0,0.0,1.7023205662227388,1.8754320122979249,1.4851927276845558,1.218575395032786,1.3642875138180985,1.0352351733807883,1.009692881439602,1.0466531163995287,0.599540887158997,0.8570754807913069
0.4897899932895176,0.16869690556402653,0.4606993384254797,0.08791795085524906,0.4192536847134944,0.0,0.0,0.0,0.0,0.0,1.1811633068339007,1.753203450352412,1.7248667490962555,0.9540960980294738,1.8213122062918454,1.3138833407319603,1.117763406271372,1.1680306054568832,0.4601114003361617,1.1402391928576021
0.5507629043875653,0.540349359299952,0.08663508881645239,2.208632290096661,1.0742993149836502,0.0,0.0,0.0,0.0,0.0,1.354146447741428,1.4892943415251028,1.4230048447922488,1.5993862360328432,1.974256569824019,1.4739238520398243,1.242067730939522,1.2312409720361857,1.2672554845787176,1.0562684876274209
3.6346228376605296,1.2084690192174443,3.8374231780169423,1.2097617836539285,3.240363170355964,0.0,0.0,0.0,0.0,0.0,1.4681626729277308,1.8751382989579055,1.2247767702833037,1.5009316514772337,1.1517966392384775,1.1333502402155833,0.8853408456490898,0.40750301344293455,1.090814106221497,1.5748343233398503
1.8236841450973063,1.1552321125839211,2.3242366404528862,0.11442651801605083,3.0621446329921733,0.0,0.0,0.0,0.0,0.0,1.9362430697385422,1.7476508598038965,1.593689273631703,1.6603107083533204,1.4130321210657695,0.9111521423707022,0.9047859098239672,1.1282921752265986,1.05225464532536,1.2162736538738261
4.417907647326271,2.2644755573497153,1.9378409026870294,0.7163854625308982,2.50705078014553,0.0,0.0,0.0,0.0,0.0,1.3100488163883854,1.5369446630924546,1.4294022691386132,0.803245295966597,1.0574371640287157,1.255562333917067,0.7934120332526516,0.4265688287302114,1.5539412161391422,1.3895806762635914
0.43401309498956575,0.07112294707896608,0.2580271005935396,0.17196785891837058,0.24113973949768647,0.0,0.0,0.0,0.0,0.0,1.8805808479803319,1.6924765501912937,1.7985431817326607,1.8053999607441058,1.3453225698677052,1.0805089544283404,1.1353769534451277,0.9602474238108244,1.0365067080549528,0.6341797727696742
37.93446992228699,25.306297873895176,14.124946695924171,11.122452245416321,18.93436139566278,0.0,0.0,0.0,0.0,0.0,1.157027189279991,1.0552545711552797,0.6573244588528891,1.1901936410252987,1.7960791753675034,1.675446105656261,1.8262478222462084,2.182983920541797,1.0977115766061882,0.9190842429471491
52.58739484310696,38.10424316685651,26.01847746820128,24.302209273820843,29.608743514295913,0.0,0.0,0.0,0.0,0.0,0.7962113320411524,0.7291154098884459,0.7286085177401662,1.1037403914715322,1.5758133163053722,2.176472308148257,2.3905154398234014,1.5383952742577973,1.0549714366877694,0.977750633437185
16.252857813481295,7.865391691429901,3.8373406781418984,4.272495646891234,6.101529405005953,0.0,0.0,0.0,0.0,0.0,1.0402848960346183,1.192088190456488,0.8481166132335373,1.0750493232727176,1.9018886363398098,1.8302542241828583,1.5689118296927782,2.1187566435296903,1.5661843009272878,0.9591146431581407
30.569451842029583,21.997554018181518,12.677491329804317,9.098465811961768,11.054549818708344,0.0,0.0,0.0,0.0,0.0,1.037242278980026,0.9494225049739163,0.6645942668333485,0.79718826787074,1.5378704427380792,1.8572152263877548,1.9903851319413877,2.3650862186425243,1.4365738776768697,1.0507265628014335
4.107459044169142,6.328805189349313,6.146926766186072,3.651173113955565,2.6318227887223964,0.0,0.0,0.0,0.0,0.0,0.9594272736032162,0.6287257077513024,0.6135186978839523,0.9546608732859757,0.9918252641360235,0.7781727726063626,0.9171040762201927,1.7728039290650077,1.3083997794278583,0.008972907399765988
19.12340383972825,12.633157671489439,7.925848149197266,7.906347268251963,10.695473179751257,0.0,0.0,0.0,0.0,0.0,0.8566530531613341,0.831454952445205,0.8805757360300905,1.1744137187806283,1.6555457615742322,1.988720680494611,2.1711181853347927,1.5631585593034272,1.113750445132417,1.0140682542588604
11.624682902178748,8.610154234683495,4.670211093138375,2.7310661568443533,3.0085769518259786,0.0,0.0,0.0,0.0,0.0,1.204359871244609,1.1357711831373478,0.9112590912493846,0.5354308271420389,1.4098277196922941,1.6371977449782351,1.7224476951157697,2.00117433777944,1.4564541295027749,1.2527715647758468
11.586298559241776,4.455628623350568,0.879134819316063,1.6953643738159463,3.0312154219502014,0.0,0.0,0.0,0.0,0.0,1.628757291006522,1.8411254834267416,1.6774610535045416,1.994058251904908,1.8675326538753605,1.1891511971898618,1.060152969791865,0.9658405852298926,1.0506067697874384,0.9987565296681099
17.240748209608572,12.19783191906211,7.750033110197506,7.726537113616051,10.547330018273609,0.0,0.0,0.0,0.0,0.0,1.8819639248090954,1.6964914470581405,1.187104398945628,1.0902229633514255,1.304762327034702,0.9369482301354882,0.9935848890213764,0.9468347394333567,1.1645021281949604,1.5246092619979454
1.5927848519498977,1.9974792959149006,2.6087927486551643,1.029646984460985,2.1395607042908447,0.0,0.0,0.0,0.0,0.0,1.7608211141193761,1.1099795664374377,1.2504519003864636,1.4306881916832166,1.9219471837304485,0.9083024248239787,1.7712618145459003,1.4182055522291126,1.0097576453099646,1.0631816494849748
5.687925066103645,2.17467303752957,0.37809615624770304,1.5816572003082285,2.9750577949681807,0.0,0.0,0.0,0.0,0.0,1.48059044459136,1.626727648423903,1.766805140931179,2.084268895198541,1.9494825984308435,1.1590105714120262,1.0381894445167288,0.8793918041589531,0.9764989004378984,1.0628049844724303
21.093804903322642,22.78119845292448,19.129709679360584,11.821937407291662,9.622365482999927,0.0,0.0,0.0,0.0,0.0,0.8956380106818274,0.6562691192223095,0.5038094213381564,0.7279319783284585,1.2119709272609782,1.8297429858601328,2.2523988685567966,2.0212394886602563,1.019583705746202,1.074537236536486
130.80646529830662,73.03645939203068,29.103174441122242,23.1473739214758,36.13403231682179,0.0,0.0,0.0,0.0,0.0,1.0814895675529785,1.1346890468007236,0.8796410769184909,1.0122573736568214,1.6576500511180812,1.6686387602339456,1.6055021599008625,2.172029191018044,1.5422165429027508,0.9562196145146872
3.3802345319870724,2.044669535347282,1.3926397300078683,1.6181829264744088,1.0849929934298896,0.0,0.0,0.0,0.0,0.0,0.6054068208903093,0.9141684682665775,1.0063665742329793,0.9159296175741984,1.0614193123418243,2.922162413059798,1.7090403509098304,1.6027998138230568,2.1575729380890754,1.5790765208272586
10.86467952707676,7.31323391937912,5.49415810307962,5.877291063213772,3.464275434452935,0.0,0.0,0.0,0.0,0.0,1.0330601707437466,1.2476628071573617,1.2567401145638832,1.0989390809573965,1.1750503854884093,0.8313110393925494,0.8122569488681413,1.143220768844683,1.6336379275585304,1.3424668726552578
5.1255162985588445,3.4049373947551786,1.8350719842737486,1.7259473719681668,2.889900603654282,0.0,0.0,0.0,0.0,0.0,1.022893624536054,0.8327836575229731,0.9127111477562876,1.2619594877226847,1.6157694408307863,1.6851883013826179,2.4101598349221027,2.09370006380119,0.6982134941215468,0.8372493717773206
91.33318904276139,38.30737040570819,5.566190495704367,9.828517408939726,35.535304736338226,0.0,0.0,0.0,0.0,0.0,1.5341256826578218,1.7584380654600815,1.7266578965275496,1.6094335329580736,1.9787878812939383,1.2214206105501664,1.0876429663753835,1.182209647465616,1.10260722326207,0.9671448400330829
14.128555301041484,12.600466713488014,10.626367293462264,8.873907506166862,8.549350883311117,0.0,0.0,0.0,0.0,0.0,1.6482484432979931,1.440745387663385,1.0783989082283567,0.8171639845892613,0.8918900114338167,0.9666384347029159,1.0616567975474545,1.2119742469123258,1.2521766350299979,1.4416703466819958
16.985663279008083,9.796613936140401,5.7005969145636275,5.443298239217811,3.6424001735971565,0.0,0.0,0.0,0.0,0.0,1.06167282368791,1.2081258942572008,0.9247454588851083,0.4995729434529248,1.5857868155628176,1.9248625821017298,1.3823539243895195,1.2223261498145632,3.2968893397642662,1.1537271526615662
31.73358232707859,8.8562606226277,2.726655523248593,5.84930088832253,19.489739850218363,0.0,0.0,0.0,0.0,0.0,1.358775894508863,1.8044584873053509,1.9383256884204647,1.6630339863787582,1.83992715808084,1.277132206330354,1.0560692775351521,1.037084522995893,0.9972553096425838,0.9221432850723809
91.59824924247286,48.81115415953803,20.23448228461837,20.910708858823064,35.62097498414586,0.0,0.0,0.0,0.0,0.0,1.141418668030938,1.1843312755799866,0.7926310182587105,1.3948291014827998,1.8563209154833233,1.7082364046630167,1.7003470664385947,1.578382862296618,1.18216191749448,0.9878346317899067
20.936281447211957,17.429804008657136,8.255153827894192,2.950401408061663,6.106168286156417,0.0,0.0,0.0,0.0,0.0,1.4670096710926237,1.211345545966503,0.8672634526821508,1.009208351339354,1.78056952984749,1.3469322787285194,1.6508323855184244,2.168143047882442,1.0471699347076886,1.0459092114521193
44.17657846836836,25.52398582071598,10.980934669396472,8.448620774823008,10.107364265061772,0.0,0.0,0.0,0.0,0.0,1.1014249735130628,1.200967324855153,1.0257547908368994,0.7990617488707957,1.552405070297556,1.6404404325416608,1.506191390275295,1.797227816141615,2.141653445958881,1.0012992615155931
7.196794963624129,5.084623725065461,2.6553862299251914,1.878301347737319,3.9730070457695303,0.0,0.0,0.0,0.0,0.0,1.5809872436183048,1.6477297705101857,1.690428120382741,0.5199070165132701,0.7448899131846624,0.9432141993031609,0.8375442397329504,0.8783898481682488,3.558316445345776,2.256949574607472
11.327245180089154,6.73720107220228,4.245374153602922,2.1358259029931346,3.6532986293154566,0.0,0.0,0.0,0.0,0.0,1.4530100061754756,1.4476501705273328,1.18211762674438,0.7951372584201348,1.7960309745873266,1.3491288916781523,1.2872971325479308,1.284226032461002,1.7511710776949911,0.9289365790446861
4.6780128307530235,2.008885535668808,0.5759062760905315,0.9625194906467168,1.2407312075172703,0.0,0.0,0.0,0.0,0.0,1.3027241824489113,1.5752730173791891,1.6596987897540667,1.8735422281022338,1.7375527171886753,1.156088898649869,1.0131245327567497,1.0729446177005353,1.0257724493545881,1.0539108263456503
3.6392441642252797,2.8497044258086834,1.6583147802996492,0.9576216859250628,1.0208230915950691,0.0,0.0,0.0,0.0,0.0,2.002589377238135,1.7421409044012475,1.6162214709815332,1.1152853692735383,0.9681093247094612,0.9642835138615036,0.9718931341020903,0.878223949646276,0.7701854628495448,1.2551450853872033
10.030910829179225,6.420911319065607,7.381477496016113,9.004688594610256,9.251349455336715,0.0,0.0,0.0,0.0,0.0,0.8112383369919217,0.9095298408321791,1.1268911132721038,0.8699795721516935,0.9935821474489185,1.3616528683339744,1.455541005081235,1.436253583401528,0.350125478385408,0.638515310582719
7.201654278538717,2.8833241167079455,1.1319380933947187,1.6430384344423736,3.6333607961748045,0.0,0.0,0.0,0.0,0.0,1.4322903857629878,1.7419300892629528,1.6689726613270681,1.1142397478373764,1.660555679910472,1.1269062950937734,1.0703600181080586,1.231528116645561,0.23690772508677393,0.8584783936246387
27.003708809246746,19.853834987754347,16.333023425967788,15.440779604582184,12.33265543391352,0.0,0.0,0.0,0.0,0.0,0.6338159938779989,0.690983789258138,0.6729743593230473,0.7323095179673318,1.0034495123859868,1.580354988469646,1.9956953188751803,1.679865304287977,0.8955460784868865,1.1892817740467903
10.916387085025743,11.139544007689945,7.015817679151209,3.754625064734051,5.494974236537564,0.0,0.0,0.0,0.0,0.0,1.3212331775863957,1.116297638919504,1.0332863843794033,1.2154741282076278,1.4744772449302879,1.5493861648577358,1.5683823919512019,1.4414398131606332,1.2805505148334573,1.0879803289332652
7.181131852968015,7.5924962030369185,5.803010534036593,1.5491813946383826,1.4984234527164533,0.0,0.0,0.0,0.0,0.0,1.0845631595606142,0.6819001044660381,0.5863829725027473,1.0326032519882586,1.6527412384195554,1.8240873413237493,1.8677515380282779,2.0885784211386764,1.3000058498941218,0.9298998603435445
2.40406830039844,0.10437578654299318,0.7495112788335785,1.5162831516083268,2.224627805815609,0.0,0.0,0.0,0.0,0.0,1.3026456301030125,1.8983304021467053,1.7415220840520682,1.9363601336533531,1.7305729394486526,1.3596748735548878,1.0824321247422688,0.9689639827776275,0.9735074045014313,0.8600625276090043
1.9824338750840695,0.29128055810537984,0.6835969169371486,1.8061920642842098,1.8073030228229825,0.0,0.0,0.0,0.0,0.0,1.036480234835524,1.2377953452406394,1.8358059687186656,1.8353105969032175,1.7385767533856444,1.8544320329149528,0.9688343529212526,1.0050368905809548,1.0445332358359787,0.8833323696772538
7.544822194794909,2.466576839983145,1.2783361985319186,3.6355578970179523,5.2256288229624746,0.0,0.0,0.0,0.0,0.0,1.5500865760958797,1.322179083760727,1.0163773556608706,1.5338356281672338,1.9151222119286404,1.122954271160265,1.0621022781627927,1.6573633313304925,1.1908820294012363,1.0922757617695509
4.831114942692705,1.7144761170574665,0.562374060221562,2.0707287847564464,3.7347854752732608,0.0,0.0,0.0,0.0,0.0,1.9626171709577005,1.9081143231943685,1.6816543157598955,1.929254316204513,1.7471494180795952,1.067237764894495,1.0884069897164985,1.0101473113938912,1.0643069285387354,1.1308607901478427
3.427042879782644,1.0495217604503322,0.8630962297084747,2.357943198609129,2.3411153925456674,0.0,0.0,0.0,0.0,0.0,1.3918730771539316,1.5217010958452695,1.4890442014141883,1.7481275084877703,1.8240169352244864,0.9000730361696561,0.9852726889046349,1.1904043546594951,1.1646016363406435,1.0974725380639863
1.6879861554179336,0.31166345483486185,0.4148352794174072,0.9970044018759854,1.1031772662576347,0.0,0.0,0.0,0.0,0.0,1.5694431782607425,1.8940358358842373,1.8401208747935605,1.6939059033624746,1.5377011970975771,1.3426758606278597,0.9541673832926648,1.000929926291024,1.1967841616208543,1.0633173829356886
1.4527399851994758,0.7590112611018303,0.14526803976154032,0.4407693921714288,1.2882877080121742,0.0,0.0,0.0,0.0,0.0,1.458778183041703,1.4858780788146968,1.289017428204518,2.104413644901993,1.5908312471237425,1.0673048130549136,1.264160860231191,1.0074977246332808,0.9685986452057802,1.2887622336515638
7.290466216487434,4.182605718821791,1.7976407455340255,2.4424457987543664,2.8339835575269827,0.0,0.0,0.0,0.0,0.0,1.3791676894269707,1.389081742385466,1.3540331500073464,1.4273016028672636,1.2812026895616295,0.8165367563626101,0.8262143179629681,1.206308280552829,1.4742548911821827,1.4642250760507465
4.170893262259695,1.1785839831486906,0.8348383211171914,3.0912959895293985,3.1871452889583436,0.0,0.0,0.0,0.0,0.0,1.689588327441755,1.3885491674811017,2.029752539608922,1.6773666337021234,1.5077439318885868,1.0842519362495486,0.8034656399407619,0.9849128861453852,1.1856815828414273,1.1195453385755394
2.6200806477051373,1.1120435926954553,1.3841132538251693,1.1345693566062882,0.8017741141639249,0.0,0.0,0.0,0.0,0.0,1.2843541484991101,1.6645296248731871,0.9745728956268702,1.884384425477312,1.8358890884965045,0.4892035116449933,1.0601536314893214,1.6173144891352158,1.1073326585795056,1.130465986404483
3.905440696200042,1.0275352415021781,0.8304246344290102,2.0452443831423204,2.5456337898824364,0.0,0.0,0.0,0.0,0.0,1.684679300837885,1.4172324599586767,1.7818098488551324,1.8785116300576366,1.4996093168435807,1.0992403871714862,1.0720650020830176,1.068618961550564,1.0926630630584029,1.1417790801206795
2.6497255453384736,0.6427223385483545,0.7631898279439969,1.753674410577723,1.7155486062488652,0.0,0.0,0.0,0.0,0.0,1.457102327314631,1.362202694473235,1.5971752367529246,1.7897379052391575,1.8658561109499636,1.0204054113311154,0.9046041342842506,1.2119010784023538,1.1276167010058007,1.0931683228596383
50.12825199202271,19.819273685145767,4.766443813718003,17.967381065056692,32.60970169381751,0.0,0.0,0.0,0.0,0.0,1.7305689838166538,1.547594615164266,0.964432939667956,1.8572493174527365,1.8064024167934036,1.157494158730484,1.262456821911223,1.8095748321521001,1.125393227212805,1.125485840899154
1.4722695952074334,0.863297152102523,0.31247672076685984,0.5646104302983976,0.9711922866373726,0.0,0.0,0.0,0.0,0.0,1.328559141672125,1.344337113686387,1.3888538163172648,1.394744530746271,1.4743187678826486,0.9233238029749211,0.7990454441125506,1.0155999324979608,1.4993999880512419,1.376674556276136
2.469051758085187,1.193241571037559,0.7991474429315967,1.3634608657927871,1.7205466212892742,0.0,0.0,0.0,0.0,0.0,1.5479456192618208,1.372862598428568,1.8414308499638412,1.8241515726582922,1.552332312846236,1.0447082324791128,0.7033457287101261,0.9471841563106761,1.1485659172754623,1.2538643395652491
1.926060365919676,0.6289506136148494,0.5394508947219601,0.38705068552373423,0.7906102148086925,0.0,0.0,0.0,0.0,0.0,1.3851304730879506,1.6812550112502223,1.1701680985800527,1.3143502130106517,1.7172030675270902,0.7447843163252138,0.8984914263841466,1.330310700076364,1.3273088248472273,0.9663935709263809
41.04812738722344,12.816540945844846,2.6017378715929724,17.47094267175728,30.45721082922962,0.0,0.0,0.0,0.0,0.0,1.7228652165195706,1.69618585226376,0.7636871556340029,1.6474840177202894,1.8666842600797753,1.1391684986352342,1.1732051814117794,1.0619350714272475,1.170715927523326,1.103010356787068
3.095983254577399,1.0046383203824376,0.4551050943633393,1.2393069951969997,2.061344004424023,0.0,0.0,0.0,0.0,0.0,1.3508320304958599,1.5437760568803611,1.8163247173492914,1.437897706730913,1.5148301154740536,0.9398611859669392,0.9265659191149755,1.0789704763206251,1.0243782918112132,0.9369401862808198
18.8023120740131,10.074084164464255,4.854152569985928,5.445042492410728,9.704189908245985,0.0,0.0,0.0,0.0,0.0,1.4271599143111662,1.2218446599592447,1.3372993685343144,1.928790248525747,1.5047250612195473,1.0061307911392205,1.04539138183546,1.1880117673554416,1.0778043374873028,1.3231327654685598
19.173799941438183,5.559864742226262,4.684516749959123,6.131350838717458,9.130684220728346,0.0,0.0,0.0,0.0,0.0,1.3422940579092864,1.548537294009028,1.4449566896518211,1.6723770884231233,1.8171003115468638,0.8053885021050753,0.8468979748151242,1.2330936482574077,1.1904953819209587,1.0743849270581198
23.872416693132482,10.54543332468924,7.750318355448148,9.817567309446327,11.35649864252134,0.0,0.0,0.0,0.0,0.0,1.544065101197698,1.2114393345349959,0.4853259453598062,1.4139654014477654,1.9715444255297794,1.1262890553038913,1.302787838758875,3.6151077895411587,1.3160511868097977,1.0647383607002545
0.517802852134178,0.2521207283886936,0.46826553412684085,0.4181767075892573,0.3258982290889773,0.0,0.0,0.0,0.0,0.0,1.3345724608720637,1.1658141845240706,0.8831602611471691,1.4275653001798267,2.0679854203279593,0.6943401410278023,1.1549957886161257,1.933628144400742,1.4368466946147345,0.9369565140729342
20.99029874124836,8.612007148518463,2.991121590814139,7.961659602722799,12.198264103566203,0.0,0.0,0.0,0.0,0.0,1.5619894750660672,1.383755241084999,0.5078571905981653,1.5613633878467343,1.8986102694087554,1.1717601134922266,1.3045472363721753,3.4086144941155547,1.2900537863640003,1.1003496740273648
1.8736386884523555,1.554699520590167,0.731955382233582,1.7128337179779307,0.9244685167771964,0.0,0.0,0.0,0.0,0.0,1.5694485116043932,1.7300656035435584,1.6063646383771826,1.2676350988587743,1.3251256061801473,1.059709054719971,0.9121617701837531,0.9034412811878173,1.1567254553449944,1.488300001341085
6.497654717583032,2.2723784328864047,1.4356162276102065,2.7241860733383656,4.765450056895787,0.0,0.0,0.0,0.0,0.0,1.5110692468272549,1.4330137255703705,1.978532735405078,2.023109249777768,1.512421120761419,1.0183911526238543,0.8912954759380333,0.9516459323793024,1.0373951567830095,1.2410919036719494
3.9513670590266594,1.6342838399329902,0.20024863695107914,1.7331470796808521,2.193463515635056,0.0,0.0,0.0,0.0,0.0,1.701521568647746,1.7031262449545812,1.3135659186774549,1.4499854861499484,1.7898943382959576,1.2138489750870893,1.1383961090847885,1.2382673516577862,1.2618770743172587,1.127257435953655
0.4654856777586196,0.20793273954626698,0.07302161371719944,0.13818802928392598,0.7001352657779497,0.0,0.0,0.0,0.0,0.0,1.6130167836207843,1.9792646383244856,1.8930545217760184,1.9378529059758083,1.8981236753313904,0.8774826436341335,0.9735049170048423,1.0951263798080568,0.937608181582748,0.9999578298820847
2.0765515303816455,0.4452776698486047,0.82297360287762,0.8978297271021598,1.3541294214185522,0.0,0.0,0.0,0.0,0.0,1.687279057572833,0.6702322218456066,1.8513969534778376,2.009364042422268,1.6413097311827132,1.1499682493847265,2.0248522732905756,1.10685741208768,1.0391999726712249,1.066554363806974
2.4657344334266953,1.5587980246443258,1.9906864852418285,1.0087851315059393,0.5300283438955578,0.0,0.0,0.0,0.0,0.0,1.3426854456774864,1.208587374727844,0.699879933892088,1.2086825888124169,1.926622409854298,0.32752805415051195,1.2325387033628135,2.3660075614079323,1.701945169481976,0.979594430572082
0.495171978322584,0.4276304259822307,0.2574607211596334,0.1336196457503076,0.28580736127095185,0.0,0.0,0.0,0.0,0.0,1.9550404618533768,1.225263705522553,1.6806776286402358,1.0546083618933533,0.9894110943700388,0.9527362119856388,0.9842876496094338,1.0206394499585032,1.3928809942309055,1.6932844855733031
2.605305772348449,1.666781807979993,1.4490812817192245,1.4649864681087075,0.600083527206875,0.0,0.0,0.0,0.0,0.0,1.4183371532387261,1.5658480992671617,1.39739582812946,1.4431547008894738,1.8808354041632092,0.46435605578992123,0.9198489729086846,1.1936546871212295,1.4535626212523258,1.1032249210848273
0.4067152218375053,0.280482699728925,0.09940349092953857,0.1316954564597914,0.37772817150268173,0.0,0.0,0.0,0.0,0.0,1.6458629582954099,0.9855483524524316,1.5801143737380188,1.990558601512418,1.6428804967748198,1.2469997744297399,1.91182239672342,1.1472583652878856,1.010185367223243,1.0678608375167544
17.430393363653724,9.623567432148734,3.7325053843795155,2.12001985488467,7.044323340477814,0.0,0.0,0.0,0.0,0.0,1.8205104034958732,1.9673633539555961,1.788634047538925,1.6244009346062473,2.0405871022709356,0.9923433164541116,0.9492365201108406,0.9413087187272337,1.2424949929637494,1.0323013702565649
16.59960802074692,9.592084239979027,4.628439116467693,1.583632948861722,4.056579796329508,0.0,0.0,0.0,0.0,0.0,1.819070604904112,1.912534786058453,1.640218152992346,1.3956091455911783,2.0713091549290175,0.9479574186054701,0.9101085342538207,0.9682859815520509,1.4070632362764857,1.005677212719777
10.40462763513987,4.347970987378064,0.9707445573707286,0.38781768936382044,2.844020105707839,0.0,0.0,0.0,0.0,0.0,1.479973073589214,1.6514641753802695,1.917095639714885,1.7959562059613277,2.0115960068403815,1.2017279039545525,1.1721761964079345,1.0171190796064251,1.0770362943102187,0.948889545870201
22.603751098769912,11.691098039914248,3.004034475280666,0.8053144340927286,5.638310456773192,0.0,0.0,0.0,0.0,0.0,1.77741647628523,1.899137043271722,1.870297643010752,1.7871896302614192,2.0022912181918846,0.9985408257075676,0.9521424391352615,0.9023151984015457,1.1474651426574891,0.993619487936639
1.98754395141841,0.5449168200349143,0.7700646493429513,0.6594951829998251,1.235503730135991,0.0,0.0,0.0,0.0,0.0,0.20767002757456537,1.0003050153050865,1.3600124620444791,0.8799940588838737,0.8672381913769693,9.725014575093992,0.9598391398857924,0.363960703155957,0.904197514559897,1.8772567313644464
11.259016828113374,6.700659338899975,3.9090996280774575,1.1208452202853965,2.226363405725498,0.0,0.0,0.0,0.0,0.0,1.8024757178206892,1.8555236821570678,1.595950235474713,1.1224702393148407,1.9454367037562923,0.9290080250840103,0.9216451442652205,0.9801338684033378,0.9452790857941966,1.0734555053603325
15.289855795310118,9.16121101958348,1.9859721782708923,0.23857551711382655,3.797907040499556,0.0,0.0,0.0,0.0,0.0,1.6901732344190112,1.6815384343234339,1.790480877429944,1.3948519380531963,1.7925099113892276,1.0409919491152546,1.0426442446498332,0.9770186497382256,1.192341904951486,0.9941685405531727
4.0856347338352395,1.7485901219022737,1.3602590641654453,1.585590778300766,1.609290679777935,0.0,0.0,0.0,0.0,0.0,0.6936628423523813,1.0537665781865704,0.9665110376823483,1.0639777633787846,1.4516807837586094,2.694665397429141,1.82531785954141,0.5075123206988302,1.401322907213658,1.142206543265443
2.4085617368285535,1.641444275640363,1.104310392771115,0.9406883370595456,1.304882825693778,0.0,0.0,0.0,0.0,0.0,0.90567464437793,0.96673606272786,0.9847739553084343,0.8666893097240946,0.5270682677326779,1.2463248027659355,0.8874092947735802,0.8743209112322945,1.5249808252803296,3.7175050327692483
1.0548345823314582,0.20499545509633413,0.6221746486839628,0.1347975940090805,1.0816803988775225,0.0,0.0,0.0,0.0,0.0,1.2505762550829482,1.6553451185335206,1.8263832262686237,1.6484884929600827,1.703191295778502,1.125862378363515,1.1894739792219118,0.9245822497496446,1.2144173010606987,1.0676611394061561
4.007574190603322,1.5773871623889435,0.3764625717589267,0.4586619497868198,0.7388247662133333,0.0,0.0,0.0,0.0,0.0,1.1261445811084916,1.3346591397821748,1.8828155726260867,1.9633501114085665,1.6748763101877555,1.3716870430708141,1.2011110071917273,1.0392492793422907,1.0515280119355697,1.1064978740339504
1.8109427174713217,1.1976159383682852,1.0131248615167217,0.8760424468250163,0.9968443702641311,0.0,0.0,0.0,0.0,0.0,1.5797252670848825,1.5464398883930532,1.3555527746223621,0.9574205008115917,1.083165761713281,1.0982546433240719,0.9233721283541091,1.0740210210599954,1.6344827524189396,1.1053291981131366
110.6552062836384,52.71818705542567,15.204137258244614,1.8500833182086107,25.89556606445506,0.0,0.0,0.0,0.0,0.0,1.6985235744659464,1.8906897195530712,1.9657234189224497,1.8518269032652541,2.0428911242794503,1.0219915994693025,0.9612341246290541,0.9144315004356364,1.12724389892077,0.9662224933488366
12.226789760001813,6.7001714196303155,1.3348493028954018,0.584607503555812,3.8156332362534338,0.0,0.0,0.0,0.0,0.0,1.6627157859338604,1.6213341680863127,1.533215958045433,1.9886743486659701,2.0062797816430167,1.1075136073787974,1.154983146809833,1.1099458695553879,1.0329486500378506,0.9860820791197356
0.192735687104788,0.007161047356502516,0.11840078894874957,0.1289387887418289,0.20920399127354744,0.0,0.0,0.0,0.0,0.0,1.251956095201813,1.6071530585222065,1.8814670483859801,1.371599546851647,1.5008377451749901,1.460637476259141,1.175049542940801,1.0317585262574507,1.2020124373737573,0.7036284155203124
5.176096918564746,2.6504708970032067,0.8547323347951069,0.14663055480633247,1.309320061718521,0.0,0.0,0.0,0.0,0.0,1.7711919298343115,1.910902222708173,1.8788991564482929,1.674866556093898,2.079130346279614,0.9973608546220699,0.9487882834548259,0.891197918149678,1.143670518615301,0.9473066287473663
33.34356241447412,8.707034522515414,6.243500551229282,3.074929619329413,9.467314719268789,0.0,0.0,0.0,0.0,0.0,1.246410855532927,1.686243809267531,1.9648192265291102,0.4321717537490568,1.7431064752439527,1.325324221095241,1.152602235214415,1.00331311881574,3.8914172081181224,0.9573815719633904
2.9433547550359265,1.9052590771564097,1.5335873496264179,1.2761408999990331,1.9629915397172435,0.0,0.0,0.0,0.0,0.0,1.3971145140011154,1.5781655818182183,1.4614721645560211,0.7609270663484916,0.7585654648678575,1.1543492410122838,0.8423408597783518,0.6233572618705525,0.9688193560092064,2.489037026254482
59.612280608709185,29.921905988701134,5.7146878980170825,2.5414170497590187,19.750166593008913,0.0,0.0,0.0,0.0,0.0,1.6832671200692342,1.7797849998411754,1.8645050125393168,2.0073369537279397,2.075239259711298,1.0975242877361748,1.0748814058805531,0.996089501462317,1.0347893370310035,0.9742812133283684
12.680533380967088,2.390312000524742,4.548420783486773,4.31064625284108,9.273623956355772,0.0,0.0,0.0,0.0,0.0,0.8605573988188492,1.4925162866143076,1.8303427145628552,0.510207142948309,1.6157624100562584,1.6945365660263754,1.2632442888364486,1.0189888237441938,3.4491440377540736,1.0579753377413774
67.0721589332536,29.471607291312658,7.797331451879558,2.2509404107178854,18.775074423060406,0.0,0.0,0.0,0.0,0.0,1.6841125510350068,1.909825909193417,1.9435805497466303,1.7591607305566825,2.040053607398217,1.049466718243397,0.9690150775352886,0.9069525345341467,1.1204141351015517,0.9547734182434039
1.3220358241443488,0.9970785086966363,0.15143967147975698,0.5235544693619401,0.4270868186572002,0.0,0.0,0.0,0.0,0.0,1.8003803490894446,1.549415781911879,1.3543571883830194,1.9083320229872285,1.8559177271888625,1.045713185896169,1.1755918745919496,0.6231083123514654,1.0423843068380398,1.1041121590007854
73.76599107291636,32.89382172714593,7.458598960731204,2.2899967012534264,19.713091436882856,0.0,0.0,0.0,0.0,0.0,1.6018706665828644,1.777848532397218,1.89043459516166,1.9008042071297517,2.0671227797000156,1.129242283172589,1.0688951668158209,0.9745010316371925,1.067158909506251,0.9566277437954019
6.00324378872514,3.714429111629903,1.9164488633899581,0.6661232704684188,2.400258595294472,0.0,0.0,0.0,0.0,0.0,1.6661863169007591,1.8780517214099803,1.9381708034484146,1.5112467795202882,1.1844540571961604,0.9325820147645095,0.9360304346777434,1.0170573510470091,0.9810052777002106,1.3505254452097806
22.533501869926116,12.735727153863808,4.645465424645812,3.241764259428411,9.791000754949627,0.0,0.0,0.0,0.0,0.0,1.7958698277665794,1.9274857986021963,1.8316691683253774,1.6779812272180916,1.9938084289970668,1.0119141633678745,0.9801193612778252,0.9076274532970517,1.1913415360737931,1.0555763944811078
2.5306608568377813,1.9186558239617113,0.7730866143731032,0.29073541978581857,0.14495939185000134,0.0,0.0,0.0,0.0,0.0,1.7074969909199897,1.675973030611129,1.7855065939009203,1.2389016561094344,1.2412473198778031,0.9009760244008581,0.8898994975603842,0.8916158005000241,1.4596258891181966,1.273863587753774
0.28435978920524363,0.3911365931613494,0.3833219222473708,0.1463958922123569,0.11171104338998443,0.0,0.0,0.0,0.0,0.0,1.18800162828405,1.1613728062321873,0.7621774092755055,1.4174700307589922,1.9144555797905836,1.5467818232285107,0.6074558776647119,1.2079930824361658,1.1476696645774747,0.9605377744305363
28.422084267984395,16.16901844840418,6.621077393923599,3.185360902858324,8.5533222656664,0.0,0.0,0.0,0.0,0.0,1.829690977739844,1.8954326590204462,1.687361681358715,1.1819697476682736,1.7680207639578829,0.9505058049905325,0.9263436762511799,0.9116666629678531,1.0092304341710032,1.173402391541413
26.230728024486332,16.04666136975524,8.278745516973895,1.8773723878593664,4.746773366570813,0.0,0.0,0.0,0.0,0.0,1.7172912869385972,1.837967593190861,1.6972183664732048,0.8795224485341916,1.5647617815851307,0.8909500725088244,0.9150438637472138,1.0637811032754505,2.0449288177934832,1.1221446607254815
9.571520390216481,5.457031958161527,2.474017568469047,2.9147766480099446,4.16961684890186,0.0,0.0,0.0,0.0,0.0,1.939576617654231,1.935611168479932,1.4528674569734574,1.4864127541278438,1.7820297617638272,0.966917429605841,0.9252577325411419,0.7945388413507848,1.2286638427546586,1.1696312915057885
0.8168133860740978,0.37041225738919853,0.18515396899110778,0.8995245904343114,0.7281026495428907,0.0,0.0,0.0,0.0,0.0,1.2054346008161378,1.7866194575514964,1.262329569780541,2.0148414059470974,1.694488018453428,1.6621947923377514,0.9731433080261527,1.466050553501533,1.0132320037454496,1.1987041467545942
1.4345730335296056,0.995869461867026,0.3247674924682755,0.04701864735926063,0.23371846351164324,0.0,0.0,0.0,0.0,0.0,1.8043343081091006,1.7739168091975752,1.9568684936495297,0.9767157628426284,1.9791226782218514,0.9589703701613372,0.9668102283247815,0.9288357432485368,1.7988561596829193,0.9958708283089508
12.658012896886303,8.527607353121134,7.399020897773836,5.095280202295896,4.078200138478001,0.0,0.0,0.0,0.0,0.0,1.8612549387375477,1.5900113750661762,1.1620188332252144,1.0824910183690382,0.9811242466081648,0.9359475113213921,0.9400469913204238,0.2904701939786608,1.6156604609469187,2.0918917235889385
8.40679125191302,7.4483128141899915,4.968147689475097,3.31438020877962,2.791175473002802,0.0,0.0,0.0,0.0,0.0,1.414361319363323,1.2573091916986454,1.1994193113178546,0.7741821501420176,0.18454438451521354,0.8672506352039107,0.9888854518071905,0.8472299130221252,1.2605987676444386,1.6960084010268082
6.224315926670917,5.145979707836366,5.1741971087546625,3.5481917124988405,2.138829232564878,0.0,0.0,0.0,0.0,0.0,1.6286354197118498,1.4665557954047868,1.3164758063336657,0.8684936763440867,0.8903435947834449,0.9279104072502307,0.929109878629084,0.902980646454786,0.806959739699686,2.05585402634228
11.203057242927272,9.324585106054654,7.961303019481487,5.965846308320744,3.248393170891709,0.0,0.0,0.0,0.0,0.0,1.471244801638809,1.3297923580767075,1.2188617414347929,1.0434780168462898,0.7074810124312584,0.9035505607744049,0.8524774804391164,0.9229913385848828,1.3346031103389877,2.3242830753809405
1.6649507573100244,0.9819912971178141,0.4476747319725692,0.431443213035309,0.32152570182800777,0.0,0.0,0.0,0.0,0.0,1.9008012881287295,1.8857676533586218,1.4819303049244996,1.7401827875155997,1.830276556085317,0.947752485159282,0.9197689521942637,0.8329881573681203,1.1261638345039133,1.102351084903591
7.447276602749992,6.239944541424848,4.23098460322374,2.8018306643081887,2.099356032696432,0.0,0.0,0.0,0.0,0.0,1.3931809276328542,1.3269999595326094,1.206107538053248,0.8314751564081582,0.39262979101793405,0.9406412331034768,0.9535186712036114,0.9520913867743453,1.2963630218870994,0.9080761818185821
7.039284092687391,5.022525006395164,4.073152764710413,3.282077730757139,3.0825284279252214,0.0,0.0,0.0,0.0,0.0,1.8260050164342838,1.6915769508625202,1.326967196151825,0.9639099743926173,1.106414705995603,0.9223074014108713,0.950859528337292,0.7987173876974799,0.5790931026377755,1.8580797310387667
1.6713493966939392,0.8426489899762647,0.7564166537796179,1.109483736477415,0.9933455570430038,0.0,0.0,0.0,0.0,0.0,1.8910160544805348,1.7745264084607748,1.370238675605785,1.3741353475634623,1.4920814799208195,1.040699595252252,0.9406856805269616,0.9953012722868702,1.2858551630013753,1.203875818245836
1.965665597628367,1.1760734453552735,0.6234037569548688,0.47935684709810894,0.2528659986652324,0.0,0.0,0.0,0.0,0.0,1.911409521165674,1.872967819877191,1.69660860973636,1.204837650993507,1.8270053716092602,0.9855179167136375,0.9537450993017016,0.9303480637819563,1.1306479483026204,1.0350324408108271
1.3877539662183849,1.2979349939048386,1.132032732171122,0.5964278845900903,0.1804489593085427,0.0,0.0,0.0,0.0,0.0,1.2660165180390788,1.0283195411396329,0.9226629513404528,0.7794623396375318,1.2588165308527217,1.095544963551873,0.5634364930100078,0.5326530492311596,1.3673848056361397,1.3536784502454005
7.955312449179273,3.714566511200458,1.141671764979695,2.0094471838474477,2.703637008774151,0.0,0.0,0.0,0.0,0.0,1.8953586166750056,1.8960558530567442,1.5472297271090076,1.5975266661433607,1.8505002563036594,1.033367895739002,0.9812072795850979,0.839221024060032,1.1369460276694003,1.0942685553888214
0.8071740588830592,0.4634646115114071,0.30502445940654727,0.42577191516446045,0.47229680958250164,0.0,0.0,0.0,0.0,0.0,1.2742857367496423,1.1917979688191584,0.5711864583312694,0.6651970332127063,1.1810859160809868,1.5879475999420436,1.5568770302768165,2.3589325983198743,3.008064398664279,1.4739147357057634
41.29051678743498,33.51344009179432,26.764883464939146,18.266507497483566,9.022963370294546,0.0,0.0,0.0,0.0,0.0,1.5354961804580525,1.4041627455624477,1.2560948571893706,1.0952105254202082,0.605040755873169,0.8770943598974706,0.8597765122003694,0.8535222441485654,1.0973402034945186,2.645159087475306
5.68332628978714,2.772709940217721,0.8988410176512212,1.3623900054103397,2.460942602578089,0.0,0.0,0.0,0.0,0.0,1.8955041821413066,1.886966696738164,1.4927943320848058,1.5488466550529505,1.7482457276795067,1.0121106079221236,0.9751587778883247,0.6626756973085752,1.2484758137242895,1.1763079879303786
1.7649080617930548,0.7757446617635739,0.3563465125934465,0.7250436612861626,0.7592768610387348,0.0,0.0,0.0,0.0,0.0,1.9582152604661631,1.9078971201605508,1.5637451705826804,1.607280686859171,1.689401215662783,1.0205160525173007,0.9722104289269616,0.9324394871810001,1.1422999032211194,1.2072932834620604
1.884341119362173,1.4532645409279694,0.9412384054504109,0.6279713554027687,0.7532219152680347,0.0,0.0,0.0,0.0,0.0,1.5020971989328138,1.336865264586686,1.12267020318289,0.8078665392353529,0.931460140501544,0.932334286999456,1.00391771157915,1.1518905954910434,1.6077950472297406,1.6931538968941147
23.615485833849473,17.708041571343948,10.919575602311955,6.2940543455036435,3.8014011136131756,0.0,0.0,0.0,0.0,0.0,1.77818820722091,1.6784011929964504,1.4227056830666163,1.161098291400656,1.025965890096569,0.8936304260232877,0.9257917934262383,0.8812609374164505,0.17772111743600424,1.7270950854773266
0.6098887391622887,0.3530984795080288,0.18982705134987546,0.07561367933570244,0.12664090758827234,0.0,0.0,0.0,0.0,0.0,1.7236827400029657,1.8154749682274693,1.6758866571447781,1.2053132687779464,2.0250073705332365,0.9411438471927274,0.9859908443178382,1.0419913193364727,0.46952019815715385,1.0219312095050435
22.8607291549541,11.478865789862667,9.029223781830371,7.039908735872979,7.791601511165526,0.0,0.0,0.0,0.0,0.0,1.808019848877275,1.8601941622654423,1.4598463621087143,1.1282771884349017,1.6635075964992416,0.9566777083341595,0.9338798492908554,0.8616448499764695,0.8892836343272755,1.2662292108910458
13.603485982664361,9.494292227941166,7.581102673385866,8.258092722069406,6.504776138960198,0.0,0.0,0.0,0.0,0.0,1.8847714379276224,1.6486654529298612,1.1627975857696184,1.081114200825747,1.5666547191403488,0.96083595109434,0.9729077473927288,0.9893701041025564,1.2161127570578099,1.2585995718297223
20.660331649092083,16.347300146116417,13.130923547954035,12.267119267066587,8.064084763792607,0.0,0.0,0.0,0.0,0.0,1.587456030857991,1.5158829370423779,1.2162627976848623,0.7597958802908527,0.8175482214782045,1.005227082336972,0.900864769523275,0.750587503230286,0.9203322227700074,1.830056734790961
0.1972713287399214,0.32305841848050376,0.20035288455176659,0.059377358662957326,0.08823415191627201,0.0,0.0,0.0,0.0,0.0,1.2998997904704293,0.32513584281939445,0.6536910262045171,1.787758915947566,0.6867240134870416,0.872951674410204,4.920920650361621,2.954470229132546,0.9046759065237229,1.4648545451799018
36.63515031922497,25.266578002977344,19.66425712321288,18.24750697953945,14.078381862393162,0.0,0.0,0.0,0.0,0.0,1.8592804736347373,1.7446697677535237,1.297901383020908,0.9981248099070538,1.293532574386683,0.9429311190266069,0.9211030592346378,0.7186278144632835,1.0694317680852123,1.510330811240753
1.687338099756376,0.48209869476416795,0.28515561255128474,0.5682741570064992,0.7381876432763548,0.0,0.0,0.0,0.0,0.0,1.33971294592077,1.1690635899161048,1.8956736909692924,1.8495738364287544,1.66525202673616,1.5594365772972596,1.402681185337574,0.9788507434316183,1.1079059008263688,1.1006130599090602
8.790723541058016,1.2483138466142012,2.8559648929305346,1.3211734537369233,3.8288622534252306,0.0,0.0,0.0,0.0,0.0,1.59910495583645,1.8678125249994655,1.3807463842947298,1.9005202583902843,1.5151247280101185,1.1801107619555402,0.9765676169040242,0.7094846159012136,1.0622275794066298,0.7802794148562732
2.418920163114046,1.1433336214865517,0.2808530052651394,0.6696207511460669,0.8491826741665985,0.0,0.0,0.0,0.0,0.0,1.8779110536031254,1.9000352647607208,1.5316786398508433,1.8644561751258932,1.9380506085974296,1.0329488859395657,0.9961902653029232,0.8016952760990352,1.1003115794487157,1.054952439244116
0.2530887100453557,0.036929943149809866,0.053103582262165085,0.12627842906770675,0.28124685394406496,0.0,0.0,0.0,0.0,0.0,1.5501558446573607,1.9190724539563702,1.6876119119573019,1.746707534618881,1.603958432350874,1.1088401804041894,0.9567230438152097,0.8937550722688891,1.0003496589391077,0.9931572099940016
5.3226997790191,4.031309141542287,3.629553909717141,3.8711675101358507,2.1588045669766713,0.0,0.0,0.0,0.0,0.0,1.581894816037202,1.5054196287272865,1.271637633962375,0.24078664567366595,0.8332700430855504,0.9856295090217416,0.7483818376405594,0.7485251129208671,6.472006866495387,2.282617738788974
10.7781248135831,7.939254038592786,4.935864525439831,4.212140907896488,2.6305280901697983,0.0,0.0,0.0,0.0,0.0,1.6529480616631465,1.5933830456517082,1.2454436756333265,0.6801686288874352,1.1301031307196319,0.9690281979475188,0.8470256583621899,0.7305987962721309,2.5149154559260314,1.7625243820061474
2.95549051754977,1.84147544771916,0.9600244728573752,0.5008096281948322,1.370784455663981,0.0,0.0,0.0,0.0,0.0,1.8986611863972243,1.837980431025044,1.53062663450588,1.2758012969489672,1.1129114664043127,0.9409133518057116,0.9473151326102679,0.7185512464204125,1.29821376747328,1.8179298207983867
7.957941457395323,2.6456148493455145,2.3863715911623062,4.109638961300125,4.188446291242585,0.0,0.0,0.0,0.0,0.0,1.8864052345978557,1.449085211203571,1.4659634869192553,1.806569955588248,1.6901489060217663,1.0995244257178864,1.3765664837615363,1.2935768096327078,1.11994794019825,1.1296685371458477
1.559217068235998,1.2219893413606207,1.1903885972424237,1.1536974697249338,0.6080008512852205,0.0,0.0,0.0,0.0,0.0,1.2075551651831347,1.2948560870024857,1.2293207595367415,1.177942347222077,1.4019874297051673,1.1296007824416554,0.6004182842998312,1.3208959568438556,1.528751120896962,1.0630605427665296
0.0,0.0,0.0,0.0,0.0,0.0,0.0,0.0,0.0,0.0,0.0,0.0,0.0,0.0,0.0,0.0,0.0,0.0,0.0,0.0
4.451090142346682,2.193151294699741,1.1375332302598737,1.730118884880176,2.14617183033712,0.0,0.0,0.0,0.0,0.0,1.9787475822778458,1.8372464201345124,1.6864549884915194,1.4491431559596222,1.4134470591183301,0.9775774705052587,0.9384594629174633,0.9923267789084972,0.910261260502242,1.2431311498684052
0.24875638472270029,0.04588078528145376,0.22996883654588762,0.33523849377375836,0.8017068652953269,0.0,0.0,0.0,0.0,0.0,0.7591454702010373,1.3335479532748333,1.4824393961436957,1.795312676563168,1.7992942000176353,2.2797503558508327,1.1034275870699979,0.607463843619928,0.891109487556879,0.9350791346672155
20.243133109958407,11.642747237553442,4.499003528679521,5.5092169329939615,7.87708805322837,0.0,0.0,0.0,0.0,0.0,1.9431451983549153,1.8328462923572062,1.4115248604014534,1.4029695555691477,1.6468395034332628,0.9408203471524456,0.9337445957475365,0.8983656678640926,0.9626772592654832,1.2088918191364426
0.5280507116110742,0.3047645596485354,0.847900341099764,0.14735745853040347,0.4757870901597223,0.0,0.0,0.0,0.0,0.0,1.1602414967356474,0.40522295683313714,0.5260977548233564,1.8870503086642632,1.3110380294691177,0.7353094263410946,3.4183016289461925,1.3098771886313996,1.002632233516989,1.1469067708310217
2.8875468353556037,2.1955846256429026,0.6486747787617568,0.9993821959428558,1.7978331149125624,0.0,0.0,0.0,0.0,0.0,1.8535424440413415,1.7774955206946494,1.7145593506492904,1.643048225771445,1.1395695818788396,0.9509475190252188,0.9325746155915721,0.9411042312894433,0.8505870560190012,1.4919184417855211
0.9053499776419116,0.3511806155182061,0.20319697446276241,0.14876491661535954,0.6295772041263364,0.0,0.0,0.0,0.0,0.0,1.5371568650554928,1.8399498067262088,1.9258733144371267,1.7233564374250145,1.5937931930848532,0.864299440551269,0.9337383876911033,1.0924360798251525,1.0081338549581746,1.1299787615747137
0.48258816250002684,0.22304363335800428,0.3963925416163164,0.4876644701147127,0.3317010155568268,0.0,0.0,0.0,0.0,0.0,1.9284323753479002,1.8486466617263815,1.352741087758004,1.4781745012096423,1.8252139799500775,1.00840610962599,0.9449441174456222,0.23257201544657233,1.0245293129403785,0.9483266458938435
0.14244372315922946,0.0977506681917892,0.14826375602459482,0.24559693153756085,0.0472424457825016,0.0,0.0,0.0,0.0,0.0,1.0217999784225882,1.8062686904278165,2.08279795983786,1.6417102504938745,1.8912787645119824,1.544716876187132,1.012130407662908,0.9575298602389143,1.175901624757766,0.9587734834213603
0.6725182618918449,0.4197351737791851,0.3848863809609423,0.3682975985545077,0.2442517466951007,0.0,0.0,0.0,0.0,0.0,1.279233592727908,1.583430098228946,1.64361914128839,1.5173550839304786,1.248703238266842,1.523238471696912,1.073796883695094,0.8733548287384912,0.9268648122259069,0.9033570629989962
2.113354220859784,2.284767460468744,0.8539426541629911,0.5937491036456055,0.9546553145175324,0.0,0.0,0.0,0.0,0.0,1.4607772073872933,1.1624025618413112,1.3981008978027811,1.5151855014831799,0.8814935437023017,0.7298792999467468,1.3996530443378203,1.1335269299805677,0.7445710005490446,2.317321036911548
0.82257475361511,0.48398777749903843,0.43778573580324914,0.6450841108072994,0.5491180180228915,0.0,0.0,0.0,0.0,0.0,1.5407947096896286,1.7991173522456707,1.131209476639271,1.1910536741418225,1.5205260548733164,1.2500233599422295,0.9040470308917746,0.7064952458871692,1.533881300968786,1.1038267558505608
0.5255585926360719,0.25014111607049794,0.14653132726552662,0.10749554284478968,0.14772539959528913,0.0,0.0,0.0,0.0,0.0,2.053887861026149,1.993860448214147,1.7626919774311325,1.5449395914975521,1.4516518755610752,1.0241408559844898,1.024737325505412,0.944394129803871,1.0776018703034196,1.092772906646439
0.40246064883725374,0.5048754382347296,0.1315190065721277,0.15472351486105512,0.22341548354448487,0.0,0.0,0.0,0.0,0.0,1.4641387589100099,0.586752299574967,1.666357638343886,0.8511069855948417,0.8175951649999847,1.0723510655218436,1.1985259937689887,1.165657352100324,1.7707262532297012,2.3938187816894883
12.9725048705917,11.867608188015161,10.1283677394646,8.30842173992286,3.471023081736594,0.0,0.0,0.0,0.0,0.0,1.6512821182649533,1.1314219332487887,1.2090649306635963,1.3264874727162004,0.9467455592192376,1.0933308939772794,1.3190918323279577,1.1604824129581703,0.9172081920906023,1.826437179809607
3.149305519055554,2.2984736114496416,1.3659727608384755,0.47700138808631315,0.8813854646750707,0.0,0.0,0.0,0.0,0.0,1.958564952318788,1.830409720088657,1.7164548404019055,1.234294423054697,1.1143631205246864,0.9479764295264637,0.9197688566687395,0.9005004471968349,0.9953381426123403,1.4328903516208649
1.7237017846643614,1.4120215006887737,0.847121306368104,0.5972271203553461,0.5362270044728037,0.0,0.0,0.0,0.0,0.0,1.571185710429678,1.6729510880383052,1.7824043671904046,1.4618130941301692,1.004138473795777,0.9454944190852768,0.8352674624205417,0.8833101880545225,1.3565581036647085,1.9993863669241745
1.5442126974651345,2.558838263656637,0.8857422482719359,3.9355548824747233,1.1607525231272426,0.0,0.0,0.0,0.0,0.0,1.9142686505401336,1.4589984022329212,1.815713147363368,1.3952569842547375,1.307181318703882,1.0555729956596465,0.9690766483071495,1.1197667005459802,0.8715928487939006,0.599461240818559
3.2483347420550976,2.812576726312936,1.8634713413149104,1.249454542686066,0.7453268203484693,0.0,0.0,0.0,0.0,0.0,2.0589710492953848,1.8412173428410523,1.8611600081967705,1.6035465304481382,1.644480067191858,0.9607389316232158,0.9603148855269882,0.9251094509715401,1.0296282932041094,0.9964986936252956
0.19970418102182222,0.19398873133961966,0.17308954088959802,0.1377725745992566,0.07334606628915369,0.0,0.0,0.0,0.0,0.0,1.5688107465115206,1.6443941950805867,1.7824804303137958,1.873133914839432,1.6568077660006866,0.9099940093997139,0.9568588324262086,0.8966071625689722,0.9309903242113714,1.1113006774486816
0.15546598135551534,0.08148821901196715,0.03236406145417041,0.09310592545996185,0.14296686515824425,0.0,0.0,0.0,0.0,0.0,0.8691644816828731,1.6272566259918908,1.2091762985577945,1.362871322064468,1.0360735593740151,1.6534444025970791,0.8456882780924025,1.6664082564018623,1.1712110031389196,1.257833377079757
1.8473981672354605,1.5580559686336433,0.6803796509911166,0.497118818408116,0.7443316203707245,0.0,0.0,0.0,0.0,0.0,1.7796344963545738,1.7045173866850303,1.701280512958138,1.6387687311499617,0.6467249106058371,0.865827482365504,0.9600237202987583,0.890088200906134,0.7847993874723125,2.5009545383803835
0.899554950345097,0.4663510932352016,0.18868895515909512,0.254573545702636,0.27430716600665284,0.0,0.0,0.0,0.0,0.0,1.3425130282531794,1.479610504139091,1.3844080179763538,1.141721685757139,1.7217113123412393,1.4349090654833259,1.1407749126125988,1.113313265201434,1.3191043058925271,0.9692777026455227
1.8078961454811318,1.5548625379660124,1.1811067029617774,0.6772319935390848,0.39298672934106343,0.0,0.0,0.0,0.0,0.0,1.499334644241327,1.4847829803848955,1.4201428413797328,1.1665393825204453,0.6913822108311782,0.9777492341073586,0.8722585453714884,0.7697121559725952,1.1075798584705148,2.7644070408085284
2.4898403565357015,0.725764464492541,0.64038555693726,0.2843244447986498,0.741762376961547,0.0,0.0,0.0,0.0,0.0,1.924460677535609,1.5169649762304738,1.58831597707324,1.145992934496212,1.4730673450956522,1.0434341425772469,1.1245859437172085,0.8543890563442796,1.4683321333165247,1.03468213500569
1.9242635492204632,2.1511226476704386,0.5036380521274345,0.8463596802480293,1.8562281631094173,0.0,0.0,0.0,0.0,0.0,1.8202051979292633,1.383267920814497,1.2283027820728116,1.3732944629428543,1.9462215068193782,1.137601207856451,1.20427516063775,0.8781613985807267,1.41453841657662,1.078030323129935
0.12232973148958784,0.08410587480106009,0.06146042655105072,0.372621126224297,0.05614333568651366,0.0,0.0,0.0,0.0,0.0,1.4704594801452098,1.8358533422181758,1.6616059330832698,1.7731185300772845,1.22336376461623,1.0593558737109081,1.021411211777921,1.144938318087186,1.1153125379555793,0.7240818362136227
0.480559615885458,0.5184991404553138,0.4383021909927588,0.45663747126634224,0.18782775760742543,0.0,0.0,0.0,0.0,0.0,1.607832462169409,1.103272978272123,1.2839269768307902,1.2517002481751405,0.6903658302623162,1.1236745508804955,1.4182991540435814,1.027358972320349,0.18188381414131083,0.7644124765506118
0.9300072961953522,0.7287448040188746,0.39546812490710515,0.20730181957032606,0.13032965649372483,0.0,0.0,0.0,0.0,0.0,1.959913670146884,1.771512954908959,1.684925082035991,1.4244736006637788,1.3416484555616655,0.9568614062569375,0.9395943913306176,0.8851447700421741,0.8085843796954364,0.43517631353454683
14.259816064791574,8.470861939457668,12.079184011484308,15.630863352615426,4.425909262710682,0.0,0.0,0.0,0.0,0.0,0.9092938269783613,1.4698740009770386,1.2828226731789842,1.5014953675255072,1.2020484710104837,1.8951154900812033,0.6036697648870093,1.255186395629005,1.320441579937071,0.7455908286497873
0.7067669364405076,0.24045620541611337,0.4616896938866085,0.39147068570857757,0.3130553282391234,0.0,0.0,0.0,0.0,0.0,1.1603337174401152,1.3191649449048264,1.7482193849936414,1.5496706791688364,1.7458449056051073,1.3362478063911802,1.445862430395358,1.1618534443287538,1.0739470654401013,0.9209317533976423
0.14181399965326175,0.01234277004430161,0.08703914349318828,0.16155975977647125,0.15498010550822836,0.0,0.0,0.0,0.0,0.0,1.4433152588993108,1.6808179806675718,1.1952527190072857,1.4926172064664653,1.6538409153997404,1.0664244129557297,1.1063130346220151,0.7505249110819127,0.9838436318472963,0.9407948235995117
0.911004815740602,0.672591438644784,0.38452668690859615,0.20405229251588186,0.23391377149368306,0.0,0.0,0.0,0.0,0.0,1.6191313848698445,1.7660611338247458,1.8721084179463452,2.0485803775493694,0.5396546337045816,0.8164900147296686,0.9278742535669636,0.9331106114861022,0.9489989095133889,3.5292378011681658
0.5908491072849964,1.073674963502548,1.4008697727640875,1.2340543231889132,0.5077925320395795,0.0,0.0,0.0,0.0,0.0,1.3197747689291262,1.2750226625842547,0.9610641155207482,1.3957760572864042,1.8054031195951785,1.2464639860087605,1.024017937015555,1.3336058943667912,1.4951160440512827,1.1352976270434447
1.5815084400035873,1.2153457991145822,0.43029630699302446,0.12618749896989384,0.7783855458560507,0.0,0.0,0.0,0.0,0.0,1.490993497467386,1.2020621227401187,1.1327226980589258,1.176222144717857,1.4480939976117504,1.2167317152949608,1.684144179607886,1.8352647562003523,1.4005417235437305,1.3821185292259435
2.9814993988795755,2.7827221922580554,1.596269517823678,1.2794553545871405,1.2455014498925838,0.0,0.0,0.0,0.0,0.0,1.708673641228979,1.1508854884110822,1.0175317575294538,0.916350858201529,1.2173473457169057,1.1870401849839427,1.6267836156835371,1.6471414615739748,1.105797863890711,1.443639911037588
1.279557535877467,1.30553085608418,0.9323617121196873,0.7420872872558603,0.9075212742617588,0.0,0.0,0.0,0.0,0.0,1.2288200500645359,0.9833524558201352,0.9964926987594916,0.9530862710225465,0.6333918738356297,0.7994784515012534,1.3206820934581274,1.120327528599991,0.6794818521243892,2.207461154060085
0.012955033852692407,0.039785241912489125,0.09935729737202179,0.14801917167103557,0.13243801575706174,0.0,0.0,0.0,0.0,0.0,1.839252990538075,1.758082335752962,1.6747847858115057,1.7331711950870767,1.7429479724886934,0.9189853115529808,0.9684540772516391,0.9299198925954845,0.9088403491627637,0.9680634004723747
0.46865030703459415,0.40371428140607846,0.18662747832450335,0.07571123895807669,0.25643172404451536,0.0,0.0,0.0,0.0,0.0,1.4930584804287106,1.1257339268400448,0.8042948365910337,1.2014915653276332,1.3675353545196143,1.2189849851408459,1.7719553158977972,2.5742759704826863,0.7277904239551483,1.2342984695329575
0.3259309692783584,0.6383893568996073,0.04550626719912685,0.7306960096263736,0.5213495770713057,0.0,0.0,0.0,0.0,0.0,1.7591006334907981,1.577591942267746,1.851280465659235,1.6629425582876942,0.746448633533649,0.8625418473117515,0.9431538418964633,0.9309922140924956,0.8563801963355187,2.7347100256271184
0.26518642967100126,0.15900397000248578,0.1842626759665254,0.13931239049606076,0.1507236255497067,0.0,0.0,0.0,0.0,0.0,2.062055688952308,1.7913419838210698,1.67215420101079,1.3239362678137259,0.9173594415234885,0.9874204701048529,0.9424684212503083,0.9692649776499732,0.23743570930456287,0.3537394632208446
1.3604023464822983,0.6427221340326936,0.31582973646569396,0.4657263867449396,0.5634977560526029,0.0,0.0,0.0,0.0,0.0,1.5408354188970648,1.0222730232292294,0.9718363085354869,1.647748264234717,1.6088734899556154,1.2420289385194199,1.7272855197981245,2.0832563476384025,1.2174796800405165,1.1576661475220662
0.4784121491644993,0.6203879742065685,0.5275062656200652,0.38466652949671076,0.3413744107148059,0.0,0.0,0.0,0.0,0.0,1.6227629671101955,0.9372391894610109,0.6471382253522402,1.2860267312187947,1.2572674040461982,0.9156015747178304,1.6117153997408573,0.7284896184590228,1.1322443381346121,1.6352701647947352
1.0405076267421047,1.2627404217915938,0.5335483639629013,0.597301174111857,1.4037553897837993,0.0,0.0,0.0,0.0,0.0,1.670028124897242,1.4462034910559802,1.6842802719336665,1.5150372836942672,0.44756465729428435,0.822818396670603,1.1245283521279301,0.9116089358012992,0.75524139848481,3.176933691115688
0.6204555720644833,0.5127143689209833,0.4460479414620722,0.6362967175172938,0.9656185105019265,0.0,0.0,0.0,0.0,0.0,0.989346441081502,1.0203559470809724,1.2419551552145733,1.1812116057299926,1.0493298394215202,0.46993325652794576,1.040317946806193,1.0736944131462671,1.3031278975125264,1.3938592591016772
0.04189652925695821,0.012653741415284813,0.08108521661596388,0.05753757390673532,0.11357010831403214,0.0,0.0,0.0,0.0,0.0,1.2462524987105257,1.163108336826637,1.2179265906404346,1.5419442902144478,1.379460533809404,1.0628454687927402,1.4448488223327929,1.2405161567630825,0.6507406831998895,0.27862596551290464
7.3105105793342435,6.4411099631150845,5.184273221668393,3.9763383914475936,3.411043536701752,0.0,0.0,0.0,0.0,0.0,1.5666102655119234,1.6148481965892094,1.6668692566840755,1.5469342210493133,1.09382162750849,0.9231344325765442,0.9326001261143426,0.8889207101129419,0.9901221579888185,1.412758465717598
2.1504362294136294,1.1209806434275371,0.6112488361275971,0.7311934566410336,0.7988372147452902,0.0,0.0,0.0,0.0,0.0,1.2283510959189416,0.9804649208795673,1.3039449684303719,1.8989603655564022,1.6721510143795812,1.6066696777303242,1.6043607305731051,0.9665290687023282,1.0145892603317097,1.2183249827104214
2.9804282040999923,2.378609516796725,1.4876741915478044,1.2370819255652061,1.624692763922956,0.0,0.0,0.0,0.0,0.0,1.266599630254615,1.0403335718563296,1.3189380090772955,1.2744146757426513,0.4581593900117838,0.6932708200701955,1.3096293722835077,1.2828570969729298,1.398560159876621,3.50319684418284
9.15047258425591,11.892274502795917,7.7561648353122195,3.5431420898866657,5.618426325650872,0.0,0.0,0.0,0.0,0.0,1.1115452220581998,0.5267739182681953,0.8402561506366206,1.1859273122833163,0.9917853698306817,0.9101219368237968,1.7495879913365613,1.4600062293432856,0.8754957557859876,1.6272729286685574
2.1131690046784426,1.0144249339194815,0.8778844583652659,0.526569042779853,1.8033044103443037,0.0,0.0,0.0,0.0,0.0,1.504717750003718,1.2446372004322936,0.9491081563297287,1.316203716752903,1.098829777098617,0.7759200623773242,1.2831277417461675,2.1831571566203354,1.2347607121478392,1.748469647701427
1.0972512096918339,0.9139808737577167,0.5843377195835864,0.5293280087116071,0.7085478356611317,0.0,0.0,0.0,0.0,0.0,1.2652129879334595,0.9772889744247191,1.2773300034124004,1.6111831596557176,0.8307085160673796,0.7374669049700929,1.3645060666702729,1.3002161588613002,1.1495423134394298,2.251876006831928
0.5428229911282352,0.3934669563006449,0.16535503242436891,0.20414508086499242,0.1969908870289771,0.0,0.0,0.0,0.0,0.0,1.9326078975790804,1.851270716483989,1.5793098215274504,1.5119152641075482,1.52495176772558,0.9642892798441796,0.9265982542809023,0.8402647206364627,1.2279059506223708,1.1926854184961242
0.6502761087432934,0.5439405248454281,0.5035728271848166,0.32129102046302616,0.3201759878767337,0.0,0.0,0.0,0.0,0.0,1.2241658228015808,1.0357510310953015,1.1160094319786076,1.4147090039071057,0.9960253814551757,0.7622328714686256,1.2021103333816339,1.5066468958045214,1.1115825870058649,1.5423837938443898
0.8882375833219254,0.5212662637646384,0.30316180480757443,0.4375686892025078,0.8039612428980284,0.0,0.0,0.0,0.0,0.0,1.142598533057743,1.0951877489000592,1.3572205874667571,1.5424570633087786,1.4718902997154046,0.6644562065993869,1.4827661897884892,1.1832248904094775,1.2857686686045777,1.3204596888858684
0.33945106883533094,0.43631298254512674,0.7464421722075311,0.18161078456430882,0.3771969806272126,0.0,0.0,0.0,0.0,0.0,1.4780236674795493,0.8263603727877514,1.1175029222734196,1.1731140609626025,1.741778978987698,1.1506761974258253,0.6240859744380254,1.2618267047544653,0.9097055257644504,0.951229596315105
0.787981000931069,0.5288481752554313,0.32655784771568597,0.41225634868825367,0.6323959620108262,0.0,0.0,0.0,0.0,0.0,1.3793379187498767,0.9014823672164274,0.4856843976123686,1.2501416639172487,1.4041234539864647,1.332606999005214,1.8125737954907863,3.2306551827435572,1.5074679614608717,1.2924571224754333
1.773450516883226,0.7037312972057828,0.959126210502067,0.8333597258646757,2.7040702336706497,0.0,0.0,0.0,0.0,0.0,1.1197262576359057,1.3290123546781278,1.6584013995299391,1.0913182071473913,1.4587176099905443,0.9906543300958325,1.4489420202485495,1.0647849006571861,1.5844468747669636,1.1943170431570067
0.8360057328255497,0.6983990806685257,0.468923236868459,0.42008573623880985,0.08662867501884101,0.0,0.0,0.0,0.0,0.0,1.0057063678599574,1.2469359533148145,1.0093514238373242,0.9073440598464676,1.7282233449901503,1.291707898661861,0.5045092730398271,0.9163984856346926,1.8111349113548558,0.9826944112331496
0.9599117034502621,1.0338329141793956,0.822712636695349,1.2282542953838735,1.32363765839207,0.0,0.0,0.0,0.0,0.0,0.9836262002437312,0.923396575744927,1.1236918090286474,1.5332543210156828,1.4221968370770426,0.6542492424500771,1.8468092095325852,1.181055278323616,0.772197230908938,1.1074554461842148
0.1310803619494792,0.13150499602466592,0.040283549608897115,0.09849370817877984,0.021675075999523764,0.0,0.0,0.0,0.0,0.0,1.599025548735243,1.609204579027717,1.490643055335063,1.7526355339151751,1.8789538761986253,0.9818303259059177,0.9302701580342192,1.142457421768276,0.9407639584538383,0.9589701577773138
12.5443132139951,8.365748489283398,19.836792790214314,5.921458176308141,13.858199668191835,0.0,0.0,0.0,0.0,0.0,1.7220178596661924,1.7088033123352908,1.4623968806949608,1.4247468207031115,1.9045029093384396,0.9067473281404868,0.8764701593345599,0.9215222613943196,1.3794166069652802,0.9564484866547079
0.11126799089962765,0.09775235402625405,0.10187757671535844,0.13170952394058438,0.25085824279477,0.0,0.0,0.0,0.0,0.0,1.6331641165596826,1.693036762081056,1.6989349450882374,1.4966448834707253,1.0613265503631393,0.9853043118995782,0.8917783772958215,0.8991636896265858,1.097222873859567,1.6159475079054932
0.3865836050990795,0.19024357464520253,0.08913298631076469,0.26071554352123827,0.48070551868191647,0.0,0.0,0.0,0.0,0.0,1.474561402168748,1.1565387433634742,1.6297658732584817,2.092018373359879,1.6981325507717924,1.1151871632120363,1.7387106119662734,1.0668137877829105,0.9563235714223963,1.169492693484313
0.2437825753338602,0.25219904471852567,0.36446640734360236,0.10030164808440281,0.12841152739945394,0.0,0.0,0.0,0.0,0.0,1.423568625717954,0.9809284922864692,1.0821692124182567,1.2388203385039538,1.7343756805401165,1.2845654634300308,0.6561914659734098,1.4455717398658394,1.1684398258094575,0.932558327324566
6.8807752023895175,1.2307867389554672,1.4538347969106298,6.361139069431045,6.201897591853062,0.0,0.0,0.0,0.0,0.0,1.5818236893576578,1.7677224957824778,1.8904702787755057,1.9621473675085253,1.7026878722379606,1.152451267966829,1.1043302591449418,1.0953866174690114,1.0711649884159766,1.1376230400909488
0.04806119380678091,0.020587299151468,0.11015470433592092,0.03663352925395441,0.2932297495332377,0.0,0.0,0.0,0.0,0.0,1.5549938238730519,1.429310656892173,1.3126924288918993,1.9037715003658404,1.8482551142351515,0.9722100112137353,0.9351373279099822,1.1843285311461176,1.0774381315437815,1.026284570307619
11.149839716926007,10.989989461945688,2.95463729503014,8.784079872265199,7.9455976510011705,0.0,0.0,0.0,0.0,0.0,1.3098841620482449,1.176342991781928,0.5110333414706829,1.8490824615383104,0.441162272139634,0.24849641323580884,1.480716569518933,3.8506052719239454,0.9385944901156443,4.014906764061717
0.2234740341414883,0.43817895438101556,0.4413231584984258,0.4148045129540039,0.25187714067231326,0.0,0.0,0.0,0.0,0.0,1.791265112321429,0.8621827330201774,1.2246211971765657,1.323283074833069,1.5742087300591414,0.9222936325566083,1.8931326375021011,1.3580001320120791,0.26406974701254426,0.6996005914646101
1.5009265218779138,0.6744283228679102,0.4378315266940705,0.7271896418362082,0.6354827959585437,0.0,0.0,0.0,0.0,0.0,1.3252141728718687,1.3170569604885936,1.6543278099761947,2.005517754753949,0.6361037488054249,0.6870150895498884,1.2421229647481258,1.2406925154527912,0.9856340229230723,1.2836638261713105
0.30304966965510993,0.15177973410264026,0.5933683252140306,0.4498644815975975,0.5233753637990551,0.0,0.0,0.0,0.0,0.0,1.9039157499603585,1.5475040053256552,1.7709998447257251,1.352813108290042,1.6985419255850476,0.9886483978451216,1.0556308586338954,0.9577547545623716,0.7208866319210463,0.8597024901420608
0.5718719756114836,0.5874963262904668,0.05549632972871774,0.7266531142532193,0.5335905146763797,0.0,0.0,0.0,0.0,0.0,1.776741114642312,1.2620002417480853,1.31027467451471,1.091785386398814,1.3813379611268266,0.9251596748309003,0.9949827843266567,1.1756049372835078,1.3131943339572543,1.0035004327988035
0.975471068033017,1.0007151512543082,0.1711118595735262,0.6600832895505421,0.8365201768910945,0.0,0.0,0.0,0.0,0.0,1.3923189583685478,1.228089864037645,0.6361120514235277,1.7855150106718327,0.5927246973297984,0.3476931372619796,1.3639805274459504,2.55792672860699,0.9208017905231234,2.1804080324968718
0.5665401662161637,0.36484275004067845,0.26299642861581773,0.266493345997793,0.21862528723658464,0.0,0.0,0.0,0.0,0.0,0.5449740642609916,0.6664599864704044,0.9204723563025307,1.1497195455816596,1.6040817742354847,1.5717393313488397,1.923568617493826,1.2248727137589936,0.8247984458225126,0.8923226570586255
1.1148998418754785,0.39342890560911425,0.33355848626392215,0.6882131052160952,0.26746265062927216,0.0,0.0,0.0,0.0,0.0,1.1574150864486856,1.1958640158270217,1.213304855651448,1.1650086501454182,0.7307459131465672,0.9975784485807113,0.9849341738732662,1.6922536168569526,1.7850571579117984,1.5259207888141795
0.1444920063132463,0.09363855400490403,0.08234326410095553,0.12060884024778185,0.07741206360399314,0.0,0.0,0.0,0.0,0.0,1.0535085741293235,1.3819764478611423,1.526125084451736,0.8546790043483459,0.9099993867706332,1.3503263874382312,0.6069270764312346,0.8984217625514588,2.1551613515799812,1.7131898439307531
0.9324569438972363,0.9481203414309125,0.6711366327728533,0.4437687401507494,0.26903180647658315,0.0,0.0,0.0,0.0,0.0,1.6646039011999005,1.3614359282828246,1.2113806725986713,1.47609732056938,1.1838378868893165,0.8000299132613767,1.2020371907868002,1.3267074729700927,0.5490772438396995,1.0183493870377014
0.44450974701572454,0.33331991184201326,0.24014767178559177,0.07892598547428711,0.27258070108432025,0.0,0.0,0.0,0.0,0.0,1.4107182370793847,1.5507022158779873,0.983105325166807,1.1852460023024092,1.5431962214025456,1.2895968918313332,1.122095265288552,1.8866643896071613,1.4153493084717668,1.0331786208797424
9.956422995775194,4.923355027407235,1.211375836563608,4.621399514434799,10.446202227691263,0.0,0.0,0.0,0.0,0.0,1.4534116257628953,1.0104047382827517,1.7019890582047794,1.9835923365600305,1.6186795387957782,1.0676892382824854,1.9162459521749347,1.1258436916470127,1.0453675566213987,1.1760477066959178
0.5495309557898126,0.6144417415187772,0.3990972648002292,0.3116801810076507,0.3203127368744717,0.0,0.0,0.0,0.0,0.0,1.4848793937992741,1.1977035966206324,1.2706634769475538,1.5779553394217152,1.1673880476596161,1.0611147040583573,0.8418862069964914,0.8523845552778718,0.9902641627784218,1.4232659796263667
1.2372030877962095,0.24916710045062557,0.15933578781108543,0.711756137155757,1.2426753443752363,0.0,0.0,0.0,0.0,0.0,1.8944444887622383,1.840365443520574,1.7755317564047284,1.9648479300583972,1.7709294852299,1.109390229709495,1.1116122948262588,1.1333244386329828,1.0725932270095166,1.1580616701955035
1.1238328985056223,0.1300550693177301,0.6208762816438376,1.2132268688171706,0.27139817499887664,0.0,0.0,0.0,0.0,0.0,1.8151767252540212,1.5403006773829069,1.5108441307375742,1.5772405894072792,1.2835850815284995,1.1534256704014922,1.1876870848978036,1.2461047059464676,1.1535996260934345,1.2601293569007952
1.6985792284416186,1.0502983641577344,0.9302865083248871,2.193498652110052,1.3630023482428195,0.0,0.0,0.0,0.0,0.0,1.353188538139092,1.8920120876558129,1.4651267896150422,1.8813212016497558,2.1017643593538753,0.6603347809678728,0.9969987543717509,0.9748571668728254,1.0889665847355314,0.9591664595343325
0.06503998043566256,0.14745928170350725,0.2406283221802712,0.1578854054875612,0.18733069064945634,0.0,0.0,0.0,0.0,0.0,1.329444585614992,0.7394147231937984,0.7825908271764042,1.4286160585382885,1.4230354814746136,1.0291085068859303,1.2138251691952102,2.080485297051164,0.9213632551605303,0.4504005707970402
0.7819000036304524,0.5402467824134829,0.48382432546564375,0.3765248760762797,0.16461077321429324,0.0,0.0,0.0,0.0,0.0,1.5790737838520938,1.5002364400543702,1.575064772281159,1.6218064485740378,1.7952118243298743,0.9128944467445115,0.7314914797496227,1.0636939446911509,1.2009525212586079,1.061269230993533
0.3078273826237239,0.4024329852785833,0.11165415089843814,0.2704310249586893,0.2155959396314268,0.0,0.0,0.0,0.0,0.0,1.5289186071797038,0.9526375276487371,1.6178530240189526,0.808430757018929,1.2834617119351588,1.27627195321097,1.0567237097357978,1.0082599698677057,2.156914801820324,0.6154314050791141
0.3041506427889594,0.3068643947985133,0.41287818849824626,0.21163209501119243,0.42044690994115774,0.0,0.0,0.0,0.0,0.0,1.8151318498321054,1.7536388081749141,1.7590899783811023,1.527921907165347,1.4276371863815114,0.9247534574410885,0.892783410191532,0.9186590166414297,1.0552138832200728,0.8923974651207257
1.5925076701683865,0.6191866551106975,0.1857573612247878,0.33808924909315935,0.8359343028551933,0.0,0.0,0.0,0.0,0.0,1.2578874575507204,1.6649046535823744,2.0468408546976926,1.6179327288577954,0.9645523725593594,1.10167566442154,1.0193147554043138,0.9281728092734767,1.034950340208439,0.7958596528095164
0.8950378631463509,0.23152565642986273,0.025872681692321757,1.0943678211804868,0.4394178422815159,0.0,0.0,0.0,0.0,0.0,1.0276637638422552,1.3878535571268296,0.2547179410114254,0.8456530258382754,1.1428979902378789,1.907307757456658,1.009893209234122,7.438561154105595,2.3504859493690513,1.6471476462599868
0.50180485132298,0.13873057261198818,0.44159261756722445,0.42371218514337955,0.5972173095887624,0.0,0.0,0.0,0.0,0.0,2.083032284302538,1.9168105147818433,1.8172538649682957,1.8681784601896303,1.5552199937311095,1.0018869388978364,0.9157013815161246,1.02968405823023,1.0741190910438847,0.8194267899419648
0.43614948508241785,0.30697593321970074,0.2690641388781377,0.15203053398169145,0.15675243197912325,0.0,0.0,0.0,0.0,0.0,1.5544386571466486,1.1342902913558723,1.9705029764581024,1.1900557946959514,1.9582907382267605,1.0392246307422455,1.602119350775522,0.9989119253056225,1.111975853939713,0.9351005112205911
0.8205322341564415,0.25981723410538676,0.3823333938292631,0.39475696258554427,0.4592705413827766,0.0,0.0,0.0,0.0,0.0,1.1074748838520592,1.1903700361767666,1.8424298165637654,1.6826122023676198,1.395837171504095,1.4033136602181266,0.9911275926105306,1.0839980143769983,1.1210254762097305,1.024644616214327
0.013630354374332427,0.034168048799443934,0.05208687322362472,0.07565547677387598,0.040713137484340946,0.0,0.0,0.0,0.0,0.0,1.435030667582449,1.6063248900577478,1.7786617725514333,2.1244339352376365,0.7092721913642832,0.6019074914957613,1.0195572610596486,1.019703226891762,0.9609647535759845,2.269649421730421
5.330526718990866,7.884875061718338,0.6380735112438332,12.20439313098575,0.7704449925006115,0.0,0.0,0.0,0.0,0.0,1.4530254654919472,1.8634473724635454,1.5729113787773772,1.8099587897027607,1.6882287563929737,0.9821182419559007,0.9592276743255315,0.9908078793258276,1.0190539788810118,0.9567037402204343
0.284959885419105,0.46301311801233985,0.09980708330039947,0.31333608240828426,0.05606077041574736,0.0,0.0,0.0,0.0,0.0,1.5994264649962873,1.1213130556251323,1.5100841795922713,1.1864137847456337,1.5124353061276234,0.8987810480736276,1.2305523947251773,0.8812074167219622,1.1573683224212818,1.3137750777849972
0.10759709230182213,0.14559156906522192,0.20724303573540506,0.17751826701922474,0.14001960280794218,0.0,0.0,0.0,0.0,0.0,1.6145585841521894,1.916956830476603,1.9887596919152226,1.7339102615828725,1.5301363038059532,1.0267552941111782,0.9300752552519101,0.9725744673661441,0.9089700978442262,1.0336324143496876
0.21780586579464112,0.1730972617012975,0.04143516230627596,0.04026793878011961,0.07713183510064921,0.0,0.0,0.0,0.0,0.0,1.221469244404524,0.9685245934824808,1.6284259926141507,1.4483873142952985,1.785644786160925,1.3598810250175104,1.997653535864749,1.169000155134226,0.6389050367851657,1.0539593225372121
3.0591648079666243,1.7219575087397019,1.8589241129018508,1.2951982973538094,3.283056356676777,0.0,0.0,0.0,0.0,0.0,1.2969784080395266,1.6050181188218942,1.6887860629186653,1.7327341319659078,1.9879728884747294,1.2506510275906724,1.2964496146199769,1.1260654265856211,0.8354801598132793,1.0114831117822216
0.8168563943339444,0.16486109917619288,0.198470351424173,0.4074478016676187,0.09140396855653475,0.0,0.0,0.0,0.0,0.0,1.5826427621978283,1.4584024716512856,1.6508470599811764,2.06217016654309,1.835125681959164,1.2430866812259822,1.4165971321494104,1.2138910707018056,1.0008659398434556,1.0646844555610393
12.961718237336777,10.49981883756524,7.951147951534196,10.037723953435078,7.639284618491786,0.0,0.0,0.0,0.0,0.0,0.7512045232934067,0.8605666544253643,1.381553014666031,1.526352850335447,1.523528602000327,0.32784207605527577,1.6250979930681126,0.9558142081812193,0.9360136148345369,0.9369750908610838
0.6610382445795617,0.0677737861176389,0.22496986939124608,0.13612301905306004,0.2749862477140786,0.0,0.0,0.0,0.0,0.0,0.9231531690492378,1.7830656179879467,1.390834807750546,1.0281128005550315,1.2332167203832796,1.1820680224430926,0.9954503126129457,1.0565365149805122,1.3184922089357196,1.346181583470727
1.1161551574741402,0.7651656104205362,0.39467657776209397,0.20477298346881923,0.15915052840108318,0.0,0.0,0.0,0.0,0.0,1.6843108438885495,1.7398059526836764,1.8046654157964341,1.008437630382513,1.0902920564716658,0.8968833335021684,0.8839789253382665,1.0780274811197559,1.912994523877449,1.7176220639534734
0.28667484067460197,0.18146824630471062,0.1167593957197361,0.1018711234683981,0.16676735412205526,0.0,0.0,0.0,0.0,0.0,1.645298482173975,1.8784328306345617,1.618053042738866,1.4252578757001424,1.4182072548415479,1.2477176961739131,1.056048021415233,1.1252613195648875,1.1005155151223127,1.034189746776134
0.21807580471977187,0.05264216460652488,0.1163400232548352,0.11700230225595303,0.15679764054050888,0.0,0.0,0.0,0.0,0.0,1.1000615709059365,1.768740004946956,1.4884798068654708,1.4080848693679942,1.4497437674411346,0.7045470113198387,0.9315180240853544,1.2891492806464881,1.3171367278746362,1.3560834643104145
0.2903085374286894,0.19955698242881564,0.05472863334049105,0.07418421092772329,0.27143776276827036,0.0,0.0,0.0,0.0,0.0,1.3429884884442644,1.4143753317123429,1.6592887277763024,1.8075847784228163,1.7847455169949857,1.2991483585264796,1.2409389072643204,1.231549178163599,0.9481506175499688,1.1318992614165384
0.794505869178596,1.060034146371597,0.9793809944426222,0.8878649489956134,0.8545960624398816,0.0,0.0,0.0,0.0,0.0,1.4252665981336228,1.241590780217325,1.2450729116813797,1.4643275866607453,1.4274687295057806,0.8194902444124607,1.0376810926743443,1.1935489769096692,1.0481947914085852,0.9799671558727039
0.2766788943619982,0.2278015754741915,0.20452354225612623,0.33128477474246504,0.13380217430583058,0.0,0.0,0.0,0.0,0.0,1.0728418577636814,1.5536769162685213,1.0077891509667185,1.4329224871016935,1.400466802833464,0.28822673406106997,1.0865113833121045,1.5741744990081472,1.2388276521973476,1.0635562671761676
0.4629939484020567,0.21768735983306903,0.19664239113566856,0.2241986834489614,0.10885122091923023,0.0,0.0,0.0,0.0,0.0,0.9235965360978253,1.260257039494894,0.4983208693971543,1.1490303831425182,1.5652373430183848,1.697303376966423,1.6136310525446236,3.447250410700459,1.0845982138872212,1.0468638292664503
0.6491994622277534,0.3851553497767026,0.3350934175479855,0.4122474647860085,0.5341379005953806,0.0,0.0,0.0,0.0,0.0,0.579689075331709,0.9573016171640937,1.3669230291418704,1.388501828125778,0.918349457784346,1.9146707481033989,1.0293221767470162,0.5697371123365413,0.7992739237918126,1.6432211543801065
3.526727136952522,2.9474507359262656,2.5714055996381315,1.3208000556974535,1.4274289061791925,0.0,0.0,0.0,0.0,0.0,1.575926528634525,1.6494303367748422,1.7154735230908291,1.590505588629286,1.0374502623156272,1.0348878313739238,0.9861279079548797,0.844741562961524,0.8219786842327461,1.4539569906779115
1.7796781995921165,5.281955341177153,4.337286125441691,3.419207229476471,5.262899511647738,0.0,0.0,0.0,0.0,0.0,0.8378350564499177,0.6688655656497462,1.0129071729142591,1.6210196703279696,1.8083473926046232,2.507388018302717,1.714555545349804,0.1976899791785367,0.8840406126923078,0.9312701647191849
0.38981996178964506,0.20952413409557175,0.26396552315442273,0.42670030313698765,0.30944776872518853,0.0,0.0,0.0,0.0,0.0,1.1423777448154795,1.4859485151677283,1.4255412950137691,1.7935375691690176,1.7165979551814305,0.7669432281879028,1.0907887499471671,1.0742200374897277,1.0519286507529333,0.9241164021267888
1.1135107145095995,2.015520042895776,2.1880793725677634,1.8915592954688019,1.6565467053088014,0.0,0.0,0.0,0.0,0.0,0.4831662288059037,0.5392300814329004,0.9392546173538098,1.3619519358485745,1.682064800246137,0.7010373651949129,1.678238958683818,0.4817409824836199,0.6243869991346997,0.9348429603442906
1.4291750578820914,0.4386293383907548,1.665046156752758,0.8942167273044795,2.4931370295868316,0.0,0.0,0.0,0.0,0.0,1.4102422126234981,1.2679668828311492,0.9592226103923253,1.6336811060724032,1.200894501912716,1.412008196982327,1.3981586215534387,1.6693372434058669,1.0875117611021456,0.5004483581835418
3.037396932373827,0.8431068397106152,0.9007667176683741,1.8354773693054454,0.8652222252729654,0.0,0.0,0.0,0.0,0.0,1.2506721661449434,1.302704203297328,1.9154070091256683,1.0886239729215266,0.6045698305001389,1.4023599885179074,0.530942138795655,1.0884403201406156,1.5639665240887566,2.8525425545457024
0.42547292415537363,0.6611056908046464,0.8052111657910419,0.16070601365644216,0.3265833096885854,0.0,0.0,0.0,0.0,0.0,1.2572995374131846,0.5346444358001902,1.1932604945565544,1.1008942614441593,1.8142500708509859,1.563910197633277,1.6109044814575504,1.1538863108333217,0.5211507376090159,0.9317808410158349
0.23711477068963713,0.11992021278793588,0.3661159569284135,0.36676114559790796,0.435609844122068,0.0,0.0,0.0,0.0,0.0,1.5429824934589027,1.5416379225729984,1.2681251378766447,1.0980506713766915,1.7672641291418045,1.1071253968927683,1.217662293732598,0.874634415884664,1.367714992544273,1.1387050799151117
0.7598033243831903,0.4829389283539715,0.8565150925307495,0.7230170634169555,0.5008406062741827,0.0,0.0,0.0,0.0,0.0,0.8100398896936486,0.7599432547290254,1.2775607338208863,1.2038102715477774,1.7117102853241053,2.4988976503225357,1.715784996568669,1.2250202757548656,0.6220669087768924,0.9009905148251257
0.17062976854597256,0.007584140254152998,0.03766191424752489,0.07786342275580467,0.14963855999289058,0.0,0.0,0.0,0.0,0.0,1.3613975879990359,1.516966926028253,1.796001000727787,1.761954044379343,1.2700578230158168,1.3486963029534103,1.088971441235182,1.0148406120191924,0.9382632744834309,0.9067126929034738
1.8847951509467553,1.4114582418481194,1.2661286695257465,1.6826135904188242,1.7776709088700275,0.0,0.0,0.0,0.0,0.0,0.768940710199688,0.8243498243800825,1.3153593904853935,1.3795371758765702,1.3627056722408928,0.8465004194709961,1.3486299727551085,1.126115144525701,1.0255363356776477,0.8020139896758608
0.3389624349409407,0.314829632447687,0.09800263335394209,0.23910371686648038,0.40462255506835676,0.0,0.0,0.0,0.0,0.0,1.509257215553953,1.4361558291770942,0.9634769784460026,1.75452636376089,1.5541936622851125,1.1755464365316475,1.136934155479978,1.8037300160535006,0.962297226728332,0.9489842235062929
0.679942078996567,0.18607302796732852,0.2677915282849166,0.059563191577406346,0.14828698407331647,0.0,0.0,0.0,0.0,0.0,1.2597270088938954,1.7211485298957063,1.3178148580056672,1.3994785228679358,1.4396410505077668,1.3428042116627217,0.9698484627703653,1.1710767356870846,1.1632298568821693,1.152450770657566
0.9480943224347469,0.642205638786898,0.7502568650956398,0.37375242744555104,0.5065474105802062,0.0,0.0,0.0,0.0,0.0,1.2110431127269625,1.1490997938220262,0.9719512646601399,1.207804807585301,1.396240456895858,0.2344361986910765,1.415160548898731,2.015427197853696,0.5084335826670001,0.9516485449917571
0.5084755059665496,0.417412217204819,0.3989151901314161,0.38455438485057974,0.49606443090931684,0.0,0.0,0.0,0.0,0.0,1.4870245117007153,1.5636612500828566,1.6978814357787637,1.3784108043140912,0.8468758812284004,0.7804082432699101,0.9815508830762463,1.0548363930791556,1.2126049291283665,1.3126688580053947
0.8721513880896182,0.40669467705637397,0.07840335862555849,0.2872510277847973,0.8863717864681157,0.0,0.0,0.0,0.0,0.0,1.5397086668783946,1.6762414600218811,1.7281428248947117,1.8070271437449283,1.8618101206500757,1.09561100121363,1.1553618241641703,1.1681057583973646,0.9706431778080999,1.030369398911877
3.5026025418447233,2.8793486619200164,2.3796420815678205,2.1385564615330703,2.0808292285097205,0.0,0.0,0.0,0.0,0.0,1.9927704311432006,1.6681867341482046,1.3869053343664621,1.5567368774727937,1.5572557041368198,0.9249410276043407,1.0240078173536242,1.4562066580637194,1.1267955452962304,1.0388732116456845
0.3079805527704188,0.16400208350809353,0.06305961307266399,0.17261169029453713,0.04271012116229584,0.0,0.0,0.0,0.0,0.0,1.622188865531825,2.043688124094317,1.5108352179482738,1.831731546872448,1.6190325161321484,1.1546528046206388,0.9666176269203166,1.0215497241965175,1.0456787825335463,1.010157269387935
0.1934947175779003,0.09631836339961872,0.01948369977535416,0.06550091130586337,0.16839082854010265,0.0,0.0,0.0,0.0,0.0,1.542418756121105,1.4652125314711086,1.7738561758081257,1.6708206207461735,1.4256586431350153,0.9714066183815571,0.8424804117957178,0.8718715089622042,1.1538728996315541,0.9701311566433896
0.21068155806896233,0.2569486506507933,0.02989681886981363,0.05536770026261173,0.1907490893759071,0.0,0.0,0.0,0.0,0.0,1.2663307976480203,0.7620137883110882,0.90157965788107,0.9600125811084187,0.7351842590350823,1.2827782309930604,2.5449803591875746,1.8561769510409933,1.6161083775048604,2.557535144876719
18.09025056440247,12.508849243983473,7.934415260725833,4.817200909712267,8.754043963455349,0.0,0.0,0.0,0.0,0.0,1.3757546538718755,1.3989628771253446,1.5582079815135053,1.453739456096851,0.5358551928497322,0.6269268346838385,1.0495659864042217,1.1222739862262816,1.2651724067182089,1.9646687120320117
3.054623384897772,1.6258729812446568,0.5948144131670121,0.3475892961086692,0.1987934038548707,0.0,0.0,0.0,0.0,0.0,1.7549400417233592,1.6288002484608946,1.4157415230024717,1.6951135807447528,1.7058853088053738,1.0370196263851126,1.021908781074286,0.4444307495336716,1.144794859447754,0.8348567716692142
7.401408689930004,3.325269028246953,6.13762078942508,2.581636821587119,8.165520412627991,0.0,0.0,0.0,0.0,0.0,1.3729267287315585,1.7794660667647813,1.5940586032593442,1.8688577630785461,1.4592802018764877,0.28033430771627865,0.9295836866114314,1.0062622347385708,1.085815663925883,1.1138082768242983
1.1973117984808381,0.64020269193723,0.44291663614400073,0.49538619892315305,0.4941837546364452,0.0,0.0,0.0,0.0,0.0,1.3479973327974255,1.3737509419133997,2.024363023447142,1.6092350088363778,0.662532500754906,1.3211831883665777,0.8007582312164832,0.9522953808317176,1.1725937285939183,2.8600350032920043
1.951484642419146,1.273626780117942,1.0130853550921237,0.6419596210804309,0.6730714024421284,0.0,0.0,0.0,0.0,0.0,1.0507318315348702,1.0320770163746025,1.3435912213668704,1.610922889034604,1.054080166897669,0.5288126718217447,1.1613951935679185,1.313121184722,1.1063729433777505,1.0236953174933692
0.5189165073744636,0.33515475539873735,0.23202454115393997,0.5108618234786299,0.32850998604396564,0.0,0.0,0.0,0.0,0.0,1.7248796618636544,1.2085987157789657,1.616264374110868,1.1611775478049309,1.6175522228769765,0.9495684038399966,0.8892204575133531,0.8496263695361743,1.1590198123834734,0.7682772982385907
1.255780246741465,1.1507257279349308,0.44144382604844495,0.4706218671410619,0.06543716030017374,0.0,0.0,0.0,0.0,0.0,1.7301289815866259,1.1989434251987166,1.044731207212348,1.394735163440337,1.690148239527671,1.0456005755165019,1.345496608584912,0.2984367673426952,1.2000428625983106,0.8459679590582365
1.2773812291832765,0.5905234543363137,0.38034731369264974,0.21929741748892137,0.6152905746363652,0.0,0.0,0.0,0.0,0.0,1.401939363794781,1.1591026544531842,1.53455204761927,2.091317103890655,1.5573137311216032,1.0049935925348477,1.663889553556821,0.924168851433562,0.9473921777750066,1.2074871894682215
4.29566132898233,3.6144683876983867,1.0984271622253334,1.3165678913591434,0.9102518911518482,0.0,0.0,0.0,0.0,0.0,1.73685362958293,1.7058339992965885,1.7877876727309543,1.4257249004290424,0.9845359652030018,0.869651023371825,0.9153123752257752,0.9214734217713361,1.3283302632180356,1.5926464578958324
1.2200808144068653,0.9057323162979433,0.7702836007120462,1.0600899077070094,0.32084781989422495,0.0,0.0,0.0,0.0,0.0,1.81109650054147,1.606857937721034,1.3150396127928563,0.6545437100329267,0.6932498527163375,1.0087163666898886,0.8127006818123242,0.3348287259286306,2.4551702415171524,0.866592835144335
0.14558085553184658,0.05519914326738077,0.14404728227180053,0.08928040998622375,0.223812634524732,0.0,0.0,0.0,0.0,0.0,1.722650970927294,1.6416743063446924,1.7852895460887623,1.1719939556033978,1.1989825796939775,1.078975950947399,0.9976789804434288,1.0867296085272526,1.4207207362638712,1.40293368423755
2.1432442844930586,1.0447974383885268,0.43266935650720895,0.6165521014631726,0.298030709037657,0.0,0.0,0.0,0.0,0.0,1.583006521232756,1.5077485265753996,1.9832792107411528,1.177592378677034,1.3420025915173293,0.9819175997086546,0.8612646977826098,0.9941493587924818,1.4938425491861709,0.8269320498595237
0.45952731077536857,0.08757952118495346,0.19974039448449862,0.18033892685167524,0.241248308449065,0.0,0.0,0.0,0.0,0.0,1.869365409992952,1.8018744226123224,1.5202633846006315,1.8175345011642847,1.2757876174628124,1.0670695768539546,0.9439449354588608,1.1067418377769849,1.0959342215366257,0.7366997228233721
8.291151684456128,4.65344780427069,4.743823774872219,1.5099436792034986,7.8393012888936795,0.0,0.0,0.0,0.0,0.0,1.4983362689674715,1.7134888741625887,1.711161276918151,1.651806795733283,1.3303616215306826,0.6401078706496465,0.9094280390584373,0.9500776794626825,1.2474917937893817,1.1913112320522075
8.451330885101175,6.328567010895086,3.806792190450756,1.824122146617248,1.3709017018938117,0.0,0.0,0.0,0.0,0.0,1.7427135867804096,1.7063615096524405,1.5171620658349685,1.0182448919079028,0.7595713582362053,0.8764528420888074,0.9117668280617341,1.0250056960518323,1.2341132892541529,2.2796248285080356
13.98998102054414,10.36514059685239,5.955215718410298,3.3757578850399703,2.7456657947609204,0.0,0.0,0.0,0.0,0.0,1.5673539658716358,1.5726617257565145,1.5025866430126458,1.0947132457736641,0.5226530669948413,0.7986900951131745,0.8419863677953188,0.9799296072386751,1.5291045520394972,3.6268217775366884
5.981334973775996,4.332500232932965,3.4571423105940235,1.5345548931124324,0.9055801905137818,0.0,0.0,0.0,0.0,0.0,1.6767993211700036,1.587987879864578,1.2276131204518645,1.3671982401337646,1.747082523127003,0.8278799897813951,0.9586086506348269,1.2713556945876907,1.082698259265534,0.9813631876257384
10.224148453232797,6.400374128697843,5.6357158301513515,5.023250561286488,1.1770860621932338,0.0,0.0,0.0,0.0,0.0,1.6286617753527222,1.4766866423328273,1.4009407515762533,0.9220886598387411,0.532047478484528,0.9227108226157326,0.6855392603685714,0.9820194150076335,2.0189748258687827,3.254521420996167
1.3978667941010932,1.0845041796241417,0.96654612810196,0.6501396574366225,0.4109362565944462,0.0,0.0,0.0,0.0,0.0,1.6061515824137607,1.4859580190464332,1.315475883941098,1.0041446003865762,0.5519253595934527,0.8704631203880144,0.8574189854360339,1.0855688109793913,1.5362712329764794,2.237609474468121
0.7676185888954935,0.2601319794825836,0.17611541772237857,0.3343331976310235,0.38148630282381757,0.0,0.0,0.0,0.0,0.0,1.2682743968106054,1.0272484237150827,1.7312176346510257,1.4758944986788307,1.3632378014693731,1.2938959497494371,1.3852196382877435,1.2140389714380249,1.0851951551079455,0.6982273012120673
11.877490061497396,8.84381949036396,5.018472072958526,3.402766786405949,3.530471934904702,0.0,0.0,0.0,0.0,0.0,1.6228018892613612,1.6154477667996656,1.4742318792888283,0.7314483269313427,0.659597821870993,0.8809482417425324,0.9005239709540994,1.0049577836665162,1.8122803683609978,2.322888102066328
0.7317211157373904,0.7158765455012636,0.6975116264773972,0.7294860449749752,0.8323845660287432,0.0,0.0,0.0,0.0,0.0,1.0631002440900734,0.9746953072813533,1.4820474165581123,1.5236322606553545,1.2687407838667577,0.8148165196063096,1.5496912157152238,1.0587140229353031,0.7431303289111757,0.5542846874715064
9.32662496358768,6.7881872134484995,3.4835093473541696,2.2419291542710362,3.8675451916803283,0.0,0.0,0.0,0.0,0.0,1.6902112868717176,1.688041572614914,1.590737844669364,0.919865208452347,0.6944860263984322,0.8614791223519985,0.8925997138544784,0.9642609935164868,1.6029022587795,2.2448030566474713
2.519768459921475,2.7451955738761096,1.0685103270232754,0.8318965024168928,1.003774848090175,0.0,0.0,0.0,0.0,0.0,1.3765337512338027,0.601418874442524,0.39223265594321427,1.7391051471377188,1.7792357801024383,1.3339944196593725,3.3555076307618172,5.172211569573937,0.8687401335683861,0.9072308910267338
1.901625193261085,0.22429597764013942,1.0854565390202429,0.600792229904388,1.2219462042620404,0.0,0.0,0.0,0.0,0.0,1.4602390249084034,1.5323677990551,1.8862620491232123,1.3431373263668227,1.5287814678403329,1.2461150363503644,1.0486490537562103,0.9623029741787357,0.4599718989890113,0.6513145524349292
0.36339367643498904,0.42511946115200255,0.35231666396458283,0.18783745333767815,0.16743069189491105,0.0,0.0,0.0,0.0,0.0,1.4738034265905968,1.5238687668382982,0.9571786617772592,1.684573551851219,1.2990350401637127,1.3291230179337234,0.8855872989098251,2.1688094180064383,0.9768626452152447,0.6508843310350928
0.6756023491277994,0.44905292509603,0.16531960095837234,0.055240133909446244,0.1527847649681855,0.0,0.0,0.0,0.0,0.0,1.7365651338913173,1.8477006506679678,1.7215188609969945,1.6657558830704569,1.9229519090714589,0.8937793399147831,0.8888498625404299,1.1195830079508557,1.0095038399859888,1.006911993534157
1.7882761368180873,1.4045329788462175,1.075605511283782,1.01567972427711,0.98219146118523,0.0,0.0,0.0,0.0,0.0,1.7966744942962771,1.6317255370415589,1.375252206525889,1.0334409739855681,0.8328136291125193,0.9675805446206724,0.9596205372608279,0.8509901652703914,0.9189661351840299,1.6138604590710726
19.117692211525092,17.43847563001541,23.37971264107343,2.123969136945436,14.344276427260931,0.0,0.0,0.0,0.0,0.0,1.9237679898767033,0.7131068711673446,1.5456758817321519,1.9652703677798466,2.0396887582328307,0.9364792735118829,0.3981217778032359,1.3597125172216493,0.9709046946140931,0.9993047624607786
0.1481133320412782,0.49182930641024136,0.28182637702528507,0.32158947837519103,0.2519886445279357,0.0,0.0,0.0,0.0,0.0,1.1681267108853524,0.44667427957167594,0.8025188296027159,1.376347284935386,1.7100086636448066,1.248746654257082,4.139887262879213,0.35173816342376446,0.8408947802822669,1.0683989563086769
0.1791173369624667,0.08083592565172883,0.21694088136181797,0.12667294575119759,0.13602546823433026,0.0,0.0,0.0,0.0,0.0,0.952998156688066,1.18167978187614,1.3774970001064155,1.27317844318584,1.566914509725877,2.1535019754388087,0.20126615417878657,1.4507682585915855,1.3453355915922323,0.7439980439017921
0.10353165033772878,0.07478821250197476,0.04300167329625205,0.09911492028611144,0.13731341131870894,0.0,0.0,0.0,0.0,0.0,1.4759753101818835,1.1161011487293169,1.9658746794611144,1.8991516498312195,1.555115512795302,1.1288054847541162,1.0397449179393676,1.0337318247197018,1.090477768825359,1.3551367758365387
0.0,0.0,0.0,0.0,0.0,0.0,0.0,0.0,0.0,0.0,0.0,0.0,0.0,0.0,0.0,0.0,0.0,0.0,0.0,0.0
83.42776093459051,80.56166797855963,76.45596378797683,64.49433088868959,47.54631604882173,0.0,0.0,0.0,0.0,0.0,1.7160595414998654,1.705802992301247,1.708339553107235,1.7954426624262825,1.9782819645623184,0.9070026750699494,0.925791390824778,0.9695103792086485,0.9972305276659343,0.9798198438439883
210.50914949885987,194.7345308968511,158.8305075746323,114.56587822770516,79.3891467000684,0.0,0.0,0.0,0.0,0.0,1.5906811101091107,1.615730114083326,1.7014269300379712,1.8608439026974184,1.9962106867508946,0.8939720969878074,0.9310167923824236,0.9565346784232593,0.9573807543612911,0.9573923496498762
1.307606827915031,0.8852294670215721,0.28615080568180035,0.3148134547349656,1.746957660204211,0.0,0.0,0.0,0.0,0.0,1.80427544982842,1.601888257435408,0.8989493746160097,1.736427466065824,1.671419285434357,1.1229169743482532,1.1998929686743007,1.5711937473882849,1.137438133423693,1.1690523102313135
1.4285995893124723,2.1201265708220776,2.3991947425757,0.8905556474403429,0.9871688006939274,0.0,0.0,0.0,0.0,0.0,1.5916708118384997,1.062179792431297,1.1973256128420509,1.3642041240143155,1.7670138803850761,0.9306671160635098,1.4686112825426503,1.234727037970806,0.553741133281476,0.9942744808752366
11.05974779740367,13.510288053330223,13.458063153407398,12.595553866566222,10.545011580326518,0.0,0.0,0.0,0.0,0.0,1.7117539166324054,1.632441921353295,1.5832005547814996,1.7769288314503882,1.9487823392436754,0.8959629047801442,0.9572999699922786,1.0409261303733568,1.0494960550461028,1.0254281573006956
0.1788180549300761,0.225841161505564,0.06005449956252527,0.27303271786326583,0.08733988902031245,0.0,0.0,0.0,0.0,0.0,1.7326940825798325,1.568252346758179,1.4413462944991895,1.6990113112992713,1.8150797067028281,1.0992467954879044,1.009298925327855,1.2905220347268695,0.9527059643865955,1.0687275400269887
8.967988176132568,1.2844339113025185,2.9188305744524974,4.76235667756702,2.4428048627648447,0.0,0.0,0.0,0.0,0.0,0.737501340141417,1.6878260635967983,1.442682586821665,1.3286398735243123,1.3235335945011704,2.356670164877459,1.2146585948208488,1.0424786312887848,0.513443648934241,1.1200866323452872
0.756031461775535,0.8530042124347063,0.7267692182025148,0.7073347636415639,0.48709360904190496,0.0,0.0,0.0,0.0,0.0,1.3503703797751407,1.397407704567423,1.6708576808612465,1.8984549875881362,1.8214665245070323,1.0918348724384157,1.1853403916980332,1.1503151114571506,1.0775983986649875,1.0968273859775002
0.4321831586562125,1.9907383557070222,2.3941099669961288,2.5943788869893813,2.2304428443603723,0.0,0.0,0.0,0.0,0.0,1.4134900626396467,0.9599242238591225,1.2067771293886558,1.91721601705595,1.8067351908782951,1.0913590502857964,1.6633930359270026,1.6522466138254701,1.09315786070403,1.0933211366390254
3.8990603556126167,3.245342232781121,3.251406843582571,3.480645683842204,2.3139440712148938,0.0,0.0,0.0,0.0,0.0,1.4503031485271143,1.5903007925401527,1.8271874971458029,1.9177519861134562,1.9622626387863848,0.9598955087682347,1.0201144344305835,1.0447276557339236,1.04806933659945,1.033516937144469
0.6137736225978434,0.09465889150774387,0.07427466209219587,0.13063190090378973,0.18901869635698268,0.0,0.0,0.0,0.0,0.0,0.8771579164613088,1.187802384183004,1.294371451384669,1.329511511350466,1.5454063709937094,1.3583373882696017,1.3460382013651648,0.643263031936437,0.6328243499091278,0.9377759633014447
23.10752874955899,20.2561751278884,17.547137918640264,13.173067443719427,7.697188445639047,0.0,0.0,0.0,0.0,0.0,1.7832120078424607,1.8212349599295268,1.8164916596998937,1.82951163217699,1.941240259787914,0.9240032347364625,0.922108625517993,0.9348060943121892,0.9465564534682656,0.9397778038087934
0.5926287851862533,0.980762600050318,1.725808794977965,2.68853593023178,2.277120762074334,0.0,0.0,0.0,0.0,0.0,1.644036547132882,0.6911906615346509,0.8111977152598484,1.314443273055127,1.428395410670929,0.9719572266351609,2.4801513038089795,1.8452538151305413,0.9549893981388858,1.055598204132055
3.0399688650991363,1.6820053631998697,0.9872498634677213,1.4443903241772973,3.2967733336699085,0.0,0.0,0.0,0.0,0.0,1.9822088232709927,1.7441923857097528,0.737995812936333,1.1494363772603877,1.7295451580560877,1.063436942643192,1.2016462889596697,2.637116679580496,1.6105564599295827,1.14510587677899
0.15594957969326637,0.3179666943058489,0.3936037280242385,0.20380387067615632,0.37830257119313676,0.0,0.0,0.0,0.0,0.0,1.4123181276281538,0.40758478541064486,0.9494648361669933,1.2848677378584255,1.274839668484441,0.9883063066098666,4.096444529495674,1.849465118711466,0.833899531198957,0.1598265014183968
2.5815501739958857,4.538442622713026,2.236387872713082,2.3223744827412043,4.653567085303402,0.0,0.0,0.0,0.0,0.0,1.7379198532676572,1.5874995064405242,0.6732678701863017,2.0238435810351225,1.7587900248933677,1.1386292118035881,1.256416962121417,1.8488087898675105,1.0190927823543627,1.129060770316136
0.8071876898736517,0.7792086315762138,0.40613767224899283,0.5281087634532885,1.0262485858198749,0.0,0.0,0.0,0.0,0.0,1.7644117168843843,1.4351219504680557,1.0632347828889162,1.3629091258189407,1.6650050979804767,1.1731215292801886,1.460581712410123,1.3986845990144554,1.1142893975838166,1.143782184772464
2.569619247041327,3.9362485335017317,3.26472811040829,1.9649445009395994,1.354221702511354,0.0,0.0,0.0,0.0,0.0,0.6925814250578267,0.6289875885165515,0.8994348856741641,1.2679343887605652,1.5773983821567878,1.6804937798265844,1.4564295058784829,0.43375740235081134,0.9169982446018967,0.981317476378169
1.0443227415313032,0.7150754407588409,0.6335243793335092,0.6465776174059711,0.3987735701951722,0.0,0.0,0.0,0.0,0.0,0.8720921130161399,0.8058677009019647,0.7960884614503573,0.6692807791455178,0.7453875980557149,1.4855824283644525,1.2922216077165034,1.2894036848176746,0.5330378617322902,1.5355774773277278
2.392070162081436,1.6094877680468787,0.6950105798339579,1.2542896737946478,2.6403267637445005,0.0,0.0,0.0,0.0,0.0,1.9629196789301544,1.8015807387472096,0.9376801112213526,1.4766465714417454,1.6763837013238918,1.0667728036227553,1.1629479051737168,1.8436623971618915,1.2821879552791715,1.161400057060387
0.41449869788746996,0.553355514530426,0.654120915513103,0.33711664302690897,0.14573590712426107,0.0,0.0,0.0,0.0,0.0,1.336951902593846,1.011404911126258,0.6524144620715029,1.0009013925530497,1.5091867290152978,0.952103347198014,0.7981257901562269,0.4412851082666301,1.6654913715109112,1.0886406324758233
0.20520593762291534,0.33155864842323907,0.14003029770014608,0.1443815121660747,0.14959725590905298,0.0,0.0,0.0,0.0,0.0,1.637037548711563,1.1098317416830783,1.5221541076495346,1.4545830721625888,1.5593731596149172,1.1591721838543148,1.7475568215882715,1.105272916905837,0.5048449213179056,1.1734378625862179
1.0836566984628064,0.8505440157104044,0.3710018510447674,1.1378846719970086,1.8575182453690715,0.0,0.0,0.0,0.0,0.0,1.6717904982709622,1.0612596238434415,0.7909304652298873,1.5797344788622865,1.7075918596922026,1.2093859240849276,1.7449490612537968,2.209661577509364,1.1756358420040982,1.1682383793441329
1.1304788257800087,2.271910377402259,1.9539567287615767,1.1577679635316935,1.1910363540473514,0.0,0.0,0.0,0.0,0.0,0.20443136399906855,0.27724268394881924,0.5748533084548351,1.1794052090262779,1.4823719852682156,6.6994060046364075,4.694162864496793,0.6988152545098749,0.7541928350250322,0.8482768851132014
0.3340803284101238,0.6254189633269961,0.3885351048912237,0.2717130912163881,0.2687289998108926,0.0,0.0,0.0,0.0,0.0,1.3322183070757436,1.0321624801571025,1.388151935735644,1.7032166900143852,1.8561594106644297,1.1014398242918104,1.3288101437339708,1.209851034028913,1.0783682215828179,1.1030192471970817
7.364109619322468,5.385085721908041,2.920234448086916,1.7283927324467883,2.4696688513711473,0.0,0.0,0.0,0.0,0.0,1.8002087854580908,1.6280210378749977,1.3985264039262755,0.771801076010007,1.0890074982780944,0.9106976801852285,0.9656107088643623,0.7503842004102411,1.0623308362728687,1.853466922831177
11.274451095175168,2.9962485810760318,0.4515640890688243,3.7740460038581736,7.763073456803246,0.0,0.0,0.0,0.0,0.0,1.4332738366755091,1.468925535898183,1.1289204954622973,1.4662551124752918,1.725864096797542,1.3600882199324127,1.3209592905656056,1.6209862914892876,1.3256096897704306,1.1733200087119844
1.3128670422147843,0.5203984229117982,0.753963112816779,1.9370850915944,1.6723960517250362,0.0,0.0,0.0,0.0,0.0,1.821152410444538,1.4588357048317768,1.2813370129521984,1.6389032916545907,1.6958623679094145,1.144986013678794,1.3526192741808531,1.1008964755402537,1.1941271901889496,1.179097130870787
0.41400982456206475,0.7869322666398937,0.46733110273813316,0.9998305564642604,1.3306598833917285,0.0,0.0,0.0,0.0,0.0,1.5530221963692623,0.8864739955836095,1.2878218350690027,1.5051168439865876,1.9176830030230652,0.9856314542099704,2.139768416586137,0.8388489320589358,0.9225978019280575,0.971474192001635
1.5295544843721838,1.05413109574122,0.08114545841383386,0.6926311395728977,1.804028550941572,0.0,0.0,0.0,0.0,0.0,1.7690065446761505,1.342792309102864,0.9004662999935349,1.831438791479773,1.8715706746015104,1.0580654896724153,1.3600467300030736,1.3037518743447796,0.9388423640319363,0.9423473716733223
0.27104396884680126,0.16003372426833976,0.15186346851743182,0.19627764452141166,0.2232251416188205,0.0,0.0,0.0,0.0,0.0,1.1519961736264368,0.6605168025188842,1.6152326077097903,1.8392765060316936,1.47314378074468,1.266411160819352,2.181187492668057,1.1863768285700562,0.9406782985358925,0.8880173685793725
0.6668188108652202,1.6472118163712473,1.8230229629124035,1.514229395991469,2.044029266299635,0.0,0.0,0.0,0.0,0.0,1.20904339446463,0.8428006176340002,1.1440996769730791,1.644376703776936,1.724987206011723,1.6570179043374829,1.3146160835894538,0.9377385017197658,0.868844577450434,0.923419736326737
21.06382273469207,19.42895073264676,14.25594834189171,7.377109850182561,7.004859812251756,0.0,0.0,0.0,0.0,0.0,0.9310803279556489,1.0167514889474922,1.2555678256127452,1.2749326755143005,1.867478336258848,1.8128336720119502,1.807836802444317,1.5321789256421028,1.1251826622795458,0.9201563770422968
19.833357668637696,18.877329239936007,23.11235196918941,22.445651498011753,21.841860727783768,0.0,0.0,0.0,0.0,0.0,1.526760099593458,0.886083096493516,0.2368556424048641,0.6651210013629056,1.26793066070042,1.3239278259138376,2.356865861350822,7.301553014764095,2.6335445264275448,1.2734725990149172
4.268809802739999,2.820751959248948,1.7017070558707867,1.4829005516196854,1.4736021056659803,0.0,0.0,0.0,0.0,0.0,1.2082782435205501,1.2537155067257626,1.186242741228131,0.8129856665249058,0.45142541038966283,0.7634693202738168,1.0133126821577816,1.2905048029337722,1.938078999208408,2.028941303114318
1.7068607914758958,1.0684114994627005,0.9118682660101053,0.8998593422687529,1.2395033183780513,0.0,0.0,0.0,0.0,0.0,1.4849331102223138,1.5474988325352137,1.3833964105207854,1.171297916861956,1.0500473710921239,1.1512562096471057,0.9643727295117644,0.44313077587019783,0.8575527160708543,1.924641711216604
2.139704487401262,2.2164500848297184,3.040145880569744,2.8206389334223445,3.0594885313547233,0.0,0.0,0.0,0.0,0.0,1.6959869170965165,1.0105152870829974,0.5441364719853969,0.8513477327681043,1.2700655512069297,1.1878603422228076,2.0726998641205774,3.0883865137252102,1.834994032107767,0.7794601235212891
3.0431078638353037,2.2856263458209294,1.9727954164427193,2.2198826654720096,1.6035409337299646,0.0,0.0,0.0,0.0,0.0,0.9633373473321147,1.2265391746291139,1.197171143955051,0.9154189655624222,0.9262422223235947,1.2427366285399186,0.792833996405432,0.9663854645936496,1.6013404787964483,1.2446993049183017
6.514149459451249,1.209174836676001,2.217154111850931,0.98576655035281,2.825070196281375,0.0,0.0,0.0,0.0,0.0,1.3074678551117116,1.7255162966522812,0.9564186198582169,1.4771678975170583,1.7697121002528025,0.9506875350051486,1.0363281268575895,1.2956357958942162,0.7908372106359864,0.9312338648577873
1.1573142333609117,0.9251781944352162,0.5593399669897543,0.436594945646189,0.2940217519200335,0.0,0.0,0.0,0.0,0.0,1.2180901856706152,1.3530369448388329,1.4400355852920899,1.179272899366637,1.0705730913393516,0.6931795287147532,0.6415751127250042,0.9299827577829994,1.3699322465609995,1.9176614930759934
1.2159524084524005,0.5594637131182241,1.0879101824388797,0.5625453662959226,0.9779636042878959,0.0,0.0,0.0,0.0,0.0,0.8439658029166884,1.5945443203767633,1.5736378263972233,1.4827403132850585,0.85723957813191,0.4598342152246222,0.9777327981505192,1.1068275844340727,1.387238219209333,2.3257727554855943
2.265278012712653,1.7993804525658068,0.8249726564533288,0.7350827929582116,0.08443737324136154,0.0,0.0,0.0,0.0,0.0,1.6446863254630815,1.6275463724576515,1.943205670193291,1.6180428742222228,1.8511793303507589,0.8752204634307202,0.8303824520462603,0.9451185571295629,1.1023905183609222,1.1103408881879802
3.3200238845932724,2.8015146547404957,2.101226236171094,1.2468663962176063,1.4304168904785435,0.0,0.0,0.0,0.0,0.0,1.6368986396591496,1.4517993494879042,1.0456127975796958,0.8746068766140992,1.0466301274849243,0.8704667463444502,1.0325737219457292,1.3601022091978328,1.5526080084872114,1.2567972720004306
1.5216616106289318,2.505761408192882,2.2039093803510577,1.9953870729400562,1.6474526557765006,0.0,0.0,0.0,0.0,0.0,1.6704002003833922,1.6004824363194756,1.0664007211497777,1.4365601026527612,1.844562755427408,1.015024365805122,1.088754688957278,1.2916524399870764,1.2026059993120546,1.1153311549538896
1.40198092693463,1.066407084132262,0.9067732960224364,0.5194544534998993,0.5711200507610499,0.0,0.0,0.0,0.0,0.0,1.5338006553357912,1.3806877708732628,0.9858523922375945,0.6068041514976019,1.5768063617786552,1.1675873053638008,1.4121815660103203,2.093140388204229,2.618406280116472,0.8575219843506995
2.1320351225899294,0.8948354927813054,0.3399105223668462,0.3886612925344345,1.226271992114556,0.0,0.0,0.0,0.0,0.0,1.550164112016128,1.7896728723363389,1.8410454972627748,1.312309464266845,1.23195335551659,0.7939015363998139,0.9103991685703372,1.0971666416857333,1.323930001288994,1.400278177702868
0.253045306938518,0.11897163712963825,0.13486299020522233,0.03793012752700127,0.26160125592992634,0.0,0.0,0.0,0.0,0.0,1.311832846153767,1.5753386613831255,1.8545869426761634,1.5165882630768053,1.7774906711732426,0.5118215408742761,1.1797770549610898,0.9600874572315139,1.0809335395613544,1.1350024084092925
0.9984190086426992,1.2283312950826557,1.0095495101332124,0.48590592163129526,1.5285424390429645,0.0,0.0,0.0,0.0,0.0,1.6543070208724762,1.2336962620683665,1.5141866157526094,1.6144852464786428,1.6707573826877924,0.974432455059967,1.4507791049798535,1.377205138459819,0.9998403522425829,1.0885949672048796
0.45393995224787353,0.25610437336019165,0.06286849157332615,0.009498701702403054,0.11508115268145185,0.0,0.0,0.0,0.0,0.0,1.732727576425981,1.825941830780338,1.8835493384801452,1.6281388959621368,1.8542878989869789,0.9134704237011602,0.9250605076837072,0.9946973679318879,0.9310777604278196,0.9745022509319907
0.7327624352808584,0.6650252322708254,0.713345060812845,0.4736317874632395,0.38774756042374614,0.0,0.0,0.0,0.0,0.0,0.690952227588007,0.828335022801715,1.2345437551393346,1.1771085984546674,1.7861657878607378,2.3797177681381467,2.483474352525543,1.3368913806812974,0.3217828003513943,1.022964230688031
1.3666452492352703,0.5014094557465312,1.3282525679122301,1.3881345226611388,1.8549654888645795,0.0,0.0,0.0,0.0,0.0,1.071134034776115,1.7607157348812343,1.490260386019937,0.6506893838206501,1.5782799614616267,1.179995583273312,1.0349503969681406,0.979329512648015,1.0327359881630622,1.098460699927351
0.12894861598244928,0.32684322700635626,0.149134519866768,0.2591181119796145,0.3866406545660317,0.0,0.0,0.0,0.0,0.0,1.9533400734511117,1.3435022888556485,1.054920293495212,1.6880762614153215,1.9698422517167555,1.0565504317626433,1.1802050683888978,1.5011613851934702,0.9449162176312862,0.9607377148321176
5.222787515112407,3.688980510134418,2.3848700928456488,1.379630448866013,1.4586691476088494,0.0,0.0,0.0,0.0,0.0,1.4189280911108328,1.1083480632369112,0.5011029888388351,0.9628091817572944,2.0619975054142596,1.3246417715143446,1.8080044251615175,4.043092547844365,2.1876470817988842,0.9758169563010223
0.3585656727769319,0.06500655522753485,0.11056425322106296,0.4409840763370368,0.6520902197949765,0.0,0.0,0.0,0.0,0.0,1.3847056132132876,1.077822460323276,1.7818706606698897,1.5948630329907856,1.4734554217211937,1.195851064886798,1.3484033917231544,1.0319078366100336,0.9741116682160733,0.7227597216543152
0.6213836754507037,0.5584666271235669,0.34156584963578734,0.3516552566886217,0.3539261156539792,0.0,0.0,0.0,0.0,0.0,1.9128906158593568,1.3126506842677061,1.1880973157228072,1.770828483638495,1.5350969783361605,1.0907361688669908,1.5678590320153643,1.2607330203054237,0.974973363871438,1.261708435030301
1.927358387726498,1.3254342043459226,0.4780898791857987,0.6764785517781424,0.8260259394658233,0.0,0.0,0.0,0.0,0.0,1.9311583833854666,1.8427813657195007,1.5579063337134544,1.5715465138583724,1.6960277398346417,0.959771877712402,0.9549421325634336,0.8215468181495829,1.2827972688391964,1.2088507333887601
0.843175190023303,1.102886145557978,1.1252782697814125,0.8044949120504734,0.49049418393848426,0.0,0.0,0.0,0.0,0.0,1.2629190279065408,0.8867423947672234,1.089411262036291,1.1900443473597204,1.0252834655176692,1.2559534319661474,1.3521808604541463,0.9005058788556949,0.4841159436139103,1.5417771820712767
3.72538159420501,1.269402370398139,2.261340944182507,1.9603505021345036,2.1632400773396427,0.0,0.0,0.0,0.0,0.0,2.0137471879130375,1.8649999337249008,1.79306413129974,1.7637260517788191,1.382674552971732,1.0160141469222652,0.9749088775401258,0.969180978797722,1.0854619688185778,0.9561277978986069
13.475221979236778,5.797678092680762,3.425061233058892,0.8955723016536904,4.545953248331824,0.0,0.0,0.0,0.0,0.0,1.5312005723955862,1.8690326062868832,1.8549873647070305,1.6138077630362075,1.3493402111369086,0.8899387104526821,0.9160299450376548,1.0409592890252786,1.2957096281813683,1.1893895675059358
1.788869697697963,0.5207291794496094,0.4918240028893394,0.30725890285778373,1.175660387228896,0.0,0.0,0.0,0.0,0.0,1.1554545085675045,1.8112385656643382,1.7604579594852163,1.2295475622982572,2.013846514240718,1.4241549105307065,1.0909268473249054,1.1662178927960782,1.2667303015326634,0.9288453867749871
0.29723156942232415,0.07722805828585202,0.13853003281108198,0.08336446445195941,0.35276706265575697,0.0,0.0,0.0,0.0,0.0,1.0209642932057321,1.8897901608140404,1.313526581201285,1.1798237447647302,1.2596748923270045,1.4159741483686317,1.0463692425141755,1.1212151654482883,1.4676373521143007,1.475831568508876
0.02687168120420156,0.031197671833521436,0.05691910108010043,0.04548442987736304,0.029319854835538745,0.0,0.0,0.0,0.0,0.0,1.350590940745254,0.681506629973146,1.6060255311023413,1.4887986192429208,1.2961476106069927,1.27582827902793,1.8744995499921246,1.083430850384997,1.2935264546357135,0.519855010328727
0.25120929027346794,0.20765749197955827,0.1582376760183471,0.14931699589161043,0.29635364963393146,0.0,0.0,0.0,0.0,0.0,1.8730555220405034,1.420397164186665,1.9130944914193613,1.5211462751991007,1.3125424382748367,0.885587094856114,1.1207201459285716,0.9775795079257166,0.9499827746751724,1.2484862557072909
0.23211253131771592,0.2382041194301038,0.665313209034712,0.5871375225540927,0.6007496593557511,0.0,0.0,0.0,0.0,0.0,1.401280323891441,1.28680460198341,1.1900201911508508,0.9271740821669802,1.4548640223229372,1.1177720497388053,0.6460536981305456,0.6982156118709214,1.232212371411918,1.0646530330138595
0.48465691257289994,0.4394200729690346,0.3753536514215552,1.6296891343499926,0.5090075028078326,0.0,0.0,0.0,0.0,0.0,1.3969410288474156,1.6936259281619879,1.4796847573890497,1.9033234021505308,1.6599320919907588,1.0565264814748345,1.1050900377552726,1.2176008821956086,1.077600055626931,1.1611425988588937
2.2987765066298858,1.2158342434294294,0.6940832736158093,1.8522840788670198,1.3936835258905673,0.0,0.0,0.0,0.0,0.0,1.0425982867467054,1.4541708802327025,1.4333527751182678,1.4888973234460354,1.374444937281081,1.8796051279758386,1.1195774284505347,0.9431864439989904,0.7534591818341042,0.4679102507858361
2.1672152867740646,1.8265466683238156,1.9985555871776381,2.0926383377067714,1.592743635290295,0.0,0.0,0.0,0.0,0.0,1.4040719363207503,1.5209099505192105,1.2894626737436088,0.9363019537712661,1.2270838320925819,1.1764151035302202,0.9260027536563958,0.9416794954396684,1.140641253156406,0.9988503219521586
0.7849228665609502,0.6015931943487931,0.41909718506433735,1.0874531169229193,0.6162193625407242,0.0,0.0,0.0,0.0,0.0,1.0164709958757325,1.4405821431008028,1.325998661123673,0.7399372530520641,1.3318062311663568,1.1523090565437568,0.6653532805533771,0.9853504788867381,2.6616159021949732,1.3120186020622233
3.2284971968642315,2.119422268244392,1.6739634916899226,2.0351018015653013,2.077089705639913,0.0,0.0,0.0,0.0,0.0,1.585414764481564,1.6998767654322058,1.6414518493732084,1.4143550903616535,1.1834740886616912,1.2032924258172857,0.978593398960512,0.8756840426746269,0.6838837064949305,0.2260699404500075
0.06148995687176997,0.07012805368172667,0.08147270547660317,0.12827278626999017,0.10937675869553679,0.0,0.0,0.0,0.0,0.0,1.66795790037037,0.6233371934420806,1.6306817082956389,1.6480617649862352,1.5503141327072631,1.1399717745470406,2.7121962750984987,1.2231019174091107,0.9974731921456054,1.078926444668983
0.8738090570552041,0.3287147780240946,0.36451073131000394,0.7606564542786888,0.5334673793178057,0.0,0.0,0.0,0.0,0.0,1.168222294414888,1.839934318844932,1.6431670869770802,1.49695116166832,1.5153024181960157,0.8332862315658403,0.969870008584032,0.90695068678656,1.3498586280980027,1.036434465129097
0.9540346322207436,0.7654408346625574,0.5729354557926777,0.6226140191372245,0.5527653685642544,0.0,0.0,0.0,0.0,0.0,1.7325632145171006,1.862975625118581,1.7236657382627922,1.450857336158643,1.3883465773489827,1.0806388828051947,0.8984611325151401,0.8648316800185832,1.0834010187562815,1.171896708496557
6.390668803764968,4.996113409617563,4.241801382922921,5.0167412442554715,2.092285014250454,0.0,0.0,0.0,0.0,0.0,1.383088423514061,1.5805247393069901,1.4159888610179914,1.4159928454006312,1.3832014057773683,0.6219149022690198,0.9438928958569357,1.183678901409843,1.3486331672433172,1.0936337635927018
0.169122493321022,0.14475393860303254,0.37544434019998535,0.4710419839203448,0.41115543605159033,0.0,0.0,0.0,0.0,0.0,1.285754748211387,0.4681504735526591,1.2729979909845857,1.609872362509976,1.9376481168231363,1.2579623098620136,3.352118248886928,1.201208433022595,1.080724115635159,1.0378451391499193
0.8514753976880056,0.644135527607342,0.3862258849463206,0.3113511223144711,0.21214927313243542,0.0,0.0,0.0,0.0,0.0,1.546673179829412,1.6724801814981707,1.7499826326916896,1.2225178671845855,0.6047102395132036,0.8492703498593676,0.8412454399346501,0.9791242248272535,1.5248056283825413,1.5609575870232735
2.3657944332983125,2.431146521683549,2.1546539077075213,1.580490331530667,1.4192908661732726,0.0,0.0,0.0,0.0,0.0,1.2097445882188567,1.0044549777074663,0.9408417359322903,1.067620956733616,1.3509678963697156,0.777585879157104,0.6905266680032873,1.2627623230514213,1.3256476495881586,1.2356653194320353
2.968622561988128,2.28332181511315,1.4443255920218596,1.2063298866799774,1.8128694954280882,0.0,0.0,0.0,0.0,0.0,1.5164980518902909,1.6008972784473334,1.590785259333355,0.9306570006839641,0.24384259499353805,0.9583136149218171,0.8464030413351922,0.8741990282622965,1.6516411604548396,2.349888521176006
0.6418337974556664,0.1818078334363119,0.27089766918286073,0.8907559346315448,0.574737658586594,0.0,0.0,0.0,0.0,0.0,1.4187085735636789,1.409201322095691,1.9294704973330896,1.7103262296394284,1.5961264819689402,1.1857560347786427,0.7342500120374447,1.0364931401161106,1.1722267329340779,1.3188219844721663
0.4038190339044534,0.4694203573602154,0.2886404564391064,0.33772258478030676,0.4335456662859552,0.0,0.0,0.0,0.0,0.0,1.8788487601217025,1.318260925782007,1.7031396340271108,0.49180652828123234,1.5432049733963953,1.0459560679041875,1.141940095017939,1.0313093671567621,3.397322354004335,1.0274899783542935
0.29730219854482076,0.2615619972108117,0.11499382065600716,0.23978800399300346,0.06081058086963115,0.0,0.0,0.0,0.0,0.0,1.460351019987121,1.563081316105531,0.9548048835179695,1.1559642519719637,1.6999763374077224,1.0094761969197836,0.7030112919863444,1.3483148911652487,1.4968008135209458,1.0784344111407491
0.5871665211266099,0.37134670685952004,0.35338007601025606,0.4818052422082978,0.8065110005589193,0.0,0.0,0.0,0.0,0.0,1.0825034100725874,1.3604829523830202,1.7159737701720603,1.8059232361500641,1.3931877850027716,0.043698417114521305,1.0917402538957721,0.9376742380597003,1.029223052116863,1.3692837940620313
0.21053822697572988,0.3994863242316544,0.2234806512465981,0.46016091262391257,0.5034806677022207,0.0,0.0,0.0,0.0,0.0,1.4246571832420714,1.047165959596105,0.9319612519344906,0.8896316078881863,0.7574248614937817,1.1662733502300922,0.6239452639816654,1.317282320563087,1.5172067730881915,1.8304691526432995
0.5139052013013558,0.3879419000047389,0.1772507793399497,0.48349002440877803,0.3842938421126513,0.0,0.0,0.0,0.0,0.0,1.6250597834841303,2.036912965129625,1.1688076139352637,1.9617646665808772,1.957866159198398,1.1460237062262357,0.9855038115939436,1.4509488736846263,0.9971812518247362,1.0619504411851795
1.1315150664723521,0.7960964767853347,0.6058249273707148,0.6856855444309312,0.5820263208467156,0.0,0.0,0.0,0.0,0.0,1.141159438933731,1.3046233642683376,1.3338053533976026,1.2365863600748639,1.063349361981267,0.7744170172313732,0.8702917328186528,1.1433898018780162,1.513412347232819,1.6506960316527646
0.916758150938034,0.6168969948172218,0.19320684340254465,0.5609805321869308,0.24740067551253855,0.0,0.0,0.0,0.0,0.0,1.5490244287846178,1.5009732896416041,1.7930388879696209,0.9178449127809091,1.1695034961156807,0.9220965772551831,0.6312255446705587,0.9966137761668561,1.4062627627729254,0.9121835254751509
0.5556428467613472,0.6413715940111553,0.22375819160609717,0.8318180709715051,0.8099946778237488,0.0,0.0,0.0,0.0,0.0,1.4644309017271477,1.368199493898618,1.6904262929352103,1.5722854780220143,1.1247825128640803,0.8917592234660056,1.0813914565590128,1.167645825447913,1.2259019724442108,0.41115910097833736
1.402155164996568,1.2428452500332725,0.6870863113725912,1.3041481742889895,0.9784802702246468,0.0,0.0,0.0,0.0,0.0,1.5116188520792775,1.6033986113893346,1.6365088209140748,0.8210771547065379,0.6328305593734361,1.1547367149421592,0.8178992958461214,0.8469166038543584,1.9827302383084549,1.2620047774766774
1.933953492245156,2.1859531209849115,0.7778111351339734,1.9618722200786618,2.1907172622127087,0.0,0.0,0.0,0.0,0.0,1.8361811034191355,1.6384748945116085,1.705801682569241,1.1999809736864824,0.7960748486502309,0.8978766200043716,0.964158349416354,0.9379083765361725,1.5159150863612443,2.0614738512422943
0.28287173598400306,0.22632024257383124,0.27237645029634866,0.19608899395941237,0.2292439580605618,0.0,0.0,0.0,0.0,0.0,1.3059202170413986,1.1749226732803726,1.214483726683749,1.027229879174447,1.3181691671898286,1.344603374497204,0.9625635421488818,0.398892714317589,1.6894835465003364,1.2602704300942642
2.8674394212299013,1.2810064476007592,0.8725823542750202,1.8408112319630567,2.0204194847179293,0.0,0.0,0.0,0.0,0.0,0.9643924814759984,1.3633943349034396,1.7494905605946562,1.3821565756780196,1.4575670484114105,0.5569052667678644,0.6381754749311169,0.9226336184084974,1.3137790744508857,1.4164800468248084
3.022131951892927,3.205843022263249,3.166036789211676,2.8142947361071076,3.108590988600352,0.0,0.0,0.0,0.0,0.0,1.142774601994732,1.129120083401323,1.185543932943329,1.2561232407205036,1.1012393465841637,1.219803867741548,1.118058712389912,0.7931574007446257,0.9187824994694663,1.2617240236743106
0.8312123800424661,0.6504626454454079,0.1574726917819917,0.7673805112944796,0.49004817218478997,0.0,0.0,0.0,0.0,0.0,1.3628462879887073,1.3586046946630415,1.7327544859844441,1.1200790992273166,1.5653673714736145,1.022550009321115,0.5684861692134868,0.9590257830424329,1.7562232949196805,1.302121443990427
1.6421470368419562,1.0890604458840012,0.8464592198681364,1.6415033596293291,1.036858763745131,0.0,0.0,0.0,0.0,0.0,1.1154015751500805,1.518652851116201,1.4932233135097785,1.4866521765335736,1.2688757082790894,0.44074279047480475,0.960164404713584,1.0921877465052094,1.300981595419066,1.3289492086131431
0.5664703267350546,0.4034843271454058,0.43331037706366393,0.48009799456835467,0.31560963054753166,0.0,0.0,0.0,0.0,0.0,1.2544318790118572,1.4982146436087576,1.3826738496788027,0.9783564977412877,1.3371702488564325,1.2549888325820218,0.8148600239343401,1.0105701642828306,1.2722515511807544,0.9838104186773421
0.3550651934628472,0.26592895177119436,0.2290324115504226,0.4262930132655713,0.38340120196108185,0.0,0.0,0.0,0.0,0.0,1.0983446739485738,1.5810574151623635,1.752804918813985,0.8445088729219248,1.3574710780315455,1.230107170996772,0.8447965641446431,0.9360032910028407,2.061425736234589,0.4937602478094252
2.0367497270935693,1.5002819330504615,0.813985192618975,0.4892263602484038,0.33334890387311134,0.0,0.0,0.0,0.0,0.0,1.8484665791767927,1.7172852634617892,1.1672279847083866,1.0852582755360107,1.4270667241555945,0.9394472336057926,0.8348275732658457,1.0041458698633619,1.7010531813828607,1.2165052332986381
17.39682515093633,13.065407814598055,12.286870698982593,8.176524577147504,3.8691814401396933,0.0,0.0,0.0,0.0,0.0,1.8533783423641206,1.936200092652767,1.8101665077684557,1.5791616037114988,1.5645475683178927,0.9647287372452678,0.9357077891112909,0.9176047325749151,0.8651640127102344,0.8688918399958677
9.00665653217062,7.942339730852384,7.288175139055187,5.696001962411066,3.3317842956051833,0.0,0.0,0.0,0.0,0.0,1.6998585191474658,1.6771216112990976,1.6209321896324749,1.5746568081031325,1.51674942824868,0.8919730773565403,0.8427134038039702,0.7837174140229081,0.8022619513012368,0.8517973446934053
0.18094830448678617,0.09164975790568848,0.27396534137747525,0.6000534339282495,0.40932009591052865,0.0,0.0,0.0,0.0,0.0,1.47025448776586,1.645042160129907,1.3038412739576775,1.4799723511711993,1.220995171984321,1.2304522307366408,0.7947997723814118,1.2856152338242912,1.3032087807698982,0.7814270079876147
0.6394155179978618,0.1627907487533601,0.1510209520476215,0.28466807847063,0.7628659028936255,0.0,0.0,0.0,0.0,0.0,1.6733617810500476,1.888901192877504,1.7478406909764825,1.7800496477880683,1.7901765320216556,1.0018707042636867,0.9388117378500908,0.8814330549305708,0.9343581315685517,0.8744949677810147
3.1646032298759286,2.405251887275652,1.682701708357288,1.029932722482074,0.8276731307211465,0.0,0.0,0.0,0.0,0.0,1.9804155973429047,1.8861273336896276,1.6997133259828427,1.4724924822577268,1.5306056804654795,1.0030494616840884,0.9930838009980911,0.9901490183167422,0.6887253934963457,1.0706487075934035
0.2318271395437303,0.30743600483749,0.14012987877308908,0.0671706247462297,0.13797449914721938,0.0,0.0,0.0,0.0,0.0,1.4641131145082158,0.9448150061869052,1.113530108753096,1.2649183938338446,0.1573263911001191,0.7143081078636964,1.5894695269576327,0.8392731464785326,0.14817152061058791,6.700940312060229
4.4786380640105,1.8976687216673298,5.7481849101274145,5.093330522566202,3.0378629535610675,0.0,0.0,0.0,0.0,0.0,0.9446781341527851,0.8473516813033191,1.4123743677690583,1.4112052609152443,1.9073291279581865,2.097673947153767,1.64616595856033,1.0285349662470196,0.7707909257314647,0.9394732423828005
0.22126644404564583,0.43024470851012886,0.4769065118412158,0.31310018672822976,0.07403707301087473,0.0,0.0,0.0,0.0,0.0,1.3085187673597456,0.9305814100385211,1.018304883169828,1.5670836293896704,1.3374872435404477,1.2947383911181143,1.0023525638715216,0.8486008403155427,1.1880968560738692,1.1864570276877893
0.737320905837467,0.6407861497488289,1.5962173662126082,1.354319492645172,0.20550826301091596,0.0,0.0,0.0,0.0,0.0,1.691143427440303,0.8347675253590471,1.4087939592763437,1.8448604723628252,1.8878253367272086,1.1861921631365042,0.9833835041625085,1.2887204276682718,1.1305192662622552,0.9400762585070779
0.5670465193862925,0.46578977689470225,0.5884126295502152,0.4338107359852815,0.4564485266480004,0.0,0.0,0.0,0.0,0.0,1.5726775835081164,1.7748886215118453,1.9433106747090039,1.9095982257816655,1.3755399841127791,0.8088338931956437,0.9528450233874649,1.0013781610842147,0.9245322083303482,0.8064157030263805
0.4426959721904197,0.13187235266957315,0.2431396743146265,0.4037085868719303,0.317032029582707,0.0,0.0,0.0,0.0,0.0,1.8085198662827233,1.5689139441632574,1.6848933264150148,1.5091038946493234,1.7339180234085465,1.135320979214558,1.0069638884566579,1.1506301010479123,1.1954202195213455,1.0614511244905203
0.6619895701187799,0.48927975543139246,0.24210590484878533,0.2672428045290022,0.4530155558920764,0.0,0.0,0.0,0.0,0.0,1.64210931701069,1.1303141469329574,1.55142580492196,1.8470835014638207,1.9386232635742495,1.0698885691583175,0.6493363336834452,0.9936033400826082,0.9399259587550215,1.0361200257536607
1.5630554144905442,1.8372985701768887,2.136375715574543,1.5600343429109311,0.41768272492552583,0.0,0.0,0.0,0.0,0.0,1.6304826122225078,1.3717028468579304,1.157227276136885,1.1186562600194656,1.152486102469638,1.0911255713730867,1.3408134029656025,1.6746762108997444,1.806655990789871,1.7908212698934043
0.9998761356162273,0.7778299975299756,1.3120514239767074,1.0333611178131146,0.3937405161691063,0.0,0.0,0.0,0.0,0.0,1.5471408335401726,1.5976629318622082,1.5188754696670583,1.1556258427497486,1.8415503811830398,1.1827670437459,1.1028403261621675,1.0633906896300942,1.6148920662440474,1.1168914999568655
0.7034525386888149,0.06236050675927478,0.12534157591410305,0.4689169886663735,0.6178804133821961,0.0,0.0,0.0,0.0,0.0,1.70073340586985,1.4454391888466458,1.6512164217552054,1.7127983148021062,2.0252380547306403,1.1784063565759915,0.9840984325275877,1.1135880144315102,1.1434797640244156,1.0369485545464427
0.27313766047747906,0.1673658578315223,0.29155924513319703,0.030645616329644493,0.1753382086780937,0.0,0.0,0.0,0.0,0.0,1.5005608721808046,1.225381396635838,1.378939001368643,1.2167830735489151,1.2438921977490012,1.3481725504714042,0.7249886460780782,1.0664512998758275,0.9790714332732754,1.1698771133632409
1.420016503597012,1.0016302131370665,0.9149438386410855,0.41041534630771165,0.1477493585415786,0.0,0.0,0.0,0.0,0.0,2.05654302461038,1.816528429939229,1.5689968109887096,1.3728188549846294,1.3311911925325006,0.9962278784332324,1.0540534323595037,1.058411275506159,1.1284366276861144,0.8424263981789538
2.529062110980382,1.9637288648276336,1.8396241159300266,1.486037746917575,0.6708230891650047,0.0,0.0,0.0,0.0,0.0,1.5920506864557782,1.764445548495948,1.7962348972205158,1.8340788570964752,1.8387477117085544,1.0283201470595627,0.9137030402452339,0.8942124935535151,0.9012601377838687,0.9189675655785523
0.3201443814171718,0.08110231062419898,0.16737232364702476,0.4515664093086766,0.38702601265181835,0.0,0.0,0.0,0.0,0.0,1.937511742279905,1.579623569120295,1.8077594220806263,1.9330505205966309,1.991528347733622,1.0821474600037195,1.3163971336494176,1.1618054399266387,1.0853233243965383,1.012184785982589
0.683647507839919,0.3594761005571846,0.25721253759695994,0.4008255274373097,0.6611788751129021,0.0,0.0,0.0,0.0,0.0,1.842766019778174,1.6095519656911241,1.212518284165692,1.680806999649544,2.0160923233880563,0.945264512859331,1.1396807211790771,1.107079004258953,1.0051283359031884,0.9585679441782425
0.09672288536263378,0.05423289006629613,0.010518972897793927,0.08532913609319459,0.20298989773249976,0.0,0.0,0.0,0.0,0.0,1.6911137062167685,1.5930510920607495,1.5816632144432439,1.6542440274904067,1.4132581556789736,1.1376970422099213,1.2942467977889232,0.976699467306457,1.0729344224070048,0.9804936314180362
1.6926203957341937,1.0513561787543169,0.7398038846188417,0.49494132427826953,0.6180815753907558,0.0,0.0,0.0,0.0,0.0,1.483150167276135,1.440500249115816,1.7018445649578684,1.9137795535204076,1.396225635248703,0.8111710581781936,0.8753394607721762,0.9809833224851519,0.9813880418230535,1.3399274544110051
0.1909846308714119,0.34602680979796097,0.721743228870426,0.5295499051466537,0.1670267045532715,0.0,0.0,0.0,0.0,0.0,1.9571223124820418,0.8563140944777152,1.1759975718215052,1.3120075717311142,1.3635040056513705,1.0431991155819056,2.29189197514952,1.268217280967289,1.078734079753761,1.5404745479993602
1.8016098721463536,2.2718444915880127,3.7430336361046557,2.5545869046119285,2.7994248405055577,0.0,0.0,0.0,0.0,0.0,1.7039974700182023,1.3881103791744167,1.4017923627349347,1.9846722026188857,1.6669130156525949,0.949955696626622,1.0070682217726379,1.1818904106187431,1.0175976649348013,1.1348187335249222
0.06848837137052757,0.03425936605794387,0.17574501485101474,0.1198509880781804,0.15064455957622283,0.0,0.0,0.0,0.0,0.0,1.7873326033305972,0.878570938051215,1.3579771398538392,1.3468877432322803,1.6652823725201178,1.1299043234579649,1.7718919529854789,0.8486623463591249,0.9712159202001192,1.1358216355276856
0.3216265266531531,0.3797250282916643,0.39467710161594083,0.10704459208270223,0.41062109177490946,0.0,0.0,0.0,0.0,0.0,1.5988090934911878,1.7008572454264042,1.9360722766089695,1.8569261361155482,1.2434038847916713,1.018932742101167,1.1233586727766047,1.0727531602272466,1.0439606152752432,1.4222170313633955
4.53811851598987,3.0404231705283733,3.3118578828460903,3.8592308818880143,4.255234355734338,0.0,0.0,0.0,0.0,0.0,1.4992922066356311,1.5275291401247693,1.946695274763972,1.9677980209335733,1.6462050861475979,0.9645040627744619,0.8570198912252673,0.9385927425023448,0.9649005650259999,1.1506824075327273
0.3061502786605608,0.1577904129515188,0.21572425275770207,0.12468648117074999,0.1377470015952939,0.0,0.0,0.0,0.0,0.0,0.8109045952563988,0.7901309103551538,1.823124776312764,1.7767153945274439,1.736401507645544,2.323297648334966,2.487740307716463,1.1342087176227662,1.1807835198287022,0.965844543215038
1.1847586936382093,0.9567806325859616,0.4616833713386116,0.3114595665362135,0.44011473453669936,0.0,0.0,0.0,0.0,0.0,1.6168818941039438,1.3083772844556074,1.0568736066398075,0.8325022373641514,1.0139399897891348,0.9051864790629678,1.0887109574847287,0.7163255046526309,2.3438499877371926,1.764194826423384
0.11312399583823159,0.12393088386923287,0.027772517144803832,0.017519501213958406,0.12086482026268767,0.0,0.0,0.0,0.0,0.0,1.3263664228036538,0.7543096488665189,1.1856103118656476,1.7413941420007377,1.1237926878651032,0.6403553925443621,2.6911275794047627,1.690934564017821,1.0815272612278324,0.9824383399434715
0.1479496953998028,0.04470371670603478,0.024410094572231564,0.1255001111438788,0.01283570384321205,0.0,0.0,0.0,0.0,0.0,0.5122281935737752,1.6987392326899082,1.099551887623895,0.8855250085188215,1.7106725491839232,2.1846741739368856,1.0573028312084236,0.6832119550258167,2.0059383232206,0.9538030384408637
0.8365454823418498,1.2118705715861366,0.3471354779159587,0.04985568069988008,0.6767721224216634,0.0,0.0,0.0,0.0,0.0,1.5641365409597667,0.9028322762673613,1.4471839093694863,1.1245485899456846,0.8767555797446528,0.7769883445980129,1.8195979485740041,0.6430408050224153,0.2956675848433472,1.4986449377277604
14.053899332454407,3.3426635350140286,1.3532534071419982,4.893891067686046,5.026833456479582,0.0,0.0,0.0,0.0,0.0,1.230344649724517,1.3134825078044434,1.7426924598894744,1.573815593899397,1.8045991470004699,1.2075734340703788,0.5136907766128818,0.9751445231793137,0.9261728756260766,1.1225927157441327
6.058138125518278,1.6802409160704204,1.0952138956709834,3.3587001292744487,1.785920716897913,0.0,0.0,0.0,0.0,0.0,1.484847855213033,1.64673315084108,1.1458298431276166,1.1347582522985493,0.553032200265775,0.9667685066486716,1.1650262300900103,1.4533061145940127,1.3892418331313365,3.6284019711181195
0.15313256880126475,0.08157017265440969,0.1021439228545574,0.05280453737921438,0.1506369708566268,0.0,0.0,0.0,0.0,0.0,1.8165333689633443,1.56406179321863,1.0594412694268784,1.4760835744580698,0.9519512009965042,0.9917062570683023,0.8136038072936511,0.8575136886667616,0.8874388243214735,1.9112662751704699
2.9918328410858566,1.0682538896188045,0.7280890579220942,1.3409441843041168,0.30864213008903646,0.0,0.0,0.0,0.0,0.0,1.096449317141459,1.6792790292070012,1.6602004835280688,0.9309362176887587,1.6633169292374839,0.7748265041378645,0.9689622035574065,0.9607849052082581,1.3379329949519507,1.1730249154744152
3.4347950725660352,2.3188260685942774,2.7120416028848338,3.407598427282612,2.5073859042284616,0.0,0.0,0.0,0.0,0.0,0.6448980214025449,0.46631089796099484,0.56685162439512,0.7812752290975421,1.083002309963112,2.3073620466411398,2.9682143283815954,1.5808578761382155,0.49806090246981594,1.1887208777499982
3.220175244661788,2.348695815471125,0.9988263085186604,0.7095917804089067,1.1083012644222177,0.0,0.0,0.0,0.0,0.0,1.772225431645933,1.7657941264306758,1.7486194131966106,0.6520565853408212,0.7868405238927867,0.8856492520840507,0.8886642947689617,0.9064489554872869,2.407647202860418,2.2731733085718373
4.709213149761114,2.310603467816473,1.7135267607464872,1.9797746785973698,3.1800276374438896,0.0,0.0,0.0,0.0,0.0,1.8320395060439,1.2284529116745007,1.2656818791372428,1.7082144881632626,1.3204901804693248,1.0764257201844614,1.3662130106467665,1.0880767797918163,1.2199627294601398,1.2300539891976903
2.2967630449533947,1.9308447052246884,2.039812581754148,1.8548732980630838,1.3435776753046933,0.0,0.0,0.0,0.0,0.0,0.988221538900312,1.1908730693642293,1.0946404358096624,1.0720740155193844,1.2692971587844963,1.1619411097546137,0.7734716471508832,1.2490347340695684,1.3374327281285163,0.792255177524872
3.210931866867233,0.4239724482477724,0.2690703127268918,0.8641538089692714,0.8505745963540633,0.0,0.0,0.0,0.0,0.0,0.7533508104665623,1.5161260881626304,1.4077148227161327,1.2357827954697116,1.665371116746488,2.436939535060255,1.314100415352573,0.4921968304528606,1.5171358093365401,0.9738723604145274
3.106985487147381,1.7400549098986393,1.4023220816721025,2.205089640175481,1.4865802640225039,0.0,0.0,0.0,0.0,0.0,0.6336939650368173,1.113445653088442,1.1452405616448984,1.226958578248775,0.8711440176274244,1.7262245420175752,1.2766333094018103,0.6194952006486624,0.8544146548444765,0.81854008591303
1.311454551554613,0.3618079830165808,0.2896059874385287,0.4299949679502294,0.28754513672409526,0.0,0.0,0.0,0.0,0.0,0.7384286878214325,0.8497862956573051,1.5854357452374006,1.2042346658436065,1.2387361056545,2.134934434407974,1.6898104702288281,1.231686861077864,1.4834507018917293,1.0365014436928746
1.8052725890883727,1.5602019226704036,1.3637148623310984,0.8284681096525895,0.4315326157337852,0.0,0.0,0.0,0.0,0.0,1.3416682354322385,1.329139520852073,1.0782159873935904,1.3759678749053634,1.716298970129358,0.4947732273121073,1.0502832451666382,1.3003423641585223,1.0449386956342985,0.9756745113054269
9.026932501272393,3.3977086472192157,0.5059031328801322,0.4855508720599457,2.904047913606713,0.0,0.0,0.0,0.0,0.0,1.5692745836113817,1.8808838892014463,1.7865970731074303,2.0754964236384215,1.6416402109586905,1.1355067664409997,1.0025962753246733,0.9670869973380523,1.0090799849685492,1.1002950913403164
4.1592556895644766,0.993621147330944,0.2771141364438601,0.8627158808560276,1.1029844156522555,0.0,0.0,0.0,0.0,0.0,1.3399399479788945,2.014924639272243,1.1832537924162279,2.0617019411934843,1.7139797983312064,1.3650860918410395,0.9890838242013787,1.3383808626041536,0.9809900371757033,1.0526512549057077
2.116414263354004,0.6853489875777884,0.08470725246652401,0.2123886593197845,0.5322271736911068,0.0,0.0,0.0,0.0,0.0,1.498317068164709,1.9154635876369868,2.016128689383194,1.5070484717942965,1.998007246502538,1.1929397569237021,0.9941641694206012,0.9569138365890572,1.2788682835750536,0.9915395450642928
2.324805749261237,0.29186999845953643,0.5716905416797611,0.8447568387652421,0.728075474448038,0.0,0.0,0.0,0.0,0.0,0.6023321608066385,1.7620730614500033,1.3903572892830518,1.1659688293899109,0.9414420486774875,2.835628154064634,1.142331164516397,1.0331596597217505,1.0797325167858554,1.8921031607175522
1.2124323691449144,0.44365825551625643,0.16356589532406252,0.04115383397980824,0.38736016342839646,0.0,0.0,0.0,0.0,0.0,1.207332678795431,1.548305399765725,1.2143533281019225,1.6497309589120526,1.3136950808670893,1.4480093480216725,1.24550145074954,1.6740290328094718,0.835784014271665,1.3290252073415265
4.482361201783422,1.1679024414244783,0.08526613461916416,0.6040230993351874,1.917660913084004,0.0,0.0,0.0,0.0,0.0,1.4166754171955716,1.8791717487133843,1.610016866309451,1.9313275558845608,1.7582846861307795,1.2882178806888214,1.0420746556039446,0.9593250095519082,1.0517388133251326,1.022034024872219
3.458959706811472,1.9236225620780765,0.4999054618665978,0.05372611167760792,0.8670757427045706,0.0,0.0,0.0,0.0,0.0,1.717268243353407,1.730436474479263,1.6248043220738078,1.2823115105722587,1.4964153256024801,1.045137855062965,1.01332060898246,0.9899463703612111,1.488770285677737,1.1671696707824106
0.8617190188295322,0.40771080334278365,0.07668921922489828,0.2347855463762877,0.2782705435647854,0.0,0.0,0.0,0.0,0.0,1.567481775994152,1.96268570287455,1.5769883827569098,1.9500575128676687,1.2124392303956502,1.0750620141062806,0.945631084905344,0.9837134887278404,0.9465872721158347,1.3622186190858312
4.98549114049844,4.010240971659288,2.418794811617168,1.5651795538370374,2.4222021783762795,0.0,0.0,0.0,0.0,0.0,1.7585869884847678,1.6000207476473312,1.41719980807028,1.238543022500839,0.7926666651405305,0.8676512598209193,1.0268135037729822,1.060352226345752,0.2558136904899574,1.8368548411250614
4.5972187870677095,3.519919039449794,2.4546154766772896,1.7669083555602612,1.6196072617621138,0.0,0.0,0.0,0.0,0.0,1.4435378375797332,1.3189527604894824,1.2269301613578996,1.592062259010764,1.3544103151515372,0.794783981941217,0.9792993745542762,1.025599536136029,1.006131354067448,1.5058402286605546
2.395065554338864,0.6391082160059596,0.18179455894551072,0.7222266924828318,0.7017615503289076,0.0,0.0,0.0,0.0,0.0,0.894638735156291,1.2176244411960842,1.1541368003656065,1.509386523369286,1.931050942075873,2.1809575030219186,1.2880359044555174,0.9998138890749001,1.2067493053525427,0.9278547145110383
28.63274332386131,12.14145120205504,2.532283408472236,3.0386324478402718,9.102338172288686,0.0,0.0,0.0,0.0,0.0,1.7291406449753055,1.933459446441477,1.608830240429056,1.881602327729681,1.7164679670000822,1.0287339915286053,0.9425783543332289,0.9453700642490728,1.1107208338870493,1.1351219728327333
0.25459607113308536,0.1644114495172277,0.07839300144924295,0.19058539651560727,0.2926346183426466,0.0,0.0,0.0,0.0,0.0,1.8769726800828839,1.9041556369617252,1.3289117787707985,1.661776692315363,1.2408400513195361,0.9876281073488389,1.0094857954470835,0.974344763468725,1.149171059167367,1.2913469430911628
2.080338907529775,0.9723160307356074,0.9624390882858217,0.5943997585567407,0.4418970029728036,0.0,0.0,0.0,0.0,0.0,1.4192101380577984,0.8928755009509812,1.771195637950688,1.8393390795505995,0.7826242314875266,1.2135422003801966,0.962539768766838,1.1651415215903649,1.1032653982302187,2.0584933266691015
3.635520107807314,0.47407394619756643,0.6339417075605063,2.742253471684729,1.5110457239031896,0.0,0.0,0.0,0.0,0.0,0.8341412771275627,1.5271580293819564,1.9826279821042079,1.3187857897143598,1.2600882519185388,2.2483582023878195,0.7834422503531612,1.0364834624913903,1.457712814233901,1.1465747113016675
3.284815748031474,1.1382019582358045,0.6802759342693216,0.17342771110068889,0.6446739893338711,0.0,0.0,0.0,0.0,0.0,1.4273300000714866,1.8876921657518972,2.025156409319203,1.7575268076686794,0.9275493848035552,1.0497024955979661,0.9334339153815745,0.9398109039596545,1.1420108458724243,0.4325616389154662
1.5924353768911037,0.5339944529974248,0.41050711853319155,0.6009705654373524,0.8950268688720484,0.0,0.0,0.0,0.0,0.0,0.8054110906415347,1.205110548379648,0.820982789537361,1.5404745424707593,1.6370608937572717,2.491554881907802,1.0124983622623835,1.5439992745510522,1.123850055375399,0.9495298374012007
0.15529331037822675,0.018313825396626685,0.08665465675418169,0.03857444501747423,0.07017107681357095,0.0,0.0,0.0,0.0,0.0,1.5276692265072398,1.5420706504520194,1.3574841387872694,1.5300249162672563,1.6209439192819972,1.2334254508764615,0.7961512766020789,0.9027292929088424,1.0480633632050087,1.168407190179218
0.12925579735174947,0.22123187153177631,0.2914959233272031,0.09971529315173609,0.1687710841260461,0.0,0.0,0.0,0.0,0.0,1.2567523513297025,1.0669491716110113,1.050968419385248,1.343687215328165,1.7481747182019043,1.4985205566514375,0.9325551755607645,0.967210996512837,1.1523372435986383,0.9369564793501892
3.8007277803175894,0.9098468796311483,0.47008770178045917,1.2648540204860603,1.7658896978791099,0.0,0.0,0.0,0.0,0.0,1.1840010600043802,1.694530204470589,1.8527421329973726,1.378518291278559,1.398916112762066,0.8612221069137345,0.9537242697381838,1.0259436524996675,1.5237456804500902,1.1292241643558925
0.0,0.0,0.0,0.0,0.0,0.0,0.0,0.0,0.0,0.0,0.0,0.0,0.0,0.0,0.0,0.0,0.0,0.0,0.0,0.0
2.6751498800930844,2.0109978754285764,3.596985956722598,4.388422430708001,4.521977094990894,0.0,0.0,0.0,0.0,0.0,1.7306041872577345,0.7401591400772912,0.6022987101842534,1.0965637602676679,1.5748387167380582,1.169092023180258,2.601516398510077,2.843821633577672,1.5789732722631369,1.1368495105489795
4.047216790327982,3.1019102089706436,3.821562659660388,3.355133519808374,3.4583791211489014,0.0,0.0,0.0,0.0,0.0,1.1610460777484615,0.6009026649447825,0.7690994260656839,1.0298468094367492,1.4369923114228815,1.4534537212838365,3.0275134706352516,2.73514881760072,1.4822081011680979,0.929882975237163
0.061520664186192786,0.08223756452263686,0.05976999632401357,0.19598172286619503,0.02884574736200023,0.0,0.0,0.0,0.0,0.0,1.7014309458750079,1.2644729535743868,1.2116521136814615,1.641666220922146,2.0729706788259157,1.1059911696992728,1.5744207490567979,1.3802920844592323,1.228571815032836,1.0156071875786439
0.528281099672162,0.6128763809839493,0.6208963345494647,0.46232766012535065,0.32665847272713633,0.0,0.0,0.0,0.0,0.0,0.527453504389676,0.6431966173019208,0.9310230023355957,1.1923392589758492,1.5965824831357642,2.903958517728947,2.6071305657320547,1.569161581469102,1.3491416070405224,1.1344831790837808
0.7538289109951247,0.34982721711712267,0.28031754865704667,0.6127566544243215,1.3544494365578472,0.0,0.0,0.0,0.0,0.0,2.039926906816914,1.7111277865634513,0.8705530929966958,1.4726085276471992,1.5960609376191264,1.0331327210609957,1.1963579052660687,1.9460348036646924,1.2427328036706728,1.1405056688493844
0.7178795283379059,0.45486589932906707,0.6725267982795922,0.5524104816979529,0.3825379911168051,0.0,0.0,0.0,0.0,0.0,0.5988443995100162,0.8886225601222695,1.2719689073662974,1.2582073867341939,1.8765312315521243,3.0727336947377695,1.5634578751748065,0.9887533691652842,0.7443205738796963,0.952839463748608
0.4074869939177616,0.22192604047899728,0.0602062538176776,0.014994258063659355,0.1556988160147722,0.0,0.0,0.0,0.0,0.0,1.7905836334743703,1.8675698325520653,1.7469824623954493,1.67661610228361,1.8333368804168826,0.9295165021698628,0.9453741974775063,0.9903545982139804,1.1813514361717086,1.065062482437129
0.6603911879685453,0.22839460396393477,0.504411825378455,0.6933509457022746,1.1548102220924157,0.0,0.0,0.0,0.0,0.0,1.964236617839605,1.0006099800299837,0.7564954350387021,1.2063055480791112,1.5987458465216682,1.0385177380743085,1.626256362200981,2.5391002053400955,1.5216666600078468,1.1284967666768992
0.8803250186430954,0.7063870597230499,0.6341474989433825,0.49071005040168636,0.14494491719634756,0.0,0.0,0.0,0.0,0.0,0.9317800475312672,1.2681128718031132,1.153429138350293,1.079643284854007,1.548966053873431,1.490898475878266,0.6628562506737282,1.0902638384663337,1.4817082941717523,0.753647852767836
0.8036732078979718,0.4579591192179248,0.7556038584633054,0.9126155622689073,0.5617875869379044,0.0,0.0,0.0,0.0,0.0,1.160631063984975,0.638194594458466,0.871347863820608,1.0274445917591435,1.7272429713263047,1.500566539858866,3.120743126633202,2.3992330787836753,1.7774231742111122,1.1677631986853887
0.20360560673821446,0.08701849490163838,0.09456936196828147,0.16962579573111464,0.23998633516145557,0.0,0.0,0.0,0.0,0.0,1.7884622281903335,1.8692845247693686,1.422942211695899,1.3455443308078214,1.7663217917200649,1.0739429076861324,1.1040847617942502,0.7437943634836389,0.995293746812597,1.1225693396849825
0.21164685160022162,0.12789529661795127,0.18641109482867482,0.11269152959000919,0.019204562787073633,0.0,0.0,0.0,0.0,0.0,1.7499328305014625,1.6261705490568559,1.4041298642210347,1.4113019629917443,1.8969875216850562,1.1473673518482501,0.8514278233052597,0.7407975254186104,1.1107832223822378,0.9543332112550942
0.9824689158713514,0.6257785512110057,0.8708497531343955,1.005006724943776,0.9069471836306487,0.0,0.0,0.0,0.0,0.0,0.38100885753025976,0.9311909436223682,0.7181977958670206,1.09588902002701,1.4395567678210948,5.0013588273026395,1.3197539164798213,1.3557664207681521,1.6602830323693334,0.9927140580577023
2.235533962976729,0.9747880198194286,1.0357111397165153,1.4379509944380173,1.3813592232303207,0.0,0.0,0.0,0.0,0.0,0.6765457270884255,1.084386136187261,0.9684114230452038,1.1725754426687174,1.5486691783550066,1.7416561469249048,1.4947720818902166,1.6134117403543087,1.7110319990949028,1.1140702430909812
0.771557264971005,0.8768927572991598,0.858396471132474,0.3410095353134376,0.3379288326446816,0.0,0.0,0.0,0.0,0.0,1.2531661031138674,0.952469009791237,0.5345811992784013,1.1930841356221271,1.2845090144133018,1.2252890171982005,2.1216112531733744,3.905519430279305,0.6096860314391735,0.8418621654394888
1.0140970529418594,0.5637336315753732,0.6860035330952957,0.7056324082226674,0.572489581043039,0.0,0.0,0.0,0.0,0.0,0.7060154049292384,1.2849617345591025,0.9857098955994755,0.9276047311254189,1.4717726596334721,1.6968826113586333,1.1613370183853093,1.3166565574928517,2.073430533115518,0.9299390390208542
0.41121499201519063,0.4313491729324223,0.25229991510711786,0.2696689410864119,0.12105090664625515,0.0,0.0,0.0,0.0,0.0,1.425796015457401,1.39423630591233,1.5553803366603058,1.916786627686844,1.4283593335711422,0.9594546204183233,1.172199904978169,1.283521989679446,1.0656532034835677,0.8415134197453642
0.2820776508398178,0.17446544671861028,0.09040530543982805,0.09918036510992523,0.09146766212623317,0.0,0.0,0.0,0.0,0.0,1.482140752025458,1.3353234970456653,1.417455638348115,1.693771956012098,1.5511221594357698,1.0142285730592067,0.5111762658547765,0.7646199916425519,0.9578686422864787,1.1855996048308406
0.38942405100723737,0.19283490192498282,0.2875479745197483,0.34666933373425435,0.4265815076306554,0.0,0.0,0.0,0.0,0.0,1.2608261776948189,1.3947788562911068,0.6791902280015231,1.442391515659668,1.5105132804201922,1.6443382072878594,1.1846825754678842,2.0649179052430915,1.3356133482383286,1.122648728659075
0.4482218284753016,0.2125906461492515,0.09501360513963286,0.2117224520480845,0.36826112829544816,0.0,0.0,0.0,0.0,0.0,1.3524583141602085,1.2316285986667803,1.4562847650972608,1.9423044016403408,1.9583193334702882,1.183157342926615,1.2259041672405184,1.0486312254435317,1.0129485869193746,1.0260669129329036
0.17530669832164814,0.1306404428183226,0.1896229684531235,0.052185290057886746,0.022094450397689137,0.0,0.0,0.0,0.0,0.0,1.9442804026043712,1.1502654320527756,0.9767953534369669,1.5796156480923647,1.856974887377323,1.0683014953914969,1.6904659088812353,1.532100703516139,1.0256011040114585,1.0846139537496926
1.0546999140670656,0.5288180296655629,0.8452036241233145,1.0929464254101644,1.4695840161025673,0.0,0.0,0.0,0.0,0.0,1.9390191350445616,1.1638128067441431,0.6074769271967287,1.1267016995475814,1.6546100672272852,1.0626548377911236,1.6914651441261737,2.9247956675596583,1.6185450704669926,1.1468380794233102
0.5425043325243643,0.31515876656818603,0.3086350529996539,0.35211945628738167,0.21012804126295795,0.0,0.0,0.0,0.0,0.0,0.5105971571730334,0.7262529335261849,0.8998036707127391,0.9432224709441912,1.1535524149222556,2.945496952258832,0.2124692774004962,1.5875026166381625,1.8606970073929006,0.9240886293557056
0.2569448358894876,0.19386453459968178,0.258472753721886,0.2177145452421513,0.21497726623555188,0.0,0.0,0.0,0.0,0.0,0.598889562536226,0.8923607136936905,0.9329112229236252,1.085353481318735,1.8561154382337433,2.9560818706108134,1.8647923553188575,1.2420800262749427,1.7677472913423298,1.1031546180517042
0.02240984523856355,0.030313677217486075,0.011201638030802078,0.004484918305943315,0.02035897059390248,0.0,0.0,0.0,0.0,0.0,1.6351849099637206,1.1831806240321814,1.5374041724868792,1.1613499184031082,1.738955814777136,0.9318904417101219,1.0684994319502619,0.9741684910805557,1.329782699237844,0.9573028948910929
8.460978208742048,4.699492279340769,6.171744571719245,8.29767854900658,10.373246508970578,0.0,0.0,0.0,0.0,0.0,1.1109788218975332,1.2074608046593345,0.844694710993309,1.16550707005419,1.6439133641520356,1.7916132593365042,1.599162054891944,0.8302232403777462,1.4811005250439473,1.1504260875657892
0.19070121381160526,0.1985951496347864,0.11043296863467075,0.06297448893908596,0.10514543080492625,0.0,0.0,0.0,0.0,0.0,1.867458040082856,1.6689607572586866,1.9107103210806105,1.6529026993552138,1.0923186863571852,0.9132316261485602,1.0902124264634552,0.910500104368833,0.8288534485037512,1.7891140919581767
0.9513165499180879,0.6193221073656555,0.6917818652365761,0.5099498772788857,0.8791572970340337,0.0,0.0,0.0,0.0,0.0,1.3040942847817347,1.5310669849476712,1.4050453492247805,1.575917963154268,1.6134945213832947,0.640873096152055,1.0386423662974829,1.176255398681317,1.255766551540008,1.1312034657366468
0.04909187598830325,0.058853991293378795,0.1394220398723193,0.16789281531031502,0.14110533085238547,0.0,0.0,0.0,0.0,0.0,1.2824895850973892,0.9861221705914515,1.5860348878642674,1.4556487433107488,1.6275052902049045,0.8884323545901552,1.5868433945853433,0.9697737413567343,1.163662729217241,1.2621257631846845
1.47730586593662,1.4108729355979952,0.849747107542459,1.856308255690409,2.203782153812866,0.0,0.0,0.0,0.0,0.0,1.271581263915265,0.8552558381204609,1.4926224549995306,1.5654109827940628,1.7539436499004775,1.2805329067334044,1.0899666480430599,1.1514104010513773,1.1578760153128158,1.1947456404876124
3.517992493915704,3.5910965847742284,4.46873535845786,3.935996789500116,4.319203305597631,0.0,0.0,0.0,0.0,0.0,0.910174261783331,0.29226740252036226,0.4264866948367474,1.1636347645778138,1.563676226108768,2.130431884915142,6.033272166609941,3.9005664305814203,1.5543427076223164,1.121070083266801
5.781290450101874,2.8820521312497407,0.9629427484738908,2.9449479111003125,4.415361767238235,0.0,0.0,0.0,0.0,0.0,1.446899960015166,1.4265385462528606,1.871548496756514,1.7541867398071382,1.6504481354638845,0.937942103107859,0.8861597553821648,1.0171237444916692,1.1365070281522922,1.1348166729134113
6.911240878070942,5.111614297593252,2.960977747219218,2.42577957868563,2.7679501754581173,0.0,0.0,0.0,0.0,0.0,1.9060397745970803,1.8468494404728648,1.4942982174028587,1.4271796594713058,1.4894327682988355,0.9526487794116288,0.9653689320277953,0.8702583983367053,1.101021697173315,1.3274328036972984
4.166170543550928,2.895730787508419,2.2788274893001366,3.2347031821581167,3.4329980107590394,0.0,0.0,0.0,0.0,0.0,1.98081820640579,1.766492800599305,1.1971154196438378,1.3895696316911736,1.5021492790152102,0.9938980642299657,1.04279099607259,0.9068148937267375,1.2194761132392657,1.2561732548182905
0.3375523098858847,0.4457055949772335,0.1827493828837726,0.1271460102422384,0.22165323922043073,0.0,0.0,0.0,0.0,0.0,0.7283927823064843,0.6660806823781076,0.5654114515592618,0.9651290233690497,1.3389778283598608,2.5873751842761,1.7913907132123927,2.2213589937412226,1.1633709634112224,1.0300384824423765
0.7482443301277591,0.36206766848444627,0.268988129957242,0.33862488043156375,0.2571361347625568,0.0,0.0,0.0,0.0,0.0,1.61757497263343,1.8743033090761199,1.3330309678498018,1.041786653698301,1.3730194443660009,1.0390730985346428,0.9142420452310567,1.2268428705134258,1.6824550315005407,1.477002300756415
5.9053233579819855,5.291459851635356,3.865319774295828,2.213808143860439,1.7283340462998615,0.0,0.0,0.0,0.0,0.0,1.2986143676493438,1.1087818904524451,1.0185852989716855,0.9807299463185108,0.8507007132485714,0.9310495586821105,0.5087807725550014,0.6727570982974741,1.4032958011610068,2.1392749629512027
0.4223778237856126,0.6703287760827192,0.715615427535799,0.6236320626677336,0.40451887341507176,0.0,0.0,0.0,0.0,0.0,1.4198930091348476,1.1066279361996354,0.7374831534918281,1.2308782686459838,1.3473839765779283,0.9495505202825776,1.1593062150602558,0.9412503757001544,1.4525609129183188,1.3591664473117255
1.1701157485362306,0.596224564214984,0.2141078395936705,0.34405988312936,0.5302220868474836,0.0,0.0,0.0,0.0,0.0,1.9290268348122226,1.9563269631611195,1.6323684997991341,1.4828825742036953,1.6689123833991526,1.0212089563893323,0.9764679932512256,0.8318624212910739,1.0830235548437968,1.136340058681512
4.521390928076839,4.007862210342596,3.1383645251667174,2.918067747240472,2.5275243153764633,0.0,0.0,0.0,0.0,0.0,1.8607435709827442,1.6739451972383699,1.2426265963489678,1.3782978324251711,1.4631858227235721,0.9693704766437276,1.0278564947518005,0.9075738782362821,1.1676476498841626,1.2962916176782393
1.7150112093606942,1.2743449161453282,0.4540545856637947,0.31390661566938094,0.3837415062414947,0.0,0.0,0.0,0.0,0.0,1.9294620807700826,1.7816496252996663,1.7998614395958683,1.2193312778265948,1.772333253776577,1.031386328660015,1.0314859823515654,0.9953926168947219,0.3294193527266116,1.1531730061008987
0.582943661924984,0.3276224150836947,0.6022862173815133,0.4827837200678786,0.35674637187821767,0.0,0.0,0.0,0.0,0.0,1.6313862414069291,1.410611316430042,1.259599142907084,1.093939842074509,1.2729156046789258,0.7809066367640083,0.9462575773563489,1.3693459342712695,1.7100830466731236,1.1768535989619444
0.3779778170440967,0.3082524481402712,0.11716070356948782,0.13098566793642244,0.168268691168517,0.0,0.0,0.0,0.0,0.0,1.9468750308716447,1.640414332826913,1.7071230568972737,1.2462210560481528,1.190260341757482,0.918155169448756,1.0491414250329028,0.9179561622254845,0.6584023698199352,1.5827380114454763
0.4167130488923282,0.1449293207763543,0.12671815307023587,0.20446221567923756,0.2369149668441902,0.0,0.0,0.0,0.0,0.0,1.8591005838135932,2.0583009329244857,1.563130225873549,1.6740995122671667,1.1582707071106015,1.1325332339147147,0.9810594709660124,0.9986467302474803,1.0701595650330245,1.3914222957907223
1.0796629230224866,0.670481394318856,0.7873959187865491,1.1665516310335815,1.0107576712543282,0.0,0.0,0.0,0.0,0.0,1.988242269744872,1.8839020033393477,0.9331581618270877,1.1511331807507927,1.3761429628503115,0.9461753251364114,0.9893485933305904,1.7014888713538903,1.6459397377261535,1.4694125771979405
1.8059859457256695,1.6208088550292197,1.2353554925845474,0.6755815455410243,0.4552724310260672,0.0,0.0,0.0,0.0,0.0,1.7823589226087078,1.4659899563349397,1.10678973120501,1.255316263071985,1.2225344237697182,0.9023373648438944,1.0887014032935132,1.1693992236394493,0.9317207704941768,1.1932645905920773
0.11743589002548704,0.08647993497236973,0.10596408196442016,0.05219854969610098,0.031862445979290076,0.0,0.0,0.0,0.0,0.0,1.3685333599708,1.012867359610075,0.2865795547458735,1.2681292233774077,1.928050032671709,1.2186110627546514,2.064403280114762,7.139570741619559,1.6467093958097068,0.9532667271813201
0.24706251265196738,0.38228535026206983,0.33698396421556936,0.32631820357093777,0.18634546677481229,0.0,0.0,0.0,0.0,0.0,1.552684447001889,1.6946408995037945,1.4937069053198213,1.9835778521888872,2.0678967941295205,0.9904585257880912,0.9434001389757758,1.041197270095698,0.9198476110940969,0.9547934411122971
0.19278342609790217,0.03579375802761807,0.05391511975114097,0.23357322578857448,0.23104924523914785,0.0,0.0,0.0,0.0,0.0,1.7517471588295639,1.9176689253286732,1.6739091142409548,1.8963715668006602,1.7437765472700182,1.1938522453251454,1.068085321715523,1.1730674830269667,1.0894878533442756,1.1376186661804584
4.51321245536723,2.342073469824716,0.6610829382447877,0.6160708280385627,0.5934776223641439,0.0,0.0,0.0,0.0,0.0,1.6419262934736278,1.7958725097549717,1.625150202560293,1.834886318177101,1.9818286227251598,1.1532128189611703,1.077003943007718,1.0637914420882224,1.0515489579353174,0.9921284827422228
0.23365025428981254,0.16270192969611463,0.16116258528134841,0.09832136157857818,0.12277607435938856,0.0,0.0,0.0,0.0,0.0,0.8526253305952918,0.7605655796103056,0.2638455657293573,0.5420693354562672,1.2797786809785794,1.9986854766227666,2.252435620352173,7.429962161662844,1.0202539028309001,0.39420890932405966
2.9633340531845427,1.7982702259721883,0.6904445449347528,0.5344138152293485,1.2253553397827748,0.0,0.0,0.0,0.0,0.0,1.7125682960325905,1.3900815065109862,0.5300243826728275,1.9277171144572058,2.036972042342584,1.1515794428375656,1.4173356775272352,2.132507175116251,1.0760334085706076,0.9447136666743526
0.4690107220784954,0.41747947476593394,0.3594983574208058,0.33785509169472283,0.2261625886899968,0.0,0.0,0.0,0.0,0.0,1.5122086089297837,1.5673332194861365,1.431358399653443,1.0996907917875087,1.0042130952682793,1.0006277218096002,0.8543772802122743,0.9269745969168364,1.2866167116271539,0.9852754769378967
1.5218190860059115,1.8122529672860168,1.4069078473213985,0.9591531178009168,0.6824384594501172,0.0,0.0,0.0,0.0,0.0,1.5591882306722051,1.173438905839106,1.0294752667046767,1.2710398623058503,0.8806243173587801,0.8398435315961725,1.3108608851085959,1.3034346523625613,0.3425224207325165,0.10444161928095351
0.5530690160146042,0.2706531230816655,0.06657331345915588,0.3235202129795846,0.33148042050599674,0.0,0.0,0.0,0.0,0.0,1.74387618243588,1.7715815171668763,1.2068116267204898,1.4639435671327867,1.9477108596885981,1.1128134380780985,1.0710801487144401,1.075991842492659,0.9584964667741089,1.0614911244273508
0.8266917989030128,0.5229750692874873,0.24279185141281218,0.10310733551455505,0.11558958045926485,0.0,0.0,0.0,0.0,0.0,1.0657054394480185,1.011547163794238,0.6550268466685543,0.5270051863713261,1.4936057202326491,1.494256763802663,1.6057848967803419,2.779090510842027,3.380527731628892,1.334139774960261
0.4614325913120708,0.2597376460717642,0.11107415462740566,0.07484198469093262,0.15909847889485482,0.0,0.0,0.0,0.0,0.0,1.613467483754577,1.585313933817652,1.4479537925549273,1.3944273461487375,1.3122555916398793,1.1347550840549534,1.2318135523888187,1.2788121873647134,0.3853006997530603,1.0252803025884611
16.40128266676143,12.382849375511084,8.088442254503626,7.389566494714009,7.137499609271397,0.0,0.0,0.0,0.0,0.0,1.8854159427494603,1.751250352856681,1.3191313697207532,1.4170604995611964,1.5308186716930923,0.9606097991034308,0.9891693069776456,0.8568946083000777,1.1775550071220748,1.2842579978216333
0.19653822726272407,0.1508262533633182,0.10461702455094676,0.04703382461122161,0.013800707752028274,0.0,0.0,0.0,0.0,0.0,1.1371785486695167,1.1978301530859556,0.8594831019859484,0.857529045424107,1.8865953181754331,0.9553434924201599,0.5882068407983672,1.5964731767452978,1.855296976824006,0.9898324523791344
2.447726437874454,1.8576067124126259,1.9593882826838935,2.2050666252855677,1.7531060689112017,0.0,0.0,0.0,0.0,0.0,1.8609211756902637,1.5200467126447588,1.0956177229461654,1.1974159183311155,1.4239529072700132,1.0205934443571227,1.0813180788690602,0.9546146120544987,0.9662260152943368,1.189054229374418
0.6166391486278582,0.31698633461150816,0.2750977780644823,0.27066280231420253,0.20730454842487916,0.0,0.0,0.0,0.0,0.0,1.0475016487272744,1.2611191524124434,1.2449886746328367,0.28658329027670437,1.3747292799827464,1.2663166527458007,1.5979558381744812,1.620504498167772,4.861994475981638,1.4241779728066672
4.903152471082943,5.646492497296648,4.657468964156839,3.8805762199903278,4.023133203124429,0.0,0.0,0.0,0.0,0.0,1.445201614882691,1.2657861769900662,1.0759392184313272,1.109813009803014,0.7590012459719395,0.9874481300471678,1.0625430387000703,0.9839944438550302,1.2440683610884422,0.6138332303862523
6.7759186957791,6.257369532026255,4.433005957989601,3.001318224246037,2.896564898303806,0.0,0.0,0.0,0.0,0.0,1.3783694123844494,1.2101338223721039,1.0647019405714984,0.9509163404822818,0.76846260025503,0.7959389050663402,0.8078615712903124,1.168552298376695,1.6087391834919835,2.291748887431209
14.2458153540308,10.301309115935874,6.366796547520535,7.610437004865363,7.206485204463394,0.0,0.0,0.0,0.0,0.0,1.9494195716567027,1.8778273406085266,1.3814729697296109,1.5858437715141955,1.6588687964785038,0.9572671239201902,0.966695296303709,0.8567895234068398,1.1380998876443222,1.2177577710312748
8.104105352121564,5.888283458351492,5.147284447507063,4.892422596555184,2.968589030745601,0.0,0.0,0.0,0.0,0.0,1.6446740172341523,1.673638290506041,1.5006036790826878,1.172001251415281,0.8401009909969738,0.7937230110813902,0.8585329718137292,1.072066742047448,1.4494686449446923,2.112406049600283
2.7284317444782946,1.6970709484997033,1.3298426092459914,1.01543773653527,0.4518373228565096,0.0,0.0,0.0,0.0,0.0,1.7986689971490364,1.8498026422183074,1.8078364064210892,1.381788048765734,0.6355897449108893,0.9846826390450412,0.9787317940178292,0.9805799684475519,1.3246915356377524,2.8995171365807897
0.3123149706918729,0.33435683753189327,0.28440271075262336,0.2889973926372516,0.4026343846489719,0.0,0.0,0.0,0.0,0.0,1.6753073015714115,1.6188666606240427,1.7672022172854316,1.6712864981926574,1.3546599401057484,1.1451336011221913,1.2256444407853904,1.1287417831148354,1.1558882474076628,1.3258240405218171
0.14125981323983114,0.24485323795429764,0.029101272570022825,0.25137138185912083,0.09877172017435736,0.0,0.0,0.0,0.0,0.0,1.4171973138613694,1.34319711613518,1.78532705442307,1.2374992058226097,0.875479050809113,0.9169802488016595,1.0910519194294166,0.9554573202665498,0.8956298846288063,1.8114970132269672
5.381800908672704,1.9432286803797971,1.3744449244518797,2.3084397292739327,1.582913915813036,0.0,0.0,0.0,0.0,0.0,1.1373433143116787,1.4201376157500547,1.7174363506702934,1.2771068601530873,1.1428699182707986,0.9024536879907209,1.018519043005895,0.9544742240712685,1.0949826368636488,1.2996920258691642
1.4610809027519154,1.1776846318000858,1.0201990716947045,0.8061007207801365,0.5201110560251901,0.0,0.0,0.0,0.0,0.0,1.7717644942344488,1.7483965337957839,1.453975024371685,1.1259754514747586,1.3151464001773865,0.9806960914908261,0.9083495115499002,0.8955779669237832,0.8775239188862726,1.1135001571542984
0.46419780895730084,0.443422951179548,0.42623168184031685,0.3398199972133473,0.2675734256149658,0.0,0.0,0.0,0.0,0.0,1.1048932675281087,1.0233208504644744,1.009994943067759,1.2796927202248796,1.8374060286901754,1.45417146587934,0.15977705976390655,0.9714522526354151,1.2604924133160171,0.9207896741381506
1.4088758220696742,0.5001252110139701,0.4272070967049439,0.7465468329549294,0.36110655316501405,0.0,0.0,0.0,0.0,0.0,1.6799515071921807,1.7189159751034508,1.9751945394282269,1.8416969259314824,1.744295218746936,0.9719654342729881,0.9688909479612008,0.9227098377945885,0.9878707182995563,1.0244237133842267
1.473441314014057,1.1459440165801205,0.6173718077346411,0.3777687060095805,0.5216384279793564,0.0,0.0,0.0,0.0,0.0,1.8945592218111447,1.8101653624486194,1.745719446852682,1.3966605140878476,0.8830660051608318,0.9161287496479025,0.9633274547344198,0.8964457764460252,0.48827756511572135,2.0518086962394975
2.767519131567203,1.967143059005182,1.3161037816262928,0.3229048272618355,0.4974112174272559,0.0,0.0,0.0,0.0,0.0,1.34067015146057,0.864377924993243,1.266648380802286,1.4148678263481609,1.6453312956906996,1.5355966560517846,2.038009697561949,1.0573458900965178,0.3819662585201905,0.859145086992885
0.3006648888398049,0.2836547336480678,0.25789910309619024,0.20094396821251484,0.12455407901821787,0.0,0.0,0.0,0.0,0.0,1.8611082796379486,1.9243890097879273,1.9715502482538942,1.982438060518563,1.8204050712964106,0.9401514837201098,0.945029055798063,0.9649062637227853,0.9600228271077639,0.9603075128651122
0.9455819555659681,0.7497215906967868,0.6479028163557977,0.18133799636136758,0.16713538536606923,0.0,0.0,0.0,0.0,0.0,1.64314132051289,1.0132200754554355,1.0754909415143117,1.2911868419445958,1.6767883465669826,1.2613858111081795,1.3727119641605048,1.6958781008897004,1.264934345940838,0.9753988818138548
0.17401977141766495,0.08165997191693328,0.18428724685270997,0.25351143228125794,0.0938302666425527,0.0,0.0,0.0,0.0,0.0,1.2982906462534907,1.2379528269569764,1.3010451647115433,1.4512949903066392,1.409290948915771,1.510524172964461,1.1146159069450083,0.5574285165475299,0.9969480257597793,0.9014726725421066
0.4606909277061601,0.3484566388074238,0.30755317546312416,0.19480491098153216,0.22910702079621492,0.0,0.0,0.0,0.0,0.0,1.3399560779723507,0.8426052100444916,1.2154672351682279,1.409822519685738,1.5020763588921164,1.5222206091669948,1.4615854304163467,0.5645888534509969,0.7699172296056985,0.8675372584555431
1.321822498206743,0.8785819944570605,0.4744575739652276,0.20957564364440956,0.3709509458894192,0.0,0.0,0.0,0.0,0.0,1.768551671179443,1.734650858644874,1.4511859844985007,0.8934210845920475,0.974436654817536,0.8949490320944349,0.9133080847892577,1.0063273254805658,1.5766478743095542,2.130252804636523
1.2172301549830853,0.9838037553882796,1.0594334419416158,0.9675151488059882,0.6526249123681046,0.0,0.0,0.0,0.0,0.0,1.4162447549935766,1.3911625878020335,1.238799652537725,1.1239746165294293,1.097288422224702,1.1600294923525467,0.9395338108991466,0.9937480239274644,0.772895048455638,0.45180043384345897
0.17404987046741277,0.11814174930083868,0.12218413827532541,0.0372136950831103,0.07715634718618006,0.0,0.0,0.0,0.0,0.0,1.7593813349051612,1.098872893467598,1.187036732219304,1.0159790947828922,1.2431128290824551,1.148673768744646,1.5036132797716257,1.1793569949110798,1.865748538661211,0.7175542461905717
0.5122771896122966,0.3442237595277591,0.292242165093495,0.28296204344575027,0.2936659859240469,0.0,0.0,0.0,0.0,0.0,1.3086245156372385,1.5229918673404461,1.4153781593888901,0.9369922191657267,0.4153521824555347,1.215077788212449,0.8505203380845626,0.6392208900733749,0.7941991875661361,4.088742920918866
0.7564233911542728,0.5358165954916472,0.19869955964975017,0.10558274891100845,0.41884909822389316,0.0,0.0,0.0,0.0,0.0,1.6377073409025866,1.492592629697256,1.3656046918358815,1.055046512380579,1.176545833789913,0.8414537803992648,1.0385840938808943,1.0870197005909463,1.1924781629755934,1.404924351408682
0.5351949577666536,0.2534888999690027,0.24503876736806524,0.5322339305750492,0.6490390452351138,0.0,0.0,0.0,0.0,0.0,1.231342531488261,1.444754402920583,0.536465039285188,1.4653335943132528,1.6585912584812266,1.6930694363623333,1.2403112799474703,2.9825847045013583,1.364037459433571,1.1368867167452124
0.33467808652577713,0.22257455059060788,0.12700875464150416,0.4546763206142237,0.2240587571479363,0.0,0.0,0.0,0.0,0.0,0.5121258985844048,1.3462706913544327,1.7595115402978159,1.4163130806388389,1.943024672618142,1.3246194216089078,0.255573637165183,0.941142717723637,1.1910600125341173,0.9107961348319155
0.7026162956039347,0.6041741999708367,0.42389274064739163,0.43002337190316053,0.9004996049702185,0.0,0.0,0.0,0.0,0.0,1.3858630793155966,0.7909887077268396,0.6296245375632743,1.566256210672077,1.6195666502515227,1.3504342092816661,2.301397307879892,1.6178101639682345,1.075118505256795,1.0981569177805401
0.8394418982963643,0.3036247295079635,0.23303980638095298,0.4508982368006538,0.32043517885138884,0.0,0.0,0.0,0.0,0.0,1.422415976349191,1.0562139527347338,1.2098050118905148,1.8385476624872166,1.898147327851621,1.1548501654153829,1.6485886223422233,1.6439014883975664,1.1455629766427855,1.1007358205272173
0.8205910125280116,0.9586109735610059,0.695421867492714,0.3302897532703479,0.43334870307977685,0.0,0.0,0.0,0.0,0.0,1.1245545469281184,0.5078896405389765,0.4702622020422833,1.3804045977856894,1.4694630710862955,1.1128932045826958,3.104273733092678,2.9971771136961136,1.1190612876691612,1.0889341222459656
0.8635071306894708,0.42391491375690693,0.22378484635597448,0.23245529267989715,0.11697992820107564,0.0,0.0,0.0,0.0,0.0,1.4003528886259957,0.7223401418212715,1.2394562800009077,1.8016747721342803,1.6264073045742764,1.3736694307993624,2.5568176187640552,1.6652872727580155,1.1604104402509274,1.1490016001673173
10.077198114985158,5.7317947907807385,2.9715707780728153,1.7995653636116469,1.0640674652299569,0.0,0.0,0.0,0.0,0.0,1.8015670117646967,1.5399786034461955,1.0477663802001649,1.7777279164728168,2.0839837883762984,1.1084636604939366,1.2524721850793752,1.1762252372658508,1.1274934203609557,0.991603403408061
0.23649703184806614,0.1520906452380935,0.08746561136760908,0.05287636305209844,0.03723103483573231,0.0,0.0,0.0,0.0,0.0,1.8177165548133105,1.560523234916132,1.4003644591545752,1.2465567328896296,1.7839835061004214,1.1035720396249225,1.1374669360157594,1.1663679666150883,1.1857893121118226,0.9989471988125082
0.4184631980628432,0.3326840196568822,0.3981811365896593,0.4390930424662682,0.17154177879565904,0.0,0.0,0.0,0.0,0.0,1.8668279541235662,1.4506597158990178,1.2491601501358742,1.3278353614575094,1.4984260974590253,1.0354023214262875,1.1402972864387402,0.5149919509140485,0.8380827963246561,1.1633398861057336
0.07544787729792808,0.16219781530164856,0.34940271925662064,0.08626504391352836,0.10736942429022925,0.0,0.0,0.0,0.0,0.0,2.022068474119072,0.4980225692777841,1.024685689042256,1.5456310490188232,1.5751430138557978,1.0260726265022133,3.276834333371583,1.7820283370817414,0.9045262870064684,0.966497330225821
3.062791993505111,2.4291623949354575,1.458135408174245,1.0124705917896644,1.2252651479042675,0.0,0.0,0.0,0.0,0.0,1.3135777348125057,0.768641595141196,1.0495038643447705,1.976284492035713,1.7237873673969002,1.044505277979259,1.6701142908774218,1.6234825578224397,0.9761991238171248,1.1554321403261227
4.412213306767384,2.5465734207361015,1.5330011166661708,1.5702290417710534,1.3422760613419225,0.0,0.0,0.0,0.0,0.0,1.0237684829390874,1.127468797597183,0.8256192760461851,0.849246430936416,1.405201626642803,1.753736935129654,1.5550478506128294,2.450167555311961,2.0272363548229877,0.9421963178811389
0.5859167183756617,0.3490888236172623,0.5031905996318615,0.3594711497799149,0.09057259665964522,0.0,0.0,0.0,0.0,0.0,1.5165426850508095,1.6189883519305486,1.4126222365074808,1.2459108650369193,1.6890289230177518,1.3001823605543612,0.7653514059374007,0.7475597044704576,1.2588207821952273,0.9635128035860001
57.919292196634785,52.86470682378613,47.67104602724251,47.73726466403916,53.25914839094893,0.0,0.0,0.0,0.0,0.0,1.2757103533018774,1.3335784917927571,1.357078047128193,1.3374186187556167,1.2561074313909295,0.8561242476422537,0.8333895797065071,0.8436679003278943,1.0359098668073272,1.291742317052144
12.644267407060237,10.824216694704063,10.118284898495569,11.517248476199418,12.204099152652777,0.0,0.0,0.0,0.0,0.0,1.0320196027750839,1.0042116682712212,0.7992926840863988,0.569186748327475,0.6613564249956345,0.6980968172326797,1.0603741565648437,1.311712310031097,1.8645267161453771,2.5515719934058847
17.731586116697528,17.199890386143956,16.416578360863483,15.259771830572797,13.51161708288122,0.0,0.0,0.0,0.0,0.0,1.6493053139439393,1.6543019964891807,1.6301921004500044,1.596600132453564,1.585413514182442,0.9102953052405849,0.8929348994063564,0.9135882547287084,0.9359436037764687,0.9233337309084669
0.6275881420823136,0.6762088042729837,0.4352372695759268,0.2732483349388943,0.06098626119661885,0.0,0.0,0.0,0.0,0.0,1.5098507569964992,1.1974141565513605,1.199505081180476,1.5944634975657663,1.191247810043374,0.774022106794715,1.239456179532054,1.1054290680340741,0.7873522807112358,1.6054072093179206
6.60773917354757,5.848271561233046,5.006631180004855,4.6104642131315465,4.8439892406373195,0.0,0.0,0.0,0.0,0.0,1.361713994766604,1.2510215962580493,1.0324135481345116,0.790445997635944,0.5229056164357403,0.8702515252950793,0.9133740162737406,0.8736905444425296,0.5828649755924854,0.53557597914766
0.5244607832451219,0.4364203042065153,0.3556123290466056,0.29588117460719937,0.1849044829791749,0.0,0.0,0.0,0.0,0.0,1.2094295385623415,1.231683168874811,1.2137256144706863,1.0034250506041973,0.8627842817752244,1.0421271309475153,0.9837840325158757,0.9597600659060703,0.4983436611060187,0.763653556972223
0.2975334221757675,0.151353803618437,0.07098178940741481,0.2767737998769833,0.66105605147893,0.0,0.0,0.0,0.0,0.0,1.638571903365075,1.1180716549656715,1.2267493712137867,1.8006643425827584,1.7246162527106748,1.1940688912024882,1.6602304017390002,1.5526296666638943,1.0141147771949592,0.9712580813550237
7.257618358820302,6.216154776741959,5.449970160569532,4.87381123339541,5.742960830184397,0.0,0.0,0.0,0.0,0.0,1.0665442457647902,1.1264190225916044,1.153338235732054,1.0907130234273548,0.8836296646329425,1.0954492087365557,0.8394839295648688,0.5586130109582872,0.9162894570286872,1.7835904435825203
0.3456601877449565,0.27855429652729036,0.3025704408594848,0.2833991554803892,0.21938264781113234,0.0,0.0,0.0,0.0,0.0,1.4852032000566107,1.666281937377408,1.3428867875754953,0.9710169332206129,1.5792577146626172,1.1636254526190015,0.8979013367326947,0.9147220764578834,1.455725988178731,1.1006950099815678
1.8337715646313875,1.2244987905225284,1.0806161889866677,1.2868075426840195,1.7339507821476847,0.0,0.0,0.0,0.0,0.0,0.8066188268455928,1.1789479861244443,1.188240128177166,1.0406789436850883,0.2531756000759932,1.5739878234097056,1.1923329149013389,0.6620364889088929,1.086396408442469,7.6147219725370165
0.42589642279503337,0.6032523689862448,0.3923930786324671,0.35270527017576725,0.43532238567516385,0.0,0.0,0.0,0.0,0.0,1.6586048618021936,1.1913797809851994,1.3866140904924362,1.5252197176649833,1.0051411165075452,0.9674261394618824,1.4981674932993785,1.213936407339632,0.6915295496546657,0.8344586767954396
2.010180916669264,1.5107357924033034,1.4055802188927256,2.114812591687719,2.099251069573953,0.0,0.0,0.0,0.0,0.0,0.9356696793822596,1.2925302724903431,1.178827112250697,1.2914335870231735,1.2461963441187776,0.8326895001319987,1.1081741657642636,0.8724055602770127,1.2413179121759355,1.3096272786744008
0.6755435432210484,0.5491783404433106,0.4616706480621836,0.3999412433823541,0.3952925277943363,0.0,0.0,0.0,0.0,0.0,1.4710515600066651,1.2860000321281968,0.8024699147818618,0.30705214325116226,0.6579932275642147,1.2832826507160817,1.4336761212764861,2.2531636023835584,5.03202618668713,2.4630804751841984
1.7949683515915082,1.6289446706507842,1.473919816691296,1.0170052158116316,0.9926692874859832,0.0,0.0,0.0,0.0,0.0,0.9857160555373399,0.8721521644022019,1.2467389484373836,1.2142348884590448,0.8562840595847695,0.35076423542285745,1.4822426600708012,1.3533469840468535,1.0652589827240797,1.3272966267869586
0.9467280859517473,0.3856174775147807,0.37026650491114027,0.33439045281274205,0.1991981712112022,0.0,0.0,0.0,0.0,0.0,0.46602067399611763,0.8728494466452028,1.312248097355362,1.4218276691150946,1.017999320393327,4.426181832448442,2.039704205906341,0.6079299611272271,0.773026407033993,1.560434903426756
0.9053677046246614,0.9033213594378766,0.9456976187069432,1.0017537149988933,0.6889425879806654,0.0,0.0,0.0,0.0,0.0,0.9906901048828511,0.9703596452343476,0.8683463089201646,0.5151982053078743,0.3147760264655351,1.150846613090306,0.7081243259870275,0.8755809911042726,2.7411483937114483,0.5308692913119072
0.6059841755299415,0.43013711871871224,0.33934773806707763,0.21526366445460532,0.4184853665897976,0.0,0.0,0.0,0.0,0.0,1.3710934391465157,1.213964076896239,0.8195176518976961,0.4810079710780346,0.5745424132876301,0.7959590887490325,1.0351331158963344,2.070448206871624,2.3390390901405596,2.6433135606090823
1.237506272903586,1.0204977499719088,0.7906018050764987,0.5651489606469551,0.5838944097379106,0.0,0.0,0.0,0.0,0.0,1.936059537563548,1.803925149515103,1.5176313968406283,1.2427474510975256,1.2458807174561082,0.9413173891876732,0.9835169359098425,1.0668452430856206,0.9299068896552987,0.7183849832380756
1.2574211922213139,0.8366670499993768,0.7115759016381716,1.0726585285570402,0.56850961034396,0.0,0.0,0.0,0.0,0.0,0.7703459389447007,1.2860816722204063,1.1718443189263543,1.0644133526968405,1.2993728647930511,1.403399748021446,0.5311272791778423,1.056090712660059,1.5041865625166873,0.7872430986514733
2.5909518723357317,2.2791070568865464,1.4807072712929537,0.9644439729954873,1.2845963584814606,0.0,0.0,0.0,0.0,0.0,0.9184820055761067,0.6805407387261148,1.0038020756840533,1.3661493297004175,1.4932170261532474,0.9417068562622353,2.223346017070719,1.5078582196231984,0.8759647466116239,1.1446405652282798
0.3388985251920519,0.22197291559765775,0.12529688953077786,0.21301776070394282,0.2671196598901938,0.0,0.0,0.0,0.0,0.0,1.4809045340924094,1.4522225820114834,2.0516460878505955,1.2776441017446054,0.7487678697540952,1.1212610126468336,1.1742628646412405,1.0207296521534759,1.125600012517103,1.1619835092206663
1.0685673251864516,0.9330190565247746,0.7813848426808621,0.6541623669662131,0.7652185490917919,0.0,0.0,0.0,0.0,0.0,1.6071639282522547,1.5211190629187978,1.4459247083107807,1.123048775039159,0.2117448564247634,0.9086661302948911,0.7894057508402748,0.8298353813176499,1.492725865951681,5.199852189809099
2.7971193401553824,2.2020462283493307,2.013849627250252,1.6327238449074961,1.257707245265067,0.0,0.0,0.0,0.0,0.0,0.9250021913241483,0.9973156944406649,1.0851431528851139,1.0381782675133988,0.6071493047069837,1.4346931546013935,0.936549824748475,0.1721879491095104,0.25889031310815813,1.4741349788431557
0.9842082597120279,0.6537858059466586,0.3282374545953635,0.14296944830625163,0.8200276506453197,0.0,0.0,0.0,0.0,0.0,1.5563034740630302,1.5802263852366258,1.3047320131487647,1.4970615076602387,1.805123152318522,1.17408725529368,1.3231649183022673,1.559263396916399,1.2671185503919702,1.1189216711870922
0.6664467872761568,0.6857894168643703,0.6944002225516619,0.6960364661932612,0.6781541029402731,0.0,0.0,0.0,0.0,0.0,1.6168180369851546,1.3908555791003248,1.1267081935275547,1.062359606631568,0.9133248113407648,0.9993946950345105,1.0196477352399462,0.7068764936200626,1.2789206853488706,1.4508432119647812
25.158729722712373,23.02011282802409,20.527799457165813,16.918029512930715,18.55281724290111,0.0,0.0,0.0,0.0,0.0,1.1327402829794848,1.1479215665232827,1.201441416698539,1.1022354981745464,0.7898980849545942,1.0995295788962554,0.7555419425264801,0.5437684940323766,0.7316008774640573,1.6395378605356266
1.3290960927012754,1.2418484925423,1.217684350507826,1.0936674023749675,1.1835893727640454,0.0,0.0,0.0,0.0,0.0,1.182831577744627,1.1751292784634084,1.1783137052452086,1.3994881884246597,1.482594105431751,0.7848630907694895,0.777656556700392,1.0952016635156494,1.029043688318815,1.052517120323319
2.443520079950612,1.5501556501698088,1.1256442125053245,1.3384739717527687,1.3960663982465857,0.0,0.0,0.0,0.0,0.0,1.6627305509788037,1.34908912033166,0.6541321358794815,1.329914432209784,1.8099899453098092,1.2021241970103942,1.3952405150521445,0.9330078403310244,1.413233675736332,1.126734632447384
1.3287414465041858,0.8220709398479216,0.2933589298080907,0.15371710666891367,0.3875091534793461,0.0,0.0,0.0,0.0,0.0,1.5309988332407178,1.3052158723454728,0.791223021690403,1.423936797117497,1.9606415383811313,1.3432207335090722,1.5135491183113934,2.0282684077110544,1.4764170480698553,1.0709380718291077
0.9622352201382668,1.6190590703289385,0.4105989840010206,1.9190107111843848,2.893678334631667,0.0,0.0,0.0,0.0,0.0,1.824625125517794,1.1535349571273732,1.2228733474535411,1.3343625905981316,1.1541365121899878,1.076212627801908,1.5284055429048957,0.6601557169486628,0.755810281503538,1.6757341798213221
4.755747306661297,2.0096196402416053,3.3744782278888446,5.296878990971554,4.202021881114672,0.0,0.0,0.0,0.0,0.0,1.5696922596818088,1.4562613459410074,1.2875571251601934,1.4627628835769786,1.4323195909739925,1.2441764531584174,1.044990587305119,0.6807899403653296,1.1583107074349241,1.425971935980284
6.120889094768519,5.4621099867597,4.07964183961357,2.59399196712486,4.7866805289981285,0.0,0.0,0.0,0.0,0.0,1.2078894846253885,0.9790451184389074,1.104351958376441,1.011919004026632,0.8111992506830756,1.3746595508981834,0.27956737619981475,0.2670347876821081,1.0845267147904303,2.2892129621732784
11.559519380303843,6.5711403166319,8.918366090407984,10.689134442577842,8.233039529362902,0.0,0.0,0.0,0.0,0.0,1.3506101581305112,1.2513419430336428,1.3239599054545832,0.9928393880793995,0.5269315430366898,0.206894560334747,0.7603702980524252,1.3303303976527223,1.7064707082614208,3.799431635399111
12.86864645320081,10.260540150045145,7.406813918185374,6.356173065163065,7.180331494067813,0.0,0.0,0.0,0.0,0.0,1.7852243164503134,1.691685216993646,1.4296797902090705,1.0359056800938535,0.7323190908194862,0.9537990179255221,0.9191186110519193,0.856281607547873,1.1898288017233314,2.5384716332851065
1.0185457986408244,0.6823072853773737,0.332360975705151,0.3498971033061092,0.6649880054527223,0.0,0.0,0.0,0.0,0.0,1.29249516371301,1.1127711296017457,1.3283336442442024,1.6978124813759878,1.4253001240122312,0.8933902066742382,1.221391318794908,1.0179591957061473,1.1373419224848373,1.452248436601009
0.7811646500898446,0.23496361034962984,0.3322007208441364,0.41460635394504014,0.4318089063076414,0.0,0.0,0.0,0.0,0.0,1.798205726049187,1.923420692150561,1.0419616162501701,1.5594760422543057,1.7291523610501307,1.0966473623411384,1.048664593292638,0.4560441700255709,1.1421755991342084,1.214677462896282
6.057915398682678,4.217242809837865,3.9669175568416994,4.163681072093324,2.7538233868995627,0.0,0.0,0.0,0.0,0.0,1.9550721020639898,1.6917215186639036,1.155297289654022,1.153576984603404,1.3484998472118026,0.9347051017158073,0.9563219680619205,1.0664425312464165,1.5187147862437165,1.5081574549822694
1.1474514993584668,0.5474176609533766,0.17278222548414277,0.3705571322995084,0.5146526353444812,0.0,0.0,0.0,0.0,0.0,1.8641971436973923,1.9848857764702836,1.144487421326509,1.9696552762356119,1.9681303197119393,1.0602381705947332,1.0168197056865338,0.9834132278453207,1.0591699487923685,1.0384344866933146
1.7558118228056465,1.4359065729898925,1.5874207574035297,1.791772378273143,2.010662397698205,0.0,0.0,0.0,0.0,0.0,1.0376006788361325,0.7002309882841012,1.248397525975808,1.4785075525132194,1.6099408185032018,1.8003745127376134,0.16403630299742672,1.3721762816202945,1.2168518876892778,0.9355550781750182
3.543935628913463,2.682283008202942,2.4694416039925278,2.306335332957942,2.4816941662491088,0.0,0.0,0.0,0.0,0.0,1.5979653609284332,1.5654265480283458,1.3542547872392294,1.105132582376134,0.919079835993473,1.1148379830605737,0.961657945266837,0.6139215982217313,0.8252796876256924,2.0160392683270323
1.1255602536236886,0.6557066753938315,0.34052110392452517,0.25524738515351353,0.6953381591839962,0.0,0.0,0.0,0.0,0.0,1.3520585686306912,1.1643363276562315,0.6891535493489365,1.4943387970123003,1.6854767341004688,1.4273027108502494,1.5060325082367532,2.481362582974177,1.1439161665377227,0.8694493550619427
6.434197466797519,1.836366842820749,1.2963029900159582,3.756349194938573,3.94785007676186,0.0,0.0,0.0,0.0,0.0,1.8957563396064672,1.850516846069577,1.338861324520398,1.9505613115996019,2.005949484045333,1.0693259771943482,1.079355889282017,1.2036717575003002,1.071879858384788,1.0144019251201841
0.18505256755572555,0.17346097417270762,0.15941573744930312,0.14079659271561734,0.1836238139408426,0.0,0.0,0.0,0.0,0.0,1.1232396402552347,0.8351962605495993,1.358875821122376,1.525785669987688,1.3731364967154531,0.9445930358735896,1.5276022612777833,1.1343552599578608,0.8911301035660759,0.9910654149106758
0.765604145125355,0.24334562600366053,0.16782145168011903,0.3833961131042982,0.2661698829163156,0.0,0.0,0.0,0.0,0.0,1.945876866511657,1.8630148505704065,1.5816209404801214,1.926501546663879,1.9424710828212564,1.0326085248749055,0.990819457479142,1.0899136886420067,1.082928879782082,1.0112839149088437
2.869967897645272,1.7913993597512465,1.4406995876128286,1.6964024818804695,1.9062973581451623,0.0,0.0,0.0,0.0,0.0,1.974503677652577,1.8120032971687907,1.517675314069627,1.3297048963806497,1.1432025184348518,0.9887538618537721,0.9635564352081306,0.897984948772823,1.0620530867512565,1.3223216538974503
2.9999503410162207,1.4595098034291147,1.2966119639703604,2.1696216678950178,1.7460664398956063,0.0,0.0,0.0,0.0,0.0,2.024565980104354,1.8225247593075364,1.4315415630590347,1.4873335426316012,1.5122859087203389,0.9935412637382408,0.9859876819055787,0.9880552029048816,1.1290297704757102,1.1975581025196504
1.492145986659719,0.9262326612579793,0.35833457927454637,0.26459377654694943,0.6964953769235991,0.0,0.0,0.0,0.0,0.0,1.853570052723494,1.8330758085024215,1.5989186801390631,0.9221829650759964,1.08781031124041,0.9203959117159031,0.9078985687922357,0.8986327832221682,1.6063376422705826,1.6635923382936249
1.781305708551957,1.3888344386337903,1.0670446829352893,0.6704772911878161,0.9070751126279566,0.0,0.0,0.0,0.0,0.0,1.745549118403559,1.6275366733898609,1.5302169452469825,1.1367626054970823,0.7938356280346973,0.9385641169472114,0.9324298209534575,0.9433401083672939,0.7290371690696583,1.271896134573195
0.36875276487184994,0.3349518006217619,0.4197064981053025,0.41026021465635554,0.3744925017626676,0.0,0.0,0.0,0.0,0.0,1.6737451934635412,1.4828121451461946,0.8985751612676071,1.2552601188037447,1.5432003141238617,1.0786167109745932,1.0665594939834495,0.5952203080675966,1.2379417988223176,1.2206652459049245
1.196324576636168,0.2534415324792432,0.533084071975425,0.93592701658645,0.6394290249864587,0.0,0.0,0.0,0.0,0.0,1.307156117436244,0.7916620624532341,1.2951240438266984,1.468597362735117,1.755792291442996,1.5867623647266735,2.396528054108578,0.9887890708968369,1.1099914773777912,1.0883222068747163
0.014205513188310684,0.020617257050138588,0.019404563401587832,0.012005471374110342,0.029452242271932993,0.0,0.0,0.0,0.0,0.0,1.2904467869128604,0.9593748419945274,1.3560945346095712,1.3557201289683385,1.759243338559054,1.187729493162324,1.9033685495986055,0.8025844713070281,0.6707537803065179,0.9273600308963947
0.5696683846035449,0.6983429483569534,0.8065260291286457,1.30401660898394,0.9595976068960544,0.0,0.0,0.0,0.0,0.0,2.0155002638617803,1.1882905468555551,1.3671898829408429,1.6616522677002203,1.3305301722672331,1.0426545468446407,1.700119252061755,1.3661077608784427,1.1137627293186931,0.5998468322411078
0.7793633433383553,0.687300076456512,0.19441254398096203,0.08708519819640928,0.4509920815423854,0.0,0.0,0.0,0.0,0.0,1.8302208759948022,1.5573544753342583,1.4275149182866527,1.5370878740311582,1.465182832194121,0.9426562822814735,1.042374030445604,1.1214399069238832,1.100243703855719,1.0690849112076528
4.413134912428528,1.968044585044375,2.2539687848004664,2.372121221937766,2.4295272630551463,0.0,0.0,0.0,0.0,0.0,1.8593491047298811,1.9635745464146246,1.3499820606195794,1.5680005395385042,1.5564419991253529,1.0363528845027221,0.9257901070602897,0.28766315605347154,1.116373732450127,1.3485732452873314
2.912351261488946,0.9011793364845195,0.9046759337885522,1.570812031373394,1.6105693090395126,0.0,0.0,0.0,0.0,0.0,1.7747393531253093,1.6024032248645663,0.9369110247429931,1.8234201542874364,2.0431471568284123,1.1147290572290294,1.289157552900924,1.6600550680898285,1.1304756863383965,0.9984060965891026
4.167490498933853,1.9330949934268744,1.3678164219162317,1.9918061666203801,1.9960192808786672,0.0,0.0,0.0,0.0,0.0,2.036227325827667,1.8478116564203735,1.555651581505696,1.6021877261714386,1.623522507669338,0.9608099352556551,0.9311261313564966,1.0379638475862951,1.1641083761891937,1.1512052411455518
0.7831064900600472,0.20191993929453064,0.247628065975627,0.42622287343466086,0.1979053672224236,0.0,0.0,0.0,0.0,0.0,1.9066370892660645,1.8665435931669432,1.4465263894491553,1.845040782630545,1.9568771997053556,1.0471146207999096,0.9783524487441936,1.0347983254482747,1.1240041181797382,1.0409213454307145
9.644033274317405,4.172621823498753,8.295415318415682,13.283622674843594,8.722177789277108,0.0,0.0,0.0,0.0,0.0,1.63406808534015,1.614123933043923,1.3010418424266814,1.489564445813804,1.4788896602496804,1.2430960502151078,1.0893866079229877,0.4578140363444353,1.0690766464719148,1.2154291618487856
0.7993692570670891,0.20790401183791035,0.26719996813331587,0.5803916895148439,0.2794006402149232,0.0,0.0,0.0,0.0,0.0,1.8984439964778503,2.006426274618295,1.2925664308834521,1.6286531936392898,1.9605468654264275,1.0467872871823811,0.9476367480823976,0.8315649750279731,1.145023988904131,1.0717490459846386
2.1206266169651644,2.048158792441093,1.8491681447654909,1.5664362482353915,1.1438696756515712,0.0,0.0,0.0,0.0,0.0,1.4391902969228778,1.291270078920494,1.1074846857601084,1.0638335483913914,0.9234808207434042,0.9646144676011424,1.0666014103769101,1.0818710303551962,0.7662800708186248,0.35628555855431393
1.552893242660276,0.8004286514456419,0.2555596676568969,0.44974776051252485,0.9215569382228823,0.0,0.0,0.0,0.0,0.0,1.8487475512325613,1.7799307531147532,1.3294151849082987,1.303558443731492,1.6548432401699569,0.9316503256862102,0.8905928622043416,0.4263090590293694,1.399081311826232,1.0704839178420977
2.806697476051239,2.2152131802194774,2.3225386833211403,1.9523224913296395,2.06513066189168,0.0,0.0,0.0,0.0,0.0,1.5351389922332859,1.5620629497961427,1.5954612934396881,1.3649905974807304,1.135840335928163,1.026475923017387,0.8947815410017568,0.9156187685657831,1.0127074447069424,1.0366610315170337
15.384574236504506,8.095343436191538,4.83613271637132,6.830860350472705,6.674431407704202,0.0,0.0,0.0,0.0,0.0,2.0376585846479602,1.8705259318666225,1.5966094074962676,1.4877442442632134,1.5476763785437726,0.9664871256741044,0.9556245847366933,0.9401880412194298,1.087018630301033,1.1786723022297305
3.9841875112310943,4.488386314191259,6.4992291976874155,9.249870805272828,7.438941565346265,0.0,0.0,0.0,0.0,0.0,1.895322887414288,1.5429786055067831,0.5823776719248361,1.1713830862895078,1.5169834379730056,0.8972473892581516,1.1230672825625587,2.4701090530905874,1.6135795411013805,1.3250097512743222
0.0,0.0,0.0,0.0,0.0,0.0,0.0,0.0,0.0,0.0,0.0,0.0,0.0,0.0,0.0,0.0,0.0,0.0,0.0,0.0
2.144840096963235,0.9279612395369323,1.9480181921282913,1.2528166882853973,0.5767691788104767,0.0,0.0,0.0,0.0,0.0,1.7025906790206005,1.9030901128439583,1.1836770339602392,1.215477438906103,1.3490513960831343,1.120564023059665,0.9880788711195105,0.7843053195499735,0.4993559024009951,1.3042891587202134
1.2709971597239467,0.3338153406594978,0.5666136068697588,0.40370683709090505,0.2768136338228387,0.0,0.0,0.0,0.0,0.0,1.1217859584748164,1.7095569454541277,1.5942774343725592,1.6777246366085787,1.5168783547140041,0.8374516551212378,0.9465420154081565,1.0785821545676584,1.1153267970343184,1.3352087894186733
0.11283252154076058,0.07690138674314405,0.14583788713421764,0.13277405774167242,0.05776542642049663,0.0,0.0,0.0,0.0,0.0,1.7109623588032887,1.2034524468240757,0.8916761246429932,0.47427757776742835,1.4451147494877281,0.9139879665872407,1.2919700928749929,1.8487138232896982,3.618856233316164,1.1324828291884068
0.3433753309812171,0.24412609309328195,0.0732227362454049,0.019115252061507,0.06280111957682503,0.0,0.0,0.0,0.0,0.0,1.427928718244812,1.2561541572637498,1.1418200339919917,1.3879119542577885,1.7511202617433348,1.283206334174536,1.4316707187193043,1.6075113166175048,1.324899446570419,0.9406985543414778
0.35795016917825573,0.5346839378089132,0.1746135278352397,0.4403222415898263,0.08447720512976904,0.0,0.0,0.0,0.0,0.0,1.783210280254407,1.153672488017895,1.925144853505798,1.0763239339410504,1.5181244559587002,0.9867369143004476,0.5540266238397217,0.9083871342641481,1.4313748940724835,1.0115276201758276
0.6652344072694463,0.4187564935231604,0.2918383096786049,0.408009309163635,0.43180310624759805,0.0,0.0,0.0,0.0,0.0,1.7571467182982754,1.6589541488526716,1.616711389298396,1.064674145479611,1.3417569436887156,1.155375897024198,0.9384267257598374,0.9168815046890176,1.5710674614340578,0.5009048266437847
0.8298666493558408,0.3886149390781509,0.5660440553683451,0.6089682784553285,0.646715904084701,0.0,0.0,0.0,0.0,0.0,1.3570782505197743,1.310298109731318,1.5689179736004195,1.1343989813586521,0.9045493035263713,1.380128867468094,1.1071949292893988,1.0104816470012155,0.9264544558562188,0.5157080428675608
1.5147996192063014,0.5819747709437613,0.7107605420182461,0.4930530963253993,0.2916361951245087,0.0,0.0,0.0,0.0,0.0,1.313251044173298,1.5534560517810951,1.2619812975696902,1.4915728104486152,2.0609327363198977,0.5307354021197229,0.9018674329738444,1.33612456825426,1.3627853119093976,1.0020079412816967
0.5384103863032703,0.34563616321271773,0.2870566693745059,0.326428411465161,0.21226367288117295,0.0,0.0,0.0,0.0,0.0,0.6948664563792067,0.771216465447833,1.0932342726700304,1.2800012221165022,1.3245675893009576,2.736149974915132,1.27744853776077,0.7836953557168345,1.3088907266344076,1.3009220141623734
0.4351778846676623,0.10840883816325338,0.19202654240139858,0.3837548150737481,0.2505377716287882,0.0,0.0,0.0,0.0,0.0,1.5343319658237828,1.7076400875502653,1.2135901239869331,1.7934031744100687,2.121053654385425,1.0942420949522278,1.2040733331584448,1.2351485257781756,1.1695583285449642,0.9703208639936111
0.2713301635377226,0.07829139759059414,0.23968674221397884,0.13995544921338018,0.09430282901347012,0.0,0.0,0.0,0.0,0.0,1.41289966710009,1.622902551864847,1.030714607961762,1.1943556826201285,1.8831719516123309,0.9835414179237435,1.2863447229149,1.1450064983249606,1.6086163327540843,1.0562724298370205
0.46105410447448325,0.2384143871389825,0.36952665936361206,0.16351140469195302,0.35538452438605517,0.0,0.0,0.0,0.0,0.0,1.1646643247970256,1.5005013757107906,1.7665757826416946,1.2600430280083414,1.802782077873878,1.2103632680244236,0.7893984668056575,0.9627403275964478,1.2714258805936753,0.987782557795423
0.2829840334282774,0.11456684459318704,0.19802969947979324,0.09628358683970015,0.08685328261470418,0.0,0.0,0.0,0.0,0.0,1.15900629213856,1.4424659023185153,1.5593167930983716,1.3690593864346554,1.5648642114272873,1.2530883370345136,1.1027455285770578,0.8160067986253593,1.292606809359642,1.0492670316581578
0.1127424263026032,0.05666604662443273,0.06446950160669393,0.1369471320044666,0.027973524106411053,0.0,0.0,0.0,0.0,0.0,1.2389782690303572,1.6342438930091499,1.827250029104299,0.8073276856182979,1.7442682565049195,1.3961104233270198,0.8824768479628752,0.9145659782162437,1.1792302657447387,0.9413180862410275
3.130821280069823,0.4007964480904332,1.0188687120420394,1.5964284231684973,1.7800165531729797,0.0,0.0,0.0,0.0,0.0,1.4073593380668858,2.030187418374144,1.090795651298893,1.4743052063625524,1.4633457334625353,1.3061488414006215,1.0353648395568493,0.4095607390251589,1.0580445581898692,1.2687249888109613
0.2491278861201069,0.21611833205118378,0.1687611500757424,0.09402961777243603,0.0361955472785605,0.0,0.0,0.0,0.0,0.0,1.2527689861825706,1.4037704444139107,1.0617413707918737,1.0705023953691803,1.2416567951994708,0.7601187028783891,1.0035442789861448,0.7991101850896768,1.2183320789649434,1.323705406007069
0.9600513273287137,0.6660706429036385,0.7193414293618677,0.35524944499576183,0.03299437821859671,0.0,0.0,0.0,0.0,0.0,1.5295110271291164,1.039432453380215,1.0386562824342536,1.8127995994878843,1.9473367638323644,0.9329276731058069,1.261022464925584,1.6154801577256268,0.9361089076341707,1.0518218247042
0.4283560633953186,0.3730988656713411,0.1609819122112038,0.13034576418807411,0.242574100430836,0.0,0.0,0.0,0.0,0.0,1.7621272417178653,1.3647278211262623,1.4314681655118833,1.4557887137278356,1.149710007123744,1.164268787080257,1.508400023984235,1.1394925179817186,1.2274861792620773,1.3039894423961242
0.15790644710693008,0.09608091379723037,0.10579216078082924,0.21016124500838407,0.0339670326098256,0.0,0.0,0.0,0.0,0.0,1.623920156508907,1.916546914249561,1.492439165921809,0.7066854988264871,1.406651726302246,0.9260968932639909,1.0514097763459882,1.0998633279910182,1.385090654182632,0.6445794677744545
1.1314356703424777,0.762779168126783,0.8102690257843695,0.5921460948378559,0.41337776235359736,0.0,0.0,0.0,0.0,0.0,1.2844612716793145,1.843407614435884,1.0947285218555904,1.5172330903679863,0.1884822654526563,0.7260939204617237,0.9561146390461747,0.9807681651857069,1.305762245649207,5.70357973604934
0.09651703292579591,0.2049000007031168,0.24036414274401188,0.05857182878093512,0.09033249511878091,0.0,0.0,0.0,0.0,0.0,1.283339325571967,0.6920119641156258,0.9229769265023581,0.9761896496982712,1.7732581608429392,1.6167403670123168,1.9874919656011947,1.5036714777176676,1.588244855487943,1.0356741413906287
0.6068071346912978,0.4326295589137582,0.3703769705260681,0.3915268730824397,0.3629358492369791,0.0,0.0,0.0,0.0,0.0,0.46550706432809885,0.533913313657131,0.932969252432852,1.0735601524347476,1.3474415420206263,2.760739549525752,1.8842512453949083,1.467069073914328,1.0817890447953744,0.703910022760406
4.756151499533563,1.8431760658345695,2.0016250878301927,1.4036132923877092,0.868593664225793,0.0,0.0,0.0,0.0,0.0,1.2936630613844067,1.6203062784511768,1.287201262627739,1.499018655906282,1.9411081693416108,0.46650380763625665,0.9167578773778783,1.2811445792469587,1.3788218975506836,1.0565117971653373
0.9695598103955474,0.6607875003284217,1.2263561898112676,0.6289832920164612,0.011916077043714496,0.0,0.0,0.0,0.0,0.0,1.288698661748074,0.9615884552928933,0.16640310759394958,0.3304177907857229,1.2052035563180137,0.5579075898321212,1.6942502303566058,9.143455218080526,5.376859843758279,1.5384310906483496
0.016960974881310778,0.01615544296159978,0.035925827577923994,0.020304297722791343,0.016280252042529017,0.0,0.0,0.0,0.0,0.0,1.7108784325175417,1.1144714156052349,1.6213547586994468,1.6461718686010984,1.62788923026194,1.1501920941264714,0.7644585707777329,1.252400707476741,1.1699671364950366,1.009456108260504
0.761854450501553,0.5166747120312187,1.1893387167611913,0.3984455464238132,0.17812361338616384,0.0,0.0,0.0,0.0,0.0,1.637534852086014,1.5021042686424244,0.9200519010301147,1.2882225919943662,1.1667561343311847,1.1708644174129437,1.2976242847570392,1.6323397389187626,1.2040578327226383,1.5501015109734548
0.5678096491334458,0.5039863142041158,0.22999349414889964,0.14357369021328742,0.21214012837624102,0.0,0.0,0.0,0.0,0.0,1.2813031809943678,0.8058451261352471,0.8973800412374277,1.5057470611826633,1.701876372318847,1.3306120318029853,0.17742660095901464,1.44999478530629,1.2035318612391421,1.1361322309553377
0.02371235906776565,0.04637767910995322,0.017237104154339017,0.07885580652682142,0.06135605798762585,0.0,0.0,0.0,0.0,0.0,2.048980207390705,1.2120153874893531,1.4244039699444588,1.5124063124751128,1.4907967193165956,0.9822251876339397,1.645218225509484,0.9893779874397172,1.2549588350747143,1.1101377977753717
3.0048784403721807,1.3998772677251303,1.508734311816594,0.5919890732250007,0.12111857520028853,0.0,0.0,0.0,0.0,0.0,1.6931845099640521,1.7377658337403434,1.863912414892342,1.562654642585421,1.7024207445895803,0.9368029257303194,0.8557201815094216,0.9627006847226457,1.3116386720784565,0.8347026112575097
2.266093593135512,1.591758689608197,0.9946683316547646,0.31462978972301564,0.32891110384811995,0.0,0.0,0.0,0.0,0.0,1.6771107872535749,1.791388062761824,1.8059121720232707,1.959060649111555,0.8851733159376468,0.8578820022049275,0.9127490176407501,0.9302589246101639,0.9350257686110603,2.3172832094995717
0.05467883788460921,0.045149243635974105,0.016963558601678492,0.012298144791839218,0.0425901876678857,0.0,0.0,0.0,0.0,0.0,2.026079211231464,1.8618705286254833,1.832930277972567,1.2832050196173326,1.7126931989969083,0.9947882646176827,1.0237740749941804,1.015755997031583,0.2718907873985558,1.2038057010180296
0.6980379517677502,0.4421313144962065,0.33475210724676757,0.3658240723165506,0.07881971706743102,0.0,0.0,0.0,0.0,0.0,1.9102196936089035,1.5772033603463682,1.3205291352242876,1.1903913487032494,1.719816285785618,1.0111563899148968,0.8431736970915291,0.9260479959328579,1.7142287064805817,1.0507446534258562
4.77518448456978,2.5643685104574256,4.559792584631073,3.4813228235132625,0.8452120944717347,0.0,0.0,0.0,0.0,0.0,1.7009878317694727,1.7332135657203225,1.162065393464406,1.2718020913581398,0.9081492104130838,1.0461643315298121,0.9274767098195509,0.4940619829176246,0.3876278158265756,1.9929416066359296
2.3685588416091505,1.2276411800718394,1.7121990067743478,1.7563381137978744,1.3245924287248285,0.0,0.0,0.0,0.0,0.0,1.7798487437546522,0.9867975682193835,1.1857599515641644,1.8868904430732574,2.027387851207876,1.179640673026203,1.8876367634493618,1.6275356051970358,1.0933358668499236,0.965690259646271
1.1408038110081782,0.5756210988249191,0.784401026623411,0.8319156215753475,1.3183338261150284,0.0,0.0,0.0,0.0,0.0,2.0711106218608784,1.2613600713142978,1.6197249833835723,2.070815715060578,1.876036091096787,1.0041176882983371,1.4994145622533142,1.1515224976226384,0.9722979783487042,0.9623207232632617
2.073610401360677,0.5379034753337754,1.2723830660468836,2.245074080211959,1.0614431486826457,0.0,0.0,0.0,0.0,0.0,1.8069082365023907,1.0554339825750474,1.69985962957903,2.08371956151636,1.875943951465539,1.1090283834888115,1.8691791203089598,1.189086724757446,0.9748100574045819,1.094947424248729
1.612846645400672,0.8155103855591911,1.833507061492417,1.7816516182126598,0.4449020954754572,0.0,0.0,0.0,0.0,0.0,1.9376034115889933,0.8066833604425125,1.3057871143926953,1.9573296036485492,1.9935770106686381,1.0703867301275611,2.5862403257670574,1.4716158025532395,1.005366547431098,1.0335292036785253
0.4694194251831309,0.511255968439246,0.42396074753995394,0.38712172504004844,0.4030468058922045,0.0,0.0,0.0,0.0,0.0,0.900052658007758,0.8607591010624281,1.0523926985202487,1.220325577497736,1.157781316309449,1.1424654979963098,1.3149803258792618,1.086497708972693,0.9183607823972714,0.8234064399407041
1.397974242934598,0.8745933185598682,1.1156020928290888,2.1795908863255997,2.3315463979718225,0.0,0.0,0.0,0.0,0.0,1.4971700805698918,0.8240684167979127,1.1258441857153614,1.3635251478537054,1.311740900685529,1.3958198249480327,2.25413987040781,1.3781459362450412,1.1727563659207498,1.1154814972150864
1.1672004763364012,1.1000371849049277,1.3892848497255756,0.8636412257548809,0.6361347489918978,0.0,0.0,0.0,0.0,0.0,1.1879909219093896,0.7170900734395785,0.6987941790748149,1.1335458289425278,1.564495906192415,1.7664552789277816,2.406429517636069,2.2041227454705576,1.3772605303031058,0.836122743341749
2.0748271987821703,1.3382278480915675,0.8455878341209484,1.0325154432716954,1.0714804535200015,0.0,0.0,0.0,0.0,0.0,1.2819111902684723,1.2398639807584246,1.4312104714138836,1.7034387421433477,1.7504865831643552,0.877816100429712,0.871634674349985,1.1300821295224628,1.1862923336485953,1.1885480622593618
1.7619099145941874,1.1871566129318645,1.659051909347184,1.6738091738947865,1.0216823175789005,0.0,0.0,0.0,0.0,0.0,1.3845577270726426,1.3144483685100026,1.1381463974064154,1.1921248307925743,1.3776154870731503,0.4999004197942798,0.8857222871922361,1.5437333906132138,1.508891918979846,1.354721722765596
1.8118591350303017,1.2071626290420072,1.1065627668332532,1.203989872579384,1.334208579933701,0.0,0.0,0.0,0.0,0.0,1.6051242061469815,0.9087094060531664,0.5693770516245062,1.6047851194979517,2.0032845138773676,1.1959646074309311,1.8115455281435011,3.561987885862765,1.1817003337148602,0.9682069799759087
1.5209494275317124,1.4382414546997841,1.4403204777122962,1.219947864751454,0.8630810793236044,0.0,0.0,0.0,0.0,0.0,1.378259504869414,0.6498505865977193,0.9395996260026241,1.736478025302523,1.672912669228596,1.2972300169050694,2.173527299073285,1.8073467067188802,1.0589391053273345,1.1199643933037062
0.9205081416428644,0.6020859911668286,0.36912699028511053,0.13057388030815417,0.37711835501869895,0.0,0.0,0.0,0.0,0.0,1.829600802051822,2.0194049171006077,1.6190878753436913,1.618520669515121,1.4246203485063684,1.0307611555755078,0.9841621746638682,1.1643772408825424,1.0178726231144177,0.9367142852374296
2.4716594486044876,0.5374838156514551,1.5310145767754504,2.378631576963348,1.4403477407803666,0.0,0.0,0.0,0.0,0.0,2.031765632964725,1.5638671996824045,1.6699441124681682,2.089548308135624,1.9643041968613786,1.0353391450589637,1.289891531036393,1.177180896490872,0.9794983340513292,1.0339095591887504
7.2364188328316486,4.151813241536559,7.016324985952681,7.557077491004565,4.009855121079513,0.0,0.0,0.0,0.0,0.0,1.4595325370781078,0.691588055577524,0.8888596831474017,1.5189540621622926,2.057541323439285,1.0932600246141917,1.0451438320545816,2.1585138468415765,1.2254455717547852,0.9709752724410813
1.4956220310003805,0.19599467404604753,0.3063235777390604,1.2605234262071066,1.2648617085073224,0.0,0.0,0.0,0.0,0.0,1.7490167578500129,2.0208221447564676,1.7464398091508448,1.851003163967152,1.763086994666899,1.1831602773940557,1.0398623668120226,1.1255115019598003,1.1102082193468248,1.1307176249241977
1.5104893785673172,0.7025513819880974,0.4079064776812963,0.30743213160698024,0.4781876912984126,0.0,0.0,0.0,0.0,0.0,1.1619061864646614,1.303873953233554,1.1689562735847456,1.2011092107681403,1.6916690090025437,1.3760547448019365,1.3893826410483496,1.5206406521065092,0.7394347493893881,0.9883805111613228
0.40114134827970654,0.2875939997406254,0.37192959579314305,0.14980182600977704,0.09647075549370754,0.0,0.0,0.0,0.0,0.0,2.063944234663674,1.7723586977671875,1.6970784130447345,1.6337767888496542,1.4847600644613221,0.9388192474991123,0.9736788853335937,0.9654159516558866,0.9781623765713556,0.6956619502645379
1.2464375284048197,0.6521287249305366,0.6538614811841466,0.6415104533152877,0.4890319054053217,0.0,0.0,0.0,0.0,0.0,1.8069492086933105,1.5359317894683426,0.7649218604434223,1.3216227896258548,1.8779330342316312,1.0549414057216122,1.2303054966469207,0.5143572688500032,1.1839160449293167,1.078799566219535
5.456349390416182,7.356376998047215,9.364928724389454,7.743515377968032,3.8603298643416375,0.0,0.0,0.0,0.0,0.0,1.2492252938250656,0.928963406549879,0.7986653310025384,1.2230885011184254,1.4675197933988837,0.43254030017266354,1.265758792191625,2.275604707019114,1.3699685983328305,1.035205923292206
0.886519364979925,0.48165015630017427,0.1685809652134417,0.3532446355574758,0.4773869197954637,0.0,0.0,0.0,0.0,0.0,1.9822302497728315,1.8066735607256426,1.3781917408778355,1.5868266601767036,1.7976196268852336,0.9520572763572832,0.9996016045137126,0.9043489312874651,1.1228555590465576,1.1355131576756128
0.3529752130089743,0.277544726381447,0.2388414442014098,0.30703466290510684,0.2998934808917467,0.0,0.0,0.0,0.0,0.0,1.36159535957364,1.590303280710838,1.2826664045485177,0.868927456939568,1.110917297185256,1.101211645212369,0.8506866793379421,1.1812324668207672,1.6753014885367796,0.6241647956882141
5.0966384528457676,7.016848092559267,7.507556062377807,4.257904689554842,2.1429775760339096,0.0,0.0,0.0,0.0,0.0,1.1183923179829272,0.5840390085029318,0.41088711925835203,1.1063126830688037,1.7013541159696295,1.2407829087529372,1.407485982049212,4.6562251562455375,1.5407569092375717,0.8972505719198162
2.226706499159305,1.259480048426316,1.5409851752313888,1.5636417353008185,1.6437547866917348,0.0,0.0,0.0,0.0,0.0,1.5875974090262084,0.9515123798708822,0.7440642253450356,1.5113742243209551,2.033955274836397,1.1366378969895865,1.9864265596753719,1.6623350060354416,1.297516259670959,0.9353907091528161
0.051561927022518626,0.021299457444498585,0.03221878487976288,0.036317387492682374,0.018791602889527824,0.0,0.0,0.0,0.0,0.0,1.7030638921178045,1.802769316504369,1.529959876445677,1.6437630323232424,1.6640169025423666,1.1041636089262796,0.9375352763148689,1.1429951757936068,1.1883648634040396,1.1561690827424294
6.403578561129715,3.8347007163598947,3.365367743495902,1.2742961298738211,2.036453061989776,0.0,0.0,0.0,0.0,0.0,1.8351505350504653,1.7753318678681267,1.2904564485575214,1.2969199383484198,1.0940660935382043,0.9458697526444148,0.910931894180665,0.6414023611208433,0.7982406556131609,1.6715605581678463
0.40740196667304646,0.21667792882187303,0.18912760057471284,0.3174167376652467,0.3083828477289291,0.0,0.0,0.0,0.0,0.0,1.4640725408689874,1.6893468057919012,1.4972837335579539,0.8854132893500888,1.2586604262752652,1.3181660233191375,0.823040108542524,0.9937233753382204,1.8534548576594356,0.6380083971737702
0.28803506770494114,0.36531852030956197,0.22877671265265756,0.19298789027031485,0.29245903367699866,0.0,0.0,0.0,0.0,0.0,1.2893097311230208,1.0044212677020705,1.275633939266923,1.1238628921372789,0.8996675062803865,0.9130713783562199,1.6239793051348714,1.077501185055158,0.5171292301294431,2.312834079760057
2.539833841455205,3.0920890365998055,4.999331308730606,3.417664595922671,0.8560131915318717,0.0,0.0,0.0,0.0,0.0,1.8768934852568622,0.5087561866386169,1.1830250448971567,1.8012517253898965,1.758913077329616,1.1134331606422794,4.003299615865341,1.509015494625117,0.979093078335185,0.966162390942552
3.7677105229609915,1.9562552020889559,2.2504621563913645,1.4184359998440592,0.7377869096147301,0.0,0.0,0.0,0.0,0.0,0.5580584516651774,0.963927182008247,1.404944415311565,1.0543309511916974,1.6838809902446223,2.6031612451051975,1.7278555291057631,1.4692475894330317,1.932636285282198,0.9152430598213886
0.3414801357341821,0.3479169918344362,0.21030916679885503,0.26358304283120504,0.16805424270263727,0.0,0.0,0.0,0.0,0.0,1.420072146186008,1.185187710863141,1.573076858893518,1.9275935704477456,1.5219496075635048,0.6512864828018308,1.3523838487992366,1.1383395560362144,0.9097996866513883,1.3084165522279292
2.197244210916543,1.997136435919458,0.7664288877997135,0.2540496518747069,1.159842696866066,0.0,0.0,0.0,0.0,0.0,1.9939590471062643,1.422607655430858,1.4136875549390477,1.47236647534655,1.7484337181517282,1.021909293235303,1.2542042291601132,1.1578819334868127,1.1715180618782621,1.067991886369366
7.946312317124859,4.475424287147591,1.9651302098338153,3.0526226125742206,4.489453068597378,0.0,0.0,0.0,0.0,0.0,1.2662560728239687,1.3968576510389288,1.6132224977957217,1.1825966087001514,1.3853656317044956,0.736821033165011,0.8014927556587135,0.8919855316749167,1.380316070370463,1.129660660835473
8.993774170386597,5.696826584015249,3.9219363612159794,4.158695663602876,3.8320378792579177,0.0,0.0,0.0,0.0,0.0,1.8409946837880116,1.7996920061970982,1.5548111432819176,0.8272391926293955,0.9249958716064612,0.9181100251375328,0.9004413228342819,1.0092851630045885,1.8535945831041625,2.1787435259062717
10.624036118977482,4.983133324918118,3.0393942141279604,5.301195799675823,6.10162117622693,0.0,0.0,0.0,0.0,0.0,2.0304536787910714,1.9415127047053213,1.5032614481602382,1.5434783199327633,1.5604917679004688,0.9893325172203487,0.9489234076842844,0.8294300073245846,1.1992051939035941,1.2751476455171131
6.305407631879156,2.054489905113231,0.8272077192732936,3.2822207703272084,3.3215609492119413,0.0,0.0,0.0,0.0,0.0,1.813067783330382,1.707987306516509,1.3203682811107553,1.8736790456730332,1.832418185448743,1.117636358873778,1.2182846351751624,1.2748957917090662,1.097913970633941,1.1310326047132493
3.413092552354852,1.2628903584116837,0.17323655223517545,1.6151879976037073,2.882879233208027,0.0,0.0,0.0,0.0,0.0,1.8737240038432832,1.4363503237579993,1.880243159721543,1.6926068127930238,1.7625687453206476,1.1165025935183632,1.1564071389181734,1.0705325945129616,1.1363991725104068,1.1700657589397292
0.8181082907781786,0.7554768354639749,0.9515712569944818,0.8510528225784053,0.5309511411826465,0.0,0.0,0.0,0.0,0.0,1.0201254917573905,1.1308922252167009,0.8022552870321603,0.8076353714961226,1.0752428965945644,1.1793275880939103,0.6070858474835652,0.949540977588969,0.7774202473936676,0.9414660561485712
1.3726596266940205,0.2127738729483945,0.27632798890278903,0.3357089300198239,0.22479894610554124,0.0,0.0,0.0,0.0,0.0,0.9552189092799687,1.551550579510862,0.9324381743008193,1.2612425649491616,1.8646928398152476,1.30154279631713,1.0910287730556039,1.5166741238475572,0.7732487341703812,0.9054116001843816
1.2412645926219699,0.8999403329859857,0.4831376254418771,0.3911808896856315,0.42140049061532353,0.0,0.0,0.0,0.0,0.0,1.8124870590392002,1.6930045748920597,1.6589244477761929,1.0253551771089953,1.2618190210692959,0.9568427289253749,0.9377173468220065,0.8873837103038952,1.231340802879991,1.5849006111673776
3.5313375445832995,3.153261771711596,3.01362061577201,2.9338380845324794,2.3896704838653493,0.0,0.0,0.0,0.0,0.0,1.608224979796373,1.554126041105097,1.3670811901205469,1.1561734969384942,1.0142701468997362,1.0108515808736764,0.9122725028591882,0.8312800903350036,0.8542503823609646,0.8764265335555649
4.450075159644198,2.6017914825857362,1.2312905149732898,1.2733615200730937,1.7896553746821446,0.0,0.0,0.0,0.0,0.0,1.8291304410656715,1.8582918204927632,1.645401252429938,0.8060199614026969,1.0690252425621618,0.9434763376646007,0.9195426783819821,1.0129908020200742,2.1159442744474473,1.8571951001504312
4.90512793635488,3.756458895277541,2.852119182376188,2.928183309825663,3.0225672368083094,0.0,0.0,0.0,0.0,0.0,1.8419014000371419,1.807208150456089,1.5354981436201178,1.002693769296746,1.0379290359016204,0.9521610033306727,0.9014577811221263,0.9009765423393306,0.793470811032208,0.5160718689526197
2.6565992915974634,1.5366360045077456,0.7207881081381633,0.5769240310770213,0.7577823851447543,0.0,0.0,0.0,0.0,0.0,1.7985719804400477,1.8575790427040717,1.7954717088896996,1.1911309213320977,1.265004111020203,0.9910338221489287,0.9602266164504171,0.8688734728220505,0.45343584903203726,1.3211776495256238
6.088421191144947,3.518864720487528,2.5293784838639453,3.129331271340363,2.6258888389482173,0.0,0.0,0.0,0.0,0.0,1.9970667031597895,1.8483174346296896,1.4213946214357267,1.3345778159300061,1.3883743383059317,0.9685110246869213,0.9251130828140568,0.7758939159675041,1.16801363311156,1.4029468595364147
8.545221258618124,3.91482820645833,2.081618796329564,3.723377500744166,3.86670400853316,0.0,0.0,0.0,0.0,0.0,2.022868825478899,1.9123420815317136,1.485809222873662,1.5039473079787296,1.7607532646621358,0.9994845691608546,0.9668154632524064,0.8173242241587779,1.1140716428965611,1.1529572642083235
46.8213881754164,28.997560651927962,17.26006813518778,19.2090111137926,23.193818623191145,0.0,0.0,0.0,0.0,0.0,1.934211507226325,1.86417975877563,1.542156611598757,0.7581689932962759,1.1853123219038015,0.9398310096977626,0.921556946665627,1.0145677166844327,1.9200354689637475,1.7468064958153535
5.058746715274529,3.604910856501939,2.1292238605747764,1.5825430652466121,1.8374037728769355,0.0,0.0,0.0,0.0,0.0,1.9122627827056695,1.8245569632997178,1.5628273906750927,1.208097918775654,1.0736071065164337,0.9321317006885557,0.9248771851100275,0.8470109127764226,0.7403600664797756,1.745102475946529
0.15565273639466906,0.06650323231351332,0.01547744261130585,0.06796011017369508,0.14936513102841847,0.0,0.0,0.0,0.0,0.0,1.9150450596923112,1.7572546717366484,1.5198763340251504,1.7366240466250351,1.7496020605098188,0.9327439722931593,0.8921805385767538,1.2001367561660445,1.0576162311508626,0.9367556653603941
0.5192107148951813,0.4766619772638146,0.36095826644854195,0.3654286081912467,0.4439896796377435,0.0,0.0,0.0,0.0,0.0,0.8109597060895782,0.6641225352862352,0.845754792909874,1.0190343637905903,1.0983836376885965,1.420127580811062,1.415940281208612,0.7861607787420246,1.2524767917662252,1.3746487123753441
2.922598865917114,1.8813613789253663,0.7840322803342776,1.1756755596039414,2.278828952333746,0.0,0.0,0.0,0.0,0.0,1.3547268847493712,1.0767398853609205,0.5654358757733668,1.6079480632008132,1.624918713153331,1.2323187970777172,1.713192130467978,1.9951631932259783,1.2953260010608563,1.2962907212706885
19.644576252562032,9.513255124793462,5.468259478615184,8.706406710880305,11.187002514253853,0.0,0.0,0.0,0.0,0.0,1.8839629056231033,1.838861906092161,1.5932013048957179,0.7564553578613024,1.2063649172924953,0.9968057937784449,0.9693548489871106,1.023838211601145,2.4404710579439906,1.7397629605659146
1.2276915887952273,0.6928027723385561,0.8050450115914536,1.5650423739945771,1.914464619158909,0.0,0.0,0.0,0.0,0.0,1.936454916566835,1.8833811934034959,1.2117518526687714,1.3158347389070353,1.4707757735370022,1.023950298551391,0.9774039959406368,0.5832288139827653,1.1417511411389543,1.1947178345160294
0.5382141942140595,0.23649607816346446,0.0825360115707863,0.06897917177628429,0.29599825566065546,0.0,0.0,0.0,0.0,0.0,1.4720434573767442,1.657180088420429,1.785153232077055,1.8566893162971565,1.57229191831202,0.8189814517029458,0.8744172921126782,1.0050490912476897,1.1184341607674602,1.0441612342847415
8.029556790438184,3.4268614445908385,0.7461872151276466,1.7555928205192273,3.6573617101275033,0.0,0.0,0.0,0.0,0.0,1.721592058886259,1.752624553684733,1.7482435393845395,1.8023060586101172,1.8008335509237279,1.203103118070236,1.159990021431884,0.9303324770342463,1.1377135730532717,1.1672414136192488
21.00695880314581,13.112507948016647,9.842946936035641,12.932565013927084,13.043599366690808,0.0,0.0,0.0,0.0,0.0,1.9617988716549817,1.8732748531554382,1.4242051143400336,1.2355602643938477,1.3158353987470468,0.9735980305382704,0.9191744394831549,0.7147359920440735,1.1957519451149163,1.4156710748195267
1.4445228427106578,1.17796557486165,1.1079089742657904,1.0943625418674583,1.2116426901025883,0.0,0.0,0.0,0.0,0.0,1.7311088586763186,1.6568871166639734,1.5863628247208579,1.276255132518479,1.0728734385463987,1.0124446669929237,0.9603367600397229,0.8984531454358227,0.8536513759837844,0.6096900611346252
22.371586172847433,15.438287103551724,12.648382183896947,13.875377373712814,12.28594723314676,0.0,0.0,0.0,0.0,0.0,1.7414788884499504,1.728808838649755,1.5008181068157005,0.9528418560979477,0.594706128625187,0.8712122886952575,0.8662269678435166,1.015203270043004,1.6077792530421378,2.6415929037463393
0.15401639637331618,0.05532711194670349,0.11443038661493492,0.30551762552919387,0.4953150054917191,0.0,0.0,0.0,0.0,0.0,0.7893478059904658,1.1433878117657519,1.2007308341782112,1.2857100082723225,1.4393698307548146,2.5005947670635558,1.4307338549262247,0.7728288797007112,1.003034500292366,0.7554006817420484
0.6083675174237066,0.3204681665052682,0.15845527240486937,0.26301005386137805,0.5855161786407681,0.0,0.0,0.0,0.0,0.0,1.1863660469804094,1.1234194277441514,1.377751102260459,1.5222860907857856,1.5439279235680374,1.3347302414559479,1.8516848656803877,1.320290594222276,0.921413657499487,1.0942655143152646
13.082828697669404,8.059219974383627,3.3533051675047085,2.757872274376036,5.202770369911787,0.0,0.0,0.0,0.0,0.0,1.3014333507305704,1.082272777277254,0.5525407551416447,1.4903833411483638,1.8494656119834845,1.3827400795762563,1.6486578847669742,1.625299503002555,1.3035773206159311,1.0722040455225752
3.5467105745960055,2.7908999241890866,2.298133389647052,1.4578093344072611,0.7242694529865323,0.0,0.0,0.0,0.0,0.0,1.500320348344915,1.3934490158063675,0.9823217811747833,0.7324016607344915,0.6754727005649063,0.9199024522177988,0.7399894045737647,0.942844716547954,1.3970824504193793,2.5765893550173935
0.26901321523483457,0.12588323347417546,0.06441796384456626,0.1773249300606657,0.24520919934360697,0.0,0.0,0.0,0.0,0.0,1.907812043649789,2.0560614614205197,1.4156079992318091,1.678538094934145,1.8189731333025467,1.0360392262315639,0.9522111905216855,0.5617583556118697,1.1319992395810836,1.1105587091571105
1.6239406736925872,1.4019223927828923,0.6828672893435239,0.4905013716303994,1.3535423803418238,0.0,0.0,0.0,0.0,0.0,1.377470614480201,0.9199373638092153,0.3802035803814651,1.7728154331548664,1.620921813594857,1.2794464585030119,2.181366190883793,2.4084175435348274,1.077852083941193,1.2748163571248672
2.6430861850998517,1.884984868861047,3.766097367173322,5.542523609630139,3.9823260652209465,0.0,0.0,0.0,0.0,0.0,1.6608771680947447,0.14295947978316914,1.3912894915322285,1.632087468204208,1.6015444539377865,1.2447989941483177,3.65876448010254,1.5066713725048895,1.1841167811903535,1.0967599309075817
2.4969159016231464,1.3138282763070996,2.415770095556483,3.262767063493,2.0276085333375757,0.0,0.0,0.0,0.0,0.0,1.6662818928556598,0.735706245280531,1.2351160171570128,1.5419545259354475,1.646815102987308,1.2272564020040453,2.1655123259967834,1.6115887877947412,1.2171140817542563,1.1290802876705435
0.6448244012978168,0.3611554128278856,0.2305337944856595,0.6695050810987463,1.3142588604672851,0.0,0.0,0.0,0.0,0.0,1.9419602671947682,1.563180595277096,1.0895905183224806,2.0275038796806775,2.054321733618263,0.9556545908878323,1.206822501761886,1.2527277098155147,1.0237627887870024,0.9556784801333615
3.8678464803989088,3.353808808787573,3.333975399406235,2.9273322987137362,3.461892878322036,0.0,0.0,0.0,0.0,0.0,1.5552806667085897,1.6981806491196716,1.8006637371841059,1.9521702855777434,1.5981511739024852,0.7185687137329815,0.9285927474518367,0.9535455091879069,0.9644008614258904,1.1276266632266354
2.0016472496839612,1.0102746587374647,1.5833691782600194,2.307475121853643,2.2804916258910013,0.0,0.0,0.0,0.0,0.0,1.6774814328795835,1.5896957242213288,1.9100712041269394,1.9116604977370284,1.475537692040549,1.0200045513089768,0.7971333604280161,1.0438411987086558,1.061260303583875,1.3942385241037236
0.9868747617147344,0.8231056620613527,0.5897645587137773,0.3475575485732402,0.21413831953225287,0.0,0.0,0.0,0.0,0.0,1.8761611554745687,1.8934453467220655,1.8682955408791206,1.6836278729880647,1.321555239080062,0.9284248901448294,0.9274407050050384,0.9274447186481103,0.9235887064505701,0.8142384305454191
1.583434275108477,0.7262576222378943,0.6758777028670918,0.8097371016077345,0.7173783794587074,0.0,0.0,0.0,0.0,0.0,0.9934508764565195,1.2274221142244546,1.1793768801561209,0.5163247364749933,1.1682391933368235,1.888753059672118,1.4486976923010946,1.0744011592061786,0.7437187859091404,1.143486492700886
2.868462816924309,2.231648787417087,1.671231615432141,1.5085603456135086,1.0175097022381863,0.0,0.0,0.0,0.0,0.0,1.8774500420182918,1.8948036658367646,1.8111985614943003,1.5655932091282838,1.3578209275257032,0.9939749520784049,0.9458149687282116,0.8996722154068784,0.7557193335287093,0.5563295879569914
0.29165311871403243,0.33988090602507487,0.4396450829633386,0.2900992557409574,0.21785703892902014,0.0,0.0,0.0,0.0,0.0,0.6886430583505514,0.6055267222068071,0.6134837468411012,0.9938443670573825,1.245092874709597,0.8230807761684089,2.2981023227620567,1.1134964303947408,0.9640039537001607,0.8521444317059906
3.6058990069952386,2.6087436368791903,2.238256746803469,2.8277282362987086,3.0477928905143568,0.0,0.0,0.0,0.0,0.0,1.407827645358782,1.3684911767477208,1.7177934393524568,1.673627184375069,1.36468737176509,0.9622733012279334,0.7602752381141108,1.014837367294937,1.1448282609461566,1.4044938242003977
2.5067977227790808,1.829240347023322,1.5166077452377906,1.2179665998227882,0.44640363527934135,0.0,0.0,0.0,0.0,0.0,1.7436499193821284,1.783569857146944,1.7247479979415532,1.4762378383687809,1.464581228626556,0.9169553582812916,0.9102517529722041,0.9129862201650608,0.962806072344242,0.964364242912008
0.49791088594510724,0.28857688371968176,0.3084074453309643,0.47956949451385034,0.7290289495643105,0.0,0.0,0.0,0.0,0.0,1.2868838060039636,1.6628514040987872,1.8052362300699683,2.098404482674144,1.6072203741044715,0.33101523714147113,0.9952912898164379,0.9785675119477257,0.9782041990697053,1.303338199132824
0.7587288863302966,0.4880253054622507,0.6750640439717042,0.7383607786238755,0.4959218149012252,0.0,0.0,0.0,0.0,0.0,1.6016768628581117,1.6618057228859588,2.043960910266542,1.989430119179269,1.5870076419420844,0.9319847021985308,0.8609068000961122,0.9635728637827733,1.0230899198710615,1.1762617916223128
4.786560806236794,3.2525546454592082,2.407270652633426,2.2517625498305454,1.8044058072685623,0.0,0.0,0.0,0.0,0.0,1.8088628411212346,1.881219755668987,1.7184860608370247,1.397030773323548,1.3115788824657713,1.0045829670384,0.9513813273588386,0.8563019928846921,0.5078565559203826,0.3111442120824587
5.23899828625937,2.7967321207021634,6.379731661911089,8.556388505552611,6.046615703913981,0.0,0.0,0.0,0.0,0.0,1.8206567506522187,0.4913982243591846,1.4051023042934176,1.59495943293959,1.5814309245855813,1.1313197656708935,3.0886354353368772,1.4877818625968438,1.1804749969501893,1.1171832954923613
0.9696629399142249,0.8564210659251337,0.8990504728147176,0.7305681627529161,0.5261195472237222,0.0,0.0,0.0,0.0,0.0,1.5399824280231882,1.7035766370636674,1.9040797019435467,1.888334612683523,1.5328608356765347,0.9466150749694491,0.8997122064641501,0.9085996152136748,0.9303207537524952,1.0918345381423713
2.615271049906183,2.2136992747155744,1.736199130656828,1.4328158951346874,1.4960218721659504,0.0,0.0,0.0,0.0,0.0,1.2958851921810979,1.250766645953103,1.1354968001242889,0.9785842376261106,0.7393452668707421,0.8912719804028945,1.0602166347144693,1.1994385373114385,0.973485041198224,0.28675958842161714
0.7460700720710565,0.27832565209248505,0.4695382320731838,0.4637084680478164,0.36393063096016404,0.0,0.0,0.0,0.0,0.0,0.5430849071962709,1.1465513602742388,1.3280570826302123,1.092202431198869,1.3442751104470465,3.0104196413909534,1.3229582953797892,1.5254919483937286,1.6507820239308497,0.3574871935806849
0.5429363418911788,0.5471523513414682,0.953014108236955,0.6306243644113975,0.8492289012639377,0.0,0.0,0.0,0.0,0.0,1.502245296200343,1.6846153149081033,1.6851546583538246,2.0465328151980393,1.910894548606095,0.6870286627860607,0.9733447242153029,1.0043531246256538,1.008188945340415,1.020194318961506
4.954528824195923,3.400246748662653,4.685629823106742,6.236813043435386,4.961910331125404,0.0,0.0,0.0,0.0,0.0,1.6006642332155756,1.552985679034523,1.9947989827660424,1.9564549108146316,1.4314315280218435,0.9626116915341345,0.874893943460019,0.9935017641130333,1.0519153092489748,1.3593399081723634
0.3043323462989874,0.3285437968724,0.2699342411980706,0.16723794043723234,0.08114735821631748,0.0,0.0,0.0,0.0,0.0,1.7999398729779228,1.730607551761314,1.7829917196707823,1.8223705751532813,1.4237545308887998,0.8933395802969037,0.9566772186554926,1.0044093168795598,1.059813854700934,1.4450709029352757
1.330503668322852,1.1301895943048716,0.9306615009293688,0.7246339618808446,0.348987760125684,0.0,0.0,0.0,0.0,0.0,1.0429658896583296,1.1784441972668271,1.1405986743453882,1.1836932200511319,0.9429339959352522,1.8445613176592128,1.5110622241685132,1.7051079481209015,1.7546920720174366,1.948717265121995
2.5980450799051495,2.566237044360972,4.701187687912269,5.1646125813417365,4.152685184787766,0.0,0.0,0.0,0.0,0.0,1.6363616940334373,0.5808720142251963,1.353256659474883,1.6868902044997816,1.4063364165807857,1.1728674207588135,2.3968367523277734,1.5563149105924634,1.1727671474059402,1.1114830176384072
4.735690150579677,1.5554221196179048,2.731491819958403,5.058048103874492,4.231564966553263,0.0,0.0,0.0,0.0,0.0,1.8356453794127512,1.8343106784540084,1.2480768317606004,1.8249372001571436,2.0914753985530656,1.059419701416031,0.948673022929528,1.023433150937298,1.141130597164454,0.9966818709579661
0.1218256952686472,0.25445691143410915,0.1485724112084475,0.09133301144236054,0.1058096402388395,0.0,0.0,0.0,0.0,0.0,0.8836660535428829,0.45261961869595424,0.8618071825936268,1.4467324218652775,1.2342702459865578,0.655746858394583,1.1238475927758393,0.9468168109787076,0.6381365700493312,1.5076047555593977
13.58874391962176,12.447137985790182,11.390585162963554,8.933770811320656,5.907138496656583,0.0,0.0,0.0,0.0,0.0,1.3133895853960134,1.0497453170893851,0.866851996601972,1.0137267335442368,1.2367978491931855,1.1570400054631902,1.2874650842667843,1.3110419300030245,1.0806147084027384,1.0278270291479805
0.8270809200173861,0.6228687672156683,0.5994390234787939,0.5368919142248766,0.4398419454602003,0.0,0.0,0.0,0.0,0.0,1.6638548196591874,1.627698317459188,1.1504363375933888,1.081407096609087,1.812739140027431,1.0620130040130187,0.9653471839346061,0.7437363674762156,1.6685380951053863,1.1295742112157756
0.24455999271635606,0.13149524172849375,0.14319915320454293,0.26483482138893655,0.22206281808361647,0.0,0.0,0.0,0.0,0.0,1.3470303312066734,1.5720633829796036,1.8849719820309594,1.9997880128011722,1.7751415684215806,0.7461581885079821,0.9061504890935231,0.9926219054500404,1.0346680560589672,1.1502756845594233
1.2741791975274608,2.390000677254374,2.8550132961809256,2.3951668201058136,1.7007795563211527,0.0,0.0,0.0,0.0,0.0,1.107941370227482,0.26091125181985053,1.003360134475551,1.5799287024681976,1.6008982378623282,1.45430549339316,8.049457500882736,2.0990889574474005,1.1647433207235924,1.1007613756879746
2.5737498443415463,2.0350478042391806,1.900103060675724,1.3837422992316148,0.7673704174451699,0.0,0.0,0.0,0.0,0.0,1.6001529483688521,1.6571151232606058,1.5716270986725354,1.4647580869651677,1.256652238783877,1.0789867463545082,0.9774371568742038,0.723240192258146,0.729290477022298,1.124339642960424
0.33220435532016535,0.18468414359495677,0.4174262953743382,0.42028533878485197,0.18504432047191183,0.0,0.0,0.0,0.0,0.0,1.0796038708965234,1.4250059061831297,1.1147718002014997,1.4187060146764308,1.701520698926494,1.503508075989324,0.8430758385656646,1.0553828075817007,1.4234245924624984,1.130281065808176
0.6014196067763127,0.777980232016672,0.8148727309980288,1.4043486414466955,0.6572846921990352,0.0,0.0,0.0,0.0,0.0,1.385557953208494,0.9429233855578391,1.6390429861830138,1.8026381388096373,1.92584039623308,1.1822939181519891,1.508250090973621,1.239730629704916,1.1121486884911977,1.079220791878739
9.07751186107363,6.35997414758363,4.762687109563187,5.346964898683554,5.408610496805098,0.0,0.0,0.0,0.0,0.0,1.247702259973224,1.1398890143426372,1.0537907196389336,1.2439961613015271,1.4239826178456534,0.8794658853685698,0.8457080226542789,1.35658460045362,1.5639621624318714,1.4315687054701847
2.7966944220464907,1.9943716233808533,1.529665323977636,1.2405827703572017,0.7915727661969438,0.0,0.0,0.0,0.0,0.0,1.21283521774992,1.096875641682701,1.0534873327394334,1.324876769663869,1.5671025789459854,0.889166996156721,0.8152998075893514,1.4406222449295636,1.4828891277987328,1.2983253286529468
3.1188193129340696,3.104178419454775,2.854096077497685,2.5220882380933802,2.0592793893715795,0.0,0.0,0.0,0.0,0.0,1.2416854710185836,1.17799350084393,1.1403282919209143,1.1341869998109078,1.1236307945077733,1.1361679198866854,1.1073261061760407,0.9463147094441183,0.745782219186211,0.7476983847669731
2.3116998387362857,0.922676881984472,0.507692309600315,0.6096966915994033,0.5780577271477533,0.0,0.0,0.0,0.0,0.0,1.4721928600911631,1.672909604180152,2.017165123709254,1.608014197314554,1.415531233438133,0.9137005505980124,0.8492708532604426,0.995603013674253,1.1233998288863243,1.0623175590273712
0.6493882523391218,0.25696783569058557,0.25162048830275685,0.4194542905125,0.2985015153383743,0.0,0.0,0.0,0.0,0.0,1.4187964571178546,1.2237183524828517,1.4384324374827144,1.7973617173605825,1.9371193185417006,1.1158386748246136,1.0580052633893442,1.4036462861597432,1.1421478258737223,1.0565206682731032
4.578600007095259,3.229698096655729,1.7028165497143326,1.5227224810411517,1.5350729550107616,0.0,0.0,0.0,0.0,0.0,1.5005499085977092,1.5963081414593447,1.625252744340163,0.9711111091355776,1.0071575877109062,0.8013381379026959,0.8181153363894645,0.9883254462182589,1.9995126886612697,1.7483694101287282
2.7409287734126164,1.7217765676061194,1.0474566331251935,0.5062646349263766,0.43199770161644385,0.0,0.0,0.0,0.0,0.0,1.5472820241371532,1.5594963964102326,1.425085309292084,1.462043693566969,1.6098192968354923,0.7974505578167305,0.8503274846827801,1.125296814593461,1.1136307196207358,1.1708160091878055
9.01769266828919,7.537177933928352,6.1148424794865,5.268475922660145,3.7797974409289052,0.0,0.0,0.0,0.0,0.0,1.2830255364442347,1.2917870427099971,1.2035232944564729,1.0721644992026282,0.9526368876165826,0.7556018233862014,0.8914552009959812,1.110335635092183,1.4891889361725352,1.787238314609294
33.797537478430144,26.024901868021033,19.563064793865788,15.638097780992315,16.95582557342835,0.0,0.0,0.0,0.0,0.0,1.3005087756683322,1.4125651863278605,1.5747299624013893,1.6129408493669608,1.5486260158947542,0.5826550595755295,0.8000749061253843,0.9165333129125416,1.0399533154770635,1.2449969629238447
1.294054488882122,1.7520774342689478,1.9197411948178424,1.7677042996798717,1.3142949652028064,0.0,0.0,0.0,0.0,0.0,0.7573627461494665,0.6732103709782886,0.7428016833093212,0.8939869809839862,1.0909085300606436,1.587274519914326,1.8221970826985023,2.1722303450262577,1.6665941601346945,0.993071804384863
0.40282255905064324,0.2506854662922307,0.05172800319605327,0.37174510437503777,0.14732950234207826,0.0,0.0,0.0,0.0,0.0,0.8325927265292434,1.3267767086819253,1.815782558627966,0.8076793903856765,1.852218743319748,1.9998087648520304,1.1650369317908313,1.1400200059077306,0.6418466859279441,1.0381590765300752
0.5443190695858295,0.11978662885127737,0.18526124141887376,0.4878688214543006,0.5386167808916484,0.0,0.0,0.0,0.0,0.0,1.0814416885427316,0.8053014566683007,1.5389745095479666,1.4871664327795002,1.240486145533226,1.7421483808642586,2.0054369983078146,1.2765533090880883,1.2997632760415736,1.106050089822731
1.287205241071934,0.6678259406874497,0.7931074171394923,1.0928643258614221,0.970993296465149,0.0,0.0,0.0,0.0,0.0,0.3613408079442753,0.5847518351942319,1.167095823507233,1.1853738678733483,1.1548679837087252,5.67857722190537,0.6522105831334927,0.5800604677554201,0.6680796094383674,1.1504984472610091
0.16028028419845905,0.23702178396621956,0.35029804542683796,0.3813335114558184,0.49450550617475225,0.0,0.0,0.0,0.0,0.0,1.60372360958698,1.0592036747727538,1.012076141205485,1.7438451555233199,1.5315963659462353,1.010004758163671,1.4237748654047804,2.011998260678828,1.1776718073590489,1.1633567450783422
30.29946065703124,22.312999334422734,17.65348381361819,15.358072503315935,7.866467653764038,0.0,0.0,0.0,0.0,0.0,1.3404999500322938,1.3470763471502227,1.209497192786343,1.1628698351753146,1.3140975061099613,0.5853139050383214,0.8490248598266509,1.2608422751661368,1.6425712784318869,1.5514731669904764
4.134392769322034,3.6585621577697496,3.0818895882540533,3.0482693626674844,2.330586347301701,0.0,0.0,0.0,0.0,0.0,1.2599037973065665,1.357641509930681,1.342069674627718,1.1933696994659042,1.187135965306714,0.8786645753149593,0.7575513770411836,0.916838107511864,1.2498353133969238,1.216936462051354
9.02392942301498,7.74935011489828,6.73500440501522,6.188964823921813,4.0885248869642385,0.0,0.0,0.0,0.0,0.0,1.2396393571781856,1.3079893982484871,1.2333944276462494,1.008287636341296,1.0031062501037542,1.0160532329357617,0.8502284726838594,0.944720794207016,1.3442263044214073,1.2725631634864731
0.0687934565184158,0.25988791066058914,0.07882897570111626,0.19852149423311866,0.18465196935810696,0.0,0.0,0.0,0.0,0.0,2.090713212584402,0.8855151595042677,1.3045631211799147,1.2932123762492636,1.4063525947627293,0.9540663294779157,1.8799624713196266,0.435507545181528,0.43906983059047877,1.370422361561289
0.511357066272377,0.32067860428575995,0.2243147826723546,0.0662224878895505,0.04951297225568112,0.0,0.0,0.0,0.0,0.0,1.4961203311561773,1.6643972526538968,1.8513215146441127,1.9723477048057625,0.9091366931337128,1.0044207456710086,0.8830278131691823,0.8892269374958693,0.9589418226356778,1.8259296357847017
2.594554745735527,2.551566100699639,3.637497804694307,5.3998928126842,5.8428079492641665,0.0,0.0,0.0,0.0,0.0,1.5806237017801537,1.1447941188432678,0.9547161565738662,1.1451228173384536,1.2367975558664286,1.2331477510315398,1.4077864814222663,1.019142529595617,1.0881628530736414,1.027999713716113
0.4173347543403886,0.4235864224248898,0.3004442711543801,0.3094304229077801,0.16021806997003527,0.0,0.0,0.0,0.0,0.0,1.7400084853881517,1.7336917251956097,1.8495016264404798,1.4422871896172094,1.3251591502039854,0.9044596377529605,0.8745363616905037,0.9131890227079088,1.2530306770718946,0.9564542053012961
1.0246099556445443,1.0239346467831512,0.9633139312896422,0.8956631213961831,0.780870890275706,0.0,0.0,0.0,0.0,0.0,1.605891826497665,1.5564482390671484,1.4996104575495859,1.4336899699335164,1.3003319052762787,0.8910431859207181,0.8570591576986406,0.8559231566603179,0.955007631455322,1.0829379363627925
20.206404073584576,15.36967092899036,16.595295501990858,12.46659429527701,3.0963485160174655,0.0,0.0,0.0,0.0,0.0,1.4285330144432722,1.3270668087807056,0.958617531967456,0.837561975526395,0.9154886294051098,0.5737025664480454,0.8789548631867146,1.6006712562444925,2.0250552160900255,1.8860626114293533
1.822772662022124,0.934083369584277,0.2965312460575827,1.0267138219736076,2.3544795477367457,0.0,0.0,0.0,0.0,0.0,1.8181559212763758,1.9913648208771042,1.580622217500492,1.6429030909076898,1.8770338785791454,1.1025302590840638,1.0480893332259227,0.9870902856478104,1.1396659606547226,1.0905246529555037
0.7876087017941875,0.40315299759887324,0.34598665009356316,0.4695094393388297,0.3779768273544841,0.0,0.0,0.0,0.0,0.0,1.037455023266447,0.8466000584446737,1.616387660800854,1.1919230176908928,0.97518799697576,1.6548207012679876,2.373224466327856,1.2381258191163393,0.9432865367473792,0.5648806457078351
11.40341242206147,8.70389773190236,11.48771330833373,12.937779959866674,8.238879876273476,0.0,0.0,0.0,0.0,0.0,1.1942873422718001,1.091635549701285,0.9498641851943969,0.7269854786661484,1.0555590488443474,0.5254793367582362,1.1365040267944093,1.6033862734263107,1.9705873228596897,1.3576161453251014
1.070732951772149,0.7515786620985668,0.6722529560118631,0.8565376770845212,0.7797432479646597,0.0,0.0,0.0,0.0,0.0,0.7385019377415242,1.0345803235543611,1.0051960264477824,0.8955138551988179,1.2448869283652197,1.0909145769704056,0.6348952877251514,1.0358734853230172,1.6912591342764163,1.2826179556679242
1.500666914727389,1.0151039492630827,0.7941189031716175,0.462813003517042,0.2700365021002707,0.0,0.0,0.0,0.0,0.0,1.5571314345274025,1.5069250794137055,1.6083606612830335,1.7484351701612384,1.3345362709833208,0.8506390033017832,0.8556579353980666,1.0417154864344205,1.1006350290571345,1.459503329619249
1.1244800375973796,0.6105222785510687,0.33257840934103317,0.9682149436096031,0.9441506053107703,0.0,0.0,0.0,0.0,0.0,1.2471173150587596,1.7277524489323308,1.3619114944948436,1.5105378828754872,1.4357227731647657,0.7261070167607764,1.109446093312612,0.7463448484624131,1.17887623831908,1.1454947942439
0.3512303687657017,0.31296301298384754,0.21261013531311415,0.18652855400838014,0.14585278705924484,0.0,0.0,0.0,0.0,0.0,1.0173087867252326,0.8802850067387329,1.1815585109694535,0.971336704261282,0.669853320997252,1.3877533885389333,1.4780338136019668,0.9115398178487919,0.7488092884282025,1.0744327130610074
0.4742048938831299,0.40338110441971314,0.5027267459683953,0.5693812203907587,0.40964555674715486,0.0,0.0,0.0,0.0,0.0,0.5782579491733368,1.1315470155242633,1.2227715600784528,1.311236357644227,1.562280010019828,1.831540867095453,0.5721543153583462,0.9007974789283107,1.0874656965497231,0.8475016568544174
2.9840958337237904,2.2389053071328053,1.704621621670364,1.6599642710630902,0.6388399447425531,0.0,0.0,0.0,0.0,0.0,1.394776734139906,1.449561973308612,1.4485482878447848,1.4057788192141414,1.6692519552636997,0.9164358486912074,0.662915177552965,1.1725143721170865,1.3992401387350706,1.1551844203052952
0.0,0.0,0.0,0.0,0.0,0.0,0.0,0.0,0.0,0.0,0.0,0.0,0.0,0.0,0.0,0.0,0.0,0.0,0.0,0.0
0.8900000413405854,0.3792031228818693,0.1834408076397006,0.449786234626196,0.3886345288898623,0.0,0.0,0.0,0.0,0.0,0.614292873725449,1.7179609962655928,1.5140333079755404,1.1870164122158275,0.9046464090629505,2.1546107400621435,1.1513569512619102,1.1415805939336667,1.390113662419593,2.223890818139672
4.213584334745439,4.889319585776986,4.024025193120517,3.12962837500082,2.856703071735075,0.0,0.0,0.0,0.0,0.0,1.755244031276502,1.0072949972495644,1.8452899991090408,1.3026417728617818,1.3712765877544721,0.9706684455422889,1.7168669500574494,1.0753021397840032,0.8027236740890275,1.4589293029738253
4.941814034996463,1.9731618259019157,0.738736848463052,0.47801534470573515,0.866081532382957,0.0,0.0,0.0,0.0,0.0,0.6363712114762933,0.9149745348582597,1.2904491267610199,1.0031702959438185,1.0381534917240456,3.255341854492538,1.232887121324904,0.4662999042596638,1.7799187783829669,1.8453282540932774
2.53810745077919,1.5531997500728152,0.7166078131838797,0.20442555855715416,0.4113708863135173,0.0,0.0,0.0,0.0,0.0,0.9406009205682502,0.6977447463225127,1.3078010633138326,1.4556145194715806,1.7007839322167793,1.1014898381130236,2.814953239574396,1.394495150906221,0.7193191759301678,1.0707081001335392
0.6011476896284654,0.33898506062066164,0.5155376031215875,0.38126680928478024,0.1896865579852744,0.0,0.0,0.0,0.0,0.0,1.5094041865757781,1.0475273377821783,1.5384013066547793,1.465321907684303,1.416967254414162,1.1885847246294607,1.474167677726027,1.2876301540984367,1.0967087089885628,1.0697584668186022
1.6647995752995068,2.1224650363877675,0.6947271959588054,0.23845754011578854,0.33628867787398653,0.0,0.0,0.0,0.0,0.0,1.199508233959416,0.552277436008843,0.6974811531833989,1.5511467264722316,0.640934912118048,0.3373508202794412,3.1754811868141175,2.315460802823793,0.6676920294501459,3.026680125106484
0.3157212806610864,0.2908024574912604,0.09878905987394268,0.05377212722039369,0.25311956318518813,0.0,0.0,0.0,0.0,0.0,1.7363671143712005,1.3440964194056877,1.4717384587332032,1.8122317633907892,1.2096641783969961,1.174706657028572,1.5427433796418704,1.0901930065387495,0.9877144008368803,1.2993506199671092
1.7621136029762905,1.568606389955291,0.3245482965886374,0.1646816039436986,0.4256506074175669,0.0,0.0,0.0,0.0,0.0,1.523192664117301,1.160856716805551,0.9888671980164014,1.9748826785471776,1.8871906328156476,1.2330200588171503,1.752427356102497,2.015818668308994,0.9349757414116022,1.1071403347256317
1.7393705362447107,1.358090477020032,1.1413434370529858,0.7968193039613345,0.38956461842327356,0.0,0.0,0.0,0.0,0.0,0.5535019030011367,0.7505159281651836,0.9418847286246357,0.8067301215176491,1.2184260640122515,0.3318573376858219,1.494321063136204,1.4111947004754273,0.5768247951599591,1.3710859834595108
2.038192453513497,1.1559750320556639,0.4950500879979883,0.17629036527873948,0.6910365533725394,0.0,0.0,0.0,0.0,0.0,1.2863114828305688,1.2812683074948308,1.520565169428161,0.4272603695519,1.8898819643453015,1.4087197494208201,1.5521904522026686,1.3273460985295842,4.045842161493561,1.051887366981548
18.954684873311233,10.480291826315671,4.4751869829249005,2.8144826835962276,3.1421232597197473,0.0,0.0,0.0,0.0,0.0,1.1534508794354998,1.2726729895594175,1.0485040252595794,0.5353337186615857,1.778266399063905,1.6538871108605784,1.5539750703955655,1.8802422612607388,2.9696951625213477,1.1090766085952106
4.182688313384774,3.673452683892306,3.5151662295215274,1.851859215267816,4.3829670693590685,0.0,0.0,0.0,0.0,0.0,1.37094044388049,1.0512120838578811,1.9262355066616619,1.1503365452363448,1.9438029261995506,1.370952697032016,1.8683375175880388,0.9925888963308619,1.6385629019068424,0.9639278226627571
2.66669934485788,1.4119680336579727,0.5753344801647429,0.06413070419025657,0.23330919277029222,0.0,0.0,0.0,0.0,0.0,1.3179341228182109,1.5548940036522596,1.6818099523464478,1.8749077112398007,0.9893900383421113,1.2896346929233211,1.078310872458804,0.9703158545770754,1.1209067747815251,1.6633789876362337
1.5070882889123072,0.8686698739220761,0.6164925428511332,0.16306463309503866,0.964414082433068,0.0,0.0,0.0,0.0,0.0,1.2566214597206464,1.3285073467279342,1.6028277832431943,1.7139985805630862,0.7625591356440252,1.384026453718227,0.6052993275533122,0.7479284654105954,1.0382124910197947,2.336662186410379
8.501591639506376,5.053787408162478,2.7234205375514984,1.950874980403065,2.587282906674664,0.0,0.0,0.0,0.0,0.0,1.2143638940861747,1.0574439855382312,0.7766045843175665,0.9640879150661109,1.9968890656773692,1.432380793230538,1.845591601963254,2.544407583575796,2.0119708794414,1.0231881823726912
1.395647024306577,0.8638947663122654,0.0905773790817791,0.3843464022153616,0.3547569470220052,0.0,0.0,0.0,0.0,0.0,1.5608654010524419,1.603949295959221,1.785757675073321,1.8533879922211074,1.414505907716654,1.1220596433946473,1.1840975059718186,0.8877322093706462,1.0461991208477364,1.4831538919145346
1.710160631327853,2.4545077587721162,1.0685446638431229,1.044659893262517,1.1205623971543832,0.0,0.0,0.0,0.0,0.0,1.0898674734151128,1.0706793276303246,0.9330189579796254,1.5971738378199154,0.7504762580122212,1.6452425093504115,0.9474557919862802,1.1077642243051324,1.2226088078759736,2.377081478607918
1.6163335570057444,1.4508683224555121,0.2577396462577793,0.13115225883455298,0.2572907628241453,0.0,0.0,0.0,0.0,0.0,1.4910854300578078,1.1863291406648813,1.5637373150301483,1.3839365978278357,1.8165060781520819,1.1804079967241576,1.5766043921890371,1.3071937952899866,0.6306452692683072,1.0978715288257466
1.2877604990741705,0.8305195191681929,0.8242981572348758,0.6104344830549595,0.07254062979568247,0.0,0.0,0.0,0.0,0.0,1.0090945561628764,1.152332554376508,1.0243965119990184,0.7468391223975486,0.5942699763826536,1.538872296270125,0.6815916056069805,1.0119266085945218,1.8364990738993068,1.0938589224403041
1.9654804846474523,0.974305548307495,0.7975760903774382,0.4375956531132187,0.28805651366298507,0.0,0.0,0.0,0.0,0.0,0.8198671970788214,1.346982389300438,1.367439676535706,1.1562859754836543,1.7737115638318406,2.1033546749780756,1.315118525470968,1.1971963411866262,1.6819100953152064,0.9889933118526699
3.425458937259691,4.351878471776731,1.706199759257665,1.0363731568680545,1.0310222222180196,0.0,0.0,0.0,0.0,0.0,1.1699738652883194,0.7786073723864292,0.6845122893076087,1.577586860391442,1.7778195175638478,1.3351432437923867,2.700992398427786,2.793735491433061,0.7689899346132628,1.128997060542096
0.530016793095823,0.31982664462997057,0.1854450836427286,0.032025509091047774,0.04832126305826588,0.0,0.0,0.0,0.0,0.0,1.2676464756270516,0.41412373706271555,0.8340750297635203,1.6965445424532364,1.2039123797481595,1.4237579725374565,3.0488634652065723,2.494378806799387,1.160581001284139,0.5163256917622226
0.4555708825268498,0.14876703723468482,0.1901389759671061,0.3260393615360235,0.22088648219021306,0.0,0.0,0.0,0.0,0.0,1.0905174230637933,1.76021599402845,1.5947771346133488,1.438007329193407,1.3170656130449168,0.9904474235158263,0.9955848115041713,0.9401175832708256,1.3946559108175418,0.8142694183081115
2.5657243394497287,0.45640448188489646,2.312327575779977,0.08936365135450758,2.305724126942938,0.0,0.0,0.0,0.0,0.0,1.3040540740636133,1.7805012059290735,1.6620022557438088,1.4257299835685557,1.5826912351732576,1.2574860598433713,0.987627864791872,1.0738055799346409,0.9141182564101379,1.1792267402846934
0.9388566397959718,1.0416918130273516,0.25525645899176497,0.11874970339957269,0.28451852437128056,0.0,0.0,0.0,0.0,0.0,1.5795846181669415,0.5580671233734205,1.4381991404030143,1.8834691061512605,1.6848504639094326,1.275855141237068,3.1460231053238843,1.3379059443773067,0.9566764551601663,0.9695984477294544
0.33187236999190584,0.3574025540923723,0.04482568355420964,0.026960335918390005,0.14896325982925615,0.0,0.0,0.0,0.0,0.0,1.2768621123970676,0.6132672431215421,1.4982292890884201,1.6717300743118269,0.7670334536854064,0.44287548712886676,2.61666966441186,1.2658456634375814,1.1939413504147653,1.86736488558811
0.9728863635228983,0.6269872873438194,0.20720507768529442,0.10317834661256867,0.08147897659061319,0.0,0.0,0.0,0.0,0.0,1.6385670123127085,1.657219231059062,1.855509147823929,1.784888656155775,2.044738992703431,1.0688543870843754,1.0886792686146536,0.9210870070757279,0.9659721172378104,1.0000015910390567
0.24238282199697894,0.10884368461565899,0.13716106092449123,0.1901873214473351,0.15298504363841703,0.0,0.0,0.0,0.0,0.0,0.8641356803713568,1.2755109040530752,1.2499578250464245,1.2770138980815557,1.5054248629802838,1.3498171584981702,0.4683181921261497,1.4484827266225946,1.5637389889103732,0.6928031923488982
1.5546236768347068,1.0038666426536043,0.6707739767917411,0.058965937181314446,1.1274327136567925,0.0,0.0,0.0,0.0,0.0,1.412876003827279,1.0588425926650482,1.980750847573521,1.1699516480948693,1.5220335604629025,0.8459377308141023,1.8264003389217338,1.06185995844185,1.5663828831981073,1.3066907661468055
0.3855895569455236,0.24906377704221155,0.27922879336271234,0.19071565833301035,0.14547193564805988,0.0,0.0,0.0,0.0,0.0,1.3321230338737884,0.9568726379960898,1.4753881502592325,1.174738594201602,1.5768329915639367,1.232350667731936,2.036459158139508,1.2172735238135515,1.1392933799850489,1.0259086033378337
2.7134308971718535,1.4178489683301607,1.3492918334947803,0.44619516823091443,1.1531849023801526,0.0,0.0,0.0,0.0,0.0,1.1634156447936588,1.0590510212831763,1.8218106354081145,1.3526403166571792,1.810036672222387,1.263691865550671,1.8938744947244017,1.059346131743062,0.20444495123432946,1.0679717484803557
0.8336724929910131,0.7327851284309759,0.9120373219884081,0.2863840779960672,0.2123791932600076,0.0,0.0,0.0,0.0,0.0,1.6072782925670401,0.9853076702884124,1.3566603978899712,1.471859916500628,1.6472153422079103,0.9859789035050778,0.9740579739535558,1.033901860472581,1.0777829354341473,0.9729513948008356
3.857170434544307,3.0685237307757616,2.6634697280070427,2.6892683590471753,2.1980990087885806,0.0,0.0,0.0,0.0,0.0,0.8686945811876483,0.9775139128480418,1.0930149572651817,1.264744392220776,1.3495712090663419,1.487424499666886,1.3399910490421023,1.0138338976400794,0.6021346952529095,0.5451266881266811
2.1171606651587345,1.231044201777848,0.705743660155372,1.3572550198207058,2.0455142682190437,0.0,0.0,0.0,0.0,0.0,1.2819951173399389,1.6602038547870301,1.7678970636927023,1.4168256691924819,1.2781050959150708,0.7693410646528971,0.9616683308572398,0.9247398594350537,1.3807968170000102,1.284943747606856
4.508523150001117,1.2288919333880037,0.7287568191127781,1.8953868439481276,1.3236791031003206,0.0,0.0,0.0,0.0,0.0,1.124493116455739,1.7438582091926673,2.03108810366814,1.5009816597257852,1.2771398269147138,1.3310350251798997,1.011978478132998,1.0311232050531518,0.8198166745380624,0.4805683366845881
2.465174678929933,1.245522176478783,0.6052861377386727,0.7383859760149024,1.2284800577426336,0.0,0.0,0.0,0.0,0.0,0.8602646964628695,0.7167270290824627,0.8957644763381976,0.972622851740411,1.0750425205650045,1.8968012873423286,2.616544187940543,2.2454451675915084,1.477655478607345,0.9953885160624261
3.088271701736836,1.7191307180837518,1.600694708553311,1.9553190868224863,1.6830980076578448,0.0,0.0,0.0,0.0,0.0,0.5107848007284433,1.1369729879235364,1.28595617451625,1.2577500189199382,1.4053551982908414,1.4279382197081585,0.8284445861211924,0.5938063880781658,1.4019265870375885,1.2537574063866228
2.0119258152891897,0.8076019596481429,1.0261741065443086,1.2382326058932596,2.154127329295903,0.0,0.0,0.0,0.0,0.0,1.1209539195581038,0.6342025121497763,1.6209923833357067,1.594639973478124,1.6326090406719391,1.3560456283816582,3.167529354844683,1.0418203704298048,0.8295668199951173,0.8391738442644697
2.2306040646355934,1.265128330682418,1.1162712309851948,0.9792067663313182,1.0797839716834656,0.0,0.0,0.0,0.0,0.0,1.2301786607846403,0.8319003193991935,1.5991481564551908,1.5208535269987684,0.8583788684929504,1.252063599092499,1.659225617390183,1.035398774757216,0.9655659943224217,1.1802849274452651
0.6586580225641857,0.5467302681880538,0.4593980577656012,0.3965452122149854,0.5747348402830321,0.0,0.0,0.0,0.0,0.0,1.2785477697470655,1.0128344875715836,1.4850908293376357,1.1549321744398944,0.8516033297259992,1.0396256655595966,1.5446615454634431,1.1351694232118772,0.41042030077092373,1.1351245613139758
1.5084415082332194,0.9184667556906099,0.8507503135826525,0.8985338819816413,0.8131280240654999,0.0,0.0,0.0,0.0,0.0,0.8175496257430978,0.9596029216627775,1.1382160361399314,1.1418437330421347,1.3299244652509024,1.679622803436457,1.4700908894062157,1.207371762127969,0.43719740919297007,0.6794601814662303
0.9632415547043329,0.15282123896831806,0.4302023332259832,0.46491209170813635,0.767895167656074,0.0,0.0,0.0,0.0,0.0,1.5645371737162408,1.8367743928723685,2.008654857213591,1.3267689821435926,1.2053771680169505,1.2071860155103387,0.8959368155047104,0.9945750675696466,1.0523395549491819,0.9778098731369397
20.44183798801155,5.953972127637882,4.823853754004581,11.529359314251412,8.762662047206543,0.0,0.0,0.0,0.0,0.0,0.4928974638151607,0.801523329745856,1.3364332548465707,1.3079292321413762,1.1302241575760466,3.7230343024457877,2.5093015712271254,1.153577380807503,0.5240683311707277,0.21978951947283965
7.089156496681966,2.743293302562823,4.878038806388383,2.6743504644780876,5.333731017440071,0.0,0.0,0.0,0.0,0.0,0.9234509405252604,1.6029545897302773,1.7334578583919513,1.216011833581249,2.1200182812486505,2.1307253549351386,1.1059991638747875,1.0859140899117936,1.5197726711737536,0.9791471178899454
1.1764766565974276,0.325016740748549,0.3584427649030326,0.8883403201348091,0.4719806585997743,0.0,0.0,0.0,0.0,0.0,0.8066534872137257,1.4159955973303824,1.6838325765209454,1.2555892825881605,1.765079022641544,1.1018239318240657,0.6828712875805356,1.0198316214521208,1.5979067042034634,0.9065666229582267
0.3524653223839881,0.23728599371322656,0.27236588014955404,0.203191425453015,0.3427011494493687,0.0,0.0,0.0,0.0,0.0,1.688282867477248,1.8721409026917992,1.3978612570557003,1.420615413055038,0.5197334233711682,1.07613540179756,0.9020789291834862,0.5498724812531239,0.9719679450351104,3.194186103931732
7.731827260511966,3.5547715719031423,2.7986922506823855,4.382235403020738,4.134718188893265,0.0,0.0,0.0,0.0,0.0,0.4181839595458392,1.0123520968769941,1.3628642298928182,1.2669421972236417,1.2591483785288085,2.565424822507103,1.7920282756557209,1.1410477946684172,0.48706796466687263,0.944224245933443
0.9666391036768628,0.463231606659469,0.39881495346982393,0.7999039713717069,1.0589076535390844,0.0,0.0,0.0,0.0,0.0,1.1848182108105603,1.6293949016609433,1.5453185483425818,0.9964795656608209,0.9704118466555691,1.0933056280954796,0.922700342918377,1.053656777791632,1.7760925306881972,1.3054169593815788
13.975259612436606,7.516501194833145,6.97504310027834,8.742448682797699,7.516881781726082,0.0,0.0,0.0,0.0,0.0,0.7964038644425627,1.1488071380452964,1.3052905467531104,1.234356167678138,1.053925497216602,2.0639932717469467,1.1316595257565583,0.6548530207238469,0.4411160249002728,0.6494111270471178
0.4873838118908201,0.1191926803109723,0.23953680369436325,0.24152779361880955,0.3791877809226444,0.0,0.0,0.0,0.0,0.0,1.1623334968125822,1.8757215355731924,1.8224906663675673,1.3618377655445912,1.6397011393468677,1.327860084849294,0.9986584022811464,0.9475418273589675,1.273746593200691,0.946490592152463
0.38969941826938437,0.22544152532522027,0.3092558507175194,0.120672533796874,0.36718905805442825,0.0,0.0,0.0,0.0,0.0,1.847270719740472,1.6079869242203353,1.3656227695409822,1.4692796348657962,0.9835105813301416,0.9648681280726505,0.744820934705991,0.8866795353279437,1.0982653691606763,1.4444011392341962
1.141067105930881,0.42041672386060835,0.20263757756395565,0.19001562701785707,0.2572093975789789,0.0,0.0,0.0,0.0,0.0,1.3852777242081096,1.7549441776744825,2.0650218954341586,1.1607423799013024,1.2843268170639934,1.181264694772014,1.0622122779566974,0.9824309298938643,1.0888986336711755,0.9848099371353916
4.466314811663965,2.189381247023738,1.89817978523176,2.9291106721122935,3.212091330544684,0.0,0.0,0.0,0.0,0.0,0.4051635082132751,0.47633101748780005,1.144023345516599,1.224701088627656,1.0723512886810478,5.10155841937337,1.7838064470305575,0.8063821399248776,0.3567315922820435,0.05764915186734675
1.0089837030182087,0.4898694541557216,0.27862526480717176,0.7126993374430063,0.8971488609692475,0.0,0.0,0.0,0.0,0.0,1.1377583682247567,0.8078168934448294,1.5177071827498207,1.8496423440188838,1.6408562569330776,1.4792382302131832,2.4781817171412683,1.1121417811491037,0.9799040201091956,1.01482592312072
1.1729265199553827,0.6906428557124114,0.4008703482325585,0.6738685095779603,1.0612918349983615,0.0,0.0,0.0,0.0,0.0,1.2834662325083903,0.9790704401705788,1.4362800650650989,1.500685893264181,1.8494217946476432,1.3016542503182376,2.029259574919063,1.3170696522052765,0.7189847258202448,0.89321991655786
2.0022445807349443,1.065375281554751,0.36223255196192133,1.7626464739831935,0.7247439634572467,0.0,0.0,0.0,0.0,0.0,0.7556494995646292,1.4694821907165372,1.459829955362957,0.9449192034121724,1.1679691081561678,2.6790156775424556,0.7704851844962828,0.7104392944397334,1.3287597027410423,1.2719780651592754
1.3362401635569108,0.30277744730936773,0.5514352507981191,0.535670250285473,0.8408728284471728,0.0,0.0,0.0,0.0,0.0,1.6861955074850339,0.7664023628950698,1.7880409341029488,1.985208862484437,1.5691670135003402,1.2069296357863626,2.1960359876359923,1.1685744129901168,0.9731486352148063,0.8011263448599519
0.9232352923279089,0.6160301491144329,0.6093409982264315,0.048077121834376374,0.4961280620470524,0.0,0.0,0.0,0.0,0.0,1.561810524353074,1.1819204389768954,1.93222985938841,1.5003947420550863,1.8606288802460247,0.9891950104025116,1.6571494606427817,1.0693642488432322,0.9013193550037625,1.0884171020613143
0.609677921177104,0.3079217417002999,0.13564295493235062,0.09435813208268204,0.1629595008644259,0.0,0.0,0.0,0.0,0.0,1.5517402112246415,1.4276423759487566,1.9565973577260465,1.6826779758805974,1.246604925558119,1.028716570603402,0.9746422839604296,0.9528434012786148,1.1549439473573193,0.98678887198945
0.6850735303421088,0.283298212218931,0.2873998932024566,0.3373874723787693,0.46957396996548334,0.0,0.0,0.0,0.0,0.0,0.6234146250489051,1.1448468294461362,0.9678894311495956,1.4966581970925104,1.854882454426297,2.996702537576562,1.2951012952947438,0.9308392085808943,1.0868491555083757,0.9438442791234611
1.9289156791369184,1.0957166713914983,0.7898645944084693,1.6485272202067633,2.5865413130175265,0.0,0.0,0.0,0.0,0.0,1.2040598133271438,1.0385046531384867,0.9566246568024761,1.6611350133520786,1.6924211631906523,1.6542323476807481,1.3731804608831317,1.4183407242457873,0.9315338626447981,0.8419583210337123
2.0428501426053356,1.8811557113187818,1.8633747203613698,1.620818807437138,1.148006427989223,0.0,0.0,0.0,0.0,0.0,1.6406468785953319,1.4163008818964122,1.1008839131800512,0.8259214860803946,0.8586945588776875,1.0225128486774044,0.7518831796538238,0.7547482856148179,1.7022955426682318,1.5645392972646512
3.35741779305003,1.9398762285804831,0.6737754666572743,1.057516237641603,1.8799571386165206,0.0,0.0,0.0,0.0,0.0,1.684108939734414,1.649788919980504,1.1517357214247135,1.0610074420402522,1.5983480676909747,0.9276428700583195,0.9098719804394534,1.2482288028234876,1.5474633446524582,1.103459098039452
0.7023972963836498,0.8037805992188318,0.7343815603625294,1.2377582990353948,1.560088022801247,0.0,0.0,0.0,0.0,0.0,0.8461259448428838,0.41278449909276244,1.2796820587884603,1.497000469176052,1.6716283920735187,1.9174896062452174,4.957049693412468,0.7994771950563176,0.7517158483289106,0.9642291310995886
0.6580001546029133,0.46273354919453275,0.610610357117811,0.3026631132329759,0.4604030003697807,0.0,0.0,0.0,0.0,0.0,1.700303433003673,1.9162144131095427,1.9136283140229438,1.318343558006048,1.8876122459585913,0.9050182318141003,1.0391702628524304,0.9321377656110615,1.4634310652525238,1.064279617388271
0.39594264655907985,0.3828424108578212,0.38792220602294103,0.4124737077151628,0.3308000256338073,0.0,0.0,0.0,0.0,0.0,1.7741382709999256,1.1890283643766848,0.9718952707959667,1.3105214156245861,0.6315110225263795,0.9032200744156581,1.3680732845353596,1.6314850356315787,0.23049260665396423,2.071185336008135
4.138852036016397,3.4567123004265428,1.8825375362853642,1.3228467205611179,2.6246857346012566,0.0,0.0,0.0,0.0,0.0,1.662386284109854,1.7215819713445522,1.7814453595336723,1.4857803785137336,0.5587583569427819,0.8994954994445749,0.9038527015717247,0.90563958292435,1.0771904131826093,2.2110162831017717
1.1608566639739493,0.8977242002754743,0.7856184499619085,0.6761893039569122,1.1410284776966975,0.0,0.0,0.0,0.0,0.0,1.4650248803025463,1.5854804113147458,1.7458777620307782,1.754833134480296,1.2233566636676694,0.6247218380491562,0.9579100817919145,0.9582317635285127,1.0511122699692244,1.381420299824253
0.2193179458949297,0.11573314615651276,0.02093164070582775,0.14966710137836803,0.27983694522835295,0.0,0.0,0.0,0.0,0.0,1.7570242069407949,1.414428447965143,1.1574979655446076,1.7840761061602575,1.823238687430792,1.1412395783629978,1.299976414534195,1.558050431995208,1.1376006680369766,1.1191977206010462
0.1515024533924179,0.07688006074669171,0.04490586629968569,0.06144409378845912,0.11985110489427235,0.0,0.0,0.0,0.0,0.0,1.8994700421159045,1.8760650501768177,1.3384520108340974,1.676127044875513,1.8030195598248648,0.9920248105777545,0.9532015927242302,0.8505626806239737,1.093990374495399,1.0750763025155008
0.4485735391821473,0.5296169966530632,0.3786784244796004,0.19470897305152995,0.19377422413238574,0.0,0.0,0.0,0.0,0.0,1.0652297664069525,0.33687190947871265,0.8223858937717113,1.2440099205162372,1.0544878083234355,1.1351773111422325,4.366543558130091,2.1612709899121936,0.7718448766476046,0.4080765883920344
1.0670026762661053,0.6819506591002572,0.40286206984842526,0.454350287558466,0.492527387039016,0.0,0.0,0.0,0.0,0.0,1.3864248675215023,1.4094839030882191,1.5670057410109128,1.8005517405727682,1.886217791388435,0.8283307163856066,0.7727399451928353,0.9973779091586608,1.1030167977962952,1.0988182172639958
0.8679177188905903,0.5257255785732549,0.4748774662633634,0.6110844100732733,1.0084968514991624,0.0,0.0,0.0,0.0,0.0,1.153642080679385,1.0187654847619063,0.6772797078461724,1.410949400524031,1.6052257072151346,1.5058598205845506,1.7260777213599099,2.6479965699944086,1.3798471196509143,1.145110341715509
0.4818236979673178,0.3075053298683884,0.0681435832526367,0.31358537962523203,0.3497378575236909,0.0,0.0,0.0,0.0,0.0,2.004034114242877,1.758508989422711,1.4423997702929563,1.5101785911028354,1.9708521068786398,0.9231190388099805,0.9261970457636586,1.2942306439567506,1.0974872939450784,0.9583183947439347
9.840942679932521,7.592622016736857,5.028521028332459,3.5630849969526954,4.69508281694255,0.0,0.0,0.0,0.0,0.0,1.5342548267843763,1.6049932889617016,1.7582642493779543,1.9378966353459344,1.7552714056910508,0.7972737259077117,0.8299347782829642,0.8934538866632148,0.9872847501311508,1.1758123738558843
2.8919918944812344,2.511263760283364,1.1242360389451338,2.193540988837375,1.7600568184032759,0.0,0.0,0.0,0.0,0.0,1.3433820317297802,0.9555633977089615,1.8727410683075187,1.6441953685485844,1.0615608475672735,1.0483911812145343,1.4810706765809527,0.9692751517226655,0.7781598898423328,0.7451737981718141
1.3053889135136827,0.9839071795286909,0.663282078403802,0.4260583586667123,0.6540111474323539,0.0,0.0,0.0,0.0,0.0,1.5912017532414127,1.7006355710215035,1.6996505699154547,1.1932106925943815,0.8270197813342964,0.8429596696765645,0.9034975529879242,0.9841589394734647,1.316298699183646,0.9552316681884138
0.03623945385275794,0.023955064041266648,0.026491618194089666,0.03135821436635602,0.06007220769409176,0.0,0.0,0.0,0.0,0.0,2.066391028891623,1.5667798323593827,1.5174817360386872,1.3668738265466926,1.4136209647941158,1.0056871119611897,1.0403591440378939,1.2942390472979093,1.2625904251960465,1.171201550144313
3.3892279549013713,1.6042789166974933,1.131534395083111,1.2238516219499647,2.7751212072358156,0.0,0.0,0.0,0.0,0.0,1.6560741725040453,1.29912972253451,1.7118706689974788,1.8215671518815408,1.8455851811241064,1.113891804618743,0.47296864980754294,0.886120695563091,1.0468133019394679,1.1386048599656136
1.2785394906406486,0.6033251443192672,0.4438733752839773,0.39174888725633283,0.45443143837255756,0.0,0.0,0.0,0.0,0.0,0.5432210501356849,1.0498964756387095,1.6034675643230831,1.7037649471356813,1.3506529036050112,2.875286237253532,1.121737567137864,0.7454217094399688,0.8278428277953728,1.2476063852978998
1.3198896329250052,1.1917690318643812,0.7793139283731368,0.06309005699376867,0.2397778114214085,0.0,0.0,0.0,0.0,0.0,1.614407679618373,1.265321884191355,1.6125986986760068,2.043984031174979,1.4597111334271493,1.2510959653261482,1.2453463060357475,0.9537276136597616,0.9362601712696,0.8935336561961441
0.2585356860532466,0.16149534893916764,0.14982006531951292,0.05882014332403688,0.04081589119801744,0.0,0.0,0.0,0.0,0.0,1.7100024806883707,1.6595552717615392,1.7539287188132082,1.2166716562340585,1.4531403806604675,0.8254725968825847,1.021782846228537,0.9288575140842718,1.4119399885955208,1.267824553198814
1.545834501282475,1.2432457181700967,1.000245186074111,0.9464689078603346,1.1561083737175968,0.0,0.0,0.0,0.0,0.0,1.4264512597340822,1.3864340003419104,1.5234117170684514,1.6295077598718979,1.3868069750994787,0.8787076306028728,0.8380914475737403,0.8579927868711396,1.0819200270785372,1.4070546243155413
0.32579588545053395,0.3569534768414573,0.1277210474574844,0.22746065521758405,0.5158668235987233,0.0,0.0,0.0,0.0,0.0,1.2240836584407617,0.9291021944886421,1.528228822960101,1.7912680556883496,1.3194566015578069,0.6398745443771879,1.9359130209285345,0.9266367085116707,0.8770511842947418,1.4360995396118408
1.765409143554594,0.6727273010525127,0.07050014755797085,0.2606163365104841,1.5174425831677032,0.0,0.0,0.0,0.0,0.0,1.5353592740840594,1.7346107616061288,1.9348609181148255,1.0310974856692916,1.0618923412017676,1.0486211583856242,1.004315029229271,1.0098112406849609,1.1141366797653334,1.5379179594528398
0.3257830486112836,0.33742133785446027,0.2039614274539189,0.31623267315319403,0.13504031382483356,0.0,0.0,0.0,0.0,0.0,1.521430800839113,1.621457945660104,0.9187010627018142,1.4771528877712534,1.3875537507228153,1.1122037637762003,0.7557952374997154,0.5538265752986851,1.3276623184466707,1.4598155303400737
0.9366221150408551,0.8080032532449721,0.6024409045913202,0.5883672745839867,0.5516018029903924,0.0,0.0,0.0,0.0,0.0,1.4116293716849315,1.5972756715837826,1.5776073438104483,1.4630226655192646,0.7504678837947951,0.9635169916995202,0.8634160856393022,0.7659008709341697,1.0716253488181784,2.251900856033186
2.7605597677369658,1.9105481896586174,0.9225566743514964,0.2788598955602266,0.9217514552185191,0.0,0.0,0.0,0.0,0.0,1.7693421547086083,1.8087070888501713,1.7940552390969497,1.4547961600285475,0.8055474738354652,0.8956901075946982,0.913791193641547,0.9179390166626884,0.9231902222943329,1.9286842082953777
0.24525999526182257,0.043196963357318874,0.1633194820503368,0.330195014526873,0.27785378697776614,0.0,0.0,0.0,0.0,0.0,2.0367665633701613,1.6977892328817776,1.9117703313990346,1.8310461777927765,1.696345392729896,1.0277919501050607,0.9434407803864265,1.0885571710523667,1.0643342482385878,1.0352710021725628
0.18336985569576808,0.12696091542749283,0.0420329979901393,0.12589143672626263,0.08649587354343584,0.0,0.0,0.0,0.0,0.0,1.6182543448881088,1.4433841965137504,1.1068597662156539,1.5176313185731194,1.346403512236801,1.0230788639814625,1.186932567726962,0.8422596217927083,0.8044699190937384,1.4163021655370438
2.9188358935446335,2.4540850835437267,1.7624713793410254,1.0559563901412765,0.6817956404687499,0.0,0.0,0.0,0.0,0.0,1.5821312078777832,1.5953639451694661,1.5780493577489352,1.4389164575951023,1.1155929417739456,0.8861299451906121,0.9062216638446599,0.9697439733656977,1.0851882998660454,1.2072949625609881
0.13438938451394677,0.14093824222172285,0.18512167694878498,0.06084541017791898,0.042701795532090595,0.0,0.0,0.0,0.0,0.0,1.3673662216020377,1.3402419803381553,0.8649838278840773,1.355588305799858,1.7819766022544228,1.189489083521972,0.7726202724338664,0.9947717964281824,1.4697934370056598,1.0829362287213733
0.8014035280881064,0.5592078455570887,0.5604698303232157,0.8544948413438019,0.5622783227248271,0.0,0.0,0.0,0.0,0.0,0.629181117993089,0.7070267322691711,1.1205700015651674,1.4993353031807453,1.3897794920323132,3.2730431329144523,1.4822067260927263,1.1964181913020144,1.1808090886180573,0.7953277721657417
3.3658586063466225,0.571242098750397,1.9778513319740854,0.8865543545326737,1.5282060724387851,0.0,0.0,0.0,0.0,0.0,1.364692885074983,1.5658900187219176,1.910023148297074,1.2995931947514185,1.444992608243175,1.3352080943594955,1.2347252521874144,1.0427372897461382,0.9465277605438766,1.0934298128792443
0.3325700843689176,0.2624500423062908,0.107916866206507,0.18642377526816847,0.02284566620454292,0.0,0.0,0.0,0.0,0.0,1.6065988223139371,1.012767902839832,1.4417984929182754,1.17023326299788,1.758194835236271,1.0229103312786536,1.1758038632022507,0.8847160991335119,1.6178155414480357,0.9540318573747157
1.316092905147876,0.33837304141337726,0.4062784395123201,0.5502306738949518,0.9688875039164586,0.0,0.0,0.0,0.0,0.0,1.4653590956899647,0.8066319757749013,1.9962772725655433,1.7989051966132352,1.4380670270604987,1.2887478149582545,1.0969327801828397,1.0101262170209127,1.1621835559991835,1.0225804693265528
31.194019926373517,31.27661894847882,29.253858692246176,23.698966776022665,17.589916259985497,0.0,0.0,0.0,0.0,0.0,1.1541982668011903,1.0664321282570808,0.9887368926139211,0.9872736026047769,1.0157797649787843,0.8085071536419358,0.8813244124767244,1.102685582072979,1.2726380698840922,1.2734272386158692
2.5119262375754197,2.9627257139769743,4.156010284356587,3.553502610933478,2.5339946448900363,0.0,0.0,0.0,0.0,0.0,1.4438382082248913,1.1044452796122157,0.8336969836682443,1.0071636723249089,1.2225523362818236,0.9995082959563679,1.1670508683157201,1.197032027031027,0.9719764260384923,0.7699652122180353
7.276123280460787,6.2595537378651125,5.605899897627817,4.135266151975069,2.7929965371479857,0.0,0.0,0.0,0.0,0.0,1.2322274674729465,1.1424334389119182,1.1023726358728658,1.3734462316788472,1.5809516324240256,0.8383095998767455,0.9328207312492751,1.2149947298545931,1.2085152137696424,1.0870600562139185
7.175952700918581,6.740103555709593,5.920535077736708,4.30601285317443,3.162599568261882,0.0,0.0,0.0,0.0,0.0,1.2139300225115217,1.169477714073913,1.1670699100448034,1.2364158801678493,1.241923307834217,0.916235570273531,0.9336569822062053,1.0153842598743796,1.0475142037366783,1.1009580899826752
17.229490168080112,18.925356550755772,18.348848232255627,13.735249297111377,10.575767812795025,0.0,0.0,0.0,0.0,0.0,1.2644430282164343,1.1319398695842022,1.0342682312038656,1.0992100499679107,1.0402347776212095,1.0542405631977914,1.014436622790753,0.8926299170385804,0.9249868811699942,1.0587121616092117
0.8076982021279686,0.6636099254175118,0.7869797907541015,1.0644727287954416,1.0817363288336803,0.0,0.0,0.0,0.0,0.0,1.672853427605202,1.403183517863306,0.9104372794944068,0.8869271852784534,0.7763848375038057,1.0008403322922386,0.9509339706118538,0.4815347615621132,1.9119813388792641,1.9300560627991414
6.99553309242998,7.481060628052184,7.042980055673809,5.5039848795403685,4.611433528124897,0.0,0.0,0.0,0.0,0.0,1.351035853876531,1.1528228626525165,0.9966291940339318,0.9979049623668764,0.9622031155678084,0.9368043674283738,1.0713201272575295,1.1168319933070523,0.9682203250319841,0.7247842218770042
8.062856145654399,7.703673424247228,6.78094316714877,6.045169397409767,5.195803083668986,0.0,0.0,0.0,0.0,0.0,1.2431071586770441,1.1584003372346279,1.0436642413651012,0.9084531368553791,0.8347912523688649,1.041998495198216,0.9822473000922225,0.9177092833994156,1.0032333672013793,0.9678759689288605
6.319735120948089,6.798316185681192,6.469638813771009,5.505470218988435,4.908064803181727,0.0,0.0,0.0,0.0,0.0,1.415634780248403,1.1536347181027413,0.9829200309631598,0.9994456912349655,0.9872795631429553,0.9144731510353448,1.148691161330684,1.188607465494795,0.6433021950836917,0.5653633117850259
1.474947276601086,1.2672537228826293,1.3179651672313641,1.3938052863015895,1.2085399423087222,0.0,0.0,0.0,0.0,0.0,1.3276726318329597,1.1636067323062957,1.0368350743156691,1.1408744766127685,1.3246421655705003,0.829331912505527,0.7219021631235297,1.2687769501310062,1.568752133116201,1.3877463080320858
39.71689118349098,39.87645391720412,41.30841541348028,33.4507648261541,30.474074553333338,0.0,0.0,0.0,0.0,0.0,1.5659592781950813,1.2666961608459024,0.9106224824869,0.9027609933489072,0.9329220817376368,0.8901394349108522,1.0997738581507375,1.2746667689650149,0.7905373997995212,0.6966543995010708
4.693573852565193,1.7523244195328118,1.7602707557317014,2.0771532445254315,2.791032866368916,0.0,0.0,0.0,0.0,0.0,1.2245853317867448,1.539948675495645,1.5372778434134609,1.5749887559712505,1.1388316536774463,0.16251073719339687,1.0604722111726093,1.0908183764672321,1.169781676368293,1.1171168847188895
0.9077778305953202,0.26362505862554114,0.48111336893280027,0.3550990920800175,0.4076734264955199,0.0,0.0,0.0,0.0,0.0,1.8653241528058941,1.7822718626746663,1.4810096990652957,1.5624720086825556,1.2786107998602099,1.126470811497302,1.029235505209789,1.1189419605324893,1.2144773347532516,1.1467200097199952
6.920565073071989,6.406880529758974,5.806202803575486,4.670346386200883,2.9199869863932477,0.0,0.0,0.0,0.0,0.0,1.220926806159066,1.1929413952160826,1.0778211325824698,0.9298858850778714,0.908746606655957,1.0997173774717812,0.9828731883881388,0.9064560247732306,0.9351687447715101,0.964820266465214
17.262274215100422,16.56534025479906,19.119617517708573,17.5778038367626,11.677220388564212,0.0,0.0,0.0,0.0,0.0,1.5674545540632425,1.2723401203905476,0.8776647587474403,0.8956405932829719,1.0334145882910903,0.9699994048122803,1.109699354686823,1.1743483189911477,0.4573830844700448,0.9756944424696139
59.041356697090066,53.848261299828174,43.85228062959576,34.84010532212233,30.243185987846044,0.0,0.0,0.0,0.0,0.0,0.8111143058118806,0.7704160247103155,0.7778586663244653,0.8035233671726915,0.8495045650488539,1.0503416475703706,1.253899301473608,1.1684608054076815,0.9597246540710864,1.2981646965206037
12.231052883137478,14.714225897328978,16.006065286713852,11.547788803076392,8.773604814494986,0.0,0.0,0.0,0.0,0.0,1.5489012014888388,1.146849879567783,0.8809817774104186,1.0669480740762645,1.0738365168408353,0.9104825040314134,1.1645970947286592,1.2314378506841093,1.0215273201124624,0.5269208788917901
0.7502321167098095,0.228849681440736,0.17170737951828938,0.18414139521763465,0.1655066542086976,0.0,0.0,0.0,0.0,0.0,0.937570406335425,0.9273113829588421,1.6586554997061727,1.9659427255030084,2.043009821624152,1.2483481008979813,1.6951152556823519,1.0048003087904538,1.0116714591704932,0.9261813268362986
19.089535998286784,18.665332696324235,16.747555499619082,13.252010323943821,10.06898620390437,0.0,0.0,0.0,0.0,0.0,1.2927243203699974,1.1735235075235249,1.0533539455333165,1.0080776291910587,0.9699623514522163,0.9532982485344068,1.054183642756917,1.091242092538963,0.8908588070239615,0.7202770810787745
4.18411481415404,3.8792732482848225,3.3667685778835823,2.04553094669297,1.3229724499257676,0.0,0.0,0.0,0.0,0.0,1.378965843157772,1.2204915240346947,1.1403782534230327,1.2224189111366,1.0322479588948532,0.8512848734088719,0.9274601041643705,1.0947544427611307,1.0985694090351044,1.5177564501047216
1.410511704499777,0.26397869090497195,0.7556808278429167,0.8513744664207155,0.8754162012379204,0.0,0.0,0.0,0.0,0.0,1.370308763776537,1.939759065925127,1.474108411184809,1.6639724680387515,1.7401827508327283,1.1348282126946112,0.9939224976232491,0.965540392997115,1.2653566468203186,1.1893116836572408
0.22766985621040417,0.28310594458696364,0.25148079233337645,0.11985614606728448,0.1691606020276327,0.0,0.0,0.0,0.0,0.0,1.6806653674914156,0.9686654189832273,1.3971976382166027,1.7701081333351678,1.6708028073049548,1.175760087055169,1.5224762523146729,1.4098104014566286,0.9188754859848293,0.9317852935509803
0.4950473807964193,0.395879225487778,0.33127667260584187,0.2655797988739523,0.20046699510638769,0.0,0.0,0.0,0.0,0.0,1.68961313134075,1.5318700860174834,1.39388311548286,1.245700187659495,0.8810950247977821,1.0013599387190186,1.0014597570819452,0.9958448282640634,0.4180347676597951,0.7437753442462923
2.6980415408595286,1.8196654599500817,2.355827172284298,1.9970671996913836,0.6122068610910396,0.0,0.0,0.0,0.0,0.0,1.3772007326519329,1.7332609760705515,0.6127201711905452,1.6667088948702875,1.4655533591481114,0.8951165943729079,1.1192395633428889,3.2149609767710263,1.223938908938313,1.088213552443965
0.3087616114250354,0.8574189504383434,0.8009987921092436,0.46587146335361884,0.6193071042709748,0.0,0.0,0.0,0.0,0.0,0.3523004174992492,0.40826130365906627,0.8049771716165472,1.1298289377384365,1.5012368111946894,3.476066906497642,4.293406431404317,1.4429921581619212,0.5984072234008195,1.1230146212860086
1.2693324190729016,1.0197028623826416,0.8433043019026085,0.8152185402789287,0.6222388180313642,0.0,0.0,0.0,0.0,0.0,1.6157737412892428,1.5429798491963127,1.1786788151706487,0.7531946599255402,0.7843582643745974,0.9670419358501524,0.8676569569848539,0.9690377701101797,1.0173204087377103,0.6787964017991969
0.1401383344330618,0.26242166229331676,0.2607912223417434,0.2757589805287856,0.23481688307059106,0.0,0.0,0.0,0.0,0.0,1.1275220488134183,0.6015579632522305,1.0092933836390472,0.9514808034182365,0.4696689554348368,1.8593695397594863,3.32017470541188,1.3577035330392155,1.2712513106809922,2.313062577463223
0.17352127455576755,0.08247039022337535,0.17945694542328586,0.10227497643027054,0.30538634148087435,0.0,0.0,0.0,0.0,0.0,1.304220025833239,1.788366794913853,1.5263104549695863,1.823598372191242,1.9282638802030625,1.0915190515093378,1.1167356896643466,1.181719958234802,0.8942831648604851,1.0287661397554144
0.7113770249181165,0.18957390994438922,0.6195847469823557,0.6149401461612609,0.8595232097573803,0.0,0.0,0.0,0.0,0.0,1.085625026258093,1.321299993119197,1.425842615379991,1.483747992982132,1.7018838434726933,1.080609945500132,1.3530105885677297,1.0384553639572025,0.8262842571882592,1.1000243363325475
4.692610989483428,4.918727290539721,3.0287687142834763,2.1272055976345334,2.8229167232663044,0.0,0.0,0.0,0.0,0.0,1.0161780091027603,0.7350294006834064,0.940936200166942,1.186881251585038,0.7638027348261809,0.5422787745028752,1.5642819155781855,1.175453308852749,1.0273015304614102,2.0117754880108447
0.39042236514685297,0.39893325612553915,0.3948328467674216,0.2796519439231803,0.2920478486752948,0.0,0.0,0.0,0.0,0.0,1.1995825701535716,1.5164321819012034,1.3093988991611576,1.6344247519102908,0.8929185043420919,0.9098639112308657,0.7387480610865172,1.0659474716087587,1.1055555288250316,2.1301383615819054
3.0010199410937743,2.9939886892837104,3.063204648381693,3.0360421035667464,3.7459614334459843,0.0,0.0,0.0,0.0,0.0,1.1773401515362063,1.0752994938312008,1.2505812748599254,1.283719527555205,1.127135970102986,1.0276119864422202,1.2328934789815384,1.0970310773023846,0.7094680393676731,1.019800390876342
1.1843668554629077,0.3566932258719878,0.46913969271267464,1.4403565988234124,1.5189746603050058,0.0,0.0,0.0,0.0,0.0,1.7667152030848075,1.2328828739317361,2.0650217086577443,1.4838631085271414,1.2909856165385234,1.1923194799968928,1.1108929728724217,0.9786463008078027,1.2727125768199672,1.238181137869451
1.5604040468690337,1.284255006284163,0.7364198747564474,1.1783687071541233,0.2959298780480982,0.0,0.0,0.0,0.0,0.0,0.8467488226626227,1.4488510419649518,0.9126951999546244,1.1842863265047072,1.2273291113625082,1.8437679251993884,0.6084928345728982,0.6986830957590365,1.4898652498712612,0.2108420692076956
0.34081704776298094,0.6686316378949957,0.2734371390743075,1.086002562867646,0.2160036812665481,0.0,0.0,0.0,0.0,0.0,0.7548110127678125,1.1821405312492017,1.5431954293378876,1.3699023282611733,1.690846743830624,1.6515942334795717,0.9408135287655628,1.0505583516025172,1.139565449779036,0.9166946157065092
1.3641990205957253,0.8636656020261402,1.046444912147533,1.9570427006961437,1.888532828440259,0.0,0.0,0.0,0.0,0.0,1.1097935014888833,1.2273437149821715,1.5681250256714012,1.3428533767006725,1.5109569185906757,1.6985217207043999,0.1509975957814073,0.9527907400225137,1.3893424387244597,1.1365662212393433
0.21330942125193944,0.1880814735399823,0.150362925195242,0.2158614254247048,0.20405063453987698,0.0,0.0,0.0,0.0,0.0,0.7454195147402828,0.4925124077565887,1.2713097462448022,1.6075448790582043,1.7260770967148582,2.4469250854392093,0.5384552318766521,0.9762895602286301,0.8254879949313052,0.8877452598091788
0.08044047876824548,0.4369477055166566,0.06271101220004324,0.789094217263866,0.42128414561641875,0.0,0.0,0.0,0.0,0.0,0.8708874341811863,0.45913803340686654,1.0717956574555154,0.9428590766389305,0.8094868161964679,1.822232345276472,4.2191226185718715,1.182498764976016,1.5129005787551502,2.374776911497119
0.5504611351298637,0.9112870517122873,0.4251670395244635,0.33874497651311714,0.19877849869671688,0.0,0.0,0.0,0.0,0.0,1.0921398195601215,0.620533418133174,1.272439778884074,1.5872305413218923,1.7477634947629719,1.3484102943273908,1.8439274263126706,1.1271597187127782,0.9435612124020148,0.9439067339740158
0.38048658124638185,0.7057891936684266,0.31124096757963293,0.4076125437242843,0.09821255487646433,0.0,0.0,0.0,0.0,0.0,1.3427189880552601,0.8560856825672497,0.4222711629417184,1.4370002366522476,1.525883193909982,0.44488308971145396,1.8900991133957707,4.041786448502707,0.6695393510228922,1.1851447448607833
2.181235519422458,1.7730516333084254,0.9867266826875636,0.5678737904672174,0.16509236607914035,0.0,0.0,0.0,0.0,0.0,1.8088911876355749,1.754406273339553,1.7094629786562467,1.3277936522529832,1.035214810195447,0.8792485491292383,0.9028125152195615,0.9510661966700719,1.3539992269360497,1.4087724975800135
0.60330068464768,0.24209552821026437,0.3806026146233082,0.9388318534423308,0.4798102379819508,0.0,0.0,0.0,0.0,0.0,1.3001998769821737,1.5827509212157507,1.6989997072776941,1.9067685100216876,1.7988722283570446,1.1106098064672243,1.1100297164109787,1.090048939641682,1.0900556482581456,1.1482691972673142
9.337013410959962,7.546099289033172,4.749892588080237,4.7297620794009285,4.085013042485096,0.0,0.0,0.0,0.0,0.0,1.858768212546039,1.7693066622379605,1.6481594174023486,1.2168704056717363,0.9792360137232841,0.9468281866438,0.9223176938737905,0.9410881191735538,0.982822249005476,0.9618718825494588
0.8216858658526707,0.10943618354791003,0.17428938142095152,0.3335837478648588,0.5543696850311808,0.0,0.0,0.0,0.0,0.0,1.4336863677121237,1.935126992926624,1.3974481947189317,1.9149425016858583,1.3484857998788864,1.2342503934751237,0.9131022417500635,1.2747070289451605,0.9901667082826271,1.397731579815074
1.3822842267654003,0.3845033432352989,0.39623842333213843,1.2760681045284261,0.875010628321335,0.0,0.0,0.0,0.0,0.0,0.7642550890669564,1.6584659626031404,1.4065569707688284,0.9985415177202089,1.4119638672909178,0.6706515872906899,0.8544316142473282,0.4009036678492703,1.723889868330504,0.9929666732649611
0.26147010300339335,0.4232284343286061,0.36222468455528456,0.290092843478048,0.18464649209327638,0.0,0.0,0.0,0.0,0.0,1.3329336936067602,0.8582998708575221,1.1547721314349213,1.4370579127983412,1.2306743294761635,1.2216717966767041,2.0007424486414256,1.7983182740896946,1.1218518755190754,0.38735932339045537
4.402579267179982,4.45393143173558,2.1421084904174736,1.0417796294901627,0.47985607441487926,0.0,0.0,0.0,0.0,0.0,1.9472082858631194,1.678405181296485,1.75352525097623,1.7964745217756186,1.565019884709137,0.9405162216657159,0.993271138788026,0.9510905987885129,1.0551690705620855,0.9824062466634783
3.2184007184589114,2.363779428527481,2.0970797566825183,3.0878521950522724,2.44220382767525,0.0,0.0,0.0,0.0,0.0,1.0975859581670757,1.3497090238815739,1.5387424493067805,1.4063344341474464,1.4597507094528166,0.9902407752515089,0.742588647425169,1.020686015834808,1.3440397902714512,1.225511888743773
0.7162186585945804,0.4970687204045342,0.6638182860454065,2.3791388239152735,1.8419733158074834,0.0,0.0,0.0,0.0,0.0,1.642453729343872,1.1747297017278429,1.3766730817187958,0.3686593484490108,0.3287930457709253,1.2250700713049447,0.6246600760290941,1.089658112823977,5.545158340834823,2.371928545672884
0.4026004071917977,0.3124860086114318,0.29828615493142885,0.2824279519477145,0.21243939512648105,0.0,0.0,0.0,0.0,0.0,1.13891802885374,1.3569033494721827,1.3631645743569971,0.8965655283559382,0.9355051760408355,1.2243101893952626,0.9621797786678717,1.1316899727082408,1.7945682199071757,1.6324884362652854
1.1012894126225823,0.7401548418490069,0.3343614664332545,0.19666422091880173,0.4765098986887869,0.0,0.0,0.0,0.0,0.0,1.4877843613005184,1.0875686041083281,0.43205157571058583,1.5338071154600903,1.7415256107661892,1.3633886889459759,1.6313884814893418,4.15470028966427,1.177273673162628,0.9522455450409072
1.1452139965553896,0.675895157504632,0.6569260235021541,0.49892820753145956,0.3665677424330022,0.0,0.0,0.0,0.0,0.0,1.6113067916877533,1.7120481107131047,2.01680316786707,1.8358860403391013,0.9722944625449157,0.8800473876555719,0.8710171149162823,0.9381392578365819,1.1313746678899974,1.4838952832789518
1.0191980573115584,1.056796667558228,1.0457898036758295,2.962395152366059,2.5500653344093562,0.0,0.0,0.0,0.0,0.0,1.5221779098128305,1.769709562790581,1.5517042084869792,1.174111630647418,1.1573246519349023,1.1674492609150002,0.9749297535836938,0.9819545175478253,1.286269756865485,1.4321277698942068
0.2703753633163077,0.13689573931132565,0.14487450115744996,0.2890708854632332,0.12544502923010045,0.0,0.0,0.0,0.0,0.0,1.8375518968246463,1.3947076755174148,1.8917603606696507,1.5750486636602108,1.73114943482217,1.068287752921134,0.3801797554528843,1.075988096822384,1.1647125561141725,1.1226180372169208
1.4803871331793383,2.223223676334824,1.993752051495982,1.3155544192122552,0.8561591061944831,0.0,0.0,0.0,0.0,0.0,1.3528554786986366,1.1447946265096343,0.8582255679661603,1.2614485352658789,1.2373144114915064,1.1225262299588488,0.7460423924048731,0.376755415051013,1.3370710625278601,1.3063011706769025
2.484619675193808,0.8030582893621782,0.11239580086030725,0.9019138852911313,1.4198699958904535,0.0,0.0,0.0,0.0,0.0,1.6094189080499117,1.5917106994229375,1.669011550989442,1.919424123519598,1.9635560616849526,1.2324942031353778,1.0393999959553268,1.1487649193342824,0.9903451597631253,0.9352698555110953
2.1326798069332717,1.4887624017533816,1.33001828384278,1.3965809803213969,0.8812675051535473,0.0,0.0,0.0,0.0,0.0,1.232952864535366,1.1077868106390205,1.3945406118469097,1.551090723898468,1.6276332364731445,1.1440857360832826,0.663222027462409,1.2282602876352702,1.2741324440878845,1.1589926109465913
0.40786179368687137,0.42589515475430895,0.23172170665889363,0.6628885079609238,0.6432027272319252,0.0,0.0,0.0,0.0,0.0,1.3388724947699506,1.5230033379063035,1.463499479753532,1.4337182504135328,0.9221321853985527,1.084906359627714,1.1687625867409936,1.0565363891026083,0.9388642211533401,1.7333963685478608
0.5574379969976034,0.3663879172045982,0.43476370673292,0.6167449024035225,0.513041530843822,0.0,0.0,0.0,0.0,0.0,0.6028400087731848,1.143126087442243,1.2982735289086764,1.0041885687583674,1.2512232724442967,2.3675057577023915,0.6855156878762784,0.8165881821554025,1.4716872335136868,1.0928525595252137
0.4405278118722655,0.3736229436463784,0.17996649539740944,0.3868954287952119,0.19186069820046683,0.0,0.0,0.0,0.0,0.0,1.4019036903906814,1.4993375698000067,1.6721362558450459,1.8238648381359148,1.1329943363710548,1.0326454519477994,1.088671098860861,0.9609665387403179,0.8674454874888109,1.5091885181800961
1.309299074418531,0.82504048019602,1.9855054688571734,1.11026343999692,1.7427159353614772,0.0,0.0,0.0,0.0,0.0,1.8843194042127938,1.8887205556716453,1.7931516024762002,1.4064195596729536,1.7526664463544828,1.0758871132092156,1.0364077431018615,1.107969013382068,0.6777228239118389,1.1960100858134666
2.6514764087090645,2.9225865047550275,2.6469667998303392,2.5634774319983578,2.9824949394267875,0.0,0.0,0.0,0.0,0.0,1.3385509295013993,1.1076883472706505,1.449905610747443,1.7008969959998739,1.5169765933567991,0.8412113332266749,1.18525157763603,0.976871535266361,0.9695629103418711,1.1744349544981112
0.9587124627461112,0.47533656393840945,0.3599709588577714,0.6140969606033645,0.3523384133138293,0.0,0.0,0.0,0.0,0.0,1.6876621335337212,1.821900387162326,1.2833442992278752,1.995628657035756,1.3077335849285765,1.0202299216200068,0.882589476982922,1.0298109300770821,1.0172887916021418,0.9733388034958605
0.8983040743451453,0.26048927127872445,0.17089768274112632,0.2026710884505203,0.09385411875505309,0.0,0.0,0.0,0.0,0.0,1.6012100976814136,1.4062903042690948,1.7721109888947326,1.6483571038339728,1.2721242179603993,1.299733606185043,1.1508621614406211,1.1285047804384594,1.1218140273744586,1.3090376889670126
0.0,0.0,0.0,0.0,0.0,0.0,0.0,0.0,0.0,0.0,0.0,0.0,0.0,0.0,0.0,0.0,0.0,0.0,0.0,0.0
1.3751571352046725,1.5546409273129622,0.7610142508612656,4.06257095692939,3.1491527531694943,0.0,0.0,0.0,0.0,0.0,1.297306379146686,1.0633369390011354,0.7745022887676396,1.1514612358438825,1.2434925921349078,1.5018545643013503,1.483165858196632,1.2761676792311687,0.40320414732801274,1.229663272948865
0.652638116146479,0.26624220544989097,0.1501570728914738,0.24346408433083852,0.6040726908629332,0.0,0.0,0.0,0.0,0.0,1.2379223674949376,1.5866084109634027,1.723618064989509,1.3217262008981978,1.3357077314347505,0.2898771783510363,0.9318110448465414,0.9256634486029884,1.4526483309357168,1.3113416145740195
0.35316256742150454,0.11132254730356417,0.1605231122369115,0.036707299153967775,0.26682765701353317,0.0,0.0,0.0,0.0,0.0,1.4341597834573767,1.5374308257796268,1.7479404263908052,1.744438293488222,1.4954098443098176,0.9495371241488286,1.271103904463535,0.9562637574876577,1.158060950227826,1.3920962412659539
0.10262083810007447,0.05011133547680674,0.05047473238872435,0.0420683051112513,0.10121751772480972,0.0,0.0,0.0,0.0,0.0,0.8861214636932742,1.9993517561087282,1.16831174291462,1.9425637699685683,1.5206037455541468,1.9874519626227434,1.0293122390542009,1.7158937548657645,0.9425718217684315,1.3393275642461284
0.1167418146112363,0.043621529577919635,0.07558066475866945,0.06857551351141163,0.1708725615074398,0.0,0.0,0.0,0.0,0.0,1.5913503515941474,1.430784824690192,1.8549917454708607,1.26454642700962,0.9693809152375936,1.176890207858537,0.48071223538536717,0.9905209320742889,0.9889985426163056,0.3372922986683346
0.5389768225602313,0.23164727421707446,0.14973897812284304,0.20474478120544717,0.3601916218623346,0.0,0.0,0.0,0.0,0.0,0.9795299269401673,1.406015494134488,1.4202170537001222,2.0626245896651354,1.4924997522368864,1.5974907256938529,0.9701882128015743,0.7805914887533849,0.9389850909043382,1.3884630263690256
0.16474309673517845,0.08121477229933084,0.13538350117749542,0.10656205092590061,0.12909547020784973,0.0,0.0,0.0,0.0,0.0,1.3777901672236101,1.2681406699539233,1.339018547356189,1.1439504369312097,1.452988351978983,1.1957962737262913,1.598206709465241,1.1231012830262015,0.5965356223867684,1.2885252405401486
0.9961213560288706,0.4964106659704763,0.966225298768048,0.46971457851959436,1.8018750889324164,0.0,0.0,0.0,0.0,0.0,1.4254413968080284,1.7330942714052642,1.2053177634719048,1.2955222275598093,1.2257554810414633,1.2253439473378605,1.2054595087233047,1.6015987931694726,0.28686758580083527,1.481508146889617
2.0130637629493835,0.4593248750622555,1.1290072941200417,1.491851277110342,0.11383608560256034,0.0,0.0,0.0,0.0,0.0,1.7088660788024856,1.7045058762381358,1.9108587784513256,1.5052309827519557,1.1414197187065904,1.2066028155888027,0.8687210662392705,1.0888110257244343,1.132355880195287,0.27933311436244657
0.9313065740573059,0.7551260633654291,0.39863898011161025,0.07221565596589478,0.184128402289772,0.0,0.0,0.0,0.0,0.0,1.3378490493261272,1.1297016561608781,1.6555168591505636,1.8597973002377575,1.1918070922813202,1.149667232394218,1.8333357029431476,1.2282030688922965,1.0861216846744317,1.5616379074340763
1.947431359931174,0.6583418570027384,0.9286114634702907,0.3680624427251693,2.0503844799272373,0.0,0.0,0.0,0.0,0.0,1.2465471026087724,1.945233465111276,1.085390337521575,1.8956220472788767,1.1842165976487287,1.6210142924621187,1.061537952992055,1.658600551036963,0.9553328575078206,1.6563173072676884
2.4302074873973436,1.199982436239777,0.4852775084950675,0.3477099072599963,0.6313117935733135,0.0,0.0,0.0,0.0,0.0,1.540080050128702,1.5848812341819125,1.9339247427967015,1.9403511182271864,1.3807626355129172,0.9205074667374764,0.8290647103688559,0.909240379424453,1.0843567378010988,1.0147068715849292
2.9291960777897272,1.2262082310657043,2.2318979466954225,0.14608518819373623,3.4747857204853903,0.0,0.0,0.0,0.0,0.0,1.316043893338615,1.4262778578706066,1.3608451787353548,1.199695312655685,0.6761781798349844,1.3168028144412858,0.4332505890962314,0.8331231718008526,1.6841542969461103,0.6403355345535047
1.1401879963082635,0.6195242594077255,0.37828273441202387,0.30960402624578226,0.562888922370486,0.0,0.0,0.0,0.0,0.0,1.4207927249826677,1.5934000256954328,1.6464838534424349,1.8618702635798259,1.3627289935988103,0.9257752657083202,0.9559545341629897,1.137915828212439,1.1060147501929616,1.1188819962088137
0.313580948496366,0.09884247910560078,0.06056187993607091,0.17450916775536626,0.10084714778172596,0.0,0.0,0.0,0.0,0.0,1.6656039370628932,1.492457937898487,1.3832845514694716,1.5317932252944277,1.9181081431250877,1.2388597898015636,1.1730469615477568,1.4634852637831357,1.2710399989421584,1.009583359195808
1.2920791496200104,0.7899047482519475,0.22651919138068818,0.16456131052846817,0.9282888039153768,0.0,0.0,0.0,0.0,0.0,1.7307841146212246,1.697718749046344,1.7318811111955639,1.4329968898360106,1.6306676870222134,0.9004635179606489,0.95772628483285,0.9545421468236662,1.0555885882590672,1.0153532836335182
1.7185598366461339,1.7476349913572324,0.773470136374744,0.7161586698954624,3.5439311495349886,0.0,0.0,0.0,0.0,0.0,1.7915170357396286,1.461707793838313,1.3238611120592338,1.1000534874306935,1.2665602325323988,0.8779971213410539,1.0268094384211925,1.2506512404074883,1.1238118578276426,1.2076331862471128
5.830312207452089,4.609622758224761,1.9108351627489288,0.8128810151905302,0.46279588501803304,0.0,0.0,0.0,0.0,0.0,1.6918389566040342,1.5460633851578058,2.0451091979916187,1.1801758571270935,1.8842601774572296,0.9945801189057905,1.1315607853069602,0.9523830797834276,1.4679213378653644,1.0548109816821627
1.6000124833622658,1.6125615252063317,2.0947252678206985,0.39266722485371164,3.7448198966993935,0.0,0.0,0.0,0.0,0.0,1.269705562676785,1.7302453799427508,1.7124508555741855,1.6054707676304796,1.750460575132177,0.6718781821354248,1.059529828681357,1.1559751071466515,0.9935355401767175,1.1698144268454125
0.07729821704196613,0.04991221210780496,0.07151118764419513,0.060679361465066896,0.08059352010610708,0.0,0.0,0.0,0.0,0.0,0.5315449314535978,1.230222860051704,1.418377775341822,1.3060792517940139,1.5631857953219879,2.1762006015024946,1.62758171953939,1.4666482411828452,1.0779382427446218,1.0593447761682895
3.018928263042929,2.016890608318411,4.916923848027514,0.15550644317754792,6.429577812230143,0.0,0.0,0.0,0.0,0.0,1.7252649588957762,1.759637112062414,1.5681929870975784,1.7023430918804363,1.373059461682206,0.8506353342101287,0.9671467217861158,1.104720307452876,1.1988963115581213,1.347913907617999
0.5068563776705133,0.14377919672701503,0.15180298346648566,0.36384475823749485,0.5860042996345676,0.0,0.0,0.0,0.0,0.0,1.7063869096338182,1.4248221119655313,1.6445241789487561,1.5550352170437962,1.3678727293867046,1.0464903347139793,0.6203301597271873,1.2787304600272058,1.1355531517759136,1.27869146437271
1.5859988153013707,0.44060854205228867,1.529113177684755,0.35906555866536294,2.3093854654754926,0.0,0.0,0.0,0.0,0.0,1.355245336581858,1.871948745264954,1.7120845942288878,1.1262688392937588,1.628609956145639,1.025420782665907,1.0421806918925096,1.0163268965644114,1.2405270932078243,1.152644081616423
2.4574541463055453,1.3191817558780228,0.3220797763158439,0.8042802826948972,1.931088290489019,0.0,0.0,0.0,0.0,0.0,1.6270542708957088,1.7728918062158205,1.785534653740867,1.6000989260797978,1.5945166409386111,0.7999128975726747,0.9341387388661455,1.0972895665528175,1.0603648070023877,1.1166571589692866
1.398345268655349,0.7619334977924976,0.22782400890357568,0.23445889646958745,0.551111995890346,0.0,0.0,0.0,0.0,0.0,1.475607450208759,1.509105559779831,1.7715755756160934,1.5075696005428052,1.5735036038395236,0.8379375578322196,0.7710568998171365,0.9132118095254463,1.2600112955277,1.161518253153778
0.9898061479605916,0.2018673868764998,0.24230667646121287,1.0685886434563188,0.6476064645561608,0.0,0.0,0.0,0.0,0.0,1.8066465215733545,1.84357257617852,1.5855998485795746,1.9168255252266184,1.9363292472057738,1.1166754085170587,1.1049222096309537,1.137408052118574,1.086048289498188,1.0697300830351624
0.22504248478187142,0.17554230462961573,0.1622261353330873,0.08336017324494396,0.28962320843555184,0.0,0.0,0.0,0.0,0.0,1.7727047656161279,1.7219573012451541,1.1897462817441498,1.575324438635561,0.8485499052363491,1.0294369998442436,0.8588413198119859,1.266321579192964,0.8763703764712333,2.107483418498112
3.165102990867105,2.3377146405164297,3.9149034011353914,0.7923020938962473,6.04001811875016,0.0,0.0,0.0,0.0,0.0,1.6501663227666998,1.820920853344468,1.6404822480745762,1.916696540698375,1.557688598702549,0.7956239818903559,0.928583641233065,1.015308188711349,1.0368784095515635,1.225864657394966
0.7811735598985863,0.3725355639614996,0.30179949750001195,0.41261690084747915,0.6526215929142072,0.0,0.0,0.0,0.0,0.0,2.0469623745539547,1.6811377317266367,1.7708593783907114,1.6785849133494795,1.3102153599924269,0.940106390316845,0.9893117111503906,1.069657405226973,1.125737803374664,1.350510364501198
0.21346860917764343,0.1229965385797819,0.28660602535309193,0.08553820282155321,0.20737094592059666,0.0,0.0,0.0,0.0,0.0,1.5551382029783818,1.2573586544767261,1.7296858624177924,0.8759613015541752,2.07598310875566,1.2461689453138998,0.9734240801628412,1.1471507371913792,2.0485441056343348,1.0014483817175177
0.13739790431963708,0.15722662717344538,0.10216544292517535,0.09560138992528161,0.16881993443907178,0.0,0.0,0.0,0.0,0.0,1.4503134820652772,1.6397260022129152,1.0074647711011302,1.8658953226412691,1.304831346908116,1.3818748168051322,0.9488558540257476,1.908733381383009,0.9754924045650423,1.2943005888536947
0.5149947372627557,0.27408758631756575,0.1157267759281582,0.1074006570293284,0.15386928550131482,0.0,0.0,0.0,0.0,0.0,1.620179255734995,1.7716186097253601,1.9585565121069968,1.6810605837957053,1.2513370685701988,0.8745611982103316,0.8994806431279436,1.0118627325622207,1.176296842206278,1.2824856378921698
6.256892102381217,3.5978139326434215,7.446045117098187,3.7179510503624584,0.6815472137493768,0.0,0.0,0.0,0.0,0.0,1.3508370919863046,0.983881094582611,0.6832356008592746,0.4321658933249614,1.9165338582770681,0.8036981112531102,2.094822081214956,2.2539723088497348,3.625283171823208,0.9697411974035787
1.185249274424497,0.5820868345366618,0.7024744126249353,0.5884348925753984,0.4069556171232988,0.0,0.0,0.0,0.0,0.0,1.1330859725771874,1.0816618725598537,0.9765395670650957,0.966410303196635,1.831352603943654,1.0469673411019176,1.8916984789451625,1.7170075789487351,2.0601639398618263,0.9678528606056871
0.10222616898874888,0.050061921829904245,0.03452465780592849,0.040937412624279745,0.052697275923978396,0.0,0.0,0.0,0.0,0.0,0.9629183794373929,1.2411160210236698,1.177805547490566,1.3360026014026123,1.5767470683876164,2.0967060911904563,1.5040314230150733,1.452260407137899,0.9453848430577811,0.8570605629429677
0.17843950992082383,0.5028286455956711,0.6731999018317744,0.3758102877289352,0.3564618587608368,0.0,0.0,0.0,0.0,0.0,1.217960197730668,0.5612006060348484,0.8602329509684443,1.282988303245966,1.6776775028934852,1.2147650618440968,1.9302758300161023,0.980223735989018,0.37786766607169286,0.9662804421596318
0.7173347652105921,0.469051976488582,0.6493196630485272,0.43139799952513364,0.15300136342374632,0.0,0.0,0.0,0.0,0.0,1.0521981813257637,0.8947960366284774,1.2386671913990246,0.8459769822692815,1.1880138787185792,1.8136276413365915,0.38146729878415314,1.1584771946234156,2.2254423018852276,1.359825994897939
0.38508116959372674,0.14952281695466746,0.07847175354572711,0.1664102762721492,0.11694535196798166,0.0,0.0,0.0,0.0,0.0,0.7635361213407006,1.1114999937952506,0.9158220493257392,1.1256697171581553,1.0609225794338468,1.794729327584537,1.8756009294179001,2.2880034220089382,1.4932237428062298,1.513201080151683
0.8658825979702953,0.5528225162773582,0.39544895810881586,0.3193943224692044,0.24429439210826942,0.0,0.0,0.0,0.0,0.0,1.6961794650396438,1.4013668436325843,0.942966191376957,1.3117752147169774,1.6506326073065005,1.2199363145307425,1.4160757503938632,1.7274415608484675,1.3909451625015177,1.1222370933559014
2.8814717307743125,2.5034785333054907,2.3184198229625186,1.6931428854481823,0.7039072099654023,0.0,0.0,0.0,0.0,0.0,1.2692434149310252,0.8623238482538665,1.0364005671358396,1.3931505378585145,1.4578388301840413,1.3162866329396614,1.2225551675324648,1.0409246069915612,1.220846628185776,1.4344212932420197
0.3318300722107165,0.3013940775095887,0.5558857463635263,0.07165131313167114,0.48753925316400953,0.0,0.0,0.0,0.0,0.0,1.6961109349089463,1.6158876444296264,1.0691455274509132,0.8332394002638281,1.1004066693091206,0.9860508286581452,0.8103879681268438,1.637271775195565,1.5010721525830768,1.711429929863689
1.1144808342720343,1.481530214238231,1.061466111579443,0.947912441066029,0.7308900258960003,0.0,0.0,0.0,0.0,0.0,1.0917526502937334,1.41311168241898,0.6907424395862517,1.551818811068231,1.383272951436179,1.7646417884456367,0.8045015306816256,1.5301290668612773,1.0925543055482378,0.8641921333691228
7.7282699637119405,6.1099399685959,4.934833159085135,3.545697417908035,1.60392598411049,0.0,0.0,0.0,0.0,0.0,1.0926502948964014,1.09670545156141,1.0207573176726912,0.9554270161155316,1.2544264062574662,0.5972623817085978,0.9959616578699224,1.310357412229915,1.6206695450791344,1.396788197774791
0.1300072805677573,0.3372480123416146,0.032810053576203625,0.24016358473474328,0.14828078121451463,0.0,0.0,0.0,0.0,0.0,1.738441308859201,0.8520397887058166,0.24847707220247356,1.237584890267644,1.5940037609082638,0.9675709112173676,1.3579936595309827,5.547613816173724,0.6668302275571742,0.988533141270728
1.5870916869784213,2.308821196283115,2.350055084870422,1.1912926808782451,0.6334817602644746,0.0,0.0,0.0,0.0,0.0,1.0977859423866216,0.8540254914256681,1.1087320778477823,1.222525653700969,1.503272402200309,1.726224809556412,2.035570418756442,1.4322874801394516,1.2517359832629542,1.375023799066023
0.32281458488943604,0.2691550093311587,0.07017686788333546,0.24641620813919474,0.4668912085637878,0.0,0.0,0.0,0.0,0.0,1.2037390539718233,1.3791840352448765,1.2017077734513713,1.6181029951218502,1.395901879830948,0.9439108856854614,1.1915861739936942,1.279494964881527,1.076013020974818,0.8585782283588167
0.5030302590675351,0.3891028151594377,0.43861588927481704,0.2026366461139343,0.010262103301685125,0.0,0.0,0.0,0.0,0.0,1.2966474181186138,1.1967785972155554,0.6247958622473896,0.45717804469659207,1.7658342558655367,0.3191019939344821,1.1541261301953534,2.3441661485969587,3.506569248149153,1.0508198005327771
0.3475962770738743,0.21565016014077032,0.4431807412616141,0.33611377649827245,0.023496832375157088,0.0,0.0,0.0,0.0,0.0,1.2207587305545162,1.0101783327416705,1.1530266340839426,0.9301416704628178,1.110173975862271,1.5264392308410935,0.42459190976011424,1.3512560174472508,1.9604795009833706,1.135563936300543
6.6393760862200875,5.0581874460277,6.62100559092755,4.357625052483825,2.2205572775264484,0.0,0.0,0.0,0.0,0.0,1.1200695645610315,1.0780079949800638,0.752054496889588,0.9758602295384643,1.6655993870037615,0.6922582053164681,1.5958752620581265,2.1386909177316586,1.4141738575013907,0.8366805199222729
1.9848944171243352,1.2723670514760825,0.8918349522602034,1.504873512045296,0.3076830146283257,0.0,0.0,0.0,0.0,0.0,0.9717303015383427,1.5120043492233965,1.407464832613442,0.7135109506277371,1.2495336634811185,1.6494482012324407,0.6183071836162284,0.8909543807863743,2.444055487123792,0.779587261905061
4.533690483018843,5.742663429276897,7.099966164877972,4.618782840726466,1.3428293465453893,0.0,0.0,0.0,0.0,0.0,0.9176928828803482,0.764418764995664,0.8907941860112437,1.139782538594371,1.5759799145355695,1.675721431100934,0.9446437706486583,0.6379147095195202,0.48115780063784364,0.8797926053869046
0.3443240776676654,0.24524299761184548,0.23579367917332297,0.23805671784867616,0.028345547434085138,0.0,0.0,0.0,0.0,0.0,1.1854715604407724,1.3562655416807534,0.7562517897946246,0.7118898299410007,1.7629558365838465,1.3316469242087678,0.26883610475666947,1.7418390307120402,2.8058773813482296,0.9165001688198345
6.445104266421325,7.306805128730003,7.677428183496585,4.982705607787488,2.2973630547866133,0.0,0.0,0.0,0.0,0.0,1.2783103630253005,1.0998979713673231,0.9847999755229615,1.2097884284120315,1.4978327111764789,1.1764422424541308,1.1134625588864195,0.7377078212297752,0.6590423498778593,0.9382229764237127
1.2753265991110938,0.9357817270838721,0.8705913220934672,0.6936939981823432,0.23150771480137786,0.0,0.0,0.0,0.0,0.0,0.9863295871169631,1.2476698145032155,0.9126961400428675,1.040492714255854,1.5851777933012616,0.7373503989411211,1.1753270206104753,1.1107451726318005,1.2688928255374055,0.9713811650313232
4.134436130432933,4.026967987369928,4.3387451694562165,2.834520167681288,1.547072191093487,0.0,0.0,0.0,0.0,0.0,0.9185424375764033,0.9696663717779206,1.0549454380225416,1.059186188635703,1.5661745884175828,1.464263150287544,0.7516401324908432,0.7260234969498255,0.8913484463588951,0.9645286872565759
3.6300107339092813,4.015642446313253,3.3902301682868474,1.8654191346622333,1.2145530842747714,0.0,0.0,0.0,0.0,0.0,1.359937166301643,1.1485414020535338,0.9683952618958945,1.1890475706188757,1.3142524490637135,1.0075526309212621,1.1170809040889609,1.0228115756420213,1.0538271398090633,1.2047591801436186
0.26958940432296863,0.419752507168419,0.3161630094101173,0.1898010189986795,0.27958438215233583,0.0,0.0,0.0,0.0,0.0,1.4052186010171943,0.8724491146233565,1.151164200607359,1.320868895649039,1.0732888592039518,0.8107335500160865,1.6618028827313525,1.072538512140868,0.6307742002320864,1.506650505749672
0.24347863136675904,0.34442502850078693,0.28037203917281706,0.3690995687667596,0.4176811578063301,0.0,0.0,0.0,0.0,0.0,1.7342020031709022,1.3605124760472715,1.4464552860631763,1.7221018011294171,1.7357695348944986,1.1538488523988322,0.8883815019838586,1.170997699077688,0.9726350559816673,0.979024451842129
0.15713437351395926,0.14337307661318294,0.07451888415580535,0.1238884949675112,0.01912050740963553,0.0,0.0,0.0,0.0,0.0,1.236863636550857,1.4678084872050634,1.3162916362724493,0.7597381744617183,0.7822674035092988,1.3272527296230845,0.5394720258909143,1.0518513195383532,2.027236111630581,1.4719451663707377
1.8827462067070873,2.47162954296424,3.36561934475192,2.424769140352211,1.7789106278057756,0.0,0.0,0.0,0.0,0.0,1.6076408149542538,1.0954041225027942,1.0645214363614852,1.3049823438760113,1.825140993883452,1.0963651343753629,1.4382467758500999,0.5023280780057334,0.9030505418985193,1.043293586681866
0.4089237245077978,0.6544315076934494,0.04712700004392374,0.32545641564100675,0.5930938592815926,0.0,0.0,0.0,0.0,0.0,1.1761029062023405,1.1032514411129177,0.9042089912731911,0.7896509116210149,0.9984591429727022,0.6362667597324503,1.1112036812891604,2.052819484840145,1.816600686783127,1.0225630384590656
0.03430139760560681,0.06586270283328441,0.05446577180436892,0.08812299959968976,0.05100266883480144,0.0,0.0,0.0,0.0,0.0,1.613047698673927,1.4807234069294697,1.1757253228277706,1.2774580667026563,1.2951427919235803,1.1533734076700866,1.1594495282049988,1.4023642609169717,1.5606791778397393,1.291895334048893
0.4813037526295087,0.37515148672990867,0.13403294191303422,0.34678435022469756,0.2745644684850433,0.0,0.0,0.0,0.0,0.0,1.6322852790351794,1.692845897166319,2.0078615366856054,1.1605928699492576,1.0348068407990572,0.8145607578427606,0.9226191616564087,0.9656311321021432,1.7357280649965303,1.667806112994091
0.23233026059566733,0.4677996334933151,0.15898300010240085,0.367076538291114,0.08853728442768671,0.0,0.0,0.0,0.0,0.0,1.7686520715926082,1.6620893076100154,0.832294474707343,1.885454868559037,1.3222217129562694,0.9537540996822227,0.9354600982951023,1.5779299058649956,0.9688280815637266,0.17688547186686818
33.8171580643081,11.74178246290847,11.356117750693386,4.235680931116415,16.34393568317835,0.0,0.0,0.0,0.0,0.0,0.9130961950567474,1.5483312909666525,1.491166446561552,0.9492185589777253,1.1144737731953749,1.8054826954593657,1.132906111554705,1.0423900573570988,1.709793309915817,1.673874723336146
3.389265776778532,1.6759268763032509,1.156077493565223,2.0770219077610053,2.233532585134654,0.0,0.0,0.0,0.0,0.0,1.269192743424513,1.231082828127754,1.0063449139073333,0.7220585062527085,1.4786947944589566,1.3310873642475105,1.571679804419321,1.935577095601321,2.6949855565951215,1.3559219835245904
4.776427041326527,2.2829930401160268,0.9964023196628986,0.6763290302416426,3.5239044705243545,0.0,0.0,0.0,0.0,0.0,1.3520675981690475,1.6332755493235127,1.5627254275513285,0.7527818454326625,1.2460150583898204,1.5101218488162165,1.1219247652081057,0.9833886351824317,1.9903508228656195,1.401608768100812
1.017915777313105,0.6761075187975403,0.44425974806240803,1.0408710804581873,0.7043061626275972,0.0,0.0,0.0,0.0,0.0,2.0688147827350964,1.8673081896047998,1.5472322578715267,1.8307169242890835,1.7568226442758959,1.0139352440760498,1.0964639349339953,1.0539218495927034,0.9790719475561929,1.161808270128465
2.099274245238096,1.0864578327392798,0.3024650353075101,0.48420548361951354,0.8821609948982726,0.0,0.0,0.0,0.0,0.0,1.7824738832103253,1.72421989900882,1.6215608782614324,1.9251568187932004,1.8057833682492095,1.1368408888212918,1.1492614735601994,1.0060848464482381,1.0529530222519994,1.1408095008276509
3.1734214142248307,1.5658956367324692,1.7371201851365305,0.4956161194542103,3.134587993643398,0.0,0.0,0.0,0.0,0.0,0.8530055929164606,1.4102596281420825,1.411450080091525,1.057586739695717,0.9031899613111668,2.306563142024149,1.0063929608472544,0.8491493088418557,1.8406557226570737,1.5689373680391998
2.161149655656073,0.8773553041125458,1.1059597948031292,0.3404607858918506,0.928828084993006,0.0,0.0,0.0,0.0,0.0,1.484999924993476,1.7816339748227423,2.0848965237513566,1.3878003342455651,1.8434991972529886,1.1034436973570783,1.067154307911677,0.9758406430179554,0.792642585305067,0.9967358167223189
23.075755330962927,12.678247606456086,8.694925961130846,2.1937710909766532,16.903366169663826,0.0,0.0,0.0,0.0,0.0,1.3360934010661984,1.5859522384670173,1.5275473743532286,0.8817002198437734,1.086008781953106,1.4630011757746098,1.07540288424741,0.9468554922860514,1.9582104793621629,1.5660647746568352
3.0612036139025904,0.5017894929177962,2.9837705610495866,2.466574929827825,2.3811320716962356,0.0,0.0,0.0,0.0,0.0,1.0262058095243445,1.481243026264366,1.4274787677003034,1.7526640191829852,1.3809373232066535,1.6335763958356957,0.6172765574049606,0.950143124797959,1.200989876752093,1.2850684138357316
3.089805108778253,3.3564578873147894,1.8498676754085035,2.274905116557359,3.1651983622320103,0.0,0.0,0.0,0.0,0.0,1.168090357797,1.0623778503456407,1.5212656011928174,1.312827285678706,1.0872086849145934,1.1131245660299014,1.8046023255948667,1.202493892131879,0.5212610831061346,1.7569118464433249
22.65836243524168,10.681613208193607,10.406508410955041,3.1615572396093423,17.897304361639055,0.0,0.0,0.0,0.0,0.0,1.302931678655211,1.6877601807783453,2.002238580706125,1.228324751487027,1.8078204136513314,1.212382101173995,1.2266298983841668,1.0075257487010356,0.9553254034891956,1.096734118505382
4.901828210861067,2.616784018861572,0.9611646939814126,1.662042457717034,2.844757846998741,0.0,0.0,0.0,0.0,0.0,1.140893691435317,1.1317292268662584,0.8123963917103223,1.531572691748013,1.7832817231656946,1.5244573528325813,1.7964396304355967,2.024322825074464,1.3062150560204098,1.1410260749321213
10.14518867642269,4.030724266688362,5.137755744808433,0.8250790731159252,6.619952533566035,0.0,0.0,0.0,0.0,0.0,1.2331761639172574,1.771205015629097,1.4369182230699973,1.4075127994763084,1.173378954747629,1.3008999606910283,0.991815850219784,1.0523562195224585,1.3721877000141451,1.2279699826306851
3.3511259731084073,1.7823227284359864,0.8650456073063422,1.3243725804711461,2.2592401154427817,0.0,0.0,0.0,0.0,0.0,1.0893241456046128,1.4298864536392977,1.486349402363212,1.6450394768512167,1.8050205621975388,1.3328878737292487,1.4452106223681633,1.2648719951843113,1.1168996659584909,1.1296114002629951
1.8360836936631877,0.32220433038877727,1.0994771371204766,0.5111024078397662,1.0553075400637943,0.0,0.0,0.0,0.0,0.0,1.1852329920095839,1.8377072373216765,1.9880880956871678,0.8772931926694438,1.6501815041306491,1.4848111653668308,1.1365172318694206,1.0179060050906272,1.7312338426261622,1.0481843178570243
0.7002878814898885,0.28122411396575203,0.5391983449922203,0.12241919966436425,0.28182138376587706,0.0,0.0,0.0,0.0,0.0,1.6228686735148932,1.6009451778393327,1.9249721944708806,1.4086107762862354,1.7137608748006972,1.0950249325041357,1.0733867308190403,1.0439215704553721,1.1627646589881304,1.128498251829539
7.042135694246774,1.5632688146913503,5.824339459672279,3.770883434161611,2.310091799793646,0.0,0.0,0.0,0.0,0.0,1.6980689079793883,1.6849965877237694,1.5868331195547116,0.7808953204306938,1.5011071261896023,0.9204723986019664,1.1618579633488513,1.0781958495199893,1.8758727381642177,1.1377257365765856
12.235422770887146,7.859143604676359,4.17529178069538,3.204752174291164,7.178381079573242,0.0,0.0,0.0,0.0,0.0,1.0881350805096692,1.0895337286731748,1.4042535043934485,1.3009042652543548,1.5688570618977564,1.3413498439424378,1.9264645667325293,1.4063123504329353,0.9320593810163381,1.2231580186521254
8.595442701244796,4.654671220487325,5.936261059253903,1.145084000057078,5.91323860546471,0.0,0.0,0.0,0.0,0.0,1.4164674195958957,1.713836924310433,2.0662681381954386,1.4899445555127948,1.8052032487678842,1.1479172665525097,1.1700011382364395,1.00047714538593,1.0518033035449657,1.0938078961470319
0.29242200011220765,0.283925580858474,0.12532906782084255,0.06955516541452746,0.14734151000202303,0.0,0.0,0.0,0.0,0.0,1.4297866304807239,0.7841673671949285,0.3877118783799811,1.8331040714662583,1.7515275952697134,1.2440172893130494,2.3758531745394547,2.3330334696598105,0.8837119898628485,0.8720712064013163
2.6606135262043322,1.4641256615546303,3.228011198522753,4.895651912680515,1.9915027860164112,0.0,0.0,0.0,0.0,0.0,1.643255569345938,0.9358121389210741,1.7758167356811827,1.526702741289414,1.3459101344602136,1.2633146724144326,1.8700719915398873,1.1601448689491356,1.0773233300016003,1.109801658761961
1.6877137369616322,0.4111073435303113,1.1565229326345419,0.4903078410433099,1.409406334013363,0.0,0.0,0.0,0.0,0.0,1.264651618904671,1.3831825382795713,1.9175632635824584,1.126048608850187,1.4348190839287105,1.397933743098736,1.3997517290089807,1.0166322042077125,1.1461208449483071,1.1237846309848252
8.520184216389247,2.818084555895786,6.976042860574241,1.7875402153490245,6.253578789122994,0.0,0.0,0.0,0.0,0.0,1.4616733887023179,1.7124245789747654,2.031432137140364,1.395171734438135,1.7443824493576103,1.1687847716564868,1.167283045772566,0.990355306098471,1.021352993439627,1.0437920817873152
4.855227401302383,1.7181853806541318,4.022576487106795,3.33691541695615,3.974064674985353,0.0,0.0,0.0,0.0,0.0,2.0567739355870622,1.6346315777110365,1.8291986308940524,1.7541585715484873,1.5448808746422111,1.0153372819488795,0.8716228784037714,1.1163983078204622,1.0978512204301762,1.0623040046640724
2.8416416150091637,1.0673470418795221,0.6322385677114128,1.4111079435326113,1.4637326070442418,0.0,0.0,0.0,0.0,0.0,1.3688055531896528,1.2378448030841553,0.7737721731883774,1.6707659012439753,2.0375321781574436,1.4673055875230787,1.3960150933034214,2.5825281067082604,1.2260955757333325,0.9522589414362941
0.6912696592758578,0.17835651002239122,0.646176852370759,0.3362400596547347,0.2555172549972625,0.0,0.0,0.0,0.0,0.0,1.4953747522378185,0.644055991400243,1.4090936497291409,2.060097009513696,1.5648430538622962,1.1065373330167516,2.3959749041892437,1.3171500057809624,1.0179476567974524,0.79397532838346
0.721325698678349,0.12369086836936916,0.9200977100184629,0.16585638488568727,0.7141325777703269,0.0,0.0,0.0,0.0,0.0,1.7756714733235048,1.7709415422078847,1.942641810216525,2.0018949845647716,1.800619003308999,1.088284525866487,1.044662232933543,1.008760754956939,1.0298807280624342,0.9297503508047333
10.130737540398805,3.0858879402665145,10.893255534940595,2.8414667103574507,8.922312678888161,0.0,0.0,0.0,0.0,0.0,1.764071932065873,1.7603911689250937,1.9650541514459914,1.6356251699559132,1.5672040846616067,1.0684267982074576,1.020844149746665,1.0137558643343663,1.1204951020824943,1.1177852753903967
0.8476320832182642,0.5629407765985224,0.7297997185647396,0.9724593043311085,0.3225031971141097,0.0,0.0,0.0,0.0,0.0,1.8317703293662342,1.324990212425734,2.077038420514702,1.602280781154327,1.073603194265547,1.021544269806525,1.0118143812276426,1.0058075630096321,1.1401432080427298,1.4602579029745513
0.5372005617574344,0.08383998741753404,0.21471190896883838,0.3243829529818772,0.4127462244725333,0.0,0.0,0.0,0.0,0.0,1.4318206741513337,1.3648483082315817,1.8941031672072042,1.8057504908711763,1.4633403374365423,1.4452965504940258,0.9322000537601467,1.0806304300573997,0.9941722829113897,0.7531825730303991
0.20967060585290742,0.3743072229334822,0.3345718384005886,0.6118229110676119,0.2980534734779036,0.0,0.0,0.0,0.0,0.0,2.0483380159543025,1.2830114488132023,1.738648080272879,1.4389749130061602,0.6811591839943789,0.981554616014919,1.2503352839811415,1.1544520261250493,0.8844129328614001,1.356491563633074
0.578020199677783,0.818843068624911,0.47708394262970416,0.5561654911369341,0.4701840733085306,0.0,0.0,0.0,0.0,0.0,1.8472809419021305,1.6428284958485506,1.745938443774027,1.4521280648348887,1.2601684227632244,0.936316288030651,0.9070556508762496,1.158644204577553,1.0151123583667145,1.3071973988586287
22.604229901278977,13.951663880826226,8.116720335351904,3.8489187941894327,17.30027304969076,0.0,0.0,0.0,0.0,0.0,1.5564716463322543,1.6800919424048453,1.5544897342140989,1.0097547587155866,0.6575141116090608,1.0401395589740585,0.857828020994092,0.7028876704934715,1.0257862399135393,2.5706736545476354
1.4498542256171103,0.8540611390497809,0.756419009634785,0.4737955279397766,1.4071551734936651,0.0,0.0,0.0,0.0,0.0,1.5049535313771143,1.6522617109217483,1.4335790786213531,0.876410988108256,0.7120242026427148,1.127297048978363,0.8254325446185309,0.43655529489616823,1.9603647228899843,2.7489805477784732
1.464021723715114,0.9134197012104242,0.6168788199307315,0.22534854459884374,1.1410590583801659,0.0,0.0,0.0,0.0,0.0,1.5127726418543488,1.4902226199693525,1.793905761409701,1.723517575052922,0.5622829786300674,1.1023499087629243,0.7922219984743534,0.8572036584553006,1.0668765711293953,3.7045071193320904
0.5335509652618396,0.6134819481115457,0.4816091484181969,0.4361654770227116,0.45275163505721966,0.0,0.0,0.0,0.0,0.0,1.4261918368957234,1.2259594488213692,1.5200009224747377,1.691632483068492,0.9661477230911436,0.511477831815462,1.3702515597644735,1.2051302892022406,0.8041565410517907,0.9270039861947593
1.1479661247302884,0.6233684556483051,0.16894477469706656,0.08125511892787188,0.5760966702627626,0.0,0.0,0.0,0.0,0.0,1.7544713640582101,1.4326464596159996,1.3559247202532059,1.6527720559658066,1.7039265360376703,1.1921172825964985,1.2263784541859355,0.8402878160187975,1.1444336673825555,1.1977251014299592
2.065152542309029,1.272636779515225,1.1259104922989582,0.5443869441781425,0.9194816395307909,0.0,0.0,0.0,0.0,0.0,1.3564722335970183,1.4621353049186065,1.7474396182215488,1.9372261915105493,1.0844209781497558,1.141441939150553,0.757960744263823,0.8399291194856174,0.95177394691553,1.829304290953761
1.4913960474689412,0.8444734536005448,0.2920399526981032,0.12895861473471265,1.2828835184664076,0.0,0.0,0.0,0.0,0.0,1.8781141652363118,1.8239040260006467,1.7480986877921527,1.4644959918924418,1.3725737948214969,0.9123994668419924,0.9255167709337409,0.9287436393493669,1.3463163942426022,1.2505792567956073
10.041853045272768,8.80321993515081,4.931045145749461,3.1775471690549346,5.852188182103516,0.0,0.0,0.0,0.0,0.0,1.7503534956791864,1.5051172041984533,1.4664635123624705,1.282669815799604,0.7091158502893156,0.864568282756178,1.1032075501146277,1.0256750306918014,0.34761493159069806,2.379826146566626
1.829311066512202,0.914470101924552,0.589460684149158,1.3355517840871216,1.106710917163453,0.0,0.0,0.0,0.0,0.0,1.2704167501460255,1.566120673407392,1.7373047052753599,0.9691427183064415,0.8986776828391335,0.6718787061172863,0.7818996266026873,1.0618459420321757,2.085439738667172,1.6471889668647637
3.534265284775111,3.144153537416551,1.86369335042741,1.606228909087434,2.939794645467944,0.0,0.0,0.0,0.0,0.0,1.2229417031389755,0.9301477279688795,1.3591226003524477,1.0949683837780153,0.593798927588674,0.9337881711790559,1.6617228435153346,1.145822530845973,0.32864834280366473,1.3166116219460342
9.036295640066445,7.473902809927852,3.388712477342259,1.4138754001467948,3.1688724915158843,0.0,0.0,0.0,0.0,0.0,1.5522389132163252,1.4747107030890603,1.635932770845473,1.5193182011074107,0.40496533927747735,0.9555230443404191,0.9286895725404114,0.9557799734525054,1.0754963021323174,4.355321298460169
0.8798426352022212,0.8502112498846494,0.7525230646425681,0.6324514122653266,0.5565392620161058,0.0,0.0,0.0,0.0,0.0,1.298115799810726,1.1379231451594616,0.9750379115543711,0.974095055269189,0.725520715375356,0.8605800124813038,1.0543983152723007,1.0301465207284737,0.22265673350478152,0.4271984126429075
5.741581673550267,3.7641669538183242,3.493530995979873,1.9458423883478564,2.841654323409254,0.0,0.0,0.0,0.0,0.0,1.2803669421178008,1.4540031840867722,1.4863980404250023,1.2217008602874893,0.6333382351676983,1.2341007972751628,0.883412201145731,0.6164147882683834,0.6249992626563791,2.677789863548966
2.5442153511844747,1.751437864464986,0.9129508776174612,0.5376225003695343,1.4168577804664335,0.0,0.0,0.0,0.0,0.0,1.5799159543591959,1.5550089211251266,1.5659129469489148,0.6803674906902033,0.9641090639640288,0.8508596332603983,0.9546340874174013,0.9827699928666757,1.9067036724413302,1.6505250797427662
0.4272310699983549,0.3273042488756597,0.12913148904017205,0.2536695016243873,0.2326270545501996,0.0,0.0,0.0,0.0,0.0,1.5798981153211724,1.6508705022460513,1.722236708145665,0.28498216555871014,1.3360804234126524,0.9410301178095041,0.8441918181672667,0.9475933355609232,5.438021567337151,1.1366329892744385
0.41233793726209295,0.21310058388542755,0.1535906100061653,0.11634687681191899,0.6229830483932506,0.0,0.0,0.0,0.0,0.0,1.8173160427846815,1.7123987726343177,1.1786812581282662,1.8413465252754133,1.6243434387284816,0.9665108890221937,0.9913464125644817,1.0964125522790065,0.9496007666249343,1.0319786120461092
6.266217073659111,3.9242427321829916,2.1625332032726434,0.5674480319114595,3.786101190232798,0.0,0.0,0.0,0.0,0.0,1.6369943100781097,1.714435421302535,1.7052955921648554,0.9634962281935883,1.0532254023400545,0.9678157979162506,0.8949396330458343,0.8274013981757949,1.950950655837434,1.865684093204132
0.9409393559346654,0.4216439650981352,0.4726794601731467,0.08882293973235537,0.617387957877645,0.0,0.0,0.0,0.0,0.0,1.2894465985587706,1.1402905194609678,1.2284946426116181,1.7832722952186417,1.607240385979189,0.9037120729721791,1.7005377673551818,1.3018108964560118,1.1426016798534748,1.184984400937222
7.27632004608415,9.544199096218485,3.2680145727285668,3.0716852759242803,4.790030350354424,0.0,0.0,0.0,0.0,0.0,1.596608246305334,1.0937103975327134,1.2446098808273647,1.4305943909212178,0.6503415423004458,0.76049480559486,1.516130646540664,0.9969873384818645,0.49173429077189357,2.943127316868802
0.40151999140894956,0.5482799155427219,0.37767942448663383,0.32613772540934377,0.4169624820935627,0.0,0.0,0.0,0.0,0.0,1.4013434190122391,1.123774272570188,1.3861635233853493,1.4852619198185235,1.3939719040403298,1.2513861217738413,1.662919932099807,1.2075490046906292,0.75531678696303,1.0698404393908298
5.720015132876841,4.470493308547217,2.0095051628218084,2.0449744755445254,4.000809082612301,0.0,0.0,0.0,0.0,0.0,1.7512288481751566,1.5895365455975996,1.3666640746600591,1.353058557001011,1.0381800201225808,0.8546295577369178,1.062484653156576,1.181223897970227,0.534172332510718,1.8336621123280312
0.621852011142074,0.34729804247975904,0.5011031769294102,0.37958863839858265,0.5324417925914556,0.0,0.0,0.0,0.0,0.0,1.3464600396759805,1.579918510437295,1.578672494404344,1.219758518241953,1.3921115609707941,1.363034894342271,0.7295080357349306,1.0660742567492678,1.3886747468393181,0.5881268931632183
6.452786497099643,4.810283109011802,3.2285830911935585,1.9761124802006234,3.1549056485701508,0.0,0.0,0.0,0.0,0.0,1.6758671556212297,1.4931605446793061,1.3041800037242866,1.031271958988198,1.0149375554844935,0.9160884363017048,1.0261687606532435,1.1476834936667133,0.7065426928206301,1.4211047116897135
3.7307368504551484,2.9941483503928534,1.458756158662695,0.9632130407044484,2.027069059461339,0.0,0.0,0.0,0.0,0.0,1.636180981266789,1.5466860900511223,1.510689551935786,1.4792794643216602,1.064730623357225,0.7884736342398729,1.1006763763256568,1.1819921063326184,0.592487522666468,1.814307812627021
0.29760349873194136,0.23740012927688955,0.18717654004952852,0.14288902660782687,0.08170146615766219,0.0,0.0,0.0,0.0,0.0,1.2248289245296202,1.4036927895447393,1.4323801127507156,1.163150848848219,1.393114693263696,1.128340338948345,0.7541849486546215,0.8178977223470708,1.3811250941575872,1.168066764972362
0.33988129154306324,0.18909317328124642,0.1121213609686629,0.1715977995274951,0.17284342881264297,0.0,0.0,0.0,0.0,0.0,1.3419056708383905,1.23559873928919,1.6784107817129907,2.1201258088487562,1.186963087408565,0.6537376798937469,1.316682651152855,1.172927033398903,0.9593049655216067,1.774318487289137
0.4114875754982947,0.26751218032056656,0.3089897501479003,0.09545962025173124,0.29347993743731704,0.0,0.0,0.0,0.0,0.0,1.5921064147345716,1.427998412430788,1.6752709218020094,1.5348066083198917,1.1288560780595969,0.7691397511539231,1.1301299821563235,0.9777124261425992,0.6943083463177984,1.14991956376743
5.175729713633037,6.6668182233426325,3.8981789561246827,2.8618969014632745,2.835372042829924,0.0,0.0,0.0,0.0,0.0,1.5337097966596058,1.045485607465245,1.2761588388757024,1.4934349676659904,1.0860820736657173,0.7368845226168678,1.5395384968285482,1.0923120668838668,0.57200906488145,1.532396680314683
0.21172170561800555,0.1020397613288047,0.061956101151439825,0.0553974005833183,0.12734427623131936,0.0,0.0,0.0,0.0,0.0,0.9764749559361307,0.737434586513509,1.7167480881757902,1.748339537141647,1.304065482361252,2.156791916337254,1.5147935364589462,0.9173303795615383,0.8816104204427755,1.1950499044169989
0.5625059990805749,0.11303320549878568,0.6043294271163262,0.15008845972362528,0.35191608882597447,0.0,0.0,0.0,0.0,0.0,1.8181738392056723,1.4691866925943116,1.8909394828741177,1.7867053139937201,1.6744865212323765,1.1299540962177057,1.3194277670482102,1.1051773584810138,1.0649950570217375,1.1481813731590438
0.687583128664346,0.6077402606130846,0.23235607377880943,0.4667245867776172,0.613747652700427,0.0,0.0,0.0,0.0,0.0,1.7195205421942943,1.6529614982156542,1.2874949560893305,0.7820185838940847,1.3691731462332708,1.1015004174149234,0.9762382790615078,1.178914957333746,2.221414772936296,0.7915263305970592
0.4105061765413853,0.16997290667807938,0.1499073224261897,0.14193589983080662,0.1571111817758251,0.0,0.0,0.0,0.0,0.0,1.566343098431836,1.6671965097123975,1.783295964396476,1.133730657817976,1.989682821390705,0.9038617547621811,0.8916796527405068,1.1637505864923665,0.33306272469151743,0.9545774130015322
23.09836589171992,9.321886557353178,3.5708356992453183,2.150158456024738,2.2050919760432857,0.0,0.0,0.0,0.0,0.0,1.1115087461157902,1.5733297713007426,1.864389026624565,1.3047710867147633,2.111068667875683,1.5940203743029795,1.298715798430752,1.1257627814792304,1.1187133465233148,0.9761372817550018
2.2292182233087074,1.0770507359367123,0.464922054424469,0.23025779418210246,0.378241833866083,0.0,0.0,0.0,0.0,0.0,1.4851964745873378,1.8302075495354468,1.8577523234146678,1.7116337650822187,1.684944293370737,1.1793565108986062,1.0772127968994212,1.0264106227200127,1.0397538602882366,1.2377925779870949
0.9125573828865546,0.33558866435453094,0.026813971790829904,0.34568821738061006,0.6679909198480571,0.0,0.0,0.0,0.0,0.0,1.68532327741607,1.544659423985097,0.9479883861011655,1.7854651494708647,1.8848443260716312,1.2032800049445975,1.2942509811035097,0.8028859079587127,1.1312629342405442,1.0987248302964838
0.10432747889782537,0.3042162783061857,0.16193030808293485,0.15691293384249794,0.1587506854253132,0.0,0.0,0.0,0.0,0.0,1.4560925602079255,0.34115547153514114,1.1211504247046826,1.6231183319472522,1.5862301365557663,1.1513037598706404,5.444072112851848,1.3045360861998563,0.7678345661047855,1.0308223211906746
2.179747647007953,0.7938004675427219,0.3407489058664815,0.47514021657204,0.22184975490228948,0.0,0.0,0.0,0.0,0.0,1.2546837752089546,1.8240619650758807,1.8045051373744272,1.1638961207582197,1.3190782290383378,1.3896443403160674,1.0033812354215417,1.0539983606060919,0.8373106636601906,1.1239826444080065
1.2301049749219828,0.3952230575241705,0.04093477471652912,0.4895922067826611,1.0580661909058073,0.0,0.0,0.0,0.0,0.0,1.820084384190478,1.6233342290878354,1.9576886522266481,1.983522575142858,1.9195911400168948,1.1503066786011134,1.2102733597803563,0.941304484670992,1.0596056073578919,1.0906370880180365
1.2088825432063064,0.7663450155893092,0.3955404273729567,0.2141073822796462,0.20298833964886084,0.0,0.0,0.0,0.0,0.0,0.8070131090656342,1.0435165921867042,1.546256776113504,1.0999722324488093,1.6701606728229663,2.300051533174776,1.8342110528806814,1.32454919038936,1.2664480242431992,1.0704084953432207
4.439771434853708,2.142010231263897,1.1544471036067425,1.554026020455569,1.6967552575101787,0.0,0.0,0.0,0.0,0.0,0.9968306095215905,1.1427941049987949,1.1749730609148652,1.6262613713598382,2.059965569282564,1.3950321095184313,1.7252341764894106,1.4577095806470304,1.208609225919372,0.9532905798133613
0.42171553986817684,0.8078013940209188,0.12041267319815174,0.3877069369000957,0.591229529959193,0.0,0.0,0.0,0.0,0.0,1.5718642134333123,0.9395650270003985,1.7801893354189928,1.5137580784831703,0.7010513904120371,0.7792013291827995,1.6228056515840228,1.1577788474808492,0.9299176479762851,2.3040260469206464
4.860950709300692,3.350476445905115,3.1077717820116932,1.8320986005952307,1.8434246148297528,0.0,0.0,0.0,0.0,0.0,1.9561474161480532,1.8362023988586333,1.701918054390389,1.5114402719842304,1.2958760066683785,0.9228769731403806,0.931992211307742,0.9420319374234877,0.8537234558901879,0.3821062528468385
5.906738351310014,3.590838502493797,1.1636862611025791,0.4638370257463076,1.1219614477171764,0.0,0.0,0.0,0.0,0.0,1.0270800541385399,1.056591815786155,1.0775362894196052,1.2696641976605916,1.9524781594424303,1.9427110798924607,1.7798012953749844,1.4513447493212286,0.997785717813269,1.0030561377928888
3.335402478247773,2.945529617889009,2.553250585480751,1.7794335998643458,0.9809078557823148,0.0,0.0,0.0,0.0,0.0,1.7621815197860529,1.7234542573442433,1.5929770752614514,1.4138859433047843,1.291020512540626,0.9297937054112714,0.924851862019601,0.9483955293455043,0.918023137448477,0.8119388066012998
7.93162557430161,3.878373738753619,0.9477760193481835,1.4798058035716,2.840064474631842,0.0,0.0,0.0,0.0,0.0,0.9459487014012081,1.1483264661718995,1.2579299458661792,1.5031888476491346,1.8357406211110976,2.2054277248464,1.1807148527602687,0.1825528497193263,1.1798509708915286,1.0831779111363078
1.8212412335860289,1.4320832224390823,1.1373183368315598,0.5470853933461806,0.29245067253910717,0.0,0.0,0.0,0.0,0.0,1.808238789208408,1.814136482284454,1.6659179340201702,1.5748728148117592,1.520431979827256,0.911791862549962,0.9351383333927208,1.0182110447141615,0.8304294932340132,0.9400517909540462
0.7960369067456666,0.29506964457219753,0.18054567187756798,0.12436598942974024,0.2658723111795977,0.0,0.0,0.0,0.0,0.0,1.2643774364250728,1.808184268656595,2.061272294063853,0.9485200467777432,2.0016682972320927,1.415294088999605,1.1176656223739174,0.9856398148786074,0.9945486169820521,1.035257635351436
1.3277435643743885,0.8358100333367915,0.6303425257866089,0.417508064309512,0.3059255279569152,0.0,0.0,0.0,0.0,0.0,1.6878648888506043,1.8603197078646538,1.8998050304353316,1.6806215103691282,1.7148364133725709,0.9898712725953207,0.9389611939671366,0.9038796619520502,0.9100125950501134,0.9492436487360217
6.803233512560672,2.316699429513996,0.8699268306610483,0.7840272578944905,1.019563003770808,0.0,0.0,0.0,0.0,0.0,1.3025877687341518,1.8811645190600617,2.121597030758553,1.776275948148186,2.1089642571577634,1.2922351745664227,1.0547610166395505,0.9777818431109407,0.9344119656892734,0.9599525824852488
6.9637559887718465,6.972757969986043,6.3741195477568615,5.145268599270607,4.3498424782187906,0.0,0.0,0.0,0.0,0.0,1.6921968543888384,1.6022012638422662,1.508439831216861,1.4754049742848419,1.25039586815877,0.9198155040658785,0.97780081452772,0.9514728982912757,0.8496683688790918,0.9047940482412351
12.479752774229544,13.3180150065409,6.115747280418294,5.6992703837152465,4.024227453286371,0.0,0.0,0.0,0.0,0.0,1.0815412258763037,0.9785167207925555,1.3763928687490556,1.6345087761179806,1.1528271850619431,0.8437062002342015,1.6908712405911652,0.9954953489693374,0.7735830203725063,1.7879545116511588
2.7334286844542666,1.9732727932410632,1.1631189207812844,0.45839314409759346,0.16246259840024171,0.0,0.0,0.0,0.0,0.0,1.7864755293387142,1.8688450232098641,1.894739079796928,1.7760860482227179,1.373627461907009,0.9348393775700188,0.921716973290326,0.9234546202267843,0.8856881885241259,1.1346678905174106
7.509248527045941,9.622880279843008,8.077468011146482,5.767569302672057,5.336515765649726,0.0,0.0,0.0,0.0,0.0,0.7572608136203031,0.589199788226813,0.9306452198594511,1.1432919994210906,1.277609321861353,1.2839365649684769,1.2750996867841993,0.3951955544744264,0.6105527330952586,1.2188882097816875
0.6577170979039192,0.5610511713628017,0.12141838813956933,0.1357254902018145,0.5437297893517996,0.0,0.0,0.0,0.0,0.0,1.2771238278504817,0.9253411728556941,1.1675659193454484,1.9535861352641395,1.549849892013417,1.1429956445704426,2.237855061907753,1.3733980417488518,0.9283848687853431,1.3244957719072739
5.100200191549168,3.8584405784904106,1.468660435257001,1.3199967200486025,0.6388679937116246,0.0,0.0,0.0,0.0,0.0,0.8509790075568786,1.163911410278734,1.5481498921334504,1.5777481958689914,1.0762402019146953,1.860021534666645,0.8664837531726686,0.8932730596277159,1.0506525273546383,1.7940999315398312
5.470106241407253,4.7462927528764265,4.149091482770036,2.2151939799167635,1.130521119864155,0.0,0.0,0.0,0.0,0.0,1.274873427962044,1.0798014343240254,0.9688864393578432,0.7225633339251514,1.4822131521648025,0.5909764865429471,1.0396321819858425,1.5697690822822568,1.9581742971255784,1.122200431682206
5.811090724725373,4.979550788261937,3.7335243986121798,2.40016086397893,1.4512526536072081,0.0,0.0,0.0,0.0,0.0,1.6334656850971938,1.6082665748445515,1.5377033958839097,1.3697689371098523,0.890188225272566,0.8969235469660765,0.926265189240733,0.9820153834711546,1.0522493012877188,1.1494964484625938
0.531676857390549,0.4790104576725275,0.2817035182908624,0.35123720399368885,0.5207512239920137,0.0,0.0,0.0,0.0,0.0,1.9325768411114825,1.3821624243611164,1.4439061265926703,1.4288384877811628,0.4997795964414466,0.9679196037398562,1.178796514351985,1.030146238302727,0.7904553344483193,1.103047777061198
0.29088157522046,0.14757839573193482,0.02912729469703117,0.06933775116171723,0.15615800534121332,0.0,0.0,0.0,0.0,0.0,1.4821461362335318,1.126704441506155,1.6590694216956883,1.8324889342592268,1.9013267377066265,1.1426399938516518,1.77061542657775,0.9435797027637803,1.0447571347827933,1.0518635555670681
9.157688009278466,11.389017215720514,6.198378726241099,5.378648307627811,5.997144394047639,0.0,0.0,0.0,0.0,0.0,1.1078368570672954,0.7640359782039063,1.1182720993686017,1.5657990861006477,1.0831822560275246,0.40661899142992125,2.0169872881488735,1.272308503734708,0.7234386607351114,1.5456708413275833
1.2583318854580852,0.9445310605823366,0.8157551132474522,0.7386141853413847,0.43994251882114355,0.0,0.0,0.0,0.0,0.0,0.8920105110132157,1.106447804500009,1.214097566649119,1.3133618961087539,1.6383413403719151,1.0997119564678592,1.2636292728947056,0.9895442099493349,0.9044747776676159,1.1074640877438051
0.2676061875139723,0.19003724871782043,0.24579442973975993,0.23568013672347665,0.09123210157502151,0.0,0.0,0.0,0.0,0.0,1.7135461795019304,1.4256509608006978,1.0037750718382472,0.47244252866975384,0.6295232402705274,1.0429720759246601,0.6277530373405485,1.175479580861346,2.744739422883094,2.64487554269435
1.2511938523974293,1.0274274420997158,0.148307147849679,0.21715985216440647,0.37362714842671213,0.0,0.0,0.0,0.0,0.0,1.7651247477185936,1.5184623444211707,1.8014122147665814,1.0747848412574674,1.6240850569896719,0.977541052275102,1.0442665506299365,0.9267477050839036,1.261556444360307,1.0393737464248785
1.079988919379812,0.56743395555939,0.3825472196203194,0.588693475172746,0.12488793720616617,0.0,0.0,0.0,0.0,0.0,0.876367284297607,1.3250659872527366,1.3135319049734806,0.9314298658158858,1.5207332824329427,0.9365469659631613,0.9561302966412386,0.9513047375461837,1.9156881441927776,0.9364553313082093
0.0,0.0,0.0,0.0,0.0,0.0,0.0,0.0,0.0,0.0,0.0,0.0,0.0,0.0,0.0,0.0,0.0,0.0,0.0,0.0
1.970086932958059,1.6998952567125045,2.402638686412803,1.1512047840135682,0.9633813661795501,0.0,0.0,0.0,0.0,0.0,1.733805821204153,1.2167782845910355,1.0675070337262116,1.3177203656198013,2.0926860515904444,0.9041921009278558,1.3225431471599813,1.2761242619722415,0.9035719262513621,0.9874501015438049
1.364635405818412,1.1686650650068953,0.49693194085382536,0.2175732418779998,0.31311339888430884,0.0,0.0,0.0,0.0,0.0,1.7438529513328291,1.5222987851208283,1.1286799579032414,1.7994111494887648,1.7088992439231128,0.9074653173488222,1.0614694168622285,0.9657386248979829,1.1020677701160446,1.00919348992741
1.1159221384771,1.3454550013975435,0.9353284247025767,0.3848850336224491,0.2675404712189367,0.0,0.0,0.0,0.0,0.0,1.4738488132350387,1.076898001951278,0.5941086881694063,1.437360936193717,1.6262275074905552,0.7941806348383375,1.1554194708919847,2.47130161259945,1.2568614470552268,0.9413137881059386
2.3882494613578444,1.8009892445084403,1.5554704765005858,0.8514850071692315,0.38701093309428336,0.0,0.0,0.0,0.0,0.0,1.7095946530518737,1.3876186404988207,0.9171115100810515,1.3750427871581214,2.007321195957005,0.8808789374343915,1.178188995941228,1.428441727355788,0.6439847382339612,1.0399163349142146
2.695548792564845,2.6691141178783235,2.812101202369715,1.663843528157177,0.3660107665380863,0.0,0.0,0.0,0.0,0.0,1.204296322574323,1.072321895867902,0.9359885652875148,1.1525582801790204,1.5703785653115108,1.2039084808612606,1.3187023169258905,1.1048236203602355,0.38501350126164136,0.8446755542591065
1.5531859642845312,1.4047135216954278,0.9019290777539,0.43051446397245385,0.1561281254151673,0.0,0.0,0.0,0.0,0.0,1.9503148899010738,1.8312045675806592,1.8282577009229588,1.8836463677516189,1.431106688281968,0.9479997188892748,0.9598797219375041,0.9455155525458963,0.9026345593370475,0.5948421139174569
8.532840225493544,6.263774396913519,6.2686910965538925,2.223629368279071,1.6592641851647159,0.0,0.0,0.0,0.0,0.0,1.625480355009435,1.3752891779039256,0.5313904031440058,1.5249731554128994,1.788880011256311,0.8336730044822004,1.1226319700186151,2.9834724916385995,1.30410339136458,1.0015066322985815
0.08711230824213545,0.10432749740154752,0.053836440570782906,0.0840750519994515,0.08875702073885187,0.0,0.0,0.0,0.0,0.0,1.850222900476407,1.3902048368906668,1.6349018512322584,1.5186118215472213,0.7901415258031939,1.009259534306529,1.000719538315852,1.2658154133947033,0.9342964443145929,2.2161725183545045
0.6744044155890002,1.2206425199741529,1.122327924801437,0.3210422559640903,0.09007708296280516,0.0,0.0,0.0,0.0,0.0,1.499826482166729,0.7959174633045064,0.6813075333397708,1.3667078502775196,1.644435570419445,0.8769947572882412,1.602931887629906,1.0819448101328835,0.9640913516039625,1.144475502022499
5.785192443818242,6.039445065711845,4.448340699125812,1.9130820525189336,1.1266526883513497,0.0,0.0,0.0,0.0,0.0,1.5850339738706078,1.2010664572517866,1.1114415452165323,1.3225272101474492,1.1206699862925762,0.8166434439590927,1.2917262242447973,1.3526754350723895,0.5500010341338462,1.771281304667819
4.22465761455757,5.0727206941286545,4.608543193629875,2.4178311495141678,0.7590504905338511,0.0,0.0,0.0,0.0,0.0,1.5705285091992147,1.2750212192405843,0.987860134405365,1.5526056347899084,1.3593820595048014,0.8442388005488303,1.1241243535553083,1.6237597033725162,1.0676500809857496,0.915754712131789
1.2427683010793351,1.049855971223384,0.7941551901280366,0.4344478755589597,0.18717916454398636,0.0,0.0,0.0,0.0,0.0,1.9556422006137062,1.9135444794840728,1.7849783601881721,1.678502223143626,1.5402790925393322,0.9704582272336661,0.9684943989023806,0.9792134185058223,0.9140090893895182,0.8192078910221278
0.832625788288842,0.7635516109377988,0.8020957659186335,0.4662812476398518,0.224263438756936,0.0,0.0,0.0,0.0,0.0,1.161780562848574,1.053594078255472,0.9435836514916345,0.8047853978414191,1.8618370777400794,1.0860043416824625,0.7848656577817655,1.522013381823223,1.8407697499648665,0.9441606373835479
4.422123065444851,0.8358957445576328,0.671730677856271,2.9178134850329505,3.143655280013849,0.0,0.0,0.0,0.0,0.0,1.4834115112969923,1.4427878491616393,1.8164160113133259,1.8773386743880494,1.7747858482255645,1.21472983626494,1.3657923396802463,0.9127213631106399,0.92676080169884,0.974795295934674
0.1525802359713108,0.15619206813903844,0.22124767384294902,0.19455306405876865,0.04753863393541001,0.0,0.0,0.0,0.0,0.0,1.5876953641679168,0.93986198281534,1.5365320538817107,1.8242724594924937,1.7240520689507193,0.9744041401081712,1.8110958051785948,1.2254297300537886,0.8755652194652713,0.9825210340699385
1.0847338334356857,0.8133436525219478,0.2262306768684061,0.20397460257215577,0.3675509854081023,0.0,0.0,0.0,0.0,0.0,2.047145439082057,1.6432271387630637,1.745367016566541,1.4549759951149857,1.836765971816685,1.0155518817806188,1.08145696336378,0.9862791558575114,0.6552294895918755,1.099849635298716
12.36037458764214,10.838115259856544,3.823877632756422,3.2644672688917864,7.213205379124725,0.0,0.0,0.0,0.0,0.0,1.565290809089936,1.371503178419383,1.5042888281711966,1.6664894532305534,1.0237227457140987,0.7246618999895706,1.183427276065187,1.0769986857835756,0.8478422442558066,1.5963447117312726
4.769995997275095,2.9949855479059426,1.1786351244146165,1.6800944646314508,2.1877229320641094,0.0,0.0,0.0,0.0,0.0,1.8647933407079276,1.8157174481339629,1.1670161867263191,1.875048845231908,1.538607924888389,0.9375629931718319,0.9452675655436348,0.8323123525581007,1.1030295502214895,1.2107898629037714
2.790348226568871,4.06505067592827,2.500654959457361,0.28605947890486505,0.031633740325813994,0.0,0.0,0.0,0.0,0.0,1.7000424693975522,1.0997471761993949,0.9748892411592168,1.6637393737222745,1.8548474112083924,1.2278786613301511,1.5445565956473577,1.698924223950905,1.2250192625454677,0.8953030955050778
0.2615688329112905,0.2086334560673237,0.10884784444120968,0.06060058127226643,0.30560964266581686,0.0,0.0,0.0,0.0,0.0,1.3764126171734923,1.593836481359385,2.0724511493788005,1.3835579755203458,1.9451658157938516,0.9957463359601981,0.9968878866362312,0.9560467674063107,0.5001753538709252,0.9464798028067862
3.7900089185857313,3.3171045908544614,2.7357645048556476,1.9364244963172588,0.8888022603517539,0.0,0.0,0.0,0.0,0.0,1.7474122341734877,1.5931775635498888,1.1039268948760814,1.2717594763468913,1.1189733349153523,0.9812521970800937,0.8299580649529403,0.9299637232829701,1.3909379689648147,0.9706524215300429
3.4121509831558705,3.72849997874044,2.5761546996370868,0.9563235425353488,0.32747203349957454,0.0,0.0,0.0,0.0,0.0,1.803445941774976,1.5194015664904936,1.433993594107023,1.7367731878916877,1.4878867378424097,1.0600336373271084,1.2529490880509102,1.2824419023392695,0.9969024092107971,1.0909249397592826
12.158363794664691,8.851471034463447,5.098860353640722,1.5672047322543816,1.5886678517639978,0.0,0.0,0.0,0.0,0.0,1.9931045860251653,1.8217600907799358,1.6493955816903523,1.5451881411235289,1.4565334710594242,1.0178165938488544,1.0523248938960081,1.0407757274373965,0.7973269632445705,1.059925150292904
1.2466559755971227,0.8947455668182533,0.8781916215745552,0.32965592907082586,0.1880619919577752,0.0,0.0,0.0,0.0,0.0,1.5218233155747767,1.3098237615305175,1.5317727586761873,1.8930326847333745,1.7378581207212922,0.9132235118623898,0.9715579265285367,1.22687896848119,0.9805194809849926,0.959969874779348
0.048155969399043715,0.10122630612559483,0.1012187473602747,0.10312149258342171,0.0738951286361181,0.0,0.0,0.0,0.0,0.0,2.0738137770898155,0.5239005687411614,1.5781378523654366,1.3822271457093291,1.1553403453525763,0.9978603473487012,2.9992480454611266,1.1537722309754785,1.2489155560545964,0.4145768158830227
0.9767766786343325,0.3273717822494578,0.9983508542072108,0.4586560115852561,1.0162932495349262,0.0,0.0,0.0,0.0,0.0,0.9807382613753701,1.4560816747982896,1.5462317914804022,1.6121925695099957,1.9736956878935903,1.5850404129095785,1.1919723303034337,1.1144174969924538,0.8589004392941253,1.0353397705084393
0.3179016763833581,0.26098193957419075,0.7224050617678816,0.07754602394242845,0.4103139291212162,0.0,0.0,0.0,0.0,0.0,1.9397056598784892,1.1621832333492574,1.4615724255202753,0.8801975107054433,1.6993782074851125,0.964990055275871,1.0366171529200519,1.051440250837866,2.080794634540075,0.9300694282651099
3.9131176229837896,3.1002899281053673,2.051794980090694,0.587284907822489,0.25853160587595153,0.0,0.0,0.0,0.0,0.0,1.4580894662328443,1.2394959368409448,1.0957970847759728,1.7239547687514694,0.8667957529848945,0.6801423072183476,1.1391312683863328,1.5137389896698168,0.930832720141957,2.2852171248718647
0.1320426571448847,0.06795637215107439,0.0543236277810454,0.08070236381898134,0.08479541601412605,0.0,0.0,0.0,0.0,0.0,1.560249234763377,1.0773777386091419,1.3172757572573233,1.280288587391678,1.5542061247528498,1.085912566962403,1.642479718906274,0.19510251359940314,1.0764139556028112,0.9176149619191456
1.3643637118024716,2.245571916139324,2.501794207158387,1.37267625826719,0.9320134559591455,0.0,0.0,0.0,0.0,0.0,1.5077186607124788,1.0659982164341693,1.0427063255280855,1.371885756456075,1.4728913491191662,1.115940597379362,0.7541889955788116,0.7117974328082628,0.9965609635449525,1.1706375272316065
0.6076460446053635,0.4850477960916256,0.21075673304614448,0.15957906746685174,0.1471323446502249,0.0,0.0,0.0,0.0,0.0,1.758254563964386,1.789798870838043,1.622465531120552,1.2262187344931652,1.2346905650928472,0.9028617289931511,0.8640402773891763,1.0240096414584103,1.3631393340695754,1.1597806498904146
3.532989738179727,2.765640395117036,1.9002948609979229,1.8017711464649442,1.1168253254790772,0.0,0.0,0.0,0.0,0.0,2.050120126979882,1.9321782522621735,1.7406890106360229,1.7580584250080866,1.7657010751269528,0.9469517449523294,0.9498938234200793,0.9474672935630296,0.94252974924472,1.0384135762136228
4.963606501441117,4.377377354859257,4.360242932215445,2.8497001495694496,2.309751758398526,0.0,0.0,0.0,0.0,0.0,1.359762804036537,1.1015652415107817,0.711839528545577,0.24905144854403205,1.0436943509603396,1.5251799359345508,1.5791343671328442,2.104597693186153,2.7678342753469063,1.161521058990993
3.791982355254371,2.3181847470419124,1.7702069856205587,2.876094525301606,1.577503274472111,0.0,0.0,0.0,0.0,0.0,1.121685951902511,1.1049989134292322,0.761406279588211,0.649335972074348,1.2324688075946213,1.8634762185886793,1.2307532979210738,1.5770777620311887,2.9449748651995997,1.3176222244539122
7.508079612901717,7.148081889372984,6.790612621640413,5.586600536127359,4.581715232150768,0.0,0.0,0.0,0.0,0.0,0.8786796887180257,0.8056322168863275,0.7649860511170559,1.0513528779825605,1.4637693640727212,1.053638001289293,1.269824243216892,1.1324562575317751,1.1491990145163278,0.9718936598958646
4.554063204337362,3.2200464291575392,3.058517099924064,4.524473556806846,2.385000279988504,0.0,0.0,0.0,0.0,0.0,1.045177187690805,1.1908375161467906,1.1465156893580033,0.901250786399817,1.277038763433236,1.7145181046510842,0.20444074240908042,1.2285029106376448,2.0302814413294934,1.2495604752469003
5.756435752456439,3.357595041507102,3.3666099809864867,4.9831765567464315,4.631951258246495,0.0,0.0,0.0,0.0,0.0,0.4692696991289199,0.7987291365041906,0.8124025277934145,0.8666935895433456,0.929824424286161,2.630698131114611,2.189470191849399,0.7563984448231632,0.6752261067290553,1.2677341774816282
8.1974468187447,6.863007059021017,7.013382262131742,7.881674232997315,8.060687465259893,0.0,0.0,0.0,0.0,0.0,0.9545143766096371,0.8461342719059812,0.47670831905524624,0.8343399258225281,1.1875258971797893,1.7152033561803934,2.3598698096382367,2.7077585851848855,1.1541287412508345,0.939705427919584
24.15721299802354,21.40709990123768,23.723640559129663,25.054212937697883,18.05241015577651,0.0,0.0,0.0,0.0,0.0,1.069181232474825,1.2358901179342094,1.1413239617583877,1.106681561869154,1.548039128224595,1.2364099640339885,0.5766154940598739,1.0531665182136483,1.38516556749466,0.9009917688068289
2.6711228086441694,2.9017215976742814,2.8550007694512387,2.181543581413604,1.8012933587059226,0.0,0.0,0.0,0.0,0.0,1.3880045130124565,1.2024379140815376,1.1098361317343397,1.234062658190951,1.255451696566762,1.0439730101097253,1.2159055983132905,1.2353458337410617,0.874210903053702,0.678818982997935
3.2140603708489444,2.6930597646013217,2.1769699062020873,2.562922066278353,3.62549184352062,0.0,0.0,0.0,0.0,0.0,0.8430212257858902,0.8587821548514133,1.0915284298891275,0.8428901840095971,0.8257918232523723,0.17286750807710327,1.126612164654043,1.1922885232033351,1.3355880186474305,1.46968930518792
14.079766429614287,13.523731266651371,16.684614623825244,15.013101182307864,11.545037148160656,0.0,0.0,0.0,0.0,0.0,0.8221723327734956,0.9486466519951668,0.9028596251770737,0.9569482738001838,1.300123748353386,1.5242949489306186,0.6928669598639791,1.1076634529801628,1.1550837873672535,0.8150409993956044
18.333399475713122,14.15988199570798,14.265928680062164,16.18339857427397,12.777401026989414,0.0,0.0,0.0,0.0,0.0,0.7706026158984343,0.920537439482531,0.8957604638917753,1.1192454225420725,1.306566919010374,0.108340322375416,1.3794967855229339,1.1958122857515463,1.1725957701547067,0.9983385253734487
1.548447823685199,0.9581497138217033,0.8292234168856266,0.9866464273013253,1.2798367092332414,0.0,0.0,0.0,0.0,0.0,0.9820223316964198,0.7823149774316794,1.349759299205006,1.6637442613573405,1.7744962997563003,0.7274071091884462,0.8348593044982049,1.1522365128841736,0.9562795828552055,0.9638288659604217
3.1209548386083195,2.4479409225984208,2.0401094614724684,1.5917612312908354,2.5522202864854724,0.0,0.0,0.0,0.0,0.0,1.4849463883831473,1.4858187176178226,1.7630537173450016,1.7267125601104447,1.3846762847587184,0.7991124151648861,1.1078473996205078,0.9274578494881844,0.8295797798170181,1.0883588515749536
1.4516610574137285,0.6146563011078248,1.577969736124199,2.425998546112579,0.2942233880188057,0.0,0.0,0.0,0.0,0.0,1.498917107703875,1.464015482095145,1.9020011883552137,1.8862472511848667,1.9522811511323304,1.025375405086872,0.9884847684807765,1.0743779171343977,1.0981615145085757,1.0780789246843847
0.8993417667344102,1.2461112961532554,1.882247959077657,1.9451545214995751,1.9433954251957193,0.0,0.0,0.0,0.0,0.0,0.5661604140965241,0.6188444813228094,0.754563501672015,1.1272387427647994,1.427617703923111,3.3127435655640873,1.7081320306511125,0.06901078165368828,0.7895167524510671,0.8697523234961101
1.6452647908176519,1.5265552775884221,1.5376925171124476,1.1635341225292979,1.3155404673642965,0.0,0.0,0.0,0.0,0.0,1.1676653770937486,0.7321199721888572,0.8508827533631094,0.82796422690313,1.0925550261156596,1.5957470829416716,1.2151098111548995,1.3957248527989747,1.9456186665602373,1.465484295871113
27.575338434610757,13.159960080405895,6.510993296698193,12.886397473210872,9.304784594632133,0.0,0.0,0.0,0.0,0.0,1.205640833307371,1.2894996532177105,0.864502664914282,0.5723347096877431,1.141222110593122,1.7047540846974825,1.340860266915687,1.5262715014331674,3.2912645789400647,1.5449050399130833
2.6295207384466748,3.3447674345850187,5.5101191171312145,2.701926411201731,1.4252583237515473,0.0,0.0,0.0,0.0,0.0,1.5568156628887693,1.312029909774823,1.1293756203799066,0.8753173858866149,1.560069898539258,1.0657313202738408,0.7806533217493588,0.952271715871738,1.9071035856601326,1.067892551852189
9.553625440123625,5.342216540673215,3.967647941902812,5.524842633498447,4.741303504069726,0.0,0.0,0.0,0.0,0.0,0.8579324541805504,0.845887166896064,0.5887830486407503,1.0458792149301377,1.1814718003765154,1.8418554035048922,2.0188393048551507,1.398756385315296,1.6767438613530548,1.2753028170830927
6.765807125025079,5.925113043009525,1.8544698463772895,1.0611524428706478,5.627393396038189,0.0,0.0,0.0,0.0,0.0,1.5915402484321854,1.4805776576949494,2.0239509986582456,1.6574681919755136,1.2147302331210603,1.0051391362807023,1.2891608207783836,0.9782054236285839,0.8161202842489315,1.6977339279660104
7.180550277622331,4.564481760690344,3.7680055064880142,7.5090214692125725,3.2247036001138305,0.0,0.0,0.0,0.0,0.0,0.9112706439452853,1.3071428368708706,1.2993243009756845,0.9761149540399654,1.2930772731502498,1.7032448090779897,0.3246594034174391,1.2005224172179467,1.907858656412998,1.0935613936694255
8.013766021225441,4.135087203288557,1.7414976365729822,3.004169404357575,1.3162023331513737,0.0,0.0,0.0,0.0,0.0,1.6661721206636395,1.7542434780455287,1.5263361075299835,0.729794444455912,1.1817406231367065,1.1927378980885506,1.057667462544498,1.0857618182307114,1.4301611181894456,1.67272528900445
1.3380677304074637,0.7999591835835842,1.0242125829460338,2.398079016329693,0.4236733277670055,0.0,0.0,0.0,0.0,0.0,1.7641752429922921,2.0709751968337624,1.2711017212762843,1.4886849604994519,1.301490762052739,1.0309691118507234,0.931584516793156,0.6185957567828826,1.1820637199862223,1.1523276023129112
1.0397775314383044,0.6676675649405112,1.081827588707052,0.6245912423546308,0.7334244214052668,0.0,0.0,0.0,0.0,0.0,1.378179016669592,0.9237375337454987,0.9339069740430197,2.0585275579724756,1.773704608531561,0.8735019275007515,1.9574935640601483,1.948949277473453,0.9531253197391989,0.9141881689281351
1.5936931890186978,0.9198856544220035,0.979923057414511,0.4049888265741683,0.16641330815897742,0.0,0.0,0.0,0.0,0.0,1.7124475986131893,1.7294620621001484,1.7752693740724996,1.5767746017289384,1.7493484959903012,0.958969682382685,0.8328461772872423,1.0708324382797079,1.047040992139626,0.9042579109334966
0.26452555015145485,0.25564930041130346,0.3384873549790036,0.27436221087229995,0.25747157285881966,0.0,0.0,0.0,0.0,0.0,0.9317190797020178,1.4367994380859332,1.6933192498918272,0.7196338460520262,1.7532627447615259,1.3137053115002064,1.0589384519361305,1.1278397809259453,1.3317688715547225,1.1290151060075568
4.581130787150596,3.239351895272807,3.560428406886287,4.20604686818158,3.067180581069981,0.0,0.0,0.0,0.0,0.0,0.6349861634020125,1.09172248280787,0.9637734678566707,0.8491551294650708,1.2274129598127943,1.5985226295374708,0.4107732529910964,1.0609880427155483,1.5172822919885145,0.826505581126546
3.8681090626885832,2.8980417185056546,3.086306175485608,2.9971074485654405,1.4410210231036067,0.0,0.0,0.0,0.0,0.0,1.4577600967658313,1.3761684424975977,1.1818578466041407,0.6075519136028237,0.6057712132038559,0.9715896856240104,0.7685585764805944,1.3357947076949084,3.0506400224405357,1.8579707772304637
1.530749922182777,0.7410850414249202,0.11662023932523853,0.22281519129131758,0.667784484458749,0.0,0.0,0.0,0.0,0.0,1.7494973383732335,1.8083230167617679,1.8759040092857298,1.5482535989186832,1.9146202653622615,1.1030670601494403,1.0785100105669623,0.9105846944508709,1.0986929214093408,1.0866689457360836
0.3377067821998138,0.24527120068646818,0.3251263833446716,0.2558878541759696,1.8772458317255727,0.0,0.0,0.0,0.0,0.0,1.6538939529458603,1.8922322403852117,0.606644318222734,1.6209385588329668,1.3194725844353634,0.9742973044666364,0.9409364261525265,2.6734280463185756,0.7897892416848443,1.1362009186488253
0.24814123804443425,0.11225328431379027,0.07894139581359286,0.3424357618717849,0.10652271453180759,0.0,0.0,0.0,0.0,0.0,0.6036613813727294,1.207960013331433,1.8132905768478702,1.2310157117350504,1.823853378724871,2.2717725956557833,0.6528811826257848,0.9857251737593211,1.611912790767443,0.9151111456707204
2.4703019696900412,1.2496660198408935,0.6760236974678793,1.3920958011228801,0.8503379685826044,0.0,0.0,0.0,0.0,0.0,1.6722279656826897,1.6955205895311134,1.1940536436706901,0.8074210378295407,1.3825858108157163,1.202116246641826,1.0468432610554013,1.371014548670124,1.8616558587951668,1.2463002742757248
10.340875658618362,7.192537186390345,6.4087456160098615,6.875883729566721,6.010309899526682,0.0,0.0,0.0,0.0,0.0,1.3064906456667968,1.5306404604945145,1.540853111871666,1.1490767205913348,1.009652678601008,1.2054905730405021,0.855345448078811,0.8978889056220204,1.2756627099417146,0.9224233732554361
7.416829467791565,5.666906926415089,5.189348706068257,4.301685103888516,4.08260735533638,0.0,0.0,0.0,0.0,0.0,1.493059228547069,1.6495453912078126,1.7028997975877045,1.3998212194124695,1.32531084561058,1.0156364216334475,0.8601050658770617,0.9043786555224149,1.1676783468999221,1.091277320889877
12.540512738312332,7.572303017698161,6.388211338657034,7.448290312933615,7.75445246496228,0.0,0.0,0.0,0.0,0.0,1.7617219475301327,1.8356337530223261,1.5943023632309352,1.2103459387943238,1.0628331365730552,1.1109105972978428,0.9216838951185026,0.8487988782445602,1.1882724556344517,0.9842367519100673
3.5424865731377984,0.4847088700745036,1.4582460620281585,2.2075544372252036,2.274962009094712,0.0,0.0,0.0,0.0,0.0,1.4660370446138167,1.5300492808859496,1.599400701082874,1.6225411622179944,1.3031484433631912,1.381208200813648,1.2644971647703107,1.1118790095003925,1.1326321862517024,0.26591493204011785
1.5136198343473917,1.238515937198256,2.2163181149350333,0.9119678610680844,0.619941577223867,0.0,0.0,0.0,0.0,0.0,1.716744454175201,1.3718684539345938,1.0884794196931822,1.299967680522646,1.6518335712164918,0.9123555274988372,1.06640460858958,1.316764762513527,0.38887227226113796,0.9690540341233946
4.269967322587327,2.69261032548843,2.6272357623508236,2.1393800854523106,2.0262321369436997,0.0,0.0,0.0,0.0,0.0,1.6265525662599942,1.7656412464843323,1.532509904159518,1.3461370262443397,0.7854077655661317,1.159264275867864,0.9074452638732434,0.7597726863693478,0.4047225283954041,0.9376647078496699
62.385397707214224,39.04196333716449,36.81034752678984,47.42740352908898,42.28814890723783,0.0,0.0,0.0,0.0,0.0,1.5022971785888042,1.682066077061911,1.5313057031160977,1.182583356325082,1.0829472429801423,1.250299326156799,0.9094262863954516,0.8872769612914835,1.256230182724415,0.45490899946613617
0.8859284307715749,0.49659468240017146,0.41877920045868205,0.3151773310738786,0.4474657584357626,0.0,0.0,0.0,0.0,0.0,1.1900453271908968,1.4632044018229968,1.7638049818928,1.7347395748805134,1.4785821048775283,0.7417228239301465,0.9833245459570309,0.9173321876555354,1.130463630199292,1.3982882000066468
7.513133536198143,7.497666442483798,5.9425903340598945,4.321370842353657,3.1100643693625996,0.0,0.0,0.0,0.0,0.0,1.7189943241110033,1.5686321604080402,1.3843199904191383,1.4927414535785997,1.1776667529906413,0.8877092421244072,1.000477112628661,1.038478049396486,0.955547605222331,0.5950904462734968
3.8849196695494213,2.021995356514104,4.490881554957366,1.1112699502666823,2.0955513587601122,0.0,0.0,0.0,0.0,0.0,1.219243011741727,1.9032268822333092,1.0771459897531603,1.570522787405376,0.9376872970847849,1.1549333305524747,0.9178628643531791,1.4474956418928389,1.1295627312752454,1.68460762757679
9.782984373382403,4.2912419354687295,6.8428341575351626,3.2517797972361273,6.731251633629881,0.0,0.0,0.0,0.0,0.0,1.7220982099410236,1.7648832246198107,1.720677801154505,1.19813453775238,1.236704987913762,1.1381520191708334,0.9203140954235233,0.9477214947703979,1.0287855831882469,0.9196923736302532
5.832624492198755,4.680070938488939,3.8277746364904117,3.7461621489375903,3.3113876433280707,0.0,0.0,0.0,0.0,0.0,1.1738486996758275,1.2722224442118162,1.2303504862568557,0.9983416771647603,0.9999597126158981,0.8769619982168614,0.8606492430500714,1.0463032680033408,1.4029763245211324,1.2455113629756183
0.704511876225695,0.5413434216899532,1.252551800200325,0.7457581074310726,1.663095513465338,0.0,0.0,0.0,0.0,0.0,1.8918982902403565,1.9767477371689512,1.5910511727267371,1.6790878061436694,1.788540643970832,1.0726392277131562,1.0165785555068803,1.1221562721931186,0.9599666251866162,1.1251708943211969
6.12748511280151,3.9180823135998226,4.269179028710342,6.7980417708713246,8.115029224543374,0.0,0.0,0.0,0.0,0.0,0.7409238034565966,0.9586836799943151,1.2249227674468381,1.3826239372606237,1.4341370483035498,1.392935969001419,1.0881444963708522,1.0748503513843755,1.1364992320622143,1.0250285463933582
2.348221615998697,2.1398694152001445,1.9221477812398735,1.4219690531883111,1.3134719118475406,0.0,0.0,0.0,0.0,0.0,1.5458402937551992,1.6044520105678424,1.7557630881603574,1.8072408706061434,1.4163279336089547,0.8393246650021117,0.9636395289034045,0.9004766469388334,0.9400567974367428,1.2873425043082756
3.077361847736957,2.111531855789309,1.9031447539158368,1.9973995630186239,2.2004692825256,0.0,0.0,0.0,0.0,0.0,1.3791863085449558,1.6291015079504467,1.682392060965581,1.1465832715198585,0.9764478128067638,1.1077067015316036,0.8428185159965181,0.8862856338216711,1.4098549046062891,1.2699328981039655
8.88628772458819,3.2628291109158902,3.781713829129604,5.059693715365485,6.280505049941598,0.0,0.0,0.0,0.0,0.0,1.4775800923229336,0.8383302494012611,1.9325452510842591,1.9594121136621239,1.40653461131893,1.1817326840635443,1.5854236782416853,1.0259399440472792,0.9182456138311071,0.8589033030632239
22.265421102169235,18.596927619422516,14.445055362105169,15.46154518003193,8.759365174917207,0.0,0.0,0.0,0.0,0.0,1.4527405868314336,1.6019492823545372,1.5330195365671684,1.3379417668958298,1.1074542216950205,0.9840700171926471,0.9153155747528855,0.9244699916967792,1.0725920231189923,1.2015148944226302
3.6023549806918025,1.0811998388314232,2.4109340298155137,1.3683176070366359,1.0893382547673176,0.0,0.0,0.0,0.0,0.0,1.5353367072834614,1.4273962096271486,1.5779033258774953,2.0864959584061715,1.7939578741132025,1.061793356555151,0.9157489244638161,1.2297521424437026,0.9371347384110764,0.9988010030644853
2.820932737471064,2.110681185750033,2.349032338014515,2.65629787387268,3.1021464650857995,0.0,0.0,0.0,0.0,0.0,1.2273826216662083,1.3886071155914876,1.3862181888685516,1.2804441183372428,1.1397390617405665,1.051572055010041,1.0119516755535132,1.0449977086773665,0.8189412606606825,0.8279963454579273
11.971195652758883,2.9567267607753145,1.8712304174411745,10.291452313420095,6.428183192099397,0.0,0.0,0.0,0.0,0.0,1.2391451252106653,1.5368608457928983,2.0969777902866693,1.4299745123064935,1.5922136667933648,1.6726389040647263,0.8014433350503315,0.9654326513227939,1.1879543322264332,0.8055124535664893
4.231672388282254,2.5693823792246753,2.2160339284388995,1.9159529487735238,5.244547868234341,0.0,0.0,0.0,0.0,0.0,0.8439884426207647,1.3217411902986398,1.3835916289538537,1.073627831029813,0.6404465855907655,2.074277793964418,0.6805934343468032,0.2921835100976473,1.2328491251323763,2.6254631002931523
23.26726491071722,16.760754876090648,16.787218614255924,19.86668044505536,18.309210285239622,0.0,0.0,0.0,0.0,0.0,1.1171458747645233,1.2536718667989617,1.246476418498115,1.0173908813793862,0.9850018654082572,1.4000280549660378,0.9494694496891906,0.9552745696370455,1.188681210103251,0.5686759533074168
0.1847496411042787,0.11231238430025373,0.33197468629104143,0.5823221177243528,0.5975036731633151,0.0,0.0,0.0,0.0,0.0,1.7237487567928091,0.5279412868229616,1.7334540093040887,1.9194994862036199,1.7456255486854715,1.2035107709870805,2.2510066721246376,1.0549072512119242,0.9159289739576926,0.9047663495993624
22.999215444244328,19.149006807335063,15.54784711074952,12.328678833043927,11.41185330487532,0.0,0.0,0.0,0.0,0.0,1.5085686104220684,1.5806367533562133,1.5424819489608674,1.2774970724246486,0.859489660620966,1.0359266761642931,0.9087815625060595,0.8365233862726958,0.9645903380715952,1.3748443034605526
0.7904777947484605,0.7765669651932219,0.9484480810783371,0.5828439622937034,0.6393096343461019,0.0,0.0,0.0,0.0,0.0,1.661884255044543,1.6189607625300193,1.3962076887461323,1.2282515292424825,1.5051089538923819,0.9386960415568485,0.9282898003004744,1.1498346061751965,1.1713008411535275,1.1271088375756981
5.491944784368364,5.444312740000965,3.480252828839737,3.3204821746379194,2.1287044505994865,0.0,0.0,0.0,0.0,0.0,1.6259628301424316,1.640839994207779,1.7991190892759505,1.462497568781613,1.350436907494631,0.8732202466932436,0.8480100916740178,0.9171783066038587,1.284084985886296,1.4614139634949599
5.5320042767027235,1.014690238474454,1.689843148303599,1.7565756833233899,3.5671716000024616,0.0,0.0,0.0,0.0,0.0,1.7962641074496264,1.7456965008187415,1.622224566310891,1.71831965425075,1.3622550007029084,1.148228388417486,1.1686622200571075,1.0777802916311632,1.093433938883351,0.8341557351986955
0.11529440206319275,0.06350088845164102,0.06783499244189141,0.38226271140965756,0.31072418094237675,0.0,0.0,0.0,0.0,0.0,1.1181836943324603,1.3827574913832041,1.3762478593262426,1.3338166483235725,1.8034852089070732,1.3011139805784455,0.37504097730685143,1.2530400402872424,1.137163858001236,0.9670330236753022
88.52486292376372,81.10045721163358,62.45526882730765,41.603122177601065,31.321016537416632,0.0,0.0,0.0,0.0,0.0,1.5965126165755803,1.5232375853444702,1.5267298681832828,1.5126295732441801,1.0045615754832182,0.8569028467974342,0.9933181182177117,1.0026532252196196,0.9325811465811239,1.267077823038747
2.52054025645698,0.5167566449915031,0.5479663535764022,1.7257467203197254,3.225213102598653,0.0,0.0,0.0,0.0,0.0,1.1223438706586066,1.3719100594289,1.6263990736555396,1.725783005398861,1.8477140482109835,1.5414703299398969,1.3521003691079423,0.9850625529019719,0.9517597533029011,0.8944351980470964
6.1288334140051335,3.644636427384083,4.011404731251465,5.036856038573384,6.950984849108243,0.0,0.0,0.0,0.0,0.0,1.2525456121939746,1.2211451191653995,1.4785174120616515,1.0261117468400598,0.8776266318756001,1.3247805621287507,1.1100197203098543,1.0128810443914642,1.0873682656327461,0.2808501812066137
17.656159703577465,11.261148150563614,8.403637162988296,14.15362824929766,16.98778135163442,0.0,0.0,0.0,0.0,0.0,1.1945842413702823,1.2295651318679846,0.7895903626728222,0.835594775133187,1.2161377350116718,1.3752933853493985,1.603041502274823,2.3300379225510137,2.1814281884024163,1.5169370639720934
12.292069430165238,6.087304274716719,4.138609780191956,10.621652970192546,13.021544554509953,0.0,0.0,0.0,0.0,0.0,1.043958202476047,1.356008702273723,0.9506084674172338,1.01538455155746,1.1689008358481472,1.4067966042995903,1.4620920448897932,1.8185744824453973,1.8406214636686646,1.56515406794947
7.294499408227412,3.3222587062735243,3.854467471341563,8.859674872951992,10.205884789709891,0.0,0.0,0.0,0.0,0.0,0.9264853336704167,1.1567657110091196,0.9761049388713268,0.7843165895685776,0.9653548576856218,1.576318067591614,1.7846539630874936,1.9019347395573607,1.2821740806106967,1.0516192973460972
12.632848763639734,3.7634433398771265,4.0783481714986465,7.767585844908902,18.67332818316615,0.0,0.0,0.0,0.0,0.0,0.8071575388768372,1.3924487003766752,1.375051925541498,0.6838371530661039,0.7467817917389169,2.551425623698351,0.9786020997676369,0.40626470978848667,2.7657239877532596,2.4094846816101847
3.467156682883245,2.45246128704165,1.89045681234647,4.0799833726846515,7.168602613525313,0.0,0.0,0.0,0.0,0.0,1.0216081435971989,1.149420330521768,1.1147612611726891,1.0429595100485138,1.1123693950549742,1.4323528285496812,1.205208185820274,0.9884681097032498,1.6411755770261027,1.679229141672026
4.530939868014486,2.763595891224271,2.398640568687429,5.377031478373118,7.273899344886601,0.0,0.0,0.0,0.0,0.0,1.112507313587683,1.5403017931705987,1.372518314178351,1.0476153746110988,1.2625073660824901,0.7774463080817519,1.1949645265126703,1.2524607147975884,1.7934843620895213,1.488177026159708
51.86376577364022,24.972859228482218,20.63084503455093,48.816396659188115,63.692738336227876,0.0,0.0,0.0,0.0,0.0,1.0259794432068392,1.444687941894429,1.2712207290615494,1.0948016957793734,1.2816887564875414,1.2321097979788627,1.378881063954869,1.4075818665054678,1.6266327341439377,1.362080803935219
1.0997666168808276,0.7816892540135918,0.7531978728807018,1.4062810280666462,1.963631681871298,0.0,0.0,0.0,0.0,0.0,1.147762572120536,1.3879663336974435,1.4105278056036095,0.7929751944588602,0.8643325107942279,1.076036152323751,0.8858654128011003,0.9703284772645069,1.8737224917353386,1.4483105454189016
0.6919401296638183,0.9656986646058577,0.2548420431412227,0.4503288315405041,1.2108403627611097,0.0,0.0,0.0,0.0,0.0,2.012641402055971,1.3306965086862552,0.39507023837976,1.562310583101412,1.201607077620349,1.0368085440656671,1.1008464716731017,3.845506496239001,1.0566695614302337,1.5281158599095952
19.529312943100745,8.391174928116886,8.314549834300069,18.62950591451908,33.768060993865845,0.0,0.0,0.0,0.0,0.0,0.6736955992446448,1.1226537828175127,1.1937038839710965,0.6710129275699368,0.7493538134769072,3.1084666662776095,1.261924064137527,0.32535686285100335,1.8652236745958943,2.130541761607734
18.639249156668903,10.528205647829369,14.503487946074438,21.65529539769729,39.05101204080872,0.0,0.0,0.0,0.0,0.0,0.3507642663657199,0.9296557796921867,1.167139237762388,0.8627644047220929,0.8382915431813822,4.936702479413657,1.0941244813125675,0.5514753920049799,1.5394442314369745,1.7530751507254883
5.664858274608022,3.673182890709589,2.6980627376247357,3.6994668108156006,3.4743775783333795,0.0,0.0,0.0,0.0,0.0,1.2559022145178618,1.171013583404887,0.8638257606954362,0.5780633812349883,0.9940853423555209,1.61863050204857,1.3918665205260017,0.8989567082658001,3.2543821346710797,1.9353821576406092
2.1600505679782254,1.436492919238932,1.9658165987105392,2.0531203479003706,1.357818783202066,0.0,0.0,0.0,0.0,0.0,1.787250952467595,1.8217788875749348,1.9105239020906828,1.3532435912479326,2.0831480063824355,0.9822624503618016,0.9280694439211734,0.9942933483974346,0.7670438536899596,0.9698903539864719
3.2748978348552384,1.2647245028108713,1.30840620111788,4.1069100095426725,2.5035585044972217,0.0,0.0,0.0,0.0,0.0,1.867236218025936,1.6985736093094193,2.08211108123562,1.7925522829724905,1.392960545803486,1.060138799828753,0.8902443408266372,0.9858531478621527,0.9795795293876612,1.0596983437304806
2.762031059392704,1.2213933914465498,1.115069360214062,2.796485260717144,2.699795810886851,0.0,0.0,0.0,0.0,0.0,0.6346910347383421,1.3077129168053045,1.1373187124514899,1.2469618131551343,1.0015744760077594,2.4000117497067386,1.3928927837957823,0.7371920231395455,1.340228955804077,1.5528845215805414
2.848729927569236,2.0685876678755486,1.7499361915565192,3.0511412040636907,3.3936840479833292,0.0,0.0,0.0,0.0,0.0,0.8917377280625604,1.135060663210621,1.0030959583824286,0.6196365007011828,0.872209685295731,1.3537754116344416,1.1129934759251905,0.982880255799158,2.0630974311822543,1.7892258007393291
25.389101105066537,13.802189612832098,6.983059767377559,20.657821801829883,26.472384628233506,0.0,0.0,0.0,0.0,0.0,1.2039672130480215,1.1725863162707515,1.083908580547164,1.058199509635022,1.2056197476001997,1.5185078377294414,1.000953254488828,0.9542129998410147,1.871881040351078,1.6587027521641895
22.94439526698842,15.97609081223093,3.3523132702561624,14.393455652015371,30.25681749791582,0.0,0.0,0.0,0.0,0.0,1.3881218022839628,1.5298743360149256,1.364481644981724,1.648642251091602,1.220846592428433,1.148438271118501,1.3377273696476846,1.4060350595645443,1.1422853754445668,1.690141135851008
12.276782974829118,6.9834235694054225,5.868707849782433,15.052926296705445,20.42877695197777,0.0,0.0,0.0,0.0,0.0,0.910904252696544,1.2370424042214307,1.0589098203916212,0.943884522348302,0.9970343123656988,1.213463309746272,1.4473150465029807,1.465756804934608,1.8002022035953376,1.7229580995844387
11.021979055891995,8.823346867628135,7.892413925065702,10.941292279811652,4.710359822795728,0.0,0.0,0.0,0.0,0.0,0.8580566168376484,1.4209487284852143,0.8207582658898612,0.661890449867347,1.3412743557182505,1.7573397937128414,0.46246800262715176,1.250276985296855,2.4358150881899117,0.133804578837356
13.022357681083992,7.384561037670304,7.579111953246522,15.330503965873763,24.69694187409243,0.0,0.0,0.0,0.0,0.0,1.3771070199484354,1.9156125420520207,1.8941413465522723,1.215757694502862,1.1641392607211842,1.0928277736582102,0.9770071906175292,0.9737173690149425,1.3729212722181392,1.4676339229542288
20.654752881688562,16.153528755394913,14.017126049044364,19.067616911066494,23.518262849366977,0.0,0.0,0.0,0.0,0.0,0.8254361396716983,0.8895038600348398,0.8144514517786106,0.7983663641481662,0.8990410462384137,1.527724801087363,1.3654618037070811,0.8937376361799765,1.5968148613375714,1.740925698353843
26.38605500057208,13.964116013723284,6.3218818128936025,15.29082697174574,26.922087507715464,0.0,0.0,0.0,0.0,0.0,1.1267444244154687,1.1796492519221817,1.108134002416788,0.7671376915301167,0.9385533891709723,1.8416677948547386,1.178481442172285,0.35515379426701116,2.5987498173244292,2.134714223551377
1.0714101933677922,0.731906136011951,0.8615257075014146,1.256173145220894,1.2139267143395727,0.0,0.0,0.0,0.0,0.0,0.9808668386802839,1.3164421575829908,1.3138106151888573,1.0693025213682266,1.1450959894810762,0.8502962858701337,0.8623104361791407,1.237859506212118,1.4814294980651896,0.5094866586272813
0.34544175085492246,0.10100404310475246,0.05147469081430878,0.1399324303823866,0.39187942518887725,0.0,0.0,0.0,0.0,0.0,1.526517284374815,1.922352938925048,1.722324475175501,0.445051134648808,1.308406600679981,1.1055578634737582,0.940972919508565,0.9181561213216928,0.9659329361765844,1.2622428454339496
0.7558217484396472,0.8643426133581386,0.4358283323868729,0.8385667338302831,0.8803557648440729,0.0,0.0,0.0,0.0,0.0,1.9290663827277534,1.6720873580506708,1.7619868309020246,1.4870236441777127,0.6154994982424462,0.9287014587963949,0.9831492462961249,1.0587941108795678,0.8267562072858485,2.9016813000749235
5.015745683137214,2.7901352978488245,1.5720315127907267,5.252231570216191,3.1566044672635485,0.0,0.0,0.0,0.0,0.0,2.001194780788373,1.714348359890875,1.7032234237938824,1.1585092584517818,1.2211500815867469,1.0179533937448983,1.0974842675500194,0.9797898427910057,1.3253308297017368,1.4476934513701931
8.102305813876036,2.7234713218005373,2.2067391126480738,6.823779183410617,10.513117630714119,0.0,0.0,0.0,0.0,0.0,0.609190167944181,1.2955778838670184,1.5062732692430658,1.109696120382001,0.9375722577376037,2.615570571774904,1.593397625810956,1.2549417189644014,0.8435083812943872,0.9591339618417808
0.6967235413151488,0.3033563074482738,0.020070084375572828,0.8051208616492638,0.4439398583650321,0.0,0.0,0.0,0.0,0.0,1.0897215949975645,1.8728233698505927,1.5643366067584057,1.302372561025192,1.535447770474231,1.7614574979927413,1.1083007555343278,1.0673347126805044,1.5583006428874246,1.2704065486026488
27.681591942607163,11.109571191853703,5.445284514297508,15.219425516412935,21.884911033250376,0.0,0.0,0.0,0.0,0.0,0.996113776683697,1.340994577921034,1.3193554164810615,1.2998015555959603,1.466155958760021,1.3202772886161525,1.366786827457744,1.2339546597658446,1.591221121380665,1.3828379917015599
0.898540527631428,0.43356677592730586,0.40365059410086657,0.5330586022419015,0.6632249704559967,0.0,0.0,0.0,0.0,0.0,1.6858927896243818,1.9467123499467638,1.295984164478315,2.0908489479059424,1.7200392434606306,1.0023826440785857,0.9083237204506929,0.9719413118792428,0.9866106239673152,1.1537862238238124
15.172508171296835,10.876108202282682,7.422089274413196,10.26649883070578,14.084705238949272,0.0,0.0,0.0,0.0,0.0,0.9999918673276399,1.1580050819939385,1.1212075392104826,1.1184360110457854,1.1004286462090167,0.4312449682706255,1.3458582062901876,1.2653183419315763,1.469554749508952,1.7003751743890825
3.09393313350538,0.5262047580152809,0.3809943558129801,1.6558457791125516,2.323758648689881,0.0,0.0,0.0,0.0,0.0,1.581986321995393,1.2884288512662903,1.8072400106288382,1.6057771884984928,1.8213355746820454,1.154937232325374,0.38048261065649014,1.133171951336027,1.118415438395088,1.1118136755578283
4.121909826037854,0.6978223386238833,1.4636327967453762,2.330982494032053,2.3941988213550625,0.0,0.0,0.0,0.0,0.0,1.852532673075257,1.345869887231296,1.84748966230365,1.5379862150405272,1.4593346733719892,1.1023830238295511,0.9384546202151962,1.0956591652180152,1.1424385453564652,1.1595109392241092
2.8380243042729805,0.5469873821627618,0.8282862767986323,1.4907537528894794,1.559942811417474,0.0,0.0,0.0,0.0,0.0,1.8326760896160712,1.3656343577252716,1.5900464753499408,1.5512194377964252,1.5922839140597462,1.1200259159572672,1.1264263076321739,1.2552566831061582,1.11810229603003,1.1975844135541491
4.8752219110207085,0.33351853181955704,2.5047450851122535,1.7406201431421764,3.235667358202151,0.0,0.0,0.0,0.0,0.0,1.643555556971881,0.8977371264923436,1.9231441732499561,1.6034689280833505,1.4506291377884593,1.2152069581055567,1.3310853984038864,1.0318279284544496,1.2638519279649447,0.827462619173963
16.241269027462856,8.53477432803425,5.5236069036260735,7.215556273856092,2.220296350762772,0.0,0.0,0.0,0.0,0.0,1.3569290408584609,1.3467532713133272,0.27231769181477355,1.641504190112746,1.9365442610896384,1.2850043279831909,1.5365335378029308,7.6482678045646715,1.2469929231562438,1.067543258851199
2.988907887150057,1.6846714989266727,1.7334355723260824,1.7340423114094385,1.1039386913364408,0.0,0.0,0.0,0.0,0.0,0.8137733413568757,1.1469723177452584,0.43532247691603115,0.6322057687058676,1.5666957280703404,2.558108399900934,1.0196454636140946,1.3990531826253327,2.5983352165951503,0.7314075336704241
32.13141492878371,12.132025652808151,14.837160431199004,9.175560975553545,12.984394714802917,0.0,0.0,0.0,0.0,0.0,1.4902971983228028,0.8687978963588334,0.8504039803431198,1.9249979232854455,2.0648010710471993,1.0822861560762822,1.7213342407989936,2.1960221965470446,1.079080869852165,1.008658388437963
0.30415095061064473,0.08959811789921333,0.239945354297802,0.19366707543931289,0.26405183625275935,0.0,0.0,0.0,0.0,0.0,1.3903784172967202,0.613600134961507,1.763499506045397,1.4532624023418939,1.5243900106926096,1.3355605607501628,3.230425352209131,1.0976706437597608,1.256204156303563,0.9793952637097182
14.22580421307644,7.038466051581676,4.4149707732996815,6.298595200523607,2.1049372648450833,0.0,0.0,0.0,0.0,0.0,1.4707879313612986,1.625561144914514,0.4517675409740911,1.5898465373646546,1.8606856834780188,1.2587353545642839,1.2956487481754668,3.5050543477435268,1.2854893898884927,1.0925381262473655
17.34686833420776,2.445898460618996,8.961799212322319,9.963392655378088,12.523878463785104,0.0,0.0,0.0,0.0,0.0,1.44726090494812,1.3004268443901685,1.215555818841355,1.3335124137413015,1.645032272437457,1.4005317146259635,1.2479650021381608,0.9529630895554798,1.2744275551241608,1.2513119325719366
4.5746223753304305,1.2380655143857673,2.6056340946874412,2.412307347150022,1.3045637627666886,0.0,0.0,0.0,0.0,0.0,0.9919408666365588,1.5751349792120541,1.5976575716474881,1.746728058199643,1.812243786089817,0.5870657855754308,1.03670061381185,1.0362356381396969,1.1319249874322788,1.1412454143253281
2.198600494345896,0.993465370740154,0.5926405443272291,0.7844772488845858,1.054341816999328,0.0,0.0,0.0,0.0,0.0,1.6387289903049371,1.0222642743120518,1.158579486732144,1.810051025085866,1.9573620288272444,1.1725844113112103,1.1857949765220572,1.6995076796986337,1.116297406876535,1.0643338282226693
3.749802905518814,2.1183311870068815,1.8369941291655352,1.07181510561971,0.7084393610743921,0.0,0.0,0.0,0.0,0.0,1.7222991609073024,1.5754413698308365,0.8891631511447562,0.9319114531533296,1.892350433480755,0.9016641394020347,0.8397167477631847,1.3362629053887671,2.1278737280815663,1.0207262897958345
2.474019652358655,2.1054635815530895,1.1663004500556158,2.277818900753015,0.12770133296023173,0.0,0.0,0.0,0.0,0.0,1.3987585135332485,0.9794200237983197,1.503552768953079,1.6327429906636715,1.0810291335534756,0.9509305535431407,1.4109919423187283,1.2470895853657529,1.1772798428453486,0.5500274835362028
1.0676385192436402,0.3500513972377114,0.73136293850221,0.38726478584853025,0.42236975620248024,0.0,0.0,0.0,0.0,0.0,1.6340592422965696,0.5813477996582312,1.6821447408209218,2.032211798226498,1.5689465677181575,1.1317234164953358,1.5827511034804769,1.189992683195303,1.0228472576937389,0.9678714221835976
1.2822598765402662,0.5516862927308366,0.5756806773748341,0.1637058635150057,0.6982182450189274,0.0,0.0,0.0,0.0,0.0,1.4208162748746067,0.7975479163959629,0.9215012266748728,1.8869633421207528,2.0280230752204687,0.9903147079408521,0.9285972079629125,1.9165913041311018,1.0476107366189893,0.9703343168697395
4.973119979052853,3.7513116429412654,2.4915693908952,5.060372859290412,0.6654509951309748,0.0,0.0,0.0,0.0,0.0,1.2261863564047728,1.5579456506413705,1.0499160385375907,1.3191930955641318,1.6862850659231672,1.2647209454740156,1.1222957256247086,1.3131383891325488,0.9546215376141145,0.9856353982417373
6.716510727652039,1.8130085243899892,2.370276055055696,0.906013262804968,2.1293137532220423,0.0,0.0,0.0,0.0,0.0,1.147573595104678,1.7337335934670974,1.289688664798622,1.8946848368159606,1.651204738193233,0.6426996399466532,0.9389773590747814,1.1579065135138369,1.07130968132492,1.0891057401840365
1.8446233191341108,0.6008520621833434,1.781858673455535,2.742209183668172,1.4669622993029674,0.0,0.0,0.0,0.0,0.0,1.294471368976197,0.5649154237586287,1.1445892530695356,1.1347022216087828,1.5203383361563092,1.5020524779497288,3.637752735889399,1.7723597386439272,1.7213283780324786,1.2435595245074054
3.6302509887646623,2.1237268676151317,3.5200872560396403,2.0856537371791517,1.5750927284840537,0.0,0.0,0.0,0.0,0.0,1.8773704650093996,1.5681049308124662,1.7446959731620222,1.387348695540998,1.6420063751573046,1.0050305118308416,0.7230442442329291,1.0919932074358587,1.25160055411471,0.9834174281189904
7.233281534832959,1.9410618930251942,6.955530310976819,3.2674940647751796,4.393034050806437,0.0,0.0,0.0,0.0,0.0,1.961949330242564,1.3293022326283812,1.9476035095266044,1.522925432002067,1.7767724913455119,1.068002074733012,1.2751020679546714,1.0343820623784377,1.1257631983407512,0.9187953414836287
3.31314166288535,1.761894608736896,1.3941578486807045,1.2344838428101101,1.8144478784050377,0.0,0.0,0.0,0.0,0.0,1.4519909919459904,1.2693474664192583,1.681644741967848,2.085651585090631,1.3231306040646127,0.8804739157051712,1.1072088631822814,1.096682596805666,0.9468898158888536,1.4424065390895193
19.865747440117893,10.498903000019421,7.627590146858537,6.443545567691601,7.715459016053645,0.0,0.0,0.0,0.0,0.0,1.5695832520289545,0.9985684930287346,1.3313021606303002,1.8546147291049642,1.8292295315724059,1.1898819830696281,0.8743171306844071,1.303449833542835,1.109826274899236,1.0948829424414779
1.4901386340111225,0.7631371873139802,1.1659457232177073,1.2082551770412626,0.46784799705716607,0.0,0.0,0.0,0.0,0.0,1.069588407872541,1.263275348843586,1.3793945418641451,0.7785940680849927,1.3265814730934724,1.6408846631764573,1.1195336300423933,1.3290411827960038,1.1513576465828415,1.111395466030989
0.6019351402781207,0.4705847839841173,0.27509739065825417,0.20470789976951004,0.3995482431220788,0.0,0.0,0.0,0.0,0.0,1.467391309646861,1.1420098603660906,1.574469123542741,1.3340846483578164,0.9164343606515689,1.0364586608739494,1.3748444709507754,1.114139377878448,1.1127079385574168,1.753876320572538
1.8845977984914413,1.219678564141793,2.4114956590518943,0.9419517685929566,0.3032275131927974,0.0,0.0,0.0,0.0,0.0,1.8308868568667203,1.3336330541840236,1.2843378269061998,1.1310138975558903,1.7781891342857317,1.0607385873467259,0.32719854901309703,1.3984570880173368,1.8169914798779376,1.0755846043897614
3.5520192261048367,0.3481153480068115,2.374185232912736,1.175701202802196,3.9670512458822187,0.0,0.0,0.0,0.0,0.0,1.3111290722628228,1.8850110198534995,1.9240925162962914,0.6964958441230799,1.5374954288331586,1.4042785161510494,1.0229236288374062,0.9695352877734684,0.9316162610956954,0.8663124301410527
7.737447742753519,1.6168425261510286,3.250116625715237,3.7533037486071414,3.874150325464849,0.0,0.0,0.0,0.0,0.0,1.8475644695571782,1.2369464851351097,1.6787971063745728,1.8502123918311888,1.6897645538342811,1.1015134857269124,1.2022986920815262,1.1963052217084522,1.1137045013095972,1.0847863448900001
0.3567882060095219,0.32989645363926456,0.1916716241395565,0.23081689932257046,0.019776701537864684,0.0,0.0,0.0,0.0,0.0,1.747599842759224,1.5088977840158244,1.449334705296114,0.9588551688569968,1.37819054610847,0.9431454009690036,0.6401390727482029,1.1669101081252606,1.3220685282972056,1.001035501708577
13.735956142021593,11.318808918467392,6.634152486083638,3.1166594727241352,3.0525243703919864,0.0,0.0,0.0,0.0,0.0,1.543646264157128,1.5350209728489776,1.4189406353968395,1.5913115882383113,1.6870117880673727,1.2201451202472788,1.3083718587509938,1.3744203346429196,1.027060352218018,1.1524920542525763
0.6982963166165235,0.4770350105246425,0.5205050595791552,0.46847655393689963,0.18443400461899107,0.0,0.0,0.0,0.0,0.0,1.6218378112483518,1.3168722029644848,1.5658952964516026,1.1638827398895235,1.7392685057551862,1.2086319340218754,0.6802186672118398,1.1711786119076928,1.3267236289952506,0.917301400660843
5.08636845602737,4.341141394132999,3.4529870993086944,1.9398512408103556,2.501372113111281,0.0,0.0,0.0,0.0,0.0,1.4101535419309184,1.061025566828341,1.1535428213511754,1.5441789723802566,1.1910244443959366,0.8857954756085147,0.9922568504187208,1.1666764666337566,1.1171479538463402,1.6405973680891632
0.0,0.0,0.0,0.0,0.0,0.0,0.0,0.0,0.0,0.0,0.0,0.0,0.0,0.0,0.0,0.0,0.0,0.0,0.0,0.0
2.002315671523252,1.5078470129667598,0.750184638900999,0.2334457196333747,0.5219022435386046,0.0,0.0,0.0,0.0,0.0,1.9661771544306397,1.785214025873002,1.742795725233592,1.438354939470368,1.6602497507079559,0.9313856967070365,0.9310528819477101,0.915441908738062,0.5441833669148728,0.9715984973836311
0.8841291897764695,0.7426983632293009,0.3197904655235285,0.2783091835546473,0.5715727881923754,0.0,0.0,0.0,0.0,0.0,1.6568466352320381,1.7448518930598114,1.4539994734819353,1.7363402563365828,0.9966703344594203,1.0146226241766119,0.9423369977969522,0.5930521428029243,1.120972009347197,1.7413064651640102
1.3304916231822266,0.5711442530159222,0.40552088076709963,0.32321079226777527,0.43114933694263036,0.0,0.0,0.0,0.0,0.0,0.976112176755651,1.048258381725975,1.1313279042118616,1.14793549250082,1.5586456296947462,1.7342161253816537,1.918830207986972,1.8145193337906134,0.45513562348926856,0.7004260448683577
1.5857686852453614,1.1077325880895468,0.5490653600682947,0.3003587893297156,1.2913346848480516,0.0,0.0,0.0,0.0,0.0,2.0223361419813295,1.9497531049342511,1.909100244152545,1.5082602742139168,1.503056117835765,1.0157419039644495,1.018915446107144,1.0394292151675624,0.740485868775845,1.1808842803818802
3.29936765495806,2.403059026817428,1.4929610025070874,0.8081607171182543,1.8575942179304534,0.0,0.0,0.0,0.0,0.0,1.7416600031933929,1.7530059439602594,1.459478182698056,1.5121982873936184,0.5841478545645673,0.9788414539351147,0.8829712148995051,0.6018458787189424,1.1727969226153578,2.943217362516121
1.0574784572745888,0.8209282620282334,0.7191288346882807,0.9810364568232461,0.7547401258538393,0.0,0.0,0.0,0.0,0.0,1.5135649373695468,1.8370074001186618,1.2827422908675445,1.878282556743585,0.6621976686363026,1.1811810827564846,0.9321570498882685,0.7383894228449569,1.0553392931838157,2.4244780038982423
1.587795721962784,1.21708301694839,0.28788913554864165,0.35882606055387994,0.723228067100519,0.0,0.0,0.0,0.0,0.0,1.5343682911154333,1.4195645530920764,1.7434077908788248,1.3312983486623386,0.979364785772344,0.8298726614793345,1.1986697594845603,0.9516856357652538,0.675836113717242,1.5605194289919235
3.183877390878417,2.4781568590371608,0.7984774889319385,0.5639118887430189,1.6107457540514383,0.0,0.0,0.0,0.0,0.0,1.7282646116557492,1.6581844042611877,1.7818353777731666,1.4848723695689086,0.8257380286509138,0.8634406256487018,1.0243221957243254,0.9077076651996706,0.5998519651551626,2.260808551531681
0.9486508901250937,0.6093079424821595,0.4368855679299687,0.2253324047534231,0.40117433468582353,0.0,0.0,0.0,0.0,0.0,1.8375605653320162,1.7212932863710404,1.6891142169672948,0.9827247956070245,1.4486660316570434,1.01105750608569,0.8762806435844268,0.9497419558360716,1.7723372205769412,1.0556858240723472
2.8375603171115413,2.224780597220974,1.086643784308491,0.8333698228173638,1.454858214761708,0.0,0.0,0.0,0.0,0.0,1.7211394329983494,1.6600186822332623,1.412350467274322,1.4531551890819847,1.1337749156856094,0.9859256811743561,0.9538574027300614,0.7399610140323719,1.2998024710890872,1.5557964763434877
1.3727554528065073,0.4205410474808578,0.7930705603642384,1.0353978384788924,1.1700393095604604,0.0,0.0,0.0,0.0,0.0,1.5668670600762027,2.0560560787453315,1.2326060851461387,1.9300311951966391,1.5306171570039968,1.1507025573615124,0.9437247687935064,1.125967536301947,1.0815966860304667,1.3187515343488507
1.8015543426913723,1.9433620352246153,0.8810453338662343,0.7239769539703638,0.8889179171375823,0.0,0.0,0.0,0.0,0.0,1.5251462339121409,1.527239336584222,1.53673030293333,1.5847045484439561,1.2438205663284732,0.8917926898156094,1.0164903501330391,1.087897335691283,1.037671475634622,1.1010035791137758
4.852104391871391,4.509431309490635,3.8554865755389285,3.0508668941341357,2.3630566174311007,0.0,0.0,0.0,0.0,0.0,1.6311809788798028,1.6443976782407572,1.7023124527251872,1.857806260500738,1.9940181368102823,0.8505632987235614,0.8531501967805033,0.8812392991285987,0.9187721630912443,0.9520430061310513
1.9224187227201142,1.6591013646454336,1.041938834100576,0.8868817004656098,1.6810830974745996,0.0,0.0,0.0,0.0,0.0,1.3392118926480838,1.4782249562953753,1.6741630093615325,1.7905481651328115,1.2669408414331895,0.18486368664924394,1.0599572265011226,1.0461996109836553,0.9336966860346847,1.423520048810229
0.44003922395644074,0.2584016076315617,0.2578889224508093,0.09659227973928827,0.2654234034033506,0.0,0.0,0.0,0.0,0.0,1.659109819253345,1.8928914998644417,1.9826063900228719,1.3123165854143009,1.5582688311018182,1.0324125593204387,1.0333136383242933,1.0595914586285866,0.9748791709018131,1.216490569189978
0.6088125598434633,0.5828234877448428,0.29751129177678937,0.292792124501005,0.7505901812170339,0.0,0.0,0.0,0.0,0.0,1.6264817039045516,1.726744729413418,1.6703087865490909,1.7294692207901827,1.0533953537399114,0.8402937849612917,0.9343143667754771,0.9703185684471186,0.8660014379890109,1.5656059825714574
4.179590239094274,4.9086106874074655,0.9121085806909877,1.6536304600152198,3.4215242088484272,0.0,0.0,0.0,0.0,0.0,1.53656232826461,1.2637070118808142,1.7433735791036153,1.5169368532638816,0.410571871537861,0.6509746859140765,1.2731303763123187,0.9247555512434408,0.7746193655596816,2.9881308850569095
2.511545731850211,2.5050554793963986,1.074872971390889,2.3935321904551556,1.1092053885387991,0.0,0.0,0.0,0.0,0.0,2.029845601236096,1.513888279934514,1.723562618856178,1.255191504996984,0.8731969652691899,0.9383193252559202,1.0735324705591391,0.9710937211507862,0.5713673370073972,2.125796752882871
0.4701340569019729,0.4961620646275418,0.3479165758459599,0.31427654515293824,0.3007531262252928,0.0,0.0,0.0,0.0,0.0,1.526690174205066,1.7015632452270515,1.5800641809756462,1.8050927509355923,0.7897880178645147,0.7669538302800273,0.923042522914318,1.0413489748978197,0.9955976652791799,2.1117997943375952
19.4691206939757,9.725702380483062,15.689113283122524,12.194913137927795,15.264470139549875,0.0,0.0,0.0,0.0,0.0,2.1150252951258532,1.7141125877903336,1.8477314733136396,1.5318235511162368,1.3334520049474157,0.9617110553730349,0.9094856251071343,1.0543051703690314,1.0471624474011332,1.2156468457308935
0.4274510702000244,0.7407571278886298,0.18017566930466605,0.421343310930002,0.5155965994809828,0.0,0.0,0.0,0.0,0.0,1.5717903650340248,1.3906385712254374,1.5883415320895595,1.740715737401844,0.31779726080348536,0.703278177538022,1.102557754344858,1.0373737099829419,0.9137122589178571,4.482218442192908
1.6277285631819673,0.8170892200221207,0.9951672059523643,0.819220525421246,0.8849187778472871,0.0,0.0,0.0,0.0,0.0,2.1100314843903156,1.6751526173001892,1.7973980696202376,1.4290835033908316,1.410218318428747,0.9587605149055812,1.0086560066919354,0.9972086237024472,1.2033780225736181,1.101118891984928
0.2736567735592178,0.08402154457322335,0.0826604709033708,0.1405378828506437,0.09601711776280807,0.0,0.0,0.0,0.0,0.0,0.677137496055823,0.6451086369388345,1.3392927786223665,0.6092472531932199,1.1949595372042079,2.599220539878053,2.8263371107316835,1.3626172673465924,1.9109026056048009,0.48092742421800455
0.2038157398254378,0.12294442386446158,0.09998462026260511,0.026968951144780644,0.07557092310620651,0.0,0.0,0.0,0.0,0.0,1.3986353895969725,1.5418323795419642,1.4541771929372291,1.2565081547304546,1.8184938624515488,1.1743201902437321,1.1247434504496108,1.1411511129026275,1.3903942124221207,0.9940063358739122
0.19259820385405058,0.12028634805735809,0.03972651900302407,0.10748819991075549,0.10232321516354863,0.0,0.0,0.0,0.0,0.0,1.8019610604823402,1.7173636044013554,1.2103953297998018,1.4100473949753087,1.3295911657554669,1.0995134188360682,0.96673591023844,1.0468450713906263,0.9146936330096195,1.3854768703141178
6.649222258911434,4.122243391496748,2.9895183682031186,1.4965187424173914,2.7128791806230277,0.0,0.0,0.0,0.0,0.0,1.378923480680703,1.2250116598036396,1.6013573065763622,1.1008635308031114,1.0085440070765963,1.0617647531052985,1.2335169184502397,1.0524680388310457,0.798987284221555,1.4383596084283847
0.8013578763233717,1.5337853223120022,0.57849945777146,0.43358417936646826,0.4011720660835305,0.0,0.0,0.0,0.0,0.0,0.5940915077116126,0.8023218150661215,0.7307953928004712,1.4935540909842075,1.1392443268029628,2.2415629577585796,1.8243595400528043,1.199010819506874,1.148616552959263,0.6470958908447869
3.942138950403559,3.1282166524078745,2.2929565821105293,1.408389907628082,2.3250644389033726,0.0,0.0,0.0,0.0,0.0,1.6867719542793556,1.180004008349959,1.6864802832293977,1.4344493794832558,1.0772746890570044,0.9802382481879681,1.3647365108218978,1.0600022913449014,1.022761947903863,1.503327417857249
1.5776621752394266,0.48339919930130615,0.7406765876843409,0.09961304409587174,0.5323144603168009,0.0,0.0,0.0,0.0,0.0,1.3372852710905565,1.442347195467993,0.7012369637174216,1.8800788474956511,1.675860566821252,0.8739265893355788,1.1088812079217873,2.128018705259104,0.9383750414248248,0.9699150119262966
0.2587849159811287,0.3121488764934405,0.09184760193305806,0.23259586811337254,0.2691513215395779,0.0,0.0,0.0,0.0,0.0,1.7008437814207442,1.6961737490677093,1.666062078763138,1.7433672337864754,0.41860494141495447,0.8180156168419109,0.9541223517365842,0.9674584638031175,0.9200079959352935,3.993320427349326
3.9599056993761534,2.0242663714734332,0.6086132139891235,0.23405397996279942,2.1121237013305496,0.0,0.0,0.0,0.0,0.0,1.5432497989136145,1.7776798848877515,1.8459331260232712,1.5100799215676879,1.132668996222285,0.8855360368634124,0.9532729820977947,0.9777848368745816,1.1643472601229394,1.0839224516482198
1.7086390999652394,1.1284295001454874,0.2455295808143129,0.322865285747936,0.8782859334093199,0.0,0.0,0.0,0.0,0.0,1.9491460534601115,1.714455460154973,1.592201499207839,1.3479386823660753,1.7310920801379244,0.9416291950624737,0.9493498813707609,0.8809056099015177,1.3859000610637437,1.0236027598975441
12.887603426775225,13.297307518332016,8.753900925292545,4.622283641574305,6.714630056093364,0.0,0.0,0.0,0.0,0.0,1.7431523124839525,1.2885324257179311,1.265229491439252,1.3453102865284312,0.5297400744702266,0.9107534902971155,1.0846881856952626,0.6894501448695761,1.1229354215698182,3.54526761499173
2.6510179482126692,1.7369474110423286,0.8257822279939682,0.20457638185341925,0.7216039570000269,0.0,0.0,0.0,0.0,0.0,1.64883974917173,1.7054693085250536,1.8917190568811204,2.045560280965004,1.4282788949704228,0.8809864672712417,0.8675317839993174,0.897729444273547,0.9723974869187882,0.9000800735494628
0.8286497185031955,0.49997870953637574,0.5761786892596115,0.4368138430792854,0.5594207500344213,0.0,0.0,0.0,0.0,0.0,1.144861106605894,1.5977614586443372,1.5494559899286244,1.2706002094077136,1.1941972053302317,0.7652301004296964,0.9031166306996387,1.1518920099548688,1.1260569493700907,0.30724923687939376
28.808180056724524,25.711771940708058,18.384665492501476,12.378903560593598,10.70450149289032,0.0,0.0,0.0,0.0,0.0,1.3042375682290548,1.2627619121801814,1.2659501679878822,1.1365223627917864,0.7775703585282782,0.9272909741237132,0.9806381890895852,1.0625276286770888,1.1511881039136573,1.130730021893517
8.85513272334977,5.96690879626573,3.60955257809925,1.5420476314192302,0.6633610553393605,0.0,0.0,0.0,0.0,0.0,1.5166895157178286,1.4807575491544693,1.6049841009926396,2.0153030162861656,1.6385210034348916,0.7737784943096554,0.9659737769077892,1.1092065788753995,0.9672394352881531,1.2191173572769984
5.406277397156193,3.8304946248411236,2.2730169178025967,0.5577624649867196,0.6832209081659866,0.0,0.0,0.0,0.0,0.0,1.6121023458547972,1.5863732651511357,1.582131666421585,1.7818867983717457,1.5363454564608403,0.8189194775570813,1.0038344836631348,1.0941972761944794,0.8996529962622762,1.005288463596209
1.8881948820707173,1.294314598388797,0.7339657650091109,0.2680236661181398,0.1905077951946466,0.0,0.0,0.0,0.0,0.0,1.481932008699277,1.4038404594012042,1.823966412985632,2.017243174718663,0.8957885115747682,0.9436639095342344,0.950217129496211,0.9359300448049492,0.9385322461009421,2.05910828000994
3.035080348836483,2.4994868093639764,1.5091192216412466,0.5289741692149451,0.585792454464806,0.0,0.0,0.0,0.0,0.0,1.543430656722478,1.4242587099511073,1.5353518920236002,1.7507109312954097,1.3377730167168354,0.7956160281878847,1.0801737898315356,1.118129475716743,0.9073713829239143,1.0310064291319243
0.5539241770256466,0.4392061723546202,0.364478814420505,0.40559270555828597,0.1376528456484484,0.0,0.0,0.0,0.0,0.0,1.3162057692145404,1.3703820331919527,1.413719765226146,1.3351841516860616,1.5366341618764223,1.1413680995427804,0.7103309399714534,1.3351632934859867,1.2784904617652633,0.7475556394696884
17.820143086018543,14.117110675138075,10.033116043409207,5.737319633011305,4.663332241519113,0.0,0.0,0.0,0.0,0.0,1.421593358799869,1.4300722490109725,1.4784293468824548,1.3675017912129401,0.9904363641561559,0.8255294611595811,0.9378767197299644,1.0133747165330524,1.1240953088717163,1.5547418240228346
10.133416347403365,6.914476668523271,5.7410732212440445,5.922070047033626,5.525967209118636,0.0,0.0,0.0,0.0,0.0,0.8205338050880384,1.0159277653156626,1.0481725881758461,0.9422549040806019,0.5859584289582123,1.1669472842846722,1.0315111104049268,0.6925164802424247,1.0244405584682321,1.8584774983355523
10.984347166308906,8.159396702395494,4.047742863507343,1.2508794465134991,0.9500329592936371,0.0,0.0,0.0,0.0,0.0,1.8009297395975798,1.7903950322040045,1.77088797716111,1.461287147954523,0.4905228071083185,0.9006016777698308,0.8909725417142526,0.884539837201774,1.1098450112515232,3.3076081765833862
1.1243834106027637,0.5832161527380999,0.3768919519621044,0.39035797743120687,0.08098488514143172,0.0,0.0,0.0,0.0,0.0,1.6521959510163864,1.9513862781922204,2.0830245921481634,1.1386871577389295,1.26853474616193,0.9461724029347474,0.9230218563081304,0.9508686929269687,1.430094938122841,0.8988900821097647
5.236451324410169,2.817925840490786,3.454540195490241,0.7657009231936532,0.8688712405623239,0.0,0.0,0.0,0.0,0.0,1.4931411839429405,1.1513043463681918,1.6361619049453338,1.4743406987433139,1.7087660439312784,1.0254418176863584,1.3137548899756708,1.2826595940785586,1.277321709447242,1.2119125604212482
2.755049108845518,2.9483075081452683,2.839349172119481,2.154205209781173,1.6172397484319734,0.0,0.0,0.0,0.0,0.0,1.2299551467464263,1.167130292925001,1.1163779830131044,1.1889124648425582,1.2211318673009377,1.0693490414914657,1.0871741600706648,1.0644217884996239,0.8822781140865791,0.884775618870326
0.2959623566723917,0.10218478952807611,0.058877736039224846,0.09942756106968217,0.06374336918266921,0.0,0.0,0.0,0.0,0.0,1.5135203361959646,1.6388919096148113,1.9575440737740117,1.3760414187647665,1.6856067994643247,0.86340459727426,0.9154981085640528,1.0765724644198325,0.4400024034376866,0.8998465745208802
0.675769653324229,0.4085466931356536,0.2680253560646822,0.4748969742187586,0.6790097022655065,0.0,0.0,0.0,0.0,0.0,1.4436485347881853,0.831058565218258,1.976223524104405,0.8039386705319533,1.4522864239891964,1.1940157860216267,2.4455258229626797,0.9584143418448501,1.6330960821033045,0.5685363430376215
4.429130804403315,3.734431916137973,2.7323445461649847,2.0185638959432533,1.071705337832664,0.0,0.0,0.0,0.0,0.0,1.3016558998742571,1.3695373673539968,1.391755244940262,1.308741139527198,1.1243720902332555,0.9295002564282591,0.8959244180348369,1.0833878283156562,1.2199694556843672,1.0858436668182745
0.8788169091897654,0.34151062879532373,0.2678460944339548,0.27919236925103297,0.11694219887749843,0.0,0.0,0.0,0.0,0.0,1.4278567304641145,1.5129750555859547,2.0222861768892098,1.697718557099532,0.8962648259749034,0.796965780268093,0.9149085629613065,0.9985089339485922,1.1370948862666175,1.8324628872223498
54.32474726892015,30.471524806494735,24.343215331655653,10.708578327646581,7.833771923418814,0.0,0.0,0.0,0.0,0.0,1.4254011865853495,1.4497135051774772,1.4362987642141176,2.090929303418028,1.91203252435201,0.6141647000757257,1.0764445332693893,1.2579030452649238,0.9399104140570064,0.9374943060748371
2.5487557355330455,1.7529002881135411,0.6299001397452325,0.09601096106717613,0.3636819769621303,0.0,0.0,0.0,0.0,0.0,1.83606495114097,1.759271863666497,1.673292252373432,0.590952037399989,1.4045795069098486,0.9368008455584664,0.9336644944767677,0.8786388343887452,1.3405673287976307,1.1360837731310658
5.912191904706466,4.421257534103575,3.173408174547842,2.789413401461707,2.5111084504858123,0.0,0.0,0.0,0.0,0.0,1.2561801126035728,1.39625783245995,1.4525289429434718,1.2039265524644776,0.5709192446847717,0.9966985582323046,0.9110108302408862,0.9152238485969801,1.1940449678908993,1.8248350098332062
0.10260747387922035,0.21697937170501,0.1928297615133847,0.1831097248110875,0.27136623333491455,0.0,0.0,0.0,0.0,0.0,0.7566691714193148,0.20880508562224365,0.8065796350254573,1.3100691150750474,1.4395705311424492,2.2174002845349223,4.729698504283945,1.096472722911722,0.5440753313084749,0.9902916686705748
0.35149435317599054,0.3414300534060265,0.048563615900318324,0.08417265882433689,0.37767373274219873,0.0,0.0,0.0,0.0,0.0,1.3028208787762492,0.9420290846792665,1.7687221870576804,1.9801021047153182,0.5209319378969551,0.5466172559818059,1.7372392626337907,1.0596269076803915,0.9198894231806394,2.1804727761047293
0.1767398976678939,0.1920405571331007,0.13478145136674385,0.07090687686694673,0.16779140827601421,0.0,0.0,0.0,0.0,0.0,1.4043150306067036,0.7160152041446285,1.4941833979111274,1.8664907778850872,1.026572582032,0.8727403374906866,2.157123061751253,1.2428300748240049,0.9518847755076869,1.5685933342710656
21.803746033450018,15.67539993408019,7.688357695475335,2.049441461412072,2.52236437044792,0.0,0.0,0.0,0.0,0.0,1.6663779547738296,1.6554508678193234,1.601605121312134,1.2788684490122026,1.0402409556652397,0.8589684350849707,0.9195480089118738,0.9912938263513305,1.2098394557124115,1.6332043462631376
0.22849004732611372,0.15729981126171164,0.16065463161431962,0.11044842856368675,0.09579801597030253,0.0,0.0,0.0,0.0,0.0,1.4221271642234345,1.6325785314529722,1.6191936269835399,1.4948476069553243,1.601333643509458,0.8745061852635247,1.0567878055690325,1.099050774443768,1.3457045964526317,0.9705348206129716
66.89355004250693,57.97669348488184,37.10426879243222,20.379407412491997,18.50029855943419,0.0,0.0,0.0,0.0,0.0,1.4445459616988314,1.3406242916989055,1.3895792585037168,1.1982347521527117,0.4454373444529326,0.8314263671475249,1.0376680843448565,1.0484737273364686,1.1860147013180635,2.3352295140257344
3.868458648126494,4.855596562771481,4.2295890417155055,1.179796188782173,1.8467363169628945,0.0,0.0,0.0,0.0,0.0,1.469547984136846,0.6787331744785636,0.7138979735440412,1.2904840602555805,1.6906289251340747,0.7357650301438843,2.448314107710936,2.382288138931911,0.13795949511882596,0.8377954106278135
0.17879191310877646,0.12986410270661913,0.06572033513581581,0.1007432278459498,0.13856649206649424,0.0,0.0,0.0,0.0,0.0,1.7023375376983474,1.6789762704313942,1.5700439207157373,1.151974395663968,1.4529495517418127,1.1076144545829507,1.1394590129230944,0.928224590978416,1.5133618325505191,1.2788858474915856
3.5718599979883963,2.9005233540336577,2.2039786751255823,1.2998865196013516,0.8469401498656669,0.0,0.0,0.0,0.0,0.0,1.5677248795253087,1.6705504368670998,1.7855061307303723,1.816993161437054,1.054849632960226,0.8184720318679057,0.9286445150687269,0.956096039466565,0.9687916376095493,1.4064996418966649
8.622061237837926,8.372551058579345,5.648767249379958,3.0214969716885514,3.006506239459226,0.0,0.0,0.0,0.0,0.0,1.373322715466925,1.19857407467126,1.3151278982750199,1.3988609009168522,0.7731617045124894,0.8054278460655301,1.1586673513521046,1.118987115104955,0.9440083072483919,1.7131553583861034
6.109901367521584,5.778046791445101,6.311195530132782,6.5530926950219,6.0474151820372715,0.0,0.0,0.0,0.0,0.0,1.1117843926529623,1.2104007968596129,1.2097855679921639,1.2239840067094738,1.237533595328535,1.0338606146497067,0.8908603227007857,1.0125927091437847,1.0968012001602137,1.0784155031225378
12.511492642705164,9.760875038230527,7.665556430562715,6.625511565367644,6.155523742916204,0.0,0.0,0.0,0.0,0.0,1.8922860656675617,1.8169907409726804,1.6369735246447836,1.3292125248502629,1.1377143641523177,0.9790588508250909,0.9333217082294468,0.8806111315897365,0.785938241412819,0.7309589553151157
3.1238579679672256,1.5637961535784801,0.9661322741681433,2.0606571752143914,1.8367866800424726,0.0,0.0,0.0,0.0,0.0,1.1026563454986495,1.287053611565658,1.7033832645765061,1.7735806301800474,1.1353240828590747,0.843225796781857,1.335657544614658,1.0306244769885367,1.0009415737424368,0.9971380024368174
20.79119138837301,18.08360022589889,15.664777149845435,13.94424305514074,11.792190094112218,0.0,0.0,0.0,0.0,0.0,1.7528068824630416,1.7256015388920458,1.579887547481057,1.356431239622424,1.1761253397500948,0.9804130071128008,0.9173815190329527,0.8758988515616377,0.9102484023813884,0.9123162278742043
3.1474592588433885,1.8004909574028776,2.985537312816791,4.511927722661811,5.549681705153794,0.0,0.0,0.0,0.0,0.0,0.5754810863301443,1.1866506040972913,1.3050533729213194,1.2571335733942957,1.2729928203375802,3.3005007349845314,0.8112220938442938,0.48039723072000373,0.9914733179189227,1.0479800310567648
2.5267401478533,2.495166284639057,2.8771420075016194,3.691815391686923,4.307333217708815,0.0,0.0,0.0,0.0,0.0,1.2408261875286914,1.1681156676315765,1.3012299627711408,1.3454861725732676,1.260515475967308,1.1664287043993535,1.2548099274690483,1.0462901531319102,0.6709742065419902,0.764294785692552
1.5165533644668625,1.2703035534056148,1.2322043678021362,1.2742939076741395,1.746320664108221,0.0,0.0,0.0,0.0,0.0,1.8047144903597532,1.7231333474751411,1.673725071265765,1.351283360741086,0.8709061175544434,0.9900644026545871,0.9486886244974636,0.8881180364712139,0.6622002919966199,0.6515073033024698
3.278520593769076,2.6978298398642324,2.4671258357335444,2.4435367121981004,2.098133270565369,0.0,0.0,0.0,0.0,0.0,1.8470290496719919,1.7478952728615724,1.5757203490153757,1.3041509016214872,1.1116671404018381,0.9802193932424446,0.9182412421044109,0.8665056031890098,0.6619823389669424,0.673359571854745
0.8072064619499948,0.7202366974269012,0.666460262560985,0.5844904482442823,0.49559769951770527,0.0,0.0,0.0,0.0,0.0,1.6277262589813954,1.522200501452968,1.2291751683220524,0.9355737250816641,0.7167543330462086,0.8985568120704778,0.9244493390896831,1.0521079373707127,1.1451057332112746,0.8796478254212516
11.323035026608473,10.464770415043315,11.417197136282844,13.122819428930274,14.954062487825245,0.0,0.0,0.0,0.0,0.0,1.045315789889811,1.2456066074319219,1.2868179007982135,1.2200189357802067,1.0961686048500552,1.378548839123273,0.9251141412883663,0.7688647497349845,1.0016672577868397,1.0952190694812745
721.3038845842999,663.3646353010455,567.7563190999597,452.8768552219938,338.2774576164123,0.0,0.0,0.0,0.0,0.0,1.5563633824058205,1.5223126058974887,1.4439130776459996,1.315323731229501,1.122839195423814,0.9158284304207984,0.9263408630069081,0.9549285025772282,1.0145418009244962,1.1228204466055316
9.782950019689018,5.808316722908553,4.690059553552643,7.261572059067014,10.97176106517766,0.0,0.0,0.0,0.0,0.0,0.5393913593794842,1.0120066667594632,1.2907006334102187,1.2151163081328196,1.1655130704687375,3.7555151281322816,0.7795122019074749,0.6355982244970922,1.1598002313655644,1.138303441287391
0.5159501979195564,0.44379024625875446,0.5389443289445659,0.28440706398241794,0.6013987825735925,0.0,0.0,0.0,0.0,0.0,1.9787113590187824,1.7394261573179175,1.5131431806866373,1.4889775227081503,0.7430869915014653,0.9757487731046062,0.9229171318554988,1.0855961146586524,0.7256599682024066,0.7615768041895555
1.4794012860300156,1.9554227075640078,2.019855819147957,1.4839162440892129,1.3970978214962193,0.0,0.0,0.0,0.0,0.0,1.7019098072914598,1.688322282777014,1.3683628565096735,1.937141082859737,1.4058281112562407,0.8680175886595863,0.8842175907831915,1.0038433389741734,0.9542706476449746,1.1653358576995012
3.0982782176643116,2.5458472965293124,2.5313217412950344,3.2939219840928393,3.3677761005266524,0.0,0.0,0.0,0.0,0.0,1.1361309852503723,1.3905103738129103,1.439066892813796,1.180733880100391,1.0937487862813444,1.046357940810091,0.8698700997129486,0.9717520777084612,1.270608139857381,1.0277436851579083
0.725938101049693,0.8778225428993064,0.3642054609685744,1.0159130902884985,0.4960329626055562,0.0,0.0,0.0,0.0,0.0,1.9261173623201409,1.5801471399781646,1.6922726133440238,1.3219931015229016,0.5742136084672111,1.0044511213819038,0.8875836728535589,1.02965037582033,0.5846846556209554,2.0061994676390573
20.79180145431294,22.591849137025676,21.54456002708836,13.409785292183685,9.906805396682007,0.0,0.0,0.0,0.0,0.0,1.4232802546773622,1.258056994597013,1.2772949903727235,1.399131425556704,1.4121639930286425,0.9535902752686847,0.9422601585137694,1.0856536482758277,1.052675752515068,1.0594164714644378
47.71526654367388,42.621418700920415,37.65110190746999,32.345737288669525,26.182284112672882,0.0,0.0,0.0,0.0,0.0,1.5314633926540606,1.570604095596919,1.4985522981040802,1.3274553639716489,1.1403606165870348,1.0229794555900047,0.9081048469737072,0.8622101335198922,0.9945158885593388,1.1026417261279873
1.1476685489703944,0.9041882480579151,0.7829175522830256,0.9011667209089985,1.3497913809122837,0.0,0.0,0.0,0.0,0.0,1.7068969101149287,1.7589039597190663,1.8041445581464528,1.6085349362810064,1.0441508964277542,0.9633393972493229,0.9396563869856615,0.9572812338880984,0.857474790580167,1.3180770178382928
120.45185632420794,111.15514595079863,94.06671956420298,75.39592613447289,59.45133142411281,0.0,0.0,0.0,0.0,0.0,1.6225613068781468,1.624747480824572,1.5680631759003913,1.4435887970195351,1.207647893364774,0.9572185449046127,0.92343154340582,0.9072439133059658,0.9537018608896027,0.9906186675470123
2.002545467982136,0.7162403770321785,1.0777840442233895,0.8511972455191209,2.2830283249476446,0.0,0.0,0.0,0.0,0.0,0.7635156676098512,1.6917582890678737,1.4246302838045073,1.3498546829674158,0.9750003412843254,1.6012569877079625,0.8634993998149251,0.6464072755725888,1.2733781567158053,1.7775232338857
125.93022733326386,115.41429927980246,101.37592502838064,85.68965260616932,66.89278106615879,0.0,0.0,0.0,0.0,0.0,1.5141937582238507,1.4924682589395342,1.4159459294925543,1.2835375896246495,1.136575931202607,0.9834091615964973,0.9581231020418088,0.9420481626617067,0.9411900683863235,0.9462365832935005
1.002924365627501,1.1620591166706524,0.9030366086862578,0.655023152138884,0.9808174189953949,0.0,0.0,0.0,0.0,0.0,1.3338857033085647,1.0348352598191237,1.3925535931456432,1.2890982181310235,1.0751984360748768,0.8811835541560985,1.3966887946777349,1.1220334145976896,1.0370330946020103,1.3772026734182046
0.922023723533794,0.7622813487878262,0.7904852243367904,0.7693320107023895,0.4622729184724267,0.0,0.0,0.0,0.0,0.0,1.003974134546428,1.1998013347537313,0.8961978856121761,0.9341491625683973,1.2402675212164709,1.3096704285161709,0.7631325611169358,0.8601581332602654,1.4726131833117382,0.7603338207027677
0.3315210983635145,0.05281715496498916,0.07051851304964132,0.1326540039309977,0.22457704211851298,0.0,0.0,0.0,0.0,0.0,1.260413528755435,1.6865397237055955,1.9972182556712843,0.9973245222865624,1.466353141402356,1.135235847988344,1.1069996008621743,1.0416141540093384,1.6308435522544653,0.560215313217705
0.7381029093627303,2.7241457791192283,1.8151759685113433,1.1978705502203701,3.8029730901984906,0.0,0.0,0.0,0.0,0.0,2.0356673893999333,1.1028182777088726,1.7347261424446476,1.457528632259153,1.4377640582347855,1.0011964041153214,1.4879742712793451,0.9560919757897903,1.1866275875067784,0.4780413003969853
5.243926969005071,4.691803446854783,3.8558451742685564,3.8699531014067765,4.0011736983425665,0.0,0.0,0.0,0.0,0.0,1.2564180750898335,1.377856749273217,1.4138699568624835,1.1905008029473414,0.9620722922309378,1.0872056775882974,0.9511152848864655,0.9121642300359288,1.0629083947577755,1.020310030997299
151.34973044324516,134.4044628733697,113.78153078367875,94.4539514319226,71.44468714473794,0.0,0.0,0.0,0.0,0.0,1.7282291153950233,1.684660491078683,1.5637594968311803,1.3594778907972886,1.199034181610846,0.9470136724142345,0.9208305291538695,0.9206471543749725,0.9213590717846188,0.8461246431243925
1.7039587315113014,0.5246889976511748,0.8661931901631,2.53165208612263,2.7271330166327417,0.0,0.0,0.0,0.0,0.0,0.6111264810634593,1.4390905823332183,1.5144247038723881,1.2079086599980988,1.4598854000490278,2.0239970312229874,1.0415629440648955,0.9524978778465214,1.4008457653121846,0.9256036776459932
0.6479909841290348,0.3482424828271887,0.26035519009320574,0.19735154792179585,0.20096465427455795,0.0,0.0,0.0,0.0,0.0,1.3959400053097837,1.2678817338618749,0.061408237011766134,1.2915289666050496,2.113136316130436,1.4491204638855113,1.3494153366424901,27.716281881339437,1.605750877258264,0.9589129093209123
5.514640320794231,3.4511665546744332,2.8433810502774746,2.9972139560299045,6.986567305422925,0.0,0.0,0.0,0.0,0.0,1.6477740708730273,1.5325598817173316,1.6993478210103543,0.9880885403305145,0.7199688115617383,1.0118805396871993,1.053355119816514,0.9641183040094699,0.18316923634476334,1.0941986057463895
51.34169459427187,48.50872574538874,42.76502621360423,35.81778259124914,30.087305873776067,0.0,0.0,0.0,0.0,0.0,1.5792338822266054,1.5165295084068968,1.4377748205557845,1.343985269907164,1.151073955634739,0.984477412471383,1.001120441316675,0.9701391828938848,0.8786653306132559,0.9569973835444561
2.058820781037784,0.5166843426777359,0.6625029099942342,0.914053433950601,0.7548986596977769,0.0,0.0,0.0,0.0,0.0,0.5172164792750527,1.3546921084697459,1.1738037373252164,0.7445362281031944,1.6531902404900556,1.5227630796688867,0.8563480675364693,1.453045054451232,2.6565951905893397,0.7932239146429901
2.362487697895481,2.273827754388798,3.956584283348539,2.7693575075386647,2.146834263147387,0.0,0.0,0.0,0.0,0.0,1.667141514307146,1.3789222988324992,1.225442506736189,0.9222046480869954,1.2295469582686167,0.9669990979338222,0.8944459973492389,0.7861221498023466,0.6473343152076267,1.3309501159409662
0.3261067344369056,0.29878000187855014,0.16817530676472764,0.4249846948285274,0.914714625783216,0.0,0.0,0.0,0.0,0.0,1.7347244869120044,1.6574254073136696,1.0377000377797347,1.6006283636051748,1.3197215471772652,0.9350280519711304,0.9602494313825114,1.2176097276691664,1.0027926476014848,1.2148185894350558
2.038796024076997,1.3974680996871498,2.5275184360955407,1.0989009470518734,0.8474429773667748,0.0,0.0,0.0,0.0,0.0,1.6434387416518308,1.1650181768541448,1.4295779797983748,1.2433275718308054,1.7032546334758492,1.1462164086312672,0.34612424460098734,1.1226759496600953,1.661606115894425,0.9433061803802582
0.8302376521985357,1.12146560669972,2.201877421091798,0.8909085473153333,1.068288320812616,0.0,0.0,0.0,0.0,0.0,1.602316088826294,0.8472182231338227,0.9448736463772182,1.4572850468863845,1.6031505254832115,0.8428988665063024,1.7325613996344271,1.8013155203690123,1.0067731438797798,0.7655329216674168
1.4193063404402537,1.7077748439551925,2.6942160742532772,1.0693126820181085,1.2129558935333773,0.0,0.0,0.0,0.0,0.0,1.3084688602914076,0.7597187737026301,0.7133007776220716,1.3021337440089369,1.7086166655107402,0.1285191803844652,1.5429828117309887,2.2724340128569294,1.171814850590369,0.8169318529063828
2.729835886149673,2.01729427255617,3.153212669946895,1.9594853119393736,1.053355496633157,0.0,0.0,0.0,0.0,0.0,1.597476590673316,1.2217613552399702,1.4196959803277092,1.2906317197398451,1.6822085535549969,1.038352371894422,0.6466443463492595,1.0878177726191334,1.4271262062505679,0.9842515020100888
0.6544257586310407,1.0582998133086974,1.236720774044029,0.9428574718163978,0.8319610021717141,0.0,0.0,0.0,0.0,0.0,1.3582256508070176,1.032440442349167,1.0626765852186981,1.1644982689542076,1.600043110893772,0.8981065878147939,0.8643791837368419,1.297287598816243,1.2052971073973602,1.028865424994244
0.780909154840509,0.3958569036204117,0.21347799747496016,0.3034793264183456,0.22240950998134057,0.0,0.0,0.0,0.0,0.0,1.0938613645850113,1.248546240390044,1.6448361509546554,1.5451863155151908,0.6898661842779926,1.0811878133450248,0.8320637624773197,1.0372982435697153,1.3262886236922522,3.0225320605200925
0.6811791994456003,0.1122415646939727,0.19132322946522265,0.5161750246372276,0.5030486308250144,0.0,0.0,0.0,0.0,0.0,1.2256957166626943,1.3283991721326345,1.9869833167795043,1.790272091503882,0.492427709302544,1.5107279081988079,0.7284448553780752,1.0112400456178432,1.1365217100629543,1.3681706468844212
1.8289122641233835,0.2591933177220637,1.1495808164757766,0.45678777797927433,0.7890971535382085,0.0,0.0,0.0,0.0,0.0,1.3327955115213588,0.9716307253614233,1.6245017754571445,1.880779440969476,1.1662486757874915,1.070056148410233,1.6825211188714213,1.0927192456181432,1.1083418361666912,0.8934698535324093
0.5416124760570618,1.9895735372387253,1.8533367711814812,1.6302121669899978,0.9350610943748572,0.0,0.0,0.0,0.0,0.0,1.5738798449139895,0.5841929463622489,0.9860802063945165,1.331808630289177,1.6770790394326025,0.8973888671291649,2.7579982587059386,0.6946613356771124,0.034091371761093815,1.01835598896387
0.5255434043943994,0.7769853085683365,1.474128519387691,0.44074198534454895,0.571349883075736,0.0,0.0,0.0,0.0,0.0,1.6824085258564019,1.1211804674897785,1.0763594873612519,1.2645425047132242,1.7697801621605032,0.9711994162915014,0.9928562266483812,0.9054000323376642,0.9750653292833884,0.9441962923916846
1.0713410134051515,0.6982597538438624,2.4250999211685214,1.2948511284324535,0.9350754977963366,0.0,0.0,0.0,0.0,0.0,2.1122677454471175,1.0449881176750242,1.5680735121726181,1.1830215042647905,1.8904228363952464,0.982156923552074,1.3299220275149999,1.2180652670061103,0.7179844664223395,0.9760712993653042
0.11293460837235099,0.12158527591195918,0.2701170792496204,0.11071848302451485,0.12952471333736354,0.0,0.0,0.0,0.0,0.0,0.7030024744788569,1.0097313944826771,1.2356005811268322,1.0862012578143176,1.769704467830781,0.6126655101719146,1.4594229202611808,0.9704824338438822,0.8961375701095018,1.0022060378158737
0.3286473136752399,0.3383642515978371,0.45324219624537354,0.3944521027285436,0.30326900650663885,0.0,0.0,0.0,0.0,0.0,1.9102330416551767,1.3701834030903104,1.1705911970228144,1.4859663661032936,1.3865760745645623,0.9316171170712203,1.1319874876128595,1.324210248572609,1.1285029386732868,0.8016821789149092
4.537240541067014,3.9933896837525786,8.854682201629466,2.4202302678853584,5.026329156270178,0.0,0.0,0.0,0.0,0.0,1.7477540855426126,1.0541896219452496,1.4783712882448046,1.3086311250623175,1.7735912883532787,1.0845652934017433,0.9049451734520884,1.0725220521512524,1.3013554671651524,0.9253238341432464
0.46732505807749536,0.33249070009268206,0.9721061708604684,0.5203644032264434,1.3720601717692757,0.0,0.0,0.0,0.0,0.0,1.7661818116904628,1.3005789885768542,1.3309818475562498,1.450398822551596,1.521278975133472,1.0122383272246926,1.3750341857541173,1.4206222957048757,0.5992633246821153,1.0243549157786405
0.1387651128300054,0.1872493437470172,0.5325222440327653,0.36104550990533346,0.4592665117297912,0.0,0.0,0.0,0.0,0.0,2.003534718782163,0.4665606799363226,1.4806318001347536,1.4086363902115944,1.8875036059968529,1.022420372086285,4.185459484214037,1.3016852737995646,0.6953902395578028,0.9135830781420105
10.409745308168343,10.876319950706502,10.407903654012273,7.0915100108281965,6.087060581359378,0.0,0.0,0.0,0.0,0.0,1.3588263049787854,1.0457074147233087,1.0411504996447614,1.4454074775798642,1.6751877584134596,0.7694239524797666,0.8951857193247023,1.5397827851619423,1.184393099758933,1.061749157847662
0.3556140612648226,1.6802101430625407,1.134683403287438,1.4082151398670586,0.5492872328629923,0.0,0.0,0.0,0.0,0.0,1.6686686781542852,0.6117119369451077,0.8988839165285444,1.3492921325853457,1.4639377712829202,0.8424764123192255,2.6988293334948517,0.8912625202083665,0.18411007543145447,1.1437010775581629
1.0119836209687478,0.11125677503111424,0.6612871166856179,0.3409911099886815,0.5936603507788325,0.0,0.0,0.0,0.0,0.0,1.1608671266685866,1.5414947149157932,2.119553904137569,1.698141729692865,1.6152543705850202,1.654471416423303,0.7869475684800563,0.9713909580916588,1.233522723261013,1.212631809153908
0.3151915538311261,0.24581058971782815,0.3121276887688656,0.23465330200035886,0.19089433173744538,0.0,0.0,0.0,0.0,0.0,1.5544885933836465,1.4638147038187594,1.239551744146343,0.941292721199578,1.1889603743940136,1.1376496323666887,0.787251365771898,1.1861440745131835,0.5279677677733509,1.0392298102018527
0.23587470703589591,0.05786799690022235,0.23777375280237062,0.23129388548082908,0.3469557564257201,0.0,0.0,0.0,0.0,0.0,0.9705454975029725,0.9395145949506554,1.6135737623470021,1.3499667997546567,1.7012343947646942,1.922496748899677,1.4061314504543747,1.1375534369270792,0.7434877926939524,0.8417040713523277
0.06207507113415091,0.2636877434876467,0.15987533162516937,0.07271112415514683,0.13381304535980953,0.0,0.0,0.0,0.0,0.0,1.7923118003895575,0.5616175831676218,0.8672985113727958,1.3378191583927712,1.5763007200504242,1.1429641092070515,3.3741167176949363,1.538404994708814,0.31783731095300605,1.0489808716642934
20.276435674219254,12.41354842661964,19.780855750664806,21.39416605498081,17.21297558972471,0.0,0.0,0.0,0.0,0.0,1.1606427071939553,1.2662551479493012,1.3497664717530509,1.134676192953841,1.3859556712951373,1.4687965640224996,1.130720771096096,1.18153011196482,0.4018089319005675,0.9001735455271921
0.2682251363668728,0.12596465396445672,0.5070647181669716,0.1711681709188978,0.17004535714313868,0.0,0.0,0.0,0.0,0.0,1.0866638648855227,1.6037188701967757,1.5966436494388045,1.2778358080487393,1.3076673117407889,1.4349038055285914,1.1481433638814627,1.1773053034500593,1.5580428732133118,1.3228883034253418
8.688799497382623,7.671353314676756,13.117489440098785,5.5171209864544934,2.0713385460586435,0.0,0.0,0.0,0.0,0.0,1.7166966442289433,1.3306802268692197,1.088030489602498,1.0356443933635333,1.6765471919271535,0.9968008393711901,0.6475095620881628,0.5957211461255386,1.8269823118016635,0.9198519071886193
1.756263418425607,0.38629921738572837,0.778615868694642,2.2622390871879734,0.7199424402481763,0.0,0.0,0.0,0.0,0.0,1.68969425550304,1.3012886504650185,2.038248399319817,1.5993938482803305,1.4670983070899322,1.1641028851293103,0.35603517533621787,1.0288159410461217,1.202153766170597,1.0826777318114378
0.3970201068328037,0.4132091145560638,0.728715063118269,0.754633463004214,0.5334892302138039,0.0,0.0,0.0,0.0,0.0,1.5301006895030984,1.2463723281758667,1.1191831254862505,0.9552442508388385,1.2148697308993561,1.0792581585662149,1.0494098719287417,0.6235754573749699,0.23768325946208022,1.3941970748733226
0.6645131866371418,0.16082596048724537,0.21466411625135348,0.6447216061346868,1.0797814180786725,0.0,0.0,0.0,0.0,0.0,1.624836558230465,1.9250863230907616,1.889969419237741,1.465154797922319,1.7901672645490905,0.9223853325464262,0.920561743453614,1.0222829000867764,0.6212018638213879,0.8805694343775695
1.0507429211619783,0.13679667577978355,1.0349459740218105,1.030823549019546,0.09962138656636173,0.0,0.0,0.0,0.0,0.0,1.7398997583031417,1.3586581724435838,1.7301487292875013,1.5083078709863516,1.2959584845390464,1.1728357784628785,0.9654585088473601,1.1397301818388643,1.148936785679858,1.0114481835780833
1.1859624106063849,0.4036837033653485,1.082527221413926,0.5736401108314526,1.4639485612885295,0.0,0.0,0.0,0.0,0.0,1.5112815051224011,1.9789926934590094,1.608147771533058,1.4195858852061491,1.8310236500381458,0.8555013543326678,0.9444531310822489,0.8080718920218228,1.153206437072775,1.004978250531127
0.7098280625782153,0.5009173551934551,0.3799695523400434,0.4702416416526291,0.4460237335009266,0.0,0.0,0.0,0.0,0.0,1.6136374896065415,1.6163630370066042,1.2464858798536558,0.5867205862047926,1.225682378972077,0.8449184415487924,0.8188496618014154,1.5884226629333158,3.3340012378751167,1.0579799890375656
0.4188303847374241,0.7940127722542144,1.318123175865034,0.6978733525686773,0.5890413309676401,0.0,0.0,0.0,0.0,0.0,1.0098104587521608,0.7979108381612554,1.0913923908360386,1.3569745283784655,1.7563535437741815,1.8113447358384593,0.2733612230957859,0.4506131063275636,0.805878834437074,0.9659187019712137
2.1906058925269973,0.7987091618887072,0.7185753349908398,0.41615409478388976,0.8170799507461212,0.0,0.0,0.0,0.0,0.0,1.7834309056251811,1.363335606125899,1.3508939250603182,1.8471733095784646,1.7825225888239864,1.1488114828891212,1.3729557514807147,1.3490445215882911,1.099093923930094,1.0959937928293977
2.6458758510839506,1.1556064056765005,2.250677223234995,2.8834599938429,1.7469238555298336,0.0,0.0,0.0,0.0,0.0,0.7573655557694428,1.3410063547882785,1.2496023081376608,0.7966902511795177,1.4058865175980617,1.788153435903709,0.8778811163300773,0.5310288327293731,2.1343682634501966,1.192126308776721
2.3740866983370226,0.744428678525751,0.9336710249699838,0.8678596903936089,2.1972751523736114,0.0,0.0,0.0,0.0,0.0,1.2448898529370507,1.6461847833681058,1.6729343188421373,1.6038583233637722,1.9383760355903086,1.1606643569888935,1.157631108612683,1.1251256040365114,0.8405672138448975,0.9751626385514643
0.7032266804928512,0.721809867685353,0.8863144323959948,0.911887298354228,0.6690171960409328,0.0,0.0,0.0,0.0,0.0,0.897210605909585,0.6135310548914111,1.3571207658606468,1.3639646418992801,1.5264911464213795,2.129412087821718,2.467886130848225,0.8912804734505484,0.6133111691404238,1.10816521053475
1.0219545768292218,0.3224778090616714,0.4740740027558957,0.7303453098230172,0.2749428635227001,0.0,0.0,0.0,0.0,0.0,1.3387675005707467,1.6071230476176486,1.75584005269272,1.2349682228128867,1.4730992880454663,1.3159536203981874,1.1892987570124172,1.0945462614777621,0.9704518556269736,0.7691120699183018
0.3715015782303128,0.8489979148251626,0.16822554699435294,0.3169028143715269,0.5064620282558004,0.0,0.0,0.0,0.0,0.0,1.18017899338557,0.6976072629807984,1.072251814536052,1.6746451477774424,1.1855446785626076,1.0762758408342845,2.604776836565006,0.32010358862193944,0.7916419869081984,1.4669807957908467
0.8661807695077357,0.11110343019706792,0.7212852041424072,0.23374542503628706,0.5122744072882102,0.0,0.0,0.0,0.0,0.0,1.7881541948720328,1.4021631440311213,1.8398466068807289,1.5368719545413085,1.3394203165286678,1.1265065864431327,0.8105125499442508,0.9762083094735178,1.2328606338953179,0.5256670087325668
0.8464155578488926,0.4848938447550354,0.3998862537097608,0.4526608888348749,0.15575221507155973,0.0,0.0,0.0,0.0,0.0,1.5438623376596086,1.4078543841832247,1.5589712157529831,1.6259208211681917,2.0464851122232104,1.0661561467901166,0.4128500828342395,1.2843055126846505,1.1553159193731906,0.9909145921075984
0.9668425596367882,0.2634038556722609,0.9332962548875849,0.7607701563368996,0.8446191936145135,0.0,0.0,0.0,0.0,0.0,2.0567611757182664,1.2334901285378297,1.5025348963859233,0.9439726454657474,1.346810620966041,0.9724954342162446,1.3404981036487946,1.2112682766322975,1.5036515845078515,0.7305718520796175
2.4954427492218922,1.766283535656708,1.7467193435758435,2.329176832196104,1.3599960900356733,0.0,0.0,0.0,0.0,0.0,1.2185650690070122,1.4922443399317413,1.2440971392591043,0.7491572839430453,1.002654389505787,1.4016457417890056,0.8518694972197591,0.7532593719628946,1.7539650260117625,1.0518765288998273
2.2525874203902054,0.978152081412406,0.8396821611576375,1.4586172858696012,1.5472989475084937,0.0,0.0,0.0,0.0,0.0,1.1123063828658086,1.6282020492284077,1.4117707445952898,1.6833264192381456,1.734841271154346,1.104108851528838,0.9822975763904729,1.0099359466258022,1.0389660484225753,0.9498307705459015
10.710901163385639,7.091381107251972,3.40578108894792,2.618811251488412,1.8247095577776982,0.0,0.0,0.0,0.0,0.0,1.4630658273323525,1.2154901289462792,0.9125287323450739,0.9982025064704015,1.3232259287588772,1.3929365341085866,1.6173630910394412,1.768026754008389,2.0206829388033487,1.5383576148837308
0.622014621370029,0.06931839943021191,0.42975251331600706,0.49482565433067016,0.7049987724212712,0.0,0.0,0.0,0.0,0.0,1.3524562249264458,1.8187411628392751,1.3535400391256447,1.5261020072770966,1.7913434241657238,0.8372756759088319,0.9375515299048133,1.0225179781917557,0.8991351572599517,0.9300965187365041
7.384849454017815,2.103364637678038,2.107562767590352,4.904039787857548,4.196664480928408,0.0,0.0,0.0,0.0,0.0,0.505834452734497,1.230643118922756,1.4059799292991784,1.3637386617731528,1.848143023918646,3.509935619565016,0.821833494505332,0.7390049445471721,1.2073940632396811,0.9390199358860307
1.377635717661732,0.2388257933017383,0.6344396447192735,0.9076058144914967,0.46498501019895677,0.0,0.0,0.0,0.0,0.0,1.509367380103758,1.622371607865722,1.931567762079252,1.672312234089909,1.1406182782764873,1.0304881599274767,0.8799991464152387,1.0827892029069743,1.1475989879184854,0.5863014921266998
1.257452345648926,0.5912582758810918,0.9276338696896411,1.148464435530676,1.0355337074077005,0.0,0.0,0.0,0.0,0.0,1.4122469375759463,1.8133867304789082,1.3555685367920585,0.7439044850553589,1.4964060782994177,1.282765136073444,0.9885465663389117,0.8699658690320583,1.6078843783802887,1.1753934634197294
7.747810006228219,0.6765977014432852,3.07986032568265,4.6795092469086095,2.1062433820942075,0.0,0.0,0.0,0.0,0.0,1.1131218900318307,0.8078536954846375,1.6898188052677199,0.7344311745676214,1.2392704037102376,1.8104656718454788,0.5474543389232512,1.1182738098419478,1.709887476180415,0.2868038907219826
1.030208923235221,0.7626658783638269,0.5346742430567288,0.958092786080929,0.6524892225125288,0.0,0.0,0.0,0.0,0.0,0.530908566420029,1.2420026483988,1.3943739662637584,1.611559985670109,1.8663806788931558,3.742889129896518,0.8821984434322733,0.7248989723474193,0.9762208231326923,0.923886222968997
0.552044097462481,0.20414891660833595,0.11392346550384047,0.4817437003692442,0.4907235020170389,0.0,0.0,0.0,0.0,0.0,1.4161049831773318,1.516953406002553,1.9739020327302954,1.7657460159077452,1.4446691300230334,1.1385622167027967,1.126515380632368,1.0638080938458359,1.1281296061521955,1.0739945729417162
0.11274612842277967,0.20604598348406689,0.03738235968109947,0.09862615590358316,0.09893745082942476,0.0,0.0,0.0,0.0,0.0,1.8856283775257425,0.909910595232258,1.3523789983374008,1.052371122080218,1.7067296348253107,1.0429638622730204,1.5329344150715913,1.3128225346887006,1.3539613831198731,0.954083630690868
1.2726585838256144,1.2602925103374205,1.0624963900520517,0.8871890197602361,0.6147068498923811,0.0,0.0,0.0,0.0,0.0,1.5219377868645696,1.2769699204296683,1.102080750082498,1.1094034655932787,0.5459158012636455,0.9891117538913468,1.1174085252316324,0.7546719312113417,0.4869815712459724,2.913288394342597
0.07232046634286736,0.045462090499110056,0.034851146935660014,0.021524217475946093,0.08486559897074364,0.0,0.0,0.0,0.0,0.0,1.105976821865855,0.466535000449427,1.2666040911772405,1.281148948519914,1.2515104169760207,1.168981870250115,3.343621336224201,1.239815785280795,0.352038209569472,0.5835034717991183
3.899899362107644,7.720980684982003,3.4400261372751864,5.829770251250759,5.320436041454299,0.0,0.0,0.0,0.0,0.0,1.7684626627756017,1.3561117643247362,1.2212852595575945,0.9477173284715813,0.92451746047531,0.9523439751436192,0.8674159893927184,1.6224336887210644,1.3736233776408686,0.939040404154042
0.3707363560708507,0.16842584470046434,0.6019805714301393,0.2928364321658293,0.5053714535643111,0.0,0.0,0.0,0.0,0.0,1.6551173481007744,1.6995591060542277,1.2162308287311858,1.662268192887871,1.9826480312846666,0.9684965301665678,1.076625048582652,1.144585281846708,1.1624139406926757,1.0244281760103615
3.8478709754031684,0.869740896210766,2.144203279718767,1.3090403673214825,1.4216543825994434,0.0,0.0,0.0,0.0,0.0,1.4388081360830849,1.361283267757971,0.9390127293408961,2.055307699218998,1.8520201138042542,1.041185873640869,1.3254150905894466,1.69010675905612,1.0207183501326453,1.123547438258371
2.3902271979143572,0.8309021460168606,0.21484602166053174,1.168675125492714,2.6244950943687506,0.0,0.0,0.0,0.0,0.0,1.8488581422981567,1.7042142473341457,2.0531159389451283,1.917884587855894,1.7728937901700552,1.0442546918477202,1.0444098473657089,0.9727410978779197,0.9960699291052482,0.9834305551915867
0.4974315288001045,0.22295313881963344,0.23817423276970479,0.3914572296052136,0.3942169525395205,0.0,0.0,0.0,0.0,0.0,1.9371945224494878,1.2666056967513413,1.6937750741554525,1.5272181581577406,1.0457774692139734,1.0678339788481324,1.0315013817208658,1.1564918267418978,1.101383049588517,1.9018236296465123
0.7587735180175662,1.0430882393726972,0.5751015568510118,0.9356835259821636,0.20244832729034576,0.0,0.0,0.0,0.0,0.0,1.3289529564041964,0.8871470434625756,0.8698192471083883,1.4598194843608772,1.3241111328325814,0.38251962089974506,1.6602421557904978,1.9411390756451175,0.832375573337922,0.8422960934423868
0.5278980716702819,0.799413541608075,0.5429297110606566,0.5439343258913056,0.7059648005488407,0.0,0.0,0.0,0.0,0.0,0.611525045379629,0.3580905870573803,1.149893835254939,1.3114182593999213,1.5338857859892079,1.559196730506766,3.229671449964913,0.3429099667533066,0.7015002409873848,1.042480715425231
0.0,0.0,0.0,0.0,0.0,0.0,0.0,0.0,0.0,0.0,0.0,0.0,0.0,0.0,0.0,0.0,0.0,0.0,0.0,0.0
3.517575003191257,1.5046205892882707,0.5447733779778808,0.6344576879517824,2.264815966627954,0.0,0.0,0.0,0.0,0.0,1.498747226067135,1.832564532421997,1.922938249263862,1.5759102440548916,1.4443631235405687,1.0747198084468919,1.0407021246229622,1.0955557253833188,0.7598718210054534,1.2733115665528638
2.2387992191985178,1.1819090516987043,0.11935956624149544,0.6033340548888079,1.5244516514075315,0.0,0.0,0.0,0.0,0.0,1.6866771940338232,1.8910681994900522,1.7953557833252012,1.829877413468215,1.4798800652037662,1.0176323207497742,0.9781089319777756,1.0035337164531057,1.0223643305639785,1.246980879308659
1.8963052423594196,0.8069134711710623,0.13819400773602686,0.20259531615481405,0.7984546561612124,0.0,0.0,0.0,0.0,0.0,1.6055247677634525,1.9489013127102117,1.8878570880086762,2.000462098153675,1.4354940269130512,1.026017179880878,0.9520240075716382,1.0168550897937545,0.926221131665415,1.2098201647423001
1.648250858618577,0.6452757065941572,0.18563050972340273,0.09809719941687982,0.8222709246656393,0.0,0.0,0.0,0.0,0.0,1.4784250782089958,1.8325462882974113,1.8179903900817207,1.783186641497292,1.312429943522602,1.0199482913953937,0.9601075601758416,1.0272547305062294,0.9451181286744473,1.281954602907109
1.729436942694748,1.4118567907609316,1.0822692671578653,0.5320036510089052,0.7599634589596238,0.0,0.0,0.0,0.0,0.0,1.5957752590311862,1.6257883709395975,1.6340447501598858,2.023789471860295,1.7408076352941,0.8679993421840385,0.8249635325417208,0.9036174129887562,0.936025542942858,1.2055022803683402
1.4571704383020807,0.6722089825587779,0.2042327483456107,0.07369201768499209,0.4798388844850538,0.0,0.0,0.0,0.0,0.0,1.537809409775402,1.8785232391905526,1.9988070198075565,1.513469118257342,1.553062880981761,1.0481602986334382,0.9618282927283799,0.9839378239250903,0.9275839634834935,1.2508159471484726
0.8354634438694145,0.3397843152442291,0.06703624834900232,0.11578535449583893,0.15414338896178126,0.0,0.0,0.0,0.0,0.0,1.6364579863475421,1.9044763354706258,1.6936480469477915,1.9945373885150308,1.471979717792742,1.05914193781517,0.9641985406910251,0.852137581062791,1.016132485384813,1.2209020337026444
1.0477428086997993,0.5948882110883976,0.27406906715380813,0.052467866349909756,0.20323951286838807,0.0,0.0,0.0,0.0,0.0,1.6012077771949458,1.758466845073095,1.7762657936474895,1.7185436841586816,1.616201505400573,0.9899804988507902,0.9541049951163469,0.9750830593324951,1.0380348356134306,1.0829223397906491
1.0226005654650068,0.6736911952701169,0.31163059912016616,0.10113157866954185,0.5441647651750202,0.0,0.0,0.0,0.0,0.0,1.6045147463054918,1.6742415834932884,1.757541919213604,1.9252649597372027,1.5601183066345985,0.8485487100002287,0.8823272135848825,0.9249083200733835,1.080449776961958,1.1798024308309656
8.477257011999042,4.4060799107734985,2.137265296335099,1.0215169983192918,5.785549086795522,0.0,0.0,0.0,0.0,0.0,1.5548081479511162,1.6421909193171957,1.7069662943263542,1.969358048141531,1.5951845602737404,0.8919007597444913,0.8699062648101203,1.0051464466929703,1.0655976692481723,1.181553297775033
0.4174905798910934,0.2229470489124878,0.12768992538308996,0.09694674288670604,0.27983856822028286,0.0,0.0,0.0,0.0,0.0,1.6324355927207521,1.9000383945372998,1.93560011045389,1.1714374446464308,1.1711553963229862,0.9303356734899956,0.9283242181090922,1.0665844354759924,0.7829182550439968,1.4714654745956273
0.42834366772087507,0.3981864523491617,0.19630767804057905,0.11004930444971732,0.030735161841426377,0.0,0.0,0.0,0.0,0.0,1.6316409780865297,1.550811651209902,1.828243120216422,1.847202693130873,1.9232672752731566,0.961068674805263,1.0220569174625982,0.9915171225728187,1.0254737650128158,1.087330125332593
1.29556458750184,0.8370621915557459,0.35460224360186954,0.5278614454997129,0.5409181912153097,0.0,0.0,0.0,0.0,0.0,1.7430999431270904,1.6518988925885263,1.7400173513310393,1.2649637876686959,1.1659839187608203,0.9810508482237178,1.0121840550771766,0.9603606664875884,0.6925241229567644,1.4062471415188513
0.6492615058835365,0.3334060779902338,0.1170498907985186,0.1030850460494515,0.33962796924343325,0.0,0.0,0.0,0.0,0.0,1.6661035815886707,1.935291205755058,1.5049707437155924,1.6521489628139967,1.4468379632838284,0.9801338885440595,0.9376355783106927,1.2076530238150829,1.013267168368576,1.1153044834823949
0.14362854657652707,0.14109181207205865,0.04638734482616038,0.14958879409258524,0.18276727159619785,0.0,0.0,0.0,0.0,0.0,1.7360320224934582,1.5160925156923586,1.697404014401514,0.6108826362235663,1.1571420218803028,0.8667170668766131,0.9194142927247009,0.9708770828173786,3.3976425098073015,1.2356243998962366
0.2597144070199862,0.13395308187006216,0.04826400293324234,0.037690320359699284,0.137761402478882,0.0,0.0,0.0,0.0,0.0,1.4716598535227292,1.5138338777680975,1.788284783942534,1.617678185014458,1.021206870053866,0.7538896014331206,0.8011584185579642,0.9317948677539594,1.2184298885403961,1.1677701729011116
4.271951950265231,1.905932750262376,0.6513243641330313,0.13718444565017562,1.300338933114963,0.0,0.0,0.0,0.0,0.0,1.6540830459448983,1.8397514805908726,1.7254841929395914,1.5937678446924832,1.304953847131478,0.9850740640411376,0.9542836056486405,1.0489459467537334,1.015684991012197,1.2100978250688783
4.447260084277893,2.250368230793366,0.6702859270030812,0.17765641988831601,2.006354823164373,0.0,0.0,0.0,0.0,0.0,1.7208490317186367,1.8241672666910103,1.737990733387172,1.6013921923896923,1.251702152644875,0.967564565063632,0.9404566493130184,0.9415723840964625,1.000474738607527,1.3593972473476759
0.4255478105146423,0.35325039415305237,0.1899430082949389,0.39192490891732557,0.25785349683140435,0.0,0.0,0.0,0.0,0.0,0.9960948311799599,1.5041347192488315,1.2175254221918104,1.2170974341246363,1.1958578202222663,0.7467044766087938,0.8329594946870369,0.9517687018303004,1.485584776124996,1.052135309029781
0.036285241010450345,0.08617540202391342,0.05096766623763915,0.05144513575724465,0.015902854741133884,0.0,0.0,0.0,0.0,0.0,0.8314296499714934,0.7796516502584089,1.1346287509405948,1.9057188274122798,1.1755018118276723,1.985951118182886,2.059599528355683,1.8574577616003085,1.0587643769131452,0.28016207741582627
0.3998378877624674,0.2708721263268591,0.12267300923236298,0.05750411263662166,0.3516633542823244,0.0,0.0,0.0,0.0,0.0,1.7960920959239672,1.7437689113435637,1.7390827827159474,1.5366198412633811,1.2803515935465788,0.9234423664979526,0.9481398034395344,0.9368344043361687,1.0289027077680841,1.2724018073658547
0.1272801354941156,0.1668785528174735,0.0756850839100639,0.08592950176544323,0.03526895990052474,0.0,0.0,0.0,0.0,0.0,1.4146925320637878,1.3898094444447935,1.5279360633093961,1.3870792536769767,1.9500993284137855,0.9549337386954498,0.6028586010249162,1.1544360706853367,1.3268051850464204,0.9620526552131683
0.598516731544279,0.24089432464413632,0.05902727129596872,0.49879364305698787,0.3084085942529762,0.0,0.0,0.0,0.0,0.0,1.5729220787792026,1.5459491521519428,1.2053503366081286,1.4026242551063637,1.8650116302772002,1.3207733606437404,1.0055769060408155,1.4195636912407628,1.0612901812642606,1.1196171916800646
0.3185058451763744,0.03782473855435783,0.28836350842050845,0.03929231097846026,0.21633329621614567,0.0,0.0,0.0,0.0,0.0,1.6068300729240534,1.8109224684244587,1.9243713909404,1.8661345162752039,1.6983236184432255,1.0954590184718265,0.9982731442273804,0.9722776530575589,1.0699152158056948,0.9358784148212194
2.6262189674299075,1.20931109410882,0.44739047147499694,0.27126516732137074,1.5020103778299077,0.0,0.0,0.0,0.0,0.0,1.5200184281434215,1.837913684765899,1.8179031978251188,1.7778810840706158,1.4480157957030957,0.9284084216053313,0.9515274345320579,1.051227342215966,0.954735610810423,1.2678424850677246
1.606841821811654,0.8252356908165493,0.2849572954737779,0.27271085351716423,0.7322051875975972,0.0,0.0,0.0,0.0,0.0,1.7293948196946272,1.8063955160323453,1.4116165671825065,1.539261064432874,1.450763109278197,0.9172807193953952,0.9241581541097665,1.1955491832053717,0.9154375912733106,1.210792026212076
0.013058102090580299,0.010925402170996936,0.015455222599179152,0.003788815403333563,0.0436574176808725,0.0,0.0,0.0,0.0,0.0,1.8848371987846104,1.8144043870455226,1.6063719736159596,1.8757425127209362,1.4998496443832525,0.9188839062150118,1.029466728081145,0.9659915111491507,1.11062737628813,1.0277683808786842
0.07239003112291728,0.05436833354481807,0.04091058739569887,0.010857786052210456,0.0100861288768809,0.0,0.0,0.0,0.0,0.0,1.5641119207407697,0.8953123847885298,0.8108021094232061,1.7785358458174876,1.4568286544274167,1.3133354023449297,1.728471626178397,2.4561984176677907,1.0918316930030523,1.3659132548929855
1.2752894953716563,1.0247877914962609,0.28054832238756183,0.735413615062231,0.795400165135766,0.0,0.0,0.0,0.0,0.0,1.3720133632700164,1.5906019377731222,1.6848660779876237,1.490530628352531,0.8187402657752901,0.8736548426665365,0.9728008203941446,0.9346819084272755,1.0192776818010285,1.953908102178382
0.0711566402807378,0.03635290520992507,0.06712636699305191,0.03864166755559312,0.04125441200687907,0.0,0.0,0.0,0.0,0.0,1.121292041461979,1.3778312131824435,1.451966436944675,0.9212105516208486,1.7729990769231994,1.7496655228361533,0.7307093713647208,1.335399762095252,1.3453730851238783,0.8969510959832546
0.037990242579758214,0.03797197457831029,0.014619290408997034,0.008083733913905244,0.010856707785211259,0.0,0.0,0.0,0.0,0.0,1.5494006858573817,1.4362283899648702,1.6176638650958555,1.3785875267422614,1.5225655889606626,1.0205591470955409,1.128651798968303,1.1836718967294417,0.6437269338827093,1.2300836953057803
0.08995421579532384,0.07536184245408983,0.0934733980920385,0.036633784998993085,0.2067637644302584,0.0,0.0,0.0,0.0,0.0,0.6226348489326835,1.1411380500359016,1.2569885119555877,1.7544374332936226,1.3201602439464524,2.7737237595731816,1.0561337951645957,1.1268856324906098,1.1933925764748357,1.0532453558059551
1.82515716431442,1.172908362695236,1.7118450539628476,0.7639737524358349,2.856402337638673,0.0,0.0,0.0,0.0,0.0,1.7695758326770252,1.833868571872376,1.6946767656123576,1.9501195146131596,1.749711453246941,0.9318795429720069,0.9151881098810897,1.0113041942382315,0.9061719379670177,1.0466982527233601
1.8381481331952898,0.5649660849519074,0.9880643302706273,0.6651678101714861,2.2336498203574315,0.0,0.0,0.0,0.0,0.0,1.1383107219983395,1.4043653655787502,1.1030369330918128,0.9796942782557222,1.2556666947282886,1.091527873216873,1.14991455918728,0.8024668451724406,1.670000596784294,1.310646970270273
1.2973466144921089,0.7217152615881287,0.9049221194170363,0.42348267355248764,1.246281480933299,0.0,0.0,0.0,0.0,0.0,1.5975441546208482,1.5728541401751388,1.0205224453951778,1.9779340878213842,1.8422241159834143,0.9490396231275416,1.115059129741645,1.8674212921769244,0.9163542116681921,1.0259879215478824
1.4267619746205,0.8397887671436445,0.9109665843538461,0.05192214716908643,0.6831339420131608,0.0,0.0,0.0,0.0,0.0,1.475425459605375,1.270393704473693,0.7814661574629757,1.3490861174907816,1.4491828319929587,0.7932290040093559,1.3735379457524728,2.5973736260247358,1.3418533700377229,1.290787496329653
1.2772474670413412,1.0014005037274605,0.9805103163339934,0.5268701193304302,0.9411780291323606,0.0,0.0,0.0,0.0,0.0,1.3801967749932886,1.089240402948201,0.8085191005770176,1.0796070368610509,1.2863020869225374,0.8290828309365916,1.5498095636345377,1.5646216224309488,1.2945497126653964,1.4321236257410477
1.6377743568997225,0.290122435177261,1.1346795913098071,1.0908778907100394,1.9362013518985859,0.0,0.0,0.0,0.0,0.0,1.1869311081123208,1.5984232228870332,1.2505380670709543,1.280121467146192,0.8089240470004345,1.7458283541511557,1.0149497789750503,1.1416491479072497,0.4888147285826446,1.2240448876947985
1.2882803026926914,0.5290336976508316,0.5105808627069927,0.14025653707884486,0.9870169365399217,0.0,0.0,0.0,0.0,0.0,1.5273651629287894,1.5483480491247181,0.8949576802577347,1.6605570199681172,1.595002643473076,0.9050504522380287,1.1095154222232764,1.5319203841967308,1.0434250065385655,1.0598120413086616
0.8957605616900596,0.8415374586218366,1.2854594707101676,0.671997659903678,1.826181197502447,0.0,0.0,0.0,0.0,0.0,1.7575702179343515,1.53653855546397,1.5713675618440701,1.9855881270167648,1.6317081360865753,0.9290773156023692,1.0845450203858331,0.9314766409428005,0.9973472096884226,0.9950688910646526
0.8326225644545477,0.24696913226544828,0.45004855059474397,0.4524157216872253,1.3817618354069212,0.0,0.0,0.0,0.0,0.0,1.5249151668802916,1.99700094071437,1.8074238094470616,1.757950332231302,1.69907356446726,1.0691510056311448,0.9699097984491877,0.9479511208049569,1.0232232532193366,0.9878656178333032
11.463038879943484,5.450957519665988,9.236290728071154,7.1762610133334706,10.582280009264903,0.0,0.0,0.0,0.0,0.0,0.9668585341250223,1.0069730541517772,0.7352573480143096,1.5448240164235134,1.061261044122402,1.2031621714023513,1.462274836409294,0.7085709385253813,1.0961379984210429,1.5276035499346805
0.7803407528849766,0.23213533628249458,0.5564540616136956,0.21115479962876252,0.3721308859466571,0.0,0.0,0.0,0.0,0.0,1.1987478206620874,1.2693058070321934,1.216009809411269,1.6566207633275143,1.0011757903000402,0.5953791172698901,1.3179741919212413,1.419407660084169,1.2474634765011388,1.7715606554131482
0.6388675593001303,0.326325551764403,0.6634498919569779,1.2353448877209037,1.6161825268982355,0.0,0.0,0.0,0.0,0.0,1.5591054616463056,1.0813774039842394,1.8210282799023407,1.607705038418185,1.1303807522349625,1.3284356631443734,0.4026047384977657,1.076885184154958,1.2443594540267366,1.5658603279902061
0.8012624557816425,0.2921752539330226,0.07877641383118605,0.19738418406311944,0.5628791473371948,0.0,0.0,0.0,0.0,0.0,1.641006408352927,1.8753802814863123,1.6818199581903637,1.6300776611171015,2.010119881911444,1.0572699365646192,1.0273314282162993,0.9784640100359417,1.2516400043187985,0.9308405137046768
1.1263392349763905,0.31373592246690374,0.47353090590408087,0.6385824280121529,1.4500870753684434,0.0,0.0,0.0,0.0,0.0,1.1672848428363443,1.5712488446189845,1.7760379141830187,1.4792082418359482,1.3605641913085484,1.2243729496961204,1.1909677746355964,0.9448054863658755,1.0734171882985688,1.0160301312296465
1.087655710455974,1.242098909651838,1.1423020004824398,0.08020466423587726,0.10662242054220292,0.0,0.0,0.0,0.0,0.0,1.196785764346573,0.32800002498183756,0.4665571420904512,1.7478877659082008,1.0654992306293927,1.0134187009950777,2.2116551928248223,4.424055622696127,1.0511127866229475,0.9948688714723908
0.4889708873722095,0.29049222029519095,0.2378433852345049,0.1589007798541761,0.38972305653870587,0.0,0.0,0.0,0.0,0.0,1.7141923378864472,1.7862963358380506,1.7605418773278578,1.5080431165890715,1.0284915920686706,0.961339139463145,0.8556571346821994,1.0314702107039737,0.8016947085526999,1.048196445434065
3.531253665525431,1.4174975141758788,2.2626327425714,2.438481929843749,6.2907554171301,0.0,0.0,0.0,0.0,0.0,1.5258048875421146,1.952109140102016,1.626429629421542,1.8971844588670845,1.5647141264276871,1.0442642383434875,0.9317824739146966,1.0241114348189988,0.9846841241897879,1.1434772430625322
4.4836930924509995,1.0993698973279138,2.280570279952634,1.1977290475896125,5.299620113948394,0.0,0.0,0.0,0.0,0.0,1.4713247401640206,1.8463096431534969,1.7281411931088926,1.249981968970985,1.6320464583996996,1.1039802505933054,1.0633116260963087,1.0688144008761478,1.375273043664526,1.0084024822201132
1.6872768803885474,0.43311174845329364,1.0472093215969036,0.42914665264962987,1.201028349806329,0.0,0.0,0.0,0.0,0.0,1.3782299224157,1.464609470857039,1.8105089413986353,1.0714672763281752,1.0655883697363504,1.3493998252727013,1.0805206422210325,1.0296473372797055,1.5833588260471692,1.5545549858107803
0.29696649259033053,0.254201241152132,0.18914037420703214,0.3853166874682981,0.2326665455314957,0.0,0.0,0.0,0.0,0.0,1.8713166701990733,1.820733966456629,1.8927374010804336,1.5239955068717057,1.1033099031528768,1.008012549352004,0.9276699934864353,0.9808134314838198,0.895561211760312,1.2174616640403266
0.584293199878233,0.1730174550505354,0.11200946907121687,0.1937678116390132,0.4418213394390517,0.0,0.0,0.0,0.0,0.0,1.6055685527883083,1.9812855652580041,1.5086500078597245,1.694880170075244,1.85392869775677,1.0788219313126541,0.9854929009022053,1.0086663750817566,1.2276022196003509,0.9639245753639702
1.0451381546340506,0.14028628155702538,0.3900402421038537,1.4016462130337075,0.6691788678560562,0.0,0.0,0.0,0.0,0.0,1.7282934339744804,1.7201051419358844,1.7455118215678342,1.7766209494797363,2.00568627942335,1.1743494548951254,1.1867821329382,1.1179854656250436,1.171458699542441,0.9677949324279075
7.015875744246266,0.6247927176306635,2.284126878929606,2.2936980987771087,6.84502438219233,0.0,0.0,0.0,0.0,0.0,1.246561604993962,2.0910296224422273,1.7168842605927825,1.1558027473878942,1.4773771991726035,1.3094585197160364,0.9570837476376973,0.8841849449828948,1.5390325869840307,0.6930420817024087
0.1048522319484041,0.078904009104482,0.08433401111202021,0.19694311367010744,0.1290153413861151,0.0,0.0,0.0,0.0,0.0,1.3877753700001132,1.7057686897093585,1.6829168771910978,1.8173126844305953,1.1303729428333846,1.023572943705905,0.9953694921554656,1.0008885926209299,1.075014395200121,0.322829159034662
1.3467199049674812,0.43547462320410224,0.592408842615186,0.6912828988425471,1.9075855654323572,0.0,0.0,0.0,0.0,0.0,1.398564612795955,1.1589472930553577,1.5631610751526133,1.553341922402624,1.7091242735625098,1.1582708747655754,1.751866400435903,1.029387728184622,1.2065411632913463,0.9173969348859947
1.1598606871801649,0.529130351272435,0.24557964583955022,0.1946949156621375,0.564869454207357,0.0,0.0,0.0,0.0,0.0,1.6863971013734111,1.582989254523094,0.9933441177589202,1.7388521382965487,1.8615991582063918,0.9525930588736923,1.102802583392775,1.1701553650274892,1.1395078193905634,0.8977044731602357
0.21717363885246335,0.10844097799712446,0.06660902970743982,0.06269285988927506,0.14411944615316769,0.0,0.0,0.0,0.0,0.0,1.2392080500356406,1.4699240575862065,1.3673793680687665,1.1348867916849508,1.8084040486547786,1.461653584110275,1.3573058392848736,1.4932889125285487,0.8237810096785549,0.9607099226901495
0.2763894750903866,0.25901736913393153,0.21375879902982337,0.17611177690501417,0.05845582091484956,0.0,0.0,0.0,0.0,0.0,0.9501235174743227,1.0290592362130366,0.9829357342817221,1.1163627095201445,1.4687867022126027,1.2093161017197662,1.4319879241082931,1.0864558419495338,1.1165206222932929,1.2172309986272773
2.5562845863314,0.37275150545277,0.8207408069454184,1.0792896410940398,3.064412718633626,0.0,0.0,0.0,0.0,0.0,1.108730378640616,1.6149497446968926,1.496790246756732,1.2453677918071104,1.4490693373625765,1.520271499515286,1.075879882358002,0.8543994964844194,1.3640061496837965,1.1058607920596002
0.24454007193805521,0.08763116981255835,0.3358213107548675,0.13596401980136721,0.0947594578513027,0.0,0.0,0.0,0.0,0.0,1.1679057463469833,1.2487008350335342,1.5040136287383379,1.3902638090440151,2.0379061123217013,1.7202892512560077,0.8632096853562626,1.2000404573703094,1.097816930926205,1.0016232313162121
0.20622064886408653,0.10836646903700738,0.1379911273431959,0.22863000158498883,0.20913996980930022,0.0,0.0,0.0,0.0,0.0,1.3201710702970932,1.512482366003127,2.005192448388426,1.8037457169504068,0.6165526910231619,0.7575018960678546,1.0791208494305686,1.009523391377225,1.1606572776641952,2.004992800167207
0.6907491947083335,0.47677990392766934,1.2340987831027648,1.0376792622391444,0.35621590590811514,0.0,0.0,0.0,0.0,0.0,1.71772359402311,1.2657805601723178,1.2417429765571606,1.3524985362640192,1.4705421187842351,1.1843385213964681,0.8439040355704797,0.9665277852919671,0.9083771925549907,1.003571763708782
1.0747152518013992,0.5278104641754687,1.0471450738290127,0.32275393585483164,0.7892941046148119,0.0,0.0,0.0,0.0,0.0,2.037108322421345,1.452404704057911,1.5316006143940002,1.7271384922693442,1.2121347916686736,1.028101032946207,1.1192389174713813,1.236604371838157,1.1541953551576003,1.3371706582471354
3.001268593975404,0.9402856104526821,1.3409966416801882,2.9623267932768647,0.42564824826028735,0.0,0.0,0.0,0.0,0.0,1.5876381519403886,1.4046274983542641,1.9263935709110278,1.4701240966837275,1.8266246019409786,1.2992875532431847,0.55803028575409,1.085570188439028,1.260724877906347,0.9790905834399607
1.075060386567067,0.3695469888420808,0.3273279145162357,0.4393474014967126,0.458414286354515,0.0,0.0,0.0,0.0,0.0,0.9465245346321347,1.2218237774440088,1.4958454414737592,1.8739322737643929,1.8145391310725303,2.204812644146442,1.668615556113362,0.6511582678976944,0.8874265955802806,0.9593589851347852
0.14713016248067443,0.10351575734908738,0.07813958582980837,0.09739894672267711,0.27707786971902604,0.0,0.0,0.0,0.0,0.0,1.8960229638872577,1.4802132425626182,1.5119042208560762,1.555625886186415,1.0236039056141921,1.1108504108025836,0.9545774267041444,1.276735209806762,0.9433409755139469,1.5969011501956907
0.1906687426483411,0.10983163288474909,0.05678709307260309,0.14015925558570203,0.24632870306945714,0.0,0.0,0.0,0.0,0.0,1.0720811538519603,1.5595396116717906,0.2332029182774269,1.6478427056786793,1.3351452594339477,1.6259552536397335,0.9565083988638188,6.226595442346475,0.997891374067543,0.9681232110329024
0.38863949534109044,0.4396863996576319,0.5588262788358234,0.7099849367795072,0.31195997605585324,0.0,0.0,0.0,0.0,0.0,1.8487671574643263,1.0466887576206916,1.5970520524875182,1.3394108031681062,0.9584983156673277,1.0721321887250606,1.6508941790436034,1.212719281723589,0.6691874878965907,1.5382273458658786
0.4366433127081965,0.43236274532258656,0.5243827121190694,0.13107985226725244,0.11498868577108592,0.0,0.0,0.0,0.0,0.0,1.1661817950526683,1.0076103684348536,0.819602358823778,0.7420248617925066,1.7734497577551305,1.6898857839903862,0.9685687595602028,1.8118735057334363,2.453361773467338,0.9719178206465997
0.3399229224855077,0.2605783945066559,0.4026323564923806,0.1643891450348114,0.2846486626401535,0.0,0.0,0.0,0.0,0.0,1.4869380132583394,1.3295729317961962,0.9329163835829579,1.3392309862847713,1.1134574473357877,1.3867238786690104,0.7671422721786301,2.143466376317001,1.37284244052493,1.2831254511001704
1.1497917594828289,0.489573094433349,0.7019424132773928,0.7672284416403905,0.7727836364996469,0.0,0.0,0.0,0.0,0.0,2.1017544915928137,1.7598092144743744,1.8144384166104042,1.4283223445451056,1.1970654463010881,0.9855994973957872,0.9395076313398417,1.0408069485115674,0.9854372961357211,1.2399793974821265
3.7639625363868014,2.9012288938890918,1.063758723296491,3.0347683933074774,4.436745308998202,0.0,0.0,0.0,0.0,0.0,1.8269203138503496,1.8881354316778056,1.3825253128123636,1.8393247943568547,0.7305375124726445,0.9612198847226389,0.8898230866917245,0.7253793140678697,1.0801983746331258,2.264845699673274
0.07982442379946922,0.11344477795574966,0.05840630191972028,0.17456216201169047,0.128529064928219,0.0,0.0,0.0,0.0,0.0,1.9829591619101794,1.224269714481482,1.887730368165717,1.5484957077665453,1.0502320995791068,0.9210624494229175,1.2670516726866317,1.1020082076672286,0.9608474876591518,1.5910857292667602
1.0405740075910441,0.8036678090934947,0.612474774468093,0.3469072894417194,0.33129220221739214,0.0,0.0,0.0,0.0,0.0,0.7637250179136154,0.6233885567063003,0.7681218528711222,1.4729627726333097,1.739424159038871,2.2720932420741833,2.4601158086167376,1.181438402739783,0.9678134094061674,0.878859327697935
1.1396038420053776,0.9890117769884214,0.5870319643055388,0.3085897185925916,0.3922558782212044,0.0,0.0,0.0,0.0,0.0,0.9792931793398696,0.5382597960059547,0.92498817154467,1.512715611780848,1.708430884379743,1.1620758351927323,3.110358893764432,1.8616275405633758,0.9355247779536509,0.9579804713828455
0.6848874020051328,0.39623471903195584,0.4576122999154636,0.4904674351389568,0.6832962056454124,0.0,0.0,0.0,0.0,0.0,1.1728672671339377,1.278637137581622,1.4563386045986715,0.8209823917266964,1.0931472686490116,1.2477737742037098,1.0742678985813876,1.1350244814186954,0.5007748082777101,1.2145811415506649
0.06269905642796507,0.09080720045633513,0.1534558880751463,0.19611718407962458,0.25344516006601775,0.0,0.0,0.0,0.0,0.0,0.816465495685241,1.189908292121068,0.8133152935785937,1.522937208783143,1.4685861870595887,2.425707602135062,1.2113557899701322,0.7460745704388781,1.0111472656916458,0.8784449167634555
0.5281358054298126,0.24649424763923494,0.41228037611398616,0.30405568665872595,0.6602421091568094,0.0,0.0,0.0,0.0,0.0,1.747343624928167,1.4198895001837346,1.3048428027302998,1.6777355246947283,1.103668286287099,1.0837846679253578,0.8322944867916172,1.0317641844379781,1.2069597917315953,0.9418616833377289
5.1226288659124775,2.9158483850460777,1.6823646596282036,0.7800917983245771,1.8023804170413453,0.0,0.0,0.0,0.0,0.0,1.2391394507251783,1.16662402373539,0.48397750118802213,1.4956601539132723,1.824389081541991,1.5310217304518152,1.559441389150054,4.18960104809968,1.1603934910127582,1.0029655011131666
2.6878627628049285,1.0269470560080054,0.3685810950903775,1.5638031750982193,1.558820791297498,0.0,0.0,0.0,0.0,0.0,1.1519272834967609,1.4998070056123367,1.4461180699136833,1.6522177097598711,1.4350854007322298,1.5732434467635277,1.0657839144511436,1.2095045700164013,0.906136408799562,1.3035816941809553
0.7403129462488507,1.4643073374461992,0.7335721789399708,0.6705496325525733,0.33158792227266726,0.0,0.0,0.0,0.0,0.0,1.4594059963449577,1.1116005868773158,0.8911923846656367,1.7294694255885803,1.240262234327979,1.2816500628608798,1.1305680233431252,1.1383484174034875,0.9980099851766182,1.4839862212811612
0.9393916397161453,0.6345936316599488,0.27767150919675393,0.3636263334051419,0.6565741958863244,0.0,0.0,0.0,0.0,0.0,1.5644424320504722,1.4695651653915134,1.4526925498219896,0.8588934360181465,0.9245672773913497,0.9300030314584055,1.0476406648737628,1.0348015056836353,1.312216834641592,1.7940691678533491
0.5974841060947392,0.31576078682395936,0.23993810458989967,0.1259412200155437,0.23792684180775453,0.0,0.0,0.0,0.0,0.0,1.2035759835571707,1.343751999729199,0.5672260080623568,1.1187370489529085,1.645855722002787,1.7070030978144801,1.1882879645492483,2.563248893658292,1.55238236302261,0.9804859013855388
1.0450006430680647,0.7784409321335657,0.4589740728026264,0.34327297065820633,0.5685577069867962,0.0,0.0,0.0,0.0,0.0,1.0500673440027408,0.8208647514847374,0.5458740712628878,1.5236877633300903,1.8296173083559701,1.870263546485781,1.9921001283087993,0.7743805253158663,1.0791115431994764,0.916694842674616
2.562160914010549,2.920796150352578,1.62646945414305,1.6959555982725707,1.778146276405272,0.0,0.0,0.0,0.0,0.0,1.0845519331684839,0.8539818836008506,1.0697315088623718,1.1921610340871256,0.7232212566008185,0.8011129073155743,1.8455380771865337,1.2196404845552662,0.6043315341723215,1.8255553155421564
0.1486015219625851,0.21820358855019,0.2511011530247722,0.2608247671054612,0.19254175314371652,0.0,0.0,0.0,0.0,0.0,1.519128276809994,0.9663646638392878,1.2718296671964266,1.2765121512167659,1.1117927057043826,1.241606865177869,1.730736166068299,1.0550055153431557,0.0367439129692134,1.5442928852560855
1.3476729598079855,0.5299154448030985,0.5355457080061639,0.5301768605600321,0.9996749783496407,0.0,0.0,0.0,0.0,0.0,1.4805894548807295,1.3810669768845658,1.4268623642248601,1.66435224275193,1.1718991547416528,1.1382923837354049,1.3034064170019641,1.0597945513787894,0.9539328074355063,1.3567360162159492
2.6556344613401057,1.5375739473267886,0.7842982798230318,1.0618791172538826,1.5807846370168217,0.0,0.0,0.0,0.0,0.0,1.9580808541792816,1.7730177580435273,1.4264786493714126,1.2217721470937528,1.2146214813733243,0.9367264217278816,0.919752006181419,0.9284297648976302,1.2481431016755986,1.5021595946180288
0.15181826216624267,0.0920580245913101,0.09930861405905168,0.1335290485888156,0.3918996408416989,0.0,0.0,0.0,0.0,0.0,1.9854524021105593,1.7082975030407692,1.6837993528418091,1.762175893621722,1.6627083637216378,0.9359163855251172,0.9557490870487172,1.1377033523326852,0.9112107133988222,0.9237636704512735
0.14212196743501032,0.035171636252455854,0.08357174981915497,0.08584131937878992,0.046154055887126476,0.0,0.0,0.0,0.0,0.0,1.6518002844079753,1.5422176570343207,1.9552049283951183,1.3265746297499244,1.3866564602312916,1.1448791342867835,1.1167472392442592,1.055799216127051,1.1441808591818876,0.5566518638218569
1.790883764682187,0.967729372587355,0.4100731500407259,0.20331231319484785,0.7849373311478409,0.0,0.0,0.0,0.0,0.0,1.568057929520447,1.4998063728037991,1.6195187617480173,1.6013192884600798,1.6363108832433904,1.1248189991078947,1.249352383701543,1.114889481519659,1.0068723646765436,1.135168494890322
0.09824050781271301,0.09999916658886857,0.030837408881281576,0.05370668667826989,0.09896479685213126,0.0,0.0,0.0,0.0,0.0,1.8906723257813878,1.3325064656393957,1.570093229492815,1.354223233434342,1.3426074406660464,0.8989761112502206,1.2445569097780347,0.9859119988479746,1.0451587023084201,1.0421515172911267
0.05977933332344948,0.08921546819553791,0.021334383802442947,0.04610037338495171,0.06974266589730756,0.0,0.0,0.0,0.0,0.0,1.597112535310529,1.2741496063965303,1.6879816507690217,1.3739085267086106,1.6561432429471001,1.0183418509139157,1.3389821328089717,1.1440492603060064,0.5205244598725706,1.116105499063734
0.5433344651918606,0.2438231408165465,0.0494118607483867,0.025942922513290455,0.47060567573018364,0.0,0.0,0.0,0.0,0.0,1.695704282079628,1.886744650642545,1.534026592360297,1.4941013530354428,1.1346494205932518,0.9625054165707551,0.9022553014191484,0.9736592314770306,0.8621759675916849,1.327928705490451
0.9042563378540285,0.024690882869251668,0.8937241150117051,0.90097892058486,0.46394382732973904,0.0,0.0,0.0,0.0,0.0,1.8474510915429836,0.5106048135140467,1.931000938118985,1.9815343746832992,1.6926554297084866,1.1182401560832498,3.259213101346009,1.0841885723739417,1.0626456174608694,0.9573484140701545
0.9122838931152971,0.5782937761513106,0.777526478696793,0.39647222051327685,0.17555878646675915,0.0,0.0,0.0,0.0,0.0,1.9171057014836044,1.4937239924014447,1.0111129814042847,1.5473127161195752,1.2821122266255232,0.9496775486636181,1.0960377469981046,1.9935013129531265,1.0442551511983171,1.2732754568101867
0.40541573696003425,0.3466258268541701,0.3295310640839981,0.11168691356302633,0.08934180096744389,0.0,0.0,0.0,0.0,0.0,1.5851656050789027,1.1810294679675557,1.2442392043736004,1.6272159342718822,0.7640806287559425,0.9831001633544847,0.8152168225163292,1.1363667062680827,1.0217755762351113,2.4235098717762775
0.6117046401891882,0.6180049167872109,0.177291458909053,0.2997302770698242,0.13878590265261828,0.0,0.0,0.0,0.0,0.0,1.7175640736722981,1.5923056241836517,1.5668728457044845,1.825477362191832,1.3763335717671537,0.9391629913383773,1.0794271892795424,1.1695939334124021,0.9960235506811599,1.2262806997422586
0.6051194386569075,0.5344931346205612,0.27531947467739204,0.2534257230244621,0.23082608053916095,0.0,0.0,0.0,0.0,0.0,1.350677759596715,0.9812413949840825,0.9986074807727368,1.9338237526956474,0.8175571456914621,0.495744145206084,1.6460791623689994,1.915280490665503,0.9145116132727233,2.5319528470215165
0.21204236000326487,0.07640741699341476,0.23090338027104007,0.24577999002283168,0.1841698975647222,0.0,0.0,0.0,0.0,0.0,1.1409969166316947,1.6464162864319325,1.4360287076775975,0.9524217382816784,1.3046650564197693,1.806428325039695,1.127748805720227,1.1477107999507017,0.32655253169680104,1.4301586683734544
0.2913588820564701,0.11498367351945685,0.07433372932381313,0.08268542482607054,0.0811486583737107,0.0,0.0,0.0,0.0,0.0,1.5760050123809686,1.9268828990363576,1.7827580318000962,1.8825924522030884,0.765531558613465,1.0280245590246464,0.9230795451250242,0.9956047461606924,0.9717231886154835,2.2941873574521896
0.3997873906896861,0.3438399509008504,0.40735754750529696,0.3316060037073482,0.12088738084857682,0.0,0.0,0.0,0.0,0.0,1.390198566770288,1.100074941386557,0.9441928864063416,1.1518066853011573,1.081658159834524,1.2320281703133014,1.0621169197767275,0.9421067776236423,1.451679774315971,1.6083737677736683
0.45180680476116325,0.02614082787770337,0.3129539980301891,0.5600771532595373,0.20163897728488117,0.0,0.0,0.0,0.0,0.0,1.7963612910260434,1.9415296572980294,1.6173497571574291,1.757993248845703,1.9974962952938913,1.1367650914281775,1.0104364934015038,1.1623133337939036,1.1169965790712404,1.0262765455208591
1.8049966159830486,0.8552013895768875,1.398410719192715,1.3189712936970186,1.0845214448065936,0.0,0.0,0.0,0.0,0.0,1.6991413831855864,1.4817462480022612,1.3556101350304548,1.8518424603603185,1.2191958185507856,1.0733745473080376,0.9863736964584545,0.7724458787026884,1.1109162654013018,1.5473913233002121
0.31074129141920703,0.22428224144791561,0.06534666995516306,0.06879069237488777,0.06861892529308533,0.0,0.0,0.0,0.0,0.0,1.3301568504457735,0.6470769696151987,1.3005564610244877,1.9082417282694606,1.1163851935460258,0.80742071963431,2.6405799208375513,1.596236645735173,1.0166546688285722,0.4306308433578424
0.0411569956457047,0.03302653506858505,0.03487020423833762,0.039899497832548786,0.028525848118710163,0.0,0.0,0.0,0.0,0.0,1.3314607863724808,1.358478880130481,1.3469101076843673,1.5850491979470192,1.3067542681495217,0.7525355728763341,1.188467496396038,1.3038253073280484,1.0979966977166558,0.6770962883676371
0.24841219372163695,0.2483125144361849,0.2077520091886412,0.08538597278286272,0.052593206093077646,0.0,0.0,0.0,0.0,0.0,1.6878674743377016,1.8367950171606513,0.9382293607883738,1.818777950150685,1.3753523753346508,0.9799387287993461,0.8787284755499677,2.244050812548007,0.9662772952025032,0.8302605490017041
0.38214398699275465,0.6045321247550843,0.3171568141285622,0.5388112548118453,0.15498435352671214,0.0,0.0,0.0,0.0,0.0,1.5001207523799738,0.5979625012053038,1.5220667719246799,1.3024437060662233,1.1864237572847232,1.1162607123188086,2.656182551637249,1.309399234633827,0.789699427523301,0.6029077079538834
0.4991360707498598,0.26470109306796913,0.34005557160094274,0.1383118404840425,0.06047014942455094,0.0,0.0,0.0,0.0,0.0,1.5108770046964717,1.0430025911349932,1.1459945321800278,1.5998139058349388,1.143674299461321,1.0015762799813666,0.677605526212739,1.7483492967789327,1.3163108064530067,1.476691215420428
0.6143422264742279,0.5002011328826529,0.11005151418137622,0.0714441468419125,0.22700273622150421,0.0,0.0,0.0,0.0,0.0,1.462411570699864,1.0240614112618551,0.7256131084484634,1.9753158482342585,1.8064075552206402,1.180933888242836,2.020609791236827,2.6208733015407724,0.9519439420456431,1.125937937452697
0.8287741989514474,0.24498187896705897,0.3049945872000095,0.32672458961551454,0.17742410219757127,0.0,0.0,0.0,0.0,0.0,1.7597206394309708,1.4927813151354554,1.826365911688274,1.4477211241531025,1.8285534883926458,1.0932551936382544,0.9680612238669666,1.0941738981307347,0.9897458595687609,1.1484802361857953
1.2104740934460998,0.8860835137731937,0.7050387388082194,0.4148416285857969,0.8484923598232605,0.0,0.0,0.0,0.0,0.0,0.9888445488755047,0.9398758860961902,1.1087191841528017,1.4419296745413634,1.723842612071824,2.0945624896485064,1.771331990383128,0.6735908704348245,0.873389565805629,0.9824349917525559
0.21475939323031992,0.1976769888821272,0.22364391401718176,0.2921376341669378,0.059175299299911964,0.0,0.0,0.0,0.0,0.0,1.5726264602175937,1.4928692426013495,1.3475687000183254,0.47066203863835615,1.5165559131425426,1.0869286499412463,0.5861198053241318,1.1131127647170491,3.43074978816319,1.0746242537316584
0.3249926745685422,0.09535800779973695,0.045922775398360594,0.27279110988044414,0.15832211024572626,0.0,0.0,0.0,0.0,0.0,0.9494245185108563,1.4585492800634996,1.5878849157479475,1.3637891638324418,2.0110087233934495,1.4869833775075727,1.0112682499349668,1.0027907984965423,1.4412553875372123,0.9836965449526839
0.2845731400383103,0.16300818132225592,0.1592376939575038,0.03478933876482993,0.03434590594162566,0.0,0.0,0.0,0.0,0.0,1.58900846883522,1.6448017747730455,1.5653594147165888,1.1276775090197204,1.799806617669291,1.046441525923553,0.9626139088148389,1.3057212456080807,1.4177078631891822,1.076201676292674
0.2556296349127939,0.24322198762399022,0.11905517367101023,0.3183646071274391,0.04724335100404843,0.0,0.0,0.0,0.0,0.0,1.5515914392549426,1.721114805310146,1.6650957499569452,1.7325065900181125,1.7179831508042107,0.6801505739911028,0.95135802970026,1.0519068639184095,1.1504953153553086,0.8510496406918437
2.203876291457713,0.5774570869304545,2.530416824416238,2.0176423812320965,0.47021623452150607,0.0,0.0,0.0,0.0,0.0,1.725945599943706,1.9464361610532204,1.7598208186182904,1.271299023811409,1.7343666892423286,1.1905386839819891,1.0079796424101095,1.140176710180129,0.7904365989542139,1.1748353537270115
0.19132544748805116,0.24473104177524943,0.07492130180009723,0.3343391074111913,0.30428884836474157,0.0,0.0,0.0,0.0,0.0,1.597938669811745,1.2267797309744108,1.8219737417959698,0.567189087598999,1.6124711003576615,1.091939744624391,0.7608864316638291,1.0038626544251545,0.4186405019518337,1.093116911247327
0.5131124652564224,0.4170289368123917,0.2706406231539501,0.4085957998724659,0.4094676672917307,0.0,0.0,0.0,0.0,0.0,1.565772999027077,1.6254982982000061,1.5398068764526789,0.6189554587898414,0.5585920301979573,0.9854254579285088,0.8578450610052807,0.7671691445692016,2.9622824304432567,3.210282692110094
0.6411468801621092,0.4604386213775237,0.43869877056183987,0.07455892254698689,0.14055036699185322,0.0,0.0,0.0,0.0,0.0,1.350944023102074,1.3935280955710816,1.404231467810797,1.5283717726549888,1.807275580062444,1.1888957517548826,1.015576924069308,1.4914918685927308,0.9834945688242731,1.1259651028366053
0.4175121396072103,0.14115697149302625,0.1274436553791706,0.2680158070043464,0.18509471018087625,0.0,0.0,0.0,0.0,0.0,1.2275884485888389,1.3461324691506549,1.2318455297560278,1.562810072638843,1.7047751677342364,1.1044506939362635,0.9682707371183038,1.4794643213071492,1.3466084422027784,1.181498185898139
0.0711861870096662,0.08671503839385099,0.06405557834556888,0.032265725642690965,0.14603576942472427,0.0,0.0,0.0,0.0,0.0,1.296505346180052,0.9008261295452162,1.8745497368380082,1.334952729708096,1.8890665910868916,1.1630289881700429,2.2178348114597735,0.9259767977043855,1.5590204791471702,0.9189176752340901
1.2833781863335403,0.33651727999157655,0.4508078197797203,0.5254465857410395,0.23214906585095063,0.0,0.0,0.0,0.0,0.0,0.4746500510017721,0.9835581031837517,1.3940237738554602,1.072452029008844,1.6671684247929404,3.4230499296102765,1.3779067770523672,1.0872296639223502,1.5237125107725402,0.837290855576227
0.0750640525845132,0.07382577097119937,0.04689224397472562,0.042586528080629515,0.043591387271678286,0.0,0.0,0.0,0.0,0.0,1.2940541478168959,1.0627072761172625,0.8711585914870912,1.2525723873776313,1.8997031194667533,1.3899508221634544,1.7562477892140742,2.407620483430329,0.5234493844299773,0.9359372343010746
0.05958259274866151,0.025642460255509814,0.0374442680211912,0.036427750754535734,0.04903608339263329,0.0,0.0,0.0,0.0,0.0,1.1828864114497892,1.481363770327267,1.9685688338075513,1.6937346561910602,1.680441259234148,0.9357195723854578,1.1028223199561769,1.0522118221411378,1.1616975350298653,1.2100827350722179
1.0014300433083654,0.9029264142314934,0.8674402412774326,0.4428661878838704,0.27620667160215506,0.0,0.0,0.0,0.0,0.0,1.3620234158906532,0.42281840482092337,0.91413142564029,1.9761534851103497,1.565692000412213,1.1215805280081985,3.5044409641500103,2.274374113297941,0.9126856455407443,0.9590833249575244
1.7045048967107335,0.9076812285090405,0.8901153603045653,1.0857188376185536,0.7274688137414723,0.0,0.0,0.0,0.0,0.0,1.9875269520513152,1.6751954378841971,1.327909863293504,1.3219980540547343,1.4452533048592602,1.0448889495055753,1.0752262185253656,0.9965457522725696,0.5822820257261712,1.2375912547786985
1.4668161274485647,0.8137245048658786,0.8387654219419034,1.0715156113123037,1.2166054196515503,0.0,0.0,0.0,0.0,0.0,1.7737337900352976,1.8120772079904932,1.5046431363456105,1.168596373510164,0.9779013468051996,1.1175269389180928,0.9185028771243541,0.7605712105020981,0.3972849800655028,1.4923616166624418
0.8536855795660717,1.023230936420942,0.658667907062117,0.3112913882642062,0.30270023346767105,0.0,0.0,0.0,0.0,0.0,1.8579504479359947,0.9661056373574635,0.6994982194172203,1.55683979780959,1.5080800118069242,1.108868801130225,1.5850692236888486,2.526152953627031,0.8989453008665924,1.3726978304844424
0.39934074723038415,0.7921753404883207,0.15918736780857934,0.33139714372072826,0.22846364861745797,0.0,0.0,0.0,0.0,0.0,1.889045543411413,1.2452831850509845,0.9555891472210837,1.7714966779487595,1.8854305567635163,1.1029473747039968,1.1682812974579238,1.255220159441182,0.9157535415395226,1.0966281249753858
0.48484617153225285,0.2208197110415449,0.33116018369688976,0.35895594703319533,0.1117043728383981,0.0,0.0,0.0,0.0,0.0,1.4819445816540306,1.481658917364611,1.3198202223860755,1.5135646793173674,0.6757380737696325,1.1764447319944304,1.1602936811571902,1.5642213708239363,0.8432190999962493,2.7832161425136985
0.7185192126838675,0.15797441250644723,0.5313372818057858,1.0787284756288467,1.0098347739569988,0.0,0.0,0.0,0.0,0.0,0.9493654170732215,1.4434282136988257,1.4615696604318016,1.3164934022300179,1.282768415443547,2.176764326619636,0.6848674498422486,0.878309143655405,1.1879139535440468,0.7566853366779104
1.9740677813072953,1.4706147561026701,0.6418481267651944,0.08936265274041817,0.9253805168643778,0.0,0.0,0.0,0.0,0.0,1.7844900374313162,1.6213133721278334,1.1221372193087225,2.11385852902166,1.7220322685028735,1.0783647380820347,1.1991000000425478,1.5337837579673381,0.9833366061244863,1.1184082214198
2.7924859617293203,1.4420228341023256,1.2428940241676432,1.876643606897881,1.4820033847916183,0.0,0.0,0.0,0.0,0.0,1.9569764453890048,1.8458243962344532,1.4428894205762386,1.3064959230736175,1.4726233527007,1.0468384622049012,0.9501341646404992,0.7542095978639337,0.4588371031326347,1.2651018344308935
0.672889079733415,0.4195106903287106,0.6428625895064028,0.4036765230012328,0.44993933146379755,0.0,0.0,0.0,0.0,0.0,1.8919364771962677,1.7420089882293068,1.2236816366817604,1.337149976455552,0.9864810819841124,1.0669951191996996,1.0374771881599765,0.9338892427023895,0.15834927440049446,1.7623538443973759
3.9816330768428627,1.4819907344164738,2.8233669455168546,3.9368573725064104,3.689899054794755,0.0,0.0,0.0,0.0,0.0,1.6622494437776192,1.798902352145645,1.3750569704593738,1.2873755726273848,1.1289525044399282,1.256762278303807,0.9387095273695439,0.7189082356009964,0.06089753999563016,1.3010307482075543
0.4676257735544871,0.17673499143408705,0.18528878026126594,0.2049685465406971,0.2522802731395385,0.0,0.0,0.0,0.0,0.0,0.8383764160018438,1.0912880460600984,1.5432905992536496,1.2894714816803228,1.5000032997288575,1.6887588889381506,1.6730434612242244,1.1364982058573152,0.5737433331159574,1.0720551762448924
6.246275888088812,3.818606843949637,2.22544194923952,2.4620632160555784,2.683161992358976,0.0,0.0,0.0,0.0,0.0,1.9981669429045246,1.871472368553205,1.5304957304850457,1.2935403884327583,1.4912406291068327,0.9820485766972955,0.9411951750695652,0.7758923775123059,0.6018014514935351,1.328207418228514
0.6213177234167914,1.249363728007672,0.5224538762752928,0.1919842109082595,0.84118825083598,0.0,0.0,0.0,0.0,0.0,1.9491722395195092,1.1745999235049156,1.502686041108272,1.5394927254499464,1.7545770163795187,0.9783914442575744,1.4475692727098932,1.0459886605515618,1.1148370637774723,0.9482897886145316
0.39754835518378817,0.10058823166870383,0.08169084740928655,0.10252936745491888,0.20457403821628067,0.0,0.0,0.0,0.0,0.0,1.4512419697604138,1.9507885958664086,1.480739972862819,1.5532814768191638,1.6205637968708426,0.9857578492345466,0.926068120593421,1.391750003503386,0.8023420053853423,1.0551955872443035
0.30097152988183506,0.10550062928350779,0.2689588303004073,0.22886699123834867,0.15433542893217767,0.0,0.0,0.0,0.0,0.0,1.2946259367267123,1.7645050874452837,1.70114592591705,2.0667026400269704,1.3546382508720771,0.5820878861681614,0.9253171774071839,1.0629257953523352,1.0167081746979834,1.258353158766297
1.4630951567143016,0.6421783892303402,0.3515629790351787,0.5169432217900727,0.8254788396359573,0.0,0.0,0.0,0.0,0.0,1.5742472434309367,1.738736843829192,2.0254402758012464,1.2331129363450333,1.4369895256792655,0.869369675524585,0.8934537910170038,1.004869517834417,1.2636618833409108,0.9619857189031762
17.349348288399252,12.832271596781982,5.589425314008618,7.291561836562015,8.126116886321178,0.0,0.0,0.0,0.0,0.0,2.047838971759318,1.7377464560475795,1.4743416269925635,1.3475711422438896,1.5883673381464813,0.9801638406749895,0.9905032055024569,0.913416100823561,0.6567617812934176,1.270582117495445
1.3346084971109229,0.9002862851848654,0.9889947882806851,0.2358892427594806,0.4425762587669027,0.0,0.0,0.0,0.0,0.0,1.5792153270588412,0.5904951855027588,0.640140646872558,1.454910431965822,1.3227453421071764,1.1243697851084222,1.8388403672529996,2.9740634564490684,0.9571508933602779,1.5773969654370255
1.5341207932390624,0.610377508673895,0.24030309410291878,0.5888861981886746,0.7345277020491167,0.0,0.0,0.0,0.0,0.0,0.9995526128807972,1.310042085247027,1.0955662078366681,1.0709236884910787,1.7967798034847713,1.9675661242845823,1.3614517374967434,0.9752314702103995,1.6238799432309483,1.0401450143902293
0.7837736311356518,0.8085395778792661,0.734029506146006,0.719057515428674,0.6599808264299749,0.0,0.0,0.0,0.0,0.0,0.7578259352137597,0.7559723650635692,1.0456392121522664,1.3623981373298075,1.3027587368917455,1.2332923067600354,1.361858978626639,1.0963506566529284,0.7879962534267784,0.8321671414280359
0.45756519475106383,0.7639697538305416,0.4028080363273613,0.05481623135633453,0.3752973198764625,0.0,0.0,0.0,0.0,0.0,2.0195184534263486,1.125075070812339,1.105570422547614,1.1756592947643447,1.7869813062736066,1.0166173054494156,1.6120952175473555,1.4464996642016958,1.0806142243066021,1.0104721923169186
2.799288179808698,1.7908510552378076,0.7116414929500087,0.803180519872145,1.0852584571117276,0.0,0.0,0.0,0.0,0.0,1.9850558797243036,1.735236689052122,1.3830612984939328,1.9207471831641598,1.8680242327251908,1.008957788786445,1.078514182817601,1.017986885734227,1.0552953844273771,1.1103641606451824
1.1316130629386472,0.5773653836096337,1.0446015625206977,1.6925385305445269,1.8071987447765767,0.0,0.0,0.0,0.0,0.0,1.0938373634196954,0.08819191997933828,1.3547663767949867,1.290900619664609,1.136622678329158,1.7265820473183202,22.23432605972827,0.9682908618378886,0.9862096984419496,1.1382664404665659
0.06494428902086706,0.0915838426681877,0.06148522636123138,0.06199639600104194,0.09338717243331904,0.0,0.0,0.0,0.0,0.0,1.9140245062308918,1.4708812693514617,1.7780309281807816,1.4747231970069488,0.8382139962963109,0.9479306911031888,0.93839542212645,1.1555483102367494,0.9977165809427686,1.9315964362014146
1.4069890084148253,1.0970535565849153,0.41796801129871575,0.5783121133344253,0.40101905881005573,0.0,0.0,0.0,0.0,0.0,1.8561819383363265,1.6276213055500788,1.4799038084390201,1.2810697049178645,1.833335186363072,1.0242725326153819,1.0361652135654766,0.6272956105626594,1.5315113416713415,1.1316172928537966
0.3783363253876383,0.24123701678237014,0.19820261916177084,0.09832586715028428,0.041592823926925294,0.0,0.0,0.0,0.0,0.0,1.4177179821131167,1.2515801539948035,1.5152292010900057,1.7260861634414741,1.6233140247786249,0.9619225337971568,0.8587819691676419,1.2289880378658813,1.054690083630882,1.182949177938943
0.39359668341252074,0.18415871539291676,0.1741888062964888,0.07708606942421146,0.11242575770413592,0.0,0.0,0.0,0.0,0.0,1.486928081870751,1.884164201032697,1.9620488992763727,1.5453554683517265,1.6586016976741604,0.9130818882259645,0.9555132007849313,1.0540164534828815,1.1517169365510365,1.1039293298739317
0.16991682253121138,0.09338588290853395,0.14861544662159087,0.24352386836402787,0.12835513332460763,0.0,0.0,0.0,0.0,0.0,1.9666864324874074,1.6578637137825847,1.3327928458449472,1.5016948256888722,1.3198506154338974,1.0331521321597625,1.0631901010392224,0.8426300434839378,1.0862979016345053,1.2118774424904541
0.30087556817642985,1.1169053001407927,0.4773505682430842,0.523068050407422,0.2282251813685458,0.0,0.0,0.0,0.0,0.0,1.567403073637887,0.5698536055676803,0.7276914956797429,1.1283306721172583,1.5788014453059651,1.124307866776923,3.022037119082097,2.191177300459337,0.8530017752037476,0.8731466337357637
0.020082327090250048,0.02465586823246698,0.01775592146032346,0.014305947600523389,0.014424015438273458,0.0,0.0,0.0,0.0,0.0,1.6555328763095651,1.8796543357499536,1.7211229230289629,1.7727434824440251,1.5037674695609593,1.0604937768783256,0.9202632717593787,1.2117384749897264,0.9535057872428968,1.1947652313920016
0.26037537386354775,0.20581800130156677,0.17713885882899633,0.15610020939424507,0.22049607187056197,0.0,0.0,0.0,0.0,0.0,1.87458195660552,1.5540628727633492,1.7144044763179493,1.3467148755409573,0.9880701436090251,0.955422459838478,1.091122499319089,0.9411877631123259,0.35462311176969236,0.6023814684124711
0.09038520937614032,0.12943906841784555,0.030955274743358418,0.1340039974541886,0.07006427327693943,0.0,0.0,0.0,0.0,0.0,1.6147147609990293,1.0289589637208107,1.478462367629373,0.5895516038104157,1.738696307061037,1.1644426757993174,0.42513433621600966,1.321905664679508,2.4252353926764285,0.926724163714799
0.0,0.0,0.0,0.0,0.0,0.0,0.0,0.0,0.0,0.0,0.0,0.0,0.0,0.0,0.0,0.0,0.0,0.0,0.0,0.0
4.960135957104999,2.0905732403743587,1.8283889135740874,3.1289630296058357,5.233509284363109,0.0,0.0,0.0,0.0,0.0,1.9190760188108609,1.3540527369964033,1.6501805387390651,2.0630165090732397,1.7187868308057108,1.087054529167068,1.436478277318901,1.203291752737496,1.0138120633658343,1.0636710122536668
5.069519349326627,2.0352442180524037,0.6622686780548493,1.9927320464055516,2.9508291627541636,0.0,0.0,0.0,0.0,0.0,1.621731795627856,1.461899309915405,0.4972138946697129,1.715237739803508,1.9053524340661927,1.2026980192855279,1.3837184009975525,2.085375097720226,1.174748851413574,1.088947390788173
0.15534569068131504,0.19158270011028056,0.08232381460877954,0.15393762901838373,0.1533418541219786,0.0,0.0,0.0,0.0,0.0,1.8125799149231152,1.7657374048768324,1.4144419665992811,1.3638275575314949,1.815000017012334,0.9771661595797145,0.9256140541914293,1.0727447039037008,0.6753590359429215,1.069788506231867
1.4206134823712087,0.057118247777319796,0.8863878145396547,0.5192105111805432,0.6942841381765832,0.0,0.0,0.0,0.0,0.0,1.2795214951449734,1.774796305738382,1.7080958876861823,1.2337367921046274,1.3795606307091373,1.41893179853309,0.8973671794989431,1.1207371726616413,1.5323232255057688,0.8846074462346873
3.736436451935756,1.8756519726637646,0.4934777158985521,1.4530738778910515,2.187427403341668,0.0,0.0,0.0,0.0,0.0,1.49991948550067,1.71071817934346,1.2834285215433074,1.4096663515053909,1.546954291536185,1.3474344716111126,1.1992771483685658,1.332240149771702,1.3942742279327498,1.1740955874221166
4.138977734469481,1.7410599065696766,0.33339571895829134,2.2722975863289547,3.832824591446599,0.0,0.0,0.0,0.0,0.0,1.8248154277678728,1.5830436681370132,1.65263768712293,1.4613207148093417,1.6062099313332874,1.1445420743774863,1.1394438916340155,1.0575890852888032,1.1376842278147306,1.1743193625130242
43.91330359408039,17.56187321047326,5.9121091060645785,22.151692558755514,30.898376145833442,0.0,0.0,0.0,0.0,0.0,1.6012747786935666,1.2079425539546,0.7370289780482348,1.565610911319147,1.8366537956724154,1.1966451203609514,1.3420565458910385,2.652124445400418,1.1964908837085757,1.1115787612401566
5.487366822467234,1.9484817799671788,1.7937283018015393,3.16993326614032,3.0068170992889995,0.0,0.0,0.0,0.0,0.0,1.5466885417440455,1.4245026742923048,0.6431210336168011,1.4688016746033241,1.8612278537273474,1.1278010900082096,1.401642520020156,1.3507250804641602,1.2959126830181014,1.1063416979474268
2.221062753253308,0.6954980661937781,0.57087672125815,1.1714667576786706,1.8845640189676118,0.0,0.0,0.0,0.0,0.0,1.6308226491076474,1.0846538802751962,0.8691810112699497,1.378685671452655,1.7698210898555822,1.1579855952702092,1.171869290113792,1.1685050414977272,0.8890058562193276,1.0880684430112584
4.732272016901122,1.9962796795400926,1.228899926859546,2.3921184230299573,3.5258335284391413,0.0,0.0,0.0,0.0,0.0,1.8846139513650546,1.6129021538739092,1.3245425160608457,1.710832335453257,1.6386284614048243,0.9353816940260617,0.8792548039918279,1.3321953374867634,1.1417483411388478,0.9740151020244571
1.4653676985011856,0.6052466068467919,0.22918036024998947,0.5971287456128677,0.6303783935997804,0.0,0.0,0.0,0.0,0.0,1.6407752668769908,1.4942366175970758,1.1391943196580459,1.6047874091145589,1.8596703498887075,1.2691260892641039,1.265044813209792,1.5556032613932578,1.2714024261549581,1.096182747685132
9.732917728465523,3.771097699336137,3.176434037429005,4.933877752927609,5.001168746850547,0.0,0.0,0.0,0.0,0.0,1.9110323736846568,1.6145599097658687,1.5852580160459702,1.7047999277545165,1.7132743585450088,1.1026963677527832,1.1879932824709682,1.1200588023586096,1.1977561108487493,1.1149452848280388
6.600785836914485,2.4813011182404923,0.4483833099803351,5.012514891730935,8.917637515280397,0.0,0.0,0.0,0.0,0.0,1.819172046252309,1.4205775138837988,1.9399778534714005,1.4036987853633334,1.5200598925360125,1.1144699454602296,0.888132995911469,0.9955604618322604,0.9929576676546312,1.1659223654441329
2.111060740617111,0.6541652618250234,0.8967134833446255,1.1775248386678978,1.544499922812029,0.0,0.0,0.0,0.0,0.0,1.8283724052838097,1.7490092194925257,1.1229046127810347,1.607766438075217,1.7651793284869268,1.093756129236864,1.1092075899319829,0.43192100437298875,1.1487396917326749,1.1902620664990398
27.620043803073713,9.391045657931553,5.764560387790359,15.71717976597841,19.082112493970186,0.0,0.0,0.0,0.0,0.0,1.5293573330818313,1.6251272912315662,0.9695547864292062,1.4971214557870525,1.8831857386513788,1.1314894458445053,1.2560227240765929,1.1340099049113226,1.2843556641608092,1.097516522050214
3.150199572523406,2.462257228603871,1.248077881141206,0.86317866673853,2.289484552621426,0.0,0.0,0.0,0.0,0.0,1.4876850853194725,0.483906441412506,1.576248367145086,1.8598782542046637,1.2161573354096427,1.0143827933889846,3.292111112075232,1.1950905725886827,1.0619809449812996,0.37790600482611253
1.3194059978329855,0.5822166124870548,0.5588402256445366,0.9460122438116763,1.2413489670154374,0.0,0.0,0.0,0.0,0.0,2.0050137205100924,1.2150013942938018,1.911968061369372,1.9847627409410713,1.7249126064001554,1.0428104619083962,1.5374670560768058,1.0464484431041108,1.05865012202533,1.0146923340131135
2.254289604614192,0.7668430209343426,0.6990239428750474,0.9939008187478322,1.1824385647639823,0.0,0.0,0.0,0.0,0.0,1.4598338222859866,1.0370845323800015,0.8902242868082495,1.4651390346913924,1.7774201724993226,1.0096165098692271,0.8213327208101305,2.0882842822838117,1.189002026927665,1.0829527807569743
5.0520704686375915,3.0682579901718845,0.24584837918936248,2.4878657231048367,6.3439791784331145,0.0,0.0,0.0,0.0,0.0,1.5157246463282485,1.6865484407176705,1.867192104749051,2.0040226585751686,1.693909371649598,1.104221948576562,1.216841197741148,0.9287203464537815,1.0201466105803236,1.1940333338031834
0.8836798541733029,0.3634412876551856,0.825444255502822,0.36706340297285484,0.532716723746594,0.0,0.0,0.0,0.0,0.0,2.120851542498906,1.66346449159457,1.5954794573560507,1.8833147342403223,1.2741916406977325,0.9779920794659245,1.074259478350335,1.12005333456241,1.0590234272634702,1.1072070179326603
1.2959406576744315,0.8104955345967408,0.22568670338743285,0.3164848997906918,0.6876807266103069,0.0,0.0,0.0,0.0,0.0,1.8029141605302994,1.820795664253127,1.8642582177569877,1.5874407055444915,1.5112657801630158,1.0742033867366145,1.083045381196498,0.9111853346480894,1.02242097881682,1.2033345003865428
0.6430888020107243,0.3495973347805379,0.6310007442276567,0.333351461303562,0.13575962432114566,0.0,0.0,0.0,0.0,0.0,1.8084392677212513,1.274128394513345,1.382327038506121,1.365062249731648,1.3511713866344988,1.0728078903432205,0.8088075575888806,1.250496462095288,1.4199364616967254,0.9252924786202423
3.3388252327025816,1.9873496404369564,5.020784870562145,1.4483761149800627,1.45996430516202,0.0,0.0,0.0,0.0,0.0,2.078172189108442,1.5254119991900363,1.5950352474411098,1.4308411733862314,1.6384671037757184,0.9700929487041582,1.1189352061181737,1.0733028918010352,1.2702669391229788,0.8748742363831581
22.263400058167324,10.178559417431199,1.1708220717128386,11.551531239298075,21.83398742118131,0.0,0.0,0.0,0.0,0.0,1.925819511579445,1.6340637907224842,1.632930579352019,1.4675904148048486,1.697321315627851,1.0889795936032276,1.0990458872584221,0.9539053965965543,1.0728001081637268,1.152934569219925
0.29848691785597964,0.11287969721125608,0.0636428904835175,0.1915838942567445,0.19429675312801514,0.0,0.0,0.0,0.0,0.0,1.3437534468125798,1.4223289750779018,1.8140183574239632,1.9017661647580213,1.2123881567219457,0.7399030161725793,1.1816337769853342,1.1030780239144746,1.065067436269486,1.2447718554863012
2.561414533005036,0.8650489195566134,1.1733553179759915,1.8460413305198524,1.4194777653264845,0.0,0.0,0.0,0.0,0.0,1.9810596143852774,1.7395401187648014,1.4518215981596472,1.678349815013255,1.778443144762329,0.9981875925470328,0.8914450566496825,1.1003179191993027,1.1874265794653938,1.0770014894465307
0.5556921760093689,0.30054911820959473,0.1954991295872131,0.24657761826114338,0.2141890624010112,0.0,0.0,0.0,0.0,0.0,1.176452601113225,1.2035336895143598,0.5542713303735202,1.8147123152767435,2.0363152316316935,1.3861837215359791,1.3051335183486725,2.6988452365556452,1.1332020906413642,1.0351625386617072
3.3577164070300407,1.6545758956690826,0.19374533209286032,2.332067017181582,3.4338195309477206,0.0,0.0,0.0,0.0,0.0,1.3378380446177502,1.6287042425332834,0.7921352018408762,1.4849859931234632,1.5647973558590924,1.3842838891898464,1.1878542262666547,1.5347814816723875,1.321945469457207,1.162611379894705
1.3656068322577604,0.8451691676673143,0.43185623175786586,0.7066413806298464,1.1507093264866275,0.0,0.0,0.0,0.0,0.0,1.3897222030233134,1.1029532417860393,0.7106966318902865,1.2667990671453444,1.7898923856422135,0.9233300489668262,0.6539057903078321,2.293687695212914,1.3954591949660249,1.099524764057066
0.22885216901543445,0.14233324923708743,0.09476396502010428,0.07133214691532354,0.052552187009674414,0.0,0.0,0.0,0.0,0.0,1.0473428678714438,1.1788609574626276,0.3684417559186785,1.0363846267741519,1.9331387543335423,1.4700298904416105,0.5620264236305649,2.552130798684712,1.9333434888473449,1.079337767940273
3.225826838089655,1.654654151928791,1.8374210898087768,0.9795350675540467,3.731286607734499,0.0,0.0,0.0,0.0,0.0,1.5763810995068255,1.7520987308302711,1.1993708978596613,1.550688998378918,0.9190203226872402,1.116000328817504,0.8408592116995408,0.18180723424648845,1.3569548143763301,1.8675161003300653
3.0612452100566725,1.1157133506938017,6.399165959341717,1.9003183712406226,2.574754994176902,0.0,0.0,0.0,0.0,0.0,2.0471662755753046,1.453765881447612,1.8018838230513876,1.5782321187539536,1.8191267949761343,1.026938719100819,1.3909053607899848,1.1539415721412867,1.112671672185767,1.1479136962609515
2.739500008004294,2.419142947512893,0.5546056695220021,0.8090068160071768,1.301259088972124,0.0,0.0,0.0,0.0,0.0,1.6009403479913547,1.1664230208388098,0.8937376635935065,1.6344683629830326,1.1998042389517671,0.8047802119941619,1.350155957243005,1.0042431153734825,0.9755665440793467,0.9239001344360276
4.35714305975335,1.1041880667217157,0.5119645424781115,2.07468465749679,0.9592557625782936,0.0,0.0,0.0,0.0,0.0,0.46257097668803326,1.0642948310348652,1.4010298074060605,1.6149761083937866,1.2677238427867683,3.5869483152860133,1.9688273013805024,0.8887512675773752,0.8007083842223127,0.889250863837924
0.34069332484691284,0.11529716958042995,0.19925017874834355,0.302217842679123,0.24357622899183645,0.0,0.0,0.0,0.0,0.0,1.9181754602374437,1.4900043164420576,1.5953930966419412,1.7427920027285404,1.8384034802589078,1.0292272624739591,0.9593601255806925,1.2471218646206597,1.1397340556877857,0.9529399771114503
0.6574341026179356,0.5768564535460448,0.48137559331836954,0.5149300350412525,0.5870409734147211,0.0,0.0,0.0,0.0,0.0,1.6025470121391086,1.7437551348143236,1.6856609929382362,1.8377659404247586,1.7210163737369923,0.8335662276886906,0.9436255023313569,0.9039432052803352,0.9878343820187516,1.066736141977045
2.5610190984218706,0.3900762221366663,0.343332626440224,1.1055393797906574,0.6031413056207496,0.0,0.0,0.0,0.0,0.0,1.1575221155505104,1.3183717161337927,2.0799120406581038,2.019868476691013,1.2429442733453429,1.7858697174032352,1.5091037468826456,0.9582707895074672,1.0318378169850952,1.604960030687575
2.6569389380269635,1.1677142013553357,0.7731128442602305,1.2166805366984783,0.7345582834968656,0.0,0.0,0.0,0.0,0.0,1.176586832932354,0.9559080241327469,1.5115505704835561,1.561819429447795,1.1303955341064644,1.2761481431224115,0.6641764756958658,1.3176548946488227,1.345063425752664,1.750336372066329
35.96493139026579,12.289744579330186,9.47241449176769,20.11356066250322,3.850581608707081,0.0,0.0,0.0,0.0,0.0,1.068380964649899,1.0856509869723268,1.5990896222693436,1.4689761551557023,1.2242256739112196,1.4643381469907575,0.8173016911440352,1.2551250303238506,1.4322382323483263,1.5640106733503558
5.980247855287026,2.1723284427014313,1.289260003795017,3.1006848839457444,1.4058900796913245,0.0,0.0,0.0,0.0,0.0,1.2259982760753543,1.0531662245691376,1.4490586668276964,1.9003922282957044,1.4948014874401665,1.228945474242934,1.7900927673799854,1.3663158806992737,1.1022451081893407,1.3789582393104853
1.7607291748288503,0.8616796194287787,0.275249638149545,0.35670489459716054,0.40097894365959263,0.0,0.0,0.0,0.0,0.0,0.7013569364058025,0.7515955529169952,1.3330429925492886,1.782734597913262,1.4344317980082744,2.210600759993523,1.0147432040411448,0.8789927032884953,1.015695704015098,1.3117740871200523
3.465185249316616,1.6769224330710077,0.7230043514195039,1.3732202430740914,0.6389335260872323,0.0,0.0,0.0,0.0,0.0,0.7529217995698492,1.1052320935624953,1.2103867625330165,1.666276077101693,1.57686881542172,1.0702600029131164,1.3651058885500609,1.092472526125584,1.1352019295680091,1.2409579205483618
1.0973383706174666,0.6260555879314561,0.31119631717512497,0.2481726786526349,0.3752472996894003,0.0,0.0,0.0,0.0,0.0,1.3025386049296563,0.653555941062282,0.7976997415204559,1.9011497145128047,1.3038238632742738,1.297936784558397,3.2032104959341052,2.387173836085317,1.0550407917055853,1.3250586052588145
7.136395958191478,2.151315406303283,1.7548517255768517,4.077796501314414,1.0793764832399853,0.0,0.0,0.0,0.0,0.0,1.3130239268762716,1.0582569783510143,1.677508433973105,1.93139816355294,1.3445876271315054,1.220460560974283,1.812875638434735,1.197698754929609,1.0874131704441856,1.5320093808968351
5.460330036670821,2.2240249049245535,0.6180806274784701,1.6931932977117328,1.611485644123809,0.0,0.0,0.0,0.0,0.0,0.9694451295145465,0.907410326120323,1.2522890655519519,1.289119205980231,1.1379602051842266,1.262126171776913,1.1733825672124505,1.366607208220049,1.4825572707051298,1.8312728037427282
1.598534759668001,0.7506410162384143,0.2772132933434492,0.8399897993000618,0.26582943484781907,0.0,0.0,0.0,0.0,0.0,0.6624770508666196,1.1959550209194492,1.0753659464177128,0.7425611251278236,0.7192959857138584,1.2253955831134637,0.14237735827136877,1.0198986421741056,1.8501539280131136,2.8587067813085003
11.499575531960776,2.5931541961220566,2.739511778964298,8.373242721851897,2.481443319672546,0.0,0.0,0.0,0.0,0.0,0.27794477214102425,1.3635060824454226,1.3157036148371988,1.8301021930688544,1.4175909944035558,6.327764000332209,1.2569856766238354,0.6059318062476163,0.8898597871950864,1.260448842912548
5.697930215785755,1.952082444101896,0.6482093710111441,1.2350727875150966,0.4420827007009641,0.0,0.0,0.0,0.0,0.0,1.0375183037537326,0.8109433299833195,1.1042968470415422,1.6799269122662857,1.949236220726601,1.6353248473255535,2.1793910000428873,1.7763502607361408,1.2471875510986281,1.0473888461138132
0.5471058228907564,0.2892735205601011,0.15099036489776113,0.0956363581523263,0.022719480371129912,0.0,0.0,0.0,0.0,0.0,1.3321912941066916,1.3290419165548848,1.5128797367082507,1.3586643546584292,1.7079830370620257,0.8373564514827159,0.9006392310511919,1.3018135481092663,1.503443557925576,0.8519105564152635
1.0642489868901877,0.5078738617549454,0.1729368205399319,0.26694017298625483,0.17836828448503264,0.0,0.0,0.0,0.0,0.0,1.035282707860643,0.8650838819585398,0.49181272928737396,1.606711561302119,1.583011745524115,1.8428667706503805,2.2410544635918703,3.010243457513177,1.2455618845262215,1.2132222131702597
5.67870822244999,4.128853024337162,2.31043149411355,2.568730591360012,3.3472680594838082,0.0,0.0,0.0,0.0,0.0,1.2168727467107385,1.001514429123057,1.3158532291893166,1.337451251514539,1.0992494591458948,1.4127778692439308,0.7067836980337265,1.3675979912317726,1.380485350535233,1.5722881799423496
1.3768745231236827,0.6489915198267269,0.23002006861893695,0.4517975124047934,0.21387226061322978,0.0,0.0,0.0,0.0,0.0,1.2049015989612235,1.6269623877890218,1.8390799590862985,1.2777076951724906,0.9148035141796383,1.5063521872082033,1.1070352435186837,1.0581467565550706,1.2593931209217497,1.4891656851151303
0.5818813027224874,0.4325669302181841,0.24807973503079905,0.12701302291937777,0.02405548020764348,0.0,0.0,0.0,0.0,0.0,0.9798290834421434,1.0771498325384048,1.0318920762275245,0.9931570524569252,1.820266046045436,1.0193210905627053,0.7571905540145074,1.2322744835343988,1.6521401745366027,0.9223631074759769
0.49210952253541135,0.3358144498148123,0.21510423654936445,0.24303513254372744,0.1517187449663545,0.0,0.0,0.0,0.0,0.0,1.01918169551462,1.010149212951135,1.2760612875937243,1.7933750139701221,1.4347503623323619,0.39003979574815995,1.612060102505857,1.3075903661600916,0.9753981489801689,1.0476365678291173
1.0966638305770398,1.0613010240156424,0.07658881756370002,0.6130833699567125,0.5137662395108429,0.0,0.0,0.0,0.0,0.0,1.2605189950380928,1.2793330463122217,1.8036077699114947,1.9475531765684475,0.570406369224966,0.6180672936542203,1.3090748765306504,0.9935223886431963,0.9750082306498441,2.169878204235104
13.88253710357481,6.8393421202799,3.017815987179037,5.488132361634395,2.2026227773968574,0.0,0.0,0.0,0.0,0.0,0.9980793978697555,0.9539029558739546,1.235951434625513,1.462865535583892,0.9616274934849554,0.9993445057920967,1.475041436171808,1.471595934736443,1.4244315429774521,2.15819600556764
0.11468218826554936,0.10831657588783458,0.02097159976665284,0.07713438976758329,0.04155908064060666,0.0,0.0,0.0,0.0,0.0,1.6915770041061178,1.9448098499021158,1.7119601733471554,1.8479475671474934,1.5513173441199428,0.9997715182701866,0.9387958552037784,1.101748399718878,1.011739502308962,1.0046953639153016
0.40035749450291186,0.06239183479843176,0.18590036065218363,0.10967232430906675,0.03702090617727074,0.0,0.0,0.0,0.0,0.0,0.8556855551209355,1.4051744744938943,1.2519391716811317,1.0170140635034903,1.5939452848235711,2.3312091070116825,0.5254085873613552,1.0241711080051892,1.896601252016501,1.242738549027502
0.4428643638875043,0.4600874909566809,0.03994486699380656,0.22823759700271756,0.3225097390175852,0.0,0.0,0.0,0.0,0.0,1.6072042377130915,1.2140750191035086,1.6749497154296729,2.0380241655755835,1.0498551535670078,1.1060465238769623,1.471245078938447,1.1484721581959472,0.9662612919774185,1.3866683632768804
6.065410561542194,3.404056903528004,1.957256810376662,2.9674252400064005,1.786439260226599,0.0,0.0,0.0,0.0,0.0,0.9848917271776244,1.005169687882082,1.2988063614463459,1.1486048848980575,0.8975305105001813,1.4062619303323105,0.5497200985017497,1.3670295764214064,1.7793758178271628,1.695773499976869
2.7024674742998127,2.084140900067338,1.014477703185493,0.8941880149780005,1.0771722016723342,0.0,0.0,0.0,0.0,0.0,1.0149125412035194,0.9677812892998494,0.650434583503005,0.6939846172567782,0.9017411465829646,2.0186888718590414,1.6082714965275586,2.147124357961063,2.631659497784538,0.6145239359427235
0.3664720817362448,0.1581476378418159,0.12963283067679435,0.14735719598557634,0.07685079221090785,0.0,0.0,0.0,0.0,0.0,1.0932358703222174,0.828405645581754,1.3107972123449032,1.5354818232285723,1.7978166038985044,1.7782815931718345,0.8741839209552577,1.4906171603180711,1.3011287783833299,0.9206271649327744
0.2298975611041359,0.0941931626967635,0.0224009089841518,0.16710793356318968,0.10841152688599043,0.0,0.0,0.0,0.0,0.0,1.1315930893567683,1.3423009994378536,2.0053316175403157,1.392157463136268,1.5196893177860007,1.4540237571054335,0.6011100118274068,0.92218139360532,1.3677113045458427,1.1110197267433999
0.4339674047697071,0.4099828576389789,0.3691123658268608,0.4444184614623131,0.12383645296489436,0.0,0.0,0.0,0.0,0.0,1.0546632170553303,1.454260256852352,1.8634997289913164,1.695384163379865,1.3447771679626288,1.8568508836689261,0.9674189357758219,0.9616031044614991,0.9703899509732756,0.8576074194835595
3.718862018347373,3.823067432237663,3.9336266211026407,3.4779089163229777,1.9868750557777368,0.0,0.0,0.0,0.0,0.0,1.0825535222598142,0.9659225381950858,0.9032088178044152,0.9450319873524872,1.1195460669500024,1.2716779934277398,0.9167190685167248,0.13133264973789185,1.7512191823712684,1.5398925522438467
2.1396406015782623,1.5476863153266502,1.5759393369535952,1.8369292955614163,1.019698269703349,0.0,0.0,0.0,0.0,0.0,0.7749115117669597,1.158862272584245,0.9003901470469877,0.7885251547183562,1.1758815727283969,1.8404642503283035,0.6315252766944138,0.941693652295432,1.9044342988370335,0.230047620295361
0.29144580703848016,0.33049583754149836,0.3567113796989403,0.16795824944802176,0.5572356550696883,0.0,0.0,0.0,0.0,0.0,1.6644797267989553,1.6602168497847447,1.3990856706282395,1.7653607101395636,1.423887492306342,1.0398258350635465,0.924031665329426,1.1630243743702442,1.0015039900663025,1.2257578350580942
0.3134925625448813,0.4511180119295387,0.28845843384706854,0.3455849207865272,0.19389585923320812,0.0,0.0,0.0,0.0,0.0,1.624641569355535,1.2760910104836893,1.3824451833514073,1.764285248470726,1.4655284869806668,1.0951889270284771,1.0556579043222842,1.1383411833103627,0.9355648442493589,1.1287571715861855
0.7729799941281541,0.5115939392220827,0.5301842439318769,0.6440937085000247,0.5648788363007211,0.0,0.0,0.0,0.0,0.0,0.9904998628294978,1.2376061241128498,1.2221980294010517,0.7776911480416007,1.2084103502367987,1.2128746597865907,0.8439205846240289,1.1359192197449786,1.164226071629852,0.7914265610144788
0.7750707639157286,0.6167808215818104,0.5841303557901157,0.6901013541679653,0.29759185437532576,0.0,0.0,0.0,0.0,0.0,0.7651836357901428,1.2990835491472412,0.9362653944681869,0.97673491836055,1.452749054497087,1.983196078312766,0.6683819334061496,0.6817782249793811,1.726556642644995,0.8629346183457631
12.037196189059893,9.70299384744536,9.270325919702184,9.047600544899108,4.160595907991313,0.0,0.0,0.0,0.0,0.0,0.753269682440472,1.0523404883298981,0.847768737037844,0.7666536277113507,1.3129560380977043,1.4996660567490125,0.5020860121673687,0.7923159045583515,1.7943673613054216,0.536786685037956
0.9517557817307398,0.48531754944625194,0.2769127574413396,0.8458385653608541,0.31467101056706376,0.0,0.0,0.0,0.0,0.0,0.41198882575546425,1.4230393664020773,0.9650005779975732,0.8723926269476093,1.3040451017905337,4.33950756743387,0.46144822038186173,1.1938680039768663,2.0448322592185306,0.44808175368716935
1.709770980198283,0.8798777099589928,0.6343067044439732,1.811125346125538,0.6593980037425071,0.0,0.0,0.0,0.0,0.0,0.3727065601153635,1.4408407604936573,1.0936633019882758,0.9821561392501716,1.3641988271077294,4.365302812744346,0.5175111479669179,0.7760446169465929,1.8215268993566105,0.41702809680372727
0.22548618137029347,0.125178831427099,0.08753471264983487,0.11860230574659211,0.1992894352430234,0.0,0.0,0.0,0.0,0.0,1.4894081345395807,1.7410200523678256,1.4516189148475487,1.5185225687089452,1.293967385943262,1.2383195563272837,0.9640790465668893,0.993638109582558,0.8428681167187314,1.2623503035800991
0.22348959297151558,0.12813232279185321,0.13772008461220314,0.07421617344484041,0.11305125705606703,0.0,0.0,0.0,0.0,0.0,0.8731958607733258,1.0948639817747419,1.3384569403319877,1.1406560503132908,1.682952562252072,1.8761289001982417,1.721483052282121,1.5566177778366272,1.4640923706069677,0.8101153092133594
1.4269674398890264,0.9469053233674242,0.8370254495892079,1.020158532131205,0.9011115498857768,0.0,0.0,0.0,0.0,0.0,1.452321294260226,1.2289342810532167,1.0864591332079405,0.9831524258084557,1.324143529747149,1.2345290148681374,1.1142290155583479,1.312973023271864,1.8358701591214472,1.135883992890745
0.5237518612032249,0.269818567384578,0.39604370443294895,0.2848707147595123,1.9260475895987443,0.0,0.0,0.0,0.0,0.0,1.4389809435596685,1.9280631906107948,1.2803925642640055,1.7268948864162534,1.0852134101179092,0.7495061478677301,0.9415901301764527,1.1323206353718318,1.0932893347340107,1.6344190095939837
0.29536549548228125,0.13808979157626525,0.1411423044634196,0.10906656193438218,0.14034067072453058,0.0,0.0,0.0,0.0,0.0,1.127439146954595,1.0455686818275483,1.531844853528711,0.8097987533670292,1.7108338778025625,1.431885083624478,1.9660010586420482,1.2750190395937109,1.210344158087573,0.8185994001202467
2.3661751272062874,1.9100900219897148,2.1165353939209206,2.053622276148247,1.3781073413145217,0.0,0.0,0.0,0.0,0.0,0.8864540873476305,0.9159428797701324,0.7478831728598742,0.9485066608578241,1.5123609394794324,1.0088998091896852,1.5402284825715913,1.3513285975488594,0.6513567236254961,0.9082907376778724
4.463244560442744,4.097332336499012,4.283587587708689,4.88493111259285,1.2532677912107313,0.0,0.0,0.0,0.0,0.0,0.845905823118539,1.3255649127638922,0.9024161816649584,0.9913732389855171,1.4117093088553145,1.9176488697470593,0.5130094877748849,0.2957952149863766,1.8017955112843778,0.7217550516009935
0.7225672685843717,0.5412412600384713,0.4719952424215119,0.47437225236161334,0.22333333310907316,0.0,0.0,0.0,0.0,0.0,1.3864558945538252,1.3488851700355633,0.8774583622777338,0.6036641733043058,1.2276277658577248,1.0714899191064033,0.83386212099523,0.6106662390128852,2.9302352243413448,1.6017722382488209
0.9133892101188679,0.2973117890263018,0.30942955662670046,0.9577141014217707,0.45060161807266735,0.0,0.0,0.0,0.0,0.0,0.6614398536403087,1.5010610553200017,1.341175758023343,1.1923412385875505,1.3185977850083002,3.0243936596512073,0.6226085081745939,1.0134318592329654,1.5820487047369984,0.5452483124197488
0.4053390112905933,0.4723868684058205,0.6197308068403593,0.3192183321774066,0.37978696083299746,0.0,0.0,0.0,0.0,0.0,0.9199294655548754,1.277646701850118,0.28975814437273,1.0218988924208894,1.0263511731308943,1.5890751780244994,0.5810791812318188,3.4353512247337328,1.7531269640461618,0.668445227551772
0.7050947932262703,0.3752940380411526,0.20337093774573947,0.6303069355934181,0.19154044912964288,0.0,0.0,0.0,0.0,0.0,0.6098514221211687,1.2518406484760056,1.015602355883078,0.6971026047108452,1.0386941093431863,1.8084559176662045,0.19028143396693542,1.0320040333436142,2.255285410862887,0.6408995918938937
1.650369094413552,1.2683835282687002,1.0310489262609512,0.9155607528563781,0.8054136335457753,0.0,0.0,0.0,0.0,0.0,1.512218852148163,1.4293056425261466,0.9941087272188815,0.6273760083611286,0.6511666072707699,0.9535050904301875,0.9171228749939128,1.1125811061319646,0.2269834317928615,2.227974047642317
0.037030157815548435,0.029058419252521096,0.03699394594296279,0.011622378312586345,0.06138192136511204,0.0,0.0,0.0,0.0,0.0,1.4076253550399553,1.2165243548795899,1.991319239607307,1.531303450788292,1.8409183372257716,0.982839297528478,1.177947807949949,1.0523895855587606,1.32448160003811,1.1229091062663896
1.2783393544994515,0.96900120766326,0.7427148405659384,0.8855823604194688,0.3070326631762982,0.0,0.0,0.0,0.0,0.0,0.5941317985290562,0.8940160464954249,0.7744050258371529,0.4695968629129433,0.875339950963985,2.5883575482421883,0.6993241559669827,0.6777536213626232,3.6617308074271606,1.3710019285878354
1.3461713951457899,1.2246439516156342,1.7092331375260486,0.8935206994705526,1.6563712091059162,0.0,0.0,0.0,0.0,0.0,1.7855897273220005,1.3444986865061457,0.9274612663207377,1.2069663616571482,1.0849359264371354,0.9068948119632351,1.2162253362055295,1.772493559864462,0.5132411981233826,1.2740512120594942
0.2655070185724992,0.23619377949697137,0.20599202571693373,0.14707044710328035,0.13571581143908756,0.0,0.0,0.0,0.0,0.0,0.6074283740307125,1.2049420945039577,0.7178375276406818,1.3592764030382067,1.6455329566690398,3.000279137345384,0.49282220723487996,0.9226034411324342,1.182361329768606,0.9381220126414455
0.8327408066660583,0.4787669532100002,0.21367750029762927,0.2822700047715112,0.11851425997908602,0.0,0.0,0.0,0.0,0.0,1.4790124396974347,1.5154509067033406,1.01245599572924,0.6883004865011062,1.7672904237692901,1.0122763687104126,0.849838017215783,1.165866314955108,2.3528101521815556,0.9639104010364661
0.10918789283770691,0.07091495495070904,0.05282214204710336,0.035540661739770676,0.024667153046206258,0.0,0.0,0.0,0.0,0.0,1.6382922434169802,1.6065319434355365,1.8080825417001216,0.9824194780919667,1.9175245818369364,0.8926511907208359,0.9767868602241737,1.0600647779677792,1.1468242427212236,1.0771568323983765
0.6749646574287007,0.4414354862701959,0.24698864523552383,0.174028245306795,0.5592860107735412,0.0,0.0,0.0,0.0,0.0,1.1855458216891268,0.9734652107760088,1.0497034410678387,1.568689274028192,1.0969987915175508,1.7421000969334979,1.415652964920103,1.8254893707850168,1.0989403467155467,1.379161170416325
0.6236496467881743,0.42349028425335583,0.47148353797887993,0.4941850245608338,0.42742830846680924,0.0,0.0,0.0,0.0,0.0,1.0091172618337836,0.34611363860776984,1.1370533859602263,1.4692392370751968,1.3997534844076065,1.8504614123837189,1.6114740088274744,1.7527870273070882,1.2683851549742902,0.986994425125843
0.8776577886662741,0.7088025277157902,0.6551706335686378,0.7264994880056831,0.5596212745455045,0.0,0.0,0.0,0.0,0.0,1.1647205808587406,1.3519584688014137,1.1491214953051472,0.8667209022721494,1.1333620784944773,1.018692298622237,0.7293574160254865,1.1376466828986536,1.6372176095835425,0.8296772289632164
1.3846393824124472,0.6805168678595709,0.7116240068184929,1.124126850554373,0.5880771111623265,0.0,0.0,0.0,0.0,0.0,1.7104062439153025,1.7861531374537674,1.8395346103109014,1.2608386603277673,1.1105825222090462,1.1431754810366153,0.9488116726307186,1.039101232712815,0.8677174191540834,0.9816850209805517
5.981098895282655,2.9906245490542096,1.6893637964259007,4.26447650537168,2.371260480737813,0.0,0.0,0.0,0.0,0.0,1.1053723941549294,1.3431077731392929,1.2657518943493398,0.9521340848401579,1.2173225148456481,0.8796536078821516,0.6359818134316135,1.3954757551599621,2.166571874673001,1.5289050660527843
0.5410900184804153,0.7260429889609858,0.21537239024787774,1.3856040659442306,1.0420234319952868,0.0,0.0,0.0,0.0,0.0,1.561536366708366,0.8600319671312827,1.2933712248635725,1.270394814010677,1.659015252190332,1.0404776802603666,0.1531250719083255,0.5853469076286083,0.7650452226675947,0.9814101380997092
4.18515730548898,2.375581938995821,0.5579104177059396,0.9343694261121026,1.4464925812309075,0.0,0.0,0.0,0.0,0.0,1.7431839595345104,1.663069576575125,1.5548988407219695,0.7034063011048874,1.2782068143134948,0.9337101151568948,0.8969393541634959,0.7989081129903165,2.3178701263366577,1.236144817493988
0.09785239769431117,0.039689013542443516,0.032062868925072596,0.032502901572707965,0.038557572781080705,0.0,0.0,0.0,0.0,0.0,1.524640276206003,1.4813630728426748,2.099435970788753,1.916354784889113,1.4878802533822506,1.0424770947932935,1.0905207232421394,0.9656578148763885,1.0108950176382734,0.6935849195908669
0.47155747404642384,0.363092305374297,0.4164254680376064,0.21923515531482884,0.4235073976968948,0.0,0.0,0.0,0.0,0.0,1.3837326160842964,1.3579957554932376,2.0039701444457263,1.8269798505559507,1.2914219497944561,0.8541557187558686,1.2588303984284188,1.0017975060883046,0.9906930087290859,1.624019407918146
2.947991005746373,2.341034724769584,0.35775199137693836,1.1043142461165503,2.4144608387504873,0.0,0.0,0.0,0.0,0.0,1.7849215471851656,1.5921331525350306,1.533324121717702,1.054147655713799,1.1560287629811352,0.8954435330457636,0.9406504639313992,0.8273185215872524,1.5536416467954977,1.1846792447482177
8.243290266926994,3.177551392192407,1.5159433505809463,4.281809789830866,4.828535545485757,0.0,0.0,0.0,0.0,0.0,1.666839911901715,1.446101852310086,1.8527520756282456,1.7693973762656232,1.5664760881056543,1.0518692505694123,0.8609732499849888,0.9416819073674793,1.1715221438743029,1.2386903714875992
78.77630319246029,35.45087811019032,10.594013244402602,11.173872552540768,21.084345101775963,0.0,0.0,0.0,0.0,0.0,1.5571826510273628,1.7089834309459273,1.4619957656998237,0.6792826397549449,1.4809780683055533,0.9657843318093756,0.9205909351065246,1.1364367343637356,1.402018066495212,1.0594667613521294
7.476874485271078,3.618107613075881,0.5415758957247327,0.7589119804366641,2.054681874149017,0.0,0.0,0.0,0.0,0.0,1.6620263405079616,1.6504364326281338,1.7695400319404506,1.187242959257487,1.5937126238745323,1.0146876778435423,0.9926401830426543,0.8595461731483166,1.420718327766708,1.051544973490249
1.983361273154617,1.0960498005965278,0.3890234338000242,0.9411554850083863,0.4496794665715311,0.0,0.0,0.0,0.0,0.0,1.6151852045233417,1.3272553247615972,1.863148021156122,1.3748725709106628,1.5693727269972908,0.9813169568064757,0.6870640573058064,1.1142439288018486,1.325819193577455,0.9798234413205762
6.62819967327197,2.320573358529202,2.253333209621622,2.249941917087866,1.7867686695818008,0.0,0.0,0.0,0.0,0.0,1.435231875344251,1.6894400910760812,1.327665312575538,0.6478586789801366,1.5575619061673613,0.898499663892724,0.9016706253546751,1.1869917289662575,0.7997956956270982,1.0216306634667194
2.0243084249744543,0.9414281739884018,0.17393013932005374,0.19832620225776026,0.832365302218407,0.0,0.0,0.0,0.0,0.0,1.732639060443508,1.730346961387586,1.4361059662405324,1.663508798377724,1.4206938224645151,1.0423636822337872,0.9965897943211226,0.7879541894754954,1.1720332728886984,1.2245872845493206
15.815069515985957,10.924198582309604,2.580464266861372,3.1121325578417744,3.451165377503726,0.0,0.0,0.0,0.0,0.0,1.8107555560286266,1.630521933441321,1.3468094095827663,0.6075497468678043,1.5701407038053237,0.935099019228278,0.9049767513103449,0.9777638032802005,3.198075799907285,1.1311912254746452
12.826330671722777,5.080250685764127,1.2482000769331534,1.6568572639391106,3.59020605643893,0.0,0.0,0.0,0.0,0.0,1.5262600265852828,1.7329507597632876,1.7760024782897252,1.725157591959988,1.2770846221672205,1.0748556584328794,0.9676065320731461,0.863490772404976,0.904684066079171,1.0504769686582358
3.3785782808790876,0.930839781860905,1.009575033063892,1.5137528219250636,1.245969738066536,0.0,0.0,0.0,0.0,0.0,1.6567074878449368,1.3269874771307821,1.513251201636776,1.801498891359176,1.5473733933341436,1.0814636897459013,0.7342532788286384,1.333608535858732,1.1363716731729612,1.1220734259201148
35.41915405571824,18.759150527460424,8.349844202200057,7.091644699737969,8.793996566301685,0.0,0.0,0.0,0.0,0.0,1.6107211184436632,1.7047438574257696,1.393971414641868,0.5185954805955367,0.9615373086797443,0.8754218389501752,0.8619802575743875,1.1436488652514847,2.7181099014924017,1.6037456762123394
3.8349017526262985,1.7245824071962759,0.12369555043668463,0.8578831559349209,2.327133224641912,0.0,0.0,0.0,0.0,0.0,1.670028924290146,1.6250102398750559,1.700418821104193,1.3918657848929477,1.5096173494290654,0.9931803596918748,0.9899992669928872,0.8385892676369547,1.0792993693740343,0.9630719869731247
0.3148213911765478,0.1329445252353555,0.16940074485140563,0.5587508450761807,0.12622835340396746,0.0,0.0,0.0,0.0,0.0,1.4657220024075803,1.938595838458264,1.5403826564542038,1.5611603390353888,1.3337249114814593,1.1680924276000346,1.037764193740757,1.2677078875523309,1.2315688097337745,0.38442003110000716
2.3093233959126316,1.2107516831403702,0.5902496875095563,0.6026661251442968,0.3977046178622392,0.0,0.0,0.0,0.0,0.0,1.6200920452568122,1.6048319148141492,1.8753435276743873,1.4091282233968763,1.05809505750658,0.9155924556297106,0.8222373550548588,0.972377502121938,1.4830362047332883,1.2214336911341523
13.55683329256966,5.310884759207739,2.7393135683364926,4.6697010732210975,5.985092631721756,0.0,0.0,0.0,0.0,0.0,1.5391040913440714,1.5777010045507778,1.9707112538538785,2.013099723404789,1.4113138810322583,0.9958375837674046,0.8630620495061693,0.9109492220409776,1.0236658551367674,1.2944206676308965
0.9677743524567539,0.416226554363329,0.15152331167718341,0.13496789340652224,0.16237541786927376,0.0,0.0,0.0,0.0,0.0,1.4591824208392663,1.515725272996536,1.79642183917669,2.0017731767324496,1.6095531832288688,0.9679933470926566,0.8423114587735149,1.0969779907294834,1.045916441578426,1.0823934970956384
1.8706480773032126,0.7549890210947061,0.4449595973515838,0.84975590244114,0.9550076872676891,0.0,0.0,0.0,0.0,0.0,1.9809813435047579,1.783753908717787,1.4523073890477485,1.678298306866836,1.732776736479744,0.9675503730708301,0.9041711081388786,1.143381685352044,1.204223972723483,1.0546700481920361
0.5029509349999695,0.2378332135114289,0.06556518941974356,0.21857053386744285,0.12872155675447758,0.0,0.0,0.0,0.0,0.0,1.787916697383519,1.4935260422157997,1.3216066182222226,1.7141730783255202,1.8065219268280972,1.0250758597496703,1.0103791980319188,1.2868424432824968,1.1581280577908335,0.9718627530620674
3.9687124567625554,1.7205487883198287,0.1272284659659728,0.4284413134933067,1.451444165646171,0.0,0.0,0.0,0.0,0.0,1.6251989448962658,1.6639706277149064,1.7578229353916164,1.5140092380684265,1.5581924742765085,1.037447224323911,1.0005230325228596,0.8605658735692159,1.1305251037798585,1.0514611777717937
28.237805918074116,9.728512252171157,5.3660287185067705,8.101169059504459,8.431109416222286,0.0,0.0,0.0,0.0,0.0,1.320341205272871,1.6127681319553873,1.3469259412705592,0.9878114965753038,1.5141573328611446,0.8091461347591865,0.8879877716505566,1.2223047084027825,0.9047462836438037,1.0223100300778496
0.2820858159609706,0.17095839923949938,0.07652306569206142,0.0974252485667601,0.019470122628292008,0.0,0.0,0.0,0.0,0.0,1.7117672958376478,1.3223491196726318,1.3996082855677376,1.8580192439711358,1.7591944038254594,1.0683937121414917,0.9827675706187204,1.3057152700518657,1.1032915386392286,0.9432149127563245
2.5744152014707327,0.5792498135783479,1.0146331664635284,1.245425142002409,0.48201906184510845,0.0,0.0,0.0,0.0,0.0,1.557547158538003,1.5177418723201188,1.8425157344206244,1.5778591100871426,1.5605961811485822,1.0358061464409567,1.1838627245166453,0.903744155041648,1.0150742722799138,1.1839668194219952
1.3367704563393326,0.9490227230789161,0.5042115178370816,0.2639082655325418,0.2003568270934259,0.0,0.0,0.0,0.0,0.0,1.719916651862348,1.6904224503081533,1.550695018712651,1.0865402651545015,0.7483231062425545,0.8820522901467429,0.8484438705767392,0.9111302609072619,1.3657938490809536,2.476549252106896
22.735749644951397,10.073586831234396,4.700756188922579,4.606227753284825,4.295569479797903,0.0,0.0,0.0,0.0,0.0,1.4416862745605374,1.6950565321072595,1.718020351635096,1.254606140396945,1.208373509643665,0.8937656757545097,0.8691577368342899,1.042860353126241,1.1782037191661452,1.3837643576802734
5.710788639114906,3.663220961621851,1.2853493740085917,1.1024241572784714,1.6701794212037222,0.0,0.0,0.0,0.0,0.0,1.8184834979932962,1.7744411470622687,1.5169435978846242,0.48362570908851515,1.2321775246564746,0.9164462527489825,0.8889201372557323,0.9735237376107896,3.3313122419949766,1.5748309597300758
0.7532880548067987,0.43681215072903556,0.10280642861362435,0.19576713200469986,0.5454368137489786,0.0,0.0,0.0,0.0,0.0,1.9309724505384351,1.6966888692974738,1.7623576300548847,1.3914290640799083,1.6293612348040925,0.9391474566907306,0.9541147408461054,0.9692356060564495,1.3702471225408492,1.0470588007092023
1.9993806845532631,1.0821185471546806,0.9454148242355132,1.6604631409755997,0.9357932614603331,0.0,0.0,0.0,0.0,0.0,1.963495784241574,1.6728900853549729,1.613657097291954,1.3286525315539695,0.6822146364463699,1.059199380294097,0.9710166799300383,1.0874223527959113,0.8663314649320428,2.2070777373254526
4.775655053819083,0.4649367942644974,1.6968037479893212,2.5161370705710575,2.489583023725319,0.0,0.0,0.0,0.0,0.0,1.625578313166986,2.000997328863826,1.5955422245644921,2.0353212285698885,1.6054193522512412,1.1640507176212616,0.9253939485206089,1.1110046739699064,1.02215176750238,0.7852972854584438
1.3612917731817407,0.88498345718166,0.5159372401539175,0.40323699446294575,0.245340369061224,0.0,0.0,0.0,0.0,0.0,1.6899606336555633,1.6029159328773757,1.4045389987131316,1.5321644574785473,1.3650611584942964,0.9308810374761683,0.8503611478715752,1.290085138545645,0.7534431055241191,0.381835712654138
0.9621729746952796,0.3949083188219209,0.1562293850141904,0.2571687568596551,0.6665954366345015,0.0,0.0,0.0,0.0,0.0,1.454360504842175,1.6185036446285597,1.9088356670652447,1.9883177585075305,1.4213265788016909,0.9595841587210491,0.8736516208399686,0.9165562840110312,1.0539804403136506,1.2627906134748468
0.9766011219041255,0.8485685978238567,0.8019370604264366,0.7219938055487395,0.18658143173122968,0.0,0.0,0.0,0.0,0.0,1.429938601855942,1.5106737222135291,1.0132298930697283,0.7504342668504526,1.2182665787928848,1.15991858681974,0.6870928758005111,0.7605628868609794,1.8957945779144905,0.4171834974717428
0.3499696685932421,0.09076537973220247,0.8058789695302725,0.3632191771752148,0.6189112037221899,0.0,0.0,0.0,0.0,0.0,1.3744722142803654,0.28424014860988966,1.2134708289392702,1.3349287677095196,1.5558172722293517,1.2987327379626483,4.573647090379547,1.4811034427671657,1.414788080532639,0.6865334026979487
25.76850295881861,24.111854168792593,21.86056316307522,19.217570637028732,16.400564894092955,0.0,0.0,0.0,0.0,0.0,1.456210666775121,1.4405530917385478,1.4835892117678675,1.5711524536155796,1.6405412820408058,0.8107531086055932,0.8599603343675413,0.9819791657372674,1.0314901464586124,1.0447732266736098
27.9174302355432,25.403805281410175,22.310644325952982,19.104699262444523,15.677627628460902,0.0,0.0,0.0,0.0,0.0,1.5656968369179434,1.5885166563350286,1.6564770440535803,1.7223780875633847,1.7535848463028685,0.8334737074361986,0.8606689135338728,0.9263137998731267,0.974387593508856,1.0059079721966133
3.986371937788978,2.400783111991106,2.1471640123503537,0.940407911166561,1.5753913917923978,0.0,0.0,0.0,0.0,0.0,0.8544280807143761,0.8261176772538283,1.4647983069322144,2.007133000934734,1.385702851094313,1.956716882697393,0.7458308434767605,1.2582414190422637,0.9767569199055168,1.1767203343275785
0.64266305944357,0.3140466925487377,0.30086369216527253,0.16293920521735225,0.5373504185947708,0.0,0.0,0.0,0.0,0.0,0.1667648430381968,1.1873360150708034,0.9142488586147559,1.3512631508100847,1.3590580405871655,10.247865167457832,1.0990696986608919,1.5329819308840547,1.123604775084818,1.26190809712632
0.5254765260271085,0.6135444844528883,0.7847001416049543,0.40190910552865927,0.5033809503225359,0.0,0.0,0.0,0.0,0.0,1.7493886209893577,1.3908595700567459,1.065588082310751,1.2673335465198858,1.6910758853476,0.9541781807395067,1.2681132571108868,1.4627022831885743,0.19392535725307697,1.1239836677436483
0.18891216348859646,0.15032916975394015,0.3031930507286905,0.18733634186634976,0.36505491947005225,0.0,0.0,0.0,0.0,0.0,1.7461873174651805,1.8183841562489487,1.9037147663330907,1.65455324695439,1.5398818680914637,0.9393239382842481,1.0112143004240897,0.9417975801266023,0.8964587866584578,1.1158944191735307
0.581123865848679,0.13654499086597738,0.053478423974969116,0.07194405648044719,0.07723535598151303,0.0,0.0,0.0,0.0,0.0,1.002405378305701,1.060513321839554,1.8958557627978976,1.6539936163121935,0.9165336249621098,1.6164320601377,1.7417414969212215,0.9546571645805818,0.9391325787497818,2.099934073575857
3.3453793855530547,2.236154773187592,1.6103478862364846,1.185006698039166,0.9757617089450672,0.0,0.0,0.0,0.0,0.0,1.1688911949077212,0.5441753127178269,1.24294282004465,2.0413817241128376,1.7779859643469398,1.5615510981226244,1.88184929321516,1.5389913244509716,0.9564156865553851,0.9856757537178512
0.2591365665100537,0.13728719370575743,0.18354090806914225,0.1449117714337675,1.591783999896729,0.0,0.0,0.0,0.0,0.0,1.3382876588291022,1.6578628425507327,2.070084534396113,1.0962202800138103,0.5876136841253823,0.9612655326931479,1.086988398051333,0.9564567494431838,1.8915986806217924,2.829491969378771
0.4691626313228414,0.31639821324167716,0.3383388866203302,0.16996433440758565,0.1387140652567335,0.0,0.0,0.0,0.0,0.0,1.7989541580503785,1.7277456572967578,1.35759412873817,1.340273952059826,1.9439112577966606,0.9184989377741551,1.0064661522151854,1.2371653779748308,0.5155965115865615,1.0724767139863058
0.5901036529665247,0.45713132391934036,0.5888553910956161,1.0556707748035323,3.7221834850009095,0.0,0.0,0.0,0.0,0.0,1.7912814566806403,1.3804542124009205,1.1111517093944754,0.6001072977629873,0.19878750889746136,1.0748179844104215,0.8212929684624456,1.0907268064336657,3.4068707219597143,6.968869074893885
1.7553634808105625,1.217085832004741,0.8681788237240751,1.4920950040651937,1.3776118882981616,0.0,0.0,0.0,0.0,0.0,1.6422515506294166,1.7587447032876322,1.5140456552588666,1.2562117106735973,1.9608059774255837,0.9799655617391391,0.9492685748002949,0.9111586579474744,1.6114907395608924,1.0715494616015342
0.1384162449858996,0.07315613465010497,0.12821735381706553,0.03872233579054695,0.04252515384897262,0.0,0.0,0.0,0.0,0.0,1.6244406957916586,1.5097133516919399,1.2675778485597005,1.9953595306018634,0.5021329762147276,0.9081910770192415,0.9055611278907871,1.6102011607175184,1.0272094545931731,3.4479696473768326
0.39560930524094073,0.22943308257068828,0.23470361186148722,0.20543083030950599,0.2215783416478244,0.0,0.0,0.0,0.0,0.0,0.7850464047130887,1.492366271049422,1.2128881528090152,0.7888805750303762,1.6909163277876755,2.130020279672422,0.8920922931867726,1.18005145329174,2.01834574554136,1.0960309995211488
1.9345909252460864,1.0510431682901227,0.4026301313600727,1.4543303566593109,1.3319793525266364,0.0,0.0,0.0,0.0,0.0,1.1064209256701345,1.4635353502684585,1.7852528009084856,2.0845956846188143,1.888222346200848,0.9766703974365437,1.2821008046522653,0.9316075763948124,0.9855752980211137,1.1116368582021863
1.284310172539363,0.7966285620854722,0.6963598890412783,0.920204428870603,0.4376046280795234,0.0,0.0,0.0,0.0,0.0,1.0031148767061298,1.4697822503513616,1.140282490774983,1.2447192806018745,1.6623286567652906,1.021688620895215,1.0839113429784055,1.4693326601573427,1.353699354548327,1.0968437315332031
0.18930281724725911,0.12505992633912916,0.04023738412143648,0.0296920768536161,0.05850381482602075,0.0,0.0,0.0,0.0,0.0,1.3573893408090103,1.226190125075768,1.692815511802321,1.1809573452519648,1.2594082878675137,0.6083765526321194,1.1364321023334976,1.0140203398181105,1.6615292854771317,0.5840346528052536
0.08868883881374783,0.03272910233113197,0.012446179845256092,0.014624375049384783,0.08968954990062956,0.0,0.0,0.0,0.0,0.0,1.5471976596168628,1.7251679611785664,1.4657981370312954,1.7190182865159354,0.7078306005923563,1.1033661241126516,0.9606372802971093,1.1577050363634098,1.0716865676488785,1.496886997201156
2.595396427614391,0.944483747584551,0.6091845428874003,1.174424921639697,0.49728409681247304,0.0,0.0,0.0,0.0,0.0,0.2594669968026128,1.157950679720709,1.0528401596772303,0.961637210645046,1.4384325762159156,1.204692355089458,0.49522373206168585,1.1740725303658055,1.714800155197615,0.762987911956633
0.7028145172090118,0.576231991540529,0.6163010060291689,0.8263069647071577,1.4862631148919703,0.0,0.0,0.0,0.0,0.0,1.433876554639009,1.7868600631527682,1.8836585781166135,1.5697251776237569,0.4301813033654704,0.8707070492140894,0.9672188724708428,1.0573265315781335,0.9888992900633883,3.0640693022066836
0.011992674490745406,0.0189561070332687,0.0060978166968038245,0.0034764677362928735,0.011894422022722962,0.0,0.0,0.0,0.0,0.0,1.6739611654030906,1.049834866188514,1.7453402513551886,1.8821286692044106,1.7340459467178997,0.8846150630126157,1.8538303716567242,0.8682855183831394,1.0381793580489997,1.0166113159820283
0.10966689654681602,0.10073175461282897,0.02733215018709841,0.10181131410198196,0.1489412674589067,0.0,0.0,0.0,0.0,0.0,1.7086069034603057,1.5621782207448058,0.14420078589667013,1.2735133607771745,1.6384305409686764,1.0068958050353543,0.8663073798830634,14.139271854128701,1.4003357389494713,1.1167569876148205
0.766227644756787,0.25735572025148523,0.17353365596268477,0.1864364320836562,0.15321645800836992,0.0,0.0,0.0,0.0,0.0,0.5620973098621693,0.9189526974613665,1.4831853718515122,1.439405919205597,1.8147992599836076,1.6761231159651633,0.8830418314795845,1.0218480479398337,1.1238102933147316,0.9798927338571358
2.8781716210695265,1.6908826281347404,1.288701650995526,0.9953252292725706,1.144111467237558,0.0,0.0,0.0,0.0,0.0,0.7021526518778043,0.8727039391386581,1.165986799122795,1.6718663303765489,1.4705018086730095,0.7185589196382716,1.538794836932688,1.2606710360252182,0.9185967565138224,0.9253908230280261
5.916100340281899,4.44843029441293,3.7305460492389186,2.6019687623206154,1.136368629000372,0.0,0.0,0.0,0.0,0.0,0.8277439525271209,1.0529947147746426,0.9310213302712517,0.9430825753584646,1.396219832986611,1.2156204195188338,0.686560968991894,1.268060300288171,1.5205371350551782,0.8577999939008697
0.05950488884560714,0.049018659431430855,0.04637712074816959,0.09525543979756126,0.13323022495825984,0.0,0.0,0.0,0.0,0.0,1.9203062687521162,1.4862333846110996,1.1260941952287324,1.421417838261454,1.082835460376694,0.9569801130781705,1.1481516573989132,1.057728946296893,1.3064169735905506,1.5343146629547377
1.0546660261720753,1.6731202858408953,0.29725775737202004,1.3061547327195504,0.7540143373195791,0.0,0.0,0.0,0.0,0.0,1.509555898081721,1.4786050545579341,0.9295104217349508,1.5215624963002279,1.1297189934322722,0.9953209335345706,0.9337891779061965,0.4053092519639616,1.186497474327777,0.8660002878383576
0.5616475841652301,0.9359890721033886,0.45880689963279464,1.1225584223200171,1.3118826251322075,0.0,0.0,0.0,0.0,0.0,1.2442244808099834,1.7567636429199955,1.013076428390115,1.8867364759256342,1.4679365308747914,1.3027314294638774,0.9482396098889967,1.7533336286169412,0.9952875612459631,1.1980142834932241
0.0,0.0,0.0,0.0,0.0,0.0,0.0,0.0,0.0,0.0,0.0,0.0,0.0,0.0,0.0,0.0,0.0,0.0,0.0,0.0
2.766108029715878,3.4611899343684143,1.0864326515055904,4.761996791558849,0.4384063857800607,0.0,0.0,0.0,0.0,0.0,1.6144701298049917,1.6957007947939322,1.894427411163748,1.704956950988829,1.694100437137483,1.099546153804252,1.080124042764626,0.9456730454644119,1.0043586660917654,0.8396277343574183
5.420079817032162,7.632680283785755,9.437741306009165,3.812595688065378,3.5115586232696723,0.0,0.0,0.0,0.0,0.0,0.5672383580843795,0.6688013107310997,0.9961839289626689,1.1339959444022627,1.7634717913325055,3.4393294971238086,1.3633256043628752,0.7860526376435382,0.867235490356581,0.9282618296653113
5.935605683247342,3.9812533057998727,2.2891770789789523,1.1609253216426065,1.895749111023207,0.0,0.0,0.0,0.0,0.0,1.0700478208965,0.8948422770597727,1.3383936333477002,0.9117934035679507,0.6868946003144979,1.4190532175156232,0.8639638564568932,1.2789466544244712,1.8664890115915738,2.7804783772527193
0.0569464145616678,0.5009570631439184,0.13008767489456363,0.21679229161867225,0.8078447584475287,0.0,0.0,0.0,0.0,0.0,1.2496691723136062,0.5749758004634614,1.6765673234084808,2.004621857235695,1.7308602053288469,0.7195464818137384,3.3852406224650102,0.9579044340221999,1.0430818398098398,1.2080692465954013
2.242249360840531,0.8150132332997073,1.608548659551073,1.2111733075001905,1.3106778729711948,0.0,0.0,0.0,0.0,0.0,1.1152286727481713,1.3156742668446249,1.710243158112703,0.9779916895182964,1.7620934248773952,1.7193645979578345,1.3457913347012465,1.1533319206415464,0.25463736605278775,1.016697934088251
0.6546873831847203,0.6969134267620875,0.15406201895989186,0.1943314741499071,0.3710264066129759,0.0,0.0,0.0,0.0,0.0,1.2736599676766236,0.7722678788434185,1.4198504886263659,1.4665651069065813,1.1813241296076153,1.245264457655194,2.120246694702049,1.4321913926281808,1.1719409761233999,1.3880177963558342
0.8434880237255076,0.07008433001678012,0.3826844102179576,0.8181113969144626,0.2733486218901839,0.0,0.0,0.0,0.0,0.0,1.4298405833832812,1.2246588149902553,1.7616932833377252,1.4730583635374013,0.6201215317142018,1.1712669715283173,1.3726416922866276,1.1657183338978412,1.2392544559343843,2.188454090725692
9.830555499382877,14.879909999454071,8.128880322979823,4.9891545192412385,2.4323140984115845,0.0,0.0,0.0,0.0,0.0,1.1408047421229441,0.7917823084998009,1.3478595528048585,1.7474074572684952,1.7430128187120668,1.3883366601589664,1.361123964012079,1.084331711934834,0.9231051712071077,0.9398893767118273
0.8782632179106706,1.4846102831822765,0.3650888292676937,0.5554016047858703,0.8231320390449774,0.0,0.0,0.0,0.0,0.0,1.443438094230956,0.6782630644682095,1.278608916357224,1.3760488704679064,0.8965117341294587,0.7721592698039771,2.247601615108429,1.4687202307889662,0.749555607133801,1.7935758549885763
1.1358988497100024,0.8099242052476259,1.1202714813279762,0.9308213730823123,1.239123793161623,0.0,0.0,0.0,0.0,0.0,1.438812742644903,1.9240974118677245,1.5038700613037035,2.0514712412324947,1.7118643320706333,1.2698281822508322,1.0571489302377008,1.0576421998539236,0.9267405804457913,1.1109766694713357
0.032351507279177384,0.03551063593327916,0.07121019846556417,0.10980448752841761,0.23766028602546566,0.0,0.0,0.0,0.0,0.0,0.9652450500724498,1.4200177171072226,1.025010050298138,1.6538007304624454,1.811390644964049,1.7593967013564784,1.4276215900151696,1.5898682385260574,0.8476415127484735,1.08399196745168
0.4571607262246375,1.2668341697705916,0.7097204310230116,1.5032475213763248,0.8574311061120579,0.0,0.0,0.0,0.0,0.0,1.1375199214640332,0.18812830131096842,0.8816002153122636,1.3101858874416612,1.6160622474812243,1.656022718296901,2.1189932763049697,1.4993610141237637,0.7311271008632072,0.9681357268144706
1.3171722668107428,1.408863076768635,0.4846732576863445,0.7075160847483619,0.9549532698714414,0.0,0.0,0.0,0.0,0.0,1.6686570167980097,1.1184185420608745,1.3316139748293803,2.045026956111552,1.2513912231300264,0.9217500368851235,1.5829644523170245,1.007069284538339,0.9336691473224362,1.1351499623745678
0.955213718381404,1.0104914644709984,0.8932874268171439,0.8032040854176208,0.6615178858377051,0.0,0.0,0.0,0.0,0.0,0.9252524864087609,1.4631543577250523,1.4945950968569346,1.8189053199179352,1.7929288358959248,1.0008624028865412,0.9983842314832043,1.078732318547786,1.0247144016239407,1.1134035625220582
0.31879107711712507,0.2577661456760728,0.3169333438129283,0.13927776618019935,0.28877558688157895,0.0,0.0,0.0,0.0,0.0,1.5014919676046865,0.9716132112604148,0.38764695842978814,1.7092515642066008,1.873534075586644,1.191065119541604,1.9010411762248711,4.643655970658101,1.058675461102983,1.06886739966796
0.4686436616743489,0.12620086945681266,0.1742670998029302,0.2922667970560711,0.48845926700258335,0.0,0.0,0.0,0.0,0.0,1.963561941809172,1.4136095031560683,1.9463641306625117,1.3935908655781448,1.6205246363871602,1.0416990521475045,0.8569701940491667,0.9353678703529805,1.2070981219234644,1.0996096572919813
1.3383802498457231,1.7897970306026576,0.4322997472423292,1.4136031860807594,0.5599136183105551,0.0,0.0,0.0,0.0,0.0,1.742004168066905,1.0978333553734707,1.6980564775972078,1.1811413870684486,1.3292742727660227,0.9119964207311445,1.330903003953431,1.0523350952430743,1.0558347326789221,1.4200730931692807
3.7582516607662937,3.3292591054469804,2.5769030836720006,1.9178742808355953,1.036668732697855,0.0,0.0,0.0,0.0,0.0,0.6793714228436483,0.5327670211231132,0.6804626860379421,1.0286140052467305,1.3688615250140728,1.6348489019949815,3.459539086301248,2.4600334774179347,0.3177684901904574,0.5335601257421233
0.9863791638338485,2.824504660126393,1.4700334313535603,0.8152130218386693,0.7853076474624693,0.0,0.0,0.0,0.0,0.0,0.9198911193204187,0.4707919599947883,1.1340073487267583,1.310016095582131,1.3302705198898623,1.009405948229277,4.379641090028095,1.504919149824171,0.30344839218902014,1.524257037504024
1.0305708957434772,0.6041985121291387,0.25627617924192936,0.593038997669869,0.3763014478339094,0.0,0.0,0.0,0.0,0.0,1.5511509620784607,0.7714432790578263,2.0831634413309423,2.0571871309083187,1.8008865416971498,1.21202791071269,2.2161831684394278,0.9967718184263121,0.9879224537930908,0.9444415974025958
1.3812963754176306,2.017180658195602,0.5687559209577294,1.6929426043155196,0.5421902457726615,0.0,0.0,0.0,0.0,0.0,1.6048628573882584,1.3620491340596628,1.6499212640570033,1.5848275840310613,1.4858074940067583,0.8552047147681255,1.1029543531913055,0.8983733500967187,0.9411604310376389,1.1612893454846611
1.5694502391211693,1.9338667037369934,1.250683397435867,0.5097692084437359,0.31176191652121715,0.0,0.0,0.0,0.0,0.0,1.7227964304277432,1.3015838813671057,1.0154669675818349,1.463083073638121,1.9062142196003988,1.1405282411355768,1.5175759351537885,1.8752812129212342,0.752875827180327,0.951503994417191
0.48565585259370875,0.6553965763814521,0.33169580741187815,0.27626560178133414,1.0616788870340432,0.0,0.0,0.0,0.0,0.0,1.819712102936767,1.1750705802416463,1.3108106584446606,1.8674514954371304,1.4115800382970063,0.922700152698905,0.49265832147891675,1.2418552418699853,1.0890660434763288,1.420044148449464
1.2969244484816436,1.97727024642688,0.8410920622401516,0.5883203051217258,0.6579042661025755,0.0,0.0,0.0,0.0,0.0,1.1697128470429456,0.30606969236056836,1.6441563110623356,1.812296085196972,1.6192471954385446,1.3641618972934877,3.9445078523442167,1.0297055659809988,0.9009033475796661,1.009239825540903
0.7008838599666938,1.2519506357232315,0.4508535802840477,0.7893892239273402,0.28753539538272055,0.0,0.0,0.0,0.0,0.0,1.7113337351860687,0.7047863281603237,1.6102541477875079,1.21439328093339,1.1786495771127177,0.9179021564064541,1.6260239018236657,1.1802094829600347,0.9816518661343675,0.7883337515759616
0.19282979904941394,0.4148786508232427,0.08834604877996666,0.6510611002868517,0.20866808028954748,0.0,0.0,0.0,0.0,0.0,1.1411786307018634,1.0508652887755723,1.1993423976675606,1.301309305839661,1.9796920885944354,1.7254254498517247,0.42803709228825587,1.3362322642820466,1.0076017381406228,1.064215987856732
1.9465680550251818,1.7295123006059474,1.2850945525330535,0.8854914871180156,0.48965048995586136,0.0,0.0,0.0,0.0,0.0,0.772254818224631,0.8255153778378874,1.3015338194876434,1.5486565757738056,1.7065193215714813,1.3995556081431397,0.8635688984680726,1.002916962740505,1.059370841252934,0.9370958167932548
0.8666854487702865,0.8345694496348202,0.9690990753166,1.101307591898037,0.5441946613068106,0.0,0.0,0.0,0.0,0.0,1.545555761346004,0.7721701383646056,0.7299094836343807,1.7751249904828137,1.4336774656807458,1.1701566682182252,2.4138107950353813,2.8217725895768595,0.9898854149327988,1.3357440340525097
0.7690511969871767,6.804630986122914,3.0438665097850772,5.74472427829232,4.902774942329725,0.0,0.0,0.0,0.0,0.0,1.238210015791348,0.47978348967841233,1.4128668143077419,1.4013404132187415,1.6243207197107878,0.990250321690044,3.0919063918707783,0.5280070171917267,0.648115747504626,1.0017388040644928
0.41267079643840165,0.08137681531917175,0.18465934829568237,0.28604558971920957,0.25563970819990317,0.0,0.0,0.0,0.0,0.0,2.011647851111284,1.9398969399925057,1.6280337081583742,1.8551284152429273,1.5414830684304364,1.0474845150687877,1.0033011868966222,1.1468810463217824,1.1057437739655869,1.2478444951328875
1.0042852049698099,0.5406310809790886,0.3313479527547499,1.0462793203249592,0.6992022033161771,0.0,0.0,0.0,0.0,0.0,1.4467582004637978,1.559425013901234,1.2658629215710835,1.3984225096289793,1.956498040130168,1.2312384804343297,1.0956647941598576,0.5727190447205424,1.3855931644196164,1.0707228599553376
0.4228146087312342,0.1988575994824258,0.21593106092101416,0.2977806852930214,0.12176482245498714,0.0,0.0,0.0,0.0,0.0,1.1774415973240635,1.4834241495192593,1.4774970967505654,0.4664037501355397,1.6745856308229852,1.5194716626541722,0.789296187708159,1.2207487011926825,1.605427079651028,0.9206706867433356
21.808704317822663,10.812271020788312,2.5090187751045008,9.8352514997631,18.455083287330762,0.0,0.0,0.0,0.0,0.0,1.5818289903956215,1.7374429878451647,1.8017585131643383,1.5920981747524454,1.3871049504000834,1.111979485660158,0.932549302614228,0.9214118362112949,0.9801713358932942,1.1264984549651529
9.572076720857154,9.377934136669182,4.111918950336759,6.279169383927541,7.260052428993179,0.0,0.0,0.0,0.0,0.0,1.7249539444821658,1.5107754949121652,1.5202659917467376,1.5831286965865659,0.9963101695516987,0.824023978323597,1.081682107405984,1.077605024718663,0.7604404373056858,1.5515588412263241
4.138804377362008,3.3356865606258155,2.3271974857276816,1.475619194040151,5.790913755932915,0.0,0.0,0.0,0.0,0.0,1.365268951410252,1.5570616165711355,1.6356772857897859,1.7898596251657686,1.002628339979728,0.5056542824318904,1.0005218783510852,0.9619139539651366,0.9322453565502865,1.5432930504804343
7.670844126976435,7.742132322188203,3.535270235704909,5.253426133670892,5.205843478311084,0.0,0.0,0.0,0.0,0.0,1.6571065673067291,1.5002144561467599,1.4701393614312936,1.5307210912007203,0.6941902238582564,0.7999701276508064,1.1132187941853358,1.1298222590876756,0.6837008639710308,2.5777770265337168
12.335715611381314,5.556497458198334,1.1469810845518469,4.622470519424698,8.914593935338896,0.0,0.0,0.0,0.0,0.0,1.4528680870947683,1.7675339755347252,1.514373491498039,1.504501197113812,1.6796245798695553,1.1520125185310741,0.966492212912864,1.079579170028972,1.0828546446021927,0.9779549593690962
4.9575172779653105,4.495290667137683,1.1453354229402697,3.0462524009369742,3.495201480808434,0.0,0.0,0.0,0.0,0.0,1.5779282352422228,1.5988001838468102,1.7332892363217098,1.6038743191676137,1.1039144878968254,0.8351117334698662,1.0219348739233312,0.9839233627964854,0.860302777963434,1.6077573316812361
0.7686946095410339,0.7443233143638868,0.5879512266049162,1.08085276211327,1.3285414338400288,0.0,0.0,0.0,0.0,0.0,1.8870167701365184,1.8025279681536757,1.2972298655140553,1.7294710829337363,0.9007131964885502,0.9477935321479046,0.9519688887208433,1.0988465648142502,1.1034799235194064,1.4012120941087338
10.154716576422164,7.314524047098795,2.5148362114315286,9.354324601335687,6.10168031541364,0.0,0.0,0.0,0.0,0.0,1.0951228624643323,1.6186234594133615,1.4532469922063087,1.4585499276740426,1.4350270719475617,1.3043030437571346,0.8803622292664355,0.8473142850127536,1.1188220638249093,1.1097607237617613
10.497248674263691,8.76988393281775,2.822713810451854,4.536481063814892,6.0137675457470365,0.0,0.0,0.0,0.0,0.0,1.6034669152226586,1.5588757915594422,1.579846724413808,1.689615974119585,0.9830673889260809,0.769121549761473,1.0655338992484196,1.1111207999045736,0.8362082990533046,1.8061811930399634
3.306328487361545,2.8442507336889724,1.4028207329752649,1.125893477720157,3.687278152772329,0.0,0.0,0.0,0.0,0.0,1.7602114488484086,1.4903638475462389,1.6228044839279732,1.3309308878587527,0.8719103415187254,0.8519392012460614,1.1254003236027021,0.983643405554269,0.3896570717509287,1.8101510330142678
2.2987147557166914,2.6105339807971006,1.4638310444870972,2.244905766578312,2.04899665122658,0.0,0.0,0.0,0.0,0.0,1.7200478668811976,1.4169082909360498,1.4294081085312385,1.4139800979249852,0.6813927292719751,0.8696509213595794,1.1597144750325983,1.0558808472044074,0.4711956457920756,0.9600228326464906
2.6945229096684473,1.7970056779068853,3.0882382601116163,2.2236454626152424,2.618614135543734,0.0,0.0,0.0,0.0,0.0,1.483480354404302,1.3253780105613262,1.522486558687624,1.204897010705391,1.5735133474106475,1.2240480581557562,1.1202240220034516,1.1400718688484375,0.28298350641817915,0.954792078368061
8.457828252030975,1.8113559450072045,0.22903124249702592,2.0693254285537335,5.328146338024796,0.0,0.0,0.0,0.0,0.0,1.4624455297793868,1.9097769063258216,1.597970206295064,1.7480634854286825,1.7673323484756978,1.1915377151333657,0.9781509878887373,1.1006989190660184,1.0301404828154486,0.9732355697291918
1.282850704741535,0.47628978824092877,1.0797946372545448,1.0684393821332612,2.047824880776118,0.0,0.0,0.0,0.0,0.0,1.427645918183989,1.7238880783540462,1.8101786291209423,1.5186521884205526,1.5692674234925081,1.1251318439966311,1.019016392765103,0.9508354106957595,0.7238908301627606,0.8777282286697723
2.1226359015963974,2.159501986374713,1.1682570666127974,1.5459076410177566,1.9479541834954983,0.0,0.0,0.0,0.0,0.0,1.8591396927944506,1.4903469693212725,1.622037738606464,1.371665752679441,0.5826556035590943,0.9005475433568401,1.1133473551480524,0.9609926005598387,0.2705358205436586,1.479437834648689
2.926155844542971,0.685664355596656,1.4382720666994149,2.3266980062366653,3.723523205528361,0.0,0.0,0.0,0.0,0.0,0.9293041000817001,1.0776895601073142,1.6191743059623245,1.5330697999771732,1.7071018961959163,1.7192683719970436,1.8147993007472567,1.0065221160226023,0.8775865736102216,0.9141566141690419
1.875018592013344,0.77288712056849,0.46679465785016844,0.04642775239448961,0.9066167654746593,0.0,0.0,0.0,0.0,0.0,1.5070073874452923,1.7794458944199385,1.8024301822480078,1.681369647839654,1.403580921050891,0.8433584086024294,1.007045761643915,1.1559014015978752,1.0352719306942806,1.4067616072252607
0.3783948476418445,0.1991013387931308,0.34609988799291547,0.19466964203054876,0.26794408217255844,0.0,0.0,0.0,0.0,0.0,1.5284316533575193,1.83734489585787,2.103835143491224,1.63166744207721,1.2276129316029074,0.9011120450037545,0.9509904127612163,0.9764449569309406,1.2012859736814494,1.570076934703487
2.824736858907793,0.6124263847442977,0.7670999953629851,1.0976595234419086,2.238580417220867,0.0,0.0,0.0,0.0,0.0,1.305110592263628,1.4105125480965248,1.795651778532654,1.5904481567893043,1.7410275633589756,1.2620340699268333,1.396258462958829,0.9825239902736664,0.7458823711534381,0.8390295939636639
1.8749580236731958,1.906820687396322,1.8880495304243259,1.9750822473809333,2.237192788508555,0.0,0.0,0.0,0.0,0.0,1.784761163974634,1.6389598598838258,1.778497599667431,1.6589360778046347,1.4672972666512798,0.9524883244557678,1.0242922905766687,0.9690913538335753,0.7820808568579146,1.2746500736632371
2.6710004040234105,0.5735100355715875,1.0493159975793636,0.5195771680487761,2.545651092956456,0.0,0.0,0.0,0.0,0.0,1.4576133346901652,2.0943983714403416,1.9473430595272392,1.7268253663313755,1.9754753363350963,1.1029516463365832,0.962369476379719,0.9783281184932117,0.9562145393344164,0.9129649268724314
5.245678472554365,2.917754732641554,0.5880108846432491,2.577150161159491,3.8985360364565707,0.0,0.0,0.0,0.0,0.0,1.4321188849521018,1.7102211660865165,1.547893010963208,1.618861619294424,1.481882427312116,1.0599803238988452,0.936616226752511,0.9043894862468537,1.0163213776921274,1.0485606582542752
6.403830990452977,6.020172047542912,3.0989544069306367,3.9549151070768658,6.362751965180292,0.0,0.0,0.0,0.0,0.0,1.835010775863039,1.6747138900257545,1.7518196828904335,1.4212879033489079,1.0272272654712076,0.9282038902106698,0.9559437176016741,0.9307047024440734,0.7137234847357015,1.5534903345722832
1.7370155893983328,1.3106805902864918,0.3362520527689952,0.7910239630394225,1.1904645986967055,0.0,0.0,0.0,0.0,0.0,1.5330454873270354,1.6511244497718263,1.7908622370661786,1.8034195928440744,1.0209278787243674,0.8177005809224337,1.0030190322843364,1.0372322900782345,0.9069423419652897,1.6849914152044496
1.6056605867667948,0.8403734281401428,0.7260440293227918,1.0902381719860121,1.8773801744925198,0.0,0.0,0.0,0.0,0.0,1.3046890596845657,1.6812142241171695,1.3532393799356617,1.6649006568377798,1.690474842197472,0.9417404442627608,0.940964022815712,0.744024240794426,1.0038471769447121,0.9693658694063726
0.8421977836491882,0.8115681408131173,0.4117725049200941,0.21083520527478475,0.34679931940595754,0.0,0.0,0.0,0.0,0.0,1.573225331627506,1.2616252577282852,1.3103274328519807,1.3081992415049781,0.17118693482451772,0.7858754921355783,1.2154809343158035,1.00740743702064,0.7476690129964819,9.663958237860713
0.6316686402000555,0.6732603887475807,0.5126123721139466,0.6196759423682217,0.5640196360697763,0.0,0.0,0.0,0.0,0.0,1.5628311785655296,1.564667667525345,1.5714079247742538,1.8364095815538326,1.5950061097765251,0.8803235744681563,1.0435540400317382,0.9953536086163204,0.9319137776952588,1.2858508796151646
3.693227114672177,1.261968203191628,2.7848866021617584,3.3053926866314023,3.437167494102084,0.0,0.0,0.0,0.0,0.0,1.6191468774399875,1.5334979270822235,1.625085094271702,1.2486664268095249,1.1185338962761853,1.2589968572893087,1.0128977524942626,1.031148082414921,1.0041387793036816,0.2031503673602365
5.247100841193021,4.973545926932868,6.127860181574908,5.816975127840325,10.2951761622807,0.0,0.0,0.0,0.0,0.0,1.9110463094220898,1.6828758238486954,1.713217934927052,1.6140666508215016,1.563471225517413,1.0617939158082728,0.9242385992639037,1.1579323176660996,1.0014418555871045,1.0222467325437536
0.04938905680346737,0.01540123841458101,0.07791701641750678,0.012979627119153866,0.1095641440962607,0.0,0.0,0.0,0.0,0.0,1.7553275369719967,1.7948888799315836,1.790107862009768,1.3043897686014474,1.435191101021836,1.1376683383929267,1.143286340175195,1.1306034188387997,1.1494122768085882,1.2015634936886375
5.7188383318873806,1.6461754233542094,1.8941527240617895,3.889987388525726,4.806564750385802,0.0,0.0,0.0,0.0,0.0,0.9660764089043503,1.4223154113588958,1.6587911767581107,1.7017499608173345,1.8197272924831396,1.480601715479921,1.3599297538894892,0.9699116214843986,1.058350890511186,0.9370291177109992
0.3145884474846462,0.3033698069745454,0.03826463612188251,0.32386349819701066,0.38607343212305695,0.0,0.0,0.0,0.0,0.0,1.8212364590566166,1.7612614139541176,1.561143428114011,2.105626311661709,1.7800449410498251,0.9647617662259921,0.9596532860198357,1.2815521756939525,0.9478083869229906,0.9366915672375566
19.912805531400842,13.83012993769905,11.70890338906217,12.472021565620564,8.041933509218898,0.0,0.0,0.0,0.0,0.0,1.4208080028929897,1.6460934226773325,1.8576284516010526,1.567840238169611,1.3160962965422782,1.2326442798990136,0.9160354132573901,1.1116022089246218,1.0052991270667364,0.9175760078815596
5.802440959440675,5.214160631091639,3.964067213220919,5.6107493611827355,3.5306811214953604,0.0,0.0,0.0,0.0,0.0,1.6525048940947453,1.7655066938142925,1.968676178224225,1.4622644369953846,1.1063021696392843,1.1140686053755353,0.8523884558325147,1.0670293561553996,0.9216562363452723,1.6145504835677538
2.0727360589827626,1.3707705621249018,1.2108920551333757,0.6956212716383563,0.8551054012579412,0.0,0.0,0.0,0.0,0.0,1.728300829272566,1.666109192705945,1.6858194804007824,1.44441358220529,1.525698491172068,1.0885603442607767,0.8297621767549622,0.9668271044332503,1.2637981431862169,0.8551475076835137
6.230615469057346,3.7490384951165936,3.7964131529013825,2.1645390531688746,2.3279086808871083,0.0,0.0,0.0,0.0,0.0,1.2870630259280644,1.7660137053017673,1.880751786912552,1.4242109576645319,1.5395133335599167,0.6819234978335602,0.8937468557938998,0.9919666924218449,1.4704179225147895,0.90615512749293
2.8173125741772216,0.9960058201870192,3.4253324825332436,1.3052786392580316,5.370149516320998,0.0,0.0,0.0,0.0,0.0,1.842358979447471,1.9828410192547183,1.7986045408466498,1.4503528088854378,1.6870955214944883,1.12237075212131,0.9784464456528271,1.1117586063586231,0.865354708339697,1.202197479644359
1.7938815263810333,0.4791697491137735,1.1128110018967994,0.9030755237458763,0.8252936078920257,0.0,0.0,0.0,0.0,0.0,1.1469132538645106,1.7694126757008275,1.8895712430455565,1.3494129873520833,1.2758892588039161,1.3345783737642476,0.8531526677171898,1.0584333903485008,1.252720107741943,0.9596132693364953
0.2886703292227518,0.20868030399652437,0.2869906500424952,0.12600354779591394,0.20241368828182185,0.0,0.0,0.0,0.0,0.0,1.207779247521635,1.78626954421594,1.758049785890014,1.2916017023296802,1.6200790397684568,0.08401765274156496,0.9475748145931117,1.1209179180576876,1.547786479214487,1.1340067674234615
2.452493837219702,0.2637625299948709,0.8252903919055461,1.2016243788776806,3.1546021035198315,0.0,0.0,0.0,0.0,0.0,0.869671140559918,1.099509253318483,1.7618572926995613,1.613344454135071,1.4453449666290483,1.9135250632340128,0.958630732861908,0.9213337732380052,1.0162522781603394,0.5968924293061978
2.3118327396504537,0.48195468079408954,2.633607583986618,1.5256746982528597,1.5934255576921181,0.0,0.0,0.0,0.0,0.0,1.5093448701055907,1.956474830455784,1.8022145686389728,1.5553563950227385,1.183007151485295,1.2613503800959784,0.9306714655122602,1.1146913484563126,1.028527679278063,1.1965251953924334
5.977592539504829,3.366411560382116,5.200970318587651,3.6155766343893574,1.790827067439557,0.0,0.0,0.0,0.0,0.0,1.8518697117024476,1.7556189270081848,1.8714647384867078,1.5655898571638303,1.5711070651850185,1.0603025520686649,0.9303432626135268,1.1123182044334816,0.8673627353124783,1.2289690861146656
0.9789723263791789,0.878405814574006,0.8259421552411785,0.3605973976962399,0.6276441820793808,0.0,0.0,0.0,0.0,0.0,1.3907429065642607,1.6939362396013344,1.7552860038564413,1.4034630762360811,1.6404634660709339,0.8025166492960819,0.9665035288178051,1.0343567587697313,1.4928782875906377,0.9962042785586992
0.5446794380221112,0.5345612598910984,0.2210171783327864,0.24573984222909848,0.20567410443005923,0.0,0.0,0.0,0.0,0.0,1.7167751527680768,1.3796319799023193,1.5093568649564946,0.8361499124765626,1.205198060841065,1.155209986114123,1.0122741573855367,0.9079763823776358,2.4229188509076165,1.4389882212117662
9.134161614242032,6.93533843139579,5.876254258601785,7.401339670744177,3.0590110445015495,0.0,0.0,0.0,0.0,0.0,1.7241103172551686,1.540908628427316,1.7227075159517569,1.5546174558845725,1.42081222664395,1.1681613127992858,0.9399133665170303,1.2072789643930224,0.9665894235484147,0.8406501903775583
1.7130454096325891,1.0594203235036361,1.0941154995260944,1.3027979062877577,0.6079749065407064,0.0,0.0,0.0,0.0,0.0,1.9909232194593385,1.5467172961565863,1.6888476890441626,1.545765832696167,1.7016931075957624,1.055671468090583,0.977969316466473,1.2021741471239729,0.9958249909107353,0.8952039706359904
0.9459477836901273,1.3839905080468755,1.4401499893979406,0.9836125573340858,0.8949605741415502,0.0,0.0,0.0,0.0,0.0,1.8468450672779677,1.5545613601029962,1.1148557169479638,1.6313211079371552,1.662637034282292,0.9508522909601624,0.8626639333466998,1.3328115232892148,1.013954702287247,0.9773349476359313
1.226792986419999,2.272779302602971,1.5245556623322842,1.239683059903577,0.7596411780100286,0.0,0.0,0.0,0.0,0.0,2.0090248482171957,1.5829642371143582,1.355194242218961,1.8640320368998256,1.7895204803625484,0.9248689679388561,0.9992309335050779,1.152321864125812,0.9380981625748689,0.9340171387720761
1.2912362018102495,0.9948701204510513,1.2895302450188093,0.7859253891386363,0.42248428849454545,0.0,0.0,0.0,0.0,0.0,1.5750568893696113,1.384690718437547,0.9109188849168458,1.029324950442112,1.9180066778273763,1.0076981503778886,0.8239640179302661,1.201959996766614,2.0311976197003228,1.0728524511466602
2.70671285173087,1.8910926066565499,1.4477819814985806,1.665817692311228,1.398314280823487,0.0,0.0,0.0,0.0,0.0,1.340656469899166,1.549331536955895,1.6415710803964967,1.3087337923567681,0.853013431190969,0.7358280236734921,0.9040167302519726,1.0489631932112382,1.4486048817435226,1.1004217064462414
2.7310219949741077,2.4127343754978727,1.9245135703169154,2.592933938207614,1.2301204272406845,0.0,0.0,0.0,0.0,0.0,1.9637724933343585,1.6621886610123802,1.6979242453656294,1.5239681034797123,1.4613757687419147,1.053148929197316,0.9254125985105502,1.1887892267068563,0.9239241048827282,0.907072244294764
0.7747046056402833,0.37215275106575707,0.5330296432827936,0.5260363272949948,0.48272986088977665,0.0,0.0,0.0,0.0,0.0,1.0405334983276986,1.7345183261939934,1.83945605477875,1.695369694026726,1.3278364325352143,0.15187123218278314,0.9190036340457023,0.9908079500272018,1.1338811965163162,0.5542865158388952
2.462245486483308,0.8785016472160478,1.717720960222892,0.9833797877242546,0.20812722625822686,0.0,0.0,0.0,0.0,0.0,1.9739594977186306,1.4058032723971532,1.7373720298267767,1.4368761392776443,1.5865052220262903,1.0639261948894065,1.1593673360511143,1.1204852950344932,1.038674549186502,0.9268107823213965
7.892050940137926,4.584767536152441,3.5738711351648567,4.268874907204167,2.4954962921077177,0.0,0.0,0.0,0.0,0.0,1.101714766375717,1.308554130942884,1.4076432096250016,1.3141883040604276,1.3867119120261342,1.5604415948064707,0.7075371917328586,1.4030796596423738,1.2753439158711233,0.583469621453714
3.7005174812494914,2.6856122662079818,2.9931318831938585,1.4830322283882125,2.7865204230093603,0.0,0.0,0.0,0.0,0.0,1.299934733285419,1.7528740709844104,1.5617958338313473,1.686935451152735,1.7730904680166428,0.5241292898585967,0.9377685490668085,1.1132353623121127,1.1213819021630054,1.0029011979370088
0.8074476765263302,0.1760821719382511,0.629327753489272,0.15724235680820076,0.5972710137314472,0.0,0.0,0.0,0.0,0.0,1.2882557844097122,1.3906672230304418,1.8155914109146174,1.8456585488098582,1.3532398335083777,1.1665437114446542,1.3605006826150545,1.0723648077655854,1.0631650730177578,0.8009352777419022
0.17280759988161726,0.24537213307737066,0.10383175996001406,0.27293569428052955,0.28723594531089686,0.0,0.0,0.0,0.0,0.0,1.8353703902049847,1.6131238212253924,1.5701099529673688,1.7395734153187377,0.9421484746812964,0.8869476143229945,1.109285233895887,1.280946822374179,0.9370240388209404,1.9766418907208634
0.23586493172810769,0.10663759581816587,0.16220168390351306,0.15395312903971756,0.18704176577524365,0.0,0.0,0.0,0.0,0.0,1.3602495471636107,1.4332980188312305,1.8747102467353491,0.8105921120215477,1.70147765563027,1.4625033075163807,1.2543638964956083,1.0455677409135822,2.005418820177125,0.9861886751796407
1.443959974621798,1.181050019586657,0.7433198700024966,1.2584767687356675,0.5033064121453353,0.0,0.0,0.0,0.0,0.0,1.3819558481704286,1.7474599224201908,1.744003780831348,1.4883704705662943,1.1789250199730041,0.9902823179309876,0.9266717412388548,0.9235196700591107,1.259530793191475,1.109271484790948
4.474079765344966,2.8331651403052107,1.4904822789483272,1.5566621057250942,1.511404292280567,0.0,0.0,0.0,0.0,0.0,1.6951237824907748,1.7106459005746535,1.7086124249905061,1.2221274221145182,1.5168375599591215,1.0105321220971064,0.9329943703864031,0.9493245554627626,1.0143578898276064,1.109142954133737
1.5011387515579142,3.343571447200513,0.5874449801124282,8.179096052341881,2.807821106782085,0.0,0.0,0.0,0.0,0.0,0.4859065918091196,1.10913894451861,1.4970264435942022,1.2798714068723156,1.9089807814198578,1.2354360355998633,1.289684043600249,1.10225593950522,1.6323825757072763,0.9933227996716468
0.30286691604793337,0.6892771430030891,0.23130832527004172,0.5396765867652893,0.2366535558079212,0.0,0.0,0.0,0.0,0.0,1.3403760133202909,1.301731965740446,0.8102997760024989,1.0117423902340918,1.5042670494911572,1.1024551465809524,0.590072764105903,2.0625994216936667,1.1338718497522955,1.2563789540993557
10.484252438196844,10.842059695918582,10.071030566307954,8.803300616565476,6.191859867801517,0.0,0.0,0.0,0.0,0.0,1.8061733157741093,1.3911986524611148,1.4990572795463726,1.6774855458566968,1.7601260301449713,1.0939148380702084,0.931852608748527,1.2609798172865556,0.9728058945560174,0.9135521525446687
2.042235863362196,1.420133543451668,1.1323125511639194,0.4322749959572339,0.7765085763563495,0.0,0.0,0.0,0.0,0.0,1.3307339994171945,1.1276826002891511,1.844534377148216,1.6132627674509423,1.4021114912954726,1.0877866330866144,1.6054744241020005,1.105622792151951,0.941024901981936,1.2023626761528476
4.949977737228136,6.690026566859785,4.166961685636314,7.229783530042186,8.780202497475894,0.0,0.0,0.0,0.0,0.0,1.1917060580939827,1.7115459550383996,1.04327176111602,1.5633685132364146,1.3475792943677505,1.2282144398117294,0.8415213727400036,1.4703607440652733,1.1331008527430866,1.0574247818205156
3.7679596311895827,4.805561559981692,3.2151447125819024,3.7638410619856506,4.734586970246307,0.0,0.0,0.0,0.0,0.0,1.9351275408552748,1.7646182086808329,1.6683844036882995,1.7129539979624924,1.3177225344043322,0.9486061282738988,0.8939619293984025,1.150307517182009,0.9131809124271997,1.2974545441074994
11.144469479448109,10.220667833134398,6.498241338669911,6.640167508411361,10.991216747029972,0.0,0.0,0.0,0.0,0.0,1.5050468325722337,1.6956257966415964,1.4984168036921832,1.167575912397667,0.2500307954358501,1.0855072282277074,0.8057112789274776,0.7351729124628484,1.3768566261326651,3.223101175239958
2.3244541691101017,3.0934382050434523,2.1135134912447855,2.260525893616326,2.602771831368714,0.0,0.0,0.0,0.0,0.0,1.951911560352296,1.759766204309879,1.6332501976824458,1.6806523154170612,1.256580236515515,0.9443803245832378,0.8966229002996651,1.1816783562223774,0.8884795720922984,1.412169748653825
4.1056428693123,6.291898962897879,3.251860314391146,5.952851933251369,6.189636172046615,0.0,0.0,0.0,0.0,0.0,1.628923196193826,1.8006496879516136,1.478488458089882,1.703017495490629,1.5036329791370442,0.9672972650058932,0.8834682286442335,1.2095393821450295,1.0492284361574176,1.2138121879980146
1.93434520263766,2.4738381777414404,1.1414139597616546,1.6187969082015357,2.146667517128172,0.0,0.0,0.0,0.0,0.0,1.8608511996776833,1.5472719251999678,1.7362018381792148,1.56880335978147,0.8288135816165967,0.8882358468715691,1.0570721273508064,1.0028047882156672,0.7427062522039488,2.299610331851273
2.505217338100927,2.1991889667589835,2.1496383288963896,1.7461191032600845,2.4724563786559055,0.0,0.0,0.0,0.0,0.0,1.097480023701099,1.5746256063083466,1.1793659892420931,1.5227999457856254,1.016811072065704,1.0392485366619504,0.7995050026500123,0.8400260645743698,1.0958538147996342,1.7898489197416128
4.030945838685023,4.388634210480253,4.319347923635427,3.675789233486151,4.769887281030316,0.0,0.0,0.0,0.0,0.0,1.9208369127481413,1.770609753220219,1.7568491330141884,1.5661055151538577,1.5369976586964849,0.9991824769340065,0.88680632922233,1.1382421725993543,0.9482503836749407,1.2109582831668495
2.968418332410773,4.360077343616217,1.5249683602819648,3.1119432912765954,4.081354946605488,0.0,0.0,0.0,0.0,0.0,1.743688971821039,1.6045246126327604,1.7774055303725107,1.7391078409854122,0.980241865267659,0.8409271015880492,1.025503763358817,1.0025049173858969,0.8586878916504384,2.0262368021340724
0.835596667497725,0.8780987386671413,1.0499273075798432,0.4038457153521559,1.4544550384141186,0.0,0.0,0.0,0.0,0.0,1.6805802067576496,1.6812684449509527,1.1451037774005837,1.3574761056412052,1.1137033261420373,0.8691241668428032,0.8776334190020892,1.4245829543366815,1.4107116133327948,1.4741385349442095
1.493769501071823,1.3727793945229865,1.2101539674574076,1.087818366472534,1.5738115620326987,0.0,0.0,0.0,0.0,0.0,2.057485372749372,1.7600434175999036,1.7451927673033911,1.476900435095068,0.9851729885133937,0.9356317901194853,0.9235686094149573,1.0971168166956122,0.823643925587749,1.7888161157264577
2.1348646466299215,1.8435544474272176,1.2352419929939629,1.492728221640305,2.3126547456712556,0.0,0.0,0.0,0.0,0.0,1.9151189864889104,1.775536233712282,1.7241970556770543,1.3174545088213712,1.021274262878074,0.9336099483375053,0.9251345538517414,1.043019316895633,1.0537731969232293,1.602544996798409
1.9359891802934346,2.337069320730337,1.567577135794734,2.928076364664645,1.1470671547287992,0.0,0.0,0.0,0.0,0.0,1.4790348908399502,1.6807798859993848,1.2160700161207492,1.3844255490357522,1.467449337103452,1.1112087388377085,0.8076568173408504,0.87350209868849,1.296832218225229,0.9853434911122648
1.262214151044209,1.1412595629112128,1.3752847422776808,0.8543961858169438,1.4646836440576787,0.0,0.0,0.0,0.0,0.0,1.9481215534851128,1.706154885588968,1.7012823868702112,1.369794306070261,1.522442559829646,0.9846494328268296,0.9788088274181964,1.059694866851914,1.1124881520571375,1.0819214904563337
1.6316945154735958,0.7436746996684968,2.0275631629794706,1.7199736247220243,1.19370924234028,0.0,0.0,0.0,0.0,0.0,1.576511967393844,1.3709887384138109,1.5645655246638934,1.0895633617462277,1.300617230425485,1.3021438036878308,1.0777827449145843,1.1091177058359747,0.7329747753936587,1.26834896495
0.5396869902092061,0.3162830776676155,0.4892576310623859,0.4755775897836926,0.8225220026702633,0.0,0.0,0.0,0.0,0.0,2.016836182872654,1.689329789957515,1.6121444837168428,1.2041639832807711,0.6932754993562139,0.9688123991524235,0.961592680717776,0.998344073493563,1.2442604831323125,1.498250531425407
1.9071674615210275,2.7767937220138066,1.1823003159415904,2.0125681546452583,1.7363661741549556,0.0,0.0,0.0,0.0,0.0,1.8841613474293113,1.6405099956972389,1.5902657724034253,1.63532012640947,1.0468636297614893,0.9019550959593028,0.9244430879337703,1.0894985436310038,0.892951130815545,1.5476466507789983
0.22185487855191882,0.2490000924040297,0.18244743673640315,0.15259880523169378,0.16150704876730598,0.0,0.0,0.0,0.0,0.0,1.5204472300266447,1.2070708346288088,1.3240069719770453,1.1686046344876,0.6687154769200591,0.830692464242168,1.2123995918323076,0.896121513433538,1.044726650477409,2.2945289753380442
0.3022222037479791,0.22681507579916288,0.1954084195871351,0.1861769903781974,0.40422387473265503,0.0,0.0,0.0,0.0,0.0,1.919444946155688,1.8301704583335237,1.6595686707376105,1.2232051232858274,1.3855231481209633,0.9879656374879424,0.9358884490590119,0.9575663134401767,1.5684382433240804,0.9688184532930433
1.2326169314403344,1.4400611132394487,1.1217187900492942,0.8342634001854364,0.9600765451202877,0.0,0.0,0.0,0.0,0.0,1.7129227207327142,1.663527922408712,1.4939601886278309,1.3778288040964752,1.2106890419017111,1.058903289244674,0.8153210386084296,1.3238947488169865,0.9613082221221766,1.651129642486812
1.62706443774363,0.8072415708548485,1.0081548137884406,1.0405331867885552,1.617610784876084,0.0,0.0,0.0,0.0,0.0,1.4146749656181332,1.6168668159555124,1.7398733165158198,0.4432365509037902,1.27230931606149,1.2916633614789466,0.8659918817646379,0.9640396647025209,2.7244358648001223,1.0043565423331715
0.9516731274983986,0.9625973527151628,0.9120367998634092,1.177766775852583,1.0366875995250828,0.0,0.0,0.0,0.0,0.0,0.7983203800570717,1.502986192267627,0.7706602889778978,1.3124303405802524,1.4647906204238692,2.166129946178888,0.8266488896326176,1.2665923509396093,1.3455863491071376,0.8469260156246478
11.472914125336498,9.251866473300888,9.06440263826052,9.328283332457724,10.269985440350045,0.0,0.0,0.0,0.0,0.0,1.2968646452786712,1.5337075551743085,1.3251931427736718,1.184885762923202,0.36604045846253136,1.3341373636860292,0.7116952147589144,0.3022797548404159,1.511256437167485,5.082567018162879
0.5633192189230084,0.6535156044019264,0.5968710583569274,0.5734576638115916,0.6326236669213826,0.0,0.0,0.0,0.0,0.0,1.9885441094423615,1.7358271591691905,1.8807320443602364,1.5193156294714856,1.3719012914461355,0.9629474546997099,0.9503123665458196,1.0884038755910654,0.8201601574773644,1.442971179193317
0.7725065823036109,0.8244673117999171,0.5462848402417957,0.6500476607872179,0.49185054818096585,0.0,0.0,0.0,0.0,0.0,1.416969482441647,1.6723805068157165,1.242094770881012,1.588300092048761,1.343150403788674,1.155644436372166,0.8951703771853593,1.2317744399926682,1.1220605508910544,1.2251478687332236
0.3982679689526294,0.30194774928142454,0.3004554447174294,0.23894551502053973,0.40660469515452347,0.0,0.0,0.0,0.0,0.0,2.05740279908004,1.7447290693210005,1.7605061155550676,1.3523040892549207,1.0185593287961454,0.9405449669422793,0.9362259383421682,0.98221716285431,0.3417761898243056,1.4115363223891304
1.2316990478925671,0.6350816348176205,0.3778916164054985,0.8977594526936261,0.29800392532189723,0.0,0.0,0.0,0.0,0.0,0.9831311163159377,1.3263749938810898,1.3830953170983242,0.8986372725597167,1.1822175777053727,0.7126966625528786,0.8234076240687112,1.1393904013666507,2.3107338237087207,1.3513317328900598
1.6289403080340115,1.2184541996149334,1.048605432722686,0.890399631112891,1.3708302691281005,0.0,0.0,0.0,0.0,0.0,1.5719960256175045,1.635370627904779,1.364411471574231,0.9890125186804786,0.22124368233850727,1.1257411452257549,0.7848238531466902,0.543672003101365,1.8371219005602286,7.344482140306411
2.282211169706704,1.794457925127999,1.6849675048977915,1.9210265212772506,3.4172566258832133,0.0,0.0,0.0,0.0,0.0,1.9644135675095853,1.6102399031818333,1.7261875791284877,1.4033467705239138,0.8975366907624645,0.9610933126531933,1.0347584361571331,1.1443379081120184,1.2025380907742798,1.673116828958227
0.5716611561342061,0.3296733360728944,0.4712426026908229,0.4283695034016066,0.39976085337902884,0.0,0.0,0.0,0.0,0.0,1.6854942207097408,1.6188754608395568,1.6289995309047416,0.8027335417414825,1.2490829428260242,1.1373187755737364,0.9210326596575195,1.0198206663799592,0.12351305497190697,1.253852248879301
6.609059440534862,3.9224919264569316,5.174344949300436,5.340044239781063,4.627481091109279,0.0,0.0,0.0,0.0,0.0,1.8635080822834458,1.553334744078529,1.4891572386452678,1.1388930800684502,0.9402127036744424,1.0369600710956928,0.9714860659657142,1.0715445329986355,1.1406536244143775,1.0499245765804268
0.23709747624083666,0.15982288016830454,0.19311030788021658,0.30440721469334575,0.08962299455788272,0.0,0.0,0.0,0.0,0.0,1.4185367538854807,1.5972712192767096,1.5967736589548236,1.52615333889117,1.4324786242534449,1.1642810717918277,1.182074375063607,1.2331697588374588,0.7011773774892692,1.3120216759080012
10.747232017965096,7.831984404523785,4.582751475545516,4.395415602626243,4.272815905068996,0.0,0.0,0.0,0.0,0.0,1.0800614907194699,1.1734412548415982,1.483278704888018,1.1863915886490366,0.8371964190720153,1.1540687364501456,1.3491867572006713,0.950207410683035,1.0420837045329767,2.255258339216839
0.6781461301003905,0.6224003056146018,0.4983317436608591,0.18736655895811985,0.2540232408806137,0.0,0.0,0.0,0.0,0.0,1.164803845908631,1.4186133080139267,1.7287263983038106,1.3261846399233461,1.6917676403709008,1.3773945380894637,1.423682696249173,1.1917947217864064,1.1405787346512843,1.2116987325276645
5.983286044862264,3.505361105250065,3.7769756563699795,3.987670655848961,2.5618305217908004,0.0,0.0,0.0,0.0,0.0,0.4639290019374415,0.8577314750194415,0.8484554381279757,0.629305191735767,1.236126261609412,1.878161644444538,0.4523275924520268,1.602516403771847,1.6118846183053397,0.3526190541956834
0.8234992244124417,0.5671202759046984,0.4831608599691856,0.15273370691940627,0.3530561550032377,0.0,0.0,0.0,0.0,0.0,1.2151064585531492,1.2681780750256437,1.78948197194153,1.3233742434739668,2.080755849658084,1.3477433268967398,1.6209424145466853,1.1639169419920443,0.3703818773513244,0.9439545372167437
1.9185247657989748,0.898803518364295,0.1225763013556552,0.7314307132817724,0.6894149535524295,0.0,0.0,0.0,0.0,0.0,1.1820801692426806,1.6229331676409793,1.9750566089583796,1.5726151672163369,1.2790696991628736,1.3310977783137683,1.2203555169459919,1.0246219128136467,1.180477878585101,1.3286236730818748
2.8785336764248064,1.6269662520373025,1.438181870324715,1.2157742252074657,1.0734261794664053,0.0,0.0,0.0,0.0,0.0,0.5260035219456616,0.7647541821100176,1.1092257091553017,0.9581020460706711,1.6248903642417432,2.4117172228181802,1.9071099308263353,1.4779906703176298,1.0460057634973212,0.9407035551398137
3.5723568328337016,1.8113858195430157,2.438617563490097,1.71966245635749,1.8649090229290348,0.0,0.0,0.0,0.0,0.0,0.7772509609161559,0.7675662342859642,1.348859299029565,1.0985042366104563,1.6421733654178488,2.0760183183181597,2.2867829273004996,1.3907386557354198,0.6011859815392031,0.822633777645941
7.665832670848282,5.179047033656455,2.3150440567888064,3.3012798420314007,2.7794598815977425,0.0,0.0,0.0,0.0,0.0,0.9481744147041039,0.9140651107231424,1.212699689992499,1.1681478972045576,0.3619389754199298,0.42449902481242296,1.571998275150991,1.3091422393342613,1.5855108588988158,2.739839683005113
2.9888372545093245,0.9694665185512908,0.6510030528617153,1.0293295197957333,0.6345254724629223,0.0,0.0,0.0,0.0,0.0,0.5607265217604166,1.0897317743767074,1.0463447469283849,0.8648621758444613,1.8724761401272445,3.066241781888078,1.454181148277647,1.4405980344600924,2.074810519897959,0.898574895967688
1.8171100869977947,0.47404906851467593,1.1105861750524122,0.8163887802326221,0.4571085066243577,0.0,0.0,0.0,0.0,0.0,1.3021174781615994,1.8151926319440004,1.8568928061445222,1.7810148949402347,0.9255872065761522,0.9493991009123632,0.9666460442791924,1.1153324145829167,1.134053203972818,0.9037129137378437
0.4040362011102584,0.1794794467578194,0.3659261186558301,0.14539035246490895,0.15668993520271907,0.0,0.0,0.0,0.0,0.0,1.2173431228721425,1.641507091201331,1.7841449651466443,1.5290150091814338,1.7557178090466403,1.214754436501994,1.1791389648254513,1.179600918432322,1.2838188592978796,0.9859242985401436
0.8821249904703171,0.6116290342514069,1.405699305035418,1.2505417304243998,0.23089488735389674,0.0,0.0,0.0,0.0,0.0,1.0856081564943734,1.380818822189772,1.1643154338579456,1.3831917497207769,1.4731350806757424,1.3915915860140304,0.7557262214798101,1.1806485539003773,1.4334318208190941,0.8006718888935613
3.5842987934783404,2.511521970748911,0.6938423917613464,2.0082524091832115,0.7612362243218557,0.0,0.0,0.0,0.0,0.0,1.0132980907483466,1.1394815789386774,1.781515839613676,1.8675822142822194,0.9643128454169032,0.69612214216323,1.5269245946530772,0.9608894330826545,1.0411436974594326,1.9028950659101769
0.22556150722708684,0.32061282904016464,0.08564744012826454,0.27554366545390796,0.13798413629391656,0.0,0.0,0.0,0.0,0.0,1.673858866858306,1.5591357845269698,0.542897191043392,1.5674099768684187,1.7623652233790408,0.9657093050109334,0.6905775103018362,0.3832472118545029,0.9779105357474094,0.9457747075331531
0.5277943242759231,0.4228601468742969,0.3133606013029006,0.13713845355731075,0.23973866699192584,0.0,0.0,0.0,0.0,0.0,1.669997744576269,1.8103607029721553,1.798610029331416,1.6687206275618434,1.2051379991983173,0.8537976871764141,0.9732684620917876,1.021026126204402,0.9056686190774375,0.5854479462939215
0.1643985011162443,0.07744927360045992,0.37143260767439107,0.2933766021670733,0.16446475395505247,0.0,0.0,0.0,0.0,0.0,1.4730499997685131,1.7397867923862538,1.631895189538664,1.938604499703868,1.267038091277569,1.0303051642434382,0.9544570149591035,1.2876379580301789,1.0752982770522725,0.9714209465968312
1.1459309477511699,1.0280300444519939,0.5621065388859319,0.48232920237711874,0.26700073773036015,0.0,0.0,0.0,0.0,0.0,1.133680022541631,0.6060742362074942,1.5613996119310924,1.9086812380861518,1.728142591507688,1.4271117498852646,0.9804982266631853,1.1900685566541824,0.9907486082077329,1.0304934530515057
0.292277106081271,0.529534154018455,0.40865319377287157,0.2631257740863201,0.13585671897882007,0.0,0.0,0.0,0.0,0.0,1.2599518661385458,0.5627635642973638,0.7535207238032428,1.4170382745184624,1.5364220478595587,0.8532421396529906,3.0976366799493777,2.434749630710775,0.5446444572954949,0.8508342930182742
2.111633756445733,0.9118805214557353,1.1150082125482026,1.1075475933234062,0.8767017528374297,0.0,0.0,0.0,0.0,0.0,1.8051560294551219,1.7214847122675643,1.7505824122537712,1.467075952738256,1.4616312368293085,1.093262590810838,0.8845377869933424,1.1079843274999037,0.9551076359207011,1.0349537469478296
0.3401503428986133,0.08523868738309479,0.35830240545099606,0.293344306893007,0.2080824298778409,0.0,0.0,0.0,0.0,0.0,1.9301881414873605,1.3264291362610543,1.9149944243438737,1.5172759761305716,1.5679037823727089,1.0664522004079278,1.2473954503866036,1.0524062180832283,1.0965304180174993,0.8909555287531269
1.4340412198427166,0.4188920345569606,0.7041058855809806,1.2281858825200491,0.13489549859993488,0.0,0.0,0.0,0.0,0.0,1.5723273646858034,1.7818191123613791,1.504369811171718,2.0097335325792955,1.6509287170766125,1.0918931802068588,0.9554298298203702,1.143891759057237,1.0345088283970536,1.2758062137495572
0.29982557860991915,0.1820907741290268,0.3182318227751435,0.13837109660943017,0.5027187253285892,0.0,0.0,0.0,0.0,0.0,1.871763799179416,1.5874319441488591,1.568544682335112,1.2481514714798143,1.9286971567991091,0.9569977004839761,1.1458614252792538,0.7253430027957878,1.4574860026111323,0.975558463412885
1.5772082578353177,0.797039636334779,0.6159612989211342,0.17923224196801862,1.107423390672499,0.0,0.0,0.0,0.0,0.0,1.4827036920954235,2.024100605744721,1.7849469531979636,1.7437379088111895,1.4006894058266999,1.0151398010466073,0.948706439157458,1.0247682986051063,0.9435220945395292,0.8226749795686492
0.9274451849865109,0.5404832713990245,0.22593341122167096,0.19777473724284217,0.14110238373453954,0.0,0.0,0.0,0.0,0.0,1.486296628069699,1.5836747634691632,1.678756547392473,1.3872147963641719,1.1429812194273807,1.192640111218063,1.181403934449618,1.0939454948582954,1.1764195818683767,1.2788215000087697
1.4873904222170027,1.042559897684319,0.5173357861279606,0.35502009660501144,0.4080520220529733,0.0,0.0,0.0,0.0,0.0,1.3938287990783294,1.4865566157133432,1.802376210894216,1.560108791066155,0.8487117860728867,0.7399599312736467,0.998434433285709,0.958306924562375,1.321615627882666,2.00011505720946
0.4551578438213838,0.45378348566749943,1.1431980979724896,0.8167335966676132,0.4858958384325846,0.0,0.0,0.0,0.0,0.0,0.8777186156435647,0.9863898791240132,1.0608714641910248,0.8529191360325403,1.624391078390914,1.6802857416473926,0.8190304427914692,0.7616040233505474,0.7412527340555828,0.9263571987252021
0.7404239134307626,0.5350480728141462,0.22277547164893022,0.2198221129761222,0.7652208653358492,0.0,0.0,0.0,0.0,0.0,1.724770750259404,1.7619693237460539,1.6440419645840973,0.6613342367357559,0.9796994587332186,0.9418285562810995,0.8712533903749777,0.9021118342617763,1.8930242843066174,1.7743258681354594
1.326146012075297,0.6477634000328045,0.26995365504352736,0.6054641694257769,1.150356652691509,0.0,0.0,0.0,0.0,0.0,2.040449118312536,1.989059101061338,1.651330251060448,1.7229790607696014,1.7273701601194844,0.9816688007627999,0.9753996962732329,0.9639352160911128,1.1513511390782676,1.0909171066140424
4.865785953716382,4.592823535840749,4.442308010260565,3.6948083835474215,0.9828530907296473,0.0,0.0,0.0,0.0,0.0,0.8193534789873242,0.9431953125352448,1.6738185278055286,1.6225886341369573,0.9768476060095582,1.111384361445624,1.585422808555954,0.9304719003636202,0.7780517613164666,1.1650192035536184
0.22053311341741696,0.30910159109017377,0.15196634361302713,0.19100576003444594,0.15652801796262375,0.0,0.0,0.0,0.0,0.0,1.4907675347237823,1.6503517302994823,1.0081348875091962,1.7319530506677765,0.9092759710287799,1.0873212250146576,0.8808144115335798,1.6190095147527706,1.0146288289861776,1.3557478847266184
1.798479288190493,1.2248399964991301,0.7734676453107732,0.4688042011061365,1.607223440501658,0.0,0.0,0.0,0.0,0.0,1.513565508559239,1.7093464409907353,1.1628847753701201,1.6053289469140262,1.623154323991971,1.0693355161248332,0.9726581728641532,1.3631011392789376,1.0343191455581482,1.031463567622506
0.8530136988163225,0.8117327922917467,0.16495649614266303,0.6264973084622536,0.21599285964057463,0.0,0.0,0.0,0.0,0.0,1.6527437130621199,1.556529731984641,1.5399018519271261,0.7831128920624647,1.7471229203687935,0.9373255051268391,0.7695161938770534,1.1436626478000018,0.9615375353690361,0.9291202087260448
0.0,0.0,0.0,0.0,0.0,0.0,0.0,0.0,0.0,0.0,0.0,0.0,0.0,0.0,0.0,0.0,0.0,0.0,0.0,0.0
1.591844716248117,1.5424195166479049,0.8591806598116593,0.3190516003632517,0.2817809503708123,0.0,0.0,0.0,0.0,0.0,2.0851061428012905,1.507533076459126,1.513295771088907,0.9716797251026317,0.9528446178098385,0.9672953769953195,1.0881416819573246,1.0510898976495555,0.7404688977102248,1.769678861084491
19.78823903547204,15.034702925403042,11.226291374752034,2.854795646129213,4.651257700690609,0.0,0.0,0.0,0.0,0.0,1.966597022369793,1.4990159621674177,1.1761614742070627,1.1618612914934798,1.3279286785901123,1.0182964815150137,1.124854522890149,0.7949715987946665,1.419795349224248,1.4056054327160974
1.5089807357258427,1.342477379851719,1.1712268422960377,0.6689019485525675,0.36102052754873465,0.0,0.0,0.0,0.0,0.0,1.949007114513868,1.2751835485786416,1.499417976960267,1.4628441571834285,1.0568864873333976,1.0429205755266449,1.2954686834171547,1.3187929368442362,1.0180719485541356,1.479117955293897
0.8142805472038642,1.6315699129805321,0.9801368925299501,0.19578960462941436,0.5203958410290521,0.0,0.0,0.0,0.0,0.0,1.9962247339423065,1.186120846126009,0.9895011153881674,1.6561690572603198,0.9722816037272413,1.0115831745262465,1.3739265481717757,1.5993651442088883,1.0697659259086867,1.3077512935571798
3.223400523481941,1.6947546300285865,3.1002943592655545,1.4136347256115123,1.1520814765141751,0.0,0.0,0.0,0.0,0.0,1.8100787307735184,0.6019269380646167,1.561975359910753,1.535981747510337,1.385925149890824,1.1363713996100597,2.5966298975319217,1.284530720832712,1.3647594186725227,1.106881998294776
0.3844005831987477,0.24153592520889483,0.27294902895175,0.08074036363780931,0.3771607104795093,0.0,0.0,0.0,0.0,0.0,1.5292487900072391,1.210084265616393,0.7645288651745471,1.7470534565878724,1.541404514171175,1.1099176625099945,1.6921872530945892,1.6215284669013528,1.0543970831451988,1.2065580639704419
0.7821638489217513,0.6695088413091221,0.5334607885940341,0.32745339087697695,0.22791963463216933,0.0,0.0,0.0,0.0,0.0,1.4922839116578215,0.3471368726607814,1.5543336879935779,1.0530869376715557,1.7112887540720152,1.2380700971373553,1.4936045351620473,1.282105826315827,1.9437893854126538,0.8464642551276568
2.4150017522099145,1.1714568383004684,2.058141108655628,1.1456089707258084,1.1064539803535942,0.0,0.0,0.0,0.0,0.0,1.827321044602094,0.5172241846119854,1.6614458644239762,1.7691543032731907,1.6648675525893981,1.1246497573749752,3.0874327205294145,1.2322165883405973,1.1849786058777456,0.965599632953068
0.2624929182870462,0.14186129056937644,0.04486929096043045,0.2703289145731789,0.19144115963178981,0.0,0.0,0.0,0.0,0.0,1.6470169106360093,1.8195484713263155,1.858426939761447,1.550333736596479,1.5367790477370866,1.1431059427191919,0.9136406651727761,1.0472730887833464,0.8144030471556788,0.9342818887087152
0.16758983154150123,0.182382872652671,0.09716112640083381,0.12587697341648238,0.08855080729598852,0.0,0.0,0.0,0.0,0.0,1.3933817964848108,1.691656240593259,1.7678150017715377,1.3672572017053755,1.5797028156603006,0.9339140905631536,1.0920952760364797,0.9543368797335126,1.2697332934758705,1.0405206175091053
0.5123656168404715,0.4539064110872352,0.4105734794895179,0.13059661441278164,0.27904744491122047,0.0,0.0,0.0,0.0,0.0,1.9199888722943859,1.1317824015221591,0.936710633029747,1.1389958837086722,1.0607751565941146,1.0643499506438083,1.49813816399477,1.2966714403269246,1.385432283459522,1.8747406744390323
0.9499236683422364,0.41747498013304946,0.5480470713383828,0.4572851275645661,0.2597403623388709,0.0,0.0,0.0,0.0,0.0,1.7234293471243085,0.5018865184025929,1.6498198074098254,1.536676050765885,1.4528371099468942,1.1521460765074751,3.1980311364021836,1.2053322130930144,1.3422456507946985,0.78856977309551
1.2999748547392378,0.6580457195024655,1.1065601288743072,0.33109592858645515,0.3026951972123757,0.0,0.0,0.0,0.0,0.0,1.23096440033782,1.5305371033389816,0.9809887927913052,2.0267841822517143,0.8983666161740793,0.2242750283056986,1.0617617565328408,1.7535465808047084,0.9729177661979309,1.5503693807265237
0.1386487500625965,0.20899911283766154,0.5566222879954827,0.15552431079312196,0.8472999972579711,0.0,0.0,0.0,0.0,0.0,1.5693867545426634,0.6670235214994973,0.49220665052402046,1.362829283545604,1.1359434618704238,0.9546706320876236,2.0602002988917243,2.5751894591737376,1.0024910029341838,0.9345432969402604
1.8934614583420608,2.1920688062524216,2.0274195861547804,1.6492543629743526,1.598187570382607,0.0,0.0,0.0,0.0,0.0,1.6468490003266338,1.7400886966551856,1.8307104443017328,1.7681479990532603,1.7082692415572456,0.856920952228292,0.9275540251061655,0.9580103921658171,0.9109985948195753,0.9108772083290088
0.7077161428569767,0.5307663343967939,0.30417850826501985,0.4003169855852378,0.17506447525971794,0.0,0.0,0.0,0.0,0.0,1.45312326665654,0.3470799466705873,1.6160269128058813,1.5619188394168217,1.5281647225577806,0.8177798182194471,4.866564970357438,0.9943144758335749,1.0505925700005265,1.0435195383174694
0.5477639162815171,0.21614727198238062,0.21796695241917127,0.2503854317473048,0.0551391104583578,0.0,0.0,0.0,0.0,0.0,1.187237935661303,1.2429116915279128,1.37566098380807,1.329532087714671,1.4283788803126283,1.145860322774927,0.5461788199422167,1.4710863897981077,1.5515373293829329,0.9526343078705184
5.592270103405549,6.018447479363173,2.3363559553008746,0.6223558515262221,0.5606624417250622,0.0,0.0,0.0,0.0,0.0,1.9817271551724716,1.5030980996109313,1.5733408789912462,1.527892241258469,1.7516796758928606,0.9977190641949288,1.1174826261990716,1.0378221562883414,1.048652898411446,1.0499716172287854
4.044828699658035,2.0361623278677845,1.6226187490663668,1.8283109565307476,2.0506104943068753,0.0,0.0,0.0,0.0,0.0,1.4594688880459676,0.9861713460812217,1.6089646735665164,2.0641840273307324,2.121099939997797,0.991859265358634,1.0159581262686415,1.1645277172766757,0.9794557283229122,0.9556841372368554
2.9560375068281046,2.674778386404397,2.2493422723898875,0.6583308121555925,0.9905168169897927,0.0,0.0,0.0,0.0,0.0,1.7940124205005448,1.7252231188860165,1.226585466638977,1.5743886252215464,0.9363811333561483,0.9732054824921197,1.0704267510841696,1.3781571964231352,0.9781749563372494,1.0710909499893093
0.9047166725174138,0.3096662265619564,0.5674297606645443,0.8327175109550489,0.4129016834426162,0.0,0.0,0.0,0.0,0.0,1.8794574386593768,1.778975160965228,1.434560258473867,1.3211937982540887,1.1609936600014865,1.1007811174379154,0.9345459429409991,0.9228749792916988,0.6186614944948335,0.9603011644109538
0.14994385335015667,0.03169184886302524,0.20179331397077607,0.03681574401388593,0.13741820672317798,0.0,0.0,0.0,0.0,0.0,1.9445867024313406,1.51387452364179,1.7259270663079829,1.9827749198715934,1.3805684208794544,1.0082205834808426,1.0693496809101393,1.0559485590610147,1.0267018042026956,1.0390662931256043
8.700455548251613,1.9007316239554484,3.6726994816801266,4.918873826397613,1.7111735819440526,0.0,0.0,0.0,0.0,0.0,1.8382244735268136,1.6623238475594881,1.7550416676078542,1.8702771189148548,1.8059604917733745,1.1376895182341422,0.9741759065095561,1.1702211295586704,1.0643036016937562,0.9351049240888731
0.4725337795074564,0.23944794465323752,0.1811551925678499,0.37701229566599836,0.16531156210678688,0.0,0.0,0.0,0.0,0.0,1.4931907733016478,1.8926150596471105,1.618115119954416,1.9435149197551276,1.6314030282838319,1.0604149050892406,0.923480340854947,0.8895189882875161,0.9415152300946402,0.75271503844945
0.8504548131089804,0.5426026225416974,0.44805878938514726,0.3991725345652944,0.2020900017411476,0.0,0.0,0.0,0.0,0.0,1.9694847077680357,1.775188347581809,1.7605823916713585,1.3405859645032463,1.298154450819926,0.9387339275935339,1.013765544343708,0.9234182915443749,1.0119573184388007,1.0747505574376424
0.12037896710984793,0.1577847395828384,0.11374481041136957,0.07455848547652326,0.12696506548565906,0.0,0.0,0.0,0.0,0.0,0.9555777077737019,1.6189763554727263,0.26781143271466623,1.7240389115760388,0.9428043454341039,1.669768057262011,0.8301456372781715,5.926149327890374,1.059606790594595,0.5903479773074508
0.2758774769414004,0.08096001724786539,0.08089013070300984,0.1052973704109961,0.13265834276404126,0.0,0.0,0.0,0.0,0.0,1.5073202843410092,1.11466921242825,1.0293342134900327,1.741282690396492,1.890204372186322,1.1344486535218543,1.3069784432468698,1.6662872674773588,1.1373178146317107,1.0668504183566005
0.9403476232630948,0.8119212429413132,0.4794945643346892,0.19557149933957174,0.08574636939106214,0.0,0.0,0.0,0.0,0.0,1.8837608052264436,1.7001167542499183,1.6512027236351712,1.5927033632220362,1.5821609950276334,0.9646394066538311,0.968499127980697,0.892873176029474,0.9417314114933072,0.8981974088513216
5.2929378959962925,2.5994019095699405,2.4801562302342957,2.044669764357333,1.239984815026547,0.0,0.0,0.0,0.0,0.0,1.4226070809012916,0.6322215569532702,1.3716442424975797,0.9600689176192657,1.308557147243551,0.6083122613871992,2.953995357964376,1.1779769737130759,1.5681243601058121,1.2956196287548025
1.6251928929526263,0.829814350311661,0.6280767348859866,0.5226074806186702,0.35936462938500713,0.0,0.0,0.0,0.0,0.0,1.6599786847545843,1.865800156831037,2.018376334508605,1.6356783049991928,1.8452082181078209,0.9439680327616476,0.9022570856817772,0.9740400318529225,1.1113526815466637,1.0116568269302402
0.3366351524001104,0.20438663607061458,0.052841535391684846,0.05211702891920593,0.2718087646109163,0.0,0.0,0.0,0.0,0.0,1.8848016077267893,1.7900531159738318,1.6048243342586581,1.397226836968715,1.5390860227889034,0.9694320511233862,0.9475670556390526,0.7623768732555926,1.4227132469161823,1.2604590338333734
0.37988353575619455,0.216839832741559,0.16354454984061673,0.20942393439789592,0.16758880999325618,0.0,0.0,0.0,0.0,0.0,1.6631668643907465,1.5992897516184956,1.9391917088969337,1.7675974586257623,1.8810294282512714,0.9646488568726451,0.7536223579553378,0.9084196382696935,0.9923066968578912,1.0745648875360712
5.480697491372,2.17037559170494,3.38807771592072,5.082764124646299,3.5149607587945866,0.0,0.0,0.0,0.0,0.0,1.4820218806777183,1.610245217475288,1.3648004866158974,0.7554745998395412,0.8727130706231168,1.3726776726997099,0.7983817758324391,0.7045152853861886,1.8709794871838512,2.2520529856812406
57.69904807642573,31.342142419135563,41.93377438382388,57.62721724505192,36.433280347912515,0.0,0.0,0.0,0.0,0.0,1.2337055509074537,1.4756686026980705,1.2977081599217526,0.8056328096907495,0.8036923231427117,1.5510039358248704,0.7512518803036375,0.6193073162965335,1.600077142681555,1.7076866508626578
5.729673958370363,0.6266655041868864,3.190597741472959,4.87068362761387,3.1699490188240835,0.0,0.0,0.0,0.0,0.0,1.1159835334418948,1.0934252904723483,1.426373057171375,0.9710812086448549,1.1272496624049895,1.7091926414561822,0.08185124158641872,1.065299920322314,2.018953971428796,1.787907514701268
4.871685429859451,2.932392953043206,2.98226362870464,3.942059861211027,1.680686222746869,0.0,0.0,0.0,0.0,0.0,1.9346100320025301,1.697407154536141,1.4606634496930864,0.8038321837813955,0.935022086482451,1.0355850925662833,0.8874217828630621,0.8759102704107257,1.3078766821658618,1.6923539872861229
3.8405672240397224,1.0023174625787032,2.274499632169137,4.190016591323827,1.987275026135731,0.0,0.0,0.0,0.0,0.0,1.5368621499533368,1.6080054447995047,1.4531814431708021,0.9180500483894036,1.1662892632902877,1.3668079861639926,0.8936675760417407,1.0327340264050429,1.6143291282691346,1.7344974644960818
3.389812451869683,1.9238210129198303,2.3566786286126593,2.1996556276190034,2.431517696096106,0.0,0.0,0.0,0.0,0.0,1.0304192571119328,1.528807819653656,1.4162240407488058,0.9399844420608418,0.8604944025418767,1.7165859226476547,0.6687487392415425,0.4454247625650076,1.5220885809265425,1.9020366656613859
1.374981946124649,0.09072637912057124,0.8084479786241922,1.577541035323348,0.6056871358188258,0.0,0.0,0.0,0.0,0.0,1.6927989154969405,1.7450984683060178,1.5786891525111142,1.236260326004081,1.4364864245256055,1.2119343497880328,0.9334791729491797,1.1338454195887169,1.3098477149146943,1.417777958972089
3.683512599663918,1.3980979375882372,1.8567194354423335,3.7659227329757656,2.5981155230783726,0.0,0.0,0.0,0.0,0.0,1.7705914798716462,1.5755371342007303,1.3938961880882632,0.9754779179416772,1.2756200407657134,1.1642395208323342,0.9178886019675001,0.9070347120667289,1.9361366064583774,1.6505503764684248
3.1795321076833405,1.970550619414641,2.6363983168922247,2.9565162178171045,2.477495212280581,0.0,0.0,0.0,0.0,0.0,1.4160451741975373,1.586184147609518,1.4150356590692121,0.8996295695688297,0.9389508729032294,1.3729133705575056,0.7916275228188158,0.6298874285472609,1.1360406195198032,1.701357810969626
3.1180490486035835,0.94922595185947,1.881270000231606,3.2643851400043404,3.1770195218136617,0.0,0.0,0.0,0.0,0.0,0.7271880455303885,1.206043709349017,1.2544512339294709,1.002904559692309,0.9385376669331399,2.8266017352934396,0.7241255747732638,0.6140198409115017,1.55675949342932,1.5570583285433246
3.1014144171039706,2.4080953546350123,1.935249932932279,2.067147846647015,1.3638537296679603,0.0,0.0,0.0,0.0,0.0,1.671515212912104,1.6492200145547153,1.4184975845864634,0.7470305900072004,0.5855849470692784,1.043972845796464,0.8290435201370221,0.6927856900599765,1.4572179275907475,2.740727031345386
0.7175727443750916,0.42630212789886296,0.5918139715145108,0.8660718286989763,0.30330785026044726,0.0,0.0,0.0,0.0,0.0,1.1430102378788793,1.3882112225194498,1.2268270299077262,1.0610586208392092,0.8252898550920496,1.6947256252671272,0.6420046245005252,0.8087587389418825,1.7175300424900797,1.3193860402102855
2.431825151553234,1.3828833116413397,1.0425604651535083,1.2220349385334177,0.606377218535362,0.0,0.0,0.0,0.0,0.0,1.978739425993403,1.4009016105346863,1.3659286220282816,1.1691638182234525,1.5033446613632369,1.0406581437713363,1.1684744899907828,0.9559036777153399,1.70995992471965,1.3997873400166614
3.716614352459635,2.940326463087734,2.7154322701541007,2.26517140233238,2.8626698845196366,0.0,0.0,0.0,0.0,0.0,1.7243745217039324,1.5701190243837209,1.3752863745689528,0.6406655611498208,0.6358066520993625,1.1027985775938887,0.8777859094957275,0.4929090061469691,1.7511090943170433,2.732203642168056
41.00107648196984,33.40408597194717,24.74230915204135,22.178786511526425,9.3077956771203,0.0,0.0,0.0,0.0,0.0,1.93877412473532,1.7063260739386157,1.5121107379385952,0.9636620530962359,0.9134172965370955,0.9833659233002826,0.8957111220667515,0.7732862431870725,0.7287333724316445,1.589412498827496
1.8050450988713145,0.6340609319414563,1.4112097029792376,1.50876126164897,0.26561480980426816,0.0,0.0,0.0,0.0,0.0,1.8521112801557276,1.2621768232677428,1.546916565021023,1.1824331382225157,0.2796797073682997,1.1076720829715,0.868532465716275,1.1118500980509907,1.7466372889756712,7.510744136321832
3.2185786689564777,0.44123052204022856,2.7500309895255737,0.8705806603839722,3.6034423117976204,0.0,0.0,0.0,0.0,0.0,1.4271345151660708,2.0762544048884393,1.7134913972770494,0.7621385666063629,1.4127363676597906,1.2833455288659896,0.9337078878551467,1.1569382777535662,2.1903677995779316,0.9784007598305395
20.366026008313817,14.97606773509601,14.739392574530218,16.98566189688295,12.319548948686304,0.0,0.0,0.0,0.0,0.0,1.456091309515236,1.5888024000565086,1.3833151737734952,0.9850209941761175,0.7455888715437687,1.22579065154311,0.8255199008092896,0.6479713687236623,1.4151011320592308,1.6330221165114764
203.30463249513963,109.63571167321129,70.88215734333143,49.9279024247885,35.65258053108077,0.0,0.0,0.0,0.0,0.0,1.6027887663554568,1.5305779606214656,1.799482079861711,1.7991423580625898,1.7598222841430509,0.9497444627292931,0.679526822093072,0.9497875392169532,1.0366312807118143,1.0875898818925003
6.570089205956926,4.236781707149744,3.835766025380196,5.822212045749039,4.551252378403578,0.0,0.0,0.0,0.0,0.0,0.9021710115218348,1.6709366456219052,1.3306952154163054,1.3619203148345345,0.7212864784412072,1.7274424882657338,0.7972393769772619,0.1431916696915,1.290575095420841,2.136824858058037
0.6842503306378098,1.431425740641456,0.9829759789421999,0.9197440280968754,1.0305575377629028,0.0,0.0,0.0,0.0,0.0,1.5166583642964842,1.3948983290383155,0.9799767875114425,1.9776049599935765,1.5802708407121449,1.3613041862269688,1.230084178688688,1.1900310755691912,1.0052635023309573,1.0605972647534
1.3719499985197339,0.26564969528691,0.5448835096013568,0.17585350285811105,0.794620722561286,0.0,0.0,0.0,0.0,0.0,0.9037485993852667,1.7423841008663432,1.4075846147537225,0.45780204112005113,1.0631914227572719,1.704570966563486,1.021635555204685,0.9204036882264962,3.2451697793037932,1.403498372139149
6.999416565141857,3.8575839527218085,6.026946651211757,12.013532924798904,9.125058609478888,0.0,0.0,0.0,0.0,0.0,1.2365234978708088,1.658963603442015,1.4071421368606658,1.7405264004580046,1.6134466298101733,1.2482797156123384,0.8471428743269588,0.6291969312289905,0.9213660332836306,1.1457357798325913
1.788698808948124,0.9371129931222443,1.020283115525355,1.6184499144756768,0.9594591854420871,0.0,0.0,0.0,0.0,0.0,0.9777905421667231,1.4259717907086964,1.3267816656508287,0.7957150730161165,1.094633701380287,1.8251748191979622,0.6422882007022772,0.9509341493857348,1.8364888365730287,0.35946040784579825
1.8442809319609623,0.9238430590140239,2.24849408267739,3.3033042179602177,1.9987480002833717,0.0,0.0,0.0,0.0,0.0,1.9470445404404668,1.5954848899322318,1.3172630251839872,0.971299009193765,0.908520830029429,1.0484549695266836,0.9066873060299518,1.1565846045576798,1.239809780088326,0.8711219204682839
1.1466843458762885,0.7548469285414283,0.33132582775454766,0.1767918793702082,0.1895268675606673,0.0,0.0,0.0,0.0,0.0,1.7779264248355144,1.7823438148849513,1.5180037289220314,0.9430880307738728,1.3403636388697913,0.9047607096403003,0.8709974699878772,1.0132002202265975,1.9194378340262712,1.4867407135536037
0.054026367208083105,0.012903192083943377,0.050183319440145736,0.07618735269780635,0.04269741311247426,0.0,0.0,0.0,0.0,0.0,1.9675074225246245,1.506831080859451,1.2824290916626575,1.5002859774404538,2.0411770003555,1.038281176206445,0.9947869369418243,1.3428188975371678,1.1601354309580736,0.98695382057926
0.4310570789890165,0.07956147286159951,0.09859683938727963,0.3031226948689446,0.21251419815534,0.0,0.0,0.0,0.0,0.0,1.77139466225003,1.8039161550159566,1.5991563756965375,1.745925086307026,1.4939886724229108,1.116857806595795,0.9714066460201032,1.3045304239985402,1.0830248585034374,1.2885328529821045
0.42063964638434237,0.4377191167135641,0.47641280372658334,0.6943320921079154,0.75386804847533,0.0,0.0,0.0,0.0,0.0,1.54285802275343,1.2287124086985017,1.15102161139228,1.3692376713231715,1.5286223315721696,0.9634962034587742,1.4128527740221701,1.355570625410211,0.40876354833958733,0.802092190481157
36.17263592904848,28.874037631936012,18.606599544573758,12.128624331934347,11.711618978472448,0.0,0.0,0.0,0.0,0.0,1.8035103183437882,1.7665041956465013,1.655021478604935,1.2797327671374557,0.592893524565753,0.8948715931324823,0.9292976768861382,0.8747988560738281,0.8057984442034362,1.8753462491423696
0.927425358497348,0.19791318205767844,0.5333621072934842,0.1677414690570096,0.6556540301795686,0.0,0.0,0.0,0.0,0.0,1.5717550191093121,0.7688831005402104,1.9579542078954475,1.8374080705153693,1.570336753951274,1.2835454558192947,2.608094602856029,1.0754018279633688,0.9465686729522788,1.0998078049437399
0.816233388785631,0.08286734323553777,0.43700474561191516,1.442675421165549,1.3386832333623464,0.0,0.0,0.0,0.0,0.0,1.6220120906461155,1.9499182310578789,1.6475407700998717,1.771323402153185,1.8202319902349366,1.1709874054766538,1.0221801625726612,1.1529814818915245,1.1692263887075904,1.1431838591559504
7.136025557464362,5.96349621873321,5.1055422473478895,4.888266964488199,4.575972564265589,0.0,0.0,0.0,0.0,0.0,1.6480901363399352,1.4747208091757142,1.2315121532038122,1.1524009280811163,1.1287712924975342,1.0499523726523576,1.0396554493817258,0.9634672495638611,1.0267745701605226,1.2136299983596894
59.35746793323462,47.73038514712548,43.6429588604575,49.12121237297752,47.971639721103074,0.0,0.0,0.0,0.0,0.0,1.5882286626123339,1.3670034382848153,1.0674239466288906,1.0670923322399621,1.3528363627848805,1.1527529012976867,1.1758081148311084,0.9321538078511529,1.0749790824542784,1.3296765175127228
3.3398876563211237,2.5014632203594607,2.0414752855080094,2.0473912726342527,1.6981926391697502,0.0,0.0,0.0,0.0,0.0,1.8866148515186516,1.6439673714538676,1.3783850325397824,1.1883333311962083,1.1681892446940216,0.945216255035751,0.9541530290285318,0.8222850555608678,1.0536814275632687,1.4697436791384046
8.859126394787816,6.913647343133602,5.625995288262448,5.872924264571567,5.818729501517522,0.0,0.0,0.0,0.0,0.0,1.8578501957557516,1.6289876776344046,1.261952526087704,1.1760039408584704,1.3917932689174248,0.9948842746846115,1.0350713323239071,0.9302373240356724,1.0073781802340518,1.30712166741046
7.6493211934040914,6.434528231846819,5.223819168821532,3.2842921533927005,2.476601038133597,0.0,0.0,0.0,0.0,0.0,1.728817876900346,1.5952788881242288,1.4243173355605059,1.1999689900500583,1.0036650050907143,0.9688161254836392,0.8957271414973612,0.9203559606016155,0.8534878215030146,0.9194540183547348
0.947320636690687,0.4421291510702881,0.3030123351789485,0.9504869848213368,1.734058047306775,0.0,0.0,0.0,0.0,0.0,1.7666828357546471,1.539717321060816,0.7758657660428785,1.712929330920407,1.8059367556916899,1.18049332546038,1.3396662436322528,2.2812126775702177,1.2040127632494781,1.1099238471515833
3.567207912267211,3.350427129587797,3.1619559879249066,2.839606574247789,2.2705498762637317,0.0,0.0,0.0,0.0,0.0,1.5981709494746639,1.3734762641975764,1.1025165304740652,1.0457196084582616,1.1610120299803464,1.0277737896073518,1.0889718257737846,1.1209901478121262,1.1045667344379306,0.9797244645532688
3.065173803795,2.9929798948664654,2.0123379834205166,1.7340818229516515,1.2436841089573467,0.0,0.0,0.0,0.0,0.0,1.6651509877945982,1.7081448883605774,1.5006574536301298,1.527418291710025,1.0666972315058552,0.9214566412287597,0.9226800722785616,1.0093896119850805,1.0242196711895302,0.19139084366239756
6.165763468251681,4.556458016514041,3.1089887522990916,3.5407171049199633,5.959288109348725,0.0,0.0,0.0,0.0,0.0,2.012723921351892,1.8102461457080503,1.3114197597667998,1.293682273156708,1.4841558743844645,0.9626144268554964,1.0373786425315736,1.1411399333452785,1.11762798644584,1.1462657330752237
6.29550669672344,5.559253817377044,4.768264707106647,4.172428697050932,3.2197581786829472,0.0,0.0,0.0,0.0,0.0,1.570066955688767,1.4716896573443805,1.2835627345274692,1.0655489701869894,1.0273456240366352,1.0277312159926129,1.0076274847382631,0.9202683743008152,0.7177895098287482,1.1610439424749734
3.2792646138816357,3.027975779209428,2.6491896432929503,2.578227495223292,2.4899630824259487,0.0,0.0,0.0,0.0,0.0,1.4526997403035147,1.323826579992683,1.117667474944453,1.0381827038116176,1.2799316662516398,1.1896072777078157,1.1928940374137662,0.9413672317555367,1.0882662300332646,1.2584520721358958
1.1557541170498817,0.8123135766094762,0.34772432272434145,0.3813416343644288,0.659025864628189,0.0,0.0,0.0,0.0,0.0,1.8307471246557447,1.8663997780020167,1.2225992303634468,1.3828129443486898,1.6472823124240341,1.0225421229889091,0.9015188486450598,1.0900430690462948,1.4469282716961986,1.1528857150653535
1.8237906574226195,0.6316620935338263,1.1787190094535687,2.5097807056973105,2.3678187447085373,0.0,0.0,0.0,0.0,0.0,1.4174978305666497,1.6595428588140781,1.0549225247116523,1.5973959149194983,1.6160596608395998,1.4374778780181057,1.004076833923203,1.6167059103165478,1.2729257576964819,1.1379827195971237
0.3150884945280342,0.05904806426033811,0.3782042488232087,0.27426343973556394,0.7149271652032436,0.0,0.0,0.0,0.0,0.0,1.9589895749474013,1.1728071067125663,1.9780155684745893,1.9640599749948056,1.7350730578643752,1.055445457730316,1.2515973483623322,1.013529688766913,1.031124448518061,0.9356869968374977
119.40978650783248,94.46140780961107,72.2472358945969,72.23481584098104,77.7547446613446,0.0,0.0,0.0,0.0,0.0,1.790523540333181,1.694475183206861,1.3929661859211209,1.0802691468266596,1.239205663370807,1.0072430469958304,0.9843892950793262,0.9314654733427674,0.9836204663588405,1.3385323182426767
1.191274591744609,0.4173065291899157,0.138483656050752,0.6978045486171253,0.7349758797478092,0.0,0.0,0.0,0.0,0.0,1.285277692501363,1.9156949001280783,1.7500933870415938,1.5283122833471405,1.3921759906545619,1.2282863305427074,1.0662261777051179,0.947645240058439,1.3194038128144865,1.4477303487969795
0.37716627151813176,0.3149999708668138,0.3557746053940608,0.31498258877099206,0.38558781400500813,0.0,0.0,0.0,0.0,0.0,1.184380721105059,1.755374637479024,0.7947578138348892,1.2303796279130028,1.414631575512624,1.514362276387436,0.9230174269555339,1.7318276348965105,1.3863105332031178,0.947817597617142
23.218428613674014,19.979401467668904,17.70587904098723,19.015433970142375,19.71645987212433,0.0,0.0,0.0,0.0,0.0,1.4294948969075822,1.2662393228999764,1.041782267854046,1.0204190924334662,1.212984310346518,1.2420530963831198,1.23880166469015,0.9231826975731334,1.0424853231045201,1.403425820859444
15.788598000723905,12.588108803514402,7.623766994392987,9.043797375742134,13.733936618082888,0.0,0.0,0.0,0.0,0.0,1.9817914894454145,1.8278075869044028,1.3642536632190565,1.3675769935960915,1.418094829592372,0.9697725313989326,1.03369637701191,1.0724441514845044,1.2277559940295824,1.1837408012389619
3.8653829955473746,1.8452863549759198,2.059607040507735,4.1440386451263755,5.057161753969263,0.0,0.0,0.0,0.0,0.0,1.5852825206930454,1.322952677834296,1.0609302807737868,1.3223984575779397,1.6300030209911902,1.2884696506232158,1.3252041950567732,0.8835136501064927,1.3536599487811212,1.2742600536430604
26.67494331049258,19.30009644574145,9.982146857803265,5.713457200124307,8.146185960212588,0.0,0.0,0.0,0.0,0.0,1.6581964456212284,1.6484507750146147,1.647140081339877,1.390266233426639,0.9158850192559029,1.1291430213189568,1.120259773462791,1.1931319500393374,1.499283580979296,1.2092795559175231
0.67921576736743,0.6920781871083341,0.7072409232522153,0.5969406501479224,0.49340063542414425,0.0,0.0,0.0,0.0,0.0,1.6117322014532232,1.3888495122426716,1.2246530812728194,1.2790146606013548,1.3487363147775162,1.0025700273708342,1.1583669171632718,1.236650099052925,0.8874367953694464,0.7978811224616765
5.825024212099316,3.4575668819254233,2.982924010652973,6.533329375785445,4.847509883829631,0.0,0.0,0.0,0.0,0.0,1.9495183049492677,1.8332657909045644,1.3985288113664336,1.6373738205358497,1.2574789886688522,0.9460593523335593,0.9471691121011251,1.0059881124522196,1.232613142859172,1.381012168982868
0.04778484930175966,0.004988238056653418,0.013794792947218488,0.03921690174896711,0.033981420882358185,0.0,0.0,0.0,0.0,0.0,0.8063316326841184,1.8143597527080617,1.4112659622695296,0.9125139554356345,1.5433254885189125,2.0403665940475073,1.05820531712311,0.9376144929920829,1.97024201415808,0.661197052458964
0.12121128997664177,0.17258352781801678,0.08835727450687644,0.079840725380118,0.2189247591659639,0.0,0.0,0.0,0.0,0.0,1.1441634436165327,0.8740643488101999,0.9202376022870875,1.444981287013323,1.6643217278528692,1.52517823687815,2.3526620044044337,1.4063856669116108,1.1342495697987194,1.1906668453296787
0.27312505448496205,0.18626272581399944,0.1511364034296835,0.03855310379324128,0.09815363741655811,0.0,0.0,0.0,0.0,0.0,1.9609686272732145,1.8274242079894236,1.326956114009319,1.1501140559093883,0.9421972152992055,0.9814371804264376,0.9676629809837367,1.1648658600495476,1.750909461330145,1.23883135989961
0.7415988858872946,0.6014098649485631,0.5970980609036212,1.0410696305815592,0.504191350112005,0.0,0.0,0.0,0.0,0.0,0.878082958175116,1.216502292061808,0.9240415416903447,1.031686457435794,0.8413693444579878,1.3188114719528483,1.525603300336821,1.591303912168607,1.059517020224374,1.3085926926375846
0.9066635589259671,0.9119592519393638,0.47042627849061097,0.42337155101994217,0.5314118600406209,0.0,0.0,0.0,0.0,0.0,1.4880603107626118,1.2609097273987235,1.4021062891214966,1.1963039616961255,0.34132409409747466,0.9300331898448901,1.251180843136224,0.8725707019838502,0.6226731808679763,4.760930349568859
2.980536721240904,2.6022471163958256,2.220477410316879,1.784921170231062,1.4028010718241404,0.0,0.0,0.0,0.0,0.0,1.732984583447764,1.827052915376747,1.9368821810558396,1.540212340423946,0.8243936783889594,0.917180307250502,0.9010016547235072,0.9248245923983737,1.2395281575577752,1.8637757406092708
0.9862807215245211,1.1339215086148895,1.0640449338200118,0.8861929628971874,0.6425234411801549,0.0,0.0,0.0,0.0,0.0,1.0606462808932806,0.9388842732984359,0.9627818616312596,0.7720938652229358,1.2577070862227093,1.1330112624085822,0.9745429689433984,0.7757603279374783,1.8563970440120232,1.4143868697862043
1.321684253483928,0.6261783983259153,0.55131562304647,0.7263465999131784,0.34252464636554736,0.0,0.0,0.0,0.0,0.0,1.0361279546669853,1.092950420548165,1.499161443628184,1.519155279900728,1.7194215392328773,1.546591600382696,0.3723621245914014,1.2721341307982483,1.261037250535622,0.8830012660956869
2.3486057140308123,1.9321891539925382,1.277304904136832,0.5014335158691591,0.496252394544695,0.0,0.0,0.0,0.0,0.0,1.8361990934877432,1.8784598991515398,1.843546758026568,1.6745149226864091,1.906568126087567,0.9273522004069504,0.9371537954522154,0.9438059172454961,0.8962605290959135,1.0149100442401975
2.339785902588895,1.6947860846770078,2.881306338744265,0.5449115727006391,1.4872905913153651,0.0,0.0,0.0,0.0,0.0,1.4213080024634912,0.7234217554180331,1.23014312911577,1.8089741013083607,1.1933613047857223,0.9908063149803021,2.6014413363653475,1.5368752284565954,1.0210515100828972,0.623255968119292
3.1474017610608893,8.840193401686786,6.858602909299867,3.137222111142259,7.817915082307725,0.0,0.0,0.0,0.0,0.0,1.4166102450701274,0.5931227409418848,0.6550158035664873,1.4144049967933094,1.1794757540411793,1.1585459280659836,2.7534764127467435,2.494459483467468,0.8612976128653911,0.7284571053246867
3.784205027478163,3.3607550976810217,2.5968943694858764,1.7825134582048043,1.0969689755066216,0.0,0.0,0.0,0.0,0.0,1.2002757937811466,0.5302325871349312,1.4541290385605092,1.92432932661237,1.6301396415091505,1.2063665554839045,2.473014903711862,1.3556417036957713,0.9079811462702589,0.8686901536001721
2.702404803505072,2.4250693698015175,1.3980703551192448,0.7438338413822155,0.1448772037736772,0.0,0.0,0.0,0.0,0.0,1.7497270363244317,1.6682650201561393,1.8255777281930436,1.7068946693884943,1.823047234587381,0.9636434193711442,0.9915617552750807,0.9416593541562132,1.1144150131640764,1.0697095175106142
0.8029140899711379,1.992581672709821,1.1754569940116355,1.1595290607227158,0.5239164865919806,0.0,0.0,0.0,0.0,0.0,1.6476768886360709,1.2542195586431117,1.0486745164509896,1.7765386679165902,1.7841028272807908,0.999370954658645,0.9249727270389237,0.5747312791220158,0.9232186432321182,1.0482747859734451
0.6632756505280109,1.0638862620277139,0.9265446999845632,0.56836617703076,0.8694769568687706,0.0,0.0,0.0,0.0,0.0,1.1724319134054526,0.6440008656356474,0.7047389592341026,1.4005075016393422,1.288219696683943,1.0939099853291983,3.0172829704636746,2.735994166834705,0.5636316686935374,0.35625005412291194
0.4391198893275524,0.532860980100191,0.3452437964405435,0.13233612443462353,0.14080914740875966,0.0,0.0,0.0,0.0,0.0,1.4655233541234705,1.0147954031547441,0.9138075160751804,1.342134780504284,1.6986220758524244,1.0176398847504207,0.5196277720769346,0.4811717247918246,1.452651442606488,1.1715616540373188
1.672196055634006,2.3558489026105875,1.238236145771198,0.7614126527687111,0.40073826649141314,0.0,0.0,0.0,0.0,0.0,1.3297160339859027,0.7911148416326417,1.3075944811747249,1.6944338422474046,1.646370037894877,1.2086038533588732,1.8025974951388817,1.4244620644752477,0.9336700287023604,0.9414907568973491
0.887642748845472,0.9003745015259277,0.8617227764109711,0.7414352427698624,0.8609820019447267,0.0,0.0,0.0,0.0,0.0,2.0394663492955347,1.7682035597805574,1.7233253442130054,1.570494631903035,1.5096507756538933,0.9251947154410637,0.9243255344711786,0.9593389298789238,0.6961441841133398,1.1458372713621985
0.678849658556034,0.9371873314312348,0.6133628737895499,0.3601008802686072,0.3801880263601799,0.0,0.0,0.0,0.0,0.0,0.6964670474138689,0.6725612787578549,0.9640485364292325,1.7181193476755228,1.7446745516395552,0.2653801700065389,1.8864559175996047,0.6653039810757915,0.9244796595869834,1.0451657648570798
1.0369286540609841,0.5877172611923089,1.3848387109220683,0.03047621664314889,0.7297889948659886,0.0,0.0,0.0,0.0,0.0,1.7186653015910027,1.2130183484187411,1.6385879310339457,1.978168353014125,1.9402939492083877,1.043984129980483,1.492886683722595,1.2202791402737692,1.019063734450089,1.0061498784249676
0.31682544752241776,0.49239462347433605,0.8010263397986209,0.7297398745745314,0.8947529510892034,0.0,0.0,0.0,0.0,0.0,0.8468071409135284,1.1310118203423554,1.1043512790211578,1.4861724137793513,1.7821262468915005,1.386951970986091,1.3684576167192197,0.9940785733342117,1.3044217412559704,1.067982882602958
2.477535358330696,1.5185599250402753,1.4598785721683862,1.4883664511590715,1.204504671298325,0.0,0.0,0.0,0.0,0.0,0.2501053667269539,0.6013733561921735,1.2195234788581606,1.3022193282353929,1.2899523234330081,6.499578807730827,0.5895447039567482,0.15791528752503514,0.44541214755223735,0.9726866931784639
0.43652312258353076,0.6859685271407647,0.3605742197298199,0.6603200586895263,0.5231366909929716,0.0,0.0,0.0,0.0,0.0,1.0440138224209399,0.49294072966562014,1.3014875940119128,1.4858110719432447,1.609030003834628,1.628944068142274,2.6802463136280994,1.3016959900532725,1.082587602069121,1.166270966843703
24.137575874692764,20.588856726653333,14.72789405100131,8.290863454128559,2.973006003594728,0.0,0.0,0.0,0.0,0.0,1.7975616629439932,1.7736566359297232,1.7770789988742868,1.603635820351826,1.5910243125545478,0.8830338800500338,0.8917687741216554,0.9203903721256773,1.079538201112418,1.101054828958267
0.8107548562607396,0.007892932825884802,0.7139286701277314,0.9378324625067845,0.08355254616733279,0.0,0.0,0.0,0.0,0.0,1.7967953541068864,1.5457517598443626,1.786457927980944,1.6823967698490925,0.6423569189490825,1.1275896335841038,1.2482320572842636,1.1226531773925794,1.14317716809388,0.9708904969966031
0.0911950906067604,0.24028308885817307,0.10590939374217918,0.1842204179390528,0.1477984253207048,0.0,0.0,0.0,0.0,0.0,1.4457226774916627,0.2928175749969608,1.5765588269529178,1.7185389765506638,1.7498797706440283,1.3311253902469184,6.681603695264749,1.0464123761918225,0.9893818647564311,0.9324330722513291
0.7755385422827421,0.9027575740392966,0.7836556523895782,1.7848431161021452,0.27126591304745024,0.0,0.0,0.0,0.0,0.0,0.838816079829839,0.5549360012208626,1.489377358945597,1.4077922327775947,1.6295195433664706,1.83080027171378,3.4258855865622353,1.0076746238510685,0.9329156727146244,1.125206263098842
11.671172156149206,11.713532319274037,8.981849486731221,7.944537990461413,7.742638840620748,0.0,0.0,0.0,0.0,0.0,0.49140198385996015,0.6525888483484548,0.7167166819375552,0.9719195261211929,1.1328659731493274,3.669543626110709,1.9217230027567473,1.309011577696549,1.7480725384547247,1.3225985742361048
6.846388731424122,6.223467316233041,5.438523775444095,2.883946069188953,5.074012752794518,0.0,0.0,0.0,0.0,0.0,0.7629216451832311,1.1929022632115063,1.164471314889598,1.5910799456508928,1.6634478443468703,2.0848530013874607,1.0265702948961346,1.0172494168950912,1.0778902319800514,1.11675860956486
2.9815703036676036,2.504949032791234,1.595530026252826,0.9111902756946879,0.19156039254867427,0.0,0.0,0.0,0.0,0.0,1.7512984882475269,1.777540826981613,1.8504780922122748,1.8320957474754433,2.0144900424452294,0.8998408749583001,0.9104794374249402,0.9364378147031691,0.9634963353533653,1.033648468293055
0.2801646822959497,0.11608160026143163,0.14606637263814684,0.18100588681887517,0.11146601764594644,0.0,0.0,0.0,0.0,0.0,2.0098417402831936,1.8024611789156735,1.4064753552664915,1.3403339216941585,1.3877730594757007,1.0200759294781565,0.9530378378228556,0.7630402606557026,1.1019627436877348,1.339774843793467
7.87569747933661,5.983375617637922,10.085443764860106,2.264244680927499,9.955872889159526,0.0,0.0,0.0,0.0,0.0,1.6056526618150693,1.6815850854761138,1.6769078426023247,2.015083416685396,1.789502375783477,1.2776972500891148,1.1432178353355276,1.1089838465447552,0.9613294395213458,1.1264146321652477
0.024198879103561742,0.12524704817920732,0.1738757269502012,0.08867627983561217,0.21305569902122773,0.0,0.0,0.0,0.0,0.0,1.5791812182335017,0.9811591758058694,1.1531515054751942,1.7313002273965945,1.882649702560534,1.0502889723266984,1.7123741867179298,1.3604739611222263,1.138916346023066,1.0666034673755116
0.17486016517990807,0.3000443903090644,0.07979853875216998,0.030043113927801575,0.09250747064475948,0.0,0.0,0.0,0.0,0.0,1.4954216339892261,0.46083002602434164,1.4984011570944769,1.75040013710636,1.0294791366266978,1.0150112445239237,4.267371653183305,1.1968345653713646,1.0809844703198128,1.3559002062986205
0.3293743376638066,0.3847711680218472,0.3136726283208544,0.2465041763882292,0.3015072291368526,0.0,0.0,0.0,0.0,0.0,1.532404327019156,1.1752384833843124,1.2101963359300965,1.6666475301472128,1.5315129215506493,1.0130736765832384,1.1739460147192482,1.5274498141196993,1.1151866471934695,1.1243364398646196
0.5564598945327013,0.44378580552388025,0.3419318395062859,0.2860857210833233,0.15155482186219346,0.0,0.0,0.0,0.0,0.0,1.6122535052943836,1.6041915088184355,1.821670546363982,1.6645280341619153,1.719715666561845,0.9034554824419816,0.7676184556233907,0.9216049356878669,1.1623751989240245,1.0633249239600122
0.39842714792523326,0.4104924744230146,0.4835304849615546,0.15998434615952992,0.08126110687561136,0.0,0.0,0.0,0.0,0.0,1.7828668234031602,1.7037692262218838,1.4051460360057808,1.7798350855269842,1.750758821633139,0.9879822794222787,1.00293798824253,1.2141787231026933,1.1491681808584175,1.1683250206660665
3.0577965516275416,2.62821040775574,1.96111110222339,1.3817318862355652,1.3640239140493162,0.0,0.0,0.0,0.0,0.0,0.9128250825834231,1.0689136114194044,1.4170730354525427,1.528908017333911,1.3363211497911844,1.8037736584728445,1.018910511983126,0.6158645112039973,0.8165608248670557,1.1302230885689073
1.9487462833720142,3.1163054931277503,1.270633365689746,1.6507863978633353,1.8163789608944778,0.0,0.0,0.0,0.0,0.0,0.7393638959146951,1.0412343371741777,1.1542703376830137,1.5075688796626323,1.014820486580831,2.3108186959753723,1.3003032340279392,0.5717049096157397,1.0201514145159445,1.0482336632090157
0.8125653041251601,0.7469774060811326,0.6392397255913643,0.6664732647427706,0.7620666563057481,0.0,0.0,0.0,0.0,0.0,1.4622963960179536,1.4046162983104866,1.476220098510491,1.438337429874504,1.221778650141367,0.9231786995879628,1.1112444758666318,1.0456854174394858,0.7533429684030354,1.179753071200405
0.26045444026264486,0.1437137591908349,0.15813997770868254,0.1521143816420841,0.11948517315037528,0.0,0.0,0.0,0.0,0.0,1.4867511700359726,1.5523906388147712,1.7447084142139537,1.560677514181249,1.7341851257804637,0.7356797769373125,0.7362032502761293,0.9415473602849601,0.9009894208623307,0.9775477172655576
1.6096639258997523,1.0368756659474223,0.38119635575661703,1.0599936773970122,0.2386650514940039,0.0,0.0,0.0,0.0,0.0,1.3362527842014669,1.6258431045846882,1.8962496430801166,1.7587356729220984,1.7719549221039397,1.0391800492562944,1.0812160038045164,0.9062880036897352,0.9100135534254128,0.9263639611864376
35.58757872877548,32.636375438276374,17.240313666378945,11.643737949262988,2.169815362092615,0.0,0.0,0.0,0.0,0.0,1.5311038995695951,1.6386842394376875,1.842340109293839,2.0632163103294094,1.2676092614263934,1.1480001566257592,1.0347073595652,1.0149242129351046,0.9676979311963972,1.2523730951892598
1.6845443548992034,0.6273464709810056,0.8683371270528868,1.063047770733474,0.26034846452701843,0.0,0.0,0.0,0.0,0.0,1.4338162775344105,1.326913308356393,1.4744612924782259,1.443197583421789,1.7902753641050475,1.2849502519196208,1.0619047640646233,1.3708771754945743,1.2346936861629547,0.9589721299064172
3.1996727732715144,3.023390867837148,1.8664002885630846,0.971264830956929,0.0480986406417077,0.0,0.0,0.0,0.0,0.0,1.4420497065072662,1.4897456495309995,1.721446528091921,2.018616561601485,0.9887821608459753,1.2607196753479482,1.1788373311708995,1.1051117448315777,1.0312456081312589,1.0141203059209583
1.1240926652855239,0.30600836344282917,0.2731238929012419,1.0508309272263194,0.6312846671963565,0.0,0.0,0.0,0.0,0.0,1.1163758540908846,1.6537813182824526,1.3807522665501226,1.5545469834633083,1.8248108252922393,0.6591370875400867,1.0481970885436063,0.9510814134761801,1.0518497321432996,0.9701072567396846
1.5203673345772417,1.1990493457085347,1.1237744937106902,0.8114385806666407,0.4015588994128144,0.0,0.0,0.0,0.0,0.0,1.1131058931057671,1.298860887037342,1.6571149899238085,1.3002006298666768,1.4452931253980978,1.432760532003609,1.5986987787903113,1.2717266000196468,1.0704191864758978,1.3291738394859611
1.0466726252505456,0.8040298944877758,0.3734314218015896,0.33915357070246455,0.14420418617235878,0.0,0.0,0.0,0.0,0.0,1.69292259997333,1.1654116649207311,1.4345176990878261,1.5428593113020121,2.080943488911931,1.0926572342846261,1.03497514230263,0.9042468801092166,1.0900591561065525,0.9852869863113558
2.1070369747256055,0.8452149424101503,0.39954294627920994,1.179291761720924,0.6615125270322828,0.0,0.0,0.0,0.0,0.0,1.628897550619757,2.000963667665544,1.3461488696370822,2.033944760829568,1.3693716322150622,1.0770802466220972,0.9167805815130111,0.3306897034159223,0.973256613011598,1.094802511887888
3.257693106564443,2.6586001453148804,0.8315868734462011,0.9612790018809181,2.727518943325349,0.0,0.0,0.0,0.0,0.0,1.5399339425548775,1.143202601661933,1.2983145689372242,2.093165804731295,1.9282097523483308,0.8152883301691043,1.6650689164437293,1.5135818292347434,0.9700600261149915,1.0129951211939505
0.6041773689183538,0.46003560015443073,0.33630747084097184,0.15244026272088712,0.08329228320669971,0.0,0.0,0.0,0.0,0.0,0.9349239102854632,0.8627816549359557,0.7932794161589668,1.5257729878119113,1.2748536614826742,2.035006041952969,2.055890014424742,2.513179885919332,1.2190478573685084,0.828676474465934
0.23263197960878673,0.2856655621581851,0.3136161744990043,0.6160783077404025,0.8399251387691857,0.0,0.0,0.0,0.0,0.0,1.2699555273566923,1.4073825450506752,1.257365358938721,1.6822111542834475,1.945950474146133,0.20923371345803993,0.7329216799621707,0.5567003225839123,0.9791569231347484,0.9428533229788201
0.5902381216606866,0.47840843514738013,0.45356161349517715,0.4124228238487898,0.20280187894117868,0.0,0.0,0.0,0.0,0.0,1.7020375030281456,1.90144577160706,2.0305428291116163,1.673063022192668,1.5389481806703222,0.9696256788559425,0.9026093563536898,0.9895722667090038,0.9684145100866423,1.0881426033630999
0.7168662499456219,0.31248043735821857,0.1262470906422764,0.7684047998716486,1.161937684888052,0.0,0.0,0.0,0.0,0.0,1.5501359105934314,1.7106432350215517,1.186400821510113,1.7592727627743225,1.9486778106571319,0.7823768518452181,0.9918685966363912,0.23923739544976533,0.9868240761353136,0.9888902046622047
1.7474605691671194,1.1066703546677379,1.2597678833046433,0.47885483188039046,0.2700515358046065,0.0,0.0,0.0,0.0,0.0,1.189973881640341,1.614042963880079,1.5070693686695615,1.1042862964813367,2.015630563565477,1.4182681088618159,1.2267161984984392,1.3760483300472854,1.5321605525616495,0.9357142774565694
24.34900664985428,26.53086907251809,18.927901955702342,7.954344488635532,2.0176504376214983,0.0,0.0,0.0,0.0,0.0,1.2812188620842324,1.285147841564637,1.60340515533335,1.5340228366870015,1.3984740658440757,1.3530721172421551,1.5209909264738735,1.2768242335605793,1.1980826427243259,1.5054837461617987
0.9428248868607989,0.902943943519797,0.8387125690977502,0.45086733416487734,0.3535059607159402,0.0,0.0,0.0,0.0,0.0,0.9778715951106791,1.0701978635015454,1.145068630047968,1.3847321171204625,1.771727978184962,1.8163307678108918,1.7276991185993662,1.7042564128431406,1.1893124706522602,0.9012516587220697
0.4955440394651077,0.2145246941857461,0.37802813768185173,1.0925831618486306,1.3214755799035374,0.0,0.0,0.0,0.0,0.0,1.6756531240811825,1.5812108824377906,1.6525756583937312,1.744463297516751,1.9402718348390193,0.9629196719226109,1.2476550574793068,0.9424897006647225,0.8970130837745067,0.9711738703570514
14.9099210429459,8.874981202856484,3.9859358018610522,1.5773289422449763,5.197297845568159,0.0,0.0,0.0,0.0,0.0,1.6918877174366276,1.8413919217108135,1.8386093445447822,1.4718377971149588,1.4931044772365754,1.1214928452929118,1.0038504648108328,1.0000075095925043,0.6887707270274334,1.1916929911111913
16.6044784223761,12.498032930822143,6.705191828075637,5.358462139764538,3.4057165696534972,0.0,0.0,0.0,0.0,0.0,1.9013606577293496,1.7054814454265979,1.533375391085173,1.7856398592355853,1.7133853072113339,1.0439170899764025,1.1047495214175296,1.046617534447959,1.0043243312969292,1.1393329425416063
9.543266840380344,5.741144066016073,3.9736638207318222,1.6178828481717205,0.6913900061242899,0.0,0.0,0.0,0.0,0.0,1.613300767178215,1.8459707773987368,1.8248658247437508,1.799985036405945,1.571778916134244,1.0923765339032636,0.978717007401364,0.9692945952236521,1.014403211241732,0.8468310089868027
15.002438719723795,12.029970194321573,7.42146321214652,4.379905890449484,3.9926391364768703,0.0,0.0,0.0,0.0,0.0,1.4028759777815918,1.28217919024843,1.1373748497617875,0.9046838010605718,0.4953351854500954,1.102372630389686,0.8844858293540275,0.569930892787469,1.9261644188357672,3.2543699845052427
0.42589433357550205,0.23065910063372752,0.28303639449548695,0.2600133605333183,0.18320654552975973,0.0,0.0,0.0,0.0,0.0,0.9106564767063795,1.0377991152566732,1.353269847606032,1.372602776951927,1.2620618785127413,1.6397598479980335,0.7053587502888542,1.2159547287151904,1.169635300190903,0.5356661467919267
18.510577534097457,18.963339251121326,22.44964000922397,15.38588673580235,3.450861803341708,0.0,0.0,0.0,0.0,0.0,0.4705409369287559,1.324046775070364,1.4006233547637748,1.7291227713931991,1.0840849724539858,3.7533957188164595,0.5366566539282382,0.7509791162001097,0.9291304601406886,1.599656150222207
0.31495755109374735,0.0556776108378346,0.08935770380908965,0.06233810745097747,0.06959607055485359,0.0,0.0,0.0,0.0,0.0,1.4767704547291698,1.5193701902068,1.4244830020534072,1.9775623364371744,1.295457316030311,1.2228533275316917,1.0593932789659444,0.9660565095698175,1.001361897654583,0.21273978982298153
0.7258555003346305,0.30702882184813435,0.2109542958286439,0.2317636562183767,0.4031509278311748,0.0,0.0,0.0,0.0,0.0,1.9700171761351182,1.7690981376478114,1.6468105075392419,1.5463793321847261,1.2067308318309526,1.0036684722246705,0.9437697273538251,1.0904984810965697,1.1236123837118595,1.3162271672697454
3.0255995419597146,2.600408845171646,1.1634247951204804,1.1817019580888515,1.7919757212111864,0.0,0.0,0.0,0.0,0.0,1.6224612773981082,1.1827093142584861,1.0828916823086487,1.199031940416792,0.7814518555165524,0.9061926838211464,1.3004659399643395,1.1103477745475758,1.208049433650391,2.2421032671147456
0.4879999486101174,0.3551418721578132,0.5232973565293545,0.2676605791482124,0.25959806047593187,0.0,0.0,0.0,0.0,0.0,0.9657549362987333,1.1829013891967548,1.3771852373316553,1.6678061027628002,0.8183353257859407,1.8558721128386366,0.5500541862450702,0.9329986398073374,1.2392176199978842,0.5523469000737353
1.8477509721567693,1.9835877986753154,2.156862823622387,1.4788171115768187,0.6321622152473017,0.0,0.0,0.0,0.0,0.0,1.552233630024274,1.0743692269156457,0.915604457352762,1.1204634546060883,0.8118551987902328,1.0525141602766892,1.1640619000884205,1.1580059004931573,1.056368603117239,0.8043000785327108
0.28033476987654843,0.5434936111274368,0.5978738048918963,0.9682402139448243,0.9337189901570924,0.0,0.0,0.0,0.0,0.0,0.9491931062458655,0.5711597020732653,1.329358018948024,1.3273107662197683,1.5373436016845539,1.7389361357867719,0.8915630057033472,1.2355369110935164,1.2206093392504391,1.1255329367934144
1.8162336907513918,1.3021076834862146,0.2141568869979497,0.6159332975973488,1.0932686856299134,0.0,0.0,0.0,0.0,0.0,1.6066420976970857,1.4253813194562064,1.5976562279713309,1.5519778929699448,1.8072242740658748,1.0602787690038957,1.396248374771255,0.9835386484687134,1.2903981547976486,1.1394963274077252
1.9226843220732448,2.3295114094992218,1.9845898290351038,1.2107524575337558,1.034594094724633,0.0,0.0,0.0,0.0,0.0,1.3246486336570857,1.0295921157577954,1.024840079236109,1.0606840658692895,1.031192947661356,0.9916635941605708,1.127570970250776,0.8373506135537057,1.168424858120094,1.4605496724968912
4.669001401742305,3.076176573232509,1.4606113581229345,1.1048362238683036,3.270781329642537,0.0,0.0,0.0,0.0,0.0,1.7545219481187218,1.4568888817499883,1.711281997547171,1.6391181081137958,1.5365523905282177,0.8883196688754819,1.0908491564895089,1.088191842252456,0.9894027053020155,1.0466557283284392
