0,1,2,3,4,5,6,7,8,9,10,11,12,13,14,15,16,17,18,19
0.0,0.0,0.0,0.0,0.0,0.0,0.0,0.0,0.0,0.0,0.0,0.0,0.0,0.0,0.0,0.0,0.0,0.0,0.0,0.0
0.0,0.0,0.0,0.0,0.0,0.0,0.0,0.0,0.0,0.0,0.0,0.0,0.0,0.0,0.0,0.0,0.0,0.0,0.0,0.0
368.3620279175069,175.3917113455546,101.01914104034488,121.36396609133779,251.5085737693966,0.0,-6.481882002829177e-16,0.0,0.0,0.0,37.60186491235114,20.565437101972552,16.251863513907924,35.49585081811488,48.259141259056896,-1016.9582158255913,-409.2703823833961,-204.662871775816,-300.2825913116231,-686.8663556201795
100.55154302350559,44.33767547160525,52.07848565895744,62.917445220421065,79.69457791300256,0.0,-3.2051420296724674e-16,5.45747616713112e-16,0.0,1.4265316499413628e-15,12.536414045942127,8.097535281241852,12.299735279257028,19.790255635440012,13.942289577744793,-202.11510115923147,-73.53427911128068,-92.73983354301244,-134.80379986943012,-157.18730450704822
106.8512277162547,75.58687051837384,19.158484633132588,36.27518276954602,66.09911640574947,0.0,3.760138399101361e-16,-7.417525439682125e-16,0.0,0.0,7.73395232812062,9.412452032805515,0.3314402588365501,7.9075269295430575,15.020762848060558,-207.98830618444126,-136.85297891839656,-16.034906930204677,-54.9624010532842,-136.26190511871548
68.44798683499495,23.379428138291107,22.149402286558583,28.993754415618007,34.82273828150547,0.0,-1.2156717119977196e-15,1.283181779024881e-15,9.802700617169519e-16,0.0,10.633910318049125,2.3780451820352675,2.3884437447413704,2.747553808834693,4.499004389023922,-127.31144386964792,-24.106506937710794,-22.80134089602921,-33.523512381253276,-46.54502562678534
50.35571443684773,26.44391786821996,18.82224971082508,23.978569141197262,37.17227929367211,0.0,4.0304697244618023e-16,3.7750149247645556e-16,2.9632407654355246e-16,0.0,6.528264429833819,3.871490186647859,3.6172942433545248,6.448187675797323,7.374849454764081,-80.38403969876752,-32.98479891380554,-19.67173912561173,-33.56373358290979,-58.32931994940911
151.37020101253606,63.31422475059074,28.877583912900015,37.16512874743354,68.69233270662353,-7.510516400265651e-16,8.977985450303985e-16,0.0,7.647413149985841e-16,-1.6550149520639876e-15,23.93769131967937,5.500435886151722,1.0556110060542663,5.763657077227268,8.435330210894731,-353.38332449306296,-103.08239530052877,-31.797539439636985,-51.99289902720045,-120.0038729042432
49.61846397235842,22.003774504955437,14.233262267437471,13.893660559867444,37.25474376235374,0.0,0.0,9.984256910457745e-16,1.0228301356555948e-15,0.0,6.6627158135766456,1.932230638686408,1.309555068916486,1.8931968662568992,7.355259884296104,-76.35648505003823,-21.81503932119759,-10.09572372346968,-11.205966236186063,-58.56890040058511
140.2325825114239,61.989777307186785,76.02819451772584,60.459955559947005,79.98263703648672,0.0,0.0,0.0,4.700914707458465e-16,1.4213939666649654e-15,22.501681984197123,6.914630808154478,4.681017296685168,12.198056688168633,11.129360542824998,-331.5500926437406,-103.51118540181196,-130.63705347570198,-108.55972884556178,-153.57308678107566
47.47006519652609,19.112410287084696,22.91319818025342,14.38348596375347,23.037839755732076,0.0,1.1153110336485182e-15,0.0,4.93998977404139e-16,2.4673936212558612e-15,6.509558755828858,2.008426720031871,2.8983417841235855,1.9149707675929712,4.623954190210051,-73.88125038502238,-17.52293210727459,-24.09469130217854,-11.08867829633334,-29.766807658783325
62.00274587755931,37.63935504633343,9.862129040050938,16.042506822332648,26.331859308601125,-9.167887334064245e-16,0.0,-1.4409520152789042e-15,4.4291253457406e-16,0.0,9.0742524509564,7.119781146128936,1.665780235164381,2.2498695436509544,4.021617732655741,-109.3733589172875,-56.159281527599525,-6.654728213104236,-14.664146443887473,-31.933835796264308
47.97874033591093,27.35507072234448,3.099064406689632,10.031795565141639,37.56650343033471,-1.1847626357597824e-15,5.194961789513537e-16,0.0,-7.082906854971062e-16,0.0,1.7273251217408367,2.819876858343616,0.617282339450673,0.5357509401069596,4.777076811537963,-67.90971667136314,-30.909200928018283,-0.09092427197899447,-4.566210237137337,-52.36883979743042
46.561757593327606,17.692206174123434,7.722401236206871,11.4282997725863,21.318798070930587,0.0,0.0,9.201059541282115e-16,-1.243479344958239e-15,1.3331759762366083e-15,8.353690939564089,1.599779095428311,0.5224214256802638,1.495010045156517,1.2551199034561453,-76.14415528682316,-15.144144157012557,-2.4043406966015333,-7.538108036279537,-19.797897904933333
15.210942637198722,3.5544165871145776,7.219255508438792,9.210602170120147,6.647141074654915,-2.3356301864634313e-16,0.0,0.0,0.0,-2.1378897417097106e-15,4.538898488401048,0.5493636969896696,1.237675505338626,1.1442702148084276,1.3971816216200152,-18.59408181492265,0.013331524834586677,-3.120601440614779,-4.580634886965348,-3.6427205147094304
812.6711368645849,126.32286237661302,915.9137227489155,460.09373949338374,307.4687124566775,0.0,0.0,-9.929916750709642e-16,9.883797840570345e-16,3.6975091485978286e-16,136.6998043817972,18.1602324887219,48.27881548899806,27.659695257803275,43.41749440133383,-2719.3401974035364,-273.5513100709426,-2985.386274173359,-1308.1959781753033,-837.4933006506626
20.01390761744255,15.144942109867861,4.653111427356487,6.927146040504335,12.78167600728937,0.0,0.0,7.635135616812123e-16,1.5386049282173833e-15,0.0,1.4425862019822706,2.8893518812672307,0.3778934912806791,0.9924461359491974,2.578546738846351,-18.097292440580194,-13.932640067561042,-0.008856829636996558,-2.6513072631901857,-11.721630757831194
47.91785269547276,22.580632487698665,8.489436077453757,16.8764626734784,37.16758354380346,0.0,0.0,0.0,0.0,0.0,2.9729169078253306,2.101265119391232,1.2211290347982704,2.239297868677173,5.687228944098093,-68.77940874469981,-22.64041262760901,-3.8815295907980367,-14.671188625178724,-53.132431837613815
522.6985766056376,315.51763248476215,54.22347324240315,166.591891457373,326.2722990507658,0.0,1.2611147240554702e-15,0.0,-3.4121359907455593e-16,0.0,48.04196878642439,42.54650543383993,9.165753690290034,45.49150828563774,43.57355002979936,-1543.953971269233,-868.3967332279975,-92.73094415308341,-434.44493971980785,-901.2758487236349
38.917894596612385,30.397103426990846,13.403211820155418,44.475873605568594,32.29666557939974,0.0,-4.675068711508742e-16,-1.0602574148557492e-15,-1.1183139862367892e-15,-1.7600398629716526e-15,7.278016420492929,6.768607770230565,2.3697302682896004,6.830312982315188,3.5082662681560555,-60.52505719257316,-43.6125208867446,-11.536189664898878,-71.613139497418,-41.866539652507896
35.149817141030425,15.397850545709282,13.696419575600395,8.974408600747488,24.082382438263505,8.085876895566353e-16,-9.229115890569516e-16,-5.187799131284666e-16,1.5834864833342185e-15,0.0,5.269287564961303,1.5354885414988875,1.0963054085145088,1.0908197947277758,2.5511897072456597,-48.383418073643405,-12.781070582655309,-9.252186043024238,-4.356140536252385,-25.65074754534397
10.307617528258318,2.8748523239983332,3.8279869972176046,4.186252763159856,4.675915897940152,6.89337505793311e-16,0.0,4.640446377407776e-16,-8.486620086740418e-16,-1.5195798026930092e-15,1.7344905943003444,0.05206777286621037,0.36059478847552245,0.43889635580959363,0.48224332525899805,-7.000758285640175,0.9812186503868677,0.3464623609409433,0.05490972401385115,-0.18229384628276177
49.043649299183336,42.269978749367326,40.50411991564235,55.54943836090763,32.76924224724723,6.881783968136883e-16,0.0,3.508496109728801e-16,2.046588427825078e-15,0.0,7.517349975638143,6.913558268525464,6.0379105837022085,10.908119114210846,6.7400512722160935,-81.93051482789572,-65.79065867376714,-60.98983504935916,-100.74951114813081,-50.309962221704396
292.3588160526307,98.84886182838305,95.59153917215968,77.46266140950473,115.27407883938479,0.0,0.0,1.1892981189147593e-15,0.0,0.0,61.77552505738214,6.7891789167330705,6.0107579130665245,10.048168507221943,18.787311506094056,-833.7202001140392,-187.1259687538031,-178.3802408414668,-143.1968129844901,-248.63201732388941
57.65624353093678,30.41433797845393,7.089240069542021,14.685812850331907,39.11503307024592,0.0,0.0,2.0045667202408696e-15,-1.4514880647087401e-15,-1.4532371418100051e-15,7.347413284446186,4.33839758494356,0.9530171868896781,1.5267390661633038,2.731769609005304,-95.6290467750996,-39.461444232829024,-2.5337947050577467,-11.033603675368244,-51.78451892503991
19.979897032363187,13.702141684222939,19.20383106917676,14.17271572803544,17.641652164686874,0.0,0.0,0.0,0.0,-1.6110571257773391e-15,5.1610744862343525,2.201964858286274,2.532300069748178,1.1860523764447004,1.6755384218320513,-25.180381393408926,-11.592999093047702,-19.24360488831792,-9.94036555805266,-15.043406319387572
6.5086351530767885,4.148659862317583,2.8353312997990696,1.9603750026569777,5.30745904892453,1.0916923733606569e-15,-4.281760612710045e-16,3.915673010430331e-16,0.0,-1.3387625400596921e-15,0.7161633505923938,0.7179880953414894,0.6229774181719474,0.37924916144324683,0.5164188519190734,-2.0192131439273386,-0.5413061012043996,-0.19965557253588387,0.5482134134763798,-0.5776358162980683
10.214330525027227,7.020831096401579,5.523068544008759,5.600365581026644,4.515630661281974,-8.695414912645562e-17,0.0,0.0,0.0,1.5735182725470716e-15,3.429762768012192,1.2226778941175058,0.6910059992422749,0.9298347579286511,0.4742788968695149,-11.218943474296976,-3.200883204152124,-1.1228172323584638,-1.6301558646371965,-0.3686095426952022
190.37408611217433,84.68561804049745,48.78084934302478,76.43863374739021,105.20599233717866,0.0,1.006843077539299e-15,-5.826407250628992e-16,3.718238806351558e-16,0.0,17.74698012735026,9.91990852767695,7.747799234864419,21.295188939324476,18.2861542160304,-444.9137704609632,-158.3743717920213,-78.74136923037038,-163.8299090427248,-229.95976672666393
3.902834234242834,4.26702111568915,2.481550961018935,9.282726316185066,8.859549768237155,-1.251649702539415e-15,-8.325981012228283e-16,0.0,0.0,0.0,0.8673683665822559,0.5567264822750342,0.39818467457712375,1.9081179784496716,0.5764385428426022,-1.0777145674801376,-0.19077488028065265,0.4792531790770687,-6.8191729172131526,-3.4111230839793527
2.436809896121247,1.759076672262189,0.9912975677263829,2.6795979190878336,2.8640373483550152,0.0,0.0,4.479877932804933e-16,0.0,0.0,0.3131225264695554,0.16904050809865767,0.06958026637999187,0.5157065349375413,0.7259948253988502,0.8280393118113986,0.9812787846702772,0.9592675036517825,0.2374649640910332,-0.11152556976942553
38.31760346552645,20.191756503458766,18.57560596482856,20.57141092249367,21.009373375853404,0.0,1.4075897471096922e-15,0.0,-6.9080603021075435e-16,0.0,1.8339358236823,2.2390451715621547,2.576046260084297,1.234813181616307,2.3251950784098825,-49.18114229265463,-19.691236765169972,-18.687170192260197,-18.6790330261215,-21.065196167414
47.39462699256536,21.085097899562726,4.026978833743666,11.300650894364024,40.37527915974179,-5.996820997211863e-16,0.0,0.0,-6.287626636749476e-16,-1.4078768009482054e-15,1.6041149809222044,1.3992346872531831,0.45134961668929846,0.47834469784643724,4.553460206005488,-66.64612477419338,-19.488041164826114,-0.0036260035259475932,-5.884363953668085,-56.40048835453792
42.57811130629091,22.475763017509948,40.33248284127898,21.1338823939747,14.392157005659712,0.0,1.264549257271569e-15,-4.4042833821829764e-16,-1.6810511256622608e-16,0.0,7.521005788792038,2.251024087993135,8.99499000447603,5.8143149895012245,3.151690838184214,-67.48390572142033,-22.90751195198226,-66.76457773509576,-28.55181808292481,-15.357699123078836
292.6231473757342,117.85491461578565,452.7349102246159,50.75968144245374,485.54043185489144,-1.5540375222010686e-15,0.0,-1.5066676126019854e-15,-2.2397074703966143e-15,9.365797800797151e-16,27.94031940481682,14.448833713726062,64.52640830165154,11.312968420133302,42.3901831486573,-773.2619278459914,-247.14525810374585,-1338.4861126463074,-95.2169819833873,-1411.5839992027977
319.3695059362825,124.14330623403069,473.600421808869,61.82209350682929,503.1193579614381,0.0,9.157709841181248e-16,0.0,-9.19467711887316e-16,9.03855802187835e-16,42.36441937080486,19.03781568051776,49.00703826716842,1.668384397917444,46.7162542583201,-873.46474414914,-279.051251593899,-1379.2909239810867,-96.95118575609375,-1479.345510516009
110.25712375597433,50.53191548538789,159.34022494407552,18.43503797851267,197.78079476579546,0.0,2.8122533212324594e-16,0.0,1.9271528938217744e-16,-1.1496246423343549e-15,22.881715398905307,11.28351005290183,22.827397510042783,2.1297014038754054,31.82253485522818,-252.80460577840608,-87.47095297487367,-368.4455554416128,-17.105718370774373,-497.62763935831725
139.22316369079567,71.91308435528535,190.23325847684052,27.412289618652256,202.05836487890645,0.0,-3.9522306246784024e-16,1.1952361919454432e-15,1.0368236227544054e-15,-1.125287119785895e-15,22.3895287632906,15.427502704899291,31.554222313030905,1.8308518654023302,20.498713920543228,-320.3074253368889,-140.1809281786915,-475.9576068887393,-29.91254469767908,-489.00638969901826
96.96594010778574,48.8820366412691,132.78861034624967,17.075513787543205,154.2886146470716,0.0,5.814346410928533e-16,1.4982607732248704e-15,1.6644716981305705e-15,7.368452816928174e-16,15.369143165791492,11.052168035284861,24.04679667128622,2.419254721852738,17.107719385801527,-199.50377801952408,-85.35293164185282,-307.5325020681232,-15.701868178602703,-348.6818840608329
97.09194861208515,34.645523062309145,155.30100116072353,11.197852151340172,168.0289088128667,-1.1709193125357183e-15,0.0,1.4640837711530226e-15,0.0,0.0,9.25056788792376,5.548387625394028,11.856441656646052,1.119412948300675,21.808887754644818,-189.3374370015499,-48.64893607204222,-339.6855931463791,-7.1074472030465285,-389.5224530442732
66.36067075950545,39.5173804764991,60.70841812029076,10.609687747960365,104.96799476573314,1.7131658920932713e-15,0.0,0.0,-6.697112607264968e-16,1.6245928767431666e-15,10.626566318009067,10.484644527294812,4.956020290980028,1.0790839724990613,13.819394559906572,-120.57336382585984,-66.84756696941392,-97.66257497447822,-5.7944670108465015,-214.30344415817262
91.75850531133656,31.42208254318891,136.6535159550424,18.535183222372616,143.7179881510562,1.2389787446501732e-15,-3.9572481737042187e-16,1.0399187035829528e-15,0.0,0.0,9.217171575968932,7.307498587121711,23.424098815252762,3.0473774364593362,10.425759623746192,-177.84151991184714,-47.86147050604368,-312.8386606101375,-19.110006888554985,-307.1748504155854
91.15437831885447,58.80014717242665,105.54069898875076,49.22054697916331,108.81280692210058,2.4943801892640615e-15,0.0,1.0771848093760828e-15,1.1548717425848949e-15,0.0,15.389291300994548,5.9682940735082814,4.239162405950177,4.473936576865583,12.431471466121081,-187.65603187114516,-94.65480128272559,-201.30764158979173,-73.17303989035152,-219.54086968292577
19.34517663202377,7.308110456227102,30.70927367666329,2.9584028562465408,42.68556233664589,0.0,2.430665012577431e-16,-1.8510180168801804e-15,-1.2008890781385971e-15,0.0,3.5033097389180887,1.8299163261745621,3.0419686999350666,0.38805664569936144,5.015708860986195,-21.579487564051202,-4.450195707041222,-38.67332553028628,0.5503473548851217,-62.51911555453577
20.48806123212548,6.679093888067875,18.878285730816202,14.23534656730595,29.440443614094214,0.0,-2.6595775851776714e-16,-1.505523850823461e-15,-9.9827950433183e-16,0.0,3.711329297110708,1.782046389501039,1.639099858888611,1.9836510264430882,2.5386779315683707,-23.351719356432568,-3.9828798943240957,-16.98711516436626,-11.42936110033325,-34.08968738436315
49.030884587796336,18.21299713669403,55.11974158931241,22.9752674763269,59.18014459094148,-1.1593390439249019e-15,-7.802589880482194e-16,1.0312715049417036e-15,0.0,0.0,4.006743773603027,3.846292804555958,10.769599793274836,4.875148138986935,3.009994496861649,-72.6300312361292,-20.862223444191848,-99.34436412503175,-30.46594413899196,-92.0430553284736
21.391002477736883,2.847509017652453,23.95548683594595,18.194677801799337,26.15809915101335,0.0,1.559570863856927e-16,1.1864383982276807e-15,-1.5620891856404999e-15,-7.300161954930479e-16,3.7980149474418563,0.49617968053421846,3.176313509119454,2.1915465121571995,4.4186436964891795,-25.101952995703275,0.14681777467009272,-27.75766490924592,-16.833906346710304,-35.22523668533623
305.1837821650661,123.90021508917351,278.9242577397005,142.4172633361025,359.2970489621804,0.0,0.0,1.2227710702850907e-15,-3.991329248242781e-16,6.32829231690031e-16,32.862504548849685,37.39409080162172,32.48867258275089,16.68131976379069,23.52830613050663,-822.263003261441,-312.8246705475795,-729.8066901161778,-311.70166438529753,-964.819307937343
48.899391375790444,16.70299904036886,30.349110214255536,26.224764809546272,33.23336773247215,0.0,0.0,0.0,-1.0837736634365548e-15,0.0,8.222210473819516,4.929862980485704,5.110475811573742,2.854579328587196,4.6910555931182705,-83.37746404115335,-21.227009291210692,-41.92510615683902,-29.809230827728037,-44.54163334881518
18.213026260163062,8.861944297746563,27.248569726752315,6.138974710851462,41.91915280099836,1.5605154807562192e-15,0.0,0.0,0.0,0.0,2.63794188009969,1.2868864296870342,4.081309988110766,1.1594129621975193,4.2913873189304725,-18.18430250820718,-4.612797179550391,-33.435261994269595,-2.5614078116597203,-59.128635241312615
210.68604290014596,184.8632080115775,302.0380197575042,57.106895395729545,451.06453605788033,-1.079206160566579e-15,0.0,-1.5055963856853682e-15,-4.976931285346915e-16,0.0,18.149702710407055,36.684295146424745,59.99827035663259,4.410048758725533,52.583728062819596,-507.1633174814628,-482.390493279282,-866.6788817305201,-89.01855109460354,-1334.1949408358553
10.25943296449034,15.128014595756426,10.47981604254269,18.044802742429706,28.70866451628123,-5.194312918311938e-16,0.0,0.0,1.57506345932918e-15,-1.9800091651275183e-15,2.5525384041718198,2.0732869205279627,1.6628229480737977,2.9862683022165433,2.9240903767334747,-8.522121359801089,-12.357007257630144,-7.653660516156251,-18.305523490998723,-34.73476481515668
19.73264770460043,15.832666908120856,24.142995897695968,9.462697632526282,24.174877058521535,0.0,0.0,-2.9430595058333634e-16,0.0,1.1756713120650797e-15,4.08064152712731,3.3319774941967646,2.429118969816028,1.7315061223897679,2.637169817493094,-24.07623595127196,-15.693633407642967,-25.75663488481991,-5.6756233054118255,-26.413671517273958
22.71694757986112,10.783442618500773,30.85534885169836,6.212902851408662,29.494160625531237,0.0,-9.060151718097333e-16,1.3816912053243372e-15,0.0,-9.636385246305712e-16,3.293073401344187,1.929852545581551,5.084109333838356,0.7268534428722822,2.699749464742111,-25.756428328386143,-8.154678316377868,-42.13032315041751,-1.5797271307633152,-35.42031220509623
39.348446663616244,26.174313191913647,34.975023191439604,33.73775968714282,44.72756805785472,-1.4446165905036498e-15,-5.429313316076747e-16,1.6252575030377925e-15,0.0,0.0,3.9668826248322007,2.6809773302509696,3.224835571826571,1.9265523044205546,7.792040812168401,-55.93001053282017,-29.234023501996752,-44.68845217371094,-41.04106556774386,-69.63478855341785
186.83121075576682,81.38763574384384,233.35327972169833,31.055311311045994,278.84968350229883,0.0,0.0,-9.743753150347934e-16,0.0,-1.6307974431777154e-15,23.82609197839939,26.00352329984448,16.56126505150066,3.0554113066014024,42.82170075174926,-450.58613134035187,-190.70003086133397,-567.1763892596706,-37.52046817283565,-748.9709707157554
47.43457519422118,36.10371464123172,55.11322962686087,21.060408604520056,71.60513684001425,0.0,1.5744479321773395e-15,-5.156966779633604e-16,1.0121495016116655e-15,-7.938455447381099e-16,4.240645697858595,3.6421479447882725,8.215549860776468,3.0338747386115132,6.836584987882002,-69.178525259894,-47.60213447431616,-92.89788044630431,-22.249068460625644,-124.3850609192846
23.26800287277202,9.394364198954415,37.380289934912255,3.1169256290571035,43.92895991446881,0.0,0.0,3.801697295539011e-16,1.139813425665606e-15,-1.2939850834502818e-15,1.2986605296205673,1.687509357972618,3.8628484910695855,0.3207607497366552,5.653103230873615,-22.822605130461604,-5.694821767862898,-49.85278090702421,0.5976350160696815,-64.87270313786792
9.57530848130059,11.271363138258424,5.348965940208908,7.692945704643559,3.3671343194500776,3.710286395199191e-16,1.2607929086204359e-15,0.0,4.618144746109462e-16,-1.0551149261490503e-15,1.2661903566129522,2.2008001215334136,0.7888756784395676,1.0305688603183434,0.17823923830340566,-4.925079242563913,-9.179159545172258,-0.9525798111213403,-3.2819941106267567,0.7543738486352991
12.935953143836723,8.706767315571472,13.09034403457136,6.841892025583094,14.067313958091553,1.0985549002218442e-15,0.0,-5.427991303235192e-16,-2.077035805602456e-15,0.0,1.7904680890988143,0.2488634478562514,0.9353166094235825,1.0085498711887386,2.7987825107807986,-9.580839337939983,-3.052729688911852,-8.351588514548133,-2.7433134207082155,-13.922143232192719
61.36045513316671,29.316741234433117,89.29242185675083,10.741235631514861,106.33850460006563,9.263852221670186e-16,4.847351416572542e-16,3.182992334556689e-16,-1.3230186174770485e-15,1.0691032204109616e-15,6.7370795184847365,7.798982008210737,15.158672794249005,1.2651564607213956,8.435267595174029,-104.70705676074174,-44.392505628469024,-180.15533983595597,-6.320945548050848,-208.409171018637
21.509443452832922,15.938762285794699,14.681728619048025,8.7091838067004,14.943708604407771,-6.60679796126029e-16,1.3373862844921766e-15,2.1173422759751324e-16,0.0,0.0,2.1877396914196496,2.165213255299464,2.6162955176358738,1.3800796495475094,2.54507237455101,-22.50563496928226,-13.756688151799858,-14.412673569713506,-5.218644173866676,-13.577826337663362
7.319160201930458,3.4642744960880782,12.71598837504185,6.157211705790562,9.33432150571998,0.0,-1.0255289189157181e-15,1.117558014058442e-15,-5.770004100166548e-16,7.612151941891937e-16,0.5165331628163187,0.3305878360524477,0.12094420436642622,1.3655505733803583,1.7175244723042902,-2.029267869208668,0.394547006527248,-7.383836865939973,-3.403696504966885,-5.573194605354237
49.53983453712522,35.83600686532426,50.31874170990521,24.651142325722887,32.72072022939794,0.0,7.931048103996627e-16,-1.1296669377886774e-15,5.764785472182079e-16,-2.1715375785699023e-16,5.3863535447595865,3.7958573328439926,5.477310338820411,2.5292649168043466,7.016039634327035,-75.13517588863839,-47.34354758238708,-77.50502600592641,-26.12630812311785,-51.14527827845351
10.37172703265038,9.135608495926228,11.475447346884161,9.18845996212502,12.452503982893917,0.0,-4.861079697625965e-17,7.739815214622421e-17,-1.546598099548714e-15,0.0,1.6650905501104303,1.7468795295288237,1.689008841820247,0.8491582132141425,1.7523364999030027,-6.939887835103054,-6.480143901927895,-8.35379124849374,-4.069483315916546,-8.957039685128358
97.6189469858856,82.64245937729511,73.32369255215373,66.40092934260123,52.07773952118129,-5.822990373889898e-16,0.0,7.752394469274223e-16,0.0,0.0,9.147357044440097,9.240127522467718,6.914150070597422,10.11231463781142,7.681227560791409,-187.1449340384575,-151.87674054499078,-128.9079286341362,-119.24451853169536,-86.79860134888965
2557.973555161001,2428.230607179982,2091.284280013082,1913.959930211472,1635.6171584564818,-7.111056327677194e-16,7.491007642220333e-16,-8.697953792941425e-16,-1.4255701293690702e-15,-1.1121119597830714e-15,95.993641785827,269.5775724751604,116.21319154088705,202.8525925879524,140.31309450137834,-9941.647091317389,-9548.518146080003,-7888.096467997786,-7245.991009730202,-6012.06225135936
1603.6011219039806,1522.6336801616558,1290.2713635522152,1172.2960061303233,968.1148323030627,0.0,0.0,0.0,-7.758234243031451e-16,-9.394491969607756e-16,39.445423414192184,167.1434082240699,58.522773494573585,140.22973624881746,85.389542289684,-5757.14552675689,-5548.713687719218,-4470.6630276762,-4106.250442253025,-3238.9062124120956
1103.2805362545569,1043.4499978031554,828.7775375139462,784.5358044069117,640.0047543573089,8.243548869814223e-16,0.0,0.0,0.0,0.0,52.98780467850003,165.72883237406472,63.739658158018784,92.91493635860554,59.86248845894106,-3719.4458528244922,-3647.3048533273786,-2665.023866539815,-2566.471547525684,-1997.3328512453947
733.1126814876129,687.6099931008021,561.7685220514387,523.3061630923947,458.6740736194599,0.0,0.0,0.0,4.344945492321424e-16,1.982877939003574e-15,30.23794696097497,90.97602110689878,22.818976943718734,61.17363698135881,40.41528250459683,-2281.9875853863755,-2192.4243537356656,-1654.8965237904233,-1573.5725116898636,-1325.129219807757
756.7251602583107,705.4924339970652,561.9555634070855,551.1757277188312,464.2239109579025,-1.2018824661023154e-15,0.0,0.0,4.125248337481602e-16,-1.9591724603246567e-15,26.457972191379426,101.37823148150508,29.166560507964505,76.65907590584882,47.62761347821507,-2367.480716857888,-2278.7515408736717,-1660.0039585988932,-1703.478369656287,-1361.693497271577
755.4586882878745,712.3051061306119,617.444503180136,583.9372589921695,512.275272695267,0.0,-6.384165254082558e-16,-7.364991485782068e-16,0.0,-1.7754023085825422e-15,33.08471784099047,71.00171314804447,20.599859182491045,53.46511232764363,36.83657978663166,-2365.7673867513813,-2248.4795607528295,-1853.0931010840588,-1771.7002292125574,-1498.8503163499868
640.7679040234676,601.9357294334062,503.5747579430553,476.2347671478859,401.2742426501937,0.0,-7.554749263920776e-16,-9.03038414284235e-16,-1.909761244899832e-15,-5.666291310938751e-16,18.29729481996364,69.63141360930203,18.94895037082761,59.50964974644271,35.841880312647795,-1936.1094419273884,-1857.0702018610925,-1448.8343784081846,-1407.4901397546805,-1120.284362623563
894.8398817068423,840.2025810318953,741.9691259645613,662.3042405103276,590.5432628503372,1.016377030534371e-15,1.082470730637285e-15,6.128925516884435e-16,0.0,0.0,52.47727617101193,65.15450746138933,20.11430000624763,35.73927237234006,46.52390173146238,-2909.128727762823,-2710.6988746676343,-2309.0011512291653,-2028.0571788434079,-1785.637005796555
280.4885369072937,266.2045501748109,247.39398476152184,216.06634902068808,199.41154742875943,-8.106344663859935e-16,0.0,0.0,1.0523326583421897e-15,0.0,9.153469001496001,19.736610377517998,9.139643325437577,21.399687255848086,20.784628717116394,-704.157858789469,-669.6922301819375,-602.3714407004508,-521.6486950402891,-473.1687913667596
386.9446821398308,353.22918526415947,277.47618251774634,288.25925077687555,226.72767732479105,1.1752257412394969e-15,0.0,8.194349272795336e-16,-7.887818858560366e-16,-2.0056984495767194e-15,16.274357950270037,50.12309289665585,13.81689039768843,38.55577851456115,21.59517199604135,-1050.4897642323133,-987.0621706767473,-698.0114918325407,-777.7107105309173,-562.2127224989647
326.33900267065724,290.6305989000857,233.1814829066767,198.34815634907773,164.11930549226267,-1.3934814630336942e-15,7.823459618627411e-16,9.750931875419584e-16,0.0,0.0,30.615131364700815,32.57051195756321,11.94362782046084,14.383155601146763,15.905077808385219,-872.2681307115614,-757.4678029991774,-560.9826084818043,-464.19888169920625,-372.2543304065172
233.3389861113384,209.07026530873793,182.6320259315243,178.11817815930166,167.78424438543982,4.87217501096752e-16,1.0875466920533398e-15,0.0,0.0,6.775775528746946e-16,22.439349028626374,21.23399474387787,10.138162431459213,14.724255075888045,14.084472689838616,-571.4643954624681,-500.6605101784848,-412.5825542947336,-408.77157817941054,-379.17299802425936
350.6891057783043,320.94511381725016,254.73968773132148,226.69085254762632,191.89880447096868,-1.2967250575897345e-15,7.08450341364914e-16,8.925726394194498e-16,0.0,1.1848623865586936e-15,18.519238054163132,45.210994165565275,16.089872141971156,27.000498481473336,18.657041148581566,-934.1432032887628,-874.4152041461965,-629.1253567567582,-564.6971451474656,-458.01431368061
2191.734998821154,1988.8215050328072,1853.4374874733398,1653.763869358428,1308.9921345649443,1.6598625331294318e-15,9.146066647724885e-16,0.0,5.499543910859314e-16,0.0,166.99216215704038,77.35670306006972,120.4038078653469,129.15723911882182,96.55456380811079,-8380.531883015445,-7420.938828490597,-6868.458837755225,-6045.355373089338,-4582.256380308886
163.04457398410068,150.77081752906187,122.91221111193695,120.0989004376819,99.29548650858456,6.972745853701468e-16,0.0,9.249433940951617e-16,9.466101463652198e-16,1.1449345959122449e-15,8.082203654733858,20.608821234918803,5.552053443751696,11.824723145034621,10.826931450111314,-355.8295747146147,-337.8177311863986,-246.7734070043684,-252.23064145688778,-193.50563296901754
160.96808566755251,125.98525444266839,111.68629561246249,117.49848279620298,95.46110362064073,-3.5313471378548146e-16,4.511910470179312e-16,-1.0179121538428957e-15,0.0,-1.190923144712466e-15,22.670407216528552,6.537031586955043,10.160417813912789,15.959998727400459,8.896088202478742,-373.1462439257408,-255.32154660119275,-223.33937678492128,-248.93885537819727,-184.96489539255313
1943.9817454609492,1749.8400745595961,1472.431722759573,1440.9422682448476,1344.7341743823176,0.0,0.0,0.0,0.0,1.3526758211386875e-15,147.3181362918291,245.1117839787447,85.31187733023829,130.36659582509714,128.56523068662074,-7286.040554839207,-6612.437355323759,-5241.583138623169,-5199.47248381791,-4828.506051561327
114.99141268193992,116.3139813071223,84.72554810076028,91.49885693811906,55.298544083716756,-9.886550227543314e-16,4.88706673282168e-16,0.0,0.0,0.0,9.496126387455044,17.627882212617454,4.590921419382079,9.934819324787933,2.7320961769369085,-229.94704733380257,-244.2935031558221,-151.0049378499338,-178.46790572276444,-83.72319101159155
103.41816825435181,95.06892581876895,64.28041922087297,66.32403780051759,46.965047807319124,0.0,0.0,1.326455697157696e-15,0.0,0.0,7.432960959955768,16.00461949537969,7.054516869131388,9.465694385979212,10.509264165986918,-198.69732968594175,-190.89993187143088,-107.92827194163809,-117.47368697471437,-86.07384507458508
108.88904227500348,96.82040927427495,77.36576070192942,71.04386109403416,67.1266325799418,1.0440613246877085e-15,0.0,0.0,-8.001172513071842e-16,1.6936174712209078e-15,13.97268438895541,11.370893944653405,4.325623239431604,6.05120359991538,6.456372000714971,-225.55304029914493,-186.80757162082259,-133.60729618788173,-122.59168722816966,-115.40447246305105
57.36014368230349,44.550126580758445,63.362028559305465,16.2827329905559,69.03756964263813,0.0,0.0,8.971211962950937e-16,0.0,-8.233693502689742e-16,8.547686122708685,9.676237043379036,4.532439369060938,0.1494739373493185,6.896761317783835,-97.04590336805789,-73.99111222781484,-102.67346850406103,-11.955483307054758,-118.244825562705
1749.7167357414694,1607.5510819228878,1298.7570851675025,1207.899169976265,987.7452548244431,-1.0395907899772312e-15,0.0,-1.4005616787925041e-15,1.5059116263666273e-15,9.207786089891945e-16,78.96275110311608,201.84412885419098,50.63393206103653,137.06373239766629,86.58434381049841,-6395.679617244115,-5952.535423610427,-4501.644996994468,-4258.708309302193,-3330.019086572438
204.62828305320915,190.85232541563505,139.65877325535521,144.25147042503175,127.18892516340816,0.0,-5.956796045006562e-16,8.140329108701856e-16,0.0,0.0,10.65858714489282,37.72929219448991,1.770975215143073,15.61531218595441,21.17204389151735,-476.2176599060201,-477.67767199160073,-289.11674405740416,-322.4162023000023,-284.4070475773752
75.94712138608023,71.15789312636811,62.07158083041284,51.884206614912735,39.91213736298138,-7.484604791252353e-16,0.0,9.157720505960883e-16,1.0955823085568757e-15,7.12106925568091e-16,3.421061738698928,3.86428970458119,2.654723861012236,3.9924293143970315,1.154682819805505,-129.47743532341013,-118.8722711551605,-98.02382427071568,-77.99376014529788,-51.787730629780384
10.510957347462664,13.462442587609235,6.854817979010225,13.387562978699961,8.308101412859669,0.0,0.0,-1.0365595963828879e-15,0.0,0.0,2.163987004180758,2.44113714179769,0.5816712379029605,1.79737240055665,0.49140973946498834,-8.61943510948853,-10.956051372805936,-1.7595634589750662,-9.983457653248847,-2.8748919944259743
3.638247429221735,4.359197068227897,1.4962595654923034,1.2595351063303475,5.739396515511593,0.0,-1.0187408435530857e-16,-8.90398738478134e-16,0.0,0.0,0.552054308576234,1.555105597522555,0.22221484875009856,0.20570638970371238,0.6842817241296192,0.07112117323878735,-2.8816215792880073,0.8777681424772363,0.8696361190768052,-1.1792926753649133
419.62928716922767,379.60446903338214,328.37427631615884,326.8952253895818,330.8572903804533,0.0,0.0,1.3848446229954786e-15,0.0,1.3744516566751467e-15,34.110505499019766,52.19176781462974,8.585341099509996,30.099892064854547,32.654405373570626,-1178.4669198657928,-1068.3843974403374,-855.4631232791237,-881.7284948479514,-902.9945986139729
22.400038167578018,7.50089279339315,2.120218651628249,14.877152783500371,21.637899996813506,-1.2688241518955e-15,0.0,0.0,0.0,-1.3135151486322386e-15,1.5952197608719885,0.8136855944533825,0.3036884706445723,2.4276741064705734,1.7715989195373512,-21.77847573931781,-2.633796686846349,0.850904156653718,-12.761971764145686,-20.847166111257746
8.749638740797025,6.5100386937914045,6.647344650727856,3.639613571809927,7.09179442103871,-4.060411845617384e-16,0.0,-5.3445606711719e-16,0.0,0.0,1.5769537813405634,0.8601280056500619,0.1603546156018849,0.6412868605763778,1.1362630100353248,-5.371901939187111,-1.9364594791983603,-1.2061676487242439,-0.1748572016178444,-3.4814042234239038
96.44054073953787,81.23817597738264,69.18577242985009,68.03963615686355,82.66451514681378,5.894141449738247e-16,1.399426271624653e-15,-8.216056114491397e-16,0.0,-1.3752797983476464e-15,13.191770918735873,8.960468429145005,3.729855444755005,3.399463565230858,8.476723373068753,-190.4603565597171,-149.58346471002642,-114.4681488358901,-111.6591436751746,-150.9513688675325
21.077990025227678,12.111884164546616,14.502359416335594,30.96841398051209,25.476620059475792,-6.742035031895079e-16,-1.1732984333518813e-15,0.0,0.0,0.0,4.693502369381636,0.18361307043256084,2.320566202261008,4.897043020189411,2.27290494863473,-25.202796447348977,-6.680626291183166,-12.98329870118161,-42.43234016779361,-28.049670672592534
23.085551605105984,9.924550690499888,4.726936934596798,21.84981154682853,15.96374041974952,0.0,0.0,0.0,0.0,4.450979012920137e-16,0.6348976785751282,0.5351109281412351,0.47556290082260155,1.6367141883765413,2.3689200872269636,-22.076413596984796,-4.493002523520633,-0.4800991218701111,-21.11353169616504,-13.875612432402907
2731.6240017569967,2401.84522698813,2029.0075479530396,1760.5355460228218,1606.1069347108594,-6.659003590449754e-16,-1.5146599648528027e-15,-8.964921817964356e-16,5.166011579985096e-16,0.0,272.7196608751416,112.12409203668423,71.02476514278439,152.71230618616974,329.81296765543215,-10909.365355996555,-9258.32988638957,-7591.818036641708,-6503.775002643378,-6183.895157662481
2536.491737873106,2274.2523230040497,1904.9115232080649,1695.2053632640564,1725.9987119319287,-7.17128061718471e-16,7.998186415582778e-16,9.548944302056052e-16,0.0,0.0,313.7945830027745,133.50250493210234,111.22514871920657,131.60958117020422,395.1983271031408,-10118.52667255094,-8714.438179766763,-7093.745868537613,-6211.888541676311,-6822.520123031941
1064.7198102866396,904.7708636584025,795.5460022371227,615.7363172129523,604.4514817519091,0.0,-1.0052210325335025e-15,-1.14323332555927e-15,-3.6927117840378243e-16,3.7616530409392764e-16,101.16912288995947,51.58539496406761,45.170602352531674,78.81311349451741,132.75927432596998,-3619.6102582620815,-2947.4061664113874,-2528.8081188755377,-1907.4128662905925,-1971.9980936027778
1111.4384102250515,1008.3460328429262,862.8264583765299,679.5158209321062,656.8594372167453,4.0915209219230044e-16,9.01966856763152e-16,-1.0540876359821046e-15,-6.69222609508455e-16,3.4615271176838566e-16,122.88894033221376,54.154127629543524,80.90881760136382,34.812496202177044,131.896333008136,-3843.6464728594333,-3346.9577762564754,-2827.400475227656,-2087.916059385076,-2150.058933455219
1136.5536839325553,1034.9950452508383,884.1116983798211,747.9650540282848,709.8082991502058,-8.002215070264107e-16,0.0,0.0,0.0,-6.40662206163122e-16,121.50681077677132,48.27006722959248,60.089369539417014,37.60789044536814,139.07196927742908,-3931.187789553689,-3447.2526363024185,-2877.9863614296137,-2341.348938504858,-2354.945743870836
1024.875246575065,910.3640749621593,767.6367147967503,643.8237639319167,613.492392894072,-4.437099563153095e-16,9.990450269148997e-16,0.0,-7.063227180513842e-16,7.412436668387224e-16,108.52689311313476,47.58353666371114,50.49654794217046,49.811722022267915,125.3652060630637,-3476.7512549596086,-2965.4070229591002,-2430.2486969604442,-1969.896434586491,-1990.6224866351326
1060.469525897573,957.399808042691,837.3077796311926,703.3643319380383,616.8496485749399,0.0,0.0,0.0,-6.465317193913728e-16,7.372093863343066e-16,85.60537880199938,45.78655655616088,44.404681927877796,49.469223193640644,107.34222013368085,-3582.0906965820104,-3144.7627748482637,-2683.508484250662,-2185.7471538731265,-1960.3971582422687
1303.3619771438196,1161.3078630286943,1010.5503115596391,861.9155412843636,751.2141317657803,6.978066858801498e-16,0.0,0.0,5.276008252604807e-16,0.0,93.74986916293804,50.06278590366447,4.987051342563639,56.736223628619584,82.67466121027502,-4559.814612328204,-3949.094328892217,-3333.5420414714454,-2783.5533271681006,-2406.0008838472913
526.4357666761792,471.3495223994448,385.9438865709975,314.7182498565654,282.888555200154,1.727646104890088e-15,9.647773664255223e-16,-1.1782732327405571e-15,-7.224673991637246e-16,0.0,51.46493633367869,18.585006041133543,17.805898413893928,19.574286178392487,59.93348089661464,-1561.24691709566,-1337.0905542974015,-1049.2476414981777,-818.770634328561,-789.4605457733599
623.3472051889156,557.2316975044416,487.89102623831155,416.00855018741953,431.1956996673341,0.0,0.0,9.3206746267217e-16,0.0,0.0,75.64074563473267,39.109099933948904,39.66221571841143,28.558404307616726,75.32880782583457,-1938.926144447146,-1659.5804892991464,-1420.9891653698016,-1157.7203169857341,-1273.999052605782
226.86621439922644,215.8975370195874,213.4175250387587,183.3162083392623,176.70232333790773,5.011184147567972e-16,0.0,0.0,-6.201679532407545e-16,3.2169027428182927e-16,11.04453443093672,12.618405090772761,15.580781136790424,14.732257522876122,24.634734281456613,-542.1191353074806,-511.0378961697867,-507.4858106988762,-418.43434001851045,-413.26355437317386
281.1771505535798,256.0160805815501,228.30649317378072,183.02148867881687,163.08107813418138,4.0432459571409024e-16,0.0,0.0,1.2423332204572356e-15,-6.971185070782749e-16,20.86748727127801,11.95160899568227,15.135040675635254,11.180062599634706,26.414928237133115,-716.2695760823852,-630.5018732327729,-550.6561209723615,-414.4182600275091,-379.2761291300556
307.11833408976827,229.9349831855513,176.80723095756878,171.60946114022073,259.03755380977793,-1.4806909923962567e-15,0.0,0.0,6.624741839188191e-16,-2.194408417806111e-16,50.25770693805725,22.38923457688977,23.413920383116473,11.015026829023446,64.42376866723087,-851.2566441325663,-574.8068925284426,-424.5073478163877,-382.2186809402242,-728.206301648105
1835.2368637937748,1705.188373799044,1483.613316316231,1382.4586211629612,1285.2778209666376,4.955734704962465e-16,0.0,0.0,-6.578820427969388e-16,0.0,199.7985613788235,88.67484531440603,53.36407544086915,118.23927512836653,209.16207132207322,-6903.906727164773,-6218.922061362758,-5264.267117773854,-4910.5503775635625,-4653.88554541586
86.35811027788075,79.59597673242939,81.4321778841948,56.63023036937627,71.42944492685835,-1.6455726821111191e-16,0.0,0.0,0.0,0.0,11.520710293354677,9.606380771114338,12.585124722775264,6.744552967182945,18.750307166615283,-167.81093714789893,-145.8586695184694,-159.66115362820676,-92.13645480488861,-146.44839223381425
300.5146491890703,280.524546138825,259.5789184657916,218.6937968210085,201.722267895757,3.7830714086117435e-16,0.0,1.7518654965287277e-15,5.198448212715601e-16,0.0,20.80082236666779,16.840904122076562,20.470292814432984,18.82041084855805,40.062136823934466,-776.4600404827809,-709.6004851501896,-650.3455289979325,-524.1751902891207,-511.0321218178021
2717.328158619234,2444.532434740465,2105.9772954747255,1660.2205408825014,1375.1550447441473,0.0,0.0,-1.727453954469935e-15,5.478155939990239e-16,-6.613761155507691e-16,162.89128071482978,97.57484929893813,108.43572020465776,124.93294976706105,234.37898727312017,-10709.308195215232,-9436.709291973775,-7954.707797343299,-6052.313153373545,-5044.609991068787
170.66885520049098,158.08081699564866,128.30285710268186,102.45912640528485,71.88595431493331,-1.3322505455147505e-15,-7.191690926340884e-16,1.7721637738843415e-15,1.1095823447871215e-15,0.0,8.31106060763872,9.956258639724139,7.625936420884429,6.1543713626834196,9.769140554254744,-377.6460954570677,-344.39377253745397,-262.46546504812943,-195.33652538937105,-127.373934403396
308.2201524153631,228.64706839263934,151.18807469600884,152.2980145693672,233.69360213585512,-7.376989261131088e-16,0.0,-7.519563824739757e-16,-1.4929523282765457e-15,0.0,40.31183528444786,15.849136918470146,14.677621798973721,9.056441995335623,28.20494982655709,-839.6384909383252,-552.6617200724999,-331.97929052773026,-327.61529239893633,-583.5589111693029
184.22461643922324,170.85344592644785,149.97297288379949,119.26927084758792,116.00332555234337,-9.25664875186118e-16,-1.330811176855725e-15,1.5160976746083668e-15,4.765973536758451e-16,-4.900154249039952e-16,20.310057459880678,10.25707420152883,15.398755235646286,4.619039183236581,24.182295428740375,-431.84132539721037,-379.5542649001138,-330.9594501863868,-236.49761616442356,-256.8282627047347
116.37682718172758,78.19799695984452,126.64843943819669,82.72803358546003,94.1649040755785,0.0,0.0,-8.976568382991737e-16,0.0,-1.2073164501964432e-15,12.149379578363229,10.25014524973145,7.761266182641173,9.537639517084548,9.490749334316604,-239.77229306040238,-142.54361108326952,-258.2690221218179,-153.50158317216017,-182.25800468395195
2095.357245227237,1782.1318742004764,1562.742860843757,1361.1702170876397,1425.6438528388828,0.0,2.0413634140985393e-15,0.0,3.340855869293421e-16,-6.379536515812506e-16,220.84230998164585,138.8842630918912,97.49486275409905,174.74820176055164,262.61359442718623,-8042.623916535841,-6620.945419018533,-5634.547370297029,-4886.96133014875,-5298.249752315116
186.9778317370034,158.40292417503917,140.69904166093787,139.85568317576409,164.81572631598704,1.2160461661735817e-15,1.4354133714853552e-15,8.080143004497719e-16,0.0,0.0,26.06558385193312,12.926911757833649,8.988666559317368,15.714535972164665,46.449370454142006,-453.47502324224183,-349.3799547564223,-297.32163801074915,-301.4796352330284,-434.4796057559784
230.50480478885217,190.2060302694698,159.11515518664106,161.5627092154219,154.46721584287855,-1.972832415805924e-15,0.0,0.0,7.036700379295453e-16,0.0,26.870045803778993,11.127077512410462,5.531992144699412,14.144937302196881,24.739540460870703,-581.7087371768172,-435.96112467451013,-343.59781836370075,-357.12229066053163,-362.5202085037176
80.68350262174248,64.53186186102282,85.31669151965758,53.14267086212261,70.10820549574453,-5.283925803949598e-16,0.0,0.0,1.0696379752588445e-15,0.0,15.017501052140119,7.141415358584258,16.22969816714332,3.3914529057350205,15.51639932213386,-159.26342596480725,-108.635694003227,-177.30692177295762,-79.73143539010677,-136.67075394553655
115.67857114046308,98.53150869699692,83.39529637475188,67.52922439888599,54.605211929112684,0.0,0.0,1.3632284153142597e-15,-1.6835205606699e-15,2.602472220719559e-16,17.38316027201881,3.260956164860509,7.765284631448662,5.078354371604399,8.383692550577631,-242.79395470179148,-183.35815052251778,-151.3079645774002,-112.17407333784946,-91.11947510291955
431.2430128124388,386.1678533985899,323.12779693984123,242.6831388123834,217.32711605479255,-5.272518480018227e-16,1.177589866386648e-15,1.4073297165799925e-15,4.684579170928992e-16,0.0,40.92418220793688,24.002136204437143,27.679489887225643,17.238833605526306,50.98994623641924,-1226.8685662091355,-1054.2848337604153,-857.7321893348661,-595.3519766483716,-579.632623766534
116.53501864445394,104.20542859188885,99.29184524346624,99.43057461512726,84.46583431631394,0.0,1.090987669815747e-15,0.0,-1.143379067873956e-15,-1.3459505685561938e-15,12.204062959035342,7.4445214254810335,2.4257598921147343,12.41860191857879,13.53594667743125,-237.79081397457406,-200.2804578293543,-184.8390903279871,-199.85143914379623,-166.29603581669775
77.32895636519393,73.61875874969964,54.83922392996201,54.85135589084076,27.933759500670128,-1.4701716286550962e-15,0.0,5.182733706571565e-16,-3.8861905465426175e-16,-1.0174681080690974e-15,2.1639104208587994,6.70068809805021,2.269283654377961,13.123577716090978,4.007025418877993,-132.05222234451622,-130.04065356898124,-82.35637617706892,-101.47010717399478,-35.21024435746688
317.8872993715206,269.5422616464226,203.30161805691688,164.00024745696942,137.63955561507245,1.072897576717101e-15,-8.435548253338245e-16,0.0,6.932113791562742e-16,8.259750419389364e-16,38.52909795297089,4.850035774257148,11.658497504022126,2.4692871581000797,16.347253181257205,-856.5105927886431,-668.480232737609,-473.154335103418,-355.9580944096894,-296.9074150155587
43.39466339629631,34.1352467527661,26.902136955573877,32.187081060895935,39.12888931581491,0.0,0.0,0.0,0.0,0.0,7.4629046252049775,2.3804832520559063,2.2642614876941436,4.2890456070027305,12.316243221277633,-69.08352445785178,-41.99654404607559,-29.653481360427538,-42.63875603963962,-73.98310290838131
149.72432288194528,124.30164744193132,131.47065286207948,105.16811033661816,89.73957040188361,-5.694808074600005e-16,-9.146044325335744e-16,0.0,1.0810010502017336e-15,-6.334264651172755e-16,21.30641535975186,12.376879405334078,22.195372612448274,15.135647096279929,14.22327015852476,-343.6076204563269,-258.09133026221514,-301.14277069103974,-219.52012896492772,-175.22679540861415
0.0,0.0,0.0,0.0,0.0,0.0,0.0,0.0,0.0,0.0,0.0,0.0,0.0,0.0,0.0,0.0,0.0,0.0,0.0,0.0
359.98330061354227,314.4860514507387,205.34465347983465,142.2155362862411,64.33101320549625,0.0,0.0,0.0,0.0,2.209020813928028e-16,58.92839555750353,17.975921608910625,14.070037284654713,20.534248765691643,9.868710152069557,-1043.234939087811,-817.4707908483608,-481.90939797072167,-320.4452748812077,-113.84797232889932
386.14271974138177,240.1365876405809,124.34319571275408,114.27776782522075,127.87656627342227,0.0,9.468514468255398e-16,0.0,-3.536306218210614e-16,2.2225893499230706e-16,28.73676890533279,29.74321486661394,12.787144159431326,18.61997794265361,23.045709519839892,-1060.559980726434,-611.7758529024114,-258.22356352229696,-257.9426196527223,-291.8409441724764
129.02017490719393,96.3636090285704,55.84763840901128,33.7142245401617,37.42802610192126,0.0,0.0,0.0,1.6860366695693657e-15,0.0,20.7177234737403,11.550154865081483,5.574183152847398,3.003118744470802,6.811863690152531,-285.32497534565346,-189.41124516230562,-88.38088103707796,-42.17898261029729,-56.98150037667248
196.2753203866634,143.3114088390085,79.66459997209218,51.823452959245635,44.6710002354208,0.0,0.0,-7.135342282609992e-16,-1.0968666812979468e-15,-7.953064986405793e-16,26.418992936859297,13.348304538352714,11.530815959840123,4.437071228486032,9.165238331526261,-480.0750134676914,-309.10268076468105,-148.04287861593573,-78.5325545584544,-76.28785874584801
195.4783053461123,146.59060098708977,80.61459595334904,52.596666295213545,36.618718395980785,0.0,0.0,-7.051256436700719e-16,5.403709290410002e-16,-5.821143668190924e-16,28.164543687264914,12.870459544997683,9.04032523604234,6.2357201208937445,8.27825382432976,-479.94322352688823,-317.37591115770834,-147.03452947252927,-82.06534894373503,-61.82343176235579
150.44483171892256,103.67594301618692,72.866031436667,46.02014432033964,42.53732241490242,7.556712744643709e-16,1.096559475749028e-15,0.0,0.0,1.3363186875367038e-15,17.126775736825085,14.059181087164848,5.193313298627905,7.6033025390384426,6.312854284348784,-331.21588966806195,-212.01019381028166,-124.30581123859766,-75.53637711325408,-63.953907442831444
861.646111007271,312.07751624055976,132.14190450103092,439.37070012681437,660.9693316361861,-1.0555316041637115e-15,0.0,0.0,-2.0699939743602003e-15,6.88000681908746e-16,33.07083980499189,32.65379346892524,15.200432843156557,75.63244347453119,60.96646296106212,-2766.5108707707627,-828.0427059992259,-283.9035323913517,-1336.0360186131109,-2063.418136647944
154.921659816648,112.25433256323926,62.5747171383905,49.90257214459321,41.98174755215619,7.338343641306582e-16,-1.0127612460531959e-15,0.0,1.4238599439349446e-16,7.193141789128137e-16,17.546985015724534,9.399468194152432,8.086772626414767,7.4777687171612435,9.9011104264835,-347.52027553610935,-223.27291306190315,-105.80476848656255,-81.4236078729879,-76.5107770093541
209.18375195409627,114.69095973334672,72.14614971282296,53.76409808451905,72.02820966995,-5.434783373928761e-16,-9.912449768136457e-16,7.878926191774985e-16,1.6519916660814762e-15,0.0,8.806706851327952,16.147426405545033,4.742029931170731,8.962300858993114,7.759787463078788,-487.9304442186749,-244.98216926613392,-122.24566049849942,-94.11204476468161,-129.68418440928497
131.70072758105508,85.81072327053334,45.97820111929429,44.87396237915317,38.785485166550394,-8.632210300557951e-16,1.3248558383921127e-15,0.0,-9.797403537419883e-16,1.0991886259134239e-15,9.338395269759237,11.532995282905121,5.384109911702038,8.853556981780436,7.052395053922399,-272.6079051643378,-163.6567998594818,-68.54427289829205,-77.19794597513362,-60.21796308531047
1088.487701907035,465.9415685167281,263.1826422610705,547.172258513533,878.6912425622062,8.355580868571044e-16,0.0,0.0,0.0,1.0350560671583584e-15,31.364319519063137,67.65862252297315,27.584951305823378,89.0209357950801,76.34823305764614,-3647.8135158277587,-1389.3819733408752,-671.3466605221289,-1714.025012562646,-2887.9409283309856
547.4875739495081,312.78926004969543,199.00182886549388,235.95715017757286,245.58686939329039,8.306076201985235e-16,-1.4538457964132612e-15,0.0,-4.2158494850252254e-16,-1.6202166386527793e-15,37.12589542645664,27.183690700845748,38.98108561535847,37.90658177841917,41.879464892790594,-1617.5089542801604,-823.0309745560781,-502.3366416442867,-626.7835744684126,-650.3090623938709
77.24761638580276,65.09105465551849,36.62797401113418,39.038277167695746,41.555017886935545,0.0,0.0,7.759563611616731e-16,-3.5264787547397116e-16,3.4197686435528514e-16,7.181003649583037,7.945659107667255,5.273651220425743,10.204793036098419,5.513334774846692,-137.17223102323976,-111.87485932144182,-51.52554864461243,-68.58280846182582,-60.427771678335176
1234.6829240595137,776.5746211451993,453.9136265744177,308.99861614252626,428.79842230720715,-7.366220784706415e-16,1.1711620197318762e-15,-1.0018367466038382e-15,-1.3797008115383162e-15,1.0605154478872271e-15,145.91440846013367,98.08068557415729,29.958323094623115,50.61155209014789,62.5397352379382,-4343.36030734537,-2549.047003369845,-1287.4849591459724,-864.1057558273319,-1276.726123856919
111.11950952307518,69.50731111903045,38.50894859333371,23.34300993165924,35.26554907004943,5.11552103719499e-16,0.0,0.0,4.565881207095864e-16,1.61186824988596e-15,16.246483056397732,8.992158724522278,3.4018062850750455,3.3971748803791946,5.319097381176692,-229.02561334674067,-123.61169140597332,-51.29438170928472,-26.934788726223506,-49.975027115294566
51.85081538097111,35.681274470527214,16.48780814133167,12.816034444495473,20.31584257792153,1.0962878489596357e-15,0.0,8.619007810733924e-16,-1.1088339982813959e-15,-6.994962015823951e-16,8.384897285777976,2.812107200873589,2.145633365588014,0.7910960940442404,2.965106220137396,-89.48047327070147,-45.33015758160167,-14.020339394551517,-7.8778477182224655,-21.322421606377105
963.6412468503403,652.1606761101001,364.0848552077599,167.8568421514314,242.27409086402872,4.719052369051294e-16,0.0,0.0,0.0,4.692488466933115e-16,175.09195888261635,88.04909595436838,43.77182515378945,8.317511069957733,29.702851949033114,-3355.7519117146735,-2089.834455833074,-1015.2320219992021,-369.6481746061889,-621.0980632154711
88.07989625632484,60.870378260264104,32.96484758421074,36.696777830205065,51.84816151256937,6.453620096847719e-16,-1.8676873870493138e-15,1.7243646801520315e-15,-3.8725074939699664e-16,0.0,9.733648249114813,9.463247287558568,2.8604820278842196,5.63571843884732,6.865955040182333,-163.9474822942834,-106.47434289647127,-40.50789992710758,-53.24351242229791,-83.34792904204106
53.52546368315248,38.891141833639445,23.743441408411805,18.051232837504323,16.20257972102524,0.0,0.0,0.0,-7.872512001328065e-16,1.3156103805582256e-15,7.252169533122066,5.277105976151905,4.308677598636592,2.1850184546494833,3.6464467796268543,-87.74185748471822,-54.518355799098785,-27.69588671135097,-16.43010951327339,-19.075177427538204
45.879842439967994,41.169162015389716,36.68546274694743,22.446007409235087,14.972513208026964,0.0,6.903640501543243e-16,3.873701911088604e-16,0.0,0.0,3.102777720544333,2.3180505207258055,5.629292308394501,2.394652319610498,2.6072935164254103,-64.82354560766902,-54.946622343022355,-50.99980294641148,-23.025803889017038,-14.284195767783311
896.8946450836418,630.3817864607458,366.0888479373631,251.66827428641716,260.51070177181987,1.014048535977279e-15,1.4427680515315187e-15,0.0,-4.517328934048794e-16,4.363998751237245e-16,129.51912403175416,72.77288975415736,25.922437891422252,24.573145502351093,39.59927819219969,-3031.212110535785,-1971.1309374118766,-991.5377082001936,-633.7868698453249,-696.9276066750663
43.482684884791496,31.122443752074467,23.301464746927003,19.00684879161029,17.029626585288643,0.0,0.0,1.2197391768752331e-15,-1.214964098751417e-15,8.344783512445489e-16,3.2568940252495375,3.2317941667413157,0.8728821798963814,2.8556554092470976,2.811453663466211,-60.242439328497376,-38.13324850937614,-22.552201086111708,-20.08733976010278,-16.81877944567953
76.3880694504462,52.51029932501687,38.031262679814674,11.234837168328278,40.38054904397366,3.7207000562884353e-16,0.0,0.0,-1.264891916303274e-15,7.038465326326619e-16,22.32915400310911,7.980163665905623,5.9627002913263585,1.7497960325742634,5.0026888494798625,-167.84132714607082,-89.21377613705407,-55.41736595711414,-7.780408453975069,-58.43860378823293
84.73108356981575,68.27093906234714,43.132173477830165,31.351878682758,19.228053549801544,0.0,8.3261516014737755e-16,6.589445218895055e-16,9.06539276896174e-16,-1.4781376261924002e-15,13.562097386093093,2.4151310851703123,0.8555589193546933,0.8285270098304065,3.2777751785570577,-165.9634124229397,-111.56752743120506,-57.88230197604715,-35.93472122100035,-21.11911497406585
257.0539199940319,196.77890655815685,123.90137561894299,90.74265699946511,63.11777234609311,-8.845368919038895e-16,1.1554778884597222e-15,9.175591243737145e-16,9.396366726589748e-16,3.377223447608326e-16,33.37909421992582,14.30172090680033,10.640161787411628,8.806150155679415,13.540315003581158,-668.6695706307231,-457.74935966495707,-253.2551824943258,-170.49071176609237,-124.52468155757549
100.24755914293881,67.20978587491831,28.97715239926857,9.160329021789636,24.487273739166508,-5.670304528787315e-16,8.457610468600098e-16,0.0,1.5513476296974382e-15,-1.160672671574072e-15,19.523652723931733,11.087351847104065,4.607057306414617,1.1538346897100522,0.4207724744424288,-215.2191111787379,-126.55200859154861,-39.82601152972398,-4.882233151875928,-24.229728873604785
55.956187791191624,42.54716068459021,29.31696575042813,17.208999803462902,17.584626807439843,5.079279084640936e-16,0.0,0.0,-1.0322254981040797e-15,-8.081408192973173e-16,8.733021401894892,6.045352760962479,3.8820602087548157,1.9192899009676008,0.9716801037841349,-92.36334069839317,-64.16470412990411,-36.408289577056685,-15.07165410646074,-14.156847563398772
528.6365238940651,360.1779901574957,141.36180280491095,69.65118185880294,153.36039900320324,0.0,0.0,0.0,0.0,5.55978784910641e-16,104.07439253689928,48.30870810893919,27.826826994792,14.492840804411413,25.265528899085037,-1710.650800889193,-1010.3999155108298,-332.16154231646846,-138.966771555515,-354.7936787216453
381.5436611065519,302.32798560579056,172.9716295994863,117.57665552142974,119.87562499768833,0.0,0.0,6.572571350854271e-16,9.669167507566607e-16,0.0,68.1357460172058,26.342521951405484,18.667243648456612,4.504285137964378,12.400163930145274,-1132.7580633222465,-788.3142152781214,-394.3215277501665,-231.99559529440472,-246.4967625503091
372.8646029714083,187.25648712917908,81.000723883988,154.56296154300486,218.14890988196768,0.0,0.0,7.017643316647528e-16,4.137397833219972e-16,5.211432767788194e-16,21.71268139831525,29.096166761102495,4.401794913626625,36.54362089320222,26.088977089840878,-1009.2038342928287,-462.60572003225855,-142.00831607646748,-407.72818726136103,-545.0392384290295
15.874150335430492,13.234973164409098,10.54629685612164,7.14898355809051,4.372068880183846,-8.952198646805003e-16,1.0737350607870671e-15,0.0,-9.93907357579496e-16,0.0,1.677341035491965,0.8150127905551977,0.8624457661397434,0.5040701043823526,0.2812574054058258,-12.759567327579413,-8.384781586973794,-5.6237478537282755,-1.858337127748109,0.20716544461133282
70.38557933495969,62.786877485997806,48.31960419593099,43.11148267230399,36.523791234781974,-8.076003550428199e-16,1.1033821000584006e-15,0.0,0.0,0.0,10.067641618099723,14.741435229447793,5.693414093189288,7.295604978287557,4.9425379060884085,-130.10684209808178,-129.55386733066334,-73.50091738983231,-67.87733645491265,-50.256601844665404
881.8626308531127,881.2651599185006,693.9307532142385,654.3025323864163,523.4763296015226,5.156668793716116e-16,-1.032032971616668e-15,1.3106418724926265e-15,-6.950108373077496e-16,-8.687066160806623e-16,16.36754246898654,95.96693192993902,4.383362163171256,80.44693182940661,33.9559416307153,-2836.560096324264,-2919.522366280699,-2127.1178231187746,-2057.362977254831,-1530.2696125107436
107.18290351393681,86.99800691676407,103.3851037496028,108.44395787054786,84.90928680534519,0.0,1.306775198084557e-15,0.0,1.0483464450580706e-15,1.3389211239312781e-15,11.46765042698546,5.95655696534328,17.696568892518428,15.601028888593303,10.253133473446617,-213.9216933175945,-157.55274292390715,-214.1194829863545,-225.37928221873582,-160.6826472895662
102.01085577675258,120.65499370084207,79.34116003240233,120.75380988207353,103.51297464063495,0.0,4.71123632078987e-16,-6.2688762658492e-16,4.707380985852165e-16,-1.0982858730154513e-15,24.20333026643828,19.64381974753777,19.332352700434424,24.909692975963765,9.955810277857294,-243.14213289214322,-265.5273309827313,-167.39414918131135,-269.3240910176224,-205.50300702886915
64.55966183983367,56.70102429404908,46.67252208882215,57.79259840096755,58.6331360582526,-1.5408380430059316e-15,1.0025113226530175e-15,0.0,-1.967152210960508e-15,0.0,12.489440112562233,5.477815006253629,4.185315269461619,5.304443500360087,8.041281424579811,-123.74014480454916,-90.5813387029622,-67.99495884554644,-92.54453136775098,-96.6347133384027
109.39791255386788,107.87582674114424,105.34946139579242,105.93844193483541,98.04915254886961,1.039204817236675e-15,1.0538675916191654e-15,-1.0791401893788572e-15,1.6097108232658375e-15,0.0,3.0162719513635587,4.880099687832509,1.5478150036566227,11.410393915572081,9.139957583317567,-210.42447459080074,-207.6345107079315,-199.6809459018303,-210.30336814155163,-187.7849831242703
12.099653486755708,9.357063903416028,5.767246576734741,14.843767502163615,5.012489174707818,-5.872422185791196e-16,0.0,-6.16015568526628e-16,0.0,0.0,3.216891651197686,1.4617244888633951,0.580920312995787,0.9798484033543605,0.24819184943033212,-11.771053613133594,-5.775658344650587,-1.1308087661069763,-10.528216865843895,-0.10174900576223708
648.1461031432896,568.391279242562,419.2394006207598,308.195565671752,332.0137764331266,3.5080620610159743e-16,0.0,1.0846961192414844e-15,5.533183328278308e-16,0.0,110.74450483532505,54.121514718836046,38.673187805008254,41.02315089257531,54.65222411214127,-2082.226963339523,-1716.215398832651,-1193.5801086121644,-837.9723852997481,-952.3213233873427
65.83787164930553,62.1347266800154,52.06431725006742,61.48802812698419,45.052085683986704,0.0,0.0,0.0,0.0,0.0,10.615022788968064,3.4447611178854447,1.8708615157136896,7.022768664788763,2.574869872170935,-121.50779140893185,-98.7371565183446,-76.28251247341315,-102.05525645702336,-62.55677866650279
71.47640276649173,54.24638089891282,63.49961939125271,45.40193566770547,45.060382505274376,3.9763765844870076e-16,0.0,1.7903546322244063e-15,1.2520043038878825e-15,-6.307471852258957e-16,16.661910280732588,5.240493856198751,7.523861096276712,4.50216028541111,6.993536124465596,-142.83782567869565,-85.53693182141951,-108.80019868517256,-66.08419893845593,-68.39280091609842
21.972844952384467,22.49308517773714,16.588022030861413,27.592078676700627,15.495145864960595,3.233731168175348e-16,0.0,0.0,-1.287584643559491e-15,-9.171165498568957e-16,4.387603303224258,2.2167775511519925,1.007175929296442,4.7943089715630265,0.4407737269521788,-27.36649910155424,-22.691304872211965,-12.86323213559864,-36.27484882107525,-10.989428942589402
2965.8561261548075,2700.8058347578162,1644.9071355189722,1783.4575994467891,1376.862352460595,1.2266201232789749e-15,0.0,0.0,1.7848652287515304e-15,1.3211120198726726e-15,455.99048849307815,361.1608073919743,221.51575380755685,319.0244585137372,148.9929867283314,-12276.389680915789,-10959.582155397318,-6226.923698852362,-6982.544786269996,-4932.092172397972
348.6214125685267,136.04452505924792,162.15392119538322,110.24749684529095,233.54936136545462,0.0,8.356590437733895e-16,-7.011044622512211e-16,0.0,0.0,78.58958160983394,10.106552293006121,21.854526900423128,5.804585497771815,46.67180036220524,-1038.820033034841,-285.04925060871426,-374.58220358677454,-214.24262757163646,-637.4536932388922
27.869554746300885,28.629633153557055,18.6900119546413,49.13575614569134,21.03946131183459,1.0198121099934835e-15,0.0,0.0,0.0,0.0,4.184934454178983,4.031968073384891,3.3040755944888174,4.697002673644295,4.033272100284366,-35.55599532671652,-35.53530606632437,-20.367574581352226,-75.37696912105217,-25.284579596658705
270.5562535591115,160.4218467083589,195.5837764648495,68.30662093920654,201.55601146476693,2.1009833671572773e-16,0.0,0.0,0.0,0.0,78.62388867972551,26.071910680039117,28.190361487743612,7.819756167598154,32.65046463552117,-802.2563358620719,-388.1409689013913,-477.4753680060641,-118.67703046234297,-516.8180395410342
30.139433543636397,17.84457519715691,8.544219882736435,10.538179620016747,29.920709342928053,-9.430074188107936e-16,-7.963683392959755e-16,0.0,0.0,0.0,5.1560254836180235,1.1468094842914227,1.214799245387209,1.5702018648691283,6.286631944845738,-38.9816930754056,-14.677894495008353,-4.560966032522555,-6.9835754464925826,-44.48058900031034
9.951280105087639,9.106282282666104,11.754931402201828,13.862741552052116,20.709419796895194,0.0,0.0,1.2089270646479616e-15,-5.125557113592136e-16,-6.862024554320218e-16,1.7581450430849834,1.2769108750188132,1.328843305559267,2.1636538121418014,4.020793091328404,-6.790102179805955,-4.591739999045424,-7.352313276369203,-11.78387225966536,-24.908819570783997
57.96722970502684,29.275933421296223,38.9951240133254,29.005086116672736,44.755781607596745,3.0644156162705275e-17,0.0,0.0,-9.798870900116585e-16,0.0,19.126119618985694,6.817463737299054,6.143771451623941,3.565061241640252,8.76592734006972,-126.20753093535657,-46.191668785061715,-59.28456441326968,-35.30586930920244,-74.98821455272518
6.519481966349364,5.814405384952908,9.85954909785785,2.6843243721267496,16.87825575600689,0.0,-2.138567411894082e-15,0.0,0.0,0.0,0.6138776652646063,1.0099984872653691,1.1529205912940115,0.4579516751936839,2.1892897058586183,-1.5216541296353265,-2.1311291427027057,-5.214245568615659,0.347799630944359,-15.355176258354126
126.47832277478548,119.28292710246609,97.50530443327735,93.34117472275864,68.55855041462449,-1.3482963154569969e-15,0.0,0.0,-1.217970933613038e-15,0.0,15.82845422218914,3.555509904013729,2.868305659025792,6.69054082033971,6.493785182340816,-269.3759800327778,-235.92067089554496,-180.6061103056595,-173.91476382539625,-116.56182105779533
45.73059152296236,39.270035307605426,33.424450116216754,27.865634718616466,22.48223836015518,0.0,1.4475010886939323e-15,-8.503269113353181e-16,-5.099777865712142e-16,1.896277561987015e-15,2.6415161491400934,1.9996420542909283,0.24329192732718757,3.026857815238896,4.295633357685131,-64.1101502841503,-51.08557219035638,-39.46943628016587,-32.62635409863138,-27.678244934306278
62.20688483170066,50.62834403891808,65.48531468079267,46.349146070779476,86.87230682296862,0.0,-1.6841382018275889e-15,0.0,0.0,0.0,3.3876058180807442,6.599711479048499,6.4454131688858265,4.976518887427894,8.730517743399698,-99.13578645844717,-79.620264492743,-109.22447724027968,-69.43401645896037,-165.81877146344956
10.307750469830117,11.90681746552218,9.820409874458209,7.5716272094692165,21.658479560066645,0.0,2.088635004577427e-15,0.0,0.0,0.0,1.265471008541732,2.3584439770046433,0.886188170279949,0.7138796348945228,2.260933368023509,-6.179714599830004,-10.216364830617483,-4.801304533278029,-2.4056834868776447,-22.78306500982857
19.457602930519226,7.118369141176718,12.963120963909914,11.678277456978375,26.18137230937606,7.303497129603922e-16,0.0,-1.0962525733398503e-15,-1.5210777838976462e-15,5.427849444741603e-16,3.901447762289625,0.8112827292764204,0.7153835264067604,1.8055939154182816,1.5300916001666185,-22.97650571136678,-2.2772246403652705,-7.985833516893002,-8.509231047665192,-27.62172750289223
56.6744002046476,53.99418273090065,51.80986418905215,49.391431005401415,41.928382539896475,0.0,0.0,0.0,-1.1508761277759224e-15,1.01679486693863e-15,2.638847571239219,2.963268072978732,2.0645168151998763,6.3733765769922055,3.184168517564281,-86.54020969463056,-81.34024740986304,-75.85470629544193,-76.16201050962712,-57.33774454591847
186.01797446681803,183.35942502500174,181.98744466627807,176.74488321048304,162.93040396613276,0.0,0.0,-1.2493920987801197e-15,-1.2864512472050232e-15,0.0,9.256460510893538,4.904343806741656,1.2015095105395965,16.784763592383744,12.94446107296144,-421.9134105763005,-411.44372450594057,-406.5094543086116,-403.7183618693259,-360.6906678466091
47.461120335960516,47.00899640766555,40.378394449040854,42.488546378625685,31.438573238926775,-5.988419411344856e-16,-1.209202986761462e-15,1.4077681798999382e-15,6.689263778791418e-16,-9.040394172599623e-16,3.3736343170656293,3.3227641936732,1.5165363393898725,3.7416516034186755,1.011755327232008,-67.98960132026436,-67.80743286381072,-52.88161570723304,-58.67117474521538,-36.163788234430655
29.054586333433548,18.597368756016543,27.563905459863843,14.328091834867097,30.206614985645302,0.0,0.0,0.0,1.4877265108624096e-15,1.4113651650761176e-15,6.792508165030178,3.8234381589105912,5.0824622111837545,2.4409076398033416,3.9726756592692327,-46.02087434065909,-19.865103594118835,-34.92946693072339,-13.067058174378655,-37.76452005930126
215.41462239868346,198.66610798951928,214.58966607912055,306.0573203698416,271.7311489653723,0.0,-5.722507924080016e-16,0.0,-1.4858241271175758e-15,-8.36759702775949e-16,9.459967371796136,27.3028627057124,3.3927337548764775,30.591145173201898,32.40339134774117,-506.8407543298949,-480.6350119025186,-501.6485564880481,-812.45232413137,-716.6706219474952
104.47621426333286,92.11243960773234,86.99287675799384,111.52541600661742,105.98454255932293,-2.074305007459381e-15,0.0,0.0,0.0,1.0726737595530204e-15,23.091498315560944,4.5147491125044885,12.356493545789618,11.2802318196739,6.0036108705021345,-241.4573361947506,-168.68804672634516,-169.0389559230765,-230.17133976868067,-203.52229458758717
231.00496131870327,148.4712013167684,74.61667736298746,168.01378922923908,171.6808704230827,-2.460701213355529e-16,-7.657164265752876e-16,7.618058170063249e-16,1.3533036573147098e-15,0.0,36.72729859868341,12.988388726742828,6.747423274327276,23.332160669652257,35.30192076425451,-600.4689421727936,-325.80566120600645,-132.49867280077598,-395.8320454786759,-437.08410610923505
21.363290793831748,21.94374290040569,19.20142545852176,19.461780878360248,17.796350241132053,-6.651997041254114e-16,1.295207912314656e-15,1.4801874731539893e-15,-3.650964627549372e-16,-7.985263563962107e-16,0.9183087182409939,2.0257221841508763,0.42969854150074455,1.6416919772107372,1.2635090516436431,-19.58396117066439,-21.95556121862202,-16.12930338132924,-17.603550875289354,-14.818127746588127
112.07645080635704,101.48898312535846,84.28897387261159,61.86490359832985,45.32382144843265,-5.071843233064249e-16,-5.600944763688827e-16,0.0,0.0,1.2541620949919641e-15,10.0532195980528,4.709152478238897,3.757247828690306,1.965722515979549,2.6478588123798565,-223.47928559829282,-191.59597141002124,-149.43152109293945,-97.19699981083808,-63.23336935627676
195.26222348275934,52.2803426487843,166.96933855457593,190.74062473887204,37.06015175374042,5.8222648341221e-16,-1.0872809163221853e-15,0.0,0.0,0.0,25.352360146453886,5.0234239705462524,27.70292652666065,16.274636393720495,2.824113007185794,-471.8601387636228,-82.33591349978363,-399.91721725536394,-446.55833430730644,-48.28874823074953
111.03290260743749,84.85829800582954,69.06698131974376,83.6597108855709,88.64169295855137,-1.023902240253609e-15,0.0,4.115093621773689e-16,-1.3589198016368476e-15,0.0,10.051226613757864,29.0845573661937,9.601447958446835,10.49009157969146,20.94218919917084,-221.40844345770816,-207.32155319491372,-122.16369316535933,-157.74849256263795,-202.67741543992005
108.55519869279158,16.304682761024353,110.98994920657395,112.31039986068491,12.825929423590233,0.0,0.0,1.024298493100692e-15,7.591917435694191e-16,1.1079785523429228e-15,13.624467980319642,1.588525056624864,15.31430669166294,12.459072359528315,1.259868421145902,-221.55059596099312,-13.413591290131777,-227.46021324451678,-227.97883307304522,-9.134615000201626
31.808456539555518,18.3100349140671,7.655861619011623,32.592477322048026,16.11213394768739,1.787053665748295e-15,-1.697770912802666e-16,-1.8562057966032874e-15,8.720328052871699e-16,0.0,5.273411578833458,4.926898872103085,1.3404600741002968,3.509482884207776,2.600412379858761,-44.05770295657718,-23.56531767508308,-3.921075181300794,-40.45724909377938,-15.024560496781723
72.7564022155426,64.63893183284019,67.04289881175012,60.73523366504355,71.58098297456799,7.812840812607531e-16,0.0,-4.239331820989629e-16,0.0,0.0,6.332173632156375,5.691307138780926,6.026718529762026,5.860362346030555,14.23276951631068,-125.62168880340637,-106.77215504891915,-112.23645844400235,-98.93128913684632,-141.41095635469057
38.1210971803808,37.96110216916386,24.006008443895706,51.80459572724257,28.612428367514816,0.0,0.0,-5.91970745507905e-16,0.0,0.0,3.815876209813017,11.049291352401765,1.4044257152110518,2.2229087562996894,5.799002010803499,-51.313701914235985,-69.36246477658244,-23.97311149987308,-75.98450292529058,-41.218523753577344
168.93339950719917,136.51189487343296,112.70257268425314,140.83665975630493,131.2771840702009,1.3459367780824327e-15,5.204987714945134e-17,-8.826416348551807e-16,-8.072247518389937e-16,0.0,32.3676109329737,49.4487000279967,18.83296879949773,9.4561318930748,26.075308284937776,-419.5353287672839,-385.9455821705477,-241.82758975668648,-297.0114071103584,-309.0558815436294
47.780080145004504,32.38426140122482,23.959138501807054,54.7511131625613,43.8048009965201,-5.94844323076665e-16,-4.3881978777087466e-16,-1.1862575704990552e-15,0.0,0.0,5.916288673792492,7.038789692246937,0.725338886353763,4.757711302957266,9.749862225021305,-72.60348232236858,-46.590708760356556,-23.496214926774154,-84.69649630400096,-78.14902738046317
29.28168088540651,18.608133913111214,18.97232728714964,18.649360954964084,25.61308731834271,0.0,3.8184523987085815e-16,7.490306539687051e-16,-1.5240044685198032e-15,0.0,1.7049440570911971,3.05738184302723,2.4609966998550963,3.626909330192135,4.846516637038612,-32.970474140219146,-19.722968887287056,-17.773784737862147,-21.157495187694085,-33.46104468799321
58.76785074030519,52.08971754459344,36.03147278922313,59.95815904927235,37.69604454638254,-9.672536624148255e-16,5.456299394611324e-16,7.888023228099859e-16,0.0,0.0,3.689759012450738,12.457931710801443,0.909079399076656,5.610053753269718,8.905945712721966,-91.76317678800594,-93.93880664881821,-44.38466441435742,-97.13703122165704,-66.5887214306583
196.80880423862632,205.59751440960594,227.82286316572274,174.96605972686402,184.69211933917052,0.0,0.0,6.237677166257346e-17,1.2995301820146176e-15,0.0,44.27827473603099,77.80013999810244,84.42189407657541,23.172613175472023,38.9159224130039,-537.0755125268576,-650.9309350808992,-728.6275108731802,-419.1637192772082,-483.7065502302915
465.1231448025694,440.03884488803357,499.75796699800594,396.7512251014771,429.6421767596799,0.0,0.0,-4.549675852273893e-16,-1.1461775594269516e-15,0.0,73.68601449991493,59.32564089780244,111.46016079992489,35.603491368542656,66.15044482714627,-1404.075540051592,-1274.2384308530568,-1575.598588285062,-1103.639037520841,-1267.7950261142994
24.60896785172105,31.15180587016922,13.91285756491079,44.10561671996375,26.28556201514101,0.0,4.56180767639228e-16,-1.0214188313867873e-15,6.444011340065753e-16,0.0,3.775547544360004,7.840270408230486,1.7380770389460478,5.913546783472361,4.3106576625116135,-29.211282385103583,-48.381121944796725,-10.218173449828834,-65.75130863387452,-32.97196003407177
150.52597191119094,110.84778737257538,127.41926882710557,156.55135085512558,191.2851759588089,7.552639340451515e-16,-2.403778480615485e-16,4.461132086540106e-16,1.452390376711896e-15,0.0,4.425625535753505,30.181957493022384,26.77321938154223,33.035052951816326,38.530047648095675,-319.44375029467415,-268.92277502445484,-289.6875660698244,-393.07633999106633,-498.96228916107657
27.018808162267646,19.579145559720864,15.968141722797291,24.370463718155065,21.79178215229507,0.0,-9.072698468796591e-17,0.0,-1.1662358894398434e-15,0.0,2.3019286917747714,7.200956267040982,1.8300876209122336,2.8415745873311384,4.949834514157245,-29.84473179746445,-32.20600262479738,-13.007826185811066,-26.503471423465783,-30.021696130852277
15.46535248033998,11.624062949108126,14.575878805746676,13.908557677591835,18.792896447201937,4.594416691526193e-16,3.056344149506768e-16,-4.874784877327342e-16,0.0,0.0,2.1695102565436026,1.8055325231308035,1.284840921302535,2.392093608746204,4.529261561640054,-13.956975513147373,-7.8681203327882745,-10.616112508478386,-12.472157921538573,-25.493568867907705
116.876286017187,62.55247021686445,52.81163338023719,78.9613783027654,95.01846818692994,9.727109030902818e-16,-3.6207282660193064e-16,-5.381713764800879e-16,1.4397777770000562e-15,0.0,2.3810332510264596,19.5282166411531,5.452893118125082,13.915674333216943,18.623460012563857,-229.25281320929068,-136.81245633997773,-82.34549688703886,-154.83090088983866,-204.75025511470233
7.863342721265752,5.891518717526213,4.750680555782861,6.131852407394566,14.583440446923237,1.8072282003898846e-15,0.0,7.478325762139257e-16,0.0,0.0,0.7721799817968313,0.9911969268709382,0.4419696886871089,0.5044882822325832,1.3045768601642977,-3.2002176741578987,-2.2421407252552865,-0.12243694838286656,-1.1310607436742546,-10.709087280727307
30.495819879864445,22.473716232189155,16.879568127591863,25.233436371135852,20.601221374868288,0.0,0.0,8.4189681914743435e-16,0.0,0.0,4.882332343789882,8.536973270717224,2.822638846222544,1.6059039608971961,3.578612139099191,-40.54372055045581,-40.33279240150597,-15.810674185782268,-26.214655370968615,-23.81311144489387
1.8173884580520152,0.5792477923309455,2.6088218262551752,0.9809203920957921,2.5145200137174313,0.0,0.0,0.0,0.0,1.4128794598648743e-15,0.08300498652791731,0.07195073815150518,0.6496310912336039,0.09757559281172512,0.13835865585865725,1.116020184180813,0.7076730969149425,0.0499206354245193,0.9177640052838821,1.015735002609824
345.3879707177846,309.2631934289703,347.5629271290343,306.0726243957395,344.0335438479749,1.3166276461262073e-15,-3.6760545754283865e-16,-6.54194270146708e-16,1.4857498339952618e-15,-1.3218110821409106e-15,36.866930111695005,66.3000240585897,57.52543846114742,36.75944495530911,63.868180700775824,-938.7112482673498,-876.229274730462,-975.6600885103342,-825.1947734698952,-1003.73855467055
22.07647946319943,18.570968911363277,14.652634644858221,15.56283141220232,9.045139850866928,-1.2874203732430169e-15,-7.652188091546807e-16,-9.698497955921366e-16,-4.565639226824665e-16,-6.873579668649332e-16,2.0553356654813317,1.9015514973600074,1.670263312756943,3.396426346208363,1.6931807353624155,-21.930858145473092,-17.187731284100238,-12.065823765071238,-15.33233172249324,-5.789219038173061
2.230824292420045,1.3436378118631005,1.319451315578552,3.121104010445163,2.5722001661128964,-1.5925564782811478e-15,0.0,-3.3657112210717583e-16,1.1382874992024946e-15,1.3811964269364598e-15,0.31661537255889727,0.09258159798201912,0.26485301183871957,0.1651049237240137,0.29142130046612785,0.7014383675189424,1.0454521311757534,0.6573863294423781,0.8442138994315599,0.6895285925736518
25.4670599297706,28.41676609325404,21.43157369120816,31.210663009994093,22.57307825994669,0.0,0.0,0.0,0.0,0.0,2.02580444148591,6.784390130633538,2.1041685421382073,3.2414382526996777,3.0408475500511805,-27.0229941505139,-42.6940040070406,-20.73790900783098,-39.93727826501456,-24.285012845587428
62.70882444098304,37.59969413926604,51.55226335463007,49.71524547564716,63.099881135961,-1.812932051191771e-15,3.543293795464354e-17,1.3782959069561088e-16,1.1433800299478068e-15,0.0,7.732099075202052,13.74130002662497,7.823433228069751,6.088872748750509,12.967001537574545,-105.80453892365333,-77.15557148596692,-85.3474874942484,-76.70550755329877,-123.08816857297269
8.90222985986276,4.944865644180393,6.908503081938376,13.579090176757354,5.920328892493282,0.0,0.0,0.0,0.0,0.0,0.8475340977068376,1.0070601526249645,0.6487122926654021,1.4545546960174682,0.9881637379478005,-4.1960386611469564,-1.594505745601647,-2.052303191029784,-9.670380259645059,-2.1245818722153405
6.30398355994421,5.846094441307998,7.975049241281128,8.029996860259262,9.248930827315082,-1.127132913662593e-15,6.077071991340634e-16,2.22739294223454e-16,4.4243026997719095e-16,-1.5364862145181968e-15,0.5958589165648129,0.8564590864768866,1.3986735142721667,1.149923401141902,1.558603238256806,-1.5985813414817651,-1.3438594140480224,-4.089849127893473,-3.6310109753350646,-5.602130929568985
191.3344626475617,105.17268106565103,64.29697979466522,119.46307086815833,171.56824041273973,-1.0398125003716544e-15,0.0,8.840760334675061e-16,0.0,0.0,43.04200462846487,22.133224488407507,5.180311399497464,25.692954955979065,32.35486696189744,-516.6348690312302,-238.57380210725682,-106.30778831512892,-283.6811954672447,-430.85384856942005
70.68108093540653,41.43952479419853,38.09541256030862,77.08308689068701,68.31679178623244,-4.0211198038097094e-16,-2.571974724452831e-16,-7.460664557815136e-16,0.0,0.0,4.677982026615879,11.567095454823129,2.423071932991732,12.794390555982595,12.519214167028307,-118.75315785002238,-74.31152927030277,-49.340977489204505,-147.92811662873885,-131.0344375512202
106.9149567187503,86.19241170244682,62.82825981328172,58.83608908338138,78.4562664946798,0.0,0.0,-7.633767799131022e-16,0.0,0.0,18.77411501812006,30.01902219070174,14.36785343445095,10.591866171623728,15.12599024548122,-230.6102498198707,-214.29539463194823,-123.89566947070199,-105.51935499767852,-160.1423359763676
3.066136750941394,2.1383485325168032,2.4568796944307447,0.7374833599081123,1.8728608343880162,0.0,4.153571815791661e-16,-5.874483538141299e-16,0.0,0.0,0.5455016077448575,0.4209935003482798,0.602127781375159,0.09778745726308147,0.14188491204549264,0.060000466560677604,0.5040905742532769,0.059047970654943716,0.7620489967019285,1.0370888084307461
27.67616008403721,5.888713551584257,30.334927495594457,30.020407361938148,16.700686768722065,1.0269383232393141e-15,0.0,4.684650957964493e-16,-4.733731472684632e-16,0.0,2.528661318613983,0.7259510065470104,4.366575542067045,2.1574372995186133,3.019543659770491,-32.148083179045884,-1.4321745891313937,-40.07051102190837,-34.69592354004779,-16.907630980371962
137.20292053600633,110.73685589876509,82.55099735915711,149.58036151548964,99.51701996441116,1.2429054419265921e-15,0.0,0.0,0.0,1.1423858729117112e-15,23.01839730380133,10.603931705204921,8.83064924900174,18.449995217251477,8.927385206929626,-313.6629017934449,-219.9935444875836,-151.04741878760402,-336.30639706095656,-193.2853140616755
44.392241144421405,36.95414764101239,64.61390891525906,102.02726717056736,114.76613294237974,0.0,0.0,-8.797396692925355e-16,-4.178546120845681e-16,-1.4858935489970861e-15,7.236122190117578,6.327951819868163,1.1883819399535938,19.493704398418753,14.51301632066962,-72.41363705437116,-58.08616346299461,-102.91141047345151,-223.04155639898462,-238.20679955494825
68.46277588847259,33.61137080640905,54.044320472261674,34.00912146960264,55.58566794093874,0.0,0.0,0.0,0.0,-1.5339408781020406e-15,3.4126219923444063,2.313135081598239,4.68822704977565,3.7715945715976,6.66418687403709,-112.64013181325265,-41.10885026221507,-83.02562385085511,-44.30494340852323,-89.26060026025526
45.20124732402218,18.464463776177826,35.31664217810921,64.65283822410179,45.597528015080684,-1.2575630591193578e-15,0.0,-1.2071522522045293e-15,-1.0990124413365949e-15,-4.67487668755924e-16,3.9389182644543834,3.1103872556985497,4.65160510749828,10.195094010346363,7.533360385916621,-64.56249362308293,-19.537087640287865,-48.80112031480155,-115.33053196179955,-72.97138117371385
13.148372226901756,8.986957545657715,23.61704099211398,25.932808039456337,19.053223175254498,0.0,1.5812753807954007e-15,-1.2034407460229401e-15,-1.9179562594043607e-15,7.458504308949914e-16,2.1629749646766747,1.2029120316883137,3.3435022223276674,4.319144444536659,2.3774740790907356,-11.327793857925434,-4.5196565597980625,-27.420736885127724,-32.47732482965897,-18.929917146003692
27.55773928749595,13.586750715355596,37.43056443560201,28.58229466678374,24.247152680233754,1.0313512706501319e-15,2.0918695003568518e-15,0.0,-1.6158701868706041e-15,-1.7582503276914663e-15,3.914314748312697,2.0034784576773412,1.8780405901126929,5.7380823134144965,3.131494734234702,-34.761905027972354,-11.215829194305789,-47.54570053817921,-40.42889284407145,-27.10420279509775
533.233081365127,296.352012468019,270.4514014940628,312.8206175580681,545.8593621045311,-8.528115879875045e-16,-9.590523510776278e-16,-8.407191613248992e-16,7.268500305962899e-16,-8.330851909056033e-16,47.142228248166724,37.82916122731498,29.539598123075088,40.240678773738345,79.75700521055573,-1583.8214896718932,-797.6416363765985,-699.7446391772339,-848.9577399593227,-1706.6834577144753
32.312444259141905,25.200261799569542,27.1143871238272,26.660829333354087,17.433601712697893,8.795902037761466e-16,1.1278338953958602e-15,-1.5723226179116535e-15,-1.0660474614286274e-15,-4.075708206885162e-16,1.7968820109210215,1.510730046280341,5.961069249855057,5.056666550566209,1.6309787518402286,-38.237257926598105,-26.157173268288894,-39.90029547709736,-35.551272619568245,-14.600120445372829
35.339521606608876,9.510853170753267,18.474580265501906,47.13665717058401,48.464202159484216,-1.6084942941100162e-15,-3.7354311069856664e-16,0.0,0.0,-1.1728949684088428e-15,3.2954529836054376,1.635738113857245,2.7878007247107477,5.4121444085847905,7.020192819556426,-45.27566564560194,-6.033890546147581,-18.25813262426453,-71.16437911860451,-76.48520701715209
24.62123188539246,12.397225202197156,24.98763445040423,47.687952055119666,31.001816721161738,0.0,0.0,-1.1374309755817731e-15,-5.959934995227525e-16,1.8335512196614877e-15,0.844566310718153,2.3913155380585462,5.320369736042151,8.23885248649114,2.440703296212933,-24.61991901403292,-10.857192967506645,-34.87435936086722,-79.02645612440482,-36.66000204188972
413.3711847222502,369.77621053874793,370.3674071454987,323.95571235877895,483.14183954854286,-1.1000944615721464e-15,1.2297907164550065e-15,0.0,0.0,1.411844246333713e-15,59.92122704649739,46.06539885328444,23.010436746778442,40.937220749017094,91.06504075035598,-1204.3565087113436,-1025.568734373891,-1002.317370335794,-875.9648698154715,-1510.8018382004952
200.97197716811854,166.18786281829708,61.605967393034874,168.0453562785346,233.15344240360764,1.1313700479397074e-15,6.840862852055358e-16,9.226933893945262e-16,0.0,0.0,19.20017013157683,25.11117864167082,5.393694808928014,26.53437063188324,46.33267699509386,-475.70271342269456,-401.63855458092894,-100.26178769298798,-398.14600990041606,-633.6888256892037
36.24072344237459,30.705068230529264,13.78992271559141,29.388088423157942,30.9705703889511,0.0,1.3884536528473674e-15,5.152623045209191e-16,-9.671166433543046e-16,1.1471256855081844e-16,6.372146025441989,2.4875381538431838,0.9340343570519306,0.9695043268657857,9.732596719631891,-54.14031883434818,-36.249850440431786,-9.184942830300828,-32.59472147665941,-53.023950484744454
188.70679285694536,176.37515231661084,210.72293491338246,218.5608030934804,210.3384885146212,0.0,-6.445740016572e-16,-1.618525830161965e-15,-1.0403222912114865e-15,1.080989394993331e-15,21.821288408607387,5.603072326460876,37.08434548174949,47.11198683227579,14.437320207339662,-451.18798929686614,-391.8901270964392,-552.3836275195815,-598.3313459366907,-497.75281499070167
36.022949079665,9.170830743083267,32.00763163446624,40.98358924414856,39.939778848489624,0.0,1.5495711471853272e-15,4.4398332489866466e-16,-1.2136075053579735e-15,-1.2453246597054686e-15,5.068699555564634,0.2360999768411449,3.041166339404917,7.5726359905097445,7.88787091928051,-50.936026538718885,-3.5045101174027544,-38.92152945837748,-64.73599608121914,-64.77916693055386
39.420865321261005,22.851772574982853,13.67296534167614,14.763010316683115,33.67676277783139,1.441962737184017e-15,0.0,0.0,-9.625987119404e-16,0.0,7.436145667411215,3.8906923193290344,1.3789408762871576,1.5665750474948914,5.048637581011888,-62.53468194031348,-27.226209574212525,-10.453672612079433,-11.415998520616885,-46.85463439988276
109.66287500704601,77.96562347658087,151.5562624782774,201.03138403030573,174.0313027069635,0.0,7.290831051698381e-16,7.501295945320028e-16,-8.836216533894342e-17,-9.79882664382312e-16,17.65692676619605,8.21567824520522,31.440252017662345,46.280575737237825,26.02071692881541,-232.854537167552,-142.62875859886407,-375.1913554580936,-555.7876284797525,-414.1293309749658
11.750501987068478,9.587435925749459,11.156321607189227,16.776791092172523,14.773485504873754,0.0,-1.4822372556394559e-15,3.1844848184648086e-16,1.5352861002913153e-15,4.809580890885181e-16,1.977689856089014,0.8185776710469056,1.5008647279641636,3.864965833579059,3.153995030619722,-9.296352437944904,-4.479445018048165,-7.188937741797593,-20.501016310182226,-15.588009565662896
40.367366792159004,22.77344679557334,17.600022787640842,20.249343229218713,6.353756783548318,0.0,0.0,0.0,3.508966822858853e-16,-8.38727496148299e-16,5.943555183501434,2.2292420020795336,2.0308677129478037,1.780701592596031,0.6439890724233489,-61.19250895170455,-22.887894673327345,-16.267613812030238,-18.84166500672968,-1.5210999612347533
20.702403409531826,15.099926320948656,11.943429459348565,14.302952541199705,10.993088983715214,0.0,0.0,0.0,-1.987121844146177e-15,0.0,3.4137627638134243,3.7030617534211725,1.2469862381046326,1.5649942477235408,0.9199956097132852,-24.075935938788618,-15.729821159613518,-7.366178416954709,-10.978616108428097,-5.965980001246077
158.91295325869493,143.29820651773872,29.072152296001406,124.37556114545636,175.61768220039994,3.57701607673683e-16,-7.93358413090417e-16,-9.776266009143443e-16,-9.14060902918541e-16,1.2947083266010344e-15,24.076124740328485,30.413147925749744,2.355757607450186,17.419563236460437,25.271318293511953,-373.8259178007212,-352.61339526083333,-33.70486778149285,-268.13984711246684,-422.2080577855659
15.883154286287432,8.667671858149896,11.060865646787807,18.327027676559933,14.462634512514477,0.0,-1.6395238476685125e-15,1.0840389033595966e-15,2.907765848477751e-16,1.6581223366429434e-15,2.4717517678318055,0.8727910561244316,2.171373951476456,3.0402876681697717,2.277508063637749,-14.407051656890205,-3.970583058531964,-9.210642317233411,-19.597730430048223,-13.010055729867306
22.786391532546343,6.651832818960472,10.97816825432105,14.428134306955526,28.982250824680385,-1.247310676190594e-15,1.0681909108340184e-15,-6.472325066437452e-16,-1.2311757026990683e-15,1.3484063299019661e-15,2.557910842309838,0.6153143149228417,1.706084780210969,2.760768889051104,4.612673239101564,-24.96435806091688,-1.6525265090570078,-7.066191485161851,-13.92661513522832,-37.93540718861977
33.770409078470735,14.821503780597606,7.26536519196725,9.90081490836177,37.39149901166655,8.416157874890351e-16,-1.6778996328401424e-15,0.0,-7.176608615923207e-16,7.601115275302583e-16,3.2492167640132243,1.6867234240187419,0.6800533518387761,0.41811460599264694,0.8589368647792761,-43.979055522736644,-11.690187217559117,-2.2085337698368037,-4.3346595475173215,-46.889623910834636
80.80415199152384,57.39240808085486,64.80541454331305,76.42553755313953,74.0191333010268,0.0,9.904344627032652e-16,3.2892748581302806e-16,-7.205322171678415e-16,1.5359114954678747e-15,7.683957500463378,6.115947745979901,12.577052912607531,15.250350305795578,6.259946866644832,-145.38152018330393,-94.71036709721768,-122.909661623176,-157.43145542279703,-128.3658383369569
46.27205736143056,19.765400421849492,10.582416251495308,18.7627720962034,42.541961142111,0.0,1.0784644691153893e-15,0.0,0.0,-6.680864884310708e-16,7.199035557039546,2.9644197196150097,2.2681320819824924,1.4546013635754618,2.82211554470269,-74.23072595585494,-20.748172763435527,-9.09089322085595,-16.58716270618447,-58.10670287298937
46.70472329458953,21.163888772931838,6.132068776812029,12.706089395041928,45.50082898239449,-1.2170807329757373e-15,0.0,5.793662478533882e-16,0.0,1.56160393480969e-16,2.3803505460648693,0.5553179081293054,0.3522541084063424,0.6649040690563915,5.720025527740794,-65.8452094827516,-19.0849870581523,-0.9283590681438623,-7.6795182220318425,-69.15632962828107
156.46189846625836,57.64635855720478,117.40395470733182,208.18935321398692,146.0804219591195,0.0,4.930356425237166e-16,-1.4525086229635714e-15,-1.5358337309564373e-15,4.3776465977285484e-16,30.68662485222365,9.18029421424804,23.334185743597054,34.701203378184175,22.500842707380087,-383.59632608319396,-100.02576239344715,-268.1597399507434,-540.0638773101782,-343.1716082964941
301.90557478547544,112.79335779942521,122.11640609569882,201.6948943346906,151.30350655029915,0.0,1.0079213877450093e-15,1.8619420822542584e-15,0.0,0.0,42.09385477677911,4.09989118146185,11.62230838845589,20.36568956462019,6.513274392670658,-826.7906121434535,-219.67403486872823,-251.15224048726006,-481.41495784269455,-322.5492132069953
87.89056713068805,49.30788450898529,44.74200574548718,73.64856820127741,103.05093857337303,0.0,1.1528261540088895e-15,-1.2704709570724022e-15,0.0,-1.9306177000141808e-15,5.853698026522653,4.535862926133992,7.410707760034648,7.033357001590549,24.752180234016713,-159.3607720744013,-73.33164293620172,-71.18472518896009,-128.3123985731503,-248.04331153436772
6.362175522803143,6.263672684374676,6.1661673623942015,5.409339363462081,6.032430404377953,5.584117674947756e-16,-2.126975173644778e-15,-5.761623825632025e-16,1.3135480841884899e-15,0.0,0.5995655871677225,1.111405852249494,0.827553806172002,0.3565785265577129,0.7483710672274125,-1.522993527997909,-2.447762669781911,-1.6884199834868108,-0.47815737733133623,-1.7165336622506169
44.42253146860904,37.2315791023769,19.29031584434948,20.044377673670432,29.153071432922225,2.559215649426739e-15,0.0,0.0,3.544848073250203e-16,0.0,9.843843047691363,4.025756168289048,3.2898777995534614,2.6129241152913587,6.026609945353668,-79.34739515549184,-50.40577243562724,-21.711296753657496,-19.943373629565556,-42.41845051142496
0.0,0.0,0.0,0.0,0.0,0.0,0.0,0.0,0.0,0.0,0.0,0.0,0.0,0.0,0.0,0.0,0.0,0.0,0.0,0.0
209.86531169429415,163.40857364712377,114.36700196874727,108.44481607784641,58.53969509024543,0.0,3.4786068804174118e-16,0.0,2.0966762973714976e-15,0.0,33.09507178434321,35.94750319727144,2.692947294542241,21.594249570233284,5.693972384357243,-528.1943822509426,-400.53039219934095,-222.92578346365175,-242.84530596569255,-95.67672041786342
125.25654774098106,102.8184757811371,85.08873981721123,63.505310013599555,36.023938146563374,0.0,5.528521837048708e-16,-1.336097325754731e-15,0.0,0.0,12.649153393290376,10.941055249103119,9.320255746238509,13.862951450829273,13.960757712932436,-261.76457833801277,-201.51032933185456,-157.76271896466426,-126.00831371730597,-76.89674818482302
152.2470873172581,132.7800056426685,94.28910349681354,78.46179804532358,23.069327366753807,0.0,-4.2810224766658345e-16,1.2057261497396466e-15,0.0,0.0,13.93476937504197,15.708564260401255,5.484191087272462,19.14616526676518,7.393790181136427,-333.3004181994892,-285.97571516399694,-174.91316758394865,-178.06431540422614,-35.77161963122614
127.51194217119263,95.34720818841348,56.536257787585726,63.21734290879815,51.14370889814713,0.0,-2.9808643556967613e-16,0.0,0.0,-5.557224933961269e-16,20.12886543667331,15.304556208793425,7.7433759371024555,13.66057650254513,7.51810725579074,-286.14238366786327,-193.89059437662902,-93.60723004135268,-125.50181238807663,-80.9010088852329
38.51068873543884,26.420901527482098,47.26231120686795,49.71760077139771,25.78214698325424,7.38021322486746e-16,-6.723301389063299e-16,-1.804082917528199e-15,0.0,-1.1023794662587328e-15,1.4615427071779543,4.1503618640111934,7.0373984497348285,9.827593310939696,0.58554838036404,-49.29546757586186,-34.457728907664695,-76.20014023392721,-88.61941070278881,-26.37688805838189
27.630925124369462,29.38036403512156,22.43313271239547,26.826908674403924,18.574026027811335,0.0,0.0,0.0,-1.0594478020317605e-15,-3.825464305348703e-16,2.578876547941151,5.914021479603875,3.7351506361034583,3.180089456112873,2.051587703175821,-31.234668786564654,-39.76333849982317,-25.9290637332594,-32.36743599646851,-17.094241618830118
13.784413266773731,13.168184074357974,6.951080047221453,17.276178907438805,11.075314484874118,-1.80413886832226e-15,-1.0791810499425196e-15,-1.0222047954175475e-15,-1.6451386375818406e-15,0.0,2.776108669812015,1.8515838683739827,0.71143572773052,1.4749873906927222,1.4352601159325757,-13.455966712540182,-9.903249713960676,-1.9838343855766458,-14.364089691018373,-6.920745100798234
75.55426170556326,55.46032366714975,47.54888002992773,42.960063444577344,8.09287395993866,-3.761761254601902e-16,1.0249384623493912e-15,0.0,0.0,-8.779856689693037e-16,10.817821876031156,3.68362997046821,4.969293090427498,8.538583080872847,0.9602751551415979,-139.41024115057212,-84.95330240813934,-72.55379871767167,-72.96363774975815,-3.4717163589976656
17.044662408490034,5.973735978478966,16.41447697410295,4.420290951029978,14.910351234480368,8.337422223231306e-16,0.0,-8.657512961041895e-16,1.6074569380880588e-15,5.95679072700985e-16,1.3024292521132048,0.8452627658227295,1.0704860247692423,1.033665644044284,2.226520566760657,-13.860468276058022,-1.6134631224934126,-12.693986421502172,-1.808951561925957,-13.235991187728434
53.36211237289241,50.00523779091867,27.355910884028138,42.7319984959082,7.537799025119138,-7.989294698023061e-16,0.0,0.0,-1.3302307605915285e-15,4.713197668127466e-16,7.667186209803682,7.068045868892993,5.3824098919134045,2.0079960399068155,0.5624640326087368,-87.32266637844187,-79.47103023801544,-37.6786480016786,-57.81286225944594,-2.2762608745734325
21.343552109689472,15.300561558743516,13.784220571361555,13.172115275292516,9.262802055115301,0.0,4.643899722452083e-16,0.0,-1.0788589697402584e-15,3.8354632406708354e-16,1.9632991420415393,2.191342665392492,1.3578134824405788,0.45503980651963805,1.884452939303668,-20.774607470123023,-12.602615445847832,-10.321379436523317,-8.06295109892436,-6.865666034305824
23.436098545503366,17.625392671215725,11.974039175128025,8.426313042167344,13.32774379163627,0.0,1.2094074991937584e-15,-7.417533939132356e-16,0.0,0.0,1.2046028663032626,1.3324531757312068,1.966331280393121,1.750645791510794,1.3523277690090312,-23.009996926142513,-14.631390363604268,-9.645695169801405,-5.907722801250003,-9.975718979883137
15.299675016369957,14.13724535283759,11.189077523586223,19.486710638367324,13.409668190284258,0.0,0.0,0.0,0.0,0.0,0.2623545844476444,3.6354825239039075,1.4947153828677353,2.0519604573453685,1.3153243661921858,-10.666191898526918,-15.549591502653511,-7.455567061902424,-19.14008323923675,-9.691718197801203
27.954685498770054,22.997345511738445,6.707151026563517,16.58312399281805,10.615032581413114,0.0,-3.089672829402944e-16,1.0593808502984532e-15,8.569467804351312e-16,1.3387481014504997e-15,4.016072122724789,6.907589606727213,0.6272215783443587,0.12232058434949003,0.8459796847026628,-35.74635064522689,-34.03020194975544,-1.7003731755572769,-12.360599510844787,-5.658353963887938
2.601372823259689,1.1557069812980032,1.8062496457466959,2.57786969495292,0.9470175527736606,3.4142680809096025e-16,0.0,-9.834503461817495e-16,0.0,0.0,0.3509121050099687,0.15327169153062853,0.10836488680216809,0.41952712163674505,0.14037730980951738,0.629380916954833,0.8603920996232389,1.0850594338483417,0.45495865293110843,0.7680820904595244
13.375253209329765,8.876466252820334,5.424935365215547,5.9457499175063235,4.2936919946888645,2.6561842405513066e-16,0.0,-1.3097717998928978e-15,-2.390086181283942e-15,-1.6548525992060326e-15,1.884820956555084,0.7783754403815406,0.37296176446797674,0.7831322024727299,0.5726749686799076,-10.074580609637882,-3.616801119806304,-0.477025660740771,-1.7349940786888978,-0.21249045177513115
6.698249264500588,3.775642766281217,2.1058086414629344,2.5844344293895087,1.51304530423481,0.0,-4.70477995234135e-16,0.0,0.0,0.0,1.0649103589540514,0.7480914025193268,0.35347243244144744,0.059832775435947734,0.06379318366489686,-2.256300633279604,-0.24008044286725425,0.6666417280349328,1.0491013674159264,1.1026468553319912
233.74318563885464,228.28109694447207,125.43301043498211,177.247445356313,24.54722107165881,-1.94549992823779e-15,1.2450312273257302e-15,-1.3595325185216533e-15,-1.2828036815207826e-15,0.0,24.1246914932643,40.64561423391045,21.123603649191512,25.976020037873365,2.11529068540878,-589.3989390989142,-617.8143977314078,-279.22959424388466,-422.67141111467873,-25.746383182787888
8.375710666530402,6.746591510512182,6.172298209190011,5.550151256976408,2.887954753894004,0.0,0.0,-1.1511801790492955e-15,-1.280222290999664e-15,-1.23018328940582e-15,1.6449345706665788,0.8809521727822954,0.816889577338666,1.0877974975782798,0.16732518926310588,-4.8490511507930245,-2.216562635176562,-1.716289157897855,-2.1676994415862207,0.8934570739419504
15.445099633975952,9.597301231182497,15.078084875976014,6.037111711022032,14.550236618789754,1.3801323771270271e-15,0.0,0.0,0.0,-4.883375812889021e-16,1.9864145932230197,1.8782459719886773,0.9687047412408921,0.45734458527970306,3.728795204881836,-13.330099020513947,-7.055281402042012,-10.770425434370805,-0.9713877450291368,-15.640874515590031
5.583630175856838,1.870717900397684,4.818446213982655,6.250817928404102,1.218888494307084,-6.362730995620279e-16,0.0,0.0,0.0,0.0,0.7904801919193967,0.301624735107701,0.27636942587958835,1.216201372085567,0.11860517837978793,-1.3486470079045227,0.7176281781196643,-0.020153573578658924,-2.534266391240135,0.9294923865297108
40.6371599293949,23.262682573632674,10.154655848354844,16.61072472076975,25.105963373037543,1.0491029446860469e-15,-6.108863270700105e-16,-1.3994422782436595e-15,-1.7110457194481116e-15,0.0,5.05243863142562,3.893391824411256,0.7272997524220571,1.441560479489121,1.8477729657261968,-58.46065366707864,-27.365266868883943,-4.895041017490797,-13.732575854213172,-26.55187122645077
16.148528248623162,16.868908111309654,9.685549575934045,9.530006164327355,3.8180693322306665,-8.800092798805757e-16,-4.2121442067949923e-16,-3.668055850571482e-16,0.0,0.0,1.6558222063409795,2.5759385161666644,1.3080981613558165,1.2151603986504225,0.8336016372620798,-14.032040366219894,-15.164679627839808,-5.654777193662904,-5.10459640159145,-0.9119229433449482
76.43107787194151,43.82555568493418,51.979958915509314,62.2507343883159,62.04573003672429,0.0,6.485190886050643e-16,0.0,0.0,-4.5807679937977145e-16,8.068691469357546,9.165262878113602,10.191467398900235,5.498675681714931,10.622109592478592,-135.142199669108,-70.53291943571529,-92.9452877871332,-101.28243250752485,-111.83090950677911
27.757235183423667,21.455165513025193,17.03453069896257,15.882167004739728,6.834883042677449,-1.8558890322538715e-15,0.0,0.0,0.0,5.197914370468564e-16,4.282963515820071,2.2891038290099255,3.3073547487653774,0.42805296097382045,0.4683804029221305,-36.356103046761895,-21.222679681964166,-18.444519866924363,-11.494114549833599,-1.5849216896847695
26.633550836068814,40.3801168900249,17.367772389686937,50.68443052569074,16.25467245589432,2.1342786476607212e-15,0.0,4.091156423618401e-16,0.0,0.0,4.452400179634569,7.8263727044286036,3.1895307194978875,5.0559061727964,2.7952958550485696,-34.083966455553046,-61.44363285748745,-17.09973337268624,-76.84671205874584,-16.196470525572032
63.50481208773762,54.57398081789737,52.43822031215511,33.197404804615985,29.74896177829905,0.0,-1.0415846161283947e-15,0.0,-1.7122850173187071e-15,2.3884622967865023e-16,3.679059600197759,4.642118522704008,9.770081449537313,4.08758958015343,9.751390219624097,-101.93194575956916,-84.051381893064,-91.14780821872203,-43.72462445239913,-51.40006954707634
27.537232748318008,25.695974653085074,16.686677577175047,14.951090064314855,6.9084037042493005,-5.160596507675599e-16,2.765190833789961e-16,0.0,1.9009790796619385e-15,0.0,3.276477205765953,3.2899606402144665,1.3027121390578387,2.2837097962592217,1.5708243688951797,-33.72681553369266,-29.390502820660767,-13.265368462309555,-12.899834259941573,-4.495960601676169
145.83405048778823,130.43887520246304,69.84826811961248,80.46049816911189,16.503247500663598,-7.79563053630852e-16,-1.743143484565548e-15,0.0,0.0,0.0,21.4986013394383,11.879504599185855,6.167377991804957,14.362167904962458,2.536918353764966,-333.5456513903324,-272.9717632007908,-120.34901448153495,-160.11906009989733,-16.224303723462725
2.708332267857233,1.857197322362923,1.5939892314572948,3.1568347894965187,2.4368294610991006,-1.6397146506747316e-16,0.0,0.0,0.0,0.0,0.43438030664500304,0.16439159954185342,0.19306342963399467,0.5643349443574357,0.5438448904096927,0.49251241364027876,1.008531336656459,0.8682786158807043,0.0597237772231296,0.3385646443557559
62.97856586834089,39.52587113653553,27.11880545967405,43.15780770307224,19.451577210684846,-5.077032585347889e-16,-1.4381319684125849e-15,0.0,0.0,1.4611519221583648e-15,13.480656160890211,1.209201855235645,6.133447635616849,4.228502286853974,2.144106606708611,-124.30279172552613,-51.068045246368435,-40.49697330871915,-61.33491324700484,-18.249892735541906
35.0045164010876,31.142254213279365,12.168706679546931,13.21291923983679,13.01835402630073,1.4716486224905167e-15,0.0,1.167819645048023e-15,0.0,-5.458007474098526e-16,8.091199460709712,3.531884285353518,0.4953186563799673,0.4880645049258364,2.1287777101863026,-58.74485031644735,-38.68043790825537,-6.896302768241042,-8.121446373874248,-10.23003955878365
128.6722468732576,90.11690329679581,77.14727815370378,103.17199896594542,106.55542004457327,0.0,0.0,0.0,5.509578124930064e-16,-5.3346342060338e-16,12.920114206863238,14.101514566004116,8.110918668424944,10.842022821242779,21.43222224045743,-275.098201612274,-179.851466016143,-138.08207132429752,-201.54482299704952,-229.17410285141014
53.29383206781301,55.30447264430852,47.920919241050136,41.77371670221673,34.13298041201536,5.333020412988728e-16,1.0278267948850584e-15,5.930960816389627e-16,3.4018650570414533e-16,-8.326758779142272e-16,1.3744741326122523,7.432318747434359,2.009009489876779,4.0032038413116116,3.2013455545011134,-78.6386606342513,-90.23115178441797,-67.90626656355312,-58.183194885369375,-42.72005904405948
77.85963544215358,69.39132506243406,65.94597529820692,65.3166444609425,53.45051930629939,-1.4601511691649334e-15,-8.191718317767212e-16,4.3098474625451173e-16,0.0,-5.317386958868027e-16,11.943670061697576,3.1280978120065805,5.609627995408749,6.095028156023052,10.519963984183358,-147.0655683939756,-114.42629947644146,-108.98290003123022,-108.05022854043993,-90.99998694672476
89.80919133900667,74.68322531650941,64.26101127875174,77.6658653550185,61.19492439855537,0.0,-1.1416904924747994e-15,0.0,0.0,-9.288910709423137e-16,18.61390021310177,5.697598215545197,6.3162889916910165,2.506428265464443,13.003277581965513,-193.03952760804512,-129.1376306416883,-106.82916106539929,-132.95176491900867,-112.48258918685342
81.46689851747199,58.3846094875954,45.01165323237502,58.439053315048966,57.93167913705933,0.0,0.0,0.0,0.0,2.4530369094914106e-16,7.806600291554961,8.540514358261083,6.729897137338328,17.61056503191692,14.68068676721455,-149.28710270359883,-98.90313030251927,-70.60728947286734,-119.78795399318116,-110.11484840111899
68.6472791618717,46.09463605401407,37.035729542543045,60.68671210771574,64.81287961484139,0.0,-1.233189449509883e-15,7.674132461129438e-16,9.366699378920697e-16,2.1925973355375932e-16,7.714655512098526,8.476213851593322,3.540361395776355,8.882184595277481,17.129636275895802,-121.90035994458508,-76.10503762590082,-48.58196041516912,-102.51754034702988,-129.8750131602676
43.36390164683739,32.700432516008696,23.816988847188732,26.498437990414743,28.116749591472278,0.0,-1.738307859780753e-15,0.0,0.0,-5.054230991021847e-16,6.501910827789109,3.44967239253839,1.792008245897066,4.541315581058206,6.096716446923466,-66.33053621107793,-41.09663884117106,-24.1568893050596,-35.29923348424155,-39.69932964148261
36.63331514448204,36.58907290343428,29.56878129652736,24.40238633863523,15.372268278914454,-1.5516864536178936e-15,0.0,4.806033286488871e-16,1.1647102474320374e-15,0.0,0.9175445007943019,6.47463937825612,5.056262156757281,0.24254329540765604,1.4088447799024468,-45.5203249102454,-52.429831972602585,-37.92140402922949,-24.054228051025312,-11.83194945900269
44.27456958485639,34.20493527801099,31.556522737279824,38.5609689606804,32.77807285764043,0.0,0.0,0.0,7.370590054255346e-16,8.670951936022385e-16,6.245121510655736,4.639912453543234,4.3586667959835514,5.2805691110929285,6.579795023022515,-68.89706036328258,-46.408039040337165,-39.883635290063296,-53.717875569449426,-46.33129639818706
42.79844599831537,35.28187013839009,28.866046810500425,31.23215401484285,24.229986235537545,0.0,-1.208341960853647e-15,6.153793247345791e-16,9.100143850756115e-16,1.172997341150717e-15,4.875946805613099,4.946331278805652,4.3888686814659135,3.1756435847380065,4.403743444475428,-63.794474899970346,-48.561674333447016,-37.8079596328034,-38.412114868768775,-31.860431751883027
14.043540010574226,10.955313149137314,7.737945620466233,9.983221447974309,9.053185114667972,-5.059569988942175e-16,6.485827708321167e-16,9.182575978316167e-16,0.0,0.0,1.8912227839361777,0.2962597038687031,0.16670807109989264,1.6352855575929242,1.9107757997168864,-11.66295661050494,-5.40160542127822,-2.127278737538428,-7.235811840103245,-6.3364396867220165
71.37478624902309,44.67870557442101,41.70228018840852,54.71505331659555,44.48589969634183,1.5928151059530783e-15,0.0,0.0,-1.0388990856300036e-15,6.388925395329519e-16,7.5863531465458856,3.694257101009397,4.5352892011001735,8.457204225473093,9.54801686395355,-126.7420453928411,-63.950451517427794,-59.2314484434527,-90.03737127395773,-72.6534639865796
56.39695801831374,43.51373821009642,32.438568950564246,36.51642229130246,42.64591411931324,1.0079163993623433e-15,0.0,0.0,0.0,-1.666144929552146e-16,5.103274829918282,7.412352850994652,4.825940738267065,2.967466287888669,12.067185143825661,-90.34532822697348,-69.8494551454696,-44.5192200534171,-46.73457599072129,-77.54940488363715
19.172482075064423,9.804913399652932,7.645779705229929,17.63128271800996,13.60710363649176,0.0,0.0,4.646633588423094e-16,1.0075028957398215e-16,-5.2218514295324e-16,3.0641987479194692,1.1280144580614333,1.5481545113896613,5.558527554590042,2.088149975786587,-20.63053488549165,-5.64869377746416,-3.915126600233071,-23.96580609250149,-10.43290754552046
20.81983057189328,9.583357287889546,2.5858250945856653,9.00209723212988,17.869208136752512,-6.82563417897676e-16,-1.4828680897831294e-15,0.0,7.893079995004531e-16,0.0,1.2427627912746637,1.1694733583916763,0.21767679706662188,1.4699260093021262,1.4477649745567756,-19.12897096588223,-4.960880220986298,0.9377576390160951,-4.85663212924194,-15.11484142306811
10.86158849067812,11.552016803384664,7.260287621224916,7.97583712646122,10.051982176649968,2.4531727209028345e-16,0.0,0.0,8.908691645705147e-16,0.0,2.473422225009646,1.2830180771581494,1.042043949127202,0.8490892047262049,3.43716567073674,-10.161916116144548,-7.092408758829914,-3.002008972676174,-3.4297402632625857,-11.220438102120937
2.714836465942832,4.100777345444945,1.1434010604573586,4.091605947930656,1.6948954634499513,1.308628981291764e-15,0.0,-3.883932114532303e-16,0.0,7.860470797640603e-16,0.275026534200846,0.6737046731592352,0.289336020275727,0.4070963581923321,0.1881348812596785,0.7131429223521621,-0.3588274999866491,0.6190929650821216,-0.025962612927174212,0.9747346191798572
284.4924074390978,232.41948772794188,212.48381680429569,205.4375706742484,181.35055305413576,-7.992258123510964e-16,-9.782900636515635e-16,0.0,5.533887367753354e-16,6.268899421976335e-16,27.23019823425418,16.522496434069357,4.841033349879503,15.153291570193876,28.888401176144036,-744.0039685168231,-563.7474042279691,-495.8262837762233,-483.64841315678007,-435.81607047352696
28.33905634387538,26.752169400697486,23.446993750084236,20.412635796287304,13.484711197716287,0.0,0.0,6.060842966340173e-16,-6.96179310551688e-16,5.269246966745826e-16,3.254006621276285,1.7516509154927036,1.3816829669785762,0.5398561846495427,2.514306636279928,-33.40259280146583,-28.692475494527848,-23.09029356606504,-17.950085962263884,-11.12290295216237
3.226138041740433,5.041045831677133,1.353606552096076,2.5819239276733197,3.522244366643549,0.0,0.0,-1.3123140078256423e-15,-6.87997357459327e-16,1.0086505389704086e-15,0.19094948503650985,0.7160382610177696,0.10151255814496325,0.2971110165067145,0.2605028440132535,0.7924894393948761,-0.7651791128297113,1.0199744780576112,0.7561983606195306,0.6207146018920836
24.36154554640921,22.652494680179387,18.42064363266117,13.297529776874796,11.036304344675887,0.0,-3.136708542665789e-16,7.714635274744201e-16,5.343419023552606e-16,1.2876461423481473e-15,3.231541436842114,6.133974793147053,3.680169064646633,1.4847193773113683,1.6096161988850097,-28.157021887633885,-30.92387494997371,-19.52938317317167,-9.872290221786065,-7.259518542913391
24.348706180082537,8.899494763125853,3.1390710300637155,11.47854318997955,24.825656319253376,0.0,0.0,-1.1317723125011253e-15,-6.190182186014548e-16,-5.724261438430076e-16,1.4877901069643087,0.5486504000432201,0.3413946480729117,1.0661904779838265,2.37779863229356,-24.80549493891849,-3.4479251820993873,0.4899824234700746,-6.754769775622225,-26.225003464769618
7.399497459649808,7.650676721751096,5.744406481367014,7.983232464537531,5.986575326651072,0.0,-1.3930978165761596e-15,-1.2369297647457046e-15,0.0,-1.1868935025287358e-15,1.0490376125087135,1.320560529203603,0.509666543792809,1.0826500106359664,0.7030651576600625,-3.164704638045129,-3.8250192006551456,-0.8387904516545958,-3.718532254878066,-1.3206650752658546
132.02032209110106,106.42481150150455,94.1008188109262,92.29352791355656,95.84028888291334,-8.611313464541167e-16,1.0682362140712724e-15,-1.2081386661474583e-15,-1.2317964248597881e-15,4.448292533601352e-16,13.144371649881776,10.416667596143032,3.724708377365375,8.588797813043707,27.103818073561893,-284.6691079696197,-210.12728904655572,-172.88261675827354,-173.80980651768243,-223.78027026243237
16.724276687812214,14.056298144995427,9.172663889938086,11.674642981482915,9.097815129730204,-8.497141598690566e-16,-5.054977693490944e-16,-1.5492614670848824e-15,0.0,0.0,2.2195508553909034,1.7282614116645532,0.21500788011658087,2.5075696691441274,1.3672687112128976,-15.211872751847826,-10.744150436252006,-3.4974277542290237,-10.858453596987225,-5.479182902186676
66.17819219460348,48.039964193221465,45.55751570110279,44.24096255093161,55.03848499902776,1.2884173088391646e-15,0.0,0.0,1.2848594511335066e-15,1.2909925405335045e-16,7.301401707821146,8.357325068955092,6.079705380856605,1.1778570556548404,19.203454595067466,-113.10043475210358,-80.91208562970203,-69.1165960971677,-60.179224065741764,-121.26183822999748
119.25598586392238,96.21329682676142,76.7055090835565,97.50706144494731,81.24940584817493,0.0,0.0,0.0,0.0,1.749041062744118e-16,13.691661205975937,14.899650504110616,11.991189174735409,8.661249813511297,19.36987907102141,-252.25328907239512,-199.8187003655867,-144.2267614373037,-185.11781569344444,-169.16363985880264
43.10387861533267,25.476474739626703,33.92648073788438,37.2075657123467,52.548220814659054,3.2968853782329927e-16,-1.1156060530696666e-15,-8.377441105663102e-16,0.0,0.0,9.868623269978109,1.8462502192820651,3.337456123131845,7.091165090518628,7.640496477306573,-77.47886793272696,-27.098647457099396,-43.20418111047368,-58.68785875351366,-85.97178870657207
123.95751901820793,94.59340179599998,83.23120220195457,91.76329051425284,90.02670927725028,1.8342870787034186e-15,1.2018474392832698e-15,0.0,-6.194570676601772e-16,0.0,16.265921122608162,6.414211144177809,6.740280768748629,9.25333957131308,13.093741373412586,-269.5987880121219,-177.11943105902083,-149.07162050988327,-172.00992091341845,-173.49414709434126
0.9768687087282102,0.9316667996475465,0.9405637692620554,0.9596548650011004,1.4299641682209443,-1.761593623373779e-15,0.0,0.0,0.0,0.0,0.20107524969312393,0.17634501262360444,0.13163566056111325,0.1569698925851189,0.3920036849355274,0.6220535964675293,0.7031151033386637,0.8017174586014144,0.8278304378331185,0.4875960463763687
144.0448091352987,94.10118688559768,78.81100261655062,91.01552247989552,83.65926256480313,1.578492670497165e-15,-1.2081339405402968e-15,-6.311046662507735e-16,6.24546421445465e-16,-6.794635419691472e-16,15.377121425496279,6.398085814993493,12.70918696453164,7.564350993419387,11.390911983334014,-315.96808389487484,-175.00094914886006,-152.43836893683869,-168.58524276890412,-156.43520958224275
18.484416149114704,22.44489613030572,11.186732610638687,14.43930565521237,13.807878109917372,8.649021654583312e-16,-1.2662883029353041e-15,1.270331133300473e-15,9.841785370110301e-16,0.0,4.338847952800112,1.856488045880667,1.2596034081183483,1.4875495492165436,3.9768136450141345,-24.113574685103927,-22.173127605724712,-7.240090497422001,-11.174380877580676,-15.528174260412952
173.56765442057227,174.80388256357497,169.05789511700925,171.2274062833471,164.7873346085346,0.0,0.0,-1.3449456192853992e-15,-1.3279046875648756e-15,-1.3798006745080032e-15,4.970527618488127,13.43008386606204,11.654097764952425,17.565869357157496,0.8739379039692651,-383.698763433893,-393.2194017667122,-376.5299452397355,-389.6415021152397,-357.9052738509714
142.27892515445643,118.92227853835334,120.38312409203533,88.20437875461887,81.97871058056091,-1.5980840113628755e-15,9.559759459616405e-16,4.721876034497167e-16,0.0,0.0,10.360047966234893,8.478988492065913,9.77227419585896,6.661002734545663,15.737083097941918,-302.5506685291885,-238.47679210863976,-244.43893675598505,-161.83673839059108,-166.8483538858778
172.54649159856734,161.4534748813396,149.29592908266022,127.77273818349421,116.83642355102776,0.0,0.0,-1.1422297823539922e-15,8.897581701532495e-16,-1.946085548775187e-15,11.392028064365485,9.458683652925654,11.40317520067916,2.397153692688327,16.11620651109204,-386.4927961313829,-352.40272348941426,-321.6886500513522,-257.64483108558903,-248.23280341139886
86.1796088739853,85.62876326062971,68.54071178793066,68.6603472668292,53.17960246863496,-6.595924442396387e-16,-3.319177849608358e-16,0.0,0.0,0.0,2.8330733024227053,9.830581876340762,5.14194554103068,11.665975243017439,2.978865574685607,-153.18731662927127,-159.99231823919965,-114.6484013301477,-127.75991875922031,-79.31880867128457
152.97340040410725,145.36736602214552,136.13887863570693,124.229754593085,111.44166637449848,-7.431804315082977e-16,0.0,8.350798747639889e-16,0.0,-1.0201466060241119e-15,3.0961525118475777,13.95243969502382,10.930435268008726,12.647766943999764,6.3244338203354955,-325.6372997778597,-313.16284453423185,-286.6299432067371,-258.0433506296335,-218.03830779466736
166.62217179173484,169.48499783987407,144.9711193306711,142.32336302258494,124.87874964284063,-1.3646063605954675e-15,3.353890880331043e-16,-1.5684067039905053e-15,0.0,-4.551888854059076e-16,9.688244537341554,13.466748162810985,3.1834964774865924,11.387355283009033,14.071251030970835,-368.1494590109193,-380.0509424584843,-303.8330526771191,-303.6479338847423,-259.92618348172823
25.42727157826036,29.554298851292486,24.584294817124636,27.381394790982412,29.417583618736323,-1.1177648118055975e-15,9.61677675840415e-16,-1.1560921166063445e-15,0.0,9.661469751819441e-16,2.052378882307282,3.826929670659103,0.5136143256287592,1.3973891993998062,3.606107194708456,-27.089245074961294,-36.239739093160345,-24.410609884624453,-29.518604051964317,-36.495551290066146
28.97339381914403,24.700234194897455,16.14739451283253,18.867747043597447,20.186028276957355,-9.809589310736701e-16,-1.1506655850362476e-15,0.0,1.5063647697168268e-15,0.0,4.20815380205731,1.517017975517946,1.155591334250141,0.6510184107230755,4.232233435191039,-37.21441270073982,-25.234368273307233,-12.43980114120641,-15.74518266321104,-24.662174960142238
136.68887098352343,133.64474677445529,127.39565901258942,116.33823401731269,109.17001857315131,4.1585989006859203e-16,-8.506644702876269e-16,0.0,0.0,0.0,8.105759839774382,6.161277881419156,8.675074076967022,0.8921188865585549,8.227492180274313,-284.9054657418151,-275.1408852418966,-260.9408604705702,-227.53781676990437,-213.32941956399108
97.15925770138219,89.7074031223646,80.67736924320872,75.36848498101787,69.54627355738408,0.0,0.0,-7.045770008866892e-16,7.542067334261059e-16,-1.6346934480653467e-15,5.237003580493214,5.631255253770326,2.8200021666044166,8.143790621348822,7.169322115447572,-181.46626514459143,-163.5993978743545,-140.14405641631865,-133.99986235724566,-120.17639988299031
13.388746039446932,10.91321637639592,8.800705256534023,9.920746003750804,12.453222352521538,-2.12280592571297e-15,6.510846218507365e-16,-1.6147404441992024e-15,0.0,0.0,1.925856280110546,0.6406607544381642,0.23925842103322162,1.0016276162581457,2.020530444729665,-10.485212698100522,-5.590450132581664,-3.142358358717355,-5.052574336546281,-10.286559264851515
89.2150160164695,85.6301747412424,77.48156134866538,66.66775537224854,53.715545462666746,0.0,-6.638246276219531e-16,0.0,-8.52637358846342e-16,0.0,1.3833432766831169,2.079600069889811,2.9729840297788925,3.9568584430055758,2.314793148090895,-159.9015979873607,-151.51355376858845,-132.7588096336715,-109.19807824869447,-80.02383469518928
160.41777065949097,152.61593234533888,135.91045680152183,119.48967579541396,97.4028307307516,1.4173845859375787e-15,0.0,8.364833758718044e-16,9.514364899296125e-16,1.1671820712878247e-15,9.141630997411111,4.37896784549095,5.919002582599157,2.2214207582659973,7.179938058624695,-349.9789755245638,-325.07667531338944,-280.77241734834956,-235.95185737921466,-184.13340508495634
11.851073016280571,16.177008171676245,9.33288884130098,15.011749826158098,13.7235105116789,1.1991196658462615e-15,8.784600072146399e-16,7.613320461031575e-16,-9.466487837706616e-16,0.0,1.3624618280294574,2.502125227043148,0.12232619058986914,1.2738219457259339,2.60154708117136,-8.225781387154976,-15.655249437097265,-3.6312158479318803,-11.443795119828888,-12.004748237130839
10.878194752834318,9.39993479038645,9.26119948103789,9.518212238089385,7.095003438501799,0.0,0.0,0.0,-3.732543034272207e-16,5.007345957750095e-16,0.6402264783563549,1.3193663897046282,0.8430532241480934,2.2852527993550873,0.9621277561759672,-5.564155217961897,-5.166208295659473,-4.0849565658115745,-7.285403991475794,-2.5460867238078504
53.12212315647755,56.10550169133184,49.16076003250543,52.41268603932298,47.12921775530663,1.0700517126051033e-15,0.0,0.0,1.0845355038312833e-15,6.030592227939917e-16,2.6009915776412016,6.274697870579023,2.672052076796692,2.986887003908688,6.331892674381461,-79.09642444265607,-90.6424519908109,-70.93910410718242,-77.81026133699889,-71.01745016457927
28.467559675567255,27.24847496284299,28.456625620168445,26.45357505578489,27.34315537892791,0.0,0.0,0.0,0.0,-1.0394451202331714e-15,4.18675649941009,1.1601005081896951,3.057014673727654,3.0603650489171645,1.3712186635747863,-35.93678985580326,-29.087281447430776,-32.89718072969959,-29.880271620777936,-29.39184499866808
804.674616054701,745.7537748712914,677.7397676923479,593.6842119078985,539.567667941385,0.0,0.0,-6.709763430805368e-16,7.659751459872265e-16,8.427994817062774e-16,81.35954545469366,27.496402541745592,17.931869022395855,23.745524063271635,19.87630940049727,-2604.045288290863,-2326.8650800726346,-2071.041868765891,-1769.53402030924,-1575.285762718559
15.443095280155092,16.359815148144847,12.827550126635165,12.623062158998932,10.356407110596724,-9.202076693435571e-16,8.686439661155628e-16,0.0,2.2515701081407002e-15,0.0,1.1095460472850143,2.0019986777465335,1.2111313785014703,1.8984317186628117,1.343731348563834,-11.612248328278406,-13.838035696973511,-8.508334310788362,-9.476181749523855,-6.065528898634295
13.953450956723028,5.9645698976941866,18.416805105917405,2.2384332580361956,14.744533100725747,0.0,-5.584089265452412e-16,3.8581215996676835e-16,-1.4879465634805236e-15,-9.6380499932565e-16,2.7318602059971244,1.3658655019621861,3.2543003893795586,0.4533785667367806,0.8003561242774473,-13.252634726687397,-3.0660112122608627,-18.3862259291336,0.35784667549609733,-10.213038289154497
8.040816285184139,6.532287547049092,7.785049741737913,6.450866852793382,4.528883486797732,8.836699043470664e-16,-1.087739525613936e-15,-4.56350800143687e-16,-1.1014686118539525e-15,-7.844568510444373e-16,0.3749698639132788,0.4061052854007494,0.9967684040070326,1.0403282240913703,0.22920577190704017,-2.510531092122876,-1.3261483784499435,-3.1160928281784637,-2.321720845599404,0.18640251312840034
101.25574054092156,95.14403284173382,87.20218359838015,77.96392394179,62.65927013799676,-1.1227693078366312e-15,-1.1948919372665968e-15,-6.518577461615758e-16,-7.290989984450869e-16,9.071829074232706e-16,5.573219745443928,1.8181485050607873,3.272592997092611,5.726193058939873,6.35908418776425,-192.11678612595432,-174.42776664498518,-155.87189674260176,-136.07107999786672,-102.73493004473623
17.482303777466083,18.175286657632476,17.796374856181586,19.26275830101605,19.127096068527596,0.0,0.0,7.985252519147657e-16,0.0,-7.429697986713754e-16,1.355923802725979,0.8515683564101828,0.3729188323146436,1.4017878146673912,1.9520995981299605,-14.539684596047248,-14.883899398251046,-14.098547983545677,-16.978999090235,-17.331900663655833
76.37435980542844,75.24945766396979,81.25396741901125,84.29785553474957,100.81991671375434,1.4885471774983773e-15,1.5107994296688525e-15,1.3991542977262223e-15,-1.3486326194235347e-15,5.63811404667161e-16,3.4183894552183056,5.34544873436004,6.30019785175483,3.314253781881172,18.12816070885411,-130.72655862246253,-130.0609114438903,-145.48331288493347,-148.946400159434,-207.82869341750592
73.47896497222396,67.5294161548368,56.57723482761442,50.53802967560862,39.38819919008448,-1.547202492095407e-15,8.417578900796791e-16,0.0,0.0,0.0,5.877146574505705,2.153882635103443,3.3275494079352494,1.471379375235231,6.138805318230851,-126.8048884261702,-109.75257421167184,-86.6549363655,-72.98008543792359,-58.743888439704904
102.70308876212151,114.93366307975913,70.13945516801921,96.18492245375901,92.18485455365723,1.1069466273301168e-15,0.0,0.0,1.1819611101341905e-15,0.0,14.414215017480412,11.171131253379174,6.7048586929527385,7.185227744615072,14.446303047596011,-210.9966442608814,-233.29892919304086,-120.5815036731298,-181.9825491095297,-189.54344253777555
319.4974140464038,312.30683921492624,292.1118248117339,264.1480563549818,245.25218847811348,7.116604562258157e-16,0.0,0.0,8.607811792401395e-16,0.0,2.7718135627287204,15.364021561408189,3.984827555390122,7.778324415490436,26.39643565221502,-825.4745290693298,-808.0842128772819,-738.7047754392548,-652.7960281860549,-616.406419307507
79.83100696403154,74.82696972024948,63.649030564580926,54.45858636964369,35.99851482378403,-7.120468727949184e-16,0.0,-8.930759566421414e-16,-5.218958354425234e-16,0.0,4.477889363982216,6.037990941212691,5.662826812845681,3.3681999507340596,4.211474685093201,-139.74459260927665,-129.33438046098067,-104.06680168995965,-82.39078182088404,-48.50300491206132
163.28076927946978,158.13999937792485,112.31664003663975,119.94817014050875,103.9117203614176,-1.3925318728383835e-15,-1.437799900958971e-15,0.0,-9.477996837170745e-16,0.0,25.586221440608043,5.710152704647981,1.4883392003260305,5.979898203914406,18.434536173621435,-385.5325885330183,-341.03877461106197,-217.31997826111277,-239.18391758945037,-221.8051967767927
10.249430148709974,2.6981696346260806,5.721124117015659,10.906030818328277,4.999836563974435,-1.3865019331821708e-15,0.0,3.104908761054569e-16,-6.515135960976637e-16,1.77641490543863e-16,0.9750110772310341,0.3976930900888579,0.9862015688919903,0.9214753955533259,1.0632994062970116,-5.32747542346973,0.5813487279425176,-1.6377161494167234,-5.80320095621897,-1.3875903524126894
213.57281375007636,202.2614186352322,166.20198968769316,144.26265133772776,121.40345282833704,-5.32309500097015e-16,0.0,1.3680562782099384e-15,-7.880545426512933e-16,-9.364382566809512e-16,18.567410841874533,6.695050083732969,3.0991086179065803,0.8280042380620102,19.297423206929523,-510.4425869461119,-466.7332825644003,-362.29587234973667,-301.40879126517115,-267.50245683899215
152.53408581843465,134.46967829483643,134.74482100089705,98.46894409431307,98.67069244686286,0.0,-1.2681688447898392e-15,4.218597675114325e-16,-1.1545451082803054e-15,0.0,10.814403208590173,10.172945643034984,11.102067570534203,3.3109276193758914,14.481824796093393,-331.5187883016532,-281.11652586575434,-283.0753666046006,-183.2282162355218,-199.6785603324789
34.69657662089091,39.348876093987755,25.325796726286594,36.34272112067873,51.3739199365,-4.095751252486854e-16,1.4446008248122062e-15,0.0,-7.820468185645095e-16,0.0,6.040607883668724,5.218397776222811,2.4813220176513306,3.7840140160868367,17.5720180515558,-50.979347457467675,-55.73762613981586,-28.56731696713065,-47.77558289836069,-110.41046137819848
146.52990906935773,133.23163412305013,111.17487881215403,121.62406785243253,123.63162440388712,0.0,0.0,-1.0225946628977784e-15,9.34739642646661e-16,-4.597805709897378e-16,20.146717519098317,10.653824705959147,5.463698944851481,16.803665407370733,35.95567665669292,-333.0894968282497,-278.3529033285107,-216.68425630223288,-256.5001164683524,-311.64359353026623
77.87516323259007,68.78877584229927,59.68252669703618,60.78892455855494,73.47109821921562,0.0,1.6526945904989961e-15,-4.762149158778062e-16,0.0,0.0,7.56418371527167,6.162574032064834,5.841647338100152,8.126951405690205,22.74733772670124,-142.28058653699696,-116.70358960471135,-96.61582488665566,-103.49129403059888,-163.13997780422756
53.5812823383428,54.79811422090867,42.78531916704592,43.167650213992324,48.115295185123,1.0608820166315957e-15,0.0,1.3285729770736387e-15,-9.876044661746988e-16,0.0,6.779329089018747,6.310649475999728,3.605497122078507,5.738617772144149,13.730299198689574,-86.54822356985389,-87.03770507192024,-60.444175380374396,-63.98885837930988,-90.22370464417943
69.35122582055723,54.26859558070744,39.451981941444416,36.03523339007563,57.54395105030602,-4.0982274060942677e-16,-1.0474459169718393e-15,0.0,-7.88720004189887e-16,1.2347826709690653e-16,12.72135250930834,5.038982918948474,4.325954706643251,2.4360744627544695,15.69572742283273,-133.82283080747848,-85.85241672701234,-56.54273149373511,-45.61587247108727,-113.39865782010135
28.37813544968617,24.1334212266802,18.1608867456127,23.585996070908234,24.41026699194244,-5.00767738613326e-16,0.0,0.0,6.025123837246014e-16,-2.9108355758445514e-16,4.655383900375807,2.674559190045988,1.7146246823979905,2.1638543071682346,7.528794667008856,-36.8137789248885,-26.183814912198677,-16.093897039852166,-24.419095030720534,-37.56296614453902
12.020134880386598,12.104244744138633,9.575950957171615,11.085290216141999,8.524415771477749,0.0,0.0,0.0,6.409780185325536e-16,-8.335383383545641e-16,0.7060333249692848,1.2730771864088606,0.9749515596795585,1.6234959984511104,1.6115836705673214,-6.891355335896976,-7.826463984817443,-4.643783263470263,-7.404065440108572,-4.939884830465096
20.925335038711125,17.442593071745552,15.825032045961198,18.655793008538694,24.104215232989155,6.791219681267912e-16,8.147214497723684e-16,-1.7959969589861072e-15,-7.617395148358337e-16,-2.947794520137074e-16,3.097479370468709,1.6869595227062586,1.5059482703682772,3.0635706143417454,6.257434203082997,-23.051514221644045,-15.54516677643664,-13.009857800372835,-19.12072096615463,-32.957226577260876
57.568727265959396,58.36738159371215,42.359189468911524,43.02068818600262,34.98594870477689,0.0,-9.73890164484125e-16,0.0,1.3213042667993119e-15,8.123749814600107e-16,10.898617326703967,2.122423739967763,4.320461327584389,5.896692247598029,4.351769706580235,-104.66861989696396,-89.76458788726886,-60.15745459301982,-65.53414993883113,-47.31509158899095
4.6668015533982405,6.079891190708321,3.09917182221732,4.513110767487181,3.541562865562362,-1.1419106763432579e-15,0.0,0.0,0.0,0.0,0.8802680590579559,0.47957328635296687,0.38255363609380616,0.8709154878885473,0.7047367822955755,-1.245583226536669,-1.0455817713807252,0.5574004198739659,-1.1132867881245014,-0.3064885144581118
5.557653876649255,5.97541083225244,3.290152359404106,3.806472576616591,6.724494918385463,-2.1724410445074124e-15,0.0,-1.0798021765301923e-15,0.0,-5.283242417340543e-16,1.3565176367831404,0.49800840554394754,0.2999722874055933,0.39614777139544605,1.2353827254849192,-3.4761524723231694,-1.0032058953022056,0.5332137754640913,0.2070744356680525,-2.6074932834763596
23.242291166425588,21.626786741387583,16.740687072746173,18.13420562324186,14.42237641566461,-6.114222824869412e-16,6.570950592492054e-16,1.2733218164925799e-15,0.0,-9.85333783118234e-16,2.6027145639124765,1.8978676995596475,0.8088801937817478,1.7668355268121543,1.4578180378573877,-25.45813073968495,-20.94863999042987,-12.883765771426354,-16.110290963681887,-10.48213338443999
34.31141651862093,31.9573699318503,23.58435448914347,21.127291538882645,28.890603845121426,6.212591678118151e-16,0.0,1.2051086428287576e-15,1.3452604361565573e-15,0.0,7.149188101901248,2.431329810287204,2.392373490625502,2.065702510842005,8.495104313365372,-53.749497827848806,-38.320374249710035,-25.765871445681068,-21.551056323801664,-46.01959678502913
7.484839574705367,9.036106234844478,6.025742395915252,13.309561523821717,9.076168202080598,-1.4239638578788176e-15,0.0,1.1791787452476645e-15,-1.6015765834697636e-15,0.0,1.2916271185433594,0.8376473202004842,0.849357037504671,1.7029446485281114,1.1881020985279536,-3.630233132439272,-3.9870796886468005,-1.7836435616684656,-9.95560193831376,-4.856533546846755
5.787672991326184,3.506707397420998,4.509420836344994,1.780704170805968,6.818622878555182,-6.138414668770762e-16,3.7991981610156636e-16,0.0,0.0,5.210309679941261e-16,0.6351692284939076,0.578677188527399,0.6350679004859267,0.3374954101973403,0.3822837101779572,-1.2923475897934085,-0.003730245843857498,-0.5285626994894292,0.6240011837805397,-1.4833788255639826
6.2426990510001685,0.8505666460688508,4.3754759556799065,5.699914426551435,2.343007631440165,1.7072969478953046e-15,1.0442196667422929e-15,-1.6239210155816952e-15,1.2465849179247998e-15,-1.5163047832741251e-15,0.9174390036423953,0.11078165704748702,0.19370173826425002,0.6271805006519723,0.3457598916587743,-1.90414274088487,0.8211824124472442,0.2970925216166962,-1.061761716077373,0.7094221294499171
1.014662819672237,1.1815588087204425,1.6386452765639181,3.020454707842756,3.930774238745969,8.753434170250078e-16,0.0,0.0,0.0,-4.51910166167915e-16,0.08651643066142885,0.012336305552054989,0.1662640263320618,0.6272638195374749,0.510542458659484,0.9427513246289462,1.0580819981103025,0.9776904323366679,0.14579084929374322,-0.0055164017903635435
127.84647649657272,104.7199710761156,72.72094302158315,83.1966810086622,84.84468310787602,1.7784899644796033e-15,1.085627092457683e-15,0.0,6.83241424677622e-16,1.6749257813991207e-16,13.008886782447583,11.132185030506738,4.254527678875322,4.675413821914081,26.123025264860818,-272.3166884922598,-207.2779322640301,-122.85187881961207,-147.41222578260545,-195.4795013084337
27.486096343458946,24.758570823704893,22.02897767874214,16.94514187609561,15.435888974441706,-1.0340395040188278e-15,0.0,0.0,0.0,0.0,1.92404985956922,1.4266388993916506,1.584797410429141,1.177804101408883,2.9524909587563863,-30.179325366625836,-25.383644958760506,-21.446319498410485,-13.406381912552337,-14.373326139948635
4.267551025480152,3.9017551705264593,3.3249595486032812,7.28429958431541,1.0525177925299662,1.6649894319193415e-15,-9.105424414215967e-16,-1.0684983161051967e-15,7.315831064492916e-16,-8.438607176085699e-16,0.5533379919321021,0.24135990900647236,0.3146781631870989,0.846425313212498,0.1495249448466356,-0.2631484179566055,0.49771269890588066,0.560967913083039,-2.6044080189519523,0.8454150549485709
8.207171818132503,9.318307606619463,6.145791916466919,7.884056653277098,7.657035383796111,0.0,1.5250467483072798e-15,1.1561451240421684e-15,0.0,9.279606272471424e-16,1.1543091554345684,1.2829404369565445,0.6264199010008785,0.9776942506975658,1.1550017617570991,-3.8994390559588332,-5.335522819057576,-1.519147032858484,-3.217156914524913,-3.100468956506316
2.3898199022937567,2.232069899775497,1.0022948326572998,1.794563133720711,0.815218703026868,-5.574761630662935e-16,-1.5916677516048378e-15,0.0,7.423910613765732e-16,0.0,0.3745463572278939,0.32573250146708577,0.1524464053942845,0.2515840419891694,0.15100823926187734,0.549327771900969,0.7368412292718717,0.7814608454091193,0.9002557575367423,0.6918705488804664
10.421010909495614,8.838274748661053,5.253241833700264,5.308794687708724,8.952807866292288,-1.5341325034056653e-15,0.0,0.0,1.338425721011958e-15,0.0,2.2934131767250543,0.9859247892677706,0.5284206665608548,0.439237061866666,2.7615453495141806,-9.118087284038982,-4.036324334431704,-0.8853328888793661,-0.49899331642214145,-8.70972829964366
94.5206788628492,97.37597509149766,51.693169399463606,75.1485191990942,58.276336691917955,7.517325777897844e-17,0.0,0.0,0.0,0.0,21.608524936135467,6.570437247007685,4.400625173192531,8.46827088688093,12.271977308293536,-216.12914256652493,-183.07226191079235,-78.8732232391915,-138.12007425138358,-110.67637477732292
11.355812065557759,8.02655778182891,9.340146794083047,10.474247382175303,8.41292763126179,0.0,0.0,-1.1411106561144628e-15,-1.3567423220675048e-15,4.222921953588298e-16,1.1601529699249644,0.5827034448811061,0.705261229405417,1.1779091665835522,1.9105647625368833,-7.385381827432091,-2.762324062157294,-4.068356205507458,-5.75864665141316,-5.259821637636367
27.85775194337924,17.90025942139839,33.111915561351225,22.58263082656979,28.11816989397944,5.10122092553825e-16,0.0,-8.583529206500603e-16,0.0,-7.6994160935154e-17,3.135255493720385,3.9958092592914563,3.017153180437266,1.3309393059160943,10.007619873679088,-33.022528688593034,-22.178340977970937,-41.27948978599246,-21.698515767362302,-51.844274004003026
119.62983641212837,96.54168405359962,98.583442999863,49.736052033051116,117.23079557058695,-4.751608843213723e-16,1.177593273165791e-15,0.0,5.714508544328552e-16,2.4244234880493275e-16,20.672826159909892,9.119993150133068,7.8713786857214085,4.609575513233615,33.87132634634919,-265.10182618831504,-187.12244472808058,-188.452080342091,-74.95423521681977,-286.2549935036905
44.02055035448403,37.349694959977555,28.903732563409115,23.11914975560003,21.591819127313247,0.0,0.0,-1.9666463054937528e-15,-1.2293579016036074e-15,9.872388216627059e-16,5.738657522973091,5.918752024229401,4.074003968889725,3.4812405102649704,1.811370205315582,-64.30907064730992,-56.80133849359608,-36.569621754002306,-26.24233976802089,-20.925844558030576
55.36369799756212,47.058244320379565,19.527539609261645,34.108927922987476,34.85743947982116,5.133636382391857e-16,0.0,0.0,-1.249894580148152e-15,0.0,7.46570010560197,4.94135770882828,2.2741552616432497,5.4861379852840555,10.440955266441838,-90.4364790543341,-72.16088292516308,-19.651320284950085,-48.44095269348481,-61.38677545057141
4.6250991296145365,4.045893327630948,3.503485381926875,3.1958475097454566,1.2238709697529704,0.0,0.0,0.0,-2.7791639525719015e-16,0.0,0.2946297885052591,0.4230269496548408,0.2759904434373023,0.5960757652969181,0.14770285742718708,0.08186634063950413,0.19055190885509593,0.5945253109764258,0.11939758417198428,0.953221679372211
35.56236650379888,19.616396855487647,18.057689896649933,30.009841679621942,23.49571145479009,-3.996037416037529e-16,1.4488751242026944e-15,7.869696952675218e-16,0.0,-1.2096551953786295e-15,2.577201742821257,1.8768100644958152,1.949507687480599,2.495933146894864,2.654057002783193,-44.77150669338085,-18.905866790171075,-16.2762996597469,-35.0025908426013,-24.525514296038136
89.74458678421674,69.69395165199438,59.56852124611035,57.342127293032135,45.697607201519965,1.2667821179562218e-15,0.0,4.771263216855474e-16,0.0,0.0,8.870020164313537,5.117897492087484,4.85069232872683,9.00734527141388,9.386242451857687,-171.327608079827,-117.18721997601507,-95.02606688324624,-95.59663856523986,-76.70809410226468
0.0,0.0,0.0,0.0,0.0,0.0,0.0,0.0,0.0,0.0,0.0,0.0,0.0,0.0,0.0,0.0,0.0,0.0,0.0,0.0
34.43591132710852,23.817793080132606,30.174481188076637,12.894185290375738,15.804147581229081,0.0,-2.9832433818261396e-16,-9.41912116176989e-16,5.510567125869144e-16,0.0,7.5793521335081415,4.374086021492551,6.885267329672233,1.3691290069244801,0.9760013376275611,-55.86391446692761,-28.24219471520371,-45.324294960462616,-8.691778210226595,-11.878846172600749
23.250294410984242,22.654960789399308,17.92757950837519,17.298876953535256,16.307266428829394,6.112118179668428e-16,6.272734191555757e-16,-3.9634058542490774e-16,0.0,0.0,2.338649032180309,5.410164136393079,3.466163314920048,3.0545458246384674,2.735850500239583,-24.307507483863642,-33.081583555278506,-19.92049027427116,-17.68050098265336,-16.18059835768208
13.57543729958163,12.719332416670342,8.992119437362891,13.076901589275797,8.275726784654127,-1.0468064049502079e-15,8.030336413855018e-16,0.0,0.0,0.0,2.31149855120027,2.8051395682786153,1.0703656678990565,2.8805077095838008,1.6064195136767694,-11.520838100520578,-12.821598489765384,-4.662570796751402,-13.205146720073722,-5.110463807704477
9.503910965533937,5.0829965881370915,12.724502028158298,5.726179939707164,9.912822671177997,-1.1214479044525352e-15,-7.863083949295712e-16,-2.2336205666444986e-15,0.0,-7.167915328759355e-16,1.775245071744762,1.1866699616556429,1.7458560382854347,1.2470526455393454,0.8931130698071219,-6.444884541172952,-2.522005383692437,-9.760004761657116,-2.78759378198048,-5.1452346444277115
4.710610150803626,1.5413028792632857,6.644313425444317,1.2183101725358594,5.598260028359278,0.0,-1.1525034198660008e-15,0.0,7.290248737326231e-16,3.1730516810610886e-16,0.6013889712508839,0.14481927693857002,0.441458851401968,0.14311182205604428,0.4294289901525096,-0.5572381142732475,0.9681879347151352,-1.389542063354375,0.9003032751052426,-0.6709830303856331
28.471619777518463,23.699690092847927,12.16516472092784,14.82860349236698,6.239392510997801,0.0,1.2367203003616172e-15,8.761197469086635e-16,0.0,0.0,2.441003655047086,5.260302884010626,1.7841651051697753,2.548090485011013,1.1602847202555886,-32.82142620239568,-33.326129500859665,-8.74050904879708,-13.584990482077181,-2.6445028605471013
35.919078470024274,26.25804320538099,29.899792044099623,16.227354892216766,20.377554241471664,-1.1869058439565584e-15,0.0,4.752827275267405e-16,4.378672559265358e-16,1.3947556754657616e-15,5.694693137322349,2.214288214466636,5.308788138877939,1.5544768938607578,2.3465578033493615,-51.754993869974946,-28.538988431124427,-39.13380496728504,-13.156026215963847,-20.99668467216813
12.053540178252899,7.360199358536969,10.805629783990735,3.5443223610361403,9.320467173967273,8.842332525369612e-16,0.0,0.0,-2.0047350759381308e-15,-7.62346696252197e-16,2.3847617075524927,1.0945756701853024,0.7214358108110911,0.3833367684069531,0.38129238984631375,-10.404086023511024,-3.3311783581598133,-5.617309044398271,0.4434477477374405,-3.7259543807617828
34.73552704400316,28.15162575382768,29.922417811693276,17.977930913896877,16.633942926487038,0.0,0.0,4.3039928012164308e-16,0.0,-1.7086573854444779e-15,7.351851046170364,3.7853283490841814,7.769012869876622,1.5234249010963852,2.5163189872244436,-55.086153792138695,-34.79543351947054,-47.47028570688146,-15.162925226076522,-15.510420475193147
5.789163040872321,3.376541028363671,5.749632646216506,1.3711407659454842,4.219603094553481,1.2273669453486913e-15,0.0,1.2358054496362762e-15,0.0,0.0,0.33720837226031836,0.7214372682625275,0.2959999406062359,0.19260195332540342,0.6716225464313885,-0.7121279527456833,-0.5251248323384528,-0.6177184791111715,0.9193251131817611,-0.3905929571127565
46.689260242854594,35.24742708348884,34.948734572347526,13.994433419821888,18.56106422256736,-3.04370954718154e-16,1.612696970084251e-15,-1.6264800301463336e-15,-1.0154648129643873e-15,5.742203630459327e-16,5.894721848157851,3.1896434468793147,4.393935161150436,1.3557681924465854,3.4266180928777046,-71.05986252525338,-45.440457421279,-48.1473832315784,-10.06525571502283,-19.82833094637853
15.38906632221464,8.514181473109574,19.965568049728216,4.108770724907718,17.94749218979678,0.0,8.345402761313164e-16,-7.117681139753723e-16,-8.646658372207649e-16,1.5836033875842477e-15,2.4606673009913944,0.6037686993744134,2.085276158616438,0.18959608639705028,1.5751034277853198,-14.236013393568093,-3.1209732659681046,-18.95300454494483,0.4269623840706734,-15.37087352751432
3.5443779764232306,2.8587799044333115,5.055763000711103,8.67813201924077,7.233380157168188,-5.011759048319224e-16,9.320533053168218e-16,1.4054114792567629e-15,0.0,-1.9646215747584102e-15,0.7652241764153255,0.41557268340919906,0.7561911101770377,1.5816561390540747,0.704959552983495,-0.2996550434312718,0.4986693819087683,-0.9090074757915317,-5.403758214931912,-2.4233350166968433
18.11689584764114,12.742205406881972,16.737616343915178,11.383803883120207,11.949981820671798,0.0,1.2546659737542512e-15,0.0,1.2483397343372824e-15,1.189194672298096e-15,4.192030693763374,1.9902635246270135,5.242102042082072,1.1727474203742465,0.5992449261126385,-23.016680223596605,-10.112953704192241,-22.099669460486766,-6.8845304013495685,-6.699905599127863
10.02758654036239,8.663080006720751,8.809837745561692,13.76500004870746,5.599783937555518,5.314409899880218e-16,0.0,0.0,-2.064780917532421e-15,0.0,1.5147664255424174,1.2309253705605656,1.2308515029523102,2.3630056894416405,0.773323099310192,-6.02558077409097,-4.643565791923141,-4.6622886287233,-12.057668469279307,-1.4601429812666689
14.122048678873249,10.772994378999295,7.274418430576661,4.456281575729104,5.44730608511876,0.0,-1.3191183634983064e-15,-9.76769129437848e-16,-7.972372522755661e-16,-9.782946717018508e-16,1.8811358180419275,1.48940720004562,0.6656319654479474,0.31782594188144975,0.5890494856301015,-11.028519177286482,-7.078845909729925,-2.3848427340071017,0.16468582646688248,-0.8514317442725204
25.80150535372949,21.637423734235618,20.536474961277865,10.978838194488096,10.717966710440143,0.0,0.0,1.3839624124390377e-15,-1.2943860236811337e-15,-6.629454587389002e-16,2.502868209903352,1.3585924268762894,1.8808984041777734,1.0445279044088975,1.9212820367987542,-28.258223825437657,-20.401509587890917,-19.51758077275004,-6.1431412194630335,-8.16745577089066
11.109984109936093,6.426892134256217,11.047936921343407,1.7959790869443586,14.412892905225243,-3.197766660731018e-16,1.105577502962606e-15,0.0,3.7090287944746624e-16,9.859821209141162e-16,2.1865216671205174,0.5571188557930264,1.1692957359661267,0.36718053186964084,0.705176941499181,-8.455182656391058,-1.487916466796541,-6.394720258594097,0.5243244276415535,-9.742961905033939
23.379773426633335,18.512153776523984,10.59232238048629,9.98858762300716,11.944602112306699,0.0,-7.676499929048433e-16,-6.708092052306657e-16,0.0,-5.948651357988875e-16,3.539740746670853,0.9572950728993684,1.236546133375769,1.8349009021034162,1.7762950219143425,-27.934184603837426,-15.420319857911114,-5.96615224305083,-7.187411584764328,-8.172207340248036
3.368327102962131,3.3310870341622008,3.212729215799981,2.151006401137499,2.838590853030457,0.0,5.332664145916021e-16,-1.1058241887702518e-15,0.0,0.0,0.311525300926159,0.6825422793011436,0.18557316238816396,0.08095426176783023,0.29984853883833745,0.5022042903216088,-0.3239278041299383,0.7950580502633221,1.1025221421108062,0.6568500900719564
6.6566788807685935,4.075323294302323,4.464526739712298,3.5241785404109214,2.123652706798173,-1.0674132679178592e-15,1.0897030193185905e-16,7.95764900946577e-16,0.0,-8.364629648312224e-16,0.7997053211589097,1.0412394825445326,0.7350704216977859,0.37493625392766317,0.285117844374855,-2.275728343407141,-1.1054015694971455,-0.8407592828252827,0.38837012078567923,0.8216212551697757
17.436648123918236,15.957845249953555,13.359352793412771,9.816354179752407,7.361073578132393,1.6299984508729818e-15,1.3357869899675237e-15,5.318691307489495e-16,1.4476713507866153e-15,9.652705250371574e-16,0.36879990798056206,1.817026351407652,0.8338801678211709,0.8138380008182097,0.5979918770153494,-13.59334238976526,-13.104705583855791,-8.573139183136984,-4.713923622745963,-2.295687946768304
89.79119579961109,34.2072925633893,83.36201769935784,50.091054951829626,66.7739679823126,6.330622769259769e-16,-1.6617339345249807e-15,1.7047157815268998e-16,-5.674008953841344e-16,1.7025622582700182e-15,11.925572682721834,4.435547857806942,16.549169792873403,12.199078301543425,8.577410335285492,-173.95485767986702,-45.29551639172776,-166.7450373638198,-89.267134932045,-119.0207388527258
32.494401876539236,22.62542415297251,24.7563576784985,20.732239153092976,15.09994480150116,-1.7493295945800628e-15,7.851153761317991e-17,-3.58767808752226e-17,6.854471728916909e-16,0.0,5.516028823269837,4.212265120200299,5.92189227444325,3.3530684636558044,3.6104540840344357,-45.635104524520834,-28.16585632191326,-34.956904087180604,-21.664218186377237,-18.25781810679021
15.273374327487637,10.918458352453632,3.826059737162524,5.709297446662436,10.042344172241162,0.0,8.134650433506767e-16,0.0,-3.1113405037929497e-16,0.0,1.792812580858383,1.9409611312768493,0.2874883080627139,1.1965210610637937,1.3642420854517332,-13.036497110920244,-8.172153804981853,0.46997831169354326,-1.9510167116305202,-5.806536987063778
17.474763585314165,15.913814002057041,11.050158365090107,6.5683495630508055,3.315310660958687,-8.132215721158506e-16,0.0,0.0,-1.081767541357945e-15,0.0,1.0847423336939128,1.8728714363890204,0.9078404638921551,0.7309176678159572,0.3527268479774017,-14.112833066748458,-13.12292971894154,-6.014101343775519,-1.8345258720391204,0.4748414705975391
66.9677311123575,51.517981068421236,67.02676880154911,32.068271929075884,42.79786992532128,5.520633013232785e-16,0.0,0.0,4.431437636125696e-16,1.3281833642654423e-15,16.55511495372017,6.652099563574771,14.699563033095806,1.9675190952129484,4.985485588941853,-139.11494460411336,-82.22491065428753,-135.44331887908808,-37.97364398803137,-62.26189687359374
44.471028930519125,22.171259527343054,42.16924649893227,13.079704949877565,58.169478031341555,-5.592179076957823e-16,1.2819167713657625e-15,1.3479827974219861e-15,1.4939117746372148e-15,0.0,7.427115665143262,2.6021841725146775,2.759243040707436,2.519106202768832,6.4365208133662595,-71.15529181763884,-22.922824835028308,-57.23378027818129,-11.885773323045822,-94.09603036162359
53.195841097639466,39.3938458880603,24.15539754770303,17.08422623255309,15.917797958323796,-2.1371377042981058e-15,-7.21475874967014e-16,-5.883097012639866e-16,0.0,0.0,5.866601909258122,6.119591750235332,1.6314850035764095,2.3550620552338515,0.6353439861533211,-85.47971351078381,-58.002541826508285,-24.4731747135928,-15.81524341805038,-11.633717546397685
2.8649538268423163,4.725869324945192,2.5266599201519973,3.481327254556709,5.729347646470137,6.200298318099278e-16,0.0,0.0,1.0205055195975485e-15,1.5502260894350403e-16,0.2978708699143178,0.41101052870607846,0.06908868698268145,0.1895189466631489,1.21036309449842,0.5843926727477096,-0.10465078073780895,1.0565178041536858,0.690220548419775,-2.4257839826421557
65.52884542000535,55.41402214314883,51.71524150862486,48.84527872254211,32.16851794631744,-1.301184657607005e-15,0.0,0.0,-8.728082889601993e-16,-4.417628048303923e-16,10.462222894015216,8.702653584340155,10.155943072382433,8.19392782612229,8.692241202601352,-118.52633326710655,-95.68253920326293,-91.64546481070558,-78.9393816177711,-51.29347926959182
6.628380885195811,3.9928513925593077,3.3121949664031365,5.017994014192454,7.019967706324991,-1.0719702866609027e-15,-8.897685712573714e-16,0.0,0.0,0.0,0.7409705007481239,0.35228400387130415,0.21704009915742944,0.6426762857741574,0.8334042419772298,-1.9140929120139702,0.29673193173361545,0.7082863725764454,-0.6610393190344223,-2.3225346808130154
24.854262822599157,24.60972748425593,21.301334029208228,18.06435328460875,17.17430850195084,-5.717672986977729e-16,0.0,-1.3342689895117543e-15,0.0,1.6548968726848925e-15,1.719294763600904,1.566333918572885,0.6603547151141357,1.1754977363163799,1.402045809643746,-25.732326370188257,-25.128053664058235,-19.346282495062677,-15.006868291311882,-14.081264185407424
101.23440765782573,82.01025278965623,84.67434684374834,68.25473468647156,69.06772741648716,0.0,0.0,0.0,0.0,0.0,2.2253098278910426,13.639879819612501,17.028630411372724,9.18803104961966,6.100205823156305,-189.56598251618237,-156.75308208599057,-175.25282293079016,-122.82282665394327,-118.26757473786947
54.51745496542023,32.553317236866775,38.964785169516226,24.732445880949566,38.43807433113574,1.0426645722340326e-15,2.1827045477116766e-16,0.0,0.0,0.0,0.902556177537294,7.085183448413163,6.34857864013098,3.8577389365207564,5.380445006475406,-81.0474898512,-47.06532188926834,-56.99761095005552,-30.650345791814292,-56.078041980066686
11.683196607280305,9.068803572220752,5.663257857867262,5.085457660463598,3.9206004489826567,6.081749367440503e-16,0.0,0.0,0.0,0.0,1.835353265230348,0.3244685066199427,0.5002000539843608,0.4913340642863346,0.6771371130271934,-8.082842055814693,-3.4486027076687265,-0.8864808714423605,-0.4825966739803551,-0.35569725464885843
9.494284824586707,5.325727165073617,8.022971575732896,4.558223917717042,3.900950739054789,0.0,0.0,-5.535221029491123e-16,1.2665371057379439e-15,0.0,1.375195842436915,0.49363873992582274,1.2888085847167863,0.9245236007405022,0.22918705463547784,-5.357488916244796,-0.5146959209762014,-4.26220578465731,-1.3192766962884892,0.4839473070849177
31.14672152293764,22.39171733138681,30.4184749784461,13.467863201820906,18.93638832150988,0.0,-6.346478255726474e-16,0.0,0.0,-1.125678334795754e-15,0.9774244628538595,3.681162071298048,5.518566824297013,2.029459127124499,3.329597603764283,-35.648741421690175,-25.07421988303291,-41.37865689938394,-10.839868930821696,-20.921234095643367
78.23974634773032,45.42341832333929,65.8854620247423,72.72552224498082,58.88373629480273,-7.26528670072267e-16,6.257060890505564e-16,-8.627611784745673e-16,-1.5632316443002534e-15,0.0,8.016935893639156,3.3517862262651574,7.0069150555361075,6.007377182048995,8.73210805728525,-142.13715978091633,-64.28727082493863,-112.15832013238166,-124.75553835726342,-101.3072677673935
46.35619261551116,30.34138648005056,37.87788382835777,36.07752584304713,23.08028961017421,-1.2262313976533902e-15,9.367307406697206e-16,-5.627632781545281e-16,9.416617065517824e-16,0.0,4.559811149012979,3.599889829918385,5.133597117848809,6.234015159361732,2.2998103369054057,-67.8351460681092,-37.61494702476622,-54.08192528600999,-56.01515547016333,-24.357685987766867
38.212351210820835,25.934783819832546,12.830601977761289,22.19380043411321,41.60703142355796,-5.578374896430539e-16,-2.7397287777534595e-16,2.215150113741046e-15,1.2806148056877237e-15,1.3661974170217583e-15,7.367812111190233,3.9721357487948743,1.4239911051809966,2.2560758313673475,4.649314844619102,-60.26548960564428,-31.894003180601782,-9.25498573827922,-23.66292005464938,-60.27432327245132
25.1568472461353,23.32652814210742,19.386371736634043,17.384649537214198,17.202511117865434,1.6946703904701494e-15,-1.2184286172917058e-15,-7.330332311924069e-16,-8.174369396853094e-16,0.0,3.3277646460921178,1.7183027473777601,1.3373693906652064,1.0442995247036326,2.817174114226999,-28.69654125745374,-23.368334683417235,-17.0901569209085,-13.976297463462986,-16.842911087275795
36.932463416685245,19.909346994324668,27.153532127048116,29.78608979161542,16.534104528193836,1.5391179900317035e-15,0.0,-3.925139825836779e-16,1.789113829805498e-15,-8.5948741227381e-16,5.986470590218818,2.954226280702036,4.581628456499709,4.990436348988692,2.726382046682526,-53.95654892612808,-19.85063394175443,-35.035212755438444,-41.06800534803609,-16.133196912181045
81.3161181928528,78.96067150320614,75.88017915242695,66.27338038946148,57.266562682747605,6.990424546090078e-16,1.0798429986471162e-15,-1.1236811673827592e-15,0.0,0.0,7.2345413562752805,7.416732144231182,7.31865453932737,4.281574019090684,2.7378716451405896,-146.7026638660402,-140.69761160656705,-134.37000477406505,-108.51128395769338,-87.80345024006388
38.36251956039103,32.2769087450467,30.133287647689926,27.082071647355505,19.65789692159135,0.0,0.0,-7.073998138546011e-16,0.0,-1.4458163832971816e-15,4.8448284398707075,1.2128261007371641,4.1108758670311625,4.506457120680984,3.9001211858455163,-54.0791099408114,-37.72935719401161,-38.50280631550676,-34.605291897517,-23.34825241301154
28.334547020696526,27.342587436482614,22.59883012911195,20.36532065181099,22.570711826797353,1.0030761885709278e-15,0.0,0.0,0.0,-1.2592296445280908e-15,3.106581156308076,2.0944174211582838,1.38405587099153,1.4296189660420862,2.394223855779911,-33.51871607855153,-30.21882494714473,-21.829902937759005,-18.63288835773703,-23.48581242406134
10.7258023186689,5.737006656948422,6.316753223910033,12.199942049202425,5.661931184335508,-1.3249223035247591e-15,3.096313017606144e-16,8.436407643770652e-16,-8.736222675007117e-16,0.0,2.0715280081393175,0.9968480150766849,1.1131633167859256,1.827647762962758,0.4897983691948795,-8.600026942547236,-2.032561308557771,-2.720858624139934,-9.633825751379657,-0.9162363900535654
6.103432475053822,4.792858561865672,7.611312792838901,8.584636111963832,10.090242963204652,-1.164169078079027e-15,7.412515168020248e-16,0.0,4.138455762672715e-16,1.320352378439717e-16,0.7202310339329084,0.49727268508909,0.6308442816558001,1.050091594972288,2.5649456757750766,-1.6567611147307961,-0.5377027798671644,-2.402357829965462,-3.9794557840658187,-8.904323379143632
29.857520762075627,15.423855968710672,14.154427639227418,18.87014596886177,22.719992188284643,-1.903822467838967e-15,-2.30338878034627e-16,7.529898988542393e-16,0.0,0.0,3.336931286702959,2.386208222238633,1.9819667827955172,2.2139650649541736,3.2412730420859424,-35.985609667145944,-14.238791590159938,-11.716606612759644,-17.681931718795084,-25.70124259804518
158.01484013833897,81.34104067412026,55.17594637303138,85.57006633766127,148.11197632745206,-7.194693714975466e-16,-3.4941413577766967e-16,0.0,0.0,0.0,3.3456994137511638,17.74485344000959,14.293228603205298,17.10754723681151,18.85990715948666,-339.5906602445224,-164.36134676146702,-108.25638613794624,-178.92151371716213,-331.64964706766494
18.606452467886896,10.543837899947446,21.449428577203726,9.990891568199025,17.119007081356937,0.0,-1.3477876699216738e-15,-3.3126417946409027e-16,-3.555952593969468e-16,0.0,3.5087881151737688,0.8966787622067112,5.46120859339845,1.8585136685796435,1.5856696758955293,-21.03674977749893,-5.556788753456208,-27.56161413934498,-7.309488944810156,-14.1167982956388
48.926139387135095,38.84963152430096,28.945026744084547,27.10495495493526,30.537480924215714,1.1618210546110395e-15,7.315824710621991e-16,-7.364402272372881e-16,5.242899218548414e-16,0.0,8.333985131916602,2.4105277959331746,3.3095190032996578,1.3916835771462206,4.352579112645753,-81.60548654375103,-50.63890334752703,-34.92946335751595,-29.04141027175073,-40.54647325024917
3.4601371692476466,3.2705617025874627,1.3311932280449743,2.93099580006447,2.0844418261541695,-5.133775779722895e-16,0.0,-2.0850147845472058e-16,0.0,0.0,0.49067614759975525,0.3902095583032941,0.23726404297032372,0.4889655470034472,0.17132172154569233,0.3497351521160052,0.3439097410703288,0.6996545533591568,0.1772127804463741,1.0341251824154
39.26680739250855,37.84605643419713,28.92238333537248,27.891210781684254,27.08295773892417,7.238100400244507e-16,-7.50982060173714e-16,0.0,5.095101401812955e-16,-1.0494315172066955e-15,5.173255828590404,2.486100582410018,0.857297357722129,1.3189260642449332,2.4568469836492564,-55.59844134921903,-48.76399101103782,-31.73686802707444,-30.26182345457443,-30.213421493391518
340.22679230378145,246.03786602764603,278.417162656755,307.32826204999054,294.62467161730984,-6.683003237446827e-16,-4.62070491656929e-16,1.2249981643025455e-15,-7.398397854026424e-16,0.0,24.89310095359983,20.28586316836464,26.13530596867346,14.270602723813099,42.118066828508255,-906.4470874379322,-608.9813868553487,-716.302695723913,-791.4987135751537,-796.5221915798621
149.68939510489236,154.4415797983366,122.7953119363024,152.50284892390422,136.0357641169552,0.0,0.0,-9.258239254328275e-16,7.45473533929477e-16,-8.357128616844837e-16,28.12011046005312,7.656238034115645,4.73166647945796,16.895045960091903,4.389890954298153,-358.4624390800344,-331.8537551089796,-245.5809279034047,-339.29439033401064,-280.3135820766564
27.86702685766616,20.462146597412545,26.075171900868376,21.793820604227115,13.050305126233575,0.0,-1.3889896299539735e-15,2.724978145729644e-16,-1.222610439669107e-15,0.0,3.4060278165352296,0.16086431319725503,3.639273517614911,3.537998192125678,0.8456198177051388,-33.1262277928744,-17.925424937337716,-31.02843730016774,-25.01781524428238,-8.281038170962667
22.55296362623968,8.611384907894207,14.082404378132644,14.487005442018168,22.290627051849103,0.0,0.0,0.0,3.678517647784058e-16,0.0,4.129475453413253,1.4224073257933851,2.9485385059382043,3.28040098236349,1.6224240060384536,-28.736725935982896,-5.07457701398489,-13.106804308234429,-14.264369839979517,-21.772925720007848
47.7479125109995,49.55308961980171,55.933685588560685,58.74594348410143,69.77194170156558,1.1904901360392084e-15,-1.1471215881177476e-15,5.081322485964825e-16,0.0,0.0,3.025219069877424,3.963086874370665,7.508619712873648,6.627259137046402,7.176287729772096,-68.40043102113927,-72.74407665896177,-92.82858709227155,-95.60469705457659,-123.34629152086202
105.08345291632536,73.71153362511087,80.36013030075598,75.92016821996106,56.23811720117132,0.0,0.0,0.0,5.615446480846573e-16,7.580723940864447e-16,13.841081854383596,14.360134044956641,13.660060403365073,15.517361380312412,10.14967483333557,-214.54912963861264,-140.79174195632862,-157.4683912354667,-154.4040963705477,-100.8894382761915
239.23534846862685,182.12217523319683,167.94457935630746,186.9220063190981,187.85975394318064,7.128137947590436e-16,6.242339109778733e-16,-6.769306765205001e-16,0.0,0.0,29.35626278466597,11.983022637384002,17.434546105897994,24.73320188623192,24.645434561130827,-605.2809671185223,-413.38378937904235,-381.03107597134255,-452.2656964623294,-447.98904374207126
3.00761099353561,4.3696114629270815,2.0757749393074696,3.364086334916058,3.1111596758169853,1.1812410868415177e-15,0.0,4.81362744699095e-16,0.0,0.0,0.20825786576691752,0.7109846972813135,0.32329137829549637,0.4222618010715191,0.4408416445187709,0.8254252982526198,-0.6415003270129337,0.6076371024039547,0.24097262506139255,0.32248254173823154
105.70675676759744,75.39187845542196,20.347464883729504,81.85595407829841,79.4127891431187,1.0754926288351015e-15,7.539727093339191e-16,0.0,1.3888646098104255e-15,0.0,11.436174808329405,9.65066854008494,2.346355102963072,6.403493196037539,6.692831786358276,-215.88758215322804,-138.8860067460474,-20.11706016011241,-146.65500938968435,-141.27048388144811
43.48843065127512,15.779305645754054,24.912139643624645,39.09728892815758,26.595068592879976,0.0,4.5030038184937205e-16,5.704389473763549e-16,-7.269483437235183e-16,-5.343417207431656e-16,4.685031045223397,3.9755166533327424,5.174115503636448,6.291191645279183,2.504886370720522,-64.74293276384563,-17.16357179722067,-31.585317359015193,-59.15838008585693,-29.527546572595604
14.925129425672715,12.523744268980847,14.802912345558092,14.491495808215369,13.041577884626593,0.0,-5.673564714348183e-16,0.0,2.451585209572661e-16,1.0896576197235883e-15,1.3298667768075239,1.113694437033691,1.3818946648185824,3.171967647750172,0.4456528254109962,-11.21896109222609,-8.12415018321394,-10.992666941955578,-13.763967655081736,-7.8893245941438455
48.79975346814447,38.49779669248459,40.77507540532331,33.39461489319399,40.867167554381425,-5.824150207840116e-16,9.228355864568346e-16,6.970363426156527e-16,0.0,0.0,3.774382641728166,6.866864298385972,6.094848158551584,5.8414051749434215,8.646107421820119,-71.30623569534804,-58.537740604305505,-61.74180622649661,-48.07509841374065,-68.00195543438109
26.598943217790307,22.781367084721786,18.715615062892876,17.526624731204798,24.36723993732814,-9.349617970901284e-16,1.247585771508194e-15,0.0,-1.6216305116524435e-15,2.9159754555197726e-16,5.269429937982218,2.1113734302472564,2.2709258137395416,1.4196884634309854,7.213281602695687,-36.12238917705902,-23.528047062724525,-18.328902580278054,-14.580010405944826,-36.53971233172705
6.489713158867872,5.166484602409591,7.750321298390845,4.9161592237603315,8.076168784349628,-9.494622698770452e-16,-6.876462337937782e-16,0.0,7.226604178379435e-16,-1.0997521763305372e-15,1.4182700255469711,0.39876631391518214,1.5344759161501125,0.23165729378662583,0.9881558997617634,-3.629380712757613,-0.42891813276726,-4.674365383253898,-0.03432606560141146,-3.538164337909536
6.981761850393673,8.101536188965618,6.136563416281623,7.291478884083009,4.714919199057074,1.017712650453747e-15,0.0,0.0,2.4362092624007493e-16,1.8837616981384326e-16,0.7755461522516719,1.0060248441471982,0.6720168017127772,1.8023097020947099,0.7343066647913862,-2.0017400042594726,-3.7401963941636835,-1.3721634427396587,-4.3007440188292545,-0.8350831702783037
44.10642739081895,36.68638577817899,31.139762225518844,29.962187523115873,26.583174639781774,4.027433062442983e-16,0.0,0.0,-9.48585927128205e-16,-5.345807981088696e-16,8.087114197732864,0.8705209972930148,3.850443302421827,2.996383911968083,3.784198365115612,-72.81141555473641,-45.59836215105775,-40.38438532379626,-37.209848216595674,-31.289056306531545
5.729872850330857,4.480644505995818,1.8084248614548608,1.2364809279577624,0.8792058647767313,-1.240067195765211e-15,0.0,2.45566857277552e-16,1.4366229185064551e-15,1.0102052946674468e-15,0.7355424975676683,0.7092436746760362,0.46544539978567007,0.1355821993824323,0.12481678385932983,-1.210702738795285,-0.3818557353547972,0.445005534881572,0.8898557264736388,0.7885720059635056
3.5743328921320803,0.27795883160293783,2.064314476842833,4.129421297822823,2.2000862135134853,4.969757694674763e-16,-1.5976797977206957e-15,4.302534471678497e-16,0.0,4.037016432559365e-16,0.25670407999326805,0.04360109942043039,0.12085854100357653,0.4457862859552656,0.6114263797043342,0.6144604914397799,0.44231665848735485,1.0764304692067004,0.1240502372585171,0.031345213107695474
1.8793414380450424,3.2276669886673277,0.6778616600494342,3.894273063849673,2.156752524201379,0.0,-1.1007063898705924e-15,-9.826987629400887e-16,0.0,0.0,0.5510623445153341,0.2339946023952947,0.07745019174486599,0.7153306951016359,0.23895317821263903,0.14231947357426447,0.7352797783819053,0.76125021902476,-0.662503173704641,0.9173556288333544
11.57168471288434,11.54316134978886,8.258103588759324,8.81541811002249,10.147395115953197,-1.7653525964423727e-15,-1.231105958287756e-15,1.720837546109906e-15,1.2090340926976533e-15,-3.5011090414870245e-16,2.434292373690143,0.921275484183706,0.9025129678769246,1.0987059422050507,2.957296535750191,-10.290733105301872,-6.5941442083680135,-3.8198410454058225,-4.2957547595004995,-9.470584890418174
14.953725731639532,9.463432279828789,11.067569753127696,6.082459370463111,14.742867953710386,0.0,1.8770746034570748e-16,0.0,0.0,0.0,2.6406767280725827,1.9883202018306296,0.3541523138296454,1.215525680476242,3.581080417376063,-14.076636894154094,-7.261742532880732,-5.553881618439538,-2.809150313438444,-18.000847945147573
22.78730327086661,19.773011010494464,18.708294599442567,20.025800115552215,18.559606663379817,1.2472607702878533e-15,1.43739916067003e-15,1.5192036494470673e-15,1.4192546248542375e-15,-7.656872784508742e-16,3.6972008548636603,1.155519710275391,0.9756462248703708,1.0722750911376917,1.2362579499561583,-26.202913207868722,-17.430258955340282,-15.724291806290035,-17.79017403913963,-15.800007242560609
31.76132174022748,26.154283034787465,24.073209778475192,26.968665170800012,34.44658007642919,8.948528547666305e-16,1.0866942669619607e-15,0.0,0.0,8.25095245082172e-16,5.771311310699909,2.128830746088909,2.1396625396062587,1.54983835863546,5.584642044341502,-44.82832861757975,-28.714307999073657,-25.121270203010486,-28.931054124628222,-48.07022171195639
3.569681492277632,3.628103372010014,2.3439701761136447,2.4864797401468053,1.4720981640832387,0.0,0.0,0.0,0.0,0.0,0.34488315944073394,0.8249758824963288,0.4954991572851938,0.26864777768495557,0.23988761486228455,0.482072598156486,-0.6306321464376483,0.47233680993100846,0.785717353110312,0.7850291663669225
4.617205352903055,2.394149344856973,1.6227543427754565,2.215190032476287,4.948093188754212,-7.694510872397613e-16,0.0,0.0,1.2028472591680003e-15,-7.179965177040192e-16,0.24990444533888434,0.36799181756507976,0.15081476558253556,0.3264594676128325,0.5014220663116717,0.12008621334939952,0.5827836303942574,1.0004073291954747,0.7404455403593219,-0.6210903079365268
7.8932489646019,5.172815829833493,5.357568551431539,7.294607126032419,5.7988560921002374,6.7514283941879e-16,-3.434022972856216e-16,0.0,0.0,0.0,1.1271820167454414,0.8803066573153062,0.5151508646936926,0.9253817938680226,1.1347094654134129,-3.508622970473956,-1.0172970235507373,-0.7156835813930286,-2.917911092292563,-2.4449800272477105
7.59873225415682,7.105328867199005,5.156934826906461,3.499291467650038,2.7136379173107197,0.0,5.000069307419711e-16,6.889196389033485e-16,0.0,0.0,1.3748369376137521,1.703719124709687,1.1484133856398693,0.2221820085511962,0.26607255777172123,-4.011934031846834,-4.3379044141379275,-1.7170285398840817,0.6678104439775582,0.735554060411246
38.417693739468454,19.848615778947877,25.000442021394843,15.209582081429815,48.889804877750485,1.4796155970812448e-15,3.57981001634243e-16,-1.1368482767657194e-15,-2.3358391175903496e-16,0.0,5.97359326730693,1.4862751074704574,0.8218017688691883,4.843145293997804,18.125543744776877,-57.40579246210521,-17.86929829813318,-25.231598925930566,-19.574787877543038,-109.0315357100587
3.5101102169355567,4.303797121424252,3.9817447816269125,3.128114180237319,3.837005491236967,0.0,-8.254835389696074e-16,-1.784500953046462e-15,0.0,0.0,0.24703361229146742,0.49590485607260026,0.31735851625340633,0.26226344996866524,0.5729229410409875,0.6383661020028403,-0.12167770512135806,0.33134162401746065,0.7609469829128478,-0.08316480017828834
3.019341422733777,2.85091476057309,2.3824661186423746,1.4115620652553027,1.5209210726041402,0.0,-6.230831114161996e-16,-1.8639896130112548e-16,6.292166965676316e-16,0.0,0.565741913598703,0.06675668784468805,0.717832949649891,0.1668755439515249,0.19031565979692164,-0.05851217678365388,0.9828764178588912,-0.14796993572816955,0.979873350277387,0.931567538680241
3.3555920854364594,1.1310190531252722,2.354431532332593,1.615023288761151,1.5643264950355873,-2.1174884123845478e-15,0.0,0.0,1.099895494858687e-15,0.0,0.4057784263325006,0.14239236052181467,0.3944725476279706,0.18031673645769827,0.16720176184565094,0.2683338541969463,0.9021685440970305,0.6559283174700223,0.9510156042784553,0.9993188848452521
4.843091993428578,7.195470821884726,3.1638652173612014,5.789652462038634,6.214831668218166,0.0,-4.937430456941149e-16,4.210886172519561e-16,0.0,1.1433016591482639e-15,0.7856574533590305,1.2219797563012451,0.7669286832405553,0.7534025562658798,0.7038213833439717,-0.9123377997459862,-3.494754396954075,-0.3541675844186395,-1.2682370146305582,-1.4481327028019308
33.52829268482053,18.26051502184781,42.53540684625322,4.470486970222308,50.975181049913786,-1.6953866215365953e-15,-7.782285821730337e-16,-6.681894341139368e-16,1.5894079112476787e-15,5.575597544729481e-16,2.515817759384703,1.4006942802060682,2.0831525297488893,0.40845168487730565,7.139379548469186,-41.26404224705513,-15.435113869356265,-57.35997263552559,0.003413144893799614,-79.9713492537796
22.707012134733304,11.763239955862709,12.579100341726841,17.801714838161168,5.420694727955333,0.0,3.77522869138389e-16,0.0,0.0,0.0,2.162010962878188,3.3042486341679482,1.697079508597849,3.3231746688190658,0.8991723781942889,-22.924024234190078,-12.254011637244027,-9.462153252732021,-20.01125907690283,-1.2597442430272225
18.758080605112788,11.93181184475541,6.352283981651912,7.114634990938447,14.028229568666347,0.0,5.955027995789399e-16,0.0,-4.993529089440869e-16,-2.5325460076130297e-16,2.0349963312181703,0.9078831294806069,0.4750902160248859,0.9680366315965189,3.5173853826885986,-18.11034156476565,-6.974117822762454,-1.2166614583032898,-2.772182247015374,-14.131558579681572
4.4919678286941025,2.4676071093770218,3.436651900758074,3.097932332376484,3.3815180739245765,0.0,1.2597728613836135e-15,-6.461073490627654e-16,0.0,-1.0506268489871579e-15,0.5831201636017824,0.5113101360263584,0.7167524823211064,0.62287401353273,0.01925185954073485,-0.3423519086074575,0.18108040044909696,-0.22041183644863027,0.034261434149271824,0.8208925217653171
39.16105517434672,32.669258130086995,36.89660588152771,26.67878858992819,16.874948199114094,1.4515292963312312e-15,8.699833132797351e-16,-3.8515344096505824e-16,0.0,0.0,4.167014098134222,4.410880582977682,7.312454112416471,2.3636416689222064,2.944909504554363,-55.83038072044717,-41.92115623337318,-54.5038536080661,-29.558434350504996,-18.097165199837658
26.663038056483828,22.358885137543982,22.984797173045713,25.1973001888857,15.647841974472373,1.0659591517738735e-15,1.2711595079792068e-15,6.182719215754961e-16,0.0,-9.081670647227492e-16,2.4495750676332997,2.1734821997690563,0.15406899750787073,7.758992662479787,2.487768657449252,-29.487846436675134,-23.48462181101111,-21.792455565316576,-39.05191625452959,-13.885879234876302
120.97857010919918,103.43565585932323,88.1857248311758,88.726030923595,96.15528741014174,2.3493176853346545e-16,-1.0991068483795842e-15,1.2891750670446942e-15,1.2813245057644428e-15,1.182325390352119e-15,20.755536753265545,9.080798166841,6.276896341073855,4.061950879374892,9.344335863804837,-267.5976386479477,-201.43463037305742,-161.74679178054294,-160.09816639001713,-184.3185139492165
3.3571027011544734,4.792442057988932,4.37889405436076,1.4055582175925652,6.606740330027102,0.0,0.0,-8.113267036599115e-16,-2.211665393892313e-15,9.410463598280049e-16,0.14596255354656304,0.6374215118995054,0.29848585695772134,0.2647630575198655,0.9949900582078921,0.7759192532094995,-0.5682797141595716,0.20444519776445488,0.6912017944421062,-2.5548860069814556
41.987991829257254,44.021835285703304,19.045982252226715,30.863818367178837,35.04842234000127,-3.38450449666418e-16,-1.291255089477578e-15,-7.461339891535694e-16,0.0,2.0273173179300215e-16,7.992275715509231,4.192923622937973,1.8403026964928964,6.375681924308613,11.59248238394754,-68.03165670692692,-62.95141796397335,-17.825838792820946,-46.41828594111254,-64.5790342083641
7.672683978679455,12.56097200221941,3.2655619720759006,9.940085617584934,9.597905421170745,6.945510245187939e-16,2.828374809029722e-16,0.0,0.0,0.0,0.9106439640986819,2.049777609194886,0.6327858167732291,1.5655726329638664,0.07401340887050031,-2.9293158638651575,-9.879170763998273,-0.16190800514316459,-6.283686177267913,-3.8932222307841835
4.85291606707853,3.8634314056619115,6.233152627342152,3.4339961760491082,4.6604566548780895,-1.464156243254067e-15,4.597873374422995e-16,1.0686948557188415e-16,-5.172856195326315e-16,0.0,1.0510360934847298,0.5960167363067014,1.9387128616522518,0.24798206396447994,0.023913744477438617,-1.904317646606835,-0.11924997624509426,-4.527467498342348,0.6626150872572169,0.20268093087206235
115.86535351537628,87.4116442676036,74.6232394908875,125.0160015505142,37.995362154848856,1.962395733881377e-15,0.0,9.521735328132826e-17,9.093782900717673e-16,-3.7401550897938885e-16,9.867419847193233,13.253827979788262,19.513366216081682,4.115174041144357,6.623623410099715,-235.27130667658,-176.66959584434363,-157.33978021023515,-251.09592411737606,-55.643398152083606
32.68903157845444,18.303860389708248,25.616383876383306,23.796114623431702,11.977485470810205,0.0,0.0,6.93445588562537e-17,-5.971922282307706e-16,0.0,4.259528416375086,1.079323166756162,7.903905584243231,1.6240507030886246,0.5244715320109666,-43.059071346057024,-15.281273579213543,-40.405904146586714,-23.84178423243654,-6.680004831732609
29.365100031970258,11.000080313960762,14.800900769928155,28.183352336571264,22.078328282619793,9.678737480703569e-16,0.0,1.8002520931118368e-16,0.0,1.2873125658149475e-15,2.7489758002940166,2.0831006402871344,4.916784465866574,3.197509047858602,1.1133982383340117,-34.275633083869764,-8.57549011411435,-19.751953280540423,-32.62932659158791,-20.76626715551657
2.032936916668854,3.602094629926941,2.7008952352619886,1.1999998839936181,6.242344885752246,1.7475769413553347e-15,1.9725820911443175e-15,1.3153837410712769e-15,0.0,1.1382625419846133e-15,0.39269388513994874,0.42006426055770263,0.257997870706586,0.1787281713446479,0.47476287334077977,0.5224776598362634,0.36154996471305717,0.748271163613777,0.8278181069045284,-1.2362664755755213
46.69915537125043,26.308152275860444,38.57252704538517,51.74743348293572,26.618768537614798,-1.2172258450696249e-15,0.0,0.0,-5.4923901568522e-16,-2.135463884457426e-15,5.444719091533383,4.346064017424514,12.808289704325656,2.8623702903590833,2.936046486512095,-69.65404077074274,-35.10644553517948,-74.16195307250531,-76.34412689918283,-30.335648882247707
41.73633772765575,37.96527101028528,26.468239905957205,24.657258564695788,3.3783498287043257,0.0,0.0,-2.68451071278139e-16,0.0,1.0516121357873253e-15,8.460664133255577,10.519695684506734,8.814323586752645,3.3471723723940294,0.33692993802899796,-70.02914015471977,-64.68949279381877,-45.03765409217678,-29.032508482624834,0.45778122132747695
18.115811377178268,15.95078582591112,9.416639597039262,5.450293346883836,4.6381753230577045,-1.568889675358885e-15,0.0,0.0,0.0,-1.5319445391117229e-15,2.2837421058891345,1.692136033932737,1.5394707891016086,0.4278127193682226,0.6235097435078253,-17.09562933916074,-12.700296795514026,-5.577983591159489,-0.6061040139600375,-0.5175531357911143
8.01293081257947,5.0672428431870316,5.270913107984284,1.7426280206569698,8.074918127344503,1.330117691727642e-15,0.0,6.740224333083607e-16,0.0,-1.7598760124983892e-15,0.9534637165415305,0.08298313945593387,0.5435721391061481,0.26899400284658553,1.0609057276125795,-3.2791560423011865,-0.052642745323722644,-0.6559783504977045,0.7823595435778388,-3.5095765520690207
5.901196577332538,4.618637821273365,2.2744369230727557,0.5288047566516685,0.8211602535297126,-1.2040655254383681e-15,0.0,7.810094979465947e-16,0.0,0.0,0.5616930911470817,0.7739686147229266,0.3800195741340237,0.037401795229004726,0.15237138072658915,-1.0732433552748408,-0.7936965233633021,0.5302026403290543,0.7138138492781845,0.6889823574638629
26.366970506867677,23.63639710262859,12.279786171345798,10.939033473910055,1.2309437827084295,1.077928517536785e-15,6.012276174536611e-16,5.786279385044281e-16,0.0,0.0,2.607333656676731,4.370630203780731,2.6420689669470367,1.8491204619057,0.2214504237401627,-29.255049570043234,-27.73611403311215,-10.468373099891215,-8.188394558630852,0.7548975967057359
46.870570518587456,50.212483729394,30.986622097870846,45.26582456334879,11.113083698727593,-1.2127742041941995e-15,0.0,2.2930629015187914e-16,0.0,-6.393749521039374e-16,7.417001723674731,10.920935860922324,9.868859577766937,4.992408988174695,0.6420037278703877,-75.94193798008814,-90.27301023416437,-53.218744902614645,-67.17600692687641,-5.808749809287808
58.284457072602756,26.269394831940886,27.100611757023856,54.17829412168918,41.87601704628774,-9.7527577189233e-16,-1.0819324012689524e-15,-2.6218697279995675e-16,-5.245958716707907e-16,-6.787109050745683e-16,5.424554307153318,3.919004903709044,5.360161334006479,6.0213023023514785,6.558135321563393,-93.03365151400538,-31.772777970177668,-36.16543004699479,-84.54132225090159,-61.66175464220372
13.879531285314558,13.768949232169062,8.415154542978382,9.243755674531773,2.023257518292157,5.11935685113445e-16,0.0,8.443608874099385e-16,1.5373464223373506e-15,1.097460915961209e-16,1.3575224609349623,1.9734147386503933,1.0873320768663084,0.7930451965168183,0.6208335391961497,-9.906755033273747,-11.34309533146506,-3.9420302894356842,-4.288108512744499,0.023701761374182274
13.376086861671139,16.16569578979661,6.132783805800891,16.489164044552247,7.986785724650715,2.1248149570444062e-15,0.0,-1.1585973976255456e-15,0.0,1.1120599078535663e-16,2.8026197179743573,1.4005995873042651,0.6054874855248119,1.993174256110644,1.892054756635216,-13.090414291787324,-12.81150069425727,-1.2808811274822622,-14.323031944883544,-5.138977664304487
4.818244269607048,3.4420480044394814,3.1895588657149956,4.438902511472674,1.8586970817177462,-1.4746922239748724e-15,0.0,2.784643447867592e-16,-4.001792863909771e-16,-4.778500103305161e-16,0.8725214033212784,0.9542728291742996,0.6772162683375738,0.8690657632103933,0.38517175130691644,-1.2052692049061795,-0.7284184994021097,0.043980293021192274,-1.0502974777391998,0.6658255478489554
18.636276651617464,17.835854330217742,14.375578518269261,12.072806973449762,6.63512912127114,0.0,7.967577247547814e-16,0.0,0.0,-9.37020037480415e-16,1.540440568069144,2.566984451005731,1.6379974181274197,0.5268945897574788,1.28906582092222,-16.223211478650388,-17.61473577136417,-11.126140473400692,-6.804412682323732,-3.433047988614604
83.56570166017904,69.46741707151024,25.53520120165892,59.73553438158121,22.107115818503843,-1.3604485508172356e-15,0.0,-2.782600889449577e-16,0.0,0.0,6.761893347262337,10.501174231094222,5.534480936052533,5.968039658064417,3.8720561574727346,-151.8625223437384,-123.44666297844381,-33.00170030955646,-97.08974311879263,-25.953382127424376
12.1070390017467,13.026417061037794,8.346105862533669,15.104245535785108,4.94462097130186,2.347535960386645e-15,-1.0909258200942207e-15,0.0,1.8817033504299868e-15,3.5925035502419042e-16,1.959477216729233,1.4784338528620045,1.0145674615700537,1.5943818088977624,1.21422074612573,-9.182401011130288,-9.125276685590803,-3.4845889291287557,-12.152367922570456,-1.848898561136239
16.152833714269434,13.200621787295805,10.55451587708972,10.69183976267329,2.968886709056839,0.0,5.382645963267594e-16,-1.6830301456612706e-16,0.0,0.0,2.9028182247021457,1.473518544366778,2.848328978621416,0.948062585401101,0.46077771464914447,-16.13269695053691,-9.320460656496248,-9.33375112654726,-5.7045785583483,0.23164962508489848
3.299391651799832,1.71251750985093,2.960009215435898,1.7332960448773669,1.8165742122616497,-4.037919017051008e-16,-1.0372780594546316e-15,1.2002373709763333e-15,-2.0496866010283088e-15,0.0,0.4849231409740073,0.1854809906523386,0.24689958113051114,0.15391499448515822,0.17478450675360457,0.15633774248128043,0.9875945373678219,0.7520163652865771,0.9851279922101732,1.011943316099109
5.194264991495399,4.167712023362851,4.490639798408367,6.9340829850091215,4.973185938306642,1.3679370169282392e-15,-8.524374186328452e-16,0.0,0.0,0.0,0.5524158467951275,0.5851641758555176,1.0795794742830522,0.8827684416940274,0.9863997919149108,-0.7756681700528099,-0.3007007608193967,-1.633555537541715,-2.3192500046129485,-1.2802755927416396
91.36097330912028,67.52787413166197,71.23848699603352,32.30608229799917,29.048449877536875,0.0,0.0,0.0,0.0,9.784243066402823e-16,2.968662752398574,9.623747185525,11.30157230227559,3.982470334805029,4.8556135789211865,-165.6732960276948,-122.79735998921176,-129.2227424521951,-40.66538871746394,-38.78755544065655
61.417529177254266,40.99216759034971,19.27958104358568,9.08789223085777,16.172334237172215,-1.3882865272084182e-15,-6.933448778418584e-16,0.0,-7.818564720072994e-16,0.0,5.446659373241284,2.179457282475472,1.510754071422821,0.6051297214870248,3.177177729504231,-99.44922934481687,-54.48034981359833,-17.132757223578615,-3.7422768705175433,-16.87963738316011
19.028834515046054,9.214016782572106,14.693275737568806,14.056086972779635,5.750633797405027,0.0,1.1567312376249295e-15,0.0,1.0110107274323277e-15,0.0,2.840833066023654,1.365977865973607,4.204011683428839,1.0225689018319064,0.7593176890492388,-19.26518933567625,-5.531222462000234,-16.81708175016582,-9.637793180696569,-1.3335346743435366
0.6473773327787365,1.3272227822180085,1.0433505517052357,1.742081150664136,2.3341188621079327,3.429910095429966e-16,6.692007036044336e-16,-1.0640939642104234e-15,-3.8237817711370265e-16,0.0,0.10244048200941075,0.053811143647623905,0.19649038775352767,0.37151153379676244,0.5154271671076232,0.6942312000159439,1.0767012642598117,0.7052900683875358,0.4641585796352572,0.12778677299453117
39.54839109582992,26.01728359680343,2.0327564538288674,21.984607897377604,25.388601000505208,0.0,2.7310412061903334e-16,8.738660433493315e-16,0.0,-2.7986683305076994e-16,4.6815400988242075,3.1600942762560456,0.3549232237511113,2.3933929766576494,5.281955689652901,-55.893105911581145,-29.60655611210278,0.7625788921800887,-22.07773391389374,-32.12862452651628
37.93324974355423,34.130363813704484,22.468337629479784,26.256404225546756,1.7220084901567736,1.4985117079368365e-15,0.0,0.0,0.0,-1.4183964063690403e-15,4.3950125294052285,6.9879825106016895,7.260059348379443,2.5916983610014035,0.3817729909798352,-52.10234619407228,-51.73061273886112,-35.54461096358935,-30.41078228166989,0.39573642160444006
141.8758317437106,102.62985079259495,104.05758099869323,73.43583513905013,36.55067994130992,0.0,0.0,-2.3899263766198655e-16,1.5481111844966559e-15,1.1663959251664232e-15,28.432038999711168,21.945105704362227,34.972890750508185,3.835345019170513,6.5476461493515306,-343.0594335679761,-225.58409062665476,-266.75439595427173,-124.22024122729181,-55.05623176965455
3.340768949399853,2.1683737454939154,2.269352604049729,1.9463733869873516,1.9825479848734675,-1.1963721374291875e-15,8.192115603187352e-16,1.5655185855475147e-15,0.0,-4.479984476929629e-16,0.6145678893373032,0.1614576773416635,0.30203327766629884,0.39091584723844625,0.5542802726179825,-0.0934624725270696,1.0245113478565435,0.6886254930513137,0.494858803747561,0.22876199875479164
55.45212003372957,47.2119840070118,30.886656884605934,44.774542544941845,28.92643864888577,-2.562725231525511e-16,0.0,0.0,0.0,0.0,11.162680656774132,7.279989552283594,5.683543108377967,6.160266602386957,4.244061793240788,-101.43488933993567,-77.90589347589585,-43.580710963534514,-67.4889055829384,-36.484113520710345
16.46543712953809,17.148247746764234,7.413113019081332,12.240737483464615,3.072197017434255,8.630718154277552e-16,-2.071764842253854e-16,-4.792472028493058e-16,0.0,0.0,1.2453614925996879,2.4845915163562826,1.063554198529306,1.6176581590508703,0.6127803717416536,-13.074074773239563,-16.660176742692883,-2.799233680273958,-8.811419368299276,-0.0834300932948298
0.0,0.0,0.0,0.0,0.0,0.0,0.0,0.0,0.0,0.0,0.0,0.0,0.0,0.0,0.0,0.0,0.0,0.0,0.0,0.0
101061.91759382788,91092.46876306958,73618.44713178222,51271.268521804566,29727.05451531387,0.0,0.0,1.5813335700839107e-15,2.270576195660653e-15,0.0,11486.561887176715,8736.519040338946,6549.513329960408,5727.639297820369,4488.831886449947,-633039.1788397668,-562362.3869988131,-443984.326987605,-299487.6436767242,-166631.3496977982
19908.62820634838,17955.68634631585,14502.376698818924,10102.826949000602,5829.163729236518,-7.309351039930816e-16,-1.6208698400830125e-15,5.017079452070764e-16,-7.201902646568822e-16,-1.2481992189875242e-15,1825.0498715381757,1781.2190274808418,1569.577618206207,1116.2819981472744,680.5417649625591,-103996.41913815269,-92816.96365496947,-73209.71395516436,-48793.37263041335,-26391.705234970443
2618.263089370471,2351.485455662772,1937.852302973094,1382.1940204869525,866.1087489073673,-6.947313319774943e-16,7.735490768890041e-16,9.386625599665796e-16,-1.3160159692378203e-15,0.0,282.11315142310053,262.66376636498677,213.45618477205346,106.61951323564075,75.5956383342315,-10455.04842025831,-9230.991479085611,-7358.102419754812,-4894.7057501859335,-2847.386287914721
8802.000569555286,7901.086027753591,6370.59704226737,4381.093902277031,2502.2312566012483,-1.6532508846567905e-15,1.8417613954906146e-15,0.0,0.0,0.0,844.8160870249473,813.7814679952269,706.9144874533415,465.22024892643776,257.19966379141385,-41588.131257885085,-36847.67734673121,-28916.340970095483,-18842.121691442262,-9948.756272547047
27192.172889507117,24428.28493857179,19573.30707302367,13721.93027853592,8230.323465257943,1.0703017583403295e-15,5.956994224097025e-16,1.4869143138741842e-15,-1.5907290300617409e-15,-8.84042728684588e-16,3325.542137388449,2705.2341459374243,2051.261755305818,1578.498168421987,1018.5615979100339,-148431.2868611326,-131250.78430646422,-102350.15050209616,-69099.79944777586,-39258.39998034126
2815.64767074925,2364.7465752333073,1672.1715862780798,826.5493195222904,257.80249805718364,1.2920575414620817e-15,-1.5384222754325325e-15,1.087800688920067e-15,0.0,0.0,100.2923119446866,83.09616244138084,78.78902313721058,19.64620464756592,25.223383597149102,-11107.701898901132,-9072.16656995639,-6068.867157554293,-2626.7286723328366,-651.5043621417764
6780.149367334938,6090.065765258552,5009.710275502736,3500.2533343215073,2087.552148581911,2.1462528979780793e-15,-1.194725622782257e-15,3.630927346119465e-16,5.196736435359903e-16,1.7427008036963379e-15,705.4786001945357,674.4125303907805,581.7498943937352,331.94372234465703,186.33240439076047,-31047.628036238773,-27508.620412299395,-22029.596720108853,-14493.504872800931,-8017.032336973295
1711.958876918107,1421.4832263760295,1018.552571218041,494.86748304051105,156.49702286010896,-1.062519332719269e-15,0.0,8.929285806871065e-16,0.0,-7.264472872639852e-16,115.01305820050574,25.795113221738895,54.252040305969174,38.65603629520341,6.06353600096121,-6267.448523906583,-4993.89297627787,-3387.768687783252,-1433.0404896070295,-336.77587313697165
1739.8323733286782,1464.3614386702727,1000.5115232730442,492.2859502576648,118.65311425680528,-1.0454969291471073e-15,0.0,-9.090297119193928e-16,0.0,9.58144574912374e-16,29.74148279955119,53.06688192125196,40.1216956141517,24.835457038199714,16.37125238257311,-6330.221269557321,-5182.867850875529,-3306.9751268215005,-1413.9910128388503,-251.09091522009354
2690.359283020612,2383.1770732117266,1925.1692470908024,1284.0944092247773,756.4175658824414,1.3522278715901309e-15,3.816311897240742e-16,-1.417269733267297e-15,-7.082771291886557e-16,-1.2023712071148243e-15,282.9331701802956,279.06757452484356,247.58597139904379,140.06234218706356,71.80190104778511,-10789.391730094745,-9392.706571382652,-7364.567153532766,-4547.650583339979,-2443.558788315829
710.9438354961015,593.5396461622411,397.66674849720613,182.81218564285265,28.251634587643178,6.396389253015159e-16,0.0,0.0,1.2437555770348704e-15,1.0060200000900202e-15,15.414625838099324,17.01271131058625,12.615477266523948,19.407248920433492,3.0654441635509033,-2192.498690408329,-1765.376965485112,-1084.4708301263033,-426.36254921948745,-33.032515702326904
1929.1441880152004,1717.089172284229,1372.147826604303,987.5012763419862,580.0660958448798,-1.8857993247433967e-15,-2.118689504198632e-15,0.0,-1.8420122050717368e-15,0.0,256.8798171824085,208.04813213872472,149.9841742657364,86.6914217259191,38.67612755721232,-7446.75889158935,-6454.573678732581,-4918.6202956522475,-3300.8312326687756,-1733.290696413602
4350.6676492107745,3934.707513404645,3182.0456495646217,2226.217513977698,1282.212190677694,0.0,-9.24586845324069e-16,-1.1432830347953913e-15,-8.170762255372674e-16,7.093168419278782e-16,322.3310637461196,308.0881917113395,279.921116463748,229.83876503822714,165.9476847834293,-18503.822836028306,-16501.762632926493,-12962.209803996504,-8631.264303144664,-4615.979837119801
876.5179908750695,723.595597008468,529.3654827407097,263.1559803529336,98.89135591492514,-1.0376224004996594e-15,-6.284551105154699e-16,8.590423171002358e-16,8.640262521805058e-16,1.1496134992771182e-15,60.68150080532446,35.051574759280236,39.33540155898738,13.944906829882425,13.972443676441124,-2854.619789917114,-2249.82536534526,-1558.0264329674608,-653.7439055120611,-199.29513265854612
1285.071218364226,1083.5814859031827,778.776565986125,417.2925744975202,124.99320072065362,1.4154775062671295e-15,-8.393413080649395e-16,0.0,0.0,-9.095441757323576e-16,77.06468124747524,76.01494713747007,44.63713657176652,28.881437078547116,7.4928342691717695,-4471.745439256405,-3661.843996987564,-2463.7066220699435,-1162.1292503695918,-253.50927644119102
551.0856785633415,442.0870584374037,312.6728147071669,156.49620369286532,47.43003701831374,1.6503689664807564e-15,0.0,7.271936182113512e-16,-1.0896766346939732e-15,0.0,42.646820187529464,8.100429588677287,16.523074997124425,13.729767037350816,2.2159606474253177,-1643.8159513657154,-1232.3646612847108,-809.5979495296093,-343.4531627164215,-67.13228579864264
263.69481212057167,224.71239849950695,155.3581753060731,82.50700363517186,21.307318742926576,8.622607081828665e-16,0.0,-7.317724831515314e-16,6.889526507611079e-16,6.669471127107254e-16,13.044683840421248,11.28072021774726,8.137460734492421,7.921946945933185,1.4024089006076552,-654.8762402759102,-535.9872106703016,-334.96146248697806,-149.7703153805557,-19.941980694543933
753.2546127290566,618.8838887087832,445.65364300738827,265.60778184219953,149.42245340383744,-1.2074200229293129e-15,-7.34786216256546e-16,-5.102026630116934e-16,0.0,1.5216834569615806e-15,41.24221526224792,42.03926946867882,26.946885994007822,31.4182693973599,15.828742346395984,-2365.228624128042,-1874.4216309604353,-1256.5267923796055,-684.6645781100416,-335.6783429306472
352.1194471979446,300.449663400184,207.5257976459779,107.73409097606476,30.47238559156056,0.0,-1.5135558673625913e-15,0.0,1.0552540675993988e-15,0.0,13.280309899508065,3.060009317689963,8.113010667404916,7.3750203360312705,4.053713460556758,-934.9873900268747,-764.8518161635956,-482.96538731688895,-209.57263508171752,-38.97354066003199
264.0870991645468,217.37284104471132,184.49948419699476,159.31396520533838,142.26170103443215,1.2914698000917525e-15,2.0920154914519766e-15,0.0,-7.136024614985011e-16,-7.991387484822775e-16,41.256149156168654,34.80143724372846,17.74839199707109,0.5976226996341764,7.16470280148987,-708.6691607090357,-560.0017936625029,-426.63147734853425,-342.65618033215986,-299.24736188129845
177.377615580529,141.29418830601605,97.8314045329609,45.08651849134749,15.171189797517476,-1.2818622840265037e-15,0.0,1.1620689518294015e-15,-6.303815504374859e-16,0.0,14.370679541981415,4.476335090551955,9.659505607576918,3.0974844848096894,2.4588688937121663,-405.88906284251095,-294.428211468704,-188.90683320891756,-63.19380706093906,-14.099932260340987
0.548465921606311,0.6884812760606078,0.4759522524855318,0.6768144544607007,1.7306168365318952,4.048466753863606e-16,-1.2900545745879339e-15,0.0,6.561461666830414e-16,0.0,0.06592932749372317,0.07089663609482785,0.04290659099673188,0.1290716145078136,0.277709727183984,0.6908240508422919,0.7834069462910681,0.6514158480085505,0.6369239447370404,0.7932982412230714
58.208098124556514,53.89781080805653,35.640909372661575,34.70766614960986,12.34817774051203,0.0,5.27325859887348e-16,-7.974462473228849e-16,0.0,0.0,6.85848625154152,8.379286061802489,3.65386828954636,7.2910557271563805,0.999782154006377,-95.0683108949823,-90.88927167445037,-46.716279783051014,-52.04308065153943,-7.581944596741963
518.9622356671821,429.9095218386846,283.46292872662315,138.1509881258871,47.40921658539208,0.0,1.0577745497274643e-15,0.0,1.6458345939302491e-15,-1.4987438876579865e-16,10.32849264329679,24.236413345836,11.910486013100321,10.43633197799999,7.953302423779197,-1498.5453242363917,-1200.635424440141,-715.1027558344844,-291.341238554976,-78.07029763053337
86.46444535518572,75.80499151584839,49.65033731074527,40.06954209774209,9.331067631985402,1.314839148676707e-15,-1.4997275964056768e-15,5.724373885422327e-16,1.4186191277691474e-15,0.0,9.725353552362634,6.409086172210279,5.315856807146906,2.9444075985239757,0.4117127789339275,-162.04210861001263,-132.41151105444507,-75.7139914347738,-53.54499645921405,-3.7682141931667656
3.4428306437581693,2.0899070209139854,7.328733616717264,2.863764003365426,3.9181127136022553,0.0,4.2498465760055463e-16,0.0,1.2405748778968651e-15,-1.5867968566388763e-15,0.1919007817241198,0.46227294593732504,1.1437681437089453,0.28183282326015824,0.6799558579884089,0.7106310663804142,0.5317968732017305,-3.2513967050460204,0.6637981124749295,-0.34822440105502767
297.85489487661465,252.84457764441922,183.8819451698839,91.9987793003765,34.52728954396911,-1.5267412377924546e-15,8.992626124772688e-16,1.236519851000963e-15,1.2357428933967472e-15,-3.086874520755181e-16,12.788625748511647,5.473342538106212,11.756666671924645,3.3830994798444665,5.284606762165268,-760.8062132626103,-617.2388962562624,-417.98529913289576,-167.44728603207398,-48.98395873966042
602.4642176524495,471.8373449787571,351.3721623829436,193.76537474912223,65.42470144500184,0.0,9.637799036592529e-16,-6.471021321132106e-16,0.0,-4.344186339817879e-16,52.56712491913283,12.684434825809232,23.98700482467749,21.098121113819648,2.7703992884759083,-1844.5894772784277,-1335.9539254465997,-939.8353224224757,-458.29001951494547,-105.47788836750124
52.79021721881756,28.649396755998357,40.29658955536567,14.829341871733012,16.225682634779986,1.0767794082981279e-15,1.4880789466074878e-15,1.0579695357849284e-15,-7.786130737272079e-16,0.0,3.8176808401703237,2.5651255656928207,4.3837814734297105,3.074706697466351,2.5616186547653825,-79.95138172867956,-33.01705501075999,-56.36336265671263,-15.35846786455962,-15.130446176182536
14.994966219462773,13.064537061368126,8.795215180509151,4.79111053749106,4.212496629745487,0.0,1.0877426921787793e-15,-8.078741920205836e-16,-1.3903536759640808e-15,-1.6867496836502638e-15,0.8217868434502412,1.6949476143027327,0.3241720047871657,1.0211509649348043,0.9087045744886205,-10.638960740569226,-9.543357675150995,-3.1766474801682163,-1.699511966889924,-1.2526989393804202
29.01764324158288,18.893651589701527,7.921018082904558,7.406910903842224,12.32548642740437,0.0,0.0,0.0,1.918593986034088e-15,0.0,3.7675940519644437,4.043866442025208,0.8476667614301164,0.5998309959343061,2.3950177425363446,-35.44625586640534,-23.090673867234685,-3.216494059449435,-2.193819887236854,-10.970948715568204
234.31378653424562,174.59158556328578,96.37816723946196,45.515445977617134,42.624596444190686,0.0,0.0,0.0,-6.244409742657643e-16,1.3335825697548678e-15,26.184101755695696,21.091389713636442,9.667310748775211,4.962705499175019,6.249829658678241,-586.587763912436,-406.8779397662,-183.8374174448812,-66.64382640750772,-63.81568546229046
317.8412960526924,173.07467536106262,265.24183106416905,315.3208728612841,162.01906606694808,1.0730528644342878e-15,0.0,0.0,0.0,0.0,31.823312155168825,9.342675905843542,57.3989008041982,29.912699152582405,15.9576545545032,-847.6618391475783,-385.08158874096875,-760.2276576826841,-845.2412251315931,-370.23159499468306
93.67696245554517,52.11545426908696,76.50745351155946,93.24514328390885,52.834059358003216,-6.068025411027106e-16,0.0,0.0,-1.219225299225153e-15,0.0,8.938005097455584,4.737126534771203,16.256383924201675,9.609968158215047,5.7706227972198905,-176.4858765151415,-79.63420638387194,-159.23632686294116,-180.69161103583698,-83.7317302871598
18.54487414647899,7.396812000731265,16.660172061520917,25.870337768033373,13.332974517811305,-1.5325911195682218e-15,2.4015168145744893e-16,0.0,1.0986215056505073e-15,5.329213933551719e-16,1.293378225893448,1.6046242063789882,3.787584183283551,3.239307022018293,1.7862486519384821,-15.804039659664053,-3.9198314121292612,-20.038892830616653,-29.517216606211957,-10.636437907808915
206.84423057031054,153.66686925719293,164.65413834426786,169.9386447498069,109.49185567928299,2.748126873255272e-16,0.0,-1.3809168583897161e-15,1.3379751014137143e-15,-1.038313187919846e-15,23.83708016112767,9.951303997559096,24.376322532120522,15.195830902594581,10.790675406518316,-499.2604757608408,-332.3882319420148,-385.67747051006467,-386.3553110299432,-223.839285314232
52.52815589013424,27.356441031744918,54.65758891623529,42.65176463996524,44.55870759597164,1.0821514271260428e-15,-1.0389403138157823e-15,0.0,0.0,-1.2756972077427797e-15,6.247239231102109,2.1823871028365422,11.710223452010377,4.8714448941750375,6.747362833045502,-82.41243554055674,-30.183301851832834,-104.71098640931827,-63.00236826659849,-70.48504731372924
25.65967636483937,15.680765835389225,24.15000952588592,19.125457902598455,17.164278193982057,0.0,-9.06260246749566e-16,2.0595433492435618e-15,0.0,0.0,2.3265109704947458,1.7235980173627357,4.30362338823766,1.414902749715703,1.8323094633019814,-27.74447732332689,-13.374999323516242,-29.88314254954286,-16.740552661798187,-14.86319107080065
163.69224988914522,116.90801595393,140.1963017708079,150.14497334079965,95.76293857343416,0.0,9.724469001887488e-16,0.0,-1.5143608899056407e-15,0.0,25.07282803321482,6.180167175049727,16.482133122256737,20.224914093087335,5.940073068145686,-391.76142419227125,-231.4527032430619,-311.3195592762462,-345.2053807502646,-178.46316806381998
148.96721609606226,104.14628518768788,103.12031088324844,108.76871737685326,45.89016596192976,7.631668275810733e-16,-5.458036141986946e-16,1.1024679497943997e-15,0.0,0.0,22.347604784635646,3.31581960464514,9.0276533782105,15.167231705795706,5.146870202561438,-337.634464361591,-197.28833921581864,-200.8949739939536,-224.41667630544129,-68.40639245557566
12.401262080031605,6.955063423394451,12.469327417533849,19.46810092575591,19.85871179719662,0.0,0.0,-5.698324472264354e-16,-1.2774227874842339e-15,2.683492551089359e-16,1.1402566822300864,0.8899504059488769,1.2654168063329496,2.6089776404201026,3.2464337312531772,-8.21896662880386,-2.5369852925338505,-8.052527249248463,-19.82979755669473,-22.396684062838606
152.60070554705842,131.1404888965912,121.43371921618215,104.13918441265446,88.93149280851569,0.0,0.0,0.0,-1.0916816601052754e-15,0.0,14.569385780493823,5.833765444528661,3.3165838288406317,12.17989485555437,10.591390044584847,-334.36907271879323,-268.18877545873914,-241.3950615567305,-207.4844092084723,-172.00538697970083
65.3584524792837,54.909026658626026,40.82601718487476,32.31013303425849,20.56746951731285,0.0,5.176145191409808e-16,1.0442498946823679e-15,0.0,-1.3818768228381124e-15,7.6509363800163515,2.3317904113693126,3.5558504254344956,0.6252802889075871,2.037892015704916,-112.62149485405254,-82.51731938844944,-55.934321230648,-37.55304170334679,-20.65912822643705
14.03547141167529,13.74202208486508,10.656424215557184,21.773501055791574,10.422246531556745,-5.062478593836479e-16,-1.0341167134968643e-15,-1.333548142204751e-15,0.0,-1.3635116644164974e-15,1.3654067978894566,2.0069955457656232,0.40015940652268356,2.9992840604427586,1.6786511620014133,-10.16662529530149,-11.203611678681273,-5.128381233815896,-23.459002613583348,-7.286642454354786
6.0504717354082125,6.754174000731694,5.243251755979871,6.435653636974583,6.47129502897752,-1.1743592348376806e-15,1.0520053757619002e-15,0.0,0.0,0.0,0.4136383477104253,1.0364506612809585,0.567292625839358,0.7114020655738627,0.996407266296187,-0.9440466265383567,-2.7078313343213933,-0.9166560674103215,-1.881806925930912,-2.0022068283315484
7.508823946930743,4.833084510202797,8.680166228480473,6.004368612465751,10.046060746099299,-9.462769946158305e-16,-1.1026230778607145e-15,0.0,1.479220342762045e-16,0.0,0.7252758295181162,0.5209523337802239,1.1052582439246936,1.456117062834901,0.8728829989675062,-2.6116083143960025,-0.3472130563285078,-4.049539837653796,-2.8945588681180103,-5.170759830212142
77.0690960666851,55.16995001786465,53.47365761895122,53.92822347755504,31.460812319809055,3.6878218223568796e-16,1.0303329773255454e-15,-1.0630172199154475e-15,1.054056951912504e-15,0.0,12.594670890518659,2.7923274885209293,3.485790684282708,5.105975865054682,5.101975759349375,-147.427966049848,-83.35856118135429,-80.9314853764195,-85.28089998750674,-45.46526764774564
60.23046908944217,50.28602573113854,60.64322330974836,40.26527466815928,48.69000001996014,1.887530338719282e-15,0.0,9.373416477298374e-16,1.411723112018364e-15,0.0,11.296622919675634,2.4989200162649823,7.551557772491911,1.0921827608675907,4.8096332699107425,-110.33078779974805,-73.09163032108033,-102.80028155480883,-52.41592515719141,-75.06202931093313
13.734387341207695,16.989102061982607,10.374189240143965,12.843858691762899,12.229605768321994,0.0,-8.364688529950249e-16,1.369827982336362e-15,-2.7660796993032543e-16,-1.1620043184067293e-15,0.1252740255337187,2.2911987227676356,1.164667758486779,3.2410448711247692,0.6493069929205835,-8.631781790256715,-15.901996406510454,-5.747488283872294,-12.32103678582992,-7.06308713023873
10.35810931841335,19.430691917076967,7.179055590542292,9.344828919834287,14.070928590830716,0.0,0.0,1.2371800280669424e-16,0.0,1.0099443418725379e-15,1.3577406168662234,2.326611385891094,2.387803964020152,0.8767120474688531,2.3217288622381607,-6.218567693275273,-19.278788768545756,-6.202630303900336,-4.326291035487271,-11.662381705573825
74.43359486602625,61.34821652349276,49.21179414138873,38.172396890847416,19.691853730871248,0.0,0.0,-1.1550771487317274e-15,1.4891236466850564e-15,7.21661602275839e-16,6.663273270585213,9.503708867492696,4.765995614976897,4.256934508271508,0.6487498170654352,-128.84418107123656,-106.1591539730192,-73.65590714285084,-53.58944869983612,-16.941410751063707
265.58426890429735,245.78366449278556,239.2142504549549,220.0399154800255,183.13376433284458,-1.7122525846978204e-15,9.250967752981245e-16,0.0,-1.0333292255053255e-15,0.0,20.40551443536404,7.333725447733582,12.059479271414506,15.216639213010401,5.413471589553355,-667.9090539809936,-596.4956771995363,-579.8125561564349,-525.8146911311716,-410.9461557680207
85.35350393245648,67.4906466163737,77.47878436899947,84.46772370332629,64.95431595213354,6.659763951318321e-16,-8.422414321189421e-16,0.0,0.0,0.0,5.7134359723432535,7.535476602607343,5.152898800688057,8.712666303058336,8.894349995265305,-153.6563422830245,-114.74519796234404,-135.3091400030957,-158.95729645252166,-112.90632870057956
26.061177577612078,13.214573170811859,20.14122533828278,17.448803633837844,23.526434098309885,0.0,0.0,0.0,2.5450983297723417e-16,0.0,4.16350155381572,2.157147092516241,3.6378678547063674,3.4089157628373035,2.5410780633442656,-31.975003980544248,-11.199596952159428,-23.1241707135747,-19.55752709532987,-24.765477363280514
8.320988378410139,11.492748391886979,4.941669717467965,12.933975469359599,3.3083452763215133,0.0,1.2365062064034922e-15,-1.4378596231319386e-15,0.0,-2.6846605946996985e-16,0.3500970733971069,0.7069716466403585,0.41004001062504103,1.643696897805175,0.4674154826255759,-2.747281770963422,-6.302255599456689,-0.31749256269656095,-8.979968925549946,0.32917151456203375
22.983539131261768,19.524125683539076,17.803596527092882,13.461565252257566,15.633283761129084,0.0,0.0,0.0,5.278306960930409e-16,2.272531947276516e-16,2.407002703772922,1.9243073109745399,2.74257049130876,1.1680551440079439,1.8502316978468596,-23.74159727383494,-18.63063811342554,-17.31994523842736,-8.982632031280946,-13.038690016773435
33.38770676099933,27.172070101280376,17.391328801524267,13.192510605234894,2.9161850682602157,0.0,-1.0459898463556792e-15,-8.171229971775642e-16,-1.0771910776075498e-15,-1.2182744221099917e-15,1.5602367905663352,3.190700550036754,1.7256600575234462,1.7377721991021147,0.39149690797664305,-39.9542551050058,-31.115812912321537,-15.174943959144759,-9.882462321903049,0.5747481986552763
10.028786193272138,9.258598936393966,6.85543039046382,7.439744117719288,10.977878598259675,0.0,-7.67440884567403e-16,1.5547004971748247e-15,-4.775317030513158e-16,-6.472495841525727e-16,0.7909634127116615,0.9482058248785983,1.2048349386486,0.9270735448594751,2.1056484332100927,-4.968706856563896,-4.291810276139667,-3.1865425983992366,-2.86842568192291,-8.621214024272426
105.7834421766347,100.80843396552741,103.55507758560967,94.58451414678227,90.30490875977283,0.0,0.0,0.0,6.009801855364482e-16,6.294610076183306e-16,7.815949720841455,4.342804969927009,6.638427164587679,6.023281501365424,2.592687364451386,-204.99350783061547,-189.6000417809036,-198.52981887803605,-175.4159602321118,-162.99248101707425
11.780124853657934,8.36246946974148,12.68844745787548,11.170341346050458,12.87864804173856,-6.031708021663831e-16,-1.6993610280578186e-15,0.0,-6.36097603240504e-16,0.0,1.4015840539663424,0.7838558485683574,2.3418665251731197,0.738045351727187,1.2265216780348056,-7.584514379550881,-3.25301608303834,-11.795370235146882,-5.965991080631133,-9.005579317674894
29.72422420485491,29.650594953670954,29.88352665127045,30.51303646366792,28.949907430283247,9.561800245660185e-16,9.585544396263522e-16,-9.510828411276453e-16,-9.314611957497554e-16,-4.908773801582745e-16,1.3309236416872665,0.9556120875994215,0.9261085460445849,2.1370396066102852,1.083401129584512,-33.432967154057046,-33.045790237061155,-33.422868454092395,-35.46847607788692,-31.88844682017921
11.954611844639247,9.279238738482626,6.09735002687483,11.323808443635894,14.901301582484322,0.0,-9.57167333152766e-17,-1.6023293026706766e-15,-6.274768239826885e-16,0.0,1.3544434117096165,3.4163373790199882,1.2827092125017832,0.8170390363520983,3.2466500182698224,-7.700790765742794,-10.996558159159019,-3.0628534958017735,-6.208212980617848,-16.090253349770617
8.721449318115095,9.510345612881503,5.857742632007625,8.642534026532083,5.600482978620656,-8.147071774919914e-16,7.471260926602809e-16,0.0,-4.110731491358754e-16,0.0,0.23427390410073515,0.9545723263674364,0.6974398689145893,1.9272590914056427,0.5872961672698563,-3.0638025759716374,-5.114311891004556,-1.2697084294548227,-5.667622257884106,-1.1025109081036688
3.3506308225471564,6.20306683445524,1.197437120714356,4.439001812793273,3.6361278233870085,0.0,0.0,-7.417328261631509e-16,1.6006813372148325e-15,0.0,0.4708462679507669,1.029606148961445,0.2156322269456226,0.22479656818234953,0.33737386987952817,0.1727064406205541,-2.3523397917159334,0.8155168744461053,0.24018556793702975,0.43829822140940145
468.6018828968281,418.84975459856776,466.8093924396185,445.0743944706154,411.0116316034996,-9.704343227886382e-16,0.0,9.7416067082516e-16,0.0,-1.1064099308146979e-15,42.4210406204158,17.65305516298897,34.190123633136466,51.0035779626996,24.48657118650047,-1351.302633913382,-1157.6982322129484,-1334.9698638348798,-1298.7410405802948,-1138.6792628396308
175.60055443689922,147.3300366697916,180.72302936253266,180.082892592097,157.18349477942274,1.29483461013181e-15,1.543294772625632e-15,1.2581333781602211e-15,1.2626056377173631e-15,0.0,20.083009655965316,4.146562864653557,20.238283518649695,22.160570196121157,2.8549053322070863,-408.59453310573826,-310.5991125643552,-421.3700984853977,-427.3854097531474,-337.16297643835264
74.19390170942178,53.55457441305795,65.75948331166754,65.47198002927243,41.24580333649195,0.0,-1.0614110836244114e-15,-1.7288280259562938e-15,8.682098637523014e-16,-6.890812429699505e-16,6.778099963083944,5.003389580225409,8.497875223820271,6.9281783709189675,3.3026014690576537,-128.91102073749332,-82.11963405154185,-114.66023391488727,-113.17653731184362,-56.07982857155725
118.16530768651153,101.49491602086583,106.8454659725798,103.80334748661983,85.6410844443762,2.405249898371679e-16,0.0,0.0,0.0,-6.637400638910377e-16,13.951414322651322,5.748497785127714,14.927524266921292,13.164257641370703,5.618688480586675,-247.37848033081968,-192.20001213387044,-219.28165013128302,-212.26292435277458,-154.22934842083887
78.92091953571531,77.1401268106479,75.12854528977549,75.25464681584407,80.16508046059697,0.0,0.0,0.0,0.0,0.0,7.494898750441026,9.661871552828094,6.981328228631345,13.359728262698301,16.040626794993905,-144.01665228653596,-140.08377840116466,-131.81888497786383,-146.26813025935886,-165.064098543225
31.172117471098755,30.411728406765704,31.378897622497455,38.08197311834618,35.91169725037783,-1.1397088061452359e-15,9.345640948207674e-16,0.0,0.0,0.0,6.410385017553512,3.623985028150266,2.308110967728798,3.5504156000247296,3.7949583337564823,-46.381414833440154,-38.11722242867011,-37.233055557556014,-51.448134766575905,-48.486386814358156
94.36290032249912,65.16979929875619,78.03552111992207,83.8486827693213,59.817879377836455,0.0,0.0,0.0,0.0,1.9005494494968497e-15,5.076486840866165,12.860374387627136,12.054554962469933,12.616453820852385,6.76345630287213,-174.34916369883075,-119.13446679443351,-149.57774484647516,-163.67049242936704,-101.49969405392484
28.08184945448929,33.9058657616403,16.632209284926226,39.74085194801244,12.672514530007394,0.0,6.286900981280758e-16,4.2720887140595637e-16,-1.430352296804521e-15,1.121391865959353e-15,3.5529787615553263,7.007447860472078,1.5083283798073333,4.327560579356673,1.0830752337330078,-34.8690077595355,-49.08886633267683,-13.44872222877783,-55.43189854903483,-8.07603621303044
28.162464359355805,28.17828257226755,39.74575060474294,43.785063917087854,56.29741281795034,5.046026702020854e-16,0.0,0.0,0.0,1.0096985991989242e-15,1.6066352653671796,1.2601801660115215,2.2471164685889136,3.8871891956546185,1.023037061844424,-30.950437569362194,-30.67293350785451,-52.35696891651453,-62.442352043264904,-84.84452593496995
30.404497253423983,20.615435158551154,12.133831178536415,20.261986661134642,24.961967723834384,-1.1100588070011233e-15,0.0,0.0,0.0,0.0,6.59080740627074,2.0534663796018893,2.442882683022974,3.806415314543817,4.453662993227139,-46.41604240951061,-19.759321336671366,-10.955906694955138,-23.573485743333986,-31.359469087281138
10.543224856822253,10.407419577809335,8.768980831139402,11.054686397716793,7.1824902696826864,-6.739330189854825e-16,0.0,0.0,0.0,1.7312237690439774e-15,0.25158560036002536,2.249885852579812,1.1904323781538257,0.9438889259227011,1.3521982842204716,-4.934572796899242,-8.358828640794236,-4.618320029128775,-6.326026818742761,-3.7041081756668097
36.81299536379413,30.348829524927474,40.5577313150206,31.893055502031586,38.808203481825785,1.1580846308294563e-15,-9.36501007627309e-16,0.0,0.0,-1.281636021273176e-15,6.533634793418023,2.786302778261045,5.074487848777445,2.777769287920824,4.771102404014647,-55.54635654619054,-36.18322017147733,-57.59977847294054,-39.16945926133453,-54.41328898078563
38.48448859406934,29.339082069375536,33.39913029006842,41.657291290612164,39.70702812662597,1.1077856482722213e-15,0.0,0.0,6.822745442598926e-16,1.4315707204158916e-15,5.539561907527446,1.7358995550742182,5.920069790024001,4.646077318848847,5.625863495787281,-55.535350261634015,-33.06853845528567,-47.78576542025893,-61.13595005566742,-58.40960912032523
25.730789674849408,17.21892644669172,29.113229068407577,24.533302506392964,15.93278241508333,0.0,-4.1265216966915905e-16,0.0,0.0,0.0,0.8381085523843216,3.0562731562673506,2.7099366519853385,5.2194831491726035,1.372006880280501,-26.40335318312264,-16.542578919266802,-34.1960903165424,-33.89094697129307,-12.455320062828298
22.088670317224523,17.30838493464256,19.504952038118617,16.17674314124953,21.12502505263448,-1.2867098391269412e-15,0.0,7.285767577089995e-16,-1.7569487987931695e-15,0.0,1.5535044635670265,3.2949361140049556,3.6012541023453863,2.037428697515174,2.3181831347257518,-21.486953975070655,-18.71902180418753,-20.895742156504056,-14.601523230085526,-21.06482633249561
34.88101229440624,25.358692197640796,29.851105801866822,29.263509841638797,23.972245778364343,-4.074094695204977e-16,5.603938327909547e-16,0.0,0.0,0.0,4.890007830418714,2.18953050194664,3.438198826529038,4.370084218153063,2.4649274056177433,-48.54551519570632,-27.02686366419424,-37.125660227735885,-37.61522977205267,-25.60239512694491
14.297034334829968,2.3900131840373073,14.539439412316533,7.013348574998879,7.428029867166025,-9.939722030730515e-16,3.7162071976514297e-16,9.774004562489403e-16,0.0,1.195711966138051e-16,0.8952647772997724,0.3437102254400355,0.8538386519114285,1.1309301341285947,1.7673114106910872,-9.7519118301965,0.6506386161280987,-10.086102230842938,-3.340978110935399,-5.633158742061172
26.454725230326446,19.340339326388406,23.265264580648683,15.440286806574129,29.186611914376698,8.729116901101263e-16,1.4695558826946107e-15,1.221637060342924e-15,0.0,1.9475853870112334e-15,4.374368415524885,2.781520477506141,1.3760807362521248,1.8492757113858116,3.232083302385036,-34.362302947601194,-19.79063371398721,-22.989486868902834,-12.58036019578367,-36.43374415835489
17.08485572396883,15.561600429999757,22.970835990715717,23.33382425411788,27.402619569127708,-8.317807855564851e-16,7.990500676158247e-16,6.18647694012778e-16,1.218047634235877e-15,1.037189505138568e-15,1.6520832867093354,2.3802159873146236,0.9037163778288244,3.6411962182836266,2.7798958741187683,-14.864523678880008,-14.352097679483606,-22.05312243316044,-27.029456533591244,-32.803421550356035
61.511754907792906,42.72888462160472,42.827584094546836,53.09837893595676,27.724609824357444,6.930799521085507e-16,-1.3303277013710453e-15,0.0,0.0,-1.0251437120472702e-15,10.540803688638777,2.654680094970935,7.457537181479271,4.336790264461698,2.627571713004516,-112.82945453457071,-58.25343181286757,-67.50715012447318,-81.21327966417701,-31.818129757796406
13.183316160587188,8.03425600435746,5.804088107121514,11.981801021003715,9.221501706142368,1.8863991008538352e-15,-8.843914550080682e-16,0.0,5.930183071097086e-16,-1.5410564534989206e-15,2.7024122754217776,0.6144563329376653,0.578795111990234,0.6299656819533725,0.67852254805055,-12.739265782053428,-2.7448271460908673,-1.1149240608966422,-6.769980497821081,-3.8890887288042446
42.611935240630935,18.223119900347147,13.160847743297108,25.35758697517499,23.749125235171412,0.0,0.0,9.448097963244587e-16,0.0,5.983738169082687e-16,4.987117607473122,1.2328277591571413,2.0081670248119647,2.708451957251705,1.083284024478855,-62.604908146843286,-15.237730880881477,-10.540699381636914,-29.265371528694672,-23.373486190645394
19.156805830513512,14.016858515375134,4.342342473029693,9.032204194036023,12.120714025904167,0.0,1.013840205322332e-15,0.0,0.0,-9.159716352125859e-16,0.6122790594657155,1.0245621089770283,1.3762123461568307,1.7633051271969828,2.232504557110182,-16.142678280926987,-9.722036074814694,-2.1484914240379465,-6.114029492853239,-10.379302976480911
56.716147739189935,50.684825670900295,51.90142312042319,41.4665854291956,39.82968275702718,5.011220007589667e-16,0.0,0.0,0.0,0.0,3.3713587030044745,2.7920048189228073,3.319731238110118,1.735740142045112,1.3741645820647248,-87.04811089339704,-74.19947614259114,-77.38771315406842,-55.12144653195334,-51.73431679978978
39.33173657118903,26.225257451699836,25.07567143870051,11.831124730503582,11.26825946866933,0.0,1.083753304719676e-15,5.312988857774049e-16,1.0509987984272134e-15,0.0,6.988068537688385,2.340977492885051,5.664498574993511,1.9780959089714498,1.0429867699091868,-60.38736187384477,-28.38282238367978,-34.80269640364223,-9.551741097634135,-6.444875881881055
35.90578662362507,22.086849658889165,40.07979256865419,19.06877086152428,30.634121949049167,-1.3233951939850108e-15,0.0,-1.41825631366327e-15,1.4904846063125903e-15,4.638897350750765e-16,5.830945361821806,3.119304180609515,5.310710626263358,2.128607341413202,2.4679222378112855,-54.676084087045304,-24.27361751603193,-57.614951338323806,-17.789116734448363,-35.94681264230503
29.706541993962865,14.161120347479791,13.545451595815159,15.370022447213277,22.68591630092323,4.783745855741141e-16,-2.007024072460632e-15,1.0491237309203053e-15,3.467184603342567e-16,0.0,1.7959096652112554,2.5694104894208674,1.0618162735516743,2.112760799690258,1.5612185530267708,-33.73853798784169,-13.50719143469888,-9.224987761562089,-13.393936022240872,-22.37311849947485
0.7262786479071531,0.510690841407627,1.430334774167167,1.6523023516155901,1.2232537419093572,3.057292205476173e-16,0.0,0.0,1.075079774390784e-15,-7.260786452316767e-16,0.13259860844784585,0.04291892651697719,0.13369034968014548,0.21333309526929178,0.18795308178653378,0.7252727942836869,0.6980977295891754,0.9845353670393692,0.9129402570402022,0.8197321514332373
3.9885721948474906,2.6317046543607185,2.9014898469990826,5.201853900751628,2.202129560639334,0.0,0.0,-9.183334768020017e-16,0.0,-8.066541002630787e-16,0.2978429884048602,0.35655822519231817,0.3047930506327311,0.45257202517969447,0.49346845799602523,0.33141568160105483,0.5825532736852109,0.6947038506293165,-0.49001304414168534,0.3626811702914769
11.445336113882005,9.355874682781947,7.690255386247028,7.010775713378139,8.710262133831547,-1.2416284304631046e-15,7.594615787957755e-16,4.61976033351772e-16,0.0,0.0,0.8665446175334153,1.0767771280176706,1.4306306088545468,0.5635752542434486,1.4088314348608726,-6.415144165731988,-4.563519148651036,-4.332105457374609,-1.8195961454703378,-5.200029644055781
16.875972521740106,10.175341505452124,7.99583454415646,6.232269927001782,2.833166546729392,8.420761942397795e-16,0.0,-8.886411191179302e-16,2.2802052673669346e-15,-1.2539727616443003e-15,3.017598536173839,1.751469040027404,0.8016899542535005,0.7404619176177588,0.26610606191217273,-16.40640681400879,-7.684189089281794,-3.3603933094872254,-1.8355292727332941,0.7992997960450915
13.004355906667863,7.613427512147434,9.270089051461639,12.249426008937375,7.779229851600046,1.365970642567111e-16,-4.666378806565175e-16,0.0,-1.1601241319253277e-15,1.826768842969602e-15,1.8968817038063062,0.5978110756966418,1.0491085072669346,1.8501106568457995,0.9502386804592761,-10.229347619559269,-2.354221947851884,-4.533178795983507,-9.261435497583072,-3.4304413744651723
231.33798745162366,223.81650129612922,168.08816300957096,432.82652344938555,470.9504800952217,4.914317746686099e-16,2.031786522678204e-15,6.763524312841868e-16,-1.0506457581720773e-15,1.9311896690051937e-15,33.60802623634518,37.132404568728326,24.742368058749932,41.17149803600266,41.34395584599339,-581.7775463180064,-577.0352862603597,-402.2785984729647,-1225.294942499095,-1370.836959092141
61.884987001471146,73.67234330879423,66.62703591310863,129.9794563932253,130.95204216945817,0.0,0.0,0.0,-4.373261778295202e-16,0.0,7.894001820527697,10.919367313182441,8.704962303676561,15.41878843026499,10.083968232907408,-103.48438896847429,-138.3323774030545,-116.53442450510322,-274.74752520564834,-272.2657308537233
7.252780125986854,10.897306863918676,7.49680867050588,23.620252763577376,28.200806455254575,-2.334401544156824e-16,0.0,0.0,5.264337346540106e-16,-1.3857706703817995e-15,1.7848919608304554,2.5080718252142105,1.2490319044454654,4.895525734577355,4.667502945301145,-4.972478260166521,-10.555777652958147,-3.5176021832788464,-30.804996484028347,-37.19074052196962
46.16794950811166,36.65770043543131,24.658433721442826,35.327008684728405,66.87234981670814,0.0,0.0,0.0,0.0,-8.500287340972968e-16,5.094924085089527,2.040501411207335,2.723632257877876,3.325175634786038,10.505631470818454,-67.60719847687118,-46.30334802573996,-26.97174214534042,-45.569802944681186,-120.57093746893212
179.9928139297314,170.11140007306824,135.94994345985322,131.01734778902346,103.2164581287452,0.0,2.673232662191574e-15,-4.1812020964609076e-16,0.0,-1.1014409889923833e-15,24.13422508181344,33.86625636791075,19.17490495772681,4.082242764973015,9.207153389715048,-427.5597518071832,-431.035975373861,-300.6961182709819,-266.83341878192647,-203.69627572213
28.163396377488247,16.05600867544503,30.93736122769178,48.20138471004943,43.78676963766558,1.009171942526159e-15,0.0,-4.593428188853412e-16,0.0,-6.490935427662954e-16,3.405393868129378,1.1507435757310085,3.1536120146987865,7.3331057314359045,5.740064838398251,-33.933606041915496,-12.250063756078546,-37.7721348761568,-75.0088861598962,-63.77689459718067
175.51156271686696,127.31307668280141,95.31249424875762,113.99605754326697,126.8616439361428,4.858091795852827e-16,-2.2324265637862374e-16,5.963900043624025e-16,0.0,-1.7922964608410963e-15,25.91383312810308,29.505922956971506,10.741910386164474,19.063540479236465,12.788655564571345,-423.6273664551848,-316.5971505845375,-187.10467119225274,-249.18112202674172,-272.2809861152176
41.251550796564,40.09798490209503,29.30074298406275,25.5000200423309,40.50834260988362,1.3779704705196859e-15,-1.7720160688747626e-16,3.6374985583808146e-16,0.0,-2.1925814843963002e-16,4.312530474514039,12.38055404718776,6.142239769620402,4.057332835144844,8.031169988407541,-59.938003278298105,-73.82688401171134,-41.15139372280619,-29.888116643974612,-66.4373737430935
87.63616422614706,70.50481190931887,66.18047030697852,82.92926967433804,60.02350793197208,-1.2972593988509655e-15,0.0,-8.589153053331212e-16,5.997640121338019e-16,8.286418641106047e-16,9.194275632187498,7.534022256221032,6.591416499103453,22.80055447805849,11.69656409667058,-165.6646307854497,-125.83816925869394,-111.26126490357937,-184.6270732108538,-110.17819182192976
44.916783327788806,44.36619632847824,22.913750049816898,32.63167732403359,9.86005547978471,6.327636870830921e-16,-6.406163201365176e-16,0.0,0.0,-1.4412550461138268e-15,4.409789934587151,9.042855332813295,3.764565971539246,5.8704956055789435,0.6899316415708876,-64.55793770171941,-73.91887405208716,-28.251120489757266,-46.89788493410806,-4.525231764317416
8.127432610962558,18.182490420790653,4.185076446917029,21.122595894501824,17.747460430834813,0.0,0.0,1.697801091025535e-15,3.363898733417767e-16,-1.5013614311098594e-15,1.5572830646574685,3.707660794033631,0.5033494807760448,5.843935805701787,3.2013112451963384,-4.912615475434039,-19.704024574852365,0.0011692210856355004,-29.374610290765897,-18.723153048414535
13.997547823386181,6.552784106922289,1.5805222243348447,13.157470709651625,11.749191389288159,-1.0152388757307508e-15,0.0,-1.1239050056052339e-15,-1.0800597644331195e-15,1.6630868104861649e-15,1.504165448245135,0.6308470211781981,0.2743451689101015,1.158785895307623,2.401138826235748,-10.345500745724157,-1.8293320226374337,0.7730690344429322,-8.895356676038014,-10.27087245893829
29.387848464632626,29.389251529345916,37.30167887402727,40.47080237439993,59.39530901787364,-4.83562270041794e-16,0.0,-1.5238836582336094e-15,7.022768950185763e-16,9.570354932188719e-16,4.74385807336727,2.421260227689511,3.9742860950131935,1.2518009423582308,3.9819830611906135,-37.01243128819133,-33.99162873072013,-51.03770581306574,-52.88670836682607,-93.21716673619159
9.657072669863737,8.418105466914685,4.649387141123228,16.45270010654535,30.125857659548252,7.357744526221175e-16,0.0,0.0,-6.478049783549748e-16,1.4151485619893652e-15,0.8324990568207785,1.2746476385628118,0.7575633753042031,2.746839268401288,3.8251151178812006,-4.429139203229866,-4.21876340675095,-0.8530124968806574,-16.153826760298436,-37.36032815637437
17.119066303328474,19.881565108788465,7.63121190530623,8.630656871954018,3.646478057805284,0.0,0.0,2.327751950073738e-16,1.6465554043031494e-15,1.9485726350092355e-15,1.8799208668547474,5.539609058803633,1.801559842286099,0.8961713061788594,0.3828748915841356,-15.168381671516956,-27.067659907949324,-4.489790358513676,-3.792882870596466,0.1983420557759406
15.257532588394788,15.787066465628351,18.678215463578933,28.232525612140222,16.84524929248045,9.31399270024243e-16,-1.800316068364179e-15,-1.5216501536682736e-15,0.0,-4.2180600798664304e-16,0.8547807111987903,3.17382342473276,2.1643758837190146,9.319700962007682,1.7149720201004623,-10.965815731011219,-16.49750705415638,-17.366576635677013,-48.10345780657325,-14.237921425884084
16.18050294731313,12.535125312805672,13.813507742739908,13.576162439334428,10.657745153192723,-1.7565405428342142e-15,0.0,5.14382551480124e-16,0.0,-6.666914300791327e-16,1.5007605568248081,0.15433265453056225,1.617423176395477,2.2108545697718407,0.5963528189822729,-13.4616568899273,-7.1730750247038895,-9.931381657143588,-10.820338735031218,-5.250473056427331
46.404633254201606,9.590161565915896,24.52733655292821,42.97764081207389,34.44968764948048,0.0,-1.481815985844115e-15,-5.79388417675764e-16,0.0,-1.6500416328641297e-15,8.413404500250486,0.4893080819496131,1.8960776015182244,5.74138836592484,1.0056121157393993,-79.36170459148849,-4.081212889978955,-25.23700774363829,-62.29445526932149,-41.543146570326826
19.309603778976314,21.06020469543043,7.909834772909358,22.04811473865918,13.1707191789026,7.359475045611414e-16,5.060796507222017e-16,8.98302880097648e-16,-6.445383146652753e-16,0.0,0.2774764330911401,2.534553504744452,0.49612244045883613,3.0708438085672993,2.3265686339168767,-16.242224823159628,-21.55414157625566,-2.50108917244094,-23.399583515476586,-11.22664566469799
26.61317586868325,20.42151909984194,12.685097961293348,20.336316617467837,23.8582409267593,2.135912644972893e-15,0.0,0.0,0.0,0.0,4.399253887867048,0.7340631873452137,2.759681428188367,2.2957337003677094,3.446828503973157,-34.17616792791697,-18.044657041849625,-11.88510410166591,-19.923269765447596,-28.192487184271343
3.834685538634106,3.336037379870164,1.6483904696924,8.466970726499257,9.598343771899085,1.158085077318347e-15,0.0,-1.07763110261838e-15,0.0,0.0,0.7929058745531301,0.5320584898828115,0.13760559563981328,1.7335601714188589,0.548804685383761,-0.7221919173554612,-0.0971464965674112,1.0538194923283442,-5.736029694799595,-4.177362302368682
9.518988620135165,4.1135463362651326,11.136369784134704,4.994605178543508,11.594014714071609,1.2129775459210157e-15,0.0,0.0,-7.113102140811296e-16,-6.128530567567051e-16,1.8395568107771636,0.6811847481372869,1.2473814069809634,0.4157323998275281,0.8342403593276733,-6.868045844174901,-0.38309637171462246,-6.680520606176584,-0.2803296376473656,-6.545385266834556
5.103621238311752,6.550286294197764,2.441825717195858,5.45763474109401,3.137274590962013,1.3922325003787772e-15,-5.423753282276365e-16,0.0,0.0,-4.246576418233323e-16,0.7371106339256328,0.7124578137027081,0.22509688853387294,0.4843766297124033,0.8500740964706631,-1.0329047451142026,-1.7923682032929642,0.9489338835988078,-0.752055701371633,-0.44249287692564077
12.393184567369465,10.712782351008808,13.978342267869165,9.544050398212843,14.95152496332775,0.0,0.0,5.083168820335475e-16,0.0,-9.50461892687039e-16,1.2410428340458284,1.790056924264576,1.3395731100310515,1.308276968068862,0.7575916267612333,-8.004972566950922,-7.4692642015191275,-9.769618644400463,-5.522392663608297,-10.483517357941816
55.351295674009535,57.70862921501438,40.276432986348,30.800075503838166,20.37038049606879,0.0,9.850072620685078e-16,0.0,9.227805115887531e-16,0.0,3.2160154852010967,10.53289166910171,1.6967386764296237,1.3232124522749207,3.306186021831543,-84.35778382865287,-102.07435079747997,-52.74457698674746,-35.29168150226856,-22.844405091302637
49.0900253344846,21.91483122723887,27.07871813092808,21.86698037010609,46.55228454613178,1.1579423411068569e-15,0.0,0.0,0.0,6.105330749608868e-16,7.702567682058428,1.2081463648073882,4.608347623106894,4.0001713273396815,9.009637960275763,-79.17478351859323,-20.668783017410398,-34.60321473194239,-24.537978232489426,-78.95802208101284
24.19328379525482,13.145772283768927,16.946049223810043,21.968700472776284,9.597335590305475,5.873884188466084e-16,0.0,0.0,9.703023671890943e-16,0.0,2.8728653560217636,1.1785300892730555,1.954810979661919,2.1872266448418296,1.100577626789148,-26.382751253734956,-8.695764462735902,-14.916417028481078,-22.03188680248021,-5.034468977767251
5.694011663453347,7.599357097641798,2.1099062671815285,14.169318362403462,13.736838809490159,-1.0139002287447836e-15,9.350037465413921e-16,-8.419126797386869e-16,0.0,0.0,0.8900282165655741,0.5787983777421634,0.3042770304337396,2.877088794392988,0.8860250635430778,-1.8084035411536126,-2.3497478901326088,0.7197086978129504,-14.013668783006873,-9.060443206411465
15.298679124995633,12.713977683015102,8.250928580744091,5.309372657961458,4.066666620080763,1.1611177833633775e-15,1.1177347537888645e-15,0.0,1.3382800220184847e-15,-5.460113298410026e-16,2.4639732873058633,0.7698913599820839,1.523299800247558,0.8527622062621883,0.7178299795753154,-14.187682899523235,-7.745201915509976,-4.962109182325337,-1.369409485227288,-0.5859343664789742
18.959158031369387,15.552263732002388,10.703903817322217,19.669189799796076,9.61300583397073,1.124326409302226e-15,0.0,0.0,0.0,1.8478682631429465e-16,2.9211534596851165,2.0568203041087276,1.616713591740356,3.6441965471776863,2.8500902719298824,-19.312968051180704,-13.51069490967851,-7.078354230753233,-20.854668592945526,-8.75904232670111
33.96889053093652,11.301748079099918,19.158308427446023,7.366521067472965,15.407556441263978,0.0,0.0,-1.4835187322533819e-15,9.645567144272718e-16,4.611651032847425e-16,8.510959731471605,1.9066788390920721,1.6223680644087777,0.7250224778411724,1.8625582123818853,-55.39263021190978,-8.472478618549898,-17.057828713615145,-2.3899534122028596,-12.844927720340847
6.962937742720193,7.20923225144168,5.405273274485163,4.293002458007672,7.790458967920881,0.0,0.0,-7.394266091072422e-16,0.0,0.0,1.4865746166536575,2.3109653423594816,0.7955980230387736,0.6104166270112623,1.1206917559652534,-4.19398058415253,-5.915585115538002,-1.4582762509669907,-0.35107374933084357,-3.3928818666947165
0.0,0.0,0.0,0.0,0.0,0.0,0.0,0.0,0.0,0.0,0.0,0.0,0.0,0.0,0.0,0.0,0.0,0.0,0.0,0.0
77.24292785559342,65.6978408384649,84.45117991728776,59.29147684124525,101.14547771469726,7.359045085276605e-16,-4.32612534410166e-16,1.3461841247565983e-15,9.58711468985804e-16,0.0,8.504899473665741,9.90764024360432,3.3425190035796737,4.578309889790119,15.401573888438914,-141.96106197574173,-118.4466114820415,-149.37535265944132,-93.99466763314301,-209.46207135134904
41.59894989493928,16.572180932175385,50.15263848156053,6.920583803010793,48.49154711939247,6.832314157493108e-16,-8.575126456416611e-16,1.1334083426479638e-15,0.0,0.0,2.1924575433528033,2.595970249425961,2.607218698143202,1.351216215516531,5.4496890221901895,-55.82163344061831,-14.871129618391038,-72.95308391014558,-3.623487916093327,-74.02632525229042
83.68485646296817,59.3878664606087,33.175767969339226,58.1580769933708,77.03355145694644,0.0,0.0,1.7134017489313959e-15,-1.9547901787498017e-15,0.0,9.609027688696155,7.835724754296216,4.064125607524777,7.596336906048666,24.152838240555724,-155.06761008950738,-102.11724245678053,-43.93069928909578,-97.06684233902133,-174.4158993721569
30.872532379057077,17.596398005573413,31.845887019706787,17.563308313145434,29.02514799002021,-9.206147743709023e-16,1.2114003142035872e-15,0.0,0.0,9.792098024849458e-16,4.749257951006996,1.9519158742418523,2.166166424416942,1.8173862518593047,1.4457135595102346,-42.608987343608646,-15.527223661973686,-37.863950028357586,-15.060704639381994,-32.301537673850476
117.05472975463857,64.40451643226515,43.299395347007746,30.70504579932672,97.31181663673192,0.0,-1.1032498574962282e-15,6.563996841671398e-16,4.628182223885043e-16,-1.4603421461395147e-16,15.635415616359516,10.402069704170428,5.098998206008268,4.651980385641707,22.049648894433478,-247.01248326991558,-116.15275925490353,-62.87437448440638,-39.134314143598026,-212.7897999538999
131.54812863425374,76.89484739743577,39.8824176355029,27.170642191004976,66.23172574428058,8.642223869083089e-16,-7.392357327534482e-16,7.126375760406086e-16,5.2302240835171e-16,-1.6092198892042132e-16,16.711576761450612,7.9358384999336415,2.3440662431036765,2.106505538838982,10.2025636189098,-289.5379732838166,-138.8528343267243,-52.484760190366714,-29.81069986783064,-123.23933925865842
27.27904532800507,10.204225589687882,17.938393839468354,26.99687203228317,23.310344838577524,-1.0418879799003034e-15,-1.74080514369987e-16,-7.922032954776053e-16,-7.895834023776069e-16,0.0,2.0910403311456824,1.991830252538331,1.7154115176356728,4.162343428394262,3.316480752578908,-30.01370799271205,-7.669823164960979,-15.521188572718723,-33.96770667023988,-26.68218283241653
85.52276873755703,50.7592859695644,34.225360023503754,17.215761417749864,27.608068625745283,0.0,1.1198624601396422e-15,-1.6608567103975428e-15,0.0,0.0,3.4948815130487936,4.871417736958332,2.7826849922720656,4.606362326488097,6.207809243322975,-151.91203399372318,-77.14110045878063,-43.053995358254475,-21.652231337993463,-41.351286941132436
11.101372083838825,10.168745421801958,7.0618959375376695,15.802080262592646,2.086514990685565,0.0,8.73439527550622e-17,-1.509246402194616e-15,-8.993027803334566e-16,0.0,2.3424531456590674,1.741084122545713,1.0893449918028053,1.3594204680787685,0.2513027524006586,-9.805894103810301,-6.9227940861672925,-3.017304896035741,-12.072545193721506,0.9013199680040095
9.297660943897622,6.521089083978663,12.785301165346565,13.185264379714543,10.34233875987845,-3.821083281308801e-16,1.0896074668045819e-15,8.336245582770828e-16,0.0,3.435116332277492e-16,1.4269054950323183,0.9314965130181213,1.265091528122672,2.0115114378835197,2.894176798382407,-5.284642858363294,-2.1643905303885833,-8.54698339907865,-11.029417831962693,-9.807367325016736
72.8469946547047,40.76605781398072,11.126551312304604,22.76378665072203,47.46830488007972,-1.5606249545433203e-15,-9.586369779763957e-16,-1.277202101201523e-15,-1.5606865998666417e-16,0.0,8.792445559053839,5.948448507398308,1.8412765936414626,8.11945547187084,7.676310687346167,-129.76238175727656,-62.010226839128904,-8.172475521168309,-38.42932739217148,-75.25014571751166
27.499292364379187,21.87672304475118,8.190380884036735,4.7754982486480415,11.854686520621438,0.0,1.6239697652765657e-16,-7.590915521423987e-16,7.439461798161658e-16,1.198754154357601e-15,4.503505281463457,4.872261376773525,1.276200410164087,0.5979650317805782,0.8906491042216635,-34.96294606046429,-26.853632766254506,-4.1825128228613995,-0.5599127454894577,-6.886322957481138
260.985961791803,139.15695549837423,266.25283360738507,133.2689334845802,320.94773785869825,8.712103665737219e-16,8.169684175286821e-16,-1.2809648203322936e-15,-1.7061266230478252e-15,0.0,28.14821460522417,7.520495914505424,28.802269949705348,20.74843296743978,47.96777583547084,-674.5244069038292,-290.7325482591993,-681.2290142405919,-301.22571494232324,-879.0185312771467
40.90474108512301,21.704374971904183,22.293710459500076,6.802096426437991,38.77393654008651,1.3896535548902883e-15,1.6368652326544336e-16,0.0,0.0,-5.497580069221274e-16,3.66335779035249,3.1473501962426336,0.9807588043719339,0.08054999127132062,6.053465800252791,-57.105138626724454,-23.948659895520596,-21.05537273126901,-1.308166137524898,-59.65436399042036
22.639334402428112,10.322371706292891,15.029298859920829,13.468909185640248,19.72585438047946,-6.277063831734321e-16,0.0,4.727717123617324e-16,5.27542895988666e-16,-7.204177036440533e-16,0.7098054729384294,1.089342138797747,3.7415303857814113,1.7938502052269774,1.2451189045649855,-21.433316456161926,-5.678580749919661,-15.83640257728564,-9.846607114853088,-17.58290903691934
10.90060263561513,6.964017562255686,11.753233606609621,1.6664431456203481,11.119806014967999,0.0,-2.0406115562119613e-15,-6.0455084918972e-16,-2.13191412388568e-15,-1.2779768546387633e-15,0.8676048102569073,0.9909078374278942,0.8160556790181659,0.19561620532699914,1.4279434145358891,-5.90400293610795,-2.545172671396279,-6.682642931440156,0.9604985983343792,-6.937411363044797
91.18925518323374,92.64871381147259,77.19824958763013,50.13606815824194,78.89383750757787,9.35034814352657e-16,-1.2270741065326943e-15,-1.472660822348913e-15,0.0,0.0,8.787198218853199,6.00825184871077,16.536730469304263,5.531595396530778,18.44852519121502,-171.74168481209375,-171.21150712803697,-161.87825496539247,-78.81997571244224,-166.5737638682357
106.64301694213074,75.99030680327445,115.48127848162596,64.85838074791386,93.4205436274602,0.0,1.402565864616596e-15,1.1075188473702915e-15,0.0,-1.2169361610115777e-15,16.854891698155576,12.739957054105357,16.68603688230229,7.42167009235937,8.518649018280692,-225.63612283118047,-148.67041762951916,-249.26542354237216,-109.91295090361072,-175.8132514294691
28.033681135812365,11.102118672038813,29.972074688888988,13.149619510901637,22.688763220930625,-1.0138415034654847e-15,1.2800128637602013e-15,9.482730083059709e-16,0.0,0.0,1.343253339181405,1.6397892477535023,3.2244721945485626,2.4972601690806777,5.94174777964183,-30.580078172331106,-7.443930967624171,-36.46420830783213,-11.717532416790998,-31.677695879374024
186.03835641504952,102.15424642818203,175.80405379807195,35.57862990470627,202.75047737158638,6.110935395923513e-16,0.0,3.2333394840882456e-16,0.0,1.1214458204530788e-15,12.451589813063057,4.577650236257095,19.758633939336775,6.550434076359751,26.268381728246233,-424.5662784934299,-193.05104372479803,-408.91444040399347,-54.33537813883607,-500.4900536852262
26.348149240491985,10.63432390631526,5.261975104870793,12.960382685439901,25.050379765481082,1.6180477708881368e-15,2.672639058278599e-15,1.3503346587527186e-15,1.0964841903292657e-15,-1.2764047255389166e-15,4.169340894635505,2.2795221568979125,1.140082543504326,1.9944761898728955,4.821944813163573,-32.333928766849475,-9.24093525825688,-2.2601893498323666,-10.619278759495012,-32.57447319753704
295.5355607081583,121.87028023493936,321.82492326320573,164.5951977965773,347.7834031837133,0.0,1.632489608043011e-15,1.4130271399600313e-15,6.907056781943373e-16,-6.537795460099172e-16,40.04125574657399,28.25980341957494,26.66749710658709,16.156731997315838,64.89445175000762,-798.0525984167734,-299.68349771881554,-855.31155579285,-376.24816017028456,-991.9481215548625
40.21463310409371,42.87719063247006,40.268923282283446,45.36638210202841,62.420996852723114,5.300628260769357e-16,-6.62863144976686e-16,0.0,6.264927488924276e-16,4.553229019629812e-16,7.152658729825099,3.7653984512435583,2.152366585975175,6.445191454381461,9.314451740794611,-62.18128059121556,-60.62631691717105,-53.07218659932782,-70.21882513777608,-106.90381098355984
10.79064633666775,4.092744933959084,3.0766149873224378,10.050529980503608,18.423587744556652,-1.3169604740831905e-15,0.0,0.0,0.0,0.0,0.2499239321242912,0.5318118116846916,0.31476225079526055,1.6361565065355381,4.784060632432075,-5.201827621352234,-0.03701917579683086,0.5507555537262728,-7.315672887424769,-22.6542954309126
12.197619602396362,14.025592713003359,8.346020129040348,9.656791165297221,5.312935513735917,1.1650514754870794e-15,0.0,0.0,7.357959011410709e-16,0.0,1.4885646403147164,2.0606583579340594,1.992649422624177,0.5764716504506203,1.2190955098168028,-8.251266644679287,-11.530204488983221,-6.977441857441062,-4.254059278716475,-2.060779085631293
140.39507947977418,127.25375354024627,61.51568424376583,106.05760965713057,38.17864010196327,0.0,2.233467276186485e-16,-1.848095150354072e-15,-1.071934754037449e-15,0.0,24.241709780697906,35.84479305275439,6.346065093402528,10.857291893528757,3.1713669247801914,-324.55903507761116,-314.72996406391513,-100.91719819428936,-209.11122988092447,-50.545337787712036
867.3188776938375,514.3779890148841,147.82340423968338,164.03910432350455,379.71804661326803,-1.3107847718465935e-15,-8.840723370713779e-16,1.5381439536770815e-15,6.930471742726181e-16,0.0,139.84234322053587,50.50381593560132,15.172212800154295,23.566364040690488,11.951673047874092,-2954.2539526601017,-1543.5997134331271,-328.645379391793,-387.35452145411733,-1024.7436176153353
9.95705907802001,5.443677833278271,9.963273194475434,2.6341389158283905,6.483406635822531,-7.136070301406645e-16,-1.3052622831873203e-15,0.0,-3.3717979502262076e-16,2.7398510369308175e-16,0.7131884225507925,0.5421864461827334,0.9776511855151621,0.38084372593336313,0.6764796818341448,-4.643541793278387,-1.023263082695326,-5.287730999955857,0.7059635219436451,-1.6087999171624803
32.68181285833231,32.26030147228519,13.630007078622976,29.249902214104587,26.175837408973408,1.0870613861601402e-15,0.0,1.042615358394789e-15,0.0,-1.187593130405357e-16,6.590426371022769,3.9054293302137584,1.3252724034036694,3.8499114824951275,9.197874547881732,-49.032033423387965,-41.00658927626371,-9.716010482376475,-36.85315019804005,-46.370853476200296
280.26711511980204,144.85136384145983,38.110959910220835,79.7619866349292,194.331552471094,2.0281872468880238e-16,-1.5697033801634972e-15,-7.457620982876817e-16,1.0689945409894404e-15,5.850148175938978e-16,47.4714052672388,17.54563998162401,2.5639298630095375,9.051040317467809,6.584992686488601,-764.4016105657571,-325.7479242857513,-49.75415529908043,-145.2070829497932,-443.7581110659121
67.54050557561294,29.22210695040981,13.536387300374745,27.39535594809566,61.845100853871564,-1.6832393650702148e-15,0.0,0.0,0.0,-9.191256554843109e-16,4.292773499944273,1.124258517828411,1.1364429031181358,2.256778907179058,9.920982555025441,-111.76696998616984,-32.365321173112896,-9.178792621171844,-30.982827785113034,-106.6979915365875
19.815426935604155,12.48198329823619,13.920439753790067,4.373656817425294,11.075932939036269,0.0,5.692546759460141e-16,-6.380390529389018e-17,0.0,1.2830390715997336e-15,2.9704664640169076,1.5277985120656594,2.2014547807049976,0.5386765899825877,0.424466853347563,-21.249613490210063,-8.27973155877123,-12.708616460537998,-0.2256641718572278,-5.615050136415697
68.02794739228972,78.53298148268195,15.003217166327943,75.83095050683369,36.610748364455375,1.0444865132600385e-16,0.0,0.0,1.4992141989750066e-15,1.9408036369175985e-16,16.67420131347889,10.662454497258244,3.124976361321571,9.708541595812084,6.158265254617821,-137.2436904311468,-149.10229472366217,-15.93271685410295,-137.6562587761203,-53.60460157818874
31.122064891033556,28.059788873290252,31.262934099623497,27.303150267570363,32.795122897781376,4.56616704738516e-16,0.0,-9.091184256677398e-16,0.0,0.0,3.2983889352805713,4.643687616958993,2.7332380745002207,4.285889474292984,3.235898703299423,-37.75207934330169,-36.283794843087655,-37.814808802787226,-34.75979126620796,-42.2630613449361
127.62567410603016,143.50781738223782,61.90573472333644,119.15914716531492,81.84136545528017,0.0,-1.5843992305841762e-15,0.0,-9.540756242900354e-16,-1.389112181708856e-15,27.1287283733825,11.502096629034575,2.323283022903008,14.806419997748353,12.857080908153412,-304.2147524342987,-309.12975790545255,-97.41669026902817,-251.3661030188919,-158.9242503222183
52.10499661407355,48.26039053660335,8.476563409119768,28.585584154657457,22.78253053268842,2.7273497051458697e-16,0.0,1.6764877497303713e-15,0.0,6.237610301810961e-16,6.906315209079376,6.194006531754171,0.2058316856338252,1.4803608247720699,3.795508346444635,-83.06663234377042,-76.55517209951158,-2.8211159648155086,-31.670088148991653,-26.134848830603854
146.13081525761123,125.18043493028854,89.17536000949549,79.19717547052002,59.16022907091693,7.779799046573419e-16,0.0,-1.2748682787432596e-15,0.0,-9.608383833786092e-16,20.102460112315963,15.807641989446147,8.48807481997439,8.989717599437979,7.290845905299213,-323.68549911332576,-268.47463777959473,-166.64567301936873,-143.87684590135913,-100.96664407574626
43.99263489826773,50.812547247119326,15.715950283822279,49.696796555787444,30.728011080783517,0.0,0.0,0.0,-1.1438044864118774e-15,-9.249446492219664e-16,11.138889320727495,4.575704123285022,0.3952882567408248,7.4426721367544735,4.116557127951682,-77.16088456330853,-77.88301486533373,-11.259268954479333,-80.29231045316764,-38.89714346538195
61.12670899812002,65.470635423546,48.69893422461719,51.75164239209529,37.63849314003528,0.0,8.682276946462128e-16,-1.1672415375380804e-15,0.0,-7.551234669427408e-16,12.311551300179268,5.532874510717217,5.901672284252857,8.181648382530131,5.899438312012182,-111.82301035095902,-109.05527368467271,-74.47056820611108,-86.40170321452473,-55.24245363203668
34.83058104770258,36.40039009499935,12.332753154460216,27.475430317243383,12.912960255922112,-1.3259979143372025e-15,-7.808078253070302e-16,-1.1522856686759e-15,-1.0344409205691948e-15,0.0,8.040689527252033,1.688111482262657,1.4700775735266896,4.164386037342826,1.6463448148011415,-58.480178698715,-45.57242057176344,-8.63251254764528,-33.973234370813934,-9.357874491837931
34.791451874098044,34.794069243185945,28.08327305837907,32.582157467788264,18.271632592402796,0.0,-8.168549999644006e-16,-1.0120511726436373e-15,1.3084635106731006e-15,-1.555510121313491e-15,4.138084251619464,5.025716392990963,3.5535331290507304,4.142071958730764,3.3943760599656994,-47.493769514233385,-48.2157824924375,-33.36358248737219,-42.85995934162856,-20.25326261694674
26.069648989180948,14.298885148871397,9.354092836884675,5.858018738340089,16.958451701979115,0.0,0.0,-1.1394093710909901e-15,0.0,-1.6759613395064295e-15,4.203654806683113,3.2338434847933883,2.095185920033171,1.4930287886483435,2.4064178182371236,-33.5600570068973,-14.06360965915395,-7.768806479990664,-2.778585040340982,-15.51762425712173
76.67277963506059,55.13835362743154,69.69195961463956,32.82219216448086,53.3220796365864,-7.413767849733062e-16,-1.0309233976207842e-15,-1.6312762383242682e-15,0.0,-1.3325488064283383e-15,12.81800711534743,2.51392760879136,6.337859875558646,4.476235817618562,8.888792892912429,-143.55409654270665,-83.19654227085778,-120.7759885231124,-43.76850829289008,-90.20190900442672
21.013665282595483,8.70734654420795,4.692929598293469,8.541393487122937,9.228297470866696,6.762673014960464e-16,8.160267104939645e-16,-1.4608416839565019e-15,8.318815153889342e-16,3.8498040294174e-16,1.3004331893891543,0.6181210068092907,0.8272022351786167,1.114498202517054,2.264572663175657,-19.330095114325353,-3.4173906917759145,-1.3560431606801542,-3.882583012738622,-6.922012674288746
149.79631428924066,102.26861380376545,81.19109113222314,145.27452163058013,99.50616693792132,0.0,1.111649346687734e-15,0.0,0.0,-2.285020943325886e-15,55.04758844210365,14.656065796939544,18.74244215285287,31.671102983704607,12.481623025849935,-435.51842782671883,-208.50898193800495,-179.2622877746042,-363.4576120139303,-200.7778326056104
27.577253453193716,22.801227403895762,15.495976141976017,21.84565204422042,16.40659355165315,-5.153107338742701e-16,0.0,9.170674105974625e-16,4.8788385967272e-16,8.661672924645653e-16,6.764543362155275,3.44221314580896,0.607352095708148,4.327162776787466,1.6649356143439051,-39.9299642243343,-26.960456609905112,-11.073186251823236,-27.246536297141922,-14.113524244127108
16.812117753547852,10.972659622063233,14.223967302023208,13.55352212282643,6.207541239960616,0.0,0.0,0.0,-1.0484990238270622e-15,0.0,1.9355703404709108,3.7128166869956796,1.94885453468217,1.2469188743656094,0.9965608137107167,-14.37896850316788,-12.739926736094477,-10.925672861145998,-9.766520864333698,-2.5093926383112684
19.91363662451057,8.236748630594285,12.062784413719218,4.43446281250655,9.273470066391084,-3.5681214293402006e-16,0.0,1.1780741682691227e-15,1.6023197528145934e-15,-7.662102003598951e-16,3.574656755051574,1.0049466835870633,1.5015187061193898,0.4836658699670641,1.1021302972798503,-21.322285299135242,-3.4968765419222327,-8.034800147047816,-0.0738222912095504,-5.067929676899855
74.57541648078886,99.02256060604387,27.141561253818395,69.74685111886144,30.969440472604195,-7.622273068424803e-16,0.0,5.235828028574722e-16,8.149962033975754e-16,4.588670153008749e-16,8.872879657967344,10.84615369763927,5.655397188072346,5.5029508579410304,6.458172440848983,-134.40442723006296,-198.13683906891742,-35.654450157250984,-117.61063876603521,-43.71470930239842
77.04626516681681,94.95721800894334,91.72617162430598,65.38233407422567,181.68359889707614,9.222286560181311e-17,5.98621358678119e-16,0.0,0.0,-6.257407845934387e-16,11.565115752864134,9.457483876029064,11.525531471490822,1.5612821235083383,18.891101955215355,-148.55477280081485,-181.94702464393146,-180.38490656297307,-104.71356308579524,-429.552693620004
31.35449591380501,25.023920857828312,17.17853420198308,19.65781814999294,20.80982393475678,0.0,1.1357816223876344e-15,1.6544897891883594e-15,1.4458221768835629e-15,6.828916361693427e-16,5.050026514033804,2.0939744271169243,0.64759915423265,0.4097406955447402,2.815568905637843,-43.259283915648425,-26.462023216329783,-13.369013092064035,-16.785469386920063,-22.379349252884758
133.44924657401614,105.27916457955035,138.77369765464314,60.30015982004813,130.57893655279915,-8.519106749588195e-16,0.0,0.0,4.124200636585254e-16,-8.706368785263246e-16,18.240288776971333,5.9174996156903665,14.499935444277824,9.933851471036858,7.205704251848587,-294.05299893005287,-202.0295456890732,-299.9489875850012,-111.38954889132292,-268.3299237006154
53.17523308774223,42.95922835206693,28.961174563249113,23.936185471007494,16.893880905615852,0.0,0.0,0.0,1.18739510373654e-15,-1.6823671002058551e-15,10.539387721524708,2.235866695840025,1.4691715652797925,2.6084215774516584,2.2809424450101217,-94.377793612241,-58.35901126449724,-32.17399213630825,-25.665973719171753,-15.38608501645638
206.827514582865,200.07712883304237,138.35839274070386,185.72945059533976,170.05097514102007,1.0993395917453491e-15,0.0,0.0,9.181648684998743e-16,1.0028184574713936e-15,25.0861793519662,34.934839004699626,19.307875050385416,24.17788946297006,30.270392731922076,-498.93743861815847,-510.7342693018152,-311.44338621127906,-445.4978736513106,-420.5769199578663
74.87254318581351,76.07642728886421,70.59158202511792,62.13385563201035,64.97342561567936,-7.592024584998795e-16,0.0,-1.3085208320723808e-15,0.0,-1.7497436320208607e-15,3.2410293092478097,7.1611995559344495,11.948511622420583,4.969917202895756,6.999496088262544,-127.00392356013894,-133.1034893447287,-134.94061650719638,-100.59727784296598,-111.26009271813133
19.93106316915182,20.728899453263907,17.968276764793274,24.878642202054955,14.502992805913205,0.0,-6.855576074958677e-16,-1.5817715745615075e-15,0.0,-9.798567030528975e-16,3.501298332851043,1.7058799196671421,2.257527507535758,5.457847591910821,0.8745945444104615,-23.294253640555617,-19.648136699678673,-16.813036650865275,-32.58169839350522,-10.095389920555741
18.251953990920835,9.780333787384377,16.160057112707186,7.272379004530722,5.879436283918242,0.0,0.0,0.0,9.770430492104842e-16,-3.021304685721384e-16,2.562321481806853,1.6140299022986646,1.834083083345344,0.3894234863861915,0.884174191580118,-16.929638497550712,-7.039244862473805,-13.516520097659125,-1.8598053572381459,-1.4636413784937483
301.24208365773933,285.82806559924984,196.84535807956377,230.45410514154145,151.771809960618,-3.3021940958101707e-16,7.954910759604176e-16,1.1550878195020933e-15,-9.866332183737086e-16,0.0,64.15369720177102,8.885457004233752,15.9805194968639,23.965815442648406,4.436878390648875,-882.8482307531532,-720.5928138516301,-459.50848305550016,-579.1465903768295,-322.8395519843581
251.99849379069562,232.66906367486462,193.63377360593657,160.66101263090093,126.9536217979293,0.0,0.0,-1.1742459551811424e-15,0.0,-1.3432484569353617e-15,29.780206830958615,10.590774068546702,7.954037304336499,12.684779017541901,14.640308983840539,-636.720090493683,-559.4725646970181,-442.7302942716708,-353.6913268554617,-267.9537040447506
31.274618432406037,18.559363569250014,12.285935653901515,13.850518261430762,20.907598177982738,1.817557550179675e-15,-7.656973075707825e-16,-2.1687686914217456e-16,5.13008049481248e-16,5.947358357449307e-16,5.248233820667497,3.3757101269457293,3.8401279913800406,2.3661374768750494,4.44375673431882,-42.647647261896324,-18.887336453082888,-14.379380938136968,-12.31711291203121,-26.69206691944562
29.491689510310614,22.755327291259427,21.95205178888328,16.219645819196277,24.084065102193442,0.0,6.245067158695868e-16,1.1328779647011124e-15,-8.761507417371082e-16,1.1801043266493877e-15,4.339985919304573,1.5959217525551448,3.272394711317896,1.3678510306503489,1.1379925668999626,-38.84145574519394,-22.302675854979178,-24.610895085747533,-12.733897118184169,-24.003483091921062
151.46667364259923,118.30914882854275,137.07428253292034,100.98231140877355,96.92843580130034,0.0,9.60930231070925e-16,4.1469061745522004e-16,-1.1258094228148028e-15,0.0,20.612712492826915,6.458703613485103,13.588209703900743,13.220328992654302,5.614425860722407,-346.4811118225177,-235.68359698442944,-292.44344956769083,-201.47126543793416,-181.07824529879622
26.28072195305038,10.049214514806929,22.815850095362805,16.5002458641439,22.860262011613273,-1.0814660830542794e-15,0.0,0.0,0.0,-6.216400629171585e-16,3.478563414612833,2.3014301636864105,3.256609645704978,2.152799189895454,4.200815795712625,-30.995028979416105,-7.491452039782509,-25.16108222915425,-14.505826730810805,-28.091807109962758
9.404392442296201,16.125103715312815,5.676873865134212,25.715377884540192,5.454445223811552,-1.5110869524424317e-15,-8.81287647266852e-16,-1.2516443955608333e-15,0.0,-6.513428099508668e-16,1.1918202662251725,1.26319628995667,0.5237036990394249,1.9062033435564623,0.2967694867004825,-5.0849824414894425,-12.482080604162395,-0.8223227782559558,-27.337386150007195,-0.4237647631798499
94.4895991633792,77.00568192394927,78.31414398509101,80.33441162263853,58.24413018404027,4.511879034632298e-16,0.0,0.0,-7.075849279611744e-16,0.0,15.023754898122318,0.1409392872490194,9.868809919164066,8.829782789427389,6.031500271300701,-192.8194465280548,-130.83496025993452,-143.47107281081142,-150.27251512421543,-97.15427314108298
14.753272563343288,12.575156115157197,10.307024385082329,18.815267433977482,20.793689129799414,0.0,0.0,7.755493223505435e-16,-1.1093221468253473e-15,6.834215240255969e-16,1.9076629305010737,2.541053816802552,1.506289835881828,4.416797976829238,2.6893063171046454,-12.480264812787814,-11.868132194827346,-6.8706495626948,-24.719827664100965,-21.26795968638373
167.66065364936304,117.64997444340155,134.0102687197726,150.6151153526407,100.03202297537283,-6.780770278957334e-16,9.66314172692897e-16,0.0,1.5096338432625022e-15,-1.1365044346809314e-15,15.805630954867787,8.829145010939413,19.195312680413426,15.328240728827431,10.068233830179983,-378.7531992672002,-235.39166440895465,-295.21749681145286,-338.37391938697846,-199.9944920019829
100.33119000013039,66.67879697134455,79.61644760963993,83.65078484888252,45.1592837269868,-5.665578058102784e-16,-8.52496167338422e-16,-1.4279315535280284e-15,1.359064806468875e-15,1.2587316310076654e-15,11.5338855860417,6.542895111081557,12.857291728396428,6.311953816289725,4.371867648499036,-197.34785107989296,-111.64604582835369,-153.09414952764521,-150.84360283248944,-67.17537835577386
64.81718311190383,47.32610868612625,18.81429536588718,76.07933315110984,45.64372588334037,0.0,0.0,0.0,0.0,-3.113430036698398e-16,12.0112871700774,9.670858006990942,1.7626177412304647,17.212732452623623,7.524583375845407,-121.1768492969875,-79.0153026418947,-16.921729227832454,-152.14509424423386,-71.33782667950994
49.28387208727676,43.832143965599144,46.787903247323555,35.26459511473365,36.91386648230141,0.0,6.484216116079164e-16,0.0,-1.6119118531169145e-15,1.5398933863528482e-15,3.7908532360895935,5.728709708672169,3.549327690147684,3.502878374434798,5.1344561028241085,-73.03139849124817,-63.84154140317169,-67.279601073304,-47.3424571593531,-52.98042058080208
25.28695441059084,14.671948493622534,7.5026987326154035,26.078335526374406,20.199120943603123,5.61983641226882e-16,-4.842865527158525e-16,0.0,0.0,0.0,1.752793463269989,3.227731535378205,0.6495534766134635,4.282277285330493,2.372990258569985,-26.414596099330065,-14.010469522100783,-2.317038678077819,-34.09379427982455,-19.38524206324937
142.0283696557926,91.74335326116268,101.32201498380013,100.23107611857256,74.87201667129789,5.503104846097436e-16,1.2391833705705913e-15,0.0,0.0,0.0,24.29128099197414,8.467797588149395,18.045325200969582,15.764686271596137,8.82768688817621,-333.9147753108043,-171.035548618994,-215.44628521049114,-207.09398010241893,-137.2865314576218
48.527275143253924,36.71321368512663,37.737027183836744,39.88144140802072,21.34722661543104,-1.1713705064420904e-15,-1.935386920508017e-16,0.0,0.0,0.0,1.7182952014251098,5.21572506850902,2.6032780289790725,7.68369472596297,3.531324137915058,-68.99025910668654,-52.007279137368435,-49.02599811710704,-63.68191237560024,-24.31737408081612
25.477186320831475,14.878544582134985,17.64116559171155,22.889921376928555,17.661315023852744,1.1155748940441252e-15,-2.387809949547301e-16,0.0,0.0,0.0,1.8042353219666047,3.611972033588676,2.932493101842576,3.002396526315103,3.014724057176089,-27.005944794565842,-15.174706861225802,-17.9459691289473,-25.120664707030667,-16.987780234266147
14.464893484596548,12.997365961978607,7.337532239663081,14.56379855417656,7.189501298124223,9.824375637701677e-16,0.0,0.0,4.878828371025037e-16,-4.941530060961839e-16,1.6219893913635357,1.4084730721788783,1.394238214924738,3.4787225187053017,1.9308059855194386,-10.930780348278576,-9.32232640655918,-4.0740635285783195,-15.326525794341332,-4.628100269789261
71.25331299474327,32.717907872693175,53.08131391462587,85.89312716947433,32.615377488122704,0.0,-8.6868969559405e-16,1.0708743749680533e-15,0.0,1.633913487630612e-16,6.876035875873268,2.1446040866518765,5.261735530438485,18.739708243321143,11.52512458126333,-124.80036152212278,-39.36769077472271,-83.44151105022839,-177.5256755253843,-61.7889153347487
87.01545322637068,89.52852620412772,93.44966650000465,99.11342313206347,95.57955439873189,0.0,6.349196314390714e-16,6.082784560906398e-16,-1.1470377485614057e-15,-5.94723622833318e-16,7.701168534591405,9.514336722937653,7.633833912545606,6.955612581997396,5.275748434646829,-159.7144527656049,-168.4110597197207,-175.58876033419872,-188.84708161723495,-177.62303066329724
42.889909197254696,14.061234081408594,32.792555424811134,54.5276329491358,20.887259722431814,-6.626665796770497e-16,5.053203236973074e-16,1.7334244960305774e-15,0.0,0.0,4.515492071128764,1.74101852348838,4.388319321529835,3.919392895031826,3.6323474077849323,-61.26143466992751,-10.424704053326769,-44.47310202271252,-83.4596504923346,-24.154595026635786
17.078892221878327,13.706627374867344,14.619763346435557,8.23243365807167,8.962686038650249,0.0,0.0,1.4428576556282602e-16,8.631016844738651e-16,0.0,2.1611179105676053,2.659263126970644,3.564919626129692,0.8750368043480017,1.3716192240527476,-15.83621150708636,-11.843882110781873,-16.28208341394141,-3.6056873906988103,-4.899708699528347
17.950645715704326,20.140608618297207,18.06269719372329,21.989261912572815,22.950998326797112,3.9583129599537126e-16,0.0,0.0,-6.462633794487051e-16,1.5479560532460263e-16,2.6479653023435765,2.402315026721309,2.115547034579669,2.0008661840065014,4.532386458484374,-17.2675909880927,-19.931555236904526,-16.378376593301468,-21.898516350975385,-27.68519713793135
305.9751250062882,148.370346469409,175.83784888177388,267.712501166714,113.72705756599174,-7.431116350996155e-16,0.0,2.5861744429790965e-15,8.493203509448312e-16,9.99646347621784e-16,27.808781222288385,34.944711049206816,36.71276061172502,14.86676153037911,6.245083494029555,-798.7865402396973,-362.2728180590915,-452.9538995011108,-668.8468804932492,-223.51849254680567
229.72339455078367,187.08131640499408,107.24610503320079,90.7120326054114,102.31159917520661,0.0,-2.2788253239203714e-16,3.9338001993354837e-16,-1.2532718588298294e-15,-5.5559114820857e-16,50.36962619765729,56.09828370259674,25.61562694211003,6.711122864726961,3.276103184419852,-647.2734836777603,-522.5978547043493,-251.8622277444781,-167.10723848488612,-192.65911865760825
4.830620644601021,4.287814164793966,5.381061844199446,7.098310660181076,1.7540392440262096,1.103185472483091e-15,4.142802768798648e-16,1.3204507889572663e-15,-1.0010025903007949e-15,1.0127235439287056e-15,0.3765880742286448,0.22577366724824152,0.4597112706443609,0.5616634814248304,0.3510422138904004,-0.13136934191285177,0.3135114073119034,-0.5607336778695137,-1.8867147257976038,0.528232468307315
199.61071633501606,90.30291310752528,98.12260626073534,153.94624329125264,119.15174787767458,-1.1390855141345223e-15,0.0,-5.793101205420634e-16,-1.4769680024803284e-15,0.0,19.97654240792431,24.294904906818246,4.605350794082084,20.931275967332816,16.68060189362917,-472.93596473216076,-200.12784277551145,-183.2491374345585,-350.4551465059854,-257.93020242069156
31.104378427534634,23.53241334022894,15.99143288067102,25.90942845325478,22.92995630149978,0.0,3.019421448566089e-16,8.886542451351425e-16,-5.484819837242228e-16,0.0,2.9283964708603505,6.458594709690172,1.9308647929732294,3.8070279127737305,3.2106311947429416,-38.3005999622935,-32.85112486278163,-13.188584955617054,-31.27909293352704,-26.144908162324022
738.0289429767677,612.5674594544455,584.504391081342,562.0255401693423,400.1401262391115,9.242469862745866e-16,-7.42362892229802e-16,7.780050207068156e-16,1.6182444333381914e-15,1.1364702539597866e-15,68.29273583444727,34.4562354387237,38.758168497745565,71.93497257592296,38.76990001568608,-2345.277448691183,-1845.6701059756454,-1750.5407774492007,-1734.313937258109,-1126.968000192636
84.12760993132503,73.78666948188658,72.86575421109367,61.98211172370338,43.84210910791521,0.0,-1.540750362089785e-15,7.801115829547499e-16,1.8341878738884523e-15,-1.2965484557526808e-15,8.384371822497457,3.823088932265702,6.721624616001704,6.009072158081157,1.0103271036383605,-154.72898967368823,-125.05213222493366,-128.53348207271605,-104.32905424034608,-59.32336066857811
48.83359332265696,42.21737645897895,43.266133022061624,38.825005320376555,29.575282879262097,-5.820114289483874e-16,-6.7322301417806775e-16,-1.3138086279128127e-15,0.0,-9.60995353668554e-16,4.24964710549944,1.2661362128415141,2.910836328708927,3.8196844420693967,2.4806843390268356,-71.68643132512359,-56.24107767846577,-59.57351544024297,-54.328697650875085,-34.96598387031484
31.56109195597812,22.104035292386076,18.318734756894912,27.242109748989545,12.422461227114686,9.00529977544726e-16,-9.643615652453098e-16,-7.757552529578081e-16,0.0,1.1439645055348423e-15,3.566594830380146,3.1870281865148162,1.5300175852481062,1.8628729080147561,0.6413758179331176,-39.70359494530762,-24.921176519766522,-16.097786775294548,-29.67760992820789,-7.290544100247476
415.87385879104863,288.1218987819906,300.1660335271864,364.52472738851804,198.92792473151218,0.0,-7.8915790991394205e-16,-1.5149860413679254e-15,-1.247507553587126e-15,1.1429952619779872e-15,34.81056264065265,63.47687789882047,25.82058478703664,42.27978854817651,21.533764394845658,-1164.99589392895,-816.444324904221,-784.948213604068,-1014.7479082625599,-478.4876347498965
68.67706375883908,31.3607913499178,44.17138812784248,58.33033430146054,48.584986708519295,1.65538291096471e-15,-4.531408202248459e-16,1.2868832352809397e-15,0.0,1.1699790966669261e-15,11.05525594189436,3.9940454373034084,4.822587203500501,3.6441758935091175,5.308072327006977,-126.05591405940928,-40.620850833978174,-64.70629349453867,-90.7785062444081,-73.81086631964573
33.55270610762919,27.1048263679161,22.95225122184337,21.15070825036603,15.288041806379423,0.0,5.242924091195562e-16,0.0,1.3437710498376405e-15,9.295405451646574e-16,2.667188616372973,3.3615127355679433,1.6191103027037068,2.0565571696241483,1.155985743655272,-41.28008464088209,-31.306168927789184,-22.842431771491963,-21.52356359871188,-11.373507922365668
10.543121457922814,5.977787240884955,10.329402460232481,13.31128472072165,7.950434096505738,6.739396284068703e-16,2.9715959565286864e-16,0.0,0.0,8.93715647642923e-16,1.5808877187013415,0.951027053704017,1.7923714174731809,2.764213577278362,0.7368405414775253,-7.138413999755492,-2.023278073180324,-7.24905961236496,-13.076517693749533,-2.949706708758174
22.982431883680214,19.727740096358417,15.094042615936559,16.85429039998994,17.759956668502248,-1.2366711048792976e-15,-3.601744205314529e-16,-9.414876502467226e-16,1.6863189583122985e-15,0.0,2.244383079538225,5.533887162094289,1.6744232124242722,3.132737130063095,1.6918146299438588,-23.44049171381911,-26.168328201590626,-12.047378625643429,-17.507546054334526,-15.42952410723906
55.852087121955364,49.82781417568908,46.71655448700126,44.495974145929246,39.014190722333986,7.633119251661272e-16,1.1407969585096077e-15,-1.216772501418625e-15,-1.2774957724126687e-15,7.284967060494163e-16,8.423165389703623,3.3133348412889565,3.642285274461993,1.7322128518164603,1.7265430067468344,-93.56449986909786,-73.0277133878555,-67.23033437749149,-60.98854404797976,-50.417414837482035
51.748488069524484,38.39426505023958,39.613997881065075,20.568128533862428,29.978638097137264,1.0984556453985372e-15,9.253240488264879e-17,3.5873316189564877e-16,0.0,0.0,5.652794150900335,7.791150560533564,6.653068494544441,4.037666326480362,7.333232499893631,-82.4350889901289,-61.60515869054598,-61.46701927590743,-23.582522001340436,-50.31002661905766
85.53512403956118,25.53172595848315,43.04558458693085,91.33745250135256,64.6992980880516,1.3291246022982827e-15,-1.113191856932047e-15,3.301350150444138e-16,1.2446902624083206e-15,-6.589339514562557e-16,8.768925400341205,1.723818146034648,8.631639284623432,12.509790594252276,14.427370108635682,-163.03795710252896,-26.768692550177906,-69.8232011983494,-178.81316016507859,-131.57523712640267
102.69320497130906,39.52652399530975,82.76887034540384,87.07654651590914,70.26938146429866,0.0,-3.595270537041981e-16,3.433864605351868e-16,9.791974039259105e-16,1.6178716156677174e-15,17.820631025158104,6.333095818325241,24.009541952116713,10.804886150082845,12.159140490203646,-218.12636510883513,-57.4720940554941,-185.8095081383756,-165.8502874855377,-134.11062183924125
103.61868367277714,53.966828536549194,20.31843560674477,24.819793479914672,60.15162460410406,0.0,0.0,-6.994069322189679e-16,5.72561360218492e-16,-9.450022212189705e-16,5.583792176030946,3.859412495075603,0.6388028293830387,4.874456644286381,5.542203190632621,-197.44624344053935,-81.6416129170423,-17.860085978418432,-32.481499790511556,-98.39041218861948
51.22546598048,18.99922549000839,13.291721230701743,32.21740086153712,33.0720616391923,-5.548355468593374e-16,1.495940423747845e-15,5.345754123392691e-16,0.0,1.7187745802168343e-15,6.539022561528787,0.4469513510142458,1.3758756122791733,4.324325950833509,3.4914448285454194,-81.81290614375727,-15.838204172207046,-9.134977204062618,-43.36510530066507,-43.13543003323813
95.89473742458645,48.54654566423105,33.07896613846287,16.56905043721053,41.49781763214354,-1.1855378175577325e-15,0.0,4.2960395605224805e-16,0.0,3.424482424876846e-16,8.369670790256457,1.9020638808140315,3.976673726336925,0.8300628456616257,4.646852522136051,-181.68199944611612,-69.13559548455221,-41.90214211129642,-12.640887586409567,-58.5134869528388
164.59182747818798,76.21666119989476,17.46290583361211,48.356966702825446,110.30428469542336,6.907198216550699e-16,0.0,0.0,-7.346849732394236e-16,1.0306656539728507e-15,9.99559824853149,4.02553303969299,0.9147273612212385,8.504680354676145,9.019769878374413,-362.07224754560895,-130.55531238310482,-13.916693323936896,-80.08896095037355,-218.71505530036958
60.716237758477504,28.17872078918616,9.395031591288951,22.81383018519046,38.81948205173266,0.0,-1.0086231253375808e-15,9.453703386411621e-17,-1.0122210398144273e-15,1.0982259909802983e-15,2.183400993192706,3.1930815224901994,2.7551635246518407,4.883714852909522,6.020366953932031,-94.83955301852248,-32.62141268374014,-8.407140382894376,-30.271561887622315,-56.867302392763804
39.854145011747015,16.179721307118044,5.847807063371073,18.013222232781686,32.35534410637696,7.131431228050861e-16,-8.78312700537687e-16,0.0,0.0,8.784239579390637e-16,4.367576308583495,1.1050023118002061,0.8984061611405454,2.0900939121801527,1.5150372306366093,-56.183401434335416,-12.40474290351418,-2.041650954532174,-17.164362797286508,-38.16055133327787
27.791563582831248,17.935679008081014,16.102373921663336,22.393656863229403,15.479690883069678,0.0,-1.9808080180292073e-16,-8.825316555395241e-16,0.0,0.0,2.9672169726837545,5.58642137423441,2.0797082034459056,3.6383521359044875,1.4033951178103112,-32.02026296826574,-24.51761211177539,-13.757278664293318,-26.987367866190684,-11.917310517849037
7.77070436780199,7.0566170440019516,13.851915783643204,7.991967179731432,13.738594246485919,0.0,0.0,0.0,-8.890711382825996e-16,5.171873650332486e-16,1.2145252693824236,1.612130735261112,2.9147661102132254,0.2602152575639763,2.1551195808804073,-4.151413148604911,-4.818986437989984,-13.922317485460768,-2.3963253892695517,-10.714095190614934
26.81991004079581,13.109267225438389,8.17887036125024,8.920206457082303,11.683232472502617,5.298621320349638e-16,0.0,0.0,0.0,-1.216346139533587e-15,3.38574226265962,0.805637649868001,0.9892215811790094,0.9482845999204639,1.0285401340040443,-31.835380750974466,-8.226980196760692,-3.575442193463813,-4.458018490097917,-6.858354449712784
14.416262398485518,4.216187540553998,9.07068309522539,7.886462931245523,8.846843677927938,-6.160947929148624e-16,8.426365394395341e-16,0.0,-9.009650358527494e-16,0.0,3.0347542212552776,0.4039576964674312,0.8900500713053275,0.6833766103322454,1.0728532965690463,-15.002027281409042,0.006943564959295696,-4.478687810244464,-2.8972360459957796,-4.14946621460813
211.31766603807924,74.39570926676971,56.91153917489802,182.92482957808178,197.07119799505557,-2.1519608815124765e-15,0.0,4.994015245846659e-16,9.322422602538652e-16,-3.605512845047643e-16,25.55366940207302,9.087055812347122,9.627989891422118,21.979671136218744,46.338281618690296,-522.3253857346475,-133.54159068177978,-95.98270922049863,-429.35455236818996,-547.3242025972148
19.102954567025076,14.880192796872372,6.142450460964466,3.3310468284105097,13.1252311510834,0.0,0.0,0.0,-1.0665457022397265e-15,5.4135635980890875e-16,2.8803105245871268,2.605151029668873,0.13525248031846077,0.39300770224164877,1.896545219621833,-18.60364912868446,-13.798846923275471,-0.8089146434554394,0.37071996677010444,-10.37217359421017
22.217464938929634,17.426510216542432,36.21804144863884,14.632414698604139,19.679557887879902,-1.2792507834952513e-15,0.0,3.9236949726711632e-16,-7.283924940576101e-16,0.0,2.003663247425027,2.836790220850879,8.754829784834357,2.827542368127696,5.950413233437123,-22.44931586620377,-17.660693479074162,-57.582111960867664,-13.11558224212386,-27.39333822877563
19.266069032103967,4.865096103155532,15.822895951950542,20.736354880695252,9.804400020477559,1.475220989971725e-15,0.0,4.490598547306438e-16,1.3706222522678528e-15,0.0,1.8476992911238193,0.7697064726091066,1.6964992696223067,2.069728673281997,1.5114061697919892,-17.63932469762423,-1.1545909889646115,-12.575837009912632,-19.922843010753052,-5.967302088135103
89.21306126003532,34.38403049351402,33.251834494835535,65.75233210146146,40.854922015375685,0.0,0.0,-8.547410951061448e-16,8.645080264695976e-16,0.0,8.348003903880509,3.6039617445282435,4.353467794225656,3.7548044029134315,3.4565792297083457,-168.27111623326567,-44.057118032745436,-44.05277702772733,-106.81416588205603,-56.21673648630243
230.90894928669744,111.64876231488282,217.51384429712874,316.9561893968236,228.45946879326502,-9.84689749555458e-16,0.0,2.6133241791799995e-16,0.0,-9.330443682372515e-16,23.054564636722077,12.674014227717633,27.480719293445123,33.5807843466907,45.400690101959945,-577.9948485979672,-227.11284958282565,-536.4378295363731,-844.10857536682,-612.254281212778
1.4796960110227726,0.7845731264471723,0.7321731261125857,1.7794493729413703,1.2874372119177138,-1.2004876854215648e-15,1.132053074162908e-15,1.2130715919824005e-15,0.0,3.449404800010134e-16,0.024905763211381226,0.12627262378920756,0.05295850655970057,0.24486216380454806,0.2063656660620833,1.1163035775793302,0.7120755663910912,0.8421307245348221,0.877137912278812,0.7577459954890657
178.19222301556164,76.94600143532497,176.76124252804354,217.22524411780796,98.22748882338404,0.0,7.387442856089971e-16,9.647491392541499e-16,-1.5700777068980087e-15,0.0,23.145650374059493,3.2559707147618693,28.40553671854886,28.45233056930692,6.639661107868497,-419.41419323867433,-131.6731273774108,-437.3576107292325,-537.7740836414783,-185.7902761285033
90.12492438622344,63.01204710582739,11.467001139695181,29.985974892801387,45.21302081776657,-1.2614361509411073e-15,9.02103986009861e-16,1.0843722542903915e-15,-7.108750723966063e-16,6.286177945278017e-16,13.614122510492109,13.586153792008664,1.8967275917369701,4.790444040371283,2.979123873568744,-177.98366578780568,-119.25462649806897,-9.00609955784614,-38.858715731298744,-63.58309798533456
91.16103972775005,46.95683473949944,45.01749824163277,84.87127009656291,83.86930396434182,0.0,0.0,4.735110324964578e-16,1.0046406539480439e-15,-1.694404751617343e-16,11.114163894732156,4.601492899458554,10.776659474641974,13.83473056549842,18.143318593303228,-178.45431537117503,-69.31263270420379,-77.76235090724587,-167.08389530755966,-181.92159312042267
111.00993594873322,23.165284377782058,58.28751608182332,147.0993841819829,77.44706268454138,0.0,-1.2269095844842472e-15,8.533215145655789e-16,3.864286664210953e-16,-5.504736095577654e-16,10.202954874804474,2.008591859912344,11.037903745701213,14.150881054896775,12.089344697970485,-223.04767588660076,-23.769400452729933,-104.39966963991652,-319.50367703574483,-147.06124480444547
9.017335481981718,6.89391096632894,4.407710883570914,3.60350622206558,2.795013835765639,-7.8797416063746795e-16,0.0,0.0,0.0,-7.944311476519277e-16,0.46603068142535836,1.0385777504343314,0.8398495724368513,0.4290170697483457,0.45728864152903914,-3.499432936113869,-2.694164005480197,-1.0903143019393486,0.26973944508744396,0.42453353250271686
22.687788738034282,13.764645029576013,14.48903414010223,12.314189403216034,26.973657914067843,1.5659144748843052e-16,2.064834172572881e-15,-9.808006922883638e-16,0.0,1.0536839134295149e-15,4.943519346209522,2.0104377830312274,1.5263704812922219,2.329065072077464,3.9700130146561925,-30.486601668726696,-11.5506767615482,-11.352320824603497,-10.825739187654852,-33.91111211663202
126.06495282106043,84.1103141360158,66.22298710688075,78.85563181591323,112.58574752371844,-1.80362321450254e-15,0.0,0.0,-1.4417085388018386e-15,0.0,25.671118252839058,6.860587737945961,10.029924938532364,17.20586930679228,16.3801751665599,-297.54932321098806,-152.6306541228829,-119.59935555957628,-167.19023851428705,-236.8397429728754
443.4557421554877,233.23177239113895,46.07379656901488,65.39474195155597,212.46271426761746,1.0254627636031766e-15,4.8744146887053915e-16,-1.5421840366373189e-15,0.0,0.0,13.962015622271508,11.259693229105425,8.00871844729643,21.117122939449548,15.732405209013498,-1239.3205646565361,-561.2651922575571,-75.28727893734238,-143.72276256588492,-502.82055661548833
15.57241439665413,8.065413572247621,6.090381967349197,9.408757589242134,18.43300966021986,0.0,5.523300009855554e-16,0.0,7.551929455303712e-16,7.70945980995732e-16,2.4547977113784576,1.3936881008020927,0.5352185972384352,0.46520109025040834,0.25515864265806387,-14.669067357011624,-5.0333747645081495,-1.1500780504778023,-3.8819373469305427,-14.96947562187713
11.707686201141035,5.733412306838288,3.7570240862449014,4.069740142944314,8.128103368598007,0.0,1.2393016544661022e-15,0.0,0.0,-8.741802405038307e-16,1.4523297961825752,0.33357602456517993,0.23568157731215225,0.6168212635331513,1.2214863800587923,-7.736578225039936,-0.6654786633542983,0.5448037759644966,-0.2580997823018969,-3.953637204891761
233.66073734446053,124.00602205114006,37.66581265553326,44.7039953089325,110.16524177113683,-9.73093203536544e-16,0.0,0.0,6.357755997868259e-16,1.0319664886479817e-15,15.351718255191338,7.064187934752322,5.4101363052250715,1.6304296947795622,6.177752474595135,-565.8782198275445,-250.5407022612323,-53.246408082610365,-61.315089528889224,-214.22262632972476
26.47899040523947,19.38031542419909,30.19710203650859,27.39267034797679,21.952383345696745,1.0733683193895538e-15,1.099893454065592e-15,0.0,0.0,0.0,4.048760665347346,1.9222042121438188,2.2182299984119904,4.12599267501364,1.8997398193955144,-32.25358931926773,-17.759556562975867,-35.104620791370216,-33.772528499345405,-21.502006899824433
29.5573425911967,13.982074870525434,22.585962574984073,20.1843943012274,12.30954878045037,-1.4423679670818447e-15,5.081811836510346e-16,0.0,0.0,-2.886144522569996e-16,5.803445192251263,0.6308505711381669,2.0030687428279017,4.3529755356706925,3.4964561125686644,-43.14500670582479,-9.152287126568302,-22.540865439947087,-25.663234609854026,-12.785936072155337
0.0,0.0,0.0,0.0,0.0,0.0,0.0,0.0,0.0,0.0,0.0,0.0,0.0,0.0,0.0,0.0,0.0,0.0,0.0,0.0
1905.9465061736105,1684.1824169191177,1464.664165283752,1039.0097592160514,753.0103527928127,9.543758954692126e-16,0.0,-1.2419156873367352e-15,-1.7506952051329253e-15,6.039058416658791e-16,37.82195981546372,70.66468072744671,108.56217169150581,20.779863032520048,127.30533201173874,-7043.837600727985,-6115.972434548138,-5249.359783211066,-3448.346449328737,-2486.6465540713307
234.17574753601775,192.60507841923095,153.4282874932375,93.86244504416025,47.5442663988365,0.0,1.180517550779853e-15,-1.4819540722127515e-15,1.2112068641311105e-15,-2.9889733908166416e-16,30.122108311267333,12.02720011107598,12.646229239823644,8.346278761991053,7.521800281438245,-586.3445956397354,-442.85532407076926,-334.31912963531266,-176.63827849890018,-74.05683715032467
129.17353143682095,118.77024334995428,98.7048350056609,79.11731674020972,56.99077470065765,1.760218776355441e-15,0.0,1.1517859050683371e-15,-7.18470003823051e-16,0.0,2.8715524194318376,5.305736451524556,4.911085100488535,4.3079446980636344,6.11725822020706,-261.4731244917544,-235.58654781217075,-184.9915281973023,-137.53160208834706,-90.51349772632378
86.49107492515851,69.9561396866651,60.198047371223694,49.4810690017609,46.354771652188006,0.0,8.125579701139999e-16,-9.44273466384571e-16,-1.1487912449665368e-15,0.0,11.24437475879553,4.678716472168467,5.446719616660372,2.33438503665688,7.9706724094380075,-164.46588810936572,-117.66587361680837,-97.41929878168601,-71.31477648706084,-75.76047856419032
129.95158316374244,103.31766282336733,88.18992165116072,65.23403580530913,45.218808555254796,0.0,0.0,-6.445568586131051e-16,-4.356883501003763e-16,1.2570746704073065e-15,15.739875695641643,1.4418971073132119,7.935479090137534,5.795124114180057,6.047142592875248,-278.84736869269074,-194.56357137863492,-162.6650736762805,-108.22590256868078,-68.82040937083259
84.41668447050613,76.50550248526889,65.06038013806479,46.98074049296033,32.512558039077796,6.733671100369764e-16,-1.4859955693187741e-15,0.0,0.0,0.0,2.4009243708100976,5.837337841172391,6.349602506566842,3.797269838617496,1.1429431656590148,-148.7428330534276,-134.30853351660798,-109.38957476370145,-67.76233620838528,-38.110276819300694
117.01229361163311,101.03608086732108,87.68118061381097,76.12607844822705,44.63184351172158,7.286852146852982e-16,1.1252102886978338e-15,0.0,0.0,-1.2736067880745132e-15,13.142831666730912,5.395616578535522,6.3402385717368,5.259526847523476,4.11307356270155,-241.4132482993955,-190.98346590605948,-159.74205951471197,-132.283375189361,-64.16967946011759
145.54682734536044,109.30868634714882,82.19810570946905,75.63453222005948,84.28082033176959,1.5622028977911623e-15,-1.0400530966090181e-15,-1.3830834268060213e-15,-7.51553783600082e-16,3.372263027165917e-16,22.450962989507264,10.894216210887576,2.9701315199649603,5.385006272861224,15.017435056496392,-332.01764356912463,-219.1968878863224,-143.8862060758972,-130.3041455203517,-164.05556077537474
110.43078419890776,88.86522258570153,67.27105448466519,58.658278192486584,58.3473778417959,0.0,0.0,0.0,1.9381209477126783e-15,-2.4355601298371224e-16,10.797141160301132,12.927577073204011,7.09044287824251,3.4273553245379076,7.651187848842694,-225.8104992655793,-173.4664864018371,-114.3194698365404,-91.2937968662443,-96.80978221223118
88.92421324130277,73.2130691219884,74.4881614347146,54.270965657370624,38.5491065884291,-6.392344310830053e-16,-7.764108176655578e-16,0.0,-1.0474001737812827e-15,-7.372858140098912e-16,8.22793090665172,3.6055037289083165,8.231597740669983,6.65162396322499,6.853819413042899,-164.27673097447246,-123.5355830645981,-135.43808164611391,-87.46268632040135,-56.33310070742623
67.4475040131566,54.4902170710282,45.94760029361186,28.008243557238895,34.28970732282242,-1.685560338888742e-15,-2.0863715329565455e-15,-1.2371357480601877e-15,0.0,-4.144349959424586e-16,4.951162931033441,6.991677732739026,7.013256368346794,1.665455574979985,8.482791992155093,-112.47876302840297,-90.24364245422012,-73.12498141286824,-30.689633763055493,-53.93705103667115
20.61103709270804,22.827019369579023,15.304250330740391,15.1172916405901,14.206085117417182,-1.3789558139439424e-15,-6.225453479108377e-16,-1.857112162711796e-15,0.0,1.0003357432920753e-15,1.0809478292989916,3.661497403352248,1.649487326185618,1.743806129011389,0.7654701500418407,-18.6507228641773,-26.35427469326471,-12.795655555052273,-12.239321771890111,-9.554534293940746
56.52889623650261,48.34888597252579,40.44454429721712,41.16460963145892,35.95867530510518,0.0,0.0,0.0,1.3808807946855154e-15,3.951996171890247e-16,9.640756097747555,1.413329822595195,2.1501909800662116,5.7684736287350615,4.970315017370296,-96.21580557164411,-68.5036945398727,-53.431445508104034,-60.317776803765895,-50.37551730486975
42.77252368127613,39.98975391188641,30.11814941075557,32.35652975761834,31.40467159167349,-1.3289704223295921e-15,-1.4214495789610768e-15,1.8873476615568058e-15,-1.3175876543302108e-15,1.0747057121766974e-15,4.00493841117902,1.714612721312103,1.7186716808158504,5.534156920995066,4.840997289935289,-60.62974076962975,-52.220616367196946,-34.510828157799054,-45.30291455542288,-43.23840354315883
50.478806073445384,35.39835348125236,32.80899130790522,24.990609700778514,34.962614688583336,0.0,0.0,1.7325561254640518e-15,-5.686477795201332e-16,-5.080732248495993e-17,8.228517794782956,4.603197843675844,5.308042402138921,3.289586745543576,11.601030799916382,-83.9105522402781,-49.30357030470125,-46.09668476838895,-28.416643638189484,-65.08293874138175
43.593189410992274,24.762496955106116,36.48060292338418,28.881464260504448,27.99683191533981,0.0,8.608292657824037e-16,7.790910004994902e-16,-9.840813185247965e-16,5.075879570293702e-16,9.223321359338762,2.9525264252010595,6.617956903331182,3.359807017744018,3.8629899928428504,-75.40893988676892,-27.498915081229118,-55.35482323665927,-36.111259748165295,-35.23234862162379
34.533584076212115,27.62471323863885,23.49298280269027,19.720749813687192,19.580909169130546,4.1150824900885147e-16,0.0,0.0,1.4412083566253608e-15,-5.443128786483594e-16,4.417329538480353,5.25082069233015,4.860375664094068,1.9315875939133698,3.1070272951616147,-46.41355151223287,-38.46603479096377,-30.981905805100514,-18.769213108350417,-20.30956751269786
57.51576390999618,17.3691520719387,73.95043916003848,27.01631360424826,34.091930137799174,-1.4824653711396335e-15,0.0,7.686691182156656e-16,-1.0520202662266531e-15,-8.336785073629976e-16,6.692977785152434,2.477586557361253,4.501444585472838,3.0347984234864263,3.2160954400319084,-93.21905327150473,-16.162216658955444,-126.19082603080825,-31.36883975263034,-43.290648297575515
73.58674169723837,50.53019815741254,32.93891545597542,24.41504701868196,42.82751637617662,7.724682130197006e-16,0.0,-8.628611184357635e-16,0.0,-3.3181598929017006e-16,7.2530625739008725,6.493320526457513,3.9036410004028212,2.688188084392275,12.795335835785437,-132.34301409841223,-80.87936313913157,-43.98094320105752,-26.335221993108206,-80.71481917410678
75.28443362126893,58.810188852981554,50.224233395673025,43.733078633555735,23.009441498918022,0.0,0.0,1.1317926629758227e-15,0.0,0.0,9.299186897574982,6.779535346936431,4.521013172485267,4.269546158175436,2.1124405473713384,-134.14182419013898,-96.448963100605,-75.08295870051381,-64.3043684633482,-24.07279578094643
28.186859825094707,20.464303117136474,13.631705064322558,13.553360189706297,22.836067053830792,0.0,1.388843258806313e-15,0.0,-1.5727673266584183e-15,-7.77873368129852e-16,3.4880421994671473,1.4233168210212994,0.7484044322083154,2.0280873446286143,3.6640847971333383,-34.322489318432865,-18.667494721947318,-8.87375912677175,-11.038541907613112,-27.097375263535913
242.5287906624061,207.21626486851233,171.2313727076893,118.39715330470196,92.69985956002583,0.0,0.0,1.327873927819196e-15,4.801079863340816e-16,-6.131985434562635e-16,25.277249892035,13.896938599374506,13.20122126152704,10.874186388651944,11.358728608889015,-604.3893865399883,-486.59054078355933,-386.6444010988867,-240.68924005968384,-181.18188024546924
22.763922325204042,12.585032686947612,11.787684196032512,13.749410420614304,19.857138521480767,6.242709192285309e-16,0.0,0.0,0.0,7.156547102609569e-16,3.4018017106997793,2.876070634364014,1.56305317280134,1.0730304899779364,2.986817544110379,-26.041175580943413,-13.042435020010949,-8.01571503898489,-9.362245680406643,-19.787305559685247
403.8440957712422,368.00564626680847,303.1977219694609,240.82290228726666,177.6035871958128,0.0,6.178537686847974e-16,1.4998376238864613e-15,-9.441530406107653e-16,0.0,22.667174379295037,7.513458869420883,5.803390141587299,3.3085759425830092,17.362793311923898,-1112.7141674541404,-984.1578504335666,-774.1769785299944,-580.1298547377913,-405.15822531203065
18.8082975190312,11.71737523012105,14.825655453957662,4.125588163961468,16.10135828166623,3.7778152703142675e-16,0.0,0.0,1.722282272299869e-15,1.3238809856852099e-15,4.393367385896485,1.7292482059341299,2.7691032762315158,0.4771019083327072,1.8770430726288032,-21.939349748669812,-8.507868098053208,-14.582989103179937,-0.08620511652889631,-13.552950578996919
367.36619000065957,290.78172361891797,268.56787278507954,210.4133188257328,147.54874406718577,1.2378584727289348e-15,7.819393619841634e-16,-1.6932306391329764e-15,0.0,0.0,61.66408381087308,0.3099147172904174,40.031654805432346,20.961676549486874,2.163038703310354,-1063.2137518856362,-734.1007097244635,-711.0481580579691,-511.977200403306,-310.5475015146148
69.68476977278088,44.196409125459866,34.20920974141458,27.04781062937529,38.85232096529485,-8.157222739797478e-16,6.430773448069867e-16,-1.6616408063934857e-15,0.0,0.0,6.905980232892128,4.439179242694733,4.040453692829069,5.400617078342468,11.715048909843603,-123.22682035394568,-64.72768409894378,-45.63961959164184,-35.07137509052008,-69.88057912868489
341.57802374364974,229.77357525867927,188.73572101332718,86.10830894520632,152.26347291335193,0.0,0.0,0.0,6.601386040106703e-16,7.466455056250518e-16,68.33002182742217,36.718622890814075,44.22013594000027,8.525089179959071,16.77557843394208,-978.8351207854448,-611.2484372075328,-520.2802782612375,-163.08218896433627,-338.2100007321881
182.74725432117623,147.75665776277765,156.1022474775137,137.78831522825507,90.27960390383383,6.220987458548225e-16,-1.5388387832125915e-15,0.0,0.0,0.0,16.507430511288344,5.960593521777591,16.266829872800923,19.249587172930482,13.062789887440509,-418.68536396128565,-312.729008614709,-347.3705673928623,-311.41754217955344,-181.18104962149906
35.827451743538184,19.586229361163753,15.667191465034506,23.388793578544547,21.75982873000163,0.0,0.0,0.0,0.0,0.0,9.987953158298017,1.7451342002549861,2.9825961370370107,4.604963280823256,1.6199026252991175,-61.89463416689287,-17.960747337278026,-15.843471493022179,-29.83403387292449,-20.848109692728734
20.626214476438058,11.380860891311071,4.996756075077708,6.480101633004609,20.339008085232663,0.0,-6.243312720767698e-16,1.066506036742623e-15,-1.0964993699190562e-15,6.986994968314081e-16,1.76093650055248,0.26816118634839514,0.43247494574095946,0.9003218692949289,3.3003061758602423,-19.452369919628733,-5.86846494036979,-0.3187049638540532,-2.0088652047890543,-22.92796945205296
191.23042070870582,131.55799798139978,135.4542452036359,101.55046075837546,56.44254941278854,0.0,-8.641575538242042e-16,0.0,0.0,0.0,35.33749601446008,14.155406779572898,13.725380742238897,10.269279095842844,9.01546208832216,-472.1160468302684,-277.1510509612206,-295.64428398903624,-203.83354242244906,-101.2646563763809
361.61972823785834,558.1728917491573,221.50656745041866,706.6140974209557,119.92398071453603,-1.257529153905426e-15,0.0,1.026487286857202e-15,1.287116553565035e-15,4.73995430456204e-16,32.78356203404715,56.749284350244295,44.185957247590494,78.95488317959479,30.773578895565095,-996.938491172227,-1679.1657207882356,-593.5682028485912,-2248.4750233105115,-282.67609977247884
84.17052771695761,60.3970502518455,21.318000847992643,35.7957558820727,35.843413839303835,6.753363725122033e-16,0.0,-6.66612916311059e-16,-7.939966269754964e-16,0.0,6.323015060168887,10.94197332074807,1.7615000503591705,1.5401180790107538,7.917206842033595,-151.026263518297,-111.17577835100185,-20.289616617695174,-44.33469587412855,-54.394120933188944
52.28521241612548,50.7869553698143,43.529337516391706,44.49371140548887,42.76752285813274,0.0,-1.11925234436466e-15,-1.3058645525997878e-15,6.387803699130801e-16,3.3228145483996964e-16,5.473610753038816,5.302746025135326,1.6264459896945163,1.0734718163295873,5.627358417264391,-83.77843663837068,-78.98916520074727,-58.99714811708905,-60.628800813036904,-62.116520706531965
40.825803301723845,42.453077815524786,31.461364470662563,54.84053197745406,27.805265029143634,3.480851218082942e-16,-1.3389705007447254e-15,-1.8067690266203804e-15,0.0,7.666275451955122e-16,6.318285291295661,2.12366170608129,2.837921045379084,1.403959904903738,4.2242918485484156,-62.45060643802125,-57.38851457576656,-38.46001464730099,-81.90553193108391,-35.255048258923566
81.70465997910982,50.86592291882914,10.61104243017787,23.90226616178545,46.043496847171305,-1.3914363972713844e-15,-1.117514744626135e-15,0.0,0.0,-1.2345591180766325e-15,8.233725452309049,5.097750740905124,0.8625096538191027,5.244200488131754,5.11955984601407,-148.451030267982,-80.26585889529818,-5.721396863234888,-33.067400758911305,-68.04772837488056
50.13848775720505,46.84678726782956,8.317174067973204,50.436614021937295,23.267033101477562,-5.668641138128408e-16,1.2133899073126686e-15,0.0,-1.1270268625900243e-15,-1.0688511785382818e-15,5.5585466120292635,4.049354122541794,1.2888498833470894,3.9036550557601393,4.148624650511079,-76.60057777806543,-68.26338965069537,-4.484534739298442,-74.79915554286778,-28.12591988386861
46.67029443262086,70.68104744268572,26.461935624173243,79.30328963276814,24.103945088137007,0.0,0.0,-5.370300539247116e-16,0.0,0.0,4.74523532999503,5.548283629998185,0.5464252253079444,3.1441028889542824,3.0977362677729894,-69.50078722743078,-120.66297794819525,-27.483567311250813,-137.17604409134782,-26.06507750652528
65.3168730399133,78.90363281330634,56.369707615740666,88.06149068026811,50.67893242340051,4.3513579428452276e-16,0.0,0.0,-6.454968956543554e-16,2.804095121119852e-16,10.134801696368209,10.694885796121083,5.47991425596506,8.574821578571578,10.706859983438662,-116.54967594384875,-148.6511843211702,-89.38177909497212,-166.0388244138054,-87.25541703117739
61.12155224728364,52.785853775929674,34.92453276664494,42.51498832952491,28.92113891131622,0.0,5.384342091169186e-16,0.0,0.0,-9.82731334251958e-16,7.611766094438026,9.270554180078587,6.657932922200032,4.087027328650183,0.5243159836325554,-103.22422779258169,-87.60583982190356,-52.386289648949315,-61.516808751890096,-31.610095640988526
28.17134118889078,14.28013852925916,14.882030513867777,11.5254214483102,14.28993968447022,1.0088873383710947e-15,-9.951482393594993e-16,9.549002538302593e-16,1.541251092089731e-16,-9.944656890781588e-16,2.5549489529220306,1.374371096229123,0.9500027632343906,2.4239860295731614,1.5177053137382368,-32.1222935540217,-10.471208676227004,-10.559873620550201,-9.330180358357815,-11.366622985429924
39.75552580545567,24.36457662189325,8.63251642758325,13.850401755359536,32.85344422085667,-7.149121752152422e-16,-2.3330353628936154e-15,0.0,-1.0260247295500282e-15,0.0,3.6172326149544776,4.874575981461335,1.131655584770926,0.3631854264767108,3.1214064552051095,-53.976744531156925,-31.958067647242412,-4.063752549287584,-8.838888609900696,-42.018691021167115
51.44074531515392,51.233239721524136,23.856482387819646,58.068694770324505,21.282047280123027,7.597061478674374e-16,0.0,0.0,0.0,-3.3386954103035556e-16,10.323831098121236,10.397961418578745,3.991365485806431,4.32209562822101,4.17967562822146,-91.71191635996588,-92.16188321838736,-29.323994966819875,-91.05783565569376,-24.03499812222731
43.02474425900539,40.296162166223475,12.919879603401117,35.549865605977544,13.996681293489258,0.0,0.0,2.749804013549213e-16,-1.598977039487037e-15,0.0,1.7087319406785673,4.789983313240753,1.2851556599542875,2.5599052876285664,3.3864038010460518,-58.05289257769713,-58.034708235859576,-8.663228735109236,-44.73499310920893,-13.86726877875771
57.788106480840945,33.727388736045654,14.580729754430417,30.339943287795535,32.8653029595018,0.0,-1.6853785896581267e-15,1.3401198405357912e-15,0.0,8.647937755336259e-16,11.12552841323146,3.54343962369467,3.298522228347846,4.125688048201761,3.9630340296942874,-107.16355311973597,-44.77169380743178,-16.23671433224112,-39.510965913380744,-41.51043106230629
30.334323808641564,15.945599434258273,5.1855856125364905,9.99132390619813,25.825069820225888,-4.684744187755275e-16,-1.7824171206346418e-15,0.0,0.0,0.0,4.310913335712402,2.3994137394176427,0.4340156165808317,1.4804810994216548,0.48460439969785396,-39.59927227429467,-14.856648496328294,-0.519049669534362,-6.055281235977561,-26.417102255598763
95.82106704412482,58.79425871351333,26.009343786982825,19.134200963264107,36.450089234625885,-1.1864492979321987e-15,0.0,0.0,0.0,-1.5594864115396848e-15,3.9197345023037364,3.3596744072858473,0.5354101615402641,1.460754154767327,1.890215047622672,-177.21187949210977,-91.60742514880117,-26.732234202009483,-16.894621387037052,-45.78663167074416
25.310123157704645,21.653206601665236,18.082377511590863,22.758819861837353,12.249536082143461,0.0,3.2814665690459725e-16,-6.385398960230976e-16,-1.2488217580236817e-15,-1.1601137071564384e-15,4.276221950112327,3.030493670204362,3.4306431209222366,1.80603577306057,2.234765532214684,-31.707878908001444,-23.041843836533246,-20.716437367803888,-22.503149097275482,-10.267019436912289
18.538787593858263,21.00368768453253,11.54027433186349,21.42904750020473,5.950450753069645,-3.8327357286055574e-16,0.0,-1.231413942731401e-15,-1.3263169737307488e-15,0.0,2.648216833344244,2.6452471002202556,1.4625087525760845,2.4445747886701397,1.2525784213692797,-18.61534738578499,-21.415290547416582,-7.41723958565716,-21.369920288331386,-2.8707435435023774
53.72102276794483,24.478121472676875,9.249437239742207,16.765674893940094,50.13146223278763,0.0,0.0,0.0,0.0,5.669435552952069e-16,4.104445321094136,1.0544428346268655,1.4607300883193781,2.671921107196309,10.167267692497894,-81.62732754996189,-24.48829728230577,-5.349604000387324,-17.26660144786654,-84.01556831491074
69.28787314036234,48.32620762061819,60.01023351347658,52.11268378090213,41.67798556921696,1.6407898318845917e-15,-1.1762441470072232e-15,-4.736143781880353e-16,-9.54431587371722e-16,6.819357759794434e-16,11.024048111702927,6.162365656120481,7.26844311659011,7.982378577678529,1.6750440299354994,-129.63075089143203,-74.73001189666377,-98.42367447682149,-85.9774299693754,-55.42926473004373
42.75559750887981,23.405947254764996,7.6189948254672615,4.491264396224684,25.494750684348396,-6.647482689138228e-16,0.0,0.0,0.0,0.0,2.632892432956206,1.5550764344146886,1.632286574884011,0.40223945169921405,2.8965071856096354,-58.3773290712757,-23.27964445453456,-5.0637659392977,-0.12095251994731707,-28.308022764313733
93.92001422476739,95.68987556916896,23.649010634781067,57.316297710408946,64.83073272188123,0.0,0.0,-2.253401040956522e-16,0.0,-1.6439951530586725e-15,1.791619684952975,9.905514683021792,5.9069679182135,1.1120822718689647,9.05142075117166,-171.4269546357455,-188.64827433137785,-32.50695037091387,-87.03163092949342,-115.61245507730818
8.517407466860078,4.46599714893516,4.563009257742613,4.385592461222796,4.594861551459823,8.342241914863327e-16,1.5910057979538048e-15,6.81266307684048e-16,0.0,0.0,0.5220143496088504,0.18276852465235918,1.0938663102042896,0.31533199857310695,1.4360366595368086,-3.075758838312731,0.25020603699017113,-2.1303539995073755,0.18050720356120836,-2.38753877121728
72.99860654732326,75.07117123873486,53.09308750757452,76.97214401073222,62.314523047098916,-7.786918346716355e-16,-1.1357905689263755e-15,-1.3382961306568028e-15,0.0,0.0,9.79444610758778,11.33441021800086,11.462967717136724,13.70078559736241,16.735162341314073,-134.28051498591128,-139.6198948695356,-98.88662222119729,-150.81407928478816,-125.47840542661346
136.51299931335473,170.4342553191448,91.65487292760871,91.61862042085423,96.94086456774897,1.665582593503157e-15,0.0,-6.201898169200928e-16,-1.2408704387753326e-15,-2.931860527253804e-16,14.410237250981389,30.262319701509618,4.562851433761288,2.740626378781202,17.108895069176665,-298.3182921139185,-427.6999254682432,-167.47121837963294,-166.17803386329052,-197.12781437198393
92.57310789353546,96.42101270319728,85.58721730049315,130.81152971353947,58.53854134817527,6.140381386588134e-16,0.0,3.32078905318496e-16,0.0,0.0,12.684808809912969,10.767020254488866,11.405223101355253,4.924881294155484,5.666919314212398,-185.18950871068142,-189.4993057171354,-162.75750130328564,-266.6716569780822,-93.76092313398267
12.600951477021548,8.368810996514737,6.176061634435007,7.067669662162004,10.485617152135179,5.638802252796621e-16,4.2451833125160296e-16,0.0,0.0,0.0,1.414706147161221,1.1594205811355809,0.6424289854673483,1.1878481644904526,1.9453830528183798,-9.149474929550802,-4.242228430516726,-1.3190111681435432,-2.8612398226905698,-7.3374619614543715
480.8926600796146,134.97268946355388,262.57829083884366,317.94427841302536,248.18981325271952,1.4184475725139307e-15,0.0,3.2472268754138225e-16,0.0,1.8322563078905143e-15,62.49148023129421,5.641114990337643,42.5872039927377,34.6071530978626,25.1852845293409,-1441.3047421840301,-278.2198279006834,-706.1628083118908,-846.1838491701325,-632.9724679680836
187.72767570960323,296.0532529809035,68.75029462185987,194.7587005111702,184.6458653819791,1.0219406271880513e-15,0.0,-1.6536196440599416e-15,0.0,-6.157020493604377e-16,44.2668705879433,23.04489847496393,11.181075525151607,16.27526226443126,43.19649240476026,-516.4777259709177,-765.8556709078343,-127.72293190682637,-457.82665545433247,-474.50117781421864
18.509458840997294,9.368121956704922,14.864878290935318,10.221169546210412,5.753453097637437,-7.677617610151762e-16,-7.584687080760652e-16,9.560020900990397e-16,6.951677423485654e-16,1.2349848407591488e-15,1.6670493232732706,0.9820047037694024,1.2642577373296209,1.4766010823469504,0.31008316942985914,-16.521975147377372,-4.9986045297262525,-10.794486157053369,-6.1326446157642085,-0.6371312511667744
4.760991016900366,7.42995067803139,3.3461183804686714,4.280506791104161,3.891087216662579,-3.7310653036198e-16,0.0,0.0,0.0,-9.986362088077062e-17,1.0415562662552804,1.4392725616780118,0.44098952965763955,0.401440057372016,1.3160635618970127,-1.7976250098496707,-4.204106461267994,0.2731636110158033,0.0892606160632221,-2.101687455173886
98.27620352952204,98.31361389698465,53.55275411252017,91.91951245563574,43.45058845912877,-5.784047085593038e-16,0.0,0.0,1.2368085369957344e-15,1.3082312777944778e-15,10.373829699710463,19.442880616188894,5.600402244728449,11.792627885113147,3.215797610682153,-194.2323713940217,-206.31723691563298,-83.09039184884702,-181.55095276703346,-60.508940484342816
3265.660734282491,2732.7271177168277,2142.297023170019,1314.0967456455207,1134.5881687676383,1.1140100283231122e-15,0.0,0.0,0.0,0.0,328.69903873578016,462.3237620010491,390.1833179462665,48.6997684233818,138.36615864299424,-13434.772018844222,-11411.809479807756,-8667.181684577214,-4562.625119595403,-4006.4437833130514
498.1866667127448,398.71217282943326,283.2922405024849,178.18076995970313,169.1795950424236,-9.128051416692615e-16,0.0,0.0,-1.2760842569860611e-15,0.0,62.83342422248268,70.19450406862883,47.541915033609186,3.6069809748620876,20.43749244574814,-1492.8865257296882,-1200.6206705769089,-784.3292689625977,-396.1755570745403,-395.50285770125816
148.2884985273792,130.74141149296472,120.07455626980081,98.4732738949214,86.8846294026677,-7.666598478682789e-16,-8.695549208426099e-16,-9.468020640956447e-16,-5.77247171871876e-16,-1.3084804355294332e-15,9.780410811114484,15.370808463865734,16.354149224028024,2.775501076035047,7.851139488064888,-316.74280319004396,-280.3260827094715,-258.1042091834987,-182.93631288451482,-162.24946581301106
24.647195813423036,17.977869457829755,16.298085821083557,29.155820939124837,31.465385538718326,-1.0089989928209065e-15,3.9523189186950255e-16,-8.719339725661853e-16,0.0,0.0,5.130167694408994,2.7959530860944644,1.1213377056712976,6.594538894304862,4.228034618081847,-33.50527410131496,-18.426534214087837,-12.562475992224826,-44.89510790822545,-41.4985742337949
639.375728145323,550.1048592286805,432.4683660546996,273.681488502379,201.03214519482674,0.0,0.0,0.0,0.0,5.655157169587901e-16,69.66541315599642,87.36349614377366,75.51882987723705,20.994400135886885,19.148917956697726,-1995.477139359077,-1721.9983961579935,-1305.9120531305168,-693.858178891927,-477.3944828953338
447.5498291770764,358.351534280789,242.65087070025115,142.51031250416756,106.12603421640517,0.0,0.0,0.0,0.0,-1.8746763457413137e-15,48.065678504952544,52.674203450194625,41.80106801739617,13.688978351546409,17.538371871049684,-1295.6915362444167,-1023.5312308654719,-639.8261768171103,-305.58439335930257,-224.6127231384939
213.9938244180987,176.355953230792,122.86395518881827,89.13376960851078,78.84052678095856,0.0,0.0,0.0,6.377315703181079e-16,-1.4419847553463266e-15,27.44649668432872,28.884262838505492,19.960863043347825,6.168916493568064,11.404667724333654,-525.6588719240711,-445.1890937140856,-279.1333679375508,-163.0542787855375,-151.2663530759297
122.32894656827753,87.18788159085355,42.57397834744983,15.5169412242512,12.474093359010325,0.0,6.51964674718868e-16,0.0,0.0,-1.139229465918433e-15,3.671013202183022,3.9559240911114677,5.256210462866029,2.7434154618986586,1.6167292212311197,-243.87545118801054,-156.29943855722874,-61.99431471981715,-14.017123824489797,-9.156425674031542
52.860857647080486,42.269065696268484,30.77673877178933,28.35687484663419,33.43106601760942,1.3441755722238902e-16,0.0,-4.617401090016724e-16,0.0,0.0,8.11653856152305,5.406069355722453,1.2293416303754938,3.077822148108544,3.886140827146713,-88.10827591472385,-61.89764861646672,-35.12371375316246,-33.42927291566264,-42.96563549584719
139.8314923251893,127.05560040694664,120.79628358661988,89.4727117294257,79.5333315454136,0.0,-8.947802171449997e-16,-9.41145160646388e-16,1.2706314084389912e-15,1.4294238090189992e-15,13.223975310690152,10.512483974247003,14.493420111314874,3.3189784240416156,6.8719114003801955,-299.56665654642114,-261.2106965632833,-250.4129344469616,-161.31309077728076,-142.34165543808217
183.352031564169,138.6757960199149,102.19090470023303,46.56458085636859,66.36397616596099,1.240093570294892e-15,0.0,0.0,0.0,-1.2848104230220265e-15,19.616157910139197,27.42534954073216,25.866294807395988,1.4254051848162528,10.535380548424401,-428.99837129000343,-333.886196877137,-238.84727956352145,-64.89413857193558,-119.64598590351227
69.82770176300421,47.139480958030894,21.45801228485827,20.48817915713488,28.149389300765645,-8.14052552577701e-16,0.0,0.0,0.0,1.0096741043554702e-15,10.962548356117331,7.428214649806641,3.552860142004534,0.8443302319016469,1.8257711436350474,-127.29117261635466,-78.68457831110753,-26.22048924695002,-18.260955631163302,-31.276002033044424
168.80271901634427,126.63780784748303,80.59688156469335,41.86126330736486,57.33993971401276,0.0,8.977321990486082e-16,0.0,1.3579002249272126e-15,9.91340750344678e-16,25.01764258986883,14.520182234596266,14.181530477704321,4.466139816575347,5.3045604438102005,-407.619384009043,-267.06606746962336,-154.52228753770942,-59.451479783741426,-91.83434673170186
200.04437272138142,174.3932542172683,144.63448893176468,121.22295293192823,107.03902582381681,0.0,1.3037985698687518e-15,0.0,0.0,-2.1242128624888894e-15,23.41770666364564,20.19925254471844,14.670677732102991,1.0965151494936194,10.743476272764621,-477.63157524428783,-405.75281295597034,-315.5764289356434,-240.21176117870434,-213.71098487723742
176.1862035841473,153.8718613160875,122.2224593755059,78.19850866711909,59.50734572250704,0.0,0.0,-4.650816155332558e-16,7.269118021519193e-16,0.0,26.17732821325409,24.165163340455766,22.170443116875532,8.678793871093198,5.07821993801506,-430.2168357966204,-356.82581328565004,-268.6499502342919,-141.77538251843467,-95.19827059824149
39.39508029949444,40.4050915738071,35.40766622542939,37.82899775939892,37.70394323706906,1.4429065362645673e-15,0.0,0.0,-9.39150886681316e-16,-7.538126516820363e-16,3.3939903094858006,5.876366187202908,5.318678401477609,4.871872266730963,5.107147721528967,-53.03407204503496,-59.1070606908744,-49.32038833693161,-52.854852174266306,-54.39673596277814
19.53965597878419,20.777289598830418,9.459642041090106,27.22114156708399,20.89668780997692,0.0,-1.3679218983405759e-15,0.0,2.088208487536155e-15,-6.800529751139397e-16,1.3905760921901595,3.261986846840145,1.9545100860645395,4.285562167889003,3.052785124290542,-17.423012724446398,-22.705798347073166,-7.108104543882899,-35.07602894452865,-21.46551082237246
5.854636186582574,11.723048339009464,2.5866763755692532,14.035603181433352,8.187181441784736,0.0,0.0,3.433666569536217e-16,-5.062431066019478e-16,-8.678722229529677e-16,1.1253293264282298,1.1816455581134653,0.6424058954012201,1.8690510444128094,0.7678940643643613,-2.423840880202215,-7.172007003713937,0.13011055173627448,-10.59636331520945,-3.391050988644425
107.25492539129107,64.70280790514907,29.9955464393401,35.77159923540023,41.32959745347707,0.0,8.78530943265051e-16,0.0,3.9726640740005497e-16,6.876841581241406e-16,10.693820503832127,1.9334977861037483,6.2344360539242825,4.670604341538624,2.1307056943519016,-216.04227033410118,-103.41087189014573,-43.31126165833239,-48.2773336630573,-55.097341734919475
82.31961908064977,69.56210394152397,55.236342721012804,42.222142028437624,43.13424709690369,0.0,8.171607188389864e-16,2.5727363571078653e-16,-1.3462940563868742e-15,0.0,13.139863547624941,2.473290379108782,9.316403922968101,6.314545051766307,4.24172910531846,-166.40149380196414,-114.45131595730918,-93.74447868639585,-63.989589212768536,-63.22476169629966
264.2242164001467,230.3797169205166,191.36104713750993,133.89653404067076,99.99291954872884,-8.605330674872457e-16,9.869517962888996e-16,0.0,8.490648285719175e-16,5.684744391637342e-16,21.999453017176673,31.062675048888977,27.5275769242903,6.973758054854193,10.76457790669649,-665.6186062661022,-586.7636815959794,-469.3850276545265,-276.2436677122019,-197.29719378560117
1408.5528379203272,1171.2305266187566,886.7186734408333,484.9484413726857,315.00828924269854,-1.2913888315553165e-15,7.765291982258714e-16,0.0,9.37723089900578e-16,7.21802197617891e-16,113.25518364577825,167.62944015887325,146.95690134275029,26.667919183520127,51.37926726395675,-5014.232312221247,-4169.051985399988,-3039.4400515753305,-1388.6747486624513,-883.3982879559006
62.27758620726563,56.1207345817633,43.99911714989733,33.90722002358465,29.448119132961168,0.0,1.0128773132502715e-15,0.0,8.382199841401e-16,0.0,7.523348667317932,7.402698492878157,5.342122057729561,2.229646047895721,1.1437037572050686,-106.04373966572732,-92.65791044063498,-65.44964637340732,-41.53840405774117,-32.783581404745654
427.3562464290468,368.2662097086376,348.23158070441394,222.82093698563975,221.01832442878083,1.064094311680934e-15,-6.174166118122107e-16,0.0,0.0,0.0,64.08557805558567,40.85621761652161,60.14813570578765,15.058848028483967,24.6070612962533,-1270.3121855313602,-1013.047961549029,-984.785135042176,-534.0339833573107,-553.9915198240045
295.5076285377362,180.22633749021372,93.96770541701571,17.135652214243265,101.49958709319819,3.8471709946769875e-16,-1.2616007105819284e-15,1.20985009921323e-15,0.0,0.0,36.627360862690566,17.109532513257165,14.06062741306301,2.1958851204235432,23.492636727860226,-780.3252696179059,-413.7122710287251,-191.85319977505029,-15.635003678220121,-237.95685077820562
214.15172916357363,175.35883712635683,217.88392136054634,159.62964410740392,178.74587454874094,0.0,1.2966194300170645e-15,3.9133281500895335e-16,0.0,0.0,41.58146878415047,16.3891209697305,34.045649787454195,18.42025077621605,16.954540904032985,-565.8294635323736,-399.8477379123195,-560.901795358006,-357.2388879592088,-417.1084629253914
29.44138373745502,20.78882022108004,11.535581176565096,9.363103081301348,14.343224157120904,-1.4480489275159071e-15,0.0,0.0,1.5177505354589007e-15,0.0,5.8043274573871155,2.7611085213686843,1.4598129239997226,1.2036031435362484,2.9978063762609466,-42.061710381760946,-22.26565461624065,-7.818335394300294,-4.91083307154571,-14.639887903089846
684.9743550038918,512.0619726541718,381.82021591793654,206.55065834049077,228.48655358631873,1.3277792009713426e-15,0.0,-5.954993108382213e-16,-2.7520328096511725e-16,-1.7414763616509016e-15,9.054863755019118,74.67351420085319,86.3053446571146,39.97120415538449,35.04930718155609,-2094.8473771487984,-1579.9337945178636,-1152.2971347936273,-530.6669245002214,-591.5171649264825
1190.2990266126728,869.9175451392439,468.15991837541617,140.7022509977115,137.11162529095537,0.0,0.0,0.0,8.079958701120221e-16,0.0,147.61536951081322,107.38319695519266,78.7227086839907,27.369833455524805,12.423345012960114,-4217.9933753955565,-2900.1980955149957,-1404.2541512909131,-325.65095876875984,-293.9504525804888
75.10158551690027,55.274637810872804,38.55881213862281,33.04341632441323,37.944684438499436,-3.7844353397849647e-16,0.0,0.0,1.7202645847127738e-15,7.49030064447361e-16,16.541439765736225,8.94232411348437,4.33587388955443,4.360722421152699,3.341154091695248,-149.97519346917713,-91.38823087803883,-53.110981731675274,-43.178882670183825,-50.28600354846006
52.98416340788477,45.959997266764255,34.465712373316386,32.5150672227584,35.476532544861776,-5.364189524255934e-16,-1.2368020505065184e-15,8.246372256158067e-16,0.0,0.0,6.9057394419237355,2.0263031008390415,2.8213005248074943,4.016097680102949,3.5861108438454457,-86.13366675348476,-64.06601831936892,-42.99728965807843,-41.90808582397229,-46.38796049312978
369.4073799609875,188.47934876629716,296.1999086492955,228.67930849220036,85.86216980039657,0.0,0.0,0.0,0.0,6.620310084517043e-16,25.733798031040994,38.66897210426979,11.702553508335951,49.595974657486956,4.9814044091097225,-1001.513259348853,-499.4699011905681,-754.8321870852257,-606.6788456313457,-153.90483773907653
6490.464782521843,3474.8244228633175,910.0680455352465,1528.015223908126,4410.37280207251,0.0,1.0469532742877274e-15,4.996849995090307e-16,-5.952131153816389e-16,8.2486877421839805e-16,444.9542582686548,347.18189809721866,77.54601432723136,130.87794259749572,516.7869394091247,-29210.611457604824,-14606.329789088231,-2999.2863155284276,-5513.992775544021,-19140.289857008298
260.1970622822809,194.79871284276405,131.65349809905112,137.91210195470916,110.95663684331512,0.0,0.0,1.2952960539956449e-15,1.2365140851701819e-15,0.0,44.25959178198213,18.956756613129556,14.060925228141347,22.468293859752613,17.374657422598865,-707.2604704232135,-457.6327993223217,-279.2453897938141,-312.89586581644824,-239.58601162568382
514.0157802836138,304.02624152504734,86.90513106653219,144.6885978313865,361.45138149679934,0.0,0.0,0.0,7.85734601244125e-16,-1.5726435634417783e-16,50.55700310339506,28.922097359255005,8.896949245244818,5.341232734527544,56.469175520985765,-1537.6792557975361,-806.3780468450066,-161.18067341191568,-304.0093821652368,-1035.6757250205007
122.52736882478898,87.57964738710564,26.937340143767035,19.020487314136638,32.89021296464936,-4.639242595839355e-16,1.2980965454121496e-15,-1.0551045232645377e-15,1.4942682046468957e-15,0.0,10.764735596142312,8.00678390428875,2.149648327539315,2.3692426430018383,1.697842744036994,-251.39005388580827,-163.53332286604137,-30.015615217363884,-18.353282698129345,-39.20331855170093
285.7949072961577,138.68531153392183,43.6344487456119,49.2519941719473,171.22186685983286,1.1933750548305637e-15,-8.197467811420585e-16,-6.513594246624289e-16,8.656007713468067e-16,0.0,32.97674418745383,17.660365393337646,4.765244560579431,6.837193717169793,9.682098286733417,-750.502977761107,-303.4986162449828,-64.27037107289657,-79.10505051068577,-380.2394111823492
426.0939070412918,208.21037400485025,17.831735812089605,75.84183695584281,330.8798991016018,0.0,1.0920381682707865e-15,-7.969417484060802e-16,-7.49499499780099e-16,0.0,15.086378552215574,14.301788240623832,2.1104917373193146,5.737434074038122,37.555802457073156,-1180.9925330519047,-491.958915243447,-17.008261614988434,-131.4191581854808,-895.6079414919744
137.1841650164512,59.20238802387253,10.225625687397468,39.73710554118597,111.90202602577246,8.287169128301553e-16,9.601541552325003e-16,-1.042297201386619e-15,0.0,-5.079748855281339e-16,15.116124360819619,4.680988549880131,2.093640536727008,6.384120863808814,20.461612918074117,-295.9672718451257,-94.04246247541539,-8.199190387236083,-62.548209182064056,-239.0311809450294
160.6046242051303,100.4382834565459,29.687585204825496,15.424131654929074,78.02047923482581,-7.078677733239542e-16,0.0,1.914720192586379e-15,0.0,7.285704909568788e-16,2.629840309554111,3.966606755217208,2.0200561342460714,2.219217117821453,13.3089756665878,-346.5522931365667,-188.5905365178847,-34.13158489556551,-13.706905543519762,-148.1615421834681
988.733498838666,564.2001513961883,177.16404121900268,245.57605173980943,694.361361405234,-1.8397165724458428e-15,0.0,0.0,0.0,-6.5491453897457075e-16,96.4085093079106,57.82744683913465,19.323001766670124,20.848579300107737,87.1147475212099,-3369.866704850048,-1731.2456891314064,-408.714045809474,-606.4213232650142,-2228.2267367051027
106.77135230870181,66.48373511465574,21.074756439013264,44.369505401223456,81.67530814934797,1.0647691095352981e-15,0.0,0.0,6.405685430430851e-16,-3.4798411018460177e-16,6.181342348210286,11.638023534969577,0.905931922820804,5.939070188159712,10.765748636489029,-206.0068789435081,-124.92836490198012,-19.172675196507008,-67.0807052081868,-154.35879921702696
20.210256224038204,16.214708125409853,13.925803462780413,17.451367628620915,31.52094682627967,0.0,1.7528350933350891e-15,0.0,-1.1196787351701036e-15,4.508384470023e-16,3.516308424597056,2.876131408507585,1.9446637447940753,3.775267053783056,4.042142566070319,-21.583181815522035,-15.904472816348811,-11.303819567510855,-20.440930974671797,-40.988237186271206
38.73267838674079,16.529362922607987,20.857296653347625,19.782415252169343,10.972873771174644,-7.337914808425307e-16,-8.597339644448819e-16,-1.3626746506404167e-15,0.0,-1.2950896010973373e-15,7.489753354007178,1.2972518687105214,2.0854444537072525,3.525650857672191,1.0917184256109338,-59.71488530005021,-12.999210904030784,-21.39714694896503,-22.350271491034484,-6.304705367866733
36.484555909569536,21.22303046876608,12.424673021502919,19.486213888400904,6.999846724850398,0.0,0.0,-2.2875217223999064e-15,0.0,0.0,13.284712644680845,1.1611214369272207,2.5551428746421054,3.0169468963987978,0.5876501057227346,-73.50795774221264,-19.57012325913074,-11.511269172338606,-20.660038764911135,-1.8236861419134267
40.914345127705644,15.905257433911373,27.81524825013839,25.92609371688417,13.472013042882983,1.3893273540950753e-15,-8.93469016408577e-16,0.0,-2.192517680509238e-15,-1.58226406142503e-15,5.8029612299069715,1.0796772258250527,2.736178470738976,4.3463083087506655,1.6118240990240147,-60.28928662809413,-11.990544747399822,-32.90668141568979,-32.33125534194047,-10.481532730673676
57.724328983933404,33.57180862223032,35.09603857450232,18.089754031287775,14.390161599654558,3.6927726052451875e-16,8.465945266822455e-16,-1.6196534187224599e-15,0.0,0.0,16.060414576306968,1.8844566453332534,3.9251052538031614,1.88317196252574,0.8547757581772,-116.63038721844455,-40.47403962754156,-47.31824418455017,-16.69959907722672,-9.865905494835303
92.29975588820312,21.33165508278522,29.084148441723517,95.59207708723167,132.90578809111824,0.0,0.0,0.0,0.0,0.0,19.194208323915053,3.156913862686732,4.586706006500436,15.40949707274463,15.358095019239007,-200.30738847024432,-23.329800725477906,-38.61307134309893,-200.60107465158956,-285.44539696483423
97.47548815215065,66.73132262021981,27.15408393171966,16.235525215345078,26.786733696276556,5.831560317203075e-16,1.7036502988053849e-15,2.093365366467295e-15,1.4770583035550834e-15,0.0,14.498435423662132,8.05479191816503,2.994472478082404,3.6128614896329947,2.092419673092834,-196.67986197124162,-117.55671494767189,-31.961025744200366,-18.754621749370017,-29.183403366838668
326.3069045937082,194.00715899949498,60.396351620760385,82.61613743151173,142.2226047199773,1.0452139025054033e-15,5.859930030824892e-16,0.0,-5.375332515614275e-18,-1.5987168558114165e-15,52.17235213761105,21.964594318256246,10.16368174548116,13.875662904319274,10.161154093760986,-914.399718373676,-466.01026052153725,-108.01507233143387,-170.3482081430215,-301.64886969813824
107.24702553393516,74.6326855248571,35.7885333244344,12.890097840109135,17.487492273618827,0.0,-7.616424152642316e-16,-7.941568650705019e-16,0.0,8.126296494003389e-16,3.1447189102407083,2.677654244957064,2.0934718098674514,2.633978349196164,2.2990188760617287,-205.00535645686625,-126.06304128758272,-44.740515975883845,-12.098533803598528,-16.618211516814483
23.076484964690025,13.787437320354202,4.07946183497697,25.93333141473874,28.266541361698373,-6.158153954966032e-16,0.0,0.0,1.095952886880204e-15,-2.513723651818603e-16,2.6372079834026434,1.4349465385399065,0.6066723231424145,3.4274171257000665,7.279604953299783,-24.229892803626946,-10.414957684332762,-0.24518166861207216,-30.01251195835156,-41.261632893697524
73.00721019414209,44.806253612208124,63.347114222004535,58.92667956388654,22.432128350176235,7.786000685363675e-16,0.0,0.0,0.0,0.0,11.690033689975959,2.00260491283701,10.248471132988902,6.519246264358587,0.8411251072718439,-138.17013532570732,-61.81253240957912,-115.40838782808561,-97.38584136657231,-21.168970948551006
614.2455065060707,349.8363154146001,144.5362350133711,251.22016270706197,436.0866514213545,-7.4033484342952985e-16,0.0,1.5731257661595906e-15,-4.52538667663319e-16,-1.0427912650026964e-15,68.69617015478423,33.49787992626996,10.05300568495871,38.38861386794454,43.893268922115304,-1887.7223983420363,-948.7209839236014,-307.719327832625,-663.2998112665257,-1246.615894542808
106.37371554400194,63.98017979879686,33.353792209765494,21.7791189285433,37.72800385456756,-1.8703113357973356e-15,-1.3326803481851956e-15,-8.521282752994592e-16,-1.3049981279616896e-15,1.5066638319887215e-15,18.707118902280442,8.126690247437068,2.030524525735948,2.771942849330381,3.8346817881293753,-229.35429812214426,-109.41709966933946,-40.3220603073161,-23.100973813677204,-52.07029925326277
643.1392608761189,306.9998146725615,54.81828070980118,139.60521613779412,527.2319556423118,1.4141489364744513e-15,0.0,-6.480892200191344e-17,8.143452004644587e-16,0.0,39.437980395067406,13.23461236606691,10.348051006467777,13.922145189819062,55.922147338864555,-1960.5661537790245,-789.5864335209427,-100.4241744798598,-298.53104241116654,-1567.9035745036176
161.68394160201393,105.82657563473904,45.1239026228526,28.876109784640658,73.61769452792564,0.0,0.0,0.0,-1.968527592004215e-15,0.0,12.185657540073175,14.080210457835843,7.261038190565044,6.273752509778076,7.378422088875338,-356.63432311169663,-218.27713367247463,-74.4559590586648,-43.226071883312386,-133.15298478222078
143.69371268185918,137.14571658937987,29.150178884341894,128.5193742428345,105.00861854632915,-7.911747535768737e-16,1.6578984827065256e-15,1.2187622219734822e-15,0.0,0.0,15.141304325367251,19.100582057840292,5.992742033036048,13.473043569019444,39.4721110199945,-314.0082308868718,-308.9601867293829,-42.65368024480252,-277.3535166461017,-287.7207364279657
8.040548359756693,4.359123618492742,7.199378752151748,10.351835650829228,16.747119213254066,-1.7673986996120778e-15,4.075032035945021e-16,0.0,0.0,0.0,0.6852426454840997,0.3838548586947702,2.3124234374931394,1.6968494131668148,2.0675531137666,-2.828948721936136,0.11442346878112851,-5.986299445238906,-7.616800096836251,-14.791486901311908
236.42405622952077,186.19746989691586,175.77903143285727,146.1437197027355,131.67177560221148,9.617197127457174e-16,1.2211426694955227e-15,-1.293519901604888e-15,0.0,0.0,17.503009979175292,19.605968565804623,20.096509162468966,24.35754358687152,12.158227382195598,-577.2150260304808,-436.9148708909235,-406.52066203793015,-342.426069486264,-278.8725518610957
495.75380697993023,208.74627045473105,114.91391318406855,233.65235264533658,375.0738667530196,0.0,0.0,-1.9786435701569576e-15,0.0,1.2124207821333185e-15,90.74483568890501,34.72832529463072,17.404118396143677,10.986808434825532,11.429043794287438,-1572.9971023535518,-533.4471195271759,-249.13805180873584,-561.7586225238825,-1009.1618688767302
122.22978254041652,52.182869076817106,6.122260617603753,59.78110891827614,150.9726184489963,-9.301075021059154e-16,5.446559365788246e-16,-1.1605888415090142e-15,0.0,0.0,4.850383504218425,4.10967499704731,0.46366065116044586,12.746988620884643,15.138778376989723,-244.3751933304733,-78.61843650064344,-1.0634294870109864,-108.57082686001986,-331.8736811364583
70.16561309106928,34.74663001380098,17.046131765659474,38.54748193787341,70.17810922503517,-1.6202642963307358e-15,-1.6359404879906463e-15,-8.336703546918886e-16,0.0,0.0,6.455262674215132,6.248637107426264,1.05257762611159,6.9973006674139455,17.001815567274726,-120.22981642744982,-51.30286192704691,-13.54294324954816,-56.59096086854068,-139.29010524066214
883.4715645157974,630.8959910720338,463.6993942480716,628.4524832396075,786.0820411967475,1.5441833189131447e-15,0.0,4.903471478800139e-16,0.0,0.0,136.2774834315285,17.301989594269433,49.84526579477088,81.98114789776969,109.5614149008577,-3041.2266013719764,-1900.0661018787998,-1339.688165919495,-1980.940623530741,-2618.932634550123
0.0,0.0,0.0,0.0,0.0,0.0,0.0,0.0,0.0,0.0,0.0,0.0,0.0,0.0,0.0,0.0,0.0,0.0,0.0,0.0
127.63893300989099,72.75231747540633,147.1916126121536,26.784159189569312,174.27020519591744,0.0,3.9066397355674436e-16,-7.723730700687284e-16,-5.305693792596711e-16,-6.523595791593142e-16,5.561437516428779,13.698508207947679,3.38048874285035,2.652800088675511,3.382619386691327,-258.7797218788738,-142.07596103268372,-309.9409426613947,-29.646891178205028,-385.0267832547549
131.96171189354516,98.53623815498007,107.35348823918076,32.045645391396064,133.9376972497719,0.0,5.768783132496227e-16,0.0,0.0,-1.6976077692243531e-15,12.486019543334633,13.166157184982211,12.001073107319993,1.496967003752626,8.625915879736656,-277.3657782384729,-198.9781197210486,-214.88337562404877,-37.485058700357726,-277.9730391149748
83.8797536968496,42.27495110224276,65.07880943692427,14.653071218114247,113.12239692852613,0.0,-1.1030022701027513e-15,-8.734551131563313e-16,-2.4245522497758745e-16,-1.004989646687265e-15,8.237171832114575,10.29031957606006,3.4432465700424157,1.9323044416770516,10.875364892099967,-153.08913407148322,-79.45293519445096,-105.24984852958605,-12.232483204365069,-228.26616363667029
44.63594037378594,43.04446943460032,50.82298914594338,18.225789909580346,65.27411830375215,0.0,0.0,0.0,0.0,0.0,1.1349936387688173,4.623670155311092,5.9549335360065845,1.9327684733642374,1.7141830820646877,-60.930697068213846,-61.78054365276544,-80.18071109245216,-17.154141131659042,-104.54183983017639
25.089914431515453,9.064586783787096,21.355716328304197,22.536100690043888,44.165338763283046,7.079963721075779e-16,-1.5677333180393301e-15,0.0,-6.305817901088872e-16,0.0,4.491147513773238,1.1951946260242576,3.9182561827049915,3.715263677101127,7.447097931858454,-32.78189891179557,-4.607679634422561,-24.024492432844344,-25.015565596895982,-69.62950396711267
57.769594645198985,33.659905586550714,54.85046334160269,7.281952345408706,56.53784927342384,0.0,-4.2218938132970135e-16,0.0,0.0,-2.010809381372341e-15,5.9466445954143605,3.816038073950265,3.807376591290566,0.6789281713213955,4.153368863602855,-93.17376577757167,-43.270311216348844,-84.27777519977732,-2.2388007704643873,-88.33939056247115
37.945911574365,15.285954047358377,53.33720251019365,7.893173932626001,53.15614006291265,-1.498011683008547e-15,1.1402952954465533e-15,0.0,0.0,0.0,4.5850304200741725,3.7020924590346445,2.79592539883339,1.583030932019609,3.477074539711301,-52.24018861748993,-18.90653216669396,-79.58299605456408,-4.529095399490868,-79.89554576247747
10.350171963329023,9.099586493459663,5.2963429747918696,11.499034094774952,12.364389748003093,1.3730066288320133e-15,-7.80851675261072e-16,0.0,-1.2358302965341477e-15,0.0,1.8376221415907459,1.1067868671712557,0.6918552200944867,1.825246151719616,2.441398968842841,-7.375861866064886,-4.644082527552919,-1.0549191886698657,-8.318862669200717,-10.484203379452174
227.32926543209697,122.80314692484184,50.93506216699274,56.237291227717215,131.54928137534608,1.0001953554508289e-15,9.257648567523665e-16,6.277487795023204e-16,5.053890187441323e-16,-8.642148138934821e-16,20.848619997238092,21.955378141358683,7.808838109342844,5.723771142191272,14.145197712936735,-556.712089333029,-278.48447554938156,-85.71268976077643,-88.63620827728367,-278.92594823311833
103.43743980211303,41.41654922475361,18.132456036705577,43.58157615276258,85.25571731910311,-1.0990878925378587e-15,-1.3724808059777748e-15,7.837247577732953e-16,0.0,-1.3334805136422493e-15,4.715533334213698,6.915327652993742,4.238888969659471,8.087614244096198,4.803738605620243,-196.4755921144873,-64.14734698046443,-21.14999144030242,-67.65126699294515,-152.2996943970637
120.85364450969256,71.9360170038124,63.524275148515166,33.25336335607814,70.49369084786268,1.8813969273801794e-15,-3.9509706839756977e-16,-5.592686686301439e-16,8.547017974110883e-16,4.0318089588673785e-16,11.58133009543712,10.839440268082445,10.049494674967406,4.916780310570022,9.385923291618225,-250.62043100822578,-131.8114436159092,-113.78720330578352,-43.86664149458273,-126.37549539310723
117.38358496330676,53.97252472933486,11.34423861718025,37.08607272801147,84.20580101737893,-1.937014238526685e-15,0.0,0.0,0.0,6.750534781929847e-16,10.303468732985516,6.052949392277793,1.0887617183168918,3.232660541527664,2.4481589605854106,-239.3043189080315,-88.00842756446487,-6.6887213936966745,-48.22747799994671,-148.27377358215165
338.02066283576175,201.04724581331115,287.86508188635224,80.17479918572596,455.1970265610847,1.1771586052980157e-15,-1.1309464823724428e-15,-1.5797239036653852e-15,-1.4179871839561332e-15,0.0,64.34753561953293,24.68529588310524,4.5522799809019405,11.054133638149006,44.64570988310621,-983.4142183244551,-490.6016053523575,-725.504791999417,-152.89795218529187,-1310.4599594858082
68.18728789264148,24.285462408185637,54.34505087902085,24.238685303730136,70.97197076105405,-4.1681830013760046e-16,0.0,0.0,0.0,0.0,9.647805559924883,5.015726149187415,4.323466649877533,7.219573931514603,11.873770615039533,-121.40120606011435,-32.80460547208272,-82.86262326676966,-36.23203351941202,-135.11546279738613
22.707218277982264,17.522954491533714,13.246758640572887,22.732877178889133,34.73694985454928,-3.1291491853454724e-16,-1.621970167424453e-15,2.6819494301942346e-16,-2.344212954772653e-16,0.0,3.569685626362883,1.5167832007284132,4.2722769673784615,4.841889187295319,6.5119734209640585,-25.71147039938811,-14.917366744057817,-16.02101253978032,-29.488243781693534,-52.08145882766231
7.79318039699891,4.494056874168276,4.635389529359005,4.513905596096019,6.2994792156690895,1.8234987503528713e-15,0.0,-7.664326064290396e-16,7.870598095523237e-16,-1.1279388524573948e-15,0.3594125360264946,0.15486907473932757,0.6897633075466177,0.29676102354279216,0.4664246369938164,-2.2977342942485373,0.25665406120560036,-0.5045737565955111,0.15337485664263223,-1.1950796758992535
701.8923844798909,308.9742520241738,256.3392914995677,200.53394742140517,666.8762961696322,-1.2957751385874813e-15,0.0,-8.87002823925709e-16,0.0,0.0,89.33339603603882,30.815954916767048,31.3930923933764,25.141180900637895,90.60583301642876,-2243.46501708366,-832.9439666400393,-657.6657122621159,-485.8339902386483,-2154.0123145289544
203.14929671644018,105.6406345392063,31.169871130470653,49.682592990730456,121.80078922291054,1.6788663248040042e-15,-1.3452072469261762e-15,4.559163769307321e-16,1.144131484268818e-15,-1.4000751363797204e-15,20.755213397908637,18.889476626183527,4.047190839707372,4.654918240011052,11.966155210027607,-486.0665273095827,-230.0170257625765,-40.43620124543054,-74.41116328879042,-250.5831682614314
457.17633855462407,169.70251832873404,413.34145956836545,128.9701019467442,500.2355750166116,0.0,1.0048775837968801e-15,5.500867870372078e-16,0.0,9.090663951106697e-16,66.92283647065125,38.551506239800894,38.96187276445241,35.5552707529252,48.888759853695646,-1359.4165334096888,-449.2537468606912,-1160.432418954142,-317.70232777651074,-1483.1281249890553
284.0720711234464,98.9306040095914,139.1320984729009,217.79043464115517,399.9262852787265,0.0,-1.1491574205954914e-15,1.02139296906888e-16,-5.220010599130922e-16,-1.1370779256720532e-15,48.59585386109491,16.58236288249417,32.90987003459754,44.17454601192866,40.32079075961412,-796.5691987388557,-208.51171894987812,-336.476549806029,-566.1821112401741,-1120.1339811647458
158.10420614649348,76.1046526357462,142.06505427206886,6.166003949783637,210.80921506252054,-6.516505739875887e-16,-1.4938224377127968e-15,0.0,0.0,1.0785755991539503e-15,29.500829860561513,15.09902796070325,13.40807832641777,0.544080829769817,31.979739380115962,-390.8477519547645,-154.0790284064222,-306.24390878563537,-1.21704165516196,-534.7911421326032
24.265045591244114,14.221256837711909,3.7562829549048296,10.857408927414054,24.55273406889394,-1.171302535720757e-15,0.0,0.0,3.272156094102889e-16,0.0,1.0915372739748381,2.1141124500787543,0.14770371816347594,2.0613082526553335,2.539076975175418,-24.204914944541123,-11.935538118894378,0.6228675405370242,-7.567826087118126,-26.385324787156115
249.70268778582457,117.98229842352177,136.14617047594984,65.79806451590576,273.48900688634365,-1.138222006435987e-15,0.0,-8.350351487976576e-16,0.0,0.0,40.80640631638989,15.425599776684901,4.1014783023470835,12.487079619835571,40.98452036608132,-658.9894067064795,-251.97174429701226,-280.46595984437675,-124.90450862981169,-739.9580518693837
9.919990586748243,6.910495885871802,5.902500342450059,16.758095255171977,10.151003724431108,0.0,-1.0282080294885536e-15,0.0,-1.6959987992449406e-15,-6.99972884504011e-16,1.1352188280384339,0.5300765271883886,1.0450210425420998,1.8128367971467965,1.563847711219925,-5.064838168381274,-1.7798704438900217,-2.60366396378975,-14.317798160762152,-6.418518864813116
226.75806528314985,96.25251514797264,166.34848000893666,64.39500053704207,244.81762649550072,0.0,-1.919338014322187e-15,1.025138652143156e-15,0.0,0.0,30.77346789920975,19.567007276257947,21.666644689911077,14.565802049531216,30.719256755132403,-570.1572479235746,-210.05968138050446,-383.0082960987687,-121.52064719810079,-629.8059801984408
15.0511381739006,4.767739200198954,4.856280532523197,15.262674258239214,11.262267325653118,4.720857170736866e-16,0.0,0.0,0.0,-1.2618111703699851e-15,1.3535067076406948,0.6706791160656317,0.7096425259830369,1.6186945175447132,1.4856296381694758,-11.312620820633837,-0.7868286357829669,-0.8678681929187947,-11.88379233170237,-7.265093311264025
15.306920636159546,7.198055100848964,8.156792628118573,6.4768855981240225,7.123099484038275,0.0,4.935657797870263e-16,0.0,-5.485219130363389e-16,9.97519039783612e-16,2.7166156647035926,1.347120162527384,0.45216189206693236,1.5806808366632277,0.3637960417358591,-15.624763997910518,-3.14102031757055,-2.6858326070424137,-3.4553098501630606,-1.7169564351982627
15.752188760185458,22.295130623458252,25.401520033167934,17.27758737112757,59.36801776213457,-1.804302237809737e-15,-6.373972395680776e-16,0.0,1.6450045263784505e-15,-9.574754388559564e-16,2.5233472435160413,1.9253886248700767,2.5312428976880956,1.7471004573954523,2.2245830176391928,-14.775596719255867,-22.028530633439036,-29.09870786921915,-15.699053447028925,-91.90007962449826
92.8436598251223,32.19205159698579,104.80970606696846,34.14546071897855,97.83684110958059,2.448995180408729e-15,8.828797178327458e-16,0.0,1.6647430628813748e-15,-5.810021891154627e-16,14.912284242652143,3.817934152561562,14.112621543485282,4.854910231781082,8.357609189580968,-189.65505786520177,-42.09481686247608,-212.7144995729831,-46.51885004111557,-186.20835368326829
60.65811223879666,29.136141549825272,77.4301588317953,7.815262097957047,93.5068206971734,0.0,-4.877397609735056e-16,-1.4682500906214413e-15,4.5458663244694e-16,-1.2158133157986052e-15,4.625762464949446,4.056320994131793,5.445021355298957,0.9012148042584717,6.7873278002707575,-96.49939304384398,-36.2402097023292,-135.01681760764907,-2.8974041211569497,-173.90629249972395
54.86062058138663,38.76812286963579,37.15488756872901,27.606619855386437,36.21882463216035,0.0,-7.33120598229032e-16,7.649521042912486e-16,0.0,-1.5694440512112628e-15,12.382548597579538,3.3879278096634122,8.480687188798798,3.9195599504054153,5.036169351173714,-105.97809559403404,-51.29341897719352,-59.051902806731526,-34.91543095933007,-50.06438217532447
13.718604383045047,4.8730740074747,7.919616238122292,4.868351872878657,13.060316137500626,0.0,-4.1009051807134023e-16,0.0,-1.4595139265066232e-15,-5.44047118216296e-16,1.2851567152369372,0.8034453624638737,0.7482351663238151,1.0242783684033125,1.7191937431626925,-9.902254351450704,-1.3045710873619916,-2.8501125904926146,-1.8016940978986817,-9.410467029992532
128.21865197458544,102.7559695517616,87.83855833095862,73.96583301978816,86.63733954410856,0.0,1.1063769649348517e-15,1.2942703054536267e-15,0.0,-3.280538112084343e-16,6.176988514263479,7.974068501914313,11.015424531510298,14.109267057247814,14.363515648393596,-260.7611641608162,-198.80978439693914,-167.24916061306047,-147.12365849346335,-168.021866153772
63.518175204608454,38.39975505872508,38.81723591069553,48.02356935198554,97.20532169002583,1.7898316089119587e-15,7.401534042844398e-16,0.0,0.0,-1.1695536390913602e-15,3.5280736518645206,4.3435729081499685,7.073286669768618,11.074851206873053,8.800026509205049,-102.09461917112523,-52.83302451763472,-60.000670308296385,-82.47668718896222,-185.0611929576972
29.439826565831975,17.7607855679476,11.247376965392807,23.700513837900225,31.650883302881393,0.0,0.0,0.0,-5.996011230978878e-16,2.244938092124003e-16,2.7794863044500038,2.3763717609381763,1.9116344362881192,2.7820718325950793,5.337453224455464,-35.67287587975906,-16.430882324685957,-8.976423352449036,-24.99452285146033,-42.600179901781495
114.00062930939983,105.27684294477453,105.77092046888936,88.14408384777295,86.339679471766,-4.986237287035839e-16,0.0,0.0,-6.448920492381319e-16,6.583695840496653e-16,7.794828288911004,8.658804775502363,15.806866647835632,13.060242519649634,17.244153518993773,-225.40189293900914,-204.78658332308717,-221.0832990864339,-170.9640418708789,-173.74409371508938
4.178402979735266,3.6661204950360338,3.5499931118806822,4.571559005948702,2.42666861198059,8.502563529728271e-16,0.0,0.0,0.0,0.0,0.11781624992115504,0.36638182510467926,0.7636846276022521,1.2229198606390197,0.0528609213171204,0.43990443786425804,0.4279741493571628,-0.21177944509240432,-1.6336767023208008,1.0810314279663413
21.604097958272078,8.572525066447794,18.805526120077644,18.97483673298151,33.95290060447388,0.0,0.0,1.5113488050759549e-15,7.489315937301905e-16,0.0,2.118140585566664,1.8184123219437776,2.1259658495440803,2.716447955877453,3.2104476384890464,-22.311706170285998,-5.52885091230646,-18.378977968504103,-18.16782355831542,-43.062600966815396
88.52185924721768,78.47133753486209,65.20366454581982,46.68964124788553,36.7810952525903,6.421399114772283e-16,0.0,0.0,1.2174738837468005e-15,1.9318150557522085e-16,5.446411666186936,4.784148971033531,5.834704085472873,1.8557120538451204,4.234392602488398,-160.37622579351972,-136.60072957087033,-108.3835954615104,-65.39654190853268,-49.921364519052446
43.08332713637556,26.573428025785013,25.9327159728254,13.55529318068918,39.66563524748525,0.0,0.0,-1.3699736203964712e-15,1.0483620328807595e-15,0.0,6.826689494717347,4.377778440213153,4.1433811356636285,0.640948729533734,14.23351112895669,-67.0546595362499,-33.34811028300697,-31.688818366548883,-8.630303019833525,-80.88814299288953
16.791046081406908,8.844905232454654,3.0976234105298155,2.644028068934814,7.084873412328964,-8.463352816914721e-16,-1.0041695149441826e-15,5.73457972122061e-16,-1.3436747213624568e-15,2.005802205367924e-15,2.2073513232411432,1.6664124332300152,0.37959516550900035,0.16127497405991992,0.7305966034037877,-15.105006473930777,-5.719996858467939,0.5238567523505278,0.9607308749973822,-2.5427595473549727
3.6575316133096765,2.441095955312746,3.167830454034541,0.6969613966788621,2.478236577730777,0.0,-5.912467016593755e-16,5.607487096217181e-16,0.0,-3.583912963278893e-16,0.6992923743325095,0.45788209426191606,0.6877952732654402,0.1272049727537895,0.5215382973291771,-0.41290758933151206,0.34019151211152676,-0.07246059899560517,0.6360494152157773,0.4178357770745091
41.883066139250396,37.73609780209649,36.94786132367655,34.828140214745375,31.0896149133138,6.78596675226908e-16,0.0,0.0,0.0,0.0,3.3132604113532804,2.0157004560013974,1.8295324208928045,0.7390328775828464,3.1443537046962264,-57.297946031101304,-48.239051019059886,-46.73239970272923,-42.124005781567526,-37.53613074965545
12.383620043488612,6.263881528053968,4.281555559001118,8.556256929847555,7.304738558236207,0.0,-1.13434893775976e-15,0.0,0.0,-9.727148071014151e-16,1.2149895602868361,0.7834674591848387,0.8149092124204934,0.4404562198505373,0.6098464677384605,-8.187124829212163,-1.6405130681037399,-0.8828689662366555,-3.03279501550476,-2.0910651724490545
487.6284933962957,350.6357721441699,244.13533893871096,305.25106952087845,356.0805237868912,-9.325692756778487e-16,0.0,0.0,7.448742957727138e-16,-3.650279976721807e-16,24.455905277744538,45.21257291941949,33.60062699288457,15.972391817456604,72.42349327429906,-1398.1060976437536,-978.7579709343826,-635.349005375024,-786.0634277701905,-1079.4497196577836
34.407346460982104,29.921861713974074,27.913127280722296,24.582198738231522,30.564001686914455,8.260360752502143e-16,0.0,-1.0182201780748857e-15,-1.156190694455703e-15,-1.5111004866937985e-15,5.079133403961211,3.495389431948798,3.119030623591786,1.5194697626656448,4.903822483803482,-45.91654780070359,-36.4077420343139,-32.47034480606151,-25.07883176132481,-41.208236064804574
72.67110590327891,62.939609959744395,66.1221020750999,64.03007591814821,54.459404137872525,0.0,-9.031422167561025e-16,0.0,4.4388061427158745e-16,1.043775997197839e-15,3.5037006918100144,3.359443577824897,2.4613931730190286,10.162328378610383,7.929309580762834,-122.20875104401541,-100.44252992128192,-106.75026115885669,-111.98332579193921,-89.57993315118125
35.519045117623605,22.01070472839915,18.199061590434713,15.83062949638038,38.66050549403201,0.0,2.1790140413779944e-15,7.808564548554041e-16,0.0,1.8379033762757864e-16,4.344080114828933,4.809166096577697,2.327499850865193,3.6066163788689747,11.06044400275845,-49.21041818618454,-29.18220410570137,-17.597656714300747,-17.45864003041406,-67.31669182952078
72.79272015011288,30.15576328373234,55.490714338918536,62.25286431233848,98.18362956899584,-1.1713414214413005e-15,0.0,0.0,-9.131052761782993e-16,2.894750332124505e-16,8.220377782278973,6.447334088515081,9.766482267184742,3.5373761284532086,29.776018953915806,-128.2453993214895,-45.27214760284412,-98.28932362754166,-99.10952950327699,-234.95631343676115
12.882225485799772,10.973176204303385,10.30106139249149,4.399031980125813,9.374807716777145,0.0,0.0,3.4488811816907495e-16,0.0,0.0,1.561236399141243,1.2332207818904495,2.3289388006718985,0.276559903602071,0.6846288888090649,-9.016871232047894,-6.620483659211155,-7.742179404542526,0.20868405539113974,-4.161712762758811
121.98011326763904,107.69582247722037,97.78007578928053,114.55637353380412,97.03649889095456,0.0,0.0,-5.813394845725786e-16,3.721535767106462e-16,9.519155854192047e-16,18.320561016168032,15.42294044585424,18.67279049944075,21.72393326806641,14.714202044518611,-265.5041665040487,-227.0391375657968,-204.40658602328432,-253.68847700796027,-201.21038575512526
214.01133485348348,122.23140617534375,100.10193542051906,15.245761955952318,156.13923026385095,1.0624375367729785e-15,-4.65047573610213e-16,-5.678553428763792e-16,0.0,0.0,30.158416923972744,18.700228561639495,8.733661146279289,5.800335859962266,26.584221736159495,-536.519655426822,-264.6837596495815,-192.90384983504805,-23.73027398843622,-363.6594147010521
155.19858774033648,105.76737705723875,67.51794699409365,130.5053706520952,177.036067890792,0.0,0.0,0.0,8.711276566899727e-16,-4.013547884482001e-17,25.87778802180599,11.809394816516557,0.6926283593911173,3.9885139003450822,43.60719593119482,-370.0360040084806,-211.2500403937707,-109.25134949150777,-265.4117838236525,-467.8451352193578
19.621790685193858,12.193761155179876,5.953078595279258,1.8357349439439512,5.135389547942205,0.0,0.0,2.3871438093343995e-15,-1.4514814722520908e-15,-1.3836199359887328e-15,0.6590292800272428,0.586925771951867,0.9251795357481278,0.18346096277217344,0.3282154831477396,-16.838016066605228,-6.982151978812506,-1.9467082148731496,0.9991043845949439,-0.25180059383806225
373.18589134460916,309.4789452155718,301.75577968284233,256.84300515569845,232.61129202371984,1.2185545097859529e-15,0.0,1.5070046093712676e-15,-4.426316288142594e-16,-4.276489853135344e-16,8.13211951972687,33.973896812777745,27.94930170647783,34.1936553102712,38.79041408340521,-1001.3282378322542,-824.1784659786697,-791.1623528731609,-658.1015999081355,-614.6800788004906
14.614211287405984,10.890932837414375,17.235381612989027,4.603342230655212,16.42078478637889,0.0,6.524167822604906e-16,0.0,0.0,0.0,1.503811774284873,2.2827414620003488,2.4818832269189963,0.5737533755927222,2.6582944160869597,-11.018812103184837,-8.502415659465635,-15.878103966196134,-0.44519627119303223,-16.618806491338493
110.84627481243567,78.84882755375193,95.67441302653961,54.210018585012385,68.31557242162032,-1.0256261467874038e-15,0.0,1.1882679404584365e-15,-2.6214443540388164e-16,-6.240533839414011e-16,3.6664478251747314,6.874022298354338,1.7324456005904851,13.07984217016119,8.255830910707372,-214.45341380133087,-140.59008052643728,-175.69626887221142,-99.57977686496226,-120.04359100489462
23.196176243206263,15.813674989257478,11.344657812365565,11.565331161212711,14.279890295418552,0.0,0.0,1.2526472768277164e-15,-6.143730134966533e-16,-7.463741538561384e-16,0.7537033689461866,1.786409301794336,1.3984850676674383,0.6780834135706695,2.1364400484227133,-22.304700109639718,-13.075823424308341,-7.29063059183439,-6.3531614368824965,-12.569664934305935
15.215256047369309,7.791227356241902,15.405500530728927,13.450992607871601,5.541357842570054,0.0,-9.119779250067097e-16,0.0,-2.6412278873169787e-16,0.0,1.641732708254708,0.4048491114625692,2.1308346934284152,2.54658031581485,0.7980939487639205,-12.121204527637314,-2.3068552104761464,-12.633550368399476,-11.362758914848897,-1.2779680903636388
100.74709849998993,16.11887586006845,97.17873466860968,83.7105668684339,54.980366918974994,8.46328376307736e-16,0.0,0.0,-6.790471142089814e-16,0.0,17.97296339694395,3.1579337359611985,10.895812306170606,4.186277694335092,3.4311340395045766,-216.82356657788702,-17.003908435441797,-188.92236993174228,-148.1477702890498,-83.86950811034966
108.601488404063,38.70024424519118,109.07200063509548,87.76407688101234,89.72098858538173,0.0,0.0,1.0423100067812972e-15,0.0,3.1677882598626167e-16,25.457958335421363,5.052985799317636,9.409460983705173,10.898330855292205,26.580022588744686,-260.8465622002636,-54.6866094916496,-218.0398642130023,-164.82935609132153,-206.31744618440635
66.66224518734599,78.33014102069097,45.16130297427503,62.071166024418986,45.59541043909056,0.0,3.6284512015491444e-16,6.293376753676416e-16,0.0,0.0,6.731448267097659,16.00516401704018,6.787404686562016,10.845563555131822,4.484522356723779,-114.10863798549313,-164.33312610899418,-68.11863189335993,-112.18863639132783,-66.93405850985867
95.01796849102492,83.83854181892532,50.856069956742395,50.51330272134423,45.17567753309789,0.0,1.356021171827596e-15,0.0,0.0,-1.2582748497609532e-15,15.968414468131526,7.69176002046879,3.7766025848378653,7.155158494764376,3.1212200041147673,-196.04240494651194,-152.20636524444214,-75.59638996413342,-81.90924702123863,-63.443671698829085
16.304348746736327,6.870720041443727,2.7046570806739174,9.200510173013978,9.730139955735279,0.0,0.0,-1.313554204038049e-15,0.0,0.0,2.913065828046065,2.019172810259067,0.3606277623232868,0.4290600545656627,1.4384141797302503,-16.744871925080815,-4.906542871357515,0.5260634038727833,-3.627009322861759,-5.9949300767354154
78.42115837767304,37.837608153286354,40.47169356151245,59.83358139589753,38.74316450097125,0.0,-7.511497374586417e-16,0.0,9.500253458788522e-16,0.0,12.43184121606652,3.3351098913464203,6.865759046367355,5.373982652645522,6.581404774457187,-155.0975075520742,-49.81040243963568,-60.979397518247715,-96.43853600930203,-58.429261247287016
26.37213985399029,10.81601652651761,8.87044767043616,17.62757120200907,29.89494846311446,-1.0777172268826568e-15,-7.39052659331947e-16,8.010224085174754e-16,1.2092580326876527e-15,1.9014389314282853e-15,4.001553870372171,1.6870394426113455,1.003644765688826,1.4826325734658692,5.270932538157466,-33.69248736721149,-8.062935217660106,-3.8864886543045447,-14.795570542922679,-41.5894452646998
18.631310290258515,9.721531232749424,11.087361540019687,9.28880410897301,8.565279133057954,0.0,7.308959038947056e-16,0.0,-1.9123633339239927e-16,-1.659123362407978e-15,3.7694161270221946,0.8788612070680044,4.228943493569381,2.8648780092909862,0.5934139777832761,-21.612038747697266,-4.903006566467265,-15.210355974021912,-8.719968740844443,-3.1779999501696903
104.87338229906419,42.52798560180506,27.525642011249264,62.78029726439927,84.7934793287275,0.0,-1.336612069827153e-15,2.581384788299264e-16,1.1317925634656504e-16,-1.3407497678079078e-15,16.063696339443172,4.275647806090794,6.7991120807992464,9.438274737727845,6.884213217867853,-217.50866242346248,-62.46617477174187,-40.18447698482502,-110.91994908338422,-153.5073572202553
10.666018137178677,9.94801988608516,7.001412873548877,13.59380132234875,11.208578060788327,1.3323486358669355e-15,-1.4285108873856902e-15,-1.2685702668037705e-15,-2.6134806553040453e-16,1.1886143115788642e-16,1.3000712289598837,0.8443132324723127,0.9366453007466444,2.8131490151573653,3.435161246921914,-6.490088198897444,-4.982831537686488,-2.4532213435476184,-13.50292593247539,-12.291663285990646
30.38585801098461,22.387779510943524,13.154578132954796,26.34260476849264,27.93161439297709,0.0,7.934493184247849e-16,0.0,-2.69731388374301e-16,1.0175462481520634e-15,4.642782931125155,3.2744166091107196,2.499025408463776,3.351288425609848,2.742599203723859,-40.18439843271773,-25.249239567927322,-11.606732186224407,-31.01401409706498,-31.90113415214759
111.19373327849729,78.7811114868451,54.02859491365605,64.96490683591497,69.19607700320886,0.0,-7.21536137127232e-16,0.0,-3.2811995138610104e-16,-8.214832592051714e-16,19.794410346063035,7.409663025524208,5.9566484925913175,13.062813828328112,4.647549051034722,-244.92104055506732,-143.46741123127117,-84.20977162318812,-123.530231540193,-115.39106837905668
23.518910503380557,18.72976804264122,15.492477206896577,9.91071858242696,4.738079127305483,0.0,0.0,0.0,-3.5847185542125488e-16,0.0,1.922595682444895,2.9754626039888286,2.758515738372177,2.4182334638790235,0.7856571074552862,-23.72522405864047,-19.99314158481251,-15.269610722450087,-7.980910239619627,-0.7666965354373776
37.82472564376647,24.60152463973269,20.355138755417855,33.11236636416095,49.16235040878213,1.479329710626185e-15,-9.837952033972553e-16,0.0,-1.716682469493702e-15,0.0,6.378281122210821,4.326733757646377,2.6028756241909523,4.512033694115707,6.554698893339071,-59.62679502669394,-32.45241992656635,-21.396968204181718,-44.291833265336244,-77.34238215407828
19.33214971859242,13.126382153825674,15.18098201515549,25.608533509608527,19.786476004977473,0.0,0.0,0.0,5.549265329804995e-16,0.0,3.66714098120697,1.5875658571644642,2.0425578741798103,1.413715507087106,5.345332622803904,-21.94903457375831,-9.33726261730147,-13.029514123451372,-26.63045059030948,-25.231934511478677
87.90220256060479,48.135492208166625,28.356550539746333,31.807137814473933,50.21918787308316,-1.2933332090653113e-15,0.0,0.0,4.467819392644412e-16,1.1319063742023466e-15,11.639701889709858,2.781632470791048,9.134474855324347,6.638397588880011,4.915715204793532,-172.41293676557956,-68.96626467339946,-47.5197333220476,-44.75382787973323,-76.44593712652481
17.37203420608552,11.72464078796201,5.746727500534431,1.8158825925503297,4.126796548925587,8.180305510925061e-16,-1.2120503282107077e-15,-6.182150934545109e-16,1.2227916377191497e-15,-4.304444908636762e-16,1.3161617602255715,0.45552304428110335,0.7581168256877098,0.3360868933751103,1.2264924285241519,-14.272630660013096,-6.350258778824372,-1.4638919468054863,0.62317171050582,-1.6076171218251543
218.64761248449113,124.38945859554624,85.87677573412789,92.9503663605844,101.66969216257186,0.0,0.0,0.0,-6.115459366808097e-16,-1.1181979142793952e-15,31.29531908665267,11.710015520981715,18.68953881881266,16.15106321196284,8.473018899578314,-557.1190979841576,-257.40921643816785,-177.0490546665137,-190.65106908255177,-197.04337444338745
104.08419206244801,69.56833261033555,60.44837807434222,51.248085657239,44.30952702476441,0.0,0.0,4.701815058701769e-16,-1.3864766393663978e-16,1.2828712621788644e-15,10.753707228699389,8.912415627605982,12.134632058768041,12.000686538304805,3.1988179135400725,-210.78736798421374,-122.54618163986069,-109.53562971550424,-91.8713873798909,-61.906540062256816
25.02879801890574,15.94405247118166,5.591342780121482,2.880137839559735,7.958625509408585,0.0,8.912950293463751e-16,1.270790870282974e-15,0.0,-8.927957910823994e-16,1.3407471942268219,0.3861784945007817,0.5945512803874126,0.32256900434626473,0.817638448057915,-25.679611959989863,-11.56343261695478,-0.9361552157465187,0.6821201426732644,-3.285603329664191
6.898896495178636,7.259648773169968,2.916033792093985,11.126143367976978,7.391950449948535,0.0,1.4681345295645155e-15,0.0,-5.987104360818734e-16,0.0,1.4881570939383664,0.5266037344861486,0.5074646162712857,1.7176139700924526,0.6603225098783247,-4.1109706944311295,-1.9810359092286582,0.21827274386786086,-8.378704515807089,-2.404791187034156
310.1360369106427,139.72227374485152,109.54902494670945,115.19123674924401,196.4152093021062,0.0,1.627325904089149e-15,1.9458212506384602e-16,0.0,0.0,58.00076182928958,8.908996187962973,33.61741385431924,18.470275884845737,18.33955088279446,-889.8154228563749,-293.8674770559045,-272.3763262167465,-244.63906404613985,-468.58744106083003
11.049595533936223,9.31164823795163,3.1646703436153834,7.421332839181662,7.504946491542052,3.21524318957122e-16,-1.5261374089801417e-15,0.0,0.0,9.46765891750021e-16,1.592348377452766,1.2207249500370554,0.24765845665639877,1.0598937241349613,0.6855808012277028,-7.737295753142936,-5.062133918000286,0.7525001567735053,-2.985008159539416,-2.4132105523798515
267.51224302963607,172.00462892686932,97.4699945827848,124.2069029246833,148.15022789932644,-1.6999122946163081e-15,1.3219043979328244e-15,-5.831888993543427e-16,-1.5731754655577711e-16,-7.673753819593882e-16,49.4729246312608,17.16514853652158,11.890547265144036,29.388009975395217,6.695015277694571,-742.4083577603495,-401.6402205054457,-189.25099778596393,-302.1936166225493,-314.45211625453834
58.72223616673375,69.32070878892512,21.90486567490691,35.60631849271711,34.063367116021304,9.680050109026658e-16,0.0,0.0,-7.982209516049059e-16,-4.171887842678387e-16,5.007337823456835,6.374168862062827,5.07786224812781,4.290962284943908,8.508720473139848,-93.3805687522541,-119.9908099599973,-26.972824237737278,-47.80115305599907,-54.56233884706445
167.1088608038469,145.5734799866232,97.63168772010187,143.18959010943135,58.020144068827065,0.0,0.0,0.0,-2.9773508055316355e-16,0.0,15.381415619057556,26.784444902078413,13.441218883775225,33.6358356695578,2.3341649297805875,-379.44277719872747,-346.5000903588844,-192.0472184518016,-350.54531984627096,-89.12028344325877
11.22398215563172,6.586685534806144,5.577498132169053,4.576267179986967,5.600865744676705,0.0,0.0,0.0,7.763344094805712e-16,1.268630187101752e-15,2.7585353852838845,1.253358929606945,1.0880242474621722,0.23289579799115337,0.641341329925412,-10.48619182532621,-2.9357658444865327,-2.1366153506347487,0.1547120512211852,-1.149705111078831
504.8753228456833,292.5860350237328,167.86947584241807,217.7484870428988,305.28560342146903,0.0,1.5542346402471937e-15,0.0,-2.6105080973356773e-16,1.489580071218269e-15,87.16338501195942,33.0237690864655,32.322853294749976,45.805011873822,31.681164984890483,-1581.468650998454,-770.1973098262818,-403.70732551538697,-586.7452030834947,-804.8493317293368
60.28184771500182,44.18358976053936,20.275126215867026,23.56026531930496,20.99556560561009,1.8859215838754687e-15,6.43263926368147e-16,0.0,-1.2063408049618034e-15,-8.460628652583675e-16,7.387012732108231,7.189773591678637,1.8541477663146693,2.3559772874892304,3.7563175225553977,-100.40918206760566,-67.46117659248522,-18.75416225926222,-25.956413367386883,-24.49125246568596
45.967589024591966,23.796085167178646,34.89802185086608,18.45488347151737,68.16955814527626,0.0,-1.1943859349438442e-15,0.0,0.0,0.0,8.341226610298364,2.7746326473658516,5.118826125282535,1.3293232058843398,9.146718950431296,-74.66951306075312,-25.957631437979927,-48.51661981450099,-15.871164903056949,-120.94937468095081
40.36788617471758,26.120727942392563,11.06807270581239,8.82909295002112,16.891071718586087,-1.408134639866505e-15,0.0,0.0,-5.972934475626829e-16,-4.206617244885975e-16,1.2373320240599752,3.636506123573087,1.6981089404605727,1.6682235995459185,2.8170516737995577,-52.67619203015539,-30.966834749687965,-8.245170521779148,-6.233990421797192,-16.474154899091175
3.0559826937760004,2.711584515394195,0.15431404586543462,2.5072506323734873,2.6828274303543065,5.812718910411654e-16,-1.3101983945663692e-15,0.0,0.0,0.0,0.772897887259902,0.544124522398739,0.01591639723337383,0.5246640884838351,0.6680684721183776,-0.19771096264191587,0.09439599183648566,0.32095782350308993,0.11815251971301423,0.014618031944905123
51.63122598876583,44.61911171602918,16.964177416626672,36.26093875581599,26.381304997504767,2.7523759978688227e-16,-1.1943470663684931e-15,-8.376978362224552e-16,0.0,5.386714082774189e-16,4.7987161561404355,9.32824259854421,1.063072149970086,7.6126645739332925,1.925274632649535,-78.56410928742248,-76.88328390934798,-13.444884423387002,-58.58439994525482,-28.382470153129468
35.469622248309776,29.061020482060897,7.609076950680906,40.541947886003705,32.415057730253,0.0,0.0,0.0,1.0515667442886741e-15,2.192014407850183e-16,8.105627692104798,3.1105057916632934,1.0742188544021907,4.758218207095269,10.27543341698992,-55.24448349955849,-35.88188293649657,-3.220015483990453,-57.00322554113162,-56.43793887226569
46.53044065962159,22.422133045988783,27.356905225161466,33.10000003111948,29.134082646534722,0.0,2.059807500458519e-15,0.0,6.439964366393406e-16,1.951096918013621e-15,7.392382694232863,4.994350584577143,7.823206491126635,3.6541728128644806,4.800041887951315,-76.4053506220087,-30.58845582568193,-43.12728088308611,-42.50980374920821,-38.283281082427145
139.19477567545152,85.94825824825789,61.54869420733049,46.963618894428556,45.88031252914451,0.0,1.3227357952180536e-15,-2.308879968652443e-16,-7.564820945308306e-17,1.2389501232080627e-15,23.40095146072469,6.209104884933825,17.071493698291945,16.879080923573515,4.393018474772635,-319.9122675249158,-155.42187084270003,-124.4659759083049,-100.84997415098005,-66.78477138848973
17.736100263690222,3.6738154740389537,10.325653348823558,16.1045295848116,9.266370360534875,1.6024779409140817e-15,0.0,5.16100079885784e-16,0.0,7.667972551434757e-16,1.692688373850031,0.3454892316932771,1.5113791809978265,1.4451460781831642,0.15066358798391563,-15.32461604487479,0.3158399408042073,-6.701447190417129,-12.77876195836284,-3.571232679174782
331.888954383706,213.75221826599406,185.00591512772593,157.67247887184593,242.07708698640178,0.0,0.0,1.2290075984124936e-15,-1.442063174690355e-15,-4.696307243981425e-16,54.92679746872245,27.716574266688973,33.17251701617935,9.541419051338808,46.029407106702244,-936.7733745229764,-536.1130960855671,-468.3882482692649,-342.6208622117573,-636.4364715970713
223.40814584525413,192.65674697342598,153.29777930358551,127.09829191870773,123.23852891071064,1.0177501567052291e-15,0.0,-1.483215715688544e-15,8.944796661337534e-16,9.224942777756212e-16,16.556715536040468,17.76045545511393,4.089019536585894,9.69483245044284,15.835741862766453,-539.3774518101567,-453.7626325044308,-326.87299634017796,-260.61382716091754,-260.0953571962767
172.52682256165383,132.29332038071803,130.74047824281854,94.46375639236028,89.88345345516304,1.3179033385488698e-15,0.0,0.0,0.0,-1.2648249855945615e-15,20.972063802932567,13.045864584523175,15.210067878537195,10.689545913216074,9.372582501739696,-399.00085898930996,-282.31460909377427,-283.48731016129807,-182.21371377739413,-167.81077420817488
295.3122208297386,239.29422535043116,205.9531829867196,171.5262402100259,160.37249009553065,-7.699433325325325e-16,0.0,-1.1040066103658796e-15,-1.3255912049656284e-15,7.088923895482016e-16,24.180048477051994,20.858676507393834,19.026878349975757,8.98797223409494,23.70610037159674,-767.4877764228858,-595.8320282423398,-493.65075111674986,-380.45569875486876,-367.5246705921458
41.65077895521485,26.709219854916086,13.281497331484035,10.819908821004939,8.939153064688597,6.823812217525285e-16,1.0641160462488283e-15,0.0,0.0,-1.5897316683543164e-15,5.936009617911804,3.609147404820676,0.29263474002252815,1.3133351016435673,0.5410891845658236,-63.30746627413705,-31.545986204164894,-8.114666049215321,-6.922859060985353,-3.5019467925633063
197.97595438868413,170.8864492526293,134.0185269603919,103.95776594888582,84.42956157203386,-5.742456859099961e-16,-1.3305541570888111e-15,-1.6965839022423408e-15,-5.467933861598845e-16,0.0,16.764886876337847,11.369764197501315,1.6410025978677993,6.560989323686879,10.04960348948997,-465.3052380862475,-381.5306422047938,-273.99549422837805,-198.84601851778052,-158.27181609262996
183.92302932734927,125.56330613524308,101.98595987880604,86.1659512474701,110.2104412472826,1.2362436410208784e-15,1.8108289948843014e-15,0.0,0.0,0.0,26.50880686339092,20.585755399672298,12.091394366986766,15.039520542055278,6.182139732125841,-442.5317095370787,-282.91724232223794,-207.33429718168387,-173.15903500921303,-214.353294631943
44.88574437054656,26.18714211051328,19.50443382185587,28.268015460264998,24.833948803873813,2.2359919131021875e-15,-8.139980293704985e-16,-7.285961153754641e-16,0.0,0.0,9.642801979274891,2.9753995555378654,1.6551492713178046,3.484326260689144,3.9069452111329412,-79.81809256264717,-29.762267038478267,-18.06183341214007,-34.44652672301253,-30.576123781857678
50.50032914787149,36.849073132846364,19.204467900183474,12.429037131395837,6.875611701900585,-1.6884073773369815e-15,7.713005243833281e-16,0.0,0.0,5.167123788881861e-16,6.072480405599851,3.8468025812903095,0.21648031707982648,2.5433118026438644,0.5740019591270857,-79.15487929730206,-49.06725841553454,-16.076334215093322,-11.310654967140788,-1.7547638653677644
40.82296890797046,34.6139265193941,29.694754411659034,19.664663758427373,19.193008537633563,6.962185796549164e-16,-1.6422123860741076e-15,0.0,-1.4453188612606593e-15,2.776568617552342e-16,1.0188830225981689,4.1563912874295745,4.112047155975509,0.4909554619735924,5.469705409567819,-53.47276436900794,-45.5591126294363,-37.415181636684636,-16.82530572033076,-25.646922983768214
201.97789376306912,110.0039443559701,47.995402074105854,57.90927252110848,67.64757826773636,-5.628677257867476e-16,0.0,1.1843513420939916e-15,0.0,0.0,23.917406503182388,8.499878352379717,5.760954180901369,4.8919281922438325,7.511777622659375,-492.0436732169473,-216.27649191414457,-72.74143704408164,-91.25697507988383,-119.65475559928319
22.87029279391723,19.88209784212909,18.474726635988734,18.791823924449005,16.134293098172755,-1.242734830135768e-15,0.0,0.0,7.562254080463709e-16,-8.807857046312996e-16,2.136310162404342,2.8255011217800017,3.8613704562500732,2.2475361432866414,1.1318673780585466,-23.115435364736726,-20.529071022697146,-21.166931061427853,-17.230628535089505,-12.407024192790702
1063.64007701149,841.7514382927859,672.1132244200884,494.6143902682063,439.9257175910831,-1.7101550071868972e-15,0.0,-1.353186738079223e-15,0.0,5.168456090457047e-16,96.51140773277699,83.7174435911181,71.20185233840289,45.45712182058109,65.65330764755343,-3635.5081480544013,-2787.4058206097916,-2137.549013510862,-1445.7740803767003,-1289.0027622613022
145.0509194799796,76.20019061975631,31.058019740586037,38.49486528764569,63.37053580173526,-7.837719204345165e-16,7.459747593606453e-16,0.0,0.0,0.0,17.105413409087877,6.505021881899015,3.252642593379035,2.583676440410487,5.596010320979126,-322.6760601131994,-133.36851620552198,-38.28664994341587,-50.17169012260495,-105.38580574911882
44.67790357941361,23.308918432480148,11.09405150129218,18.482949111984265,18.992360537554887,0.0,0.0,-1.2809436402514261e-15,0.0,-7.482405721554155e-16,6.581619160398778,2.445830792873091,0.8245941841229212,2.275894464687788,1.8987251122738749,-69.41893885774638,-24.326406247332862,-5.982410624142772,-17.630452723811853,-18.34198977222447
48.79591670301481,39.431308137025475,31.87399685141358,27.699409535926797,27.57475115657364,1.1649216307744045e-15,-7.207904270291353e-16,0.0,0.0,0.0,4.693566642005011,3.5140568404423433,1.5151482726587973,3.6470380295708353,4.3891832305378475,-73.49733281784727,-53.13819685640982,-37.25844330128107,-33.048788225086895,-37.0884149536579
594.0561215125008,446.7846529504098,277.1796581767685,163.07036607919474,148.7623195081961,7.654956062545933e-16,1.0178222279647957e-15,1.6406231030000537e-15,-1.3943286012665757e-15,-1.5284359385825848e-15,73.27744821774476,68.09005533547523,26.579962580716515,29.595071123743946,20.33283965464853,-1857.1560912232135,-1339.9053565170777,-721.1897280386767,-396.08196390881653,-340.08718154838766
15.327487761935839,10.984967221448354,6.574207871432828,2.2806187993403477,4.411435808109138,9.271483321939508e-16,-8.085398907389912e-16,8.106026798083733e-16,0.0,0.0,1.5214356607049733,1.7098191005862644,0.569242998842306,0.4151926745608301,0.5842540432970852,-12.586332791695714,-7.827189612808731,-1.5418499294782428,0.36241924807980397,-0.4008921552537433
582.0571836128047,306.8623017209753,266.6591269369451,176.00930681624635,278.4441692679843,0.0,3.704816039116774e-16,0.0,0.0,-1.2248793503612555e-15,58.69803631078223,48.581853637994854,17.809668060780762,41.981378674959146,19.069185767006534,-1784.4889747891605,-844.7555528911929,-667.8637187584185,-480.73043649933396,-705.8088956730169
368.38415349817205,257.7364317235801,190.4658737963922,206.5723477272083,198.03724740010162,4.629142023701903e-16,-1.1027431876951731e-15,1.1937764540764623e-15,0.0,1.1481359109373047e-15,64.29842689942701,40.172731087023465,18.803908632163193,36.67499962406505,7.056143607949926,-1073.3320662143951,-679.9471051965892,-454.587371921893,-535.8974203268435,-454.6153940049159
551.1874371003743,458.4753861051961,361.6105465213842,318.90549466489523,260.9298818085856,0.0,1.983737250322631e-15,-1.2575610840475643e-15,0.0,0.0,86.90970383912223,29.278645095551713,25.461962256600287,38.85846533611588,30.65335520086668,-1717.0919740312886,-1302.1534048655749,-976.756265086582,-863.5978596022661,-672.8121372033114
8.808507858751849,8.292769279033855,6.249297511263386,9.753209040275612,4.985858399561571,-8.066550511777405e-16,1.7136440478490716e-15,0.0,-1.8213050002976796e-16,7.125580780859936e-16,1.3067841063606473,0.7609366947821871,0.6602172945053236,3.1593273664789425,0.9353253145186361,-4.724004949575872,-3.3658357168319935,-1.4434228133953033,-9.945919095661756,-1.1907089402007391
961.1435668040149,636.8444724982097,494.68714278107245,456.18769828159475,452.3706752500582,-9.46263111136634e-16,-1.4281268677816545e-15,0.0,1.9936852861199185e-15,0.0,167.38912372405147,94.09081144640626,58.08971191545239,78.6243826067486,28.611271938613225,-3370.850450521833,-2044.8087248312254,-1485.627401222715,-1402.832582921703,-1280.9993055245018
43.257032403206466,22.47732242002464,24.26794337268134,20.12319132396141,18.821281823301728,1.3140850331793553e-15,-1.2644615270137167e-15,4.3918600240346184e-16,8.827411173520366e-16,-6.606615847177421e-16,4.018552031153282,3.7150863960822087,6.174163724348896,2.7715264974996865,4.1706952165031,-62.05623954501526,-26.4633513765061,-33.16405367464015,-21.17145359004452,-23.38210917418736
219.98856753847008,99.7946841074412,134.2984745434527,33.67680237758442,151.31239403540798,1.0335704168057303e-15,2.848018377392182e-16,0.0,1.2659326639034655e-15,0.0,27.310270879353858,24.392312832494643,20.956004905077275,4.2566057309886,14.715868280697928,-554.5352525655164,-220.7877542163992,-300.59404467291495,-44.86341467647755,-331.3517581796483
62.03756535103198,33.16282540583739,14.634901724412686,18.466696755460156,21.381052715560138,0.0,0.0,0.0,7.695396151994643e-16,-6.646471015367734e-16,6.688556495753965,2.4765051341354023,2.463673238152211,1.3762827317869515,3.056699517526981,-104.08182300186739,-40.38296261722743,-12.591655754559445,-15.823456793369928,-23.39051984759925
6.858376087819673,2.702111403060388,1.331370604899405,4.227277331380266,9.872217249744105,-1.0360218317890276e-15,4.930468921604316e-16,0.0,0.0,0.0,0.7828586235999617,0.6359321526685306,0.14011753102123156,0.11845969903035992,0.5612170058559353,-2.0394653637987172,0.048538416351887555,0.9115674693203897,0.4163314132983103,-4.420829536636069
134.49908043057442,108.8291278577111,100.8463831889839,111.00539599194627,136.36972698728607,-4.22630539025502e-16,0.0,0.0,0.0,0.0,25.476882721558674,8.751868761829432,12.783506383214347,6.3243862222319684,27.595215426168725,-315.5632020434422,-214.31801056979003,-200.59921805314917,-216.6193800956807,-313.3278688476818
271.977642059513,209.56627361968077,133.1310939555711,114.0982033374935,115.88991204126857,-1.2540020223067404e-15,1.0849726509708715e-15,-8.539465450464633e-16,0.0,-9.809899388061661e-16,48.145497295479046,15.943018886906694,10.719802983734255,8.273841734354527,15.907233891258048,-747.8140364072971,-498.59218360780375,-278.8919603981327,-227.01306980419514,-243.50777272380822
76.13005203972276,51.89170351966355,24.15224239017786,13.167688614452086,37.15348270543896,-1.4933240510895367e-15,1.369280034313869e-15,1.1767731116329983e-15,0.0,1.5299620579711256e-15,9.24064217460522,8.195496898800346,3.7183355167913685,1.3025276763071205,2.9682382856382366,-138.74631280797823,-85.79440574800094,-28.823595407269895,-9.059761965914499,-48.301549651311646
200.54280121212994,66.1439576815619,70.42940981530506,175.74902135502975,154.12410713002643,5.668956304313337e-16,0.0,0.0,0.0,0.0,23.990652984436196,8.594768996890837,6.949342474384656,19.069828212001756,10.251199557054653,-489.89842406702394,-118.18042152840734,-121.04681654260605,-402.1627892706123,-333.27817388352946
40.284006295909464,37.31791845749568,36.050113123118535,39.79103841549094,39.31753294212244,7.055333380108725e-16,0.0,0.0,3.5713706606032215e-16,1.8071905396660008e-16,3.54193582343385,3.1876003071193533,1.4084227735924761,4.336062226245494,8.268441289288187,-55.54054053679798,-48.754654304772494,-44.66861614627818,-55.53805171620937,-61.287163207184356
0.0,0.0,0.0,0.0,0.0,0.0,0.0,0.0,0.0,0.0,0.0,0.0,0.0,0.0,0.0,0.0,0.0,0.0,0.0,0.0
109.26928364810912,57.9428498712616,35.48124989421071,40.50188825154969,56.23228095948889,5.2021407080755285e-16,0.0,-1.2015519259529282e-15,0.0,2.0217361946160214e-15,17.70754988935385,6.184240382743185,3.1940804967059044,6.230297806116594,8.54955626959261,-234.87647107024353,-93.21476377760318,-45.46708084703574,-60.44007066624503,-94.63125031467297
10.658724604875632,9.961777036322562,8.393846689487614,6.741633699788792,7.3343913320714815,1.4165891037277914e-15,7.132690615031075e-16,1.6930086098665067e-15,2.6349056007832375e-16,-1.9375642874496548e-15,2.3919482294143473,1.5718066517851619,1.3541238038544097,0.8212185897720171,0.8244540525797436,-9.76948414902455,-6.204400133482578,-4.692921632729668,-2.0379459506871407,-2.4652685876182647
503.68988314593406,292.86917049944066,124.86869056314437,136.75899884011787,230.95860425402327,1.8056640250394315e-15,7.763660307962197e-16,9.10451108351506e-16,0.0,0.0,84.39031358618527,46.69256243477056,10.577043331078967,26.250308174967522,7.486488803957059,-1572.5277639916055,-803.8672699116285,-257.57710492506044,-321.7845524231126,-551.8884517285111
16.563193285425335,9.526633848103813,22.959674535927967,10.57423451892648,29.381240629923962,8.579779557186443e-16,0.0,-1.2378968781081321e-15,-3.3597833227943015e-16,-4.836710230924916e-16,1.0367670314985653,0.9351330006761747,3.6680501852906553,2.3375115452925854,5.991176520891984,-12.84474846838741,-4.566161241525759,-26.305130611440937,-7.955518824605898,-40.27873287072469
86.49030192124187,57.73620191215768,16.08294419944676,23.71743030270641,47.42247291346317,0.0,-1.9690737172941168e-15,8.835978374961249e-16,1.1983469148072414e-15,0.0,4.1944010523241655,4.398283404950542,1.5396053242677488,1.9498458189076269,9.588785885727546,-154.75550503635006,-90.39511393875766,-13.531514673596234,-24.33012300389217,-82.15496356655736
26.455838035132373,9.702697555999183,5.234629509796097,13.462117214315581,21.654975107614646,-1.0743076591511118e-15,0.0,1.0180415840754187e-15,-5.278090544364826e-16,0.0,2.2334333121249434,0.7881385430979819,0.6084399597915369,3.1856261862029074,2.330801807126465,-28.98202411958553,-4.4809964276566,-0.6866695029843992,-12.742405650739924,-21.38309029728171
13.151216878985007,5.867557285651434,14.981583336270425,14.288474139831898,8.281023845360563,1.0805733679223438e-15,-1.0595974841361296e-15,9.485549288236787e-16,0.0,8.580373019432629e-16,1.2707445087279805,0.8780788750243882,2.23665526354321,2.464783899804078,0.9871217813213881,-8.870831274693245,-1.69928243419818,-13.659230192925843,-12.71658099261627,-3.6963544085096265
3.772001485349536,3.816930777833551,6.459373972944546,6.4345698439322625,1.992802874514064,0.0,1.1634720032887862e-16,-4.812578559425555e-16,1.6563874967418417e-15,1.337079192918221e-15,0.19293184894301532,0.5792614403178891,1.0688993726279281,1.070884197529818,0.2673075252691589,0.5704678473174848,-0.09229677478504657,-2.7399957974898825,-2.6531958458566223,0.8608661671093503
22.27654306227367,17.48081933615639,12.960557965716983,10.880487040096364,13.53540641804166,-6.379290842154377e-16,0.0,0.0,-6.530431341369506e-16,0.0,1.6265159694521774,2.0227947731284583,0.7037813830111049,1.5677867032101558,2.0905644014273834,-21.482927108760034,-15.131448918447628,-7.982565306097081,-7.038456312357333,-10.721140862405619
55.725840101017525,55.6725272343252,33.109976596679616,32.53045572139561,23.282625099964854,0.0,-1.0210317670968041e-15,0.0,-8.736953971324404e-16,0.0,4.904334706231888,10.249960480546706,3.7143394614306415,5.952280162601762,2.2596451969721554,-86.86825232743891,-99.00149886355631,-42.126299903739636,-44.885856745769914,-24.830176877474116
22.999654129239577,18.28793020316865,12.801577196476744,16.467051698831767,12.233551616674127,-6.178725399672716e-16,-7.770619505503016e-16,0.0,-1.7259743851062512e-15,1.1616295218661477e-15,2.7131532837067764,2.5745823647341552,1.7962108006825055,2.326097988953126,1.8328593845809917,-23.94934953950278,-17.82016100954651,-9.99391522953583,-14.730557574232389,-9.27522333856571
12.391772655459748,3.9873719102623615,4.163815396403618,8.442055179117602,7.757024159770976,7.884233263750837e-16,0.0,-1.0665439448483536e-15,4.208351643553039e-16,0.0,1.9864530898557715,0.4655987941656643,0.6105552689295611,2.086205474616368,2.0397375318614595,-10.248832499464937,0.06203502922992937,-0.25782383535433884,-5.998959893773342,-5.734684366026644
12.02807164374158,15.049060198137056,10.186941179281689,16.487407754299927,9.548761509560027,0.0,-1.888603610870157e-15,0.0,2.1548042795714512e-16,0.0,2.2528734814162994,1.2199980119396947,2.3120881196043754,3.5543532500073294,1.2695391061117631,-10.051597691719897,-11.35037694910983,-7.6496180577194455,-17.172960483926797,-5.368654154046015
479.5338068456213,318.7399166788543,260.9267811138954,219.33984855091109,90.17059697859989,0.0,-7.133517439935893e-16,-1.7428159307570863e-15,0.0,0.0,57.74430708051288,26.45420903511302,20.40973456890692,39.835203907404875,19.634560485859232,-1421.2020790100205,-839.4598429068297,-657.71902478296,-573.2726836973181,-198.3988854790099
83.23064222898567,57.14191309017574,35.344545640401776,11.287225078335315,20.131421932308758,7.683329661505167e-16,0.0,0.0,-1.2590211160472293e-15,-1.4118083424991572e-15,16.16097981188268,6.527910903381151,3.5538770804989572,1.663290308307454,2.4689062574265352,-171.5275177857613,-94.88180611037662,-46.10653202597894,-8.12240308427451,-20.61079764959164
45.076602325959904,35.93789630212882,25.773291096633134,15.502006528113048,13.58538327835775,6.305202247693758e-16,-1.5817124737332171e-15,5.513791258524381e-16,-9.167106651277995e-16,0.0,5.605132088184384,3.0351803708131553,0.7306285901447093,2.997101447288102,1.88103036042422,-67.04073317916863,-46.78406178092552,-26.419483980145554,-15.847155652996614,-11.074679667015412
72.1979507297223,63.89378845028742,36.4346374803737,98.73676994176975,30.599144288829123,7.873273172753204e-16,8.896548512698547e-16,-7.800738911074378e-16,-1.1514133770900458e-15,0.0,11.742228285475514,6.326885899540272,2.0205728180243465,9.239158368887828,4.060374500099742,-137.64452817668058,-107.03343990112775,-45.85661254435843,-193.48887144450893,-38.59312088134708
76.84630385961557,71.03638598159893,51.663399491864055,56.84472628725293,18.13105308528926,7.397027053461251e-16,8.002014471222196e-16,-8.25198584779923e-16,-2.49994250009938e-16,1.5675708022422665e-15,15.899595217582355,6.710156346057009,9.333543444880638,8.064266322722556,0.8310262573426229,-157.99245871043104,-122.22441038592179,-88.440227309684,-95.61208285205281,-14.802148299690886
4.497103029547827,4.468313999558729,4.36990368721143,4.10900858967441,2.77800322652247,-7.900005082066615e-16,0.0,-8.129958765904969e-16,-8.646157829234451e-16,7.593309203705978e-16,0.4503534044590512,0.7182171039184477,0.46808175745519753,0.7609801917956336,0.6376677794859608,-0.2641342726287249,-0.6401245218850816,-0.044862348340278545,-0.7399564366826518,-0.31862879444178266
6.014193614347365,5.731195679939188,0.8786849740236174,3.225348166772083,4.5772569579149,0.0,-6.198904865935755e-16,-1.01080415160969e-15,0.0,0.0,0.4211614346007364,1.280550621082743,0.08799714244111896,0.4087563650859113,0.8931084661428497,-0.936062893876253,-2.172131220423194,0.8683850772150723,0.3911038418126442,-1.2568038279432436
44.47727584409713,36.31184760590042,15.793990840416917,14.284517966402088,19.951374855096923,-6.390164166085284e-16,-5.870338051688469e-16,-1.7995267768341794e-15,0.0,1.42454891639426e-15,4.418322418277034,7.128944016582722,1.0824153370930834,1.9842091377446207,4.510332142322408,-64.55721190738966,-56.10721013289295,-11.956511575911735,-11.544562649554956,-26.10422640326819
32.28965136740281,21.507658162441857,9.701748220070646,4.884971388768679,8.511638479806184,8.8021109633585e-16,0.0,0.0,-3.636371020482076e-16,8.347896088935861e-16,2.347293638443272,3.2117477014371816,1.564655774333778,0.819400964504946,0.7575701672079722,-38.75334517275265,-23.559934638595028,-6.147958710943804,-1.1947432413957721,-3.595778066990629
49.729765474142575,42.17062887646031,31.35207567183453,17.31866075491114,11.515557681080153,-5.715230940548498e-16,6.739693048843536e-16,0.0,8.205515955482967e-16,-6.170285065112466e-16,7.129542807918935,3.77459379995659,2.8396202113179694,1.487424866977171,0.04825343157290351,-79.21310117441094,-59.102082233597265,-38.363946423026924,-14.805210681255243,-5.970726421856347
85.78836598381696,32.182430972768934,8.933722829094478,44.10920055473721,83.65845738902851,0.0,-2.2078591153083612e-16,-7.9534898200118075e-16,3.221743884831256e-16,6.794700815062222e-16,11.666369749225357,9.341876182858812,0.657632450098236,12.940465942920618,15.374884734447374,-166.9099827415487,-52.89580010125752,-3.702195443014724,-81.52496481924038,-164.07925260768747
28.264027383706377,28.37242199713602,11.204223484519341,18.169468208012148,12.716838928882236,-3.142434047499337e-17,0.0,0.0,0.0,1.1174832672392028e-15,9.60768757380205,5.008986802728661,1.8820552860698483,0.6691790171698496,1.5771858136273909,-50.24500844399856,-38.57552609006237,-8.497340538523323,-14.74337688997775,-9.46095078879025
4.733455312751123,2.6485084862013206,1.545803219340175,7.974656102452512,3.617814268941865,0.0,0.0,0.0,-1.7820021995470907e-15,0.0,1.0257274428927037,0.2797307806677595,0.2381804571658187,0.7080604858917491,0.5769632660113254,-1.6382496959628632,0.6659891916942621,0.8758992540572745,-2.9620616541886324,-0.015810864768644677
20.287542372333323,15.239528260286729,12.547597228605111,11.310935353390116,4.854590974423351,-1.4009439344000322e-15,9.324996464775498e-16,0.0,0.0,0.0,2.130051866808825,1.8594527348762158,0.9024855089740429,2.490169534402786,0.619652468332038,-19.366571179483977,-12.313095180074592,-7.797063853110592,-10.44580733541491,-0.7657761561863845
17.10304629617308,12.510491917443952,9.330268553711532,5.523233093261096,3.465228259331394,-8.308961145934439e-16,0.0,0.0,0.0,0.0,2.73993893137187,1.186026510104484,0.3913473292507724,0.2906389344211003,0.6072944899626059,-16.51497097964226,-8.398493810591333,-3.7427142457177167,-0.46460106264305334,-0.14134815359333286
605.2466361248416,396.9582265904194,386.1015143287285,526.1159127113544,193.44602882911207,-7.513422194265038e-16,5.727899315658615e-16,-1.1777921971559278e-15,8.643482166181018e-16,0.0,61.461726265742904,76.00853119363397,47.01706531027665,54.7593058582723,27.502458002166144,-1855.9309804360068,-1184.273101423356,-1095.6369182825615,-1569.7230082777091,-469.6494779725936
32.659561429411184,12.689480865567278,11.271891141143524,12.918940073352145,11.200277615334285,0.0,0.0,0.0,0.0,6.343974320665919e-16,5.761873778627817,2.2299955022183564,1.1740383752583994,0.8048334585048625,0.7632949102313131,-48.088097646128425,-10.137398305148395,-7.252385728032408,-8.034357510600003,-5.968702030567462
4.2745210405864675,0.38148714980963633,2.272451470068017,6.512082991268941,7.98104256900959,-8.3113725375722235e-16,0.0,0.0,0.0,-4.451440583208637e-16,0.4788026849193887,0.011217148893585752,0.42841369199754403,0.9433606523717035,1.4936966293595981,-0.06726948271799983,0.6073747878307232,0.3599921097719969,-2.2463950239327874,-4.080478896548497
27.4106263971532,19.883220196984794,10.038650410633142,6.736015594062102,6.431505134372495,0.0,-1.42943191036601e-15,0.0,-9.229861260091907e-16,-1.1047845269728233e-15,1.7608892997100825,2.532591634545136,1.0996937466941519,0.9783171653308174,0.7848586757529804,-29.838271054317993,-19.596204742128187,-5.370429763040152,-2.601902262284235,-1.7560906592783907
819.2259629517857,764.7168387227086,664.7009721061415,514.4875058487529,361.15965582410456,0.0,1.1893221853098452e-15,0.0,0.0,1.2591310894036833e-15,14.364476915229252,19.32784649657734,39.031784674278434,28.67616439118998,6.4464031171261835,-2597.3683146104627,-2393.631538241457,-2035.773670554706,-1492.7514809129466,-961.2681161473085
65.9311662408723,65.9961990474033,24.45732296730456,67.88835103121387,20.095176729774167,0.0,-1.2919702880156534e-15,-1.8157719487277377e-15,8.373074024831213e-16,0.0,6.562038268952372,9.232600118141226,4.898300838953093,7.928544123978081,2.6475825520797094,-113.76677112132089,-118.58431897305013,-33.412131687683505,-118.50310661122728,-20.615985984599316
1285.529959093474,1204.4820005196295,1134.892615127104,900.3093634799975,700.3392461033113,-1.0612292953650215e-15,-7.550919825954727e-16,1.6027854788200698e-15,1.0102024244837644e-15,-6.493243858839542e-16,92.77102211408499,117.31694707796856,110.22671257837035,53.09676332437666,49.32898807328423,-4487.060939543006,-4196.224757805477,-3908.627376881407,-2930.780808552242,-2178.0649675856644
15.555114784470087,13.141939854887024,10.81676657920863,9.982584109154677,5.007721208504101,9.135808325496791e-16,5.406680776246852e-16,-8.211126802045733e-16,0.0,7.094471778435449e-16,1.5617588522017272,0.6384835513155795,1.565477986699332,1.2430065055460606,0.21405908108844493,-12.192137938754307,-8.119861278065212,-7.095463103729663,-5.939377178342814,-0.075033802814738
143.81124406491665,134.37449044380517,115.07250307439796,97.21927952003915,72.19448043878566,-7.905281569659295e-16,-8.460447912854365e-16,9.87958327873636e-16,-5.846928627885096e-16,0.0,9.392771392294291,2.9803376821666396,1.734677257092969,6.126173519817837,7.234160759499313,-305.2589791362491,-275.30832618192295,-224.4302692538166,-182.17952348651912,-124.8654897904234
82.14729220831946,76.07333257091345,67.99134657459275,68.83384081841811,35.27835923021359,1.729923693548453e-16,0.0,0.0,1.651612584303104e-15,1.4098725844542594e-15,12.080692077607544,8.340281961415918,7.227702360609174,9.949648328139794,5.418845956230628,-157.74544954429504,-136.88600226084466,-118.12409207645142,-123.56768192337653,-50.000686334010574
75.74199173468114,55.04392173946479,50.52016181436207,30.251260287167774,24.16496147210632,0.0,0.0,7.032269001542513e-17,-9.395214996203037e-16,-5.8807686209662e-16,16.92722020324807,13.692023451411101,14.549879016085459,2.497116789427656,2.951135297146498,-160.51984491643944,-101.90836308861833,-98.55748738645599,-35.84913318100561,-26.687835688821043
69.65270247058021,59.24737085485804,45.22365462187467,36.617908640826734,25.796507003387113,0.0,-9.594251701068873e-16,-1.2569399650711305e-15,1.1642544789702519e-15,-7.230338127271895e-16,5.327088622600359,2.8873091994174764,2.2668461809900933,2.6975701298023145,4.602270549282642,-117.21215224529028,-92.07119984097076,-62.708540878890695,-46.8181500685227,-34.360017579491156
105.11853676087064,94.79671924910798,73.12423242486936,75.18578379730533,48.1324898553507,0.0,-2.098722061150868e-15,-7.773540586454856e-16,7.560394530707185e-16,1.1809781507591998e-15,4.2164927295506525,14.080237563245607,5.247602869692703,13.509305780609724,6.70710498724135,-200.38004267227097,-189.9366232691095,-124.91006464689573,-148.13737101774873,-76.37970582593037
17.83143087166349,16.88558113800931,13.85175989907215,16.45639763862188,12.059267333859848,1.5939107542721026e-15,8.415970169491817e-16,0.0,1.6191485631380951e-15,1.4730221913338131e-16,1.7337400635232398,2.734706202659291,1.883981693616057,2.3845718383077203,1.6076247425033814,-16.037995605621543,-16.27147752483833,-10.800056136103903,-15.71212355784039,-8.67561159966442
15.285445365056386,13.24827802959127,9.795586130774238,6.004106366424824,2.434391671080691,0.0,0.0,-7.253703109483448e-16,0.0,7.296922925355222e-16,0.2340656100969723,0.3081649956665226,0.7243479303964434,0.6859537468780685,0.042771289044654444,-10.640800573420863,-8.074882870135033,-4.534752409437562,-1.3947271506922627,1.0827790087749536
25.274649447175126,33.93539988343421,16.257424077527727,44.65271608616918,6.1108433196132905,0.0,8.375239286417914e-16,0.0,9.547585876598244e-16,0.0,3.930187120647718,1.5373303467054846,1.6500673708495521,3.889413765953158,0.4079594965973965,-31.007281336450827,-40.91511629785629,-13.321926316676509,-63.38770838240676,-0.9515782391275526
16.371139656851554,14.522933727677213,17.360481887963658,12.797751937353626,17.234444759525935,-8.680430937045094e-16,9.785112967994572e-16,0.0,1.1104180472293625e-15,-4.1228060762872233e-16,1.6389972743400019,1.1931796925518563,1.977018545368028,0.5582171406443788,2.10711498234384,-13.496601995117892,-10.63666834640875,-15.465056714131329,-7.653611645957944,-15.583639656824342
1349.0559936357986,1276.5797604218483,1191.3600689407913,1046.8459633073917,880.2655551695975,1.348342405450166e-15,0.0,0.0,0.0,-5.166024595826082e-16,8.2345972175115,24.372050972890296,30.982552379473177,46.805200658418215,72.45585929271418,-4692.487598153958,-4399.82510795964,-4057.8641776310565,-3491.078024168346,-2868.0128114880717
17.137185641541244,10.18305505411391,5.611905755814002,14.712390716513378,18.754718190385685,0.0,6.977697085837163e-16,0.0,9.659106387958794e-16,0.0,2.3698115833671025,1.3753044202912892,1.2019588096093143,0.6339432888856859,1.7016321314855105,-16.306460893647955,-5.971828674456992,-2.649204830856799,-10.059374340708994,-16.68588957518197
216.99053554778473,202.76009019928878,200.16640106903063,186.84744479682394,155.1099309106163,0.0,5.606963264312791e-16,0.0,0.0,-1.4658872846398114e-15,9.0427896430951,5.987080261506291,11.105206095182977,20.722462975150922,10.86102755068689,-511.2680326925902,-467.8253412652087,-463.71794844757125,-435.43066575213527,-337.3765909593428
67.48538771277008,66.18330919148663,15.38439578791479,62.76158353378564,34.00934912479666,0.0,-4.29439231395519e-16,0.0,-9.05704025619561e-16,2.0892570838470833e-16,13.869989965773295,18.19270680204948,3.837932293660375,5.1381962004871,4.8290678198820185,-132.59776345152068,-135.30117596215814,-16.353609101105302,-101.6116700289728,-46.79814777358946
257.259307050262,157.46825896325078,76.53669703721172,206.05440269311342,158.32642978966993,0.0,-1.353687543962603e-16,7.426949562922875e-16,1.1034642913302388e-15,0.0,28.88892687185259,24.63109228340468,4.972879736531146,23.364364977167163,25.261034259694654,-669.2236077085082,-379.7607529152274,-132.4018059798393,-496.3720821298323,-372.1311057238124
37.11221617315543,34.35796792577871,32.658445732289785,31.896965569717494,29.607893929186886,0.0,-8.272232365954117e-16,1.3054070146227044e-15,8.91047437358341e-16,-9.599368836696095e-16,5.887466979404645,3.1914780000936243,3.1716188124295357,5.47039628004273,0.9040023072141528,-53.52342855456408,-43.710742629998464,-40.78682871497747,-42.53849393963352,-32.9523453429926
42.15646305974603,41.85915482137686,41.04866679102354,35.80333136605977,33.552051090896356,1.3483915569540778e-15,0.0,6.923905610649265e-16,-7.938286283981588e-16,0.0,2.213411785442224,2.961892206029675,3.703123437570036,0.4081330410274756,3.898116149647884,-56.72876045220128,-56.748243925471435,-55.98470056574237,-43.82852858471246,-43.21173103315398
57.768365530490414,55.58966305841436,53.319550022544064,49.966205743456925,43.9623559134819,-9.839886993307054e-16,0.0,-1.0660896207258692e-15,5.688186446721709e-16,0.0,1.875957597957029,0.6551211508364497,1.7541833003939296,6.510931810166488,2.469805479775991,-88.31756395677175,-83.25288230130745,-78.83459017191146,-77.3621550293656,-60.50215884200861
46.432467802311166,35.991496294491974,49.36112308545219,28.423100019425036,44.296680260783596,-2.6779748017577536e-16,1.5793569235271599e-15,1.1515827701570474e-15,-1.4999266130882937e-15,-1.604054144863656e-16,8.889634710460948,2.99848317616818,5.936462255801658,3.8064150430266386,7.2552666713349785,-79.62849457712406,-46.08396366927483,-77.51531966266657,-35.813008120110524,-70.09654180693346
182.8275915743031,174.8032368059579,169.85584630017402,140.3842000237723,129.81115619583937,0.0,0.0,-1.3386273148432637e-15,0.0,4.3789317133152475e-16,16.45170662199524,15.944879900354968,19.67260076251601,7.808772681467062,15.396041371093762,-418.72497416165464,-398.3076773642352,-389.7194662502403,-293.92585834789816,-276.55580624090794
89.55836051328411,82.66000866915255,61.59208848047228,132.55277212303105,49.076499912979656,-6.347081225585464e-16,0.0,-9.229013053978543e-16,8.576722757340428e-16,1.1582614685562403e-15,11.582000500950604,8.803400791536308,11.223236163687584,13.790206326253214,5.964818554577939,-175.77214336958536,-151.2025537546069,-113.03496067500511,-279.2789020656387,-76.35152126731957
227.05302508719382,225.56068610757964,165.21288457984002,158.96977013125556,129.82015013497548,1.0952946230094585e-15,1.0080377009262496e-15,0.0,-1.4302950507854285e-15,2.1893141704776673e-16,50.17090043710765,17.66702857260509,19.30112086421733,20.916886190653887,35.1283445150391,-634.5108908194918,-544.3091939563512,-385.5744005240882,-369.7195896556939,-320.6848261659475
37.953254195257834,30.10555565343064,32.8678784122267,34.30878629310202,27.5980340303152,1.4977218703926173e-15,0.0,2.1618150306159752e-16,0.0,0.0,3.981976833725665,1.3584706616166076,7.081040091702818,1.440146790501366,2.186835989400998,-52.90455242367035,-34.06951705187338,-47.68027824130854,-41.49018772823675,-30.760903001349515
32.55820041897812,30.03807303761334,25.99580242157652,22.68695298703428,22.241066962571953,4.364754357528471e-16,1.89237900812177e-15,0.0,6.263888642658882e-16,0.0,3.4160370163495695,1.7122003997352626,1.5328593572704794,0.652339867977186,2.856246834425279,-40.74652784021747,-34.287466789875076,-27.39175960100223,-21.460211458972054,-23.132721268429616
19.147115197694948,15.83805211203279,13.761005047306787,7.975480894004126,7.345621371231314,3.710964959596837e-16,0.0,0.0,0.0,3.627378984623232e-16,1.7451225796385579,0.6597429238689656,2.158858594563303,0.922052106820369,1.5150844352349373,-17.224261361603475,-11.58409709037154,-11.39759658606869,-3.2074144785698486,-3.8811993192551855
404.59494216771463,269.75085230032255,449.84643328155244,207.8938111056753,516.7204232370262,1.123957082730807e-15,-1.6858050568091582e-15,0.0,0.0,0.0,15.22084644496386,6.7212584032179565,49.01529084501982,24.231753783913714,87.90504262536106,-1108.9849399365153,-669.7208934452723,-1305.8255897073327,-507.24129105589816,-1580.475480845276
29.731315640130248,33.498562943936726,10.694607592260281,33.313572911990555,8.25880701338353,9.559519590193115e-16,8.484456326670087e-16,-8.304918268744171e-16,-8.531570451926573e-16,0.0,3.2886234383753505,4.351892331549986,1.341248981385078,3.6513066629468196,1.6654459877044387,-35.988429893387874,-45.01061697976083,-6.585943729467675,-42.47841661237948,-4.570580099140984
56.85717574244897,47.5632195985488,43.88986643413055,37.502822247854304,27.978705725009803,-9.997580449352026e-16,0.0,0.0,0.0,-1.0158336025171533e-15,5.74419102721728,5.186307975988851,6.099585981621484,9.122237805911153,3.3130310880505447,-91.1178367295366,-71.01811349702263,-64.957691148835,-60.88717361508925,-33.08897976707271
17.835120146100547,18.739782145615308,13.569343662374594,12.853290940272107,9.468878227167142,-7.967905233489022e-16,0.0,0.0,0.0,-7.50398007782467e-16,0.8018967762998707,2.728632272053525,0.24894997081468465,0.9818852069606079,1.1919471502963974,-14.408258957373807,-18.489011015448085,-8.451989965771215,-8.239029053551572,-4.708456648232848
243.4262941469795,177.60953439295616,74.25241402505304,50.988191398292926,16.63056918153889,4.670277634550544e-16,0.0,-1.531086082713185e-15,8.361262279844925e-16,0.0,17.56402907908003,12.540029873574825,7.584456312623683,8.605069562096975,1.2693349220894852,-596.2653059149733,-402.3886631015342,-134.32924149385175,-85.29835252280918,-13.194550455567793
362.55507676924196,328.1203061783384,297.10121535009006,245.15352725246518,225.51796888673437,0.0,6.929582569621613e-16,0.0,9.274746237245733e-16,0.0,41.81821640201578,27.581477256204707,28.633765688932044,4.46698257643435,19.545219393361943,-1005.9110256475864,-868.6192629638053,-774.9728267334362,-593.5409424507452,-551.7302724643703
484.5209617248483,436.3195701690638,253.43900082547074,202.40098754856572,261.756734635482,9.385504174424303e-16,0.0,1.7943069117433238e-15,8.425366824927454e-16,0.0,46.99134605227045,81.49795940749891,7.692151045840087,32.452627770592166,27.2887973836146,-1415.8332532067457,-1359.4809480125766,-620.0186821984631,-506.38218809416185,-669.6396046306816
213.4607233759155,183.4055378581552,159.16523201971228,129.1339659668635,139.40265348899928,1.065178042345594e-15,-6.198658941778562e-16,0.0,1.7607580913419587e-15,1.223292758884831e-15,17.994712863266802,34.18816673340683,21.829660933990684,9.04756145074291,19.48174255980964,-510.71237634808404,-455.2876280656701,-370.4795468082777,-266.6255000451171,-314.2008520563838
117.50016141836355,96.14161294411038,67.16113131175797,39.46707511094649,38.46879057678294,0.0,0.0,0.0,7.201372118533565e-16,0.0,17.066730652853646,15.220920122370899,8.34775398123068,3.2225357293163763,4.6598910680974,-255.5092992598311,-197.32563754972523,-115.49780393190882,-52.57422169960519,-53.85868827536016
210.3955209521165,179.5695136812254,178.2714427882712,131.26255313777662,151.98908283558822,0.0,6.331076773055959e-16,3.188588030238786e-16,0.0,-1.4959868906452309e-15,22.317697251769392,20.37551214981452,22.81024804963893,8.03922821919781,19.848328370020607,-509.7274562380057,-414.8594240270839,-419.42023359874383,-270.2612760977335,-350.30087167508844
142.98660384397272,116.63519726480396,102.02734366816087,80.64313818363892,108.18524789158661,0.0,0.0,1.114278130099879e-15,-7.048760767638448e-16,1.0508534198261726e-15,7.239656022713922,20.715935341113155,12.792389667219362,9.969672433018188,18.708201377346906,-300.8494386138433,-258.4778814188585,-204.12565718929685,-148.8491753423447,-233.1050877918034
167.17518464380606,152.73242786839052,137.70429680688952,118.1165578606113,99.62401575878653,1.3600922644571242e-15,7.443529793134694e-16,8.255867126720489e-16,9.624970434354957e-16,1.141158955054361e-15,10.864169327510137,7.923208288433733,8.315096200686805,6.28320830031668,1.3295446656232335,-369.4327869892025,-327.80936669213446,-288.48055208553694,-234.72263386056014,-185.34090521341278
321.9642225369503,274.3949410505591,253.43927741852326,227.410065901017,203.05173639111177,7.062078936958204e-16,8.286365432711711e-16,-8.971524767558142e-16,0.0,0.0,59.00606073034803,20.581338160608073,20.160358900034787,20.095958821950124,16.87954643604496,-920.0618406118361,-694.5677165861749,-631.1807352018035,-557.6804405984815,-482.621555557446
69.73426051551691,55.207423279614375,49.980819257478366,39.67355998072288,43.28304328229847,0.0,0.0,0.0,5.372918912031198e-16,1.3132953357754155e-15,0.6989148190714264,8.518570048389991,9.927498835212216,7.163693907401369,2.7060129403387787,-114.2353776619418,-94.72455865868855,-83.29484984263227,-61.192556432512134,-59.57730564638083
34.93557729547632,26.879413027665052,15.306734002506044,8.558552622697054,12.358880503335785,1.6270925875946084e-15,2.1147567025479003e-15,0.0,0.0,0.0,4.693458671623724,2.786543167149409,1.4496079209910515,0.5861468075533781,1.6486339269438757,-48.095321178174366,-31.800525919641913,-12.344535243362431,-3.245224252297069,-8.876451826014414
228.15879086456408,208.31548823741906,212.3695383724684,172.03905725264607,181.86811261901835,0.0,1.091487135052062e-15,-1.0706510791790127e-15,1.321639859426368e-15,0.0,0.9534364659130853,23.218866880885358,25.374512430972167,2.2998266225809734,22.93893386893722,-541.651273163426,-502.3646763817561,-520.0001280464602,-378.4647800683483,-433.71099206743816
27.890337949048906,15.63244161183987,32.427879762970306,17.81716596465377,17.909979091689824,-1.0190521707670172e-15,4.545308745768425e-16,-4.3822953640741908e-16,-4.984959007858602e-16,0.0,2.804584894878907,3.6005305551469498,6.638188897437451,3.5115512591515126,3.2144729029222217,-33.278248577172434,-15.947329724393903,-45.87619123777637,-19.750027620863868,-18.917871814027592
389.63097209774355,274.83271340959897,98.37760871214235,47.10847831855693,65.73293998764086,5.835616050209496e-16,-8.273166342623996e-16,0.0,0.0,8.647630681283347e-16,9.073288425594066,12.386854216156978,7.671759742928708,4.668634894203635,7.232191012226007,-1056.1538842747973,-688.8385938650675,-187.8554409273846,-71.85964521056744,-112.38533538724364
102.34097905159882,91.59112752777196,92.21698529388026,80.76190196494412,78.87261622030036,-1.3885791250870385e-15,-6.206214553213371e-16,0.0,-1.407679053558737e-15,7.206990408691118e-16,19.22347588345473,2.4187145503809475,9.81800444077641,7.482172418578796,8.84615927617243,-220.9885034295142,-165.9785934410616,-174.99292332017782,-147.97302086294968,-143.499099283677
94.26006400499338,81.6978374582442,117.26094788485996,95.96996089956323,134.81295637974492,0.0,1.0436644462565007e-15,1.4542800451337806e-15,0.0,0.0,12.616591297985009,9.045102162473501,12.02761112799773,10.066827421097196,21.462384598937806,-189.79707386539965,-149.6298566917836,-239.2116313854607,-189.68562334455984,-307.0908082948737
522.4720977182474,448.21684590384365,403.20126045725647,318.4952425584087,347.66639242603145,-8.703763375545749e-16,0.0,0.0,1.427799508820193e-15,2.2889985382197277e-15,37.17904902067219,98.40134429924456,60.00092725512818,33.4708522365687,64.24484049130695,-1530.9881058304625,-1389.425929754054,-1192.9115392997967,-859.2670692454305,-1018.0406875962948
1205.1943813245875,1126.671667794879,1087.084513444376,947.7184734447246,969.984989054007,1.5092913074708065e-15,-8.072402349062266e-16,8.366366096884567e-16,9.596675882734855e-16,-1.875275828051581e-15,109.57961667453233,83.58346221110772,94.4510072008648,42.18502017767467,104.56703734182555,-4187.168083060203,-3836.2529024519504,-3705.651956187929,-3103.9851050561033,-3288.6008021392454
278.5884429236965,247.90200241562712,223.1654931842106,193.34549112248257,155.18449209635463,4.0808167247897677e-16,0.0,-1.0188567784336975e-15,-1.1759967823567862e-15,-1.465182972677804e-15,28.9807078077423,24.854278829044,15.958907325513877,16.79755402639662,19.034918823648844,-718.9792249746173,-620.2832726232816,-535.7797171331448,-454.3639906121397,-353.5286490147336
73.01047782321494,68.88744524573386,62.0314250839219,52.358968297964864,45.443027557369554,0.0,-8.25163695039602e-16,4.581824356276268e-16,1.0856481842293568e-15,0.0,4.0636892928331365,6.003582955800141,3.005791942696284,0.7614538049814712,2.844094394340044,-123.45659221204552,-116.22984144281229,-98.22902892956712,-76.4954263333559,-63.78062036471677
128.86359612206562,107.33253151922744,76.62990753406571,51.781918390254994,46.96603631028363,4.411130883462485e-16,0.0,3.7089578136015865e-16,0.0,-1.2103090515296827e-15,16.45795225131969,16.30959441999972,9.351095271440634,3.2404562260058203,4.083627615993093,-280.86147542552976,-227.79125091663175,-139.13882783725106,-77.07282682991337,-68.09573813142664
80.97597409305084,75.84165334562515,63.734742730194405,50.56114841190121,44.31870247817932,7.019788214648496e-16,7.495013142944223e-16,-8.918749245045338e-16,5.621254722868208e-16,0.0,2.5728019797884927,7.89932030224203,3.41330235928132,2.890081447768764,5.518493975837336,-140.73250074651585,-134.101183748958,-102.2729459463054,-73.94153854145868,-65.53363696932291
93.83408162828682,78.33655822194743,45.770198610995,22.952820384524873,27.42251997106416,0.0,-7.256307929658605e-16,1.2419307887196493e-15,0.0,1.0364368212839002e-15,7.623764172360922,12.84360201323305,6.407504432199158,2.5968286295897958,2.758891896896178,-177.1733093679601,-150.36622308832432,-72.12892906991958,-25.01151848974254,-32.109215175337745
1566.4056983622556,1425.171974044789,1287.1002573170992,1127.886648183373,991.7620447222813,0.0,-6.381648799840527e-16,0.0,1.6127413215464569e-15,0.0,109.1141504076629,128.6967088145338,73.19222922543005,91.44791418266836,128.40730729785415,-5651.582911802695,-5098.826481190235,-4470.855430629132,-3857.1274078919705,-3400.1024603578066
639.0675514608276,602.3297634082094,544.9337152630644,457.9316134910434,385.10683824361263,-1.4231589441428192e-15,-7.549807074339674e-16,-8.345003037056292e-16,-9.930464232851188e-16,1.1808342665647448e-15,49.15895800836863,44.353227812878714,23.194736141837385,9.839731118771446,12.46354306435407,-1956.2980120236339,-1815.176738349231,-1595.3962186603817,-1286.9185164148166,-1042.6618316197905
91.82751228834424,83.24529636558321,81.91026317979355,67.67542875893311,61.01350483530389,-1.2380476709924595e-15,0.0,3.46985937134864e-16,-1.6798835235544695e-15,0.0,5.655899485867899,8.219833455940122,9.163346468521008,5.651830311420352,5.56403387993183,-168.91064692402506,-151.19502042882297,-149.19966117774473,-113.11816082703123,-100.62930750460134
9.501697632915716,9.16251087477966,10.260372746050177,10.414959800452685,5.495954802023603,5.374856273666292e-16,0.0,0.0,6.822328164235608e-16,0.0,2.276186972447209,1.0593370563426432,0.9557892680589161,0.7384656483160144,0.1045560583302919,-8.775009609886528,-4.508920644440849,-5.430534221522477,-5.148238050973914,-0.3385115559608797
6.672275289691218,3.561180382760716,6.100697903231191,4.989266346010017,9.859876316602605,0.0,-4.9881125033693865e-16,-5.823454521357026e-16,-1.4241427225634702e-15,1.4412812350671155e-15,1.0908933202242432,0.6885933296930137,0.9305330906477403,0.4863440806055483,0.7288325230064255,-2.651930527831933,-0.04410721203580455,-2.043556837806319,-0.39949465442320203,-4.574254607460177
402.35775191750275,473.35065493229564,376.8509393026586,418.8316198236423,531.1034535588151,0.0,7.205240124018223e-16,-3.016758772898035e-16,0.0,0.0,15.001670737240904,85.1633733348108,51.069567410036676,68.63195761980188,82.18147990368027,-1101.8200191931367,-1470.0624878523076,-1075.8150685686442,-1249.047429855141,-1651.0841108567952
157.4452457439663,143.248616203404,134.1083702161091,108.86248668103804,99.26615185427906,-1.4441444349039392e-15,7.936330607214236e-16,0.0,1.0443160099283155e-15,1.145272941460512e-15,20.579637085151084,5.530792689864531,4.011851127039403,4.840274243886678,9.4151444121981,-358.2631411202001,-300.27187397344403,-275.03025672088603,-210.29231336562987,-195.31081282617149
172.09940404537502,156.48036745185152,147.90365843881312,129.4462629802521,129.59204835939795,0.0,-1.0897869129486523e-15,1.5373093393581958e-15,0.0,0.0,16.623574046039405,16.80895905633369,9.305456712203435,10.745906136335265,19.385772303230116,-390.94260942039915,-349.40991659854706,-316.0596932160295,-268.5345559944628,-286.02425722974596
14.770844185633191,11.739348613618567,14.342887509830694,11.819624774136654,9.251548198894836,0.0,0.0,4.953972728804366e-16,1.0520213723713587e-15,0.0,2.722215906294137,0.016258403212634526,2.792621051997566,1.789805207918777,0.8966766484335186,-14.09160057627907,-6.225722903951769,-13.1952046892301,-8.615211731888747,-4.240983534898414
456.3953608967222,319.2463690560586,342.5803390804256,347.36759184292356,277.9872058371588,9.963890737035098e-16,1.4244401658538896e-15,4.56299979989581e-16,1.6364053583476517e-16,0.0,60.23657591523324,48.6512580012382,55.45180730550762,79.60329785668311,33.91588964871179,-1356.7099834980816,-887.1527141892525,-990.1078763404081,-1027.0347721130272,-729.9638112408018
81.20141370702432,51.9437735890782,33.851848320750435,10.681037943806784,29.633155709622528,1.4000598330935409e-15,0.0,0.0,1.1641656870071962e-15,0.0,5.716722640206091,1.6313923546890667,6.649576727291152,1.8256805567633112,9.369757043375891,-144.68620587033698,-75.95303289860615,-50.16939421812277,-8.045298161166219,-49.82243659052073
318.43318628956354,87.87877261764116,258.16824282914126,140.94553948809053,217.127581200735,0.0,-6.468390166090807e-16,-8.807189953014887e-16,8.066011747127494e-16,0.0,50.618826209478804,11.381165951874095,29.605375284339228,24.491121468686224,33.9866283628075,-901.1443160939905,-168.23616210617462,-657.5020394824442,-319.1882862237189,-550.1614642283637
30.052309132500845,17.976600425767536,27.06736968660452,23.543753443753204,12.407201696089988,-9.4574128414201e-16,0.0,-1.9688172806972364e-16,4.526950667345438e-16,1.145371459519387e-15,3.5619972248790646,1.920073230360955,5.67908023281089,3.84640101785513,1.223313624262955,-38.11999217960225,-15.847341663861467,-37.35533283930252,-27.90838290079307,-8.571520741220503
51.25609713841419,40.37972737108308,44.241573018942525,35.50361879258334,18.263861943184764,0.0,0.0,6.424208609905198e-16,3.0019872336585517e-16,-1.5561719377215116e-15,7.353759519913642,1.0013643967344548,6.772400143487772,6.67876429117111,1.496311553873059,-82.4773676266236,-52.6048208119039,-69.38824391086327,-52.4965302132542,-15.72246753708956
15.044059329153555,8.913580837974692,6.732741304982895,13.568697918469876,17.213590168624634,0.0,0.0,0.0,0.0,-8.25560186805438e-16,0.48092654982064126,1.0962790018790691,0.20971610558878162,2.1599837017572256,2.8405897234696353,-10.42624388862902,-4.269662676317253,-1.2999547821594968,-11.09737434200254,-16.22580617428994
37.824240198168525,30.57704207494367,16.30258371469581,23.238008555517585,3.7169981152388325,-1.502830422051952e-15,0.0,0.0,-1.2230699271197065e-15,0.0,0.6770006792738,3.2314561883241533,2.167974720214346,3.7095145289877705,0.6720813252980444,-47.651433114769134,-37.21744613591363,-14.764214936691316,-26.46220414810231,-0.05547139935391458
31.937152529927822,16.939554701187443,29.1410321672869,23.17301293588817,15.781520157125774,0.0,8.389154830738165e-16,2.438289528254048e-16,1.5331254889597864e-16,-9.004743886339383e-16,6.580398311488801,1.1785738663447942,6.9564860218426166,6.621368813585772,1.5067104962877194,-48.640885588650995,-13.467075498245356,-41.939750411790826,-34.358274726227094,-12.795660244602836
140.08104600015264,93.06090336593599,27.46890314639517,34.821533669889476,64.74653573325982,0.0,0.0,1.5520300872006538e-15,0.0,0.0,2.3395131075227265,7.979592907626948,4.574293037503699,3.336844667394366,15.211115343863906,-290.3681923423486,-176.72375960605424,-36.088964343593794,-44.77597565063835,-128.89152590549094
30.520476391481644,23.972429544807355,19.74467862499756,30.700847643372974,15.02703323812792,-1.6296597361464855e-15,-1.1855998732744386e-15,0.0,-9.257630199842075e-16,0.0,6.80718623486983,2.6170935618807634,3.8084505341129846,1.251435653224596,2.279057838644309,-47.630806983996884,-25.708441094967306,-22.833210581420794,-35.02713976686171,-12.933980609082091
3.804123796128833,1.935288792983395,3.8265337209832904,6.627263959853074,11.370767930068814,-1.867822326085091e-15,0.0,9.28441753778031e-16,2.01028303327113e-16,6.24885443208408e-16,0.31157873474832687,0.09148145681192943,0.3224267311073405,1.582834150748382,1.9457123709408717,0.38404467247582297,1.1096282316619592,0.38960940639751623,-3.7070332079640282,-8.337125950258526
70.45031217869425,36.374233863676714,14.12740894707281,20.014768729577643,60.68363122631099,-8.068582963355375e-16,0.0,1.25738332206226e-15,0.0,0.0,5.3944908927073945,3.519006317056277,1.8268132978841642,1.8369660148964553,20.604453726990435,-119.26257440951662,-47.838191637202996,-11.265620906830444,-18.67566197793279,-136.73377285917798
11.490982915283197,4.503999771606607,6.49836425724055,4.642186107419348,7.96376306277591,0.0,-1.9719770531500404e-16,1.0934178319850345e-15,7.653104801469282e-16,-1.7844396679286137e-15,1.3594467372169021,0.7932152688689916,0.6477809214109914,0.4593615979351281,0.9972117475815908,-7.811654826766616,-0.7981223163328599,-1.611777890333785,-0.24190263727008962,-3.439548416230343
279.6769605808945,116.40913461398802,193.53323696428373,137.07249821160167,211.39423404968454,-8.129867936599872e-16,4.883072024313251e-16,0.0,0.0,0.0,24.217609645865554,16.937362218761248,24.59462270595091,36.043433874409295,36.51468567528108,-717.3041515788573,-251.95668774815624,-466.38853201541775,-337.49721804122953,-541.6414068188028
211.4827259011604,158.57883479924632,95.69398326177354,61.611653626356606,86.35841703126401,0.0,7.16910537686435e-16,-1.7820373943044445e-15,-9.226082326167462e-16,0.0,24.06963546833944,22.972608914249665,15.209828555525005,1.9672916976780448,18.270328403787136,-524.616609522722,-372.83366794538153,-197.23093059841204,-96.60573978889767,-179.88616529877066
371.6339540344658,261.8903100407981,159.51784456169628,153.69158034102526,222.97635185951697,-1.2236431734767979e-15,1.7364038815167392e-15,-1.4253808159706631e-15,7.397076500180234e-16,0.0,26.848480475406667,25.61264990604767,19.58835472316566,21.217234722398,55.52131076222523,-1014.1343661211191,-674.2770127921771,-362.0087839031072,-348.39441796738936,-611.3459930321075
149.61087714895214,113.2316294107472,87.4367829197357,63.96477355042689,146.05965614910593,1.5197670101008732e-15,2.008040303106786e-15,-1.9503262916130574e-15,8.886675541186005e-16,1.9458973257741703e-16,16.04753915875583,17.748169914590914,16.39560263885856,6.525576387045165,47.10411891142726,-337.78158569082274,-241.5319836815423,-181.17179783152628,-105.72596205699875,-393.6685694485914
259.72179597536115,162.97445786434054,142.79246746410217,128.99562116577454,171.42027044157308,-8.754508823156381e-16,1.3951491443677465e-15,0.0,8.813232317050133e-16,0.0,23.99863539290541,20.325108799456306,14.802727445805155,12.44650224465827,53.85541038453333,-663.9702875332214,-376.47531778850447,-314.3956913189022,-273.0172237062956,-473.7331674485102
35.338606949773926,27.12371694177081,24.23645046506957,22.26533220044389,32.52390866480242,8.042679631033343e-16,0.0,1.1726844849400031e-15,0.0,4.3693563592438327e-16,3.490141177757007,2.7652491306412714,2.394616259215968,0.7885463279321273,7.882472243615762,-47.02208436887047,-32.280595225052124,-26.893561446213116,-20.864473564282378,-49.00333833662612
33.15057407350646,17.889259925520125,7.05843603972143,9.022484655052683,17.578422057793507,0.0,7.9437912883860265e-16,2.5166436720596204e-16,0.0,8.084260730843887e-16,5.216317751390949,4.097281529564515,0.8031754795010206,1.283125236401592,2.8738558598164263,-46.882311373987285,-20.922027761095126,-2.256704816002371,-4.714442783421569,-17.95371017767822
298.4300986579541,224.23092218205662,153.62883363025028,132.62839025394425,157.2240388264207,7.618992737855058e-16,-1.014015699666185e-15,1.110014653843247e-15,-8.571832735354721e-16,0.0,34.51185916533348,26.931387742901215,12.762392464429665,10.516865357968456,25.283087636558744,-802.3487381210205,-561.7428586114155,-335.3106327947715,-275.71347968778474,-375.10340269528086
23.636440069023166,21.68218667087224,22.833862241450074,21.57652306726995,22.501141057033475,1.2024530490804407e-15,1.3108322450053256e-15,1.5558969574368793e-16,0.0,0.0,2.247532985179475,1.4835957288060968,3.2381148382496883,1.3323169342444803,2.8192633450932227,-24.621386202306372,-20.547159812189403,-25.881794883621648,-20.225445610340266,-23.752242506744658
246.98781335664845,169.72198923869874,105.05252667047644,95.87588924954728,153.94444358701537,9.205866166153967e-16,1.3396830691363828e-15,2.7054760443369265e-16,0.0,0.0,20.31341967167695,22.443632535714997,12.10150441458451,10.672012751602951,24.3528091607891,-614.1132207991307,-403.25089969898926,-209.99529333522898,-183.924956547524,-369.4818807339142
104.14921873083793,81.58553253227367,39.737206867826586,40.274272995051604,26.831065749731476,-1.0915764813889485e-15,0.0,0.0,-7.057038480594326e-16,-2.1185673126449292e-15,13.462098070683096,7.875673768487363,3.608519985853897,5.712973851137592,2.7613190156719662,-211.2502201444435,-147.4377826135961,-53.869175296842805,-57.241907837707245,-30.326539150723587
55.34238687363958,26.046521294301865,32.173027385032746,23.737117149483787,68.33792192300598,0.0,-2.727975562385538e-16,-1.3251026592989865e-15,0.0,8.317990547744716e-16,6.059605640883115,7.64816712096437,3.3631750148560537,3.7439978776096585,12.549039804801787,-87.78133090115288,-40.09464266816169,-39.95722786786712,-29.372316596017384,-126.42905879806337
11.536697902958007,12.74632809271095,9.116876036023525,8.594379272221374,5.682293101209822,3.0794892166584216e-16,0.0,1.558741685095929e-15,-4.1337641338258476e-16,0.0,1.2660309636580593,1.2582665639713906,0.8543553509093879,1.4362263958680497,0.9399823727539723,-7.173797312226671,-8.385354150365655,-4.2056072618312825,-5.168375671317189,-2.185227655206175
18.66081366790204,11.778151141004898,4.139735001940345,4.50755327047988,8.316736877205619,-7.615345701482305e-16,0.0,-6.972861457732032e-16,6.896478604720938e-16,-6.40764592758319e-16,1.1148917368326383,1.1061044749441327,0.9481204770065768,1.1374473802986451,1.4784664643157786,-15.84890182699499,-7.223913462412223,-1.431220318315732,-1.5878128138571135,-4.394604329273864
46.215671952302486,36.52931804194073,29.054618375398647,26.998171925148334,28.259584616642158,1.5374497562069972e-15,0.0,0.0,1.0527271812773987e-15,0.0,8.332316159892219,5.400381988091284,1.8355592973859665,2.9334297416498014,3.6621059296034244,-75.91313705325686,-51.558706606990036,-32.88501068033638,-30.890049204840004,-34.11750326925277
635.1024326128831,473.26493816526465,599.9007339035544,534.5292397124052,426.05498033883737,-1.4320441161454291e-15,0.0,-1.5160753277543866e-15,0.0,-1.0673442909288562e-15,61.80220652132057,71.47701023627359,53.9152536243275,187.37004111590244,62.51853185211753,-1963.7890824719905,-1421.4413770509527,-1838.206516318938,-1937.9538446912404,-1253.5829614290208
15.440893580407572,13.14880079438139,7.398559446903857,9.528897314110344,6.495939027781936,2.300847201815068e-16,0.0,0.0,0.0,1.0938260545877042e-15,4.324942012543351,0.9907404349927776,1.002477034452658,1.5899828403971337,0.732922361720091,-17.784537404188228,-8.592551614506863,-2.887882350360182,-6.162665412933114,-1.8139094879145177
6.566574069688306,4.9534245837364415,5.47784319437444,3.1672987528053502,3.538434838629118,-1.0820600334655593e-15,0.0,0.0,-1.1216856874185865e-15,0.0,0.4072443022122049,1.0463251033987302,0.7658621368866213,0.47834373047481993,0.35559717037955063,-1.2914911570577543,-1.6598970234973685,-1.3032533701626818,0.19734991800477672,0.42888788544922385
4.236413870595006,2.8278495133732315,2.176061223391896,2.68454633063102,3.989833807688455,-8.386134564094233e-16,0.0,0.0,0.0,-1.780883039265636e-15,0.5464815789610517,0.43030440472911075,0.3566303682307602,0.25386883760928547,0.1943931819851779,-0.17137370456529727,0.30628554789536416,0.7122037810357614,0.8445344802858336,0.48626429055281806
0.0,0.0,0.0,0.0,0.0,0.0,0.0,0.0,0.0,0.0,0.0,0.0,0.0,0.0,0.0,0.0,0.0,0.0,0.0,0.0
4472.233624003429,3834.755906989726,2992.401652034551,2088.29731418984,1192.012451413789,-1.2201885387536241e-15,4.743429432445307e-16,-6.07869402260594e-16,-8.710394785196272e-16,0.0,259.18240599398416,157.01929387164807,193.91032685580484,194.78888339739575,162.12884217013553,-19008.48619632801,-15875.639005024568,-12006.929594471516,-8028.528467876801,-4262.000837574142
7168.934775729475,6072.394398008133,4639.896638336985,3281.7052286048447,2288.922331208158,0.0,0.0,0.0,-1.6628453290295962e-15,1.5893849946282295e-15,525.8432712182599,459.2545010106681,326.353713374679,336.878538014072,431.2810607548439,-32683.0663726426,-27059.109349275688,-19913.086710139673,-13543.524117039182,-9389.875991584613
59.53186930743723,28.469468285358744,11.098366506451274,7.875291687285671,47.05549869182255,-4.774200736688999e-16,0.0,-1.2804456139506205e-15,-1.8044861421634496e-15,0.0,7.5537243696477905,1.4240327953968515,1.6538695576206492,0.510407020276721,5.029044596268916,-98.28780391824662,-31.313865592348208,-7.837705608398973,-2.536187059552111,-71.64371367133369
83.86968879759428,61.92182078769592,69.13520175795897,32.18668107679918,41.20377252589729,0.0,-1.8359737532815894e-15,0.0,0.0,1.3795683107676835e-15,12.99396013021533,5.844518966714867,7.691681860978696,2.234152759327319,2.2539331810399514,-161.47936953897135,-103.15643997616797,-122.34756787358258,-38.412795931165306,-55.00234825961322
669.1244442740972,514.0049295867079,401.8799384754981,346.3915321355663,275.59746866773173,-3.398077553270371e-16,-8.847139875722775e-16,1.1315502650157523e-15,-1.3128131282045628e-15,4.1251045690365235e-16,112.01000360040906,28.95351161584292,35.950975636898484,33.200603428089124,42.375461565933826,-2149.844112493577,-1492.7058976548906,-1120.6166941626243,-946.3276223333205,-748.5598928759713
6.46781831931183,7.892273094864379,3.2490010973859014,8.1170892859966,2.5140149665905946,1.098581779328182e-15,9.003017599865635e-16,-5.467393780905402e-16,-8.753664161190277e-16,1.4131632969626061e-15,0.25252386516133285,0.5514214455845327,0.2841585937554167,0.3390020192938647,0.14859448751580182,-1.1112547012933032,-2.5604148848240706,0.7054410606660467,-2.567244328557341,1.001292647420304
202.18820560596592,153.86122751818624,79.20103764813966,84.2325626252553,101.23152225057225,0.0,3.694460246918879e-16,-3.58855265971021e-16,0.0,2.8075947885139446e-16,38.39094192169309,47.2811936789337,23.93087072559679,3.005796187428622,10.29551453057499,-527.061653085025,-411.54584986559365,-177.4869913639619,-148.71556999920412,-197.12654854258278
39.45823790853408,30.515991566603446,21.89515329694137,18.19305170801514,14.337010701231698,0.0,9.313709950525936e-16,-1.2980822305717476e-15,-7.811144025354065e-16,-1.9824013542768916e-15,7.460606450630197,3.8891934908589447,1.1909548119297206,1.2933537542256168,1.4895115465415207,-61.547890391505476,-38.82386234553617,-20.608329315257777,-15.308151309916422,-11.366933764433899
95.55558023417953,62.62705879784011,60.320629630512656,66.22014709854886,55.661968623335284,0.0,0.0,0.0,-8.584006733813745e-16,1.0212254483032681e-15,31.43409044210786,10.746527319180501,10.528467006311937,4.102525069341338,6.64050990921831,-236.64362455830013,-114.84071767394927,-109.29668102288134,-108.66725641162537,-89.37193691155646
168.8183741142132,119.56274878793666,88.48487247445466,83.34620771398914,59.31586912187434,0.0,-9.508550018639797e-16,6.424083266574018e-16,0.0,-9.583172210460868e-16,26.244388963893833,12.725723186362575,2.740567932841951,10.200959469778708,8.912528900376099,-403.54708193304447,-246.6128131293143,-158.6436898307495,-158.37989045251945,-104.05565356182895
20.5735665649826,10.467635552675935,6.956766045041174,3.369498434059105,12.908868853234921,0.0,0.0,5.106846566060529e-16,0.0,-2.7521494866765203e-16,3.2465645217602246,2.9889735897476015,1.7757513455707217,0.7676101594028978,2.5478410379140897,-23.12490122652313,-10.244266599265123,-4.119019915994599,-0.6929586961266508,-10.608425572637914
778.459748161906,684.735557397187,529.5783491549535,364.95089055587005,201.77771646812286,-1.1683259204093996e-15,0.0,8.586970211529664e-16,1.2460508047913564e-15,-2.2537045162680575e-15,41.56927589937743,41.364032435602894,40.448621548756634,36.899246101826215,29.13752925449056,-2458.4116347549216,-2111.988511704591,-1561.375259276474,-1015.7288916944527,-503.45814501635033
104.86880038251367,43.43285368638107,43.592350985398625,69.77594421337099,59.86379663718881,0.0,0.0,0.0,0.0,0.0,36.830758465593426,6.683577016922967,10.569026119936112,13.524077078015024,9.15206909538253,-273.6893573727263,-65.8377545890737,-82.41120569897552,-135.94589694275996,-104.3875861728099
166.6246826523679,83.73282751224188,26.78820644436638,39.43463148510687,89.11017177079826,0.0,3.394332936654827e-16,0.0,1.441459365032379e-15,0.0,31.35741483830347,13.908291867873375,1.2623975330509687,2.4447153603261134,4.753835654224984,-404.34303057309955,-162.11504135748515,-28.45765509379442,-51.849884978702335,-161.8272496971719
16.24162875320965,9.853514617542132,10.4722007932431,6.76332595765583,10.620912844491937,4.374824388346419e-16,0.0,6.785037355457874e-16,0.0,0.0,4.461271827653833,0.29139660646102167,1.6017024195313587,1.2009363956631525,2.3978080195139526,-18.94714861159856,-4.2192066538069835,-7.132170662121068,-3.1463581168934893,-9.74141074450447
239.27740271525983,133.5220001943997,57.38453141352309,61.65735450298923,120.08876862218186,4.751256760209128e-16,8.514464848945873e-16,0.0,2.3048109718221927e-16,-9.466900112806776e-16,61.80010452421955,9.51988755446963,13.548982647911302,13.629614636560682,13.170256500471474,-669.0651517070767,-277.6570625449761,-115.64839210604359,-122.3677261664896,-254.0674607472063
62.89386625808607,37.09247775926997,17.977332079879275,19.29983305972247,39.86050190228043,4.518995431728593e-16,0.0,1.5809748245244001e-15,0.0,-7.130293918546468e-16,12.714625542333708,5.710699605437025,3.082913258021703,1.999390932293158,3.8733659935604234,-115.54278571493036,-54.814884257344055,-18.48956516184406,-18.899533494605247,-55.05539709549571
183.8123322395309,139.1007476992651,101.37005526860816,82.77662304238208,80.84550912059106,6.184940712980433e-16,0.0,0.0,-6.867085992588013e-16,-1.054667466612506e-15,39.9472874859167,14.73298858839866,12.335640816038103,7.565242278015975,15.350675161498392,-466.21998357847343,-301.42370925086624,-201.0475820335948,-149.8941989244221,-164.4941952524774
46.90141595748674,41.342678393080604,31.564876556811743,21.98346648415925,13.747948864242701,0.0,-6.874665729243333e-16,-9.004220047954081e-16,0.0,0.0,5.76248736100912,6.178108779895051,3.1870992197312873,2.274396870878689,1.3849865352026611,-71.46897657725192,-60.368728622307465,-38.33495101213653,-22.014339888881,-10.161203108768499
115.40485429964885,57.47714275891485,16.404704314189928,29.611186299317307,71.32087131479435,2.462782835512881e-16,0.0,0.0,0.0,0.0,19.01376957236283,6.25744620990263,0.9040398235729427,2.952369696779243,4.832796813231935,-248.61084566908656,-93.08262623939244,-12.531559685705899,-35.831108531860686,-121.02005661830842
18.123915755024278,15.38757464283112,16.35745493791112,10.004358943685013,14.433776464180143,-7.840940615309634e-16,-9.2352791424623e-16,1.7375386047698641e-15,0.0,0.0,1.6039235679882877,1.5285239516836107,1.9704771368104779,0.25298059786552624,4.329474128977934,-15.445315382133852,-12.03668145928224,-14.77504992782502,-4.361878326478173,-17.86279416311672
9.819672365880193,8.293326840671567,5.309038849741862,3.791166588679773,4.845240824906469,-3.6179554127945197e-16,8.567644196482226e-16,-6.691820834901674e-16,-4.685515125355768e-16,-1.4664755817866212e-15,1.2429853577817385,0.1578534440465146,0.7165401348436434,0.160768616708181,0.5665999642787896,-5.216267722461735,-2.631059504751283,-1.051614842715181,0.5989975275100262,-0.4182818775691996
72.92682868576702,36.155410803755935,14.012534923231883,29.375990970025864,49.56160446131234,-3.897291290818329e-16,0.0,0.0,0.0,0.0,17.858928332005146,5.24413282102723,2.3827441621114556,4.1015189912641645,3.436096042363981,-147.46722801763462,-51.17889016701338,-12.839915623599426,-38.11212699368218,-72.9569098473218
137.86478331779034,84.86514754201787,52.935346388812185,31.05978346283307,31.296826209538615,0.0,0.0,0.0,0.0,0.0,43.25421860659945,8.908813405460018,6.969624924138843,4.982877893383659,6.050058582104296,-365.54348928372514,-157.43878834895514,-84.7644360498319,-41.469830736825685,-45.49594933032245
40.57671834555875,32.224032172039436,22.12759631479253,16.151648006059627,13.42698029832194,0.0,0.0,0.0,1.7596786049164153e-15,2.1167610884150967e-15,7.490890489681004,4.180617700389469,1.1573091799376176,0.9702847594420247,2.0266015367067505,-61.82477640002702,-42.24312247828474,-20.934494444341805,-12.212852228653265,-11.21925588969181
178.38686895219942,129.55021758692868,75.7937692412346,56.43601576273798,90.79485014629742,-1.2746099350180263e-15,4.3877517089205864e-16,1.4999496510033203e-15,0.0,-1.2521287004541868e-15,26.284343073920493,21.055779071786237,6.594524412417134,5.4810029621513605,7.572502776211507,-430.8184897726342,-293.79460071156075,-133.58696873818857,-89.37660485964147,-168.5926874358709
459.718827213729,276.32822034038475,101.77953959865643,94.94990647380581,242.34785780772455,0.0,2.0570978523578787e-16,0.0,1.1973349099925575e-15,-9.38212029188338e-16,38.06469601324708,69.19929207610592,35.1369462193818,10.900164721897559,3.3390362047788043,-1314.0029463003038,-789.380891849226,-264.4029555495119,-186.61043595548784,-584.7571464310845
39.639189891742404,13.43176178570062,15.591974559383491,41.454180450467376,36.96691825277843,7.170103503130569e-16,0.0,-9.114211071265309e-16,0.0,7.688417313030371e-16,6.360433873684653,2.2325493437906614,1.5714058968351694,4.062010133791091,3.4863148854106836,-57.44071934103673,-11.427696495111224,-12.355664018525314,-58.831791603350766,-49.455698077242616
41.78031155099312,22.143687688558,18.508740426356464,28.535153980978873,30.402358368180572,0.0,-1.2835129283859057e-15,-1.5355831232000782e-15,0.0,4.674260642251765e-16,12.878873102816744,2.206774535020968,2.157828980173384,6.667320700366835,3.6939239354374687,-77.92066459993703,-23.339821301294222,-17.148844472132478,-44.78807192127708,-37.877013048296114
53.35684571871836,31.09472844671718,9.57429111806421,12.716067992831883,34.35596259675212,7.990083291346041e-16,-7.997817313059392e-16,1.2987382274538398e-15,-2.2351020336180553e-15,-8.272715209292632e-16,7.467403957476216,5.38861625595694,1.6652641119134466,2.093897392223597,0.865956249868319,-88.30480088805196,-42.901136597619995,-6.2006060273703785,-10.486376581852747,-41.32185416616049
7.69886973856722,5.301264388163116,6.663666726560044,6.0126836401789605,5.8934823499682185,0.0,-1.3403269177568839e-15,2.6657348158185147e-16,-1.181739765937447e-15,-1.2056415775368054e-15,1.2023136480880365,0.16543878262270043,1.0024601242170903,0.6880934657775322,0.5584347902980509,-3.5264982966375804,-0.23350420799426713,-2.6840437121497427,-1.3155255906155017,-1.1303945315724597
69.23260788576306,43.43999395056764,48.05214725206302,37.03144666206319,51.665807658272534,2.052624500098358e-16,-1.308550340165626e-15,1.1829527318025848e-15,0.0,0.0,19.310248883752145,7.980160422423784,6.698653957676322,3.4117921080555185,3.1676354651169967,-145.49771707389087,-70.03527161761029,-75.00827368824109,-49.53508061585023,-76.83058136770187
972.4129830676648,844.4038811367236,662.189178495029,444.87933702032007,277.1018183332221,9.352967490250401e-16,0.0,-6.867332865813027e-16,5.110906632933744e-16,-1.641083965532188e-15,108.28839703501036,63.21081842475442,23.557223676144694,16.286278057186177,2.222594796527931,-3290.9667279133837,-2728.8138445356976,-2016.4604156861858,-1245.071307803996,-691.4036627315227
724.6867415800807,639.1569412466688,514.8935698269232,387.67329382358776,254.29751485488725,6.275088597522144e-16,0.0,8.831870847393245e-16,0.0,-8.94124645980048e-16,124.91031602773552,78.20051084390423,58.47233852577546,48.18889361082649,21.01001773674644,-2382.7490757938212,-2014.5187497957938,-1540.7571159612773,-1088.7984535660974,-635.6308437340468
59.09164706502866,43.75592494171835,30.508571416127193,27.650854526867047,35.68328755777963,-2.404883840784361e-16,0.0,1.8631950374038135e-15,0.0,0.0,12.057390646291156,3.3249457575424577,2.630764993171543,4.452519125173732,6.167109500018107,-111.01239621265387,-61.461452594156526,-36.07739269850107,-35.74975412095562,-52.967084830224465
112.59308030626279,98.03583853930945,87.35558967697202,64.59359028480293,49.84509660279488,-1.0097142507548255e-15,1.1596456909585264e-15,-6.507130118519779e-16,0.0,0.0,13.787411782656253,8.471020129923694,1.248060108169301,7.20632183602716,2.0411497782661314,-233.05857766516786,-187.05848803608677,-155.4017601858466,-108.3041562652502,-71.81636449083408
343.3547442876038,299.4801126673126,233.52051537697307,177.67154421078487,122.40238742045233,0.0,0.0,0.0,0.0,0.0,49.047090891207276,42.21724811308087,13.999370617704,31.76623088537204,9.818087089775569,-955.6457608461014,-813.6064180818033,-564.6388139330411,-431.5522555626091,-248.58336737172732
4.729368517000065,3.607950537770875,3.124919211701317,2.5037143588477653,6.126958695879878,7.5120254766149195e-16,0.0,-1.1368977685878404e-15,7.094886176303865e-16,2.899247289841819e-16,0.779029574001516,0.4415016243880365,0.1979396998136778,0.05175946583289451,0.9798084632285335,-1.0326631316433532,0.23097294127130316,0.7909895802020077,1.0677187282687168,-2.0219672149570616
278.4260177813484,253.00691203698975,197.81687950085814,134.09802341263125,77.2996516274402,0.0,0.0,0.0,0.0,-3.67682244771136e-16,20.21859448899852,18.148297404321127,13.364850919606129,10.088832249666329,11.96457698643059,-707.1530754684649,-625.7592637375618,-459.1101648483115,-280.05348977681774,-144.39465721428746
25.255960352368454,20.041692044434605,12.482341187434468,16.306299270352856,10.453611973337063,0.0,1.4181292361637927e-15,1.138476708961262e-15,-8.714947812247832e-16,1.0195653964951168e-15,2.6537292875189817,1.7911081802808073,0.7512115025248447,3.3317323508682444,1.1647795068057814,-27.770718200864867,-19.03023831610538,-7.468437352233138,-16.699836526499602,-5.943872211100783
77.2369221640744,76.07891556239541,65.53124998568323,47.585458583468,45.82285796871871,0.0,0.0,0.0,0.0,6.202517845963751e-16,11.326838885104793,11.324823881921269,1.7441528368273271,12.173007008685117,6.161726581421246,-143.77272177785034,-142.5138388544816,-105.1469218761026,-85.28241468030585,-68.26933144853606
35.28110756213768,28.96732472898269,22.993388185408943,18.349366300539653,10.572865034366185,8.055787188751718e-16,0.0,0.0,0.0,0.0,1.6619568242893001,3.8757724051471834,3.8761592601687904,4.81697542034993,2.4591012418124034,-43.46436793102197,-36.18792730351675,-28.241612864123404,-23.71655832214618,-8.441043256379496
14.65198886151862,10.312108868894061,4.806301173706867,1.4326532535014378,1.9097909770970902,0.0,0.0,0.0,9.29930271888257e-16,9.301315487940667e-16,1.6311081030520453,1.5638944644264194,0.6795471362648593,0.138187369240863,0.1281469634271372,-11.226069522205146,-7.00230577902721,-0.7850718369076805,1.0021442266863463,1.0769621027691927
7.483854170471133,6.710980953202358,6.901208646881585,10.649669375959798,7.837219945095091,-8.307549554388872e-16,0.0,0.0,-1.3343939810264067e-15,1.3599389976380437e-15,1.0763999810041984,0.36740745789083556,1.1052755211113319,1.5566594657071962,0.6745519774176427,-3.3147790839027538,-1.4137791101114616,-2.9178805381929718,-7.102912592282287,-2.642458642549401
266.7564792472594,227.77092645272114,173.0304020288428,105.13751525744318,64.88551162431271,0.0,0.0,-1.314067775241779e-15,0.0,0.0,37.42363779256131,19.163252752716385,2.440333779310201,6.053276239984023,3.151306657077797,-700.1617865303914,-554.1509899762365,-381.2792458735874,-201.41184760753663,-104.49845337885807
305.594540695417,265.5821335266711,222.31194906334218,163.914580625248,128.7981601572632,0.0,-8.561331759178674e-16,1.0227685754239312e-15,-1.3871473457450885e-15,4.4133719605467903e-16,24.077311669170143,27.898536368873497,15.969153409581258,9.22596524423311,12.494722078876045,-795.8547880323912,-681.521638750683,-533.7688929452332,-359.3227914173558,-270.61462648811187
29.46036498168015,25.247460007857594,21.005355192731535,14.58727468041014,10.817690723018796,0.0,-1.12572549561653e-15,0.0,-9.741953193139192e-16,-2.668388233620969e-16,1.4590554261690585,2.4025166724133498,1.9568002880280475,0.5035638401205622,2.9710560739996814,-33.02143091044814,-27.281479421917048,-20.11283469257199,-9.843237477631304,-10.60656338328141
94.8086240640292,78.65815567308829,73.20976675205786,56.40426879230714,33.68480037364558,1.199119160772098e-15,0.0,0.0,-5.038928797226139e-16,2.109386809120047e-16,5.192103487060076,5.6026467847310935,4.7922974041722854,4.785634000445251,4.079902568091864,-175.592051476995,-138.02123685200834,-124.48333541177655,-87.75619799536793,-44.2940773255693
57.18515873753351,35.657739453328226,30.486410876896485,22.415465117646548,18.360329953976,-9.940239760757856e-16,0.0,0.0,9.509631837182708e-16,-1.1609966774146608e-15,5.326126748379338,2.3172762230518806,2.0730684400287362,2.3030541433911753,1.7696093940866722,-90.63040486227403,-44.77161920799496,-35.40221270052939,-22.763965554433682,-16.331309847456044
209.5554248320064,183.8300196240877,144.5216245924547,99.61098082601899,63.73343512890472,1.0850288205400073e-15,0.0,7.866424006940721e-16,1.1413082852801339e-15,0.0,21.842021141173763,16.977521844906448,13.606071358407755,9.181411929156551,6.668897238008922,-504.3974435208768,-425.33317374749527,-313.2591256891598,-190.79824036019934,-107.02659178585888
34.057340540975886,26.436369014439258,15.793987029311893,7.470619650567154,3.4294623183415394,0.0,0.0,8.997636055309042e-16,-9.511161978459943e-16,0.0,3.8755967743062416,3.068039981027171,2.3415927328418267,0.848307672266763,0.5560203350742307,-44.57159900507485,-30.295727532320768,-14.779856396071924,-2.7431857915920377,0.22138517059342488
83.48721903833393,71.16398264098927,54.31810107114655,35.09044713261153,26.05094004872104,0.0,0.0,0.0,0.0,5.455025687604575e-16,12.154198542887091,8.264500386422629,1.4724842799182851,3.0005072463342937,1.1196753280311325,-160.70050591736683,-125.88107841398612,-80.81906215461827,-44.41193399956095,-27.090947294583742
8.29307054776575,7.2983592483307484,7.071188566852759,6.357727300563199,4.799141806986312,-8.567908974939671e-16,9.735650323360182e-16,-1.0048420135348593e-15,-5.588024636548636e-16,3.701405190432867e-16,0.5476399137148678,0.4740961513012465,0.3833620626725256,1.2100719988368676,0.6880937247923039,-2.880960290977656,-2.008485497490576,-1.6883242218552597,-2.3322658709238393,-0.8784504149576573
9.524386859890027,7.283307370504398,7.0461231099146495,6.96900649333177,3.7584882536205635,1.4920492966374622e-15,9.75577027872836e-16,0.0,-1.019575367651008e-15,-9.452507069506365e-16,0.9317148298087007,0.3893925605452409,0.3944591293470207,0.08629968678778517,0.7020587129408566,-4.939959471936514,-1.8641693711784517,-1.6574011915219955,-1.4460601945118945,-0.1630741934447895
123.14630850354342,101.32970977732754,88.86538097672033,61.81752224771126,48.5478946892875,0.0,-1.1219497023276129e-15,6.396576286067915e-16,4.597678521716599e-16,0.0,15.71386219851166,5.977898455595627,1.372078895823719,5.570364993396927,9.746996118449223,-264.2232195532212,-192.1993016748947,-159.0631882087676,-99.89694849934348,-80.40563703978061
363.78911037757604,307.38891387304875,226.90700550928725,128.22571414164818,70.14665984237509,0.0,0.0,0.0,8.866149701925515e-16,1.2155265622455765e-15,31.719242038907204,36.23493520405185,22.191879569268785,1.7530132805141296,7.11576669520085,-988.8136434217502,-824.8845488348045,-556.1752272039356,-258.66579830322365,-121.38271179542187
59.11515142346629,54.16856659064119,45.908928425303465,36.22866015814288,27.932091468510823,9.615710607525149e-16,-1.0493801560299911e-15,1.2381778623584215e-15,-1.56901797120509e-15,0.0,3.4953505119410306,5.249806093924146,2.8710844425930158,1.8916758609987567,1.9538784571533234,-92.19862659478379,-84.17304630999082,-64.60687983085856,-45.46879718875333,-30.915659851745517
37.04403861583964,32.23133280140331,29.94896552197129,18.1691441794301,17.336991649290475,0.0,0.0,0.0,0.0,-8.1968400300773e-16,2.6405711707582378,4.727092173256797,5.135417869779903,3.80469014184841,2.273504293943645,-47.36816034234643,-43.4598829924833,-42.47463916972785,-20.723069005968075,-15.40876203394819
264.48666355003814,238.95073861399683,204.95360966613862,146.8432144388186,111.48842691892428,1.7193583403513676e-15,9.515504189779196e-16,0.0,0.0,0.0,31.10925652057,14.685608652855906,28.118672909452815,9.329744499771964,10.74318355198016,-679.9549710087995,-581.006758571074,-498.9060643411372,-313.0845928917907,-225.1911877493496
35.55887304909675,21.7445546368458,23.6749281875452,18.43466042307319,13.79311332721241,5.994645005585875e-16,-6.535362509159851e-16,0.0,0.0,1.0302862289375547e-15,5.268790399206353,2.647505340993354,5.035034831408931,2.521881908434176,1.486538186031637,-49.561046230866566,-23.374607171570176,-31.818686842887015,-17.800258875604115,-9.77973098260303
25.387979676966545,17.660799478965885,11.096998890818737,4.352185877172232,2.1497765580571566,0.0,0.0,0.0,0.0,1.652596715451785e-15,2.4765194700675655,1.6451697546436306,1.5592177057686163,0.6822845068882217,0.24097531538696979,-27.279044324764428,-15.034998332157242,-7.347372884986208,-0.7872602683662824,0.9172122618626231
17.02343356867872,14.113623290295568,9.617370574068326,7.621638047330193,5.276869285660183,0.0,-1.0068891894665555e-15,0.0,0.0,-1.0098924626923058e-15,2.303073514460576,1.9153482316561774,1.6025827369210475,0.023817441081920836,0.9829097432255836,-15.652117157371192,-10.921613648598381,-5.631823212856397,-1.996881635373886,-1.7172402234476696
8.589192868851363,2.6422251928309644,8.557203408735369,7.4452479978571775,2.8138558279247676,-8.272520440621115e-16,0.0,-8.303445668181308e-16,0.0,-6.312892159476138e-16,0.8564229110076189,0.138000351796537,0.914874406995242,1.1561359519400176,0.2670758277187545,-3.8801229887032798,0.9886490863134608,-3.550666819371262,-3.3074664674978442,0.7865227132422086
35.677313839659355,30.449947128939748,19.196546098549703,10.821370443894672,22.35874606913461,0.0,0.0,0.0,0.0,1.2711674144212893e-15,8.531740518328023,4.794820440920507,3.2667180010492496,1.3867004417816042,3.7167225790910456,-55.43159796227108,-40.73747694497877,-20.412818634755133,-6.328121004220678,-26.19879051330672
325.3308237350797,105.78131494235151,111.28777349279758,176.22760081694932,175.38307647061524,-1.3977997709087954e-15,5.373672930024214e-16,0.0,1.2902273786239027e-15,-1.296440226838692e-15,29.76977186456337,8.569633681164564,3.2110926992781827,32.81943152191115,11.286588046933396,-876.0508047123974,-206.30350503542488,-215.26451029897208,-444.0501151858321,-393.48104487839936
117.30149647022965,84.56356644506639,38.43445477468716,6.325286189821849,55.19884244278431,-9.691848880245872e-16,6.721975107061533e-16,0.0,1.1233368964450169e-15,4.1835368080661566e-16,8.649246707515175,11.059294096422953,5.807491083897615,1.3138254922725687,10.211723359964532,-234.8222432782137,-157.67762365675452,-55.661325198352245,-3.307364915741696,-100.60207115482692
53.3589256443072,44.8283714130787,34.255407197063406,50.348779558627434,45.896355292750094,0.0,0.0,0.0,0.0,0.0,4.483288618459815,6.175322409001788,2.3546776760951773,12.799287681007419,5.551622612193311,-82.66147020900874,-69.58940183113764,-42.18251151503885,-93.06773214403381,-68.93532165041549
65.53076386331102,25.072105135256493,54.0764185929595,18.3336879951951,54.3072678638973,0.0,0.0,0.0,-7.751225350254892e-16,0.0,11.945910939087073,7.253022225310289,3.09465602119824,1.8568483033973444,7.420826959196337,-123.24177073747308,-38.655074672707144,-81.22611092216847,-16.271442553964896,-87.02998920567397
182.0884022732032,85.1548599542907,89.04603948143387,87.57706815264679,46.82083285508876,0.0,0.0,-6.383598775626612e-16,0.0,0.0,17.54678815512082,13.82742170557711,19.222712252979232,11.443942261732799,7.736107113639565,-419.9752859027855,-167.92602405189257,-184.2737310710319,-170.16824503285739,-75.59004891438717
24.980708110479856,16.43720691042844,23.97992277222015,15.857341110206235,12.521918286116223,-1.1377463482902868e-15,4.322770526842384e-16,-5.92614698979129e-16,4.480844113915004e-16,-1.1348784100402892e-15,2.2802700124308046,1.4270988578337724,3.6522097994283023,1.1935965901176069,1.186579642937659,-26.81571800610206,-13.191248256849107,-27.820625440724505,-12.126200389732714,-8.385857640967048
118.26790230661112,106.23516383979731,51.07184734611959,112.88082806607328,106.69128940360142,0.0,0.0,0.0,-9.20589234551755e-16,0.0,12.124009986522385,11.096191313813977,8.0043636235075,18.894215692896687,20.50216116527539,-243.46071122215253,-214.42625989997703,-81.68008776860238,-253.44070778858625,-236.90447711714637
76.77129320119423,37.6057271719133,43.92779123100866,36.925863354216844,16.409185825782302,1.4808508881526507e-15,0.0,3.235048773672588e-16,-1.1545448169118428e-15,4.3301522897235233e-16,8.703594174591244,7.6110784127496665,11.20131766687742,3.9039741372872867,2.2778522157078473,-139.72756147000916,-58.10282587068108,-75.91218551380298,-49.03967954789106,-14.727350021265671
128.97633313516113,79.99296010365816,41.15429894062312,57.45174969619979,47.99545754452737,-1.7629100619952898e-15,0.0,3.453066892405393e-16,1.484117172098102e-15,1.1843499732880352e-15,9.889051222369002,16.838283428833506,7.32896164427255,10.143321385801634,4.683837684224203,-266.71501416222304,-162.32943865883536,-61.78108192876476,-102.96316541243903,-73.33269865340093
100.84222988246421,68.48752079012698,47.34656772358428,30.958535193057806,16.646005526431725,1.1273733023766208e-15,0.0,0.0,-4.590286532157591e-16,-1.4939917995410205e-15,10.542588968877451,10.103001368318617,12.724943246420382,2.7190525343135805,3.493130954301678,-196.66223072596281,-121.88589343353009,-87.57011857188797,-37.06019000474053,-18.813660984262203
51.3934522013556,39.68861045701842,46.901542713919945,35.713792340873795,39.75329904492739,0.0,3.5805876173447633e-16,9.089799967913008e-16,0.0,0.0,4.268299057241959,4.684064291297343,4.511977485238611,5.590238074005843,9.27913144302354,-77.60433719151324,-55.87222263336928,-69.02665680425666,-51.07093909628608,-70.62130011950777
24.037724969433988,22.541440691341208,21.659392293756746,18.055727132539957,19.878248992848704,1.1823793419112926e-15,0.0,0.0,7.870552435183439e-16,0.0,1.1851542417638388,3.1842111296393387,3.8576369563508397,0.4287478251736728,1.6643341176325455,-23.89505838561579,-25.072430371852075,-24.683247164591915,-14.484923394135114,-18.234650762482573
73.91000031138091,26.924273675812366,17.89335162971302,34.85324946550712,43.04099260734603,1.538179370080589e-15,0.0,-5.956481075743797e-16,1.6309359882516464e-15,0.0,14.545147085326656,3.9026182538873533,2.2375024504667005,3.9310062057687003,2.5958752888260643,-148.70607294844785,-33.81826405728994,-16.810634094696002,-47.34722878329976,-58.84946478160551
29.348613886910652,16.749323847511185,1.326213155414131,14.813887121499516,43.03743293307986,-4.842087183388235e-16,1.6968869722240904e-15,0.0,0.0,-1.3207901816354957e-15,2.595895150673517,2.2555095899372106,0.29415541756785396,1.5384830284785298,1.2760380679553918,-33.800854346861804,-14.941317368820053,0.5142445244682194,-12.04856980438045,-57.87172310872411
28.974683116792864,4.1883868106821565,31.05968776216218,23.516206743094212,10.491410235230395,1.961830561931608e-15,0.0,0.0,0.0,6.349325780229252e-17,2.2394416291472945,0.6527504815611793,2.5365415711037067,2.495623396023583,3.2255765430866377,-32.9542007215406,-0.3803519527544079,-36.914512540257114,-25.674264187197405,-10.980378951185804
33.38841092179758,24.692877974711067,9.593634523684132,14.030707658848065,32.38432183981291,0.0,0.0,-1.4118445795478863e-15,5.064197423513537e-16,-6.582284532077807e-16,6.039952965318032,4.179721051833356,1.8998095191613218,1.2924302557007572,4.291087087181505,-48.38613152290031,-30.760500512883354,-7.450137830018637,-9.893347836984056,-42.39467904608219
83.00347676136522,33.79099635960644,10.877193170560627,25.456159527187197,52.560468148354005,0.0,8.411030301663184e-16,-6.532408909342536e-16,-5.582481795820301e-16,0.0,3.8770505347200497,1.8487456296968048,1.1038034918196105,3.919287345371722,0.7371832577937182,-146.3863192357458,-40.89420856384387,-5.989577228307936,-31.1195835392795,-76.90825092396746
77.00200375554388,18.65553865535411,43.90692856108704,43.71749038567375,33.108837038296585,1.4764140175174464e-15,0.0,0.0,0.0,-8.584327319479378e-16,15.901516491297736,2.4850075273244348,3.733910213877995,4.27955350846414,4.755667516784317,-158.7225569699607,-18.042147111379396,-61.74987975457908,-63.374693357176994,-43.12333810826058
116.75612063983378,29.935342737430112,46.40418224056977,86.74309834698055,86.05161378011412,-9.737120169683798e-16,0.0,0.0,0.0,0.0,11.705013671018039,3.3507572275064086,4.566741476330085,19.38075039891214,9.244283364063874,-238.75306349304668,-36.012201910138806,-68.12791532972646,-191.75754414399222,-160.33124369674718
47.640818640942854,26.955261608146525,6.118158529355103,10.693902198548049,36.75317701990684,1.1931662906387672e-15,0.0,-1.1613669903303346e-15,0.0,0.0,2.1278530643891522,1.9093936818745754,0.6057269876636885,2.3535959475889685,5.479035594490026,-67.56020530998651,-29.257764841611227,-1.5328593991841961,-9.239059200394198,-53.623087683969715
35.24653743205661,9.065232795601204,44.64059936834123,7.054666772929388,38.11027242190672,0.0,0.0,1.2733569814280078e-15,0.0,0.0,1.8508745630243568,1.0890732389172557,1.859727540057772,0.28607875149832146,7.2749217943972475,-43.56515055101293,-4.296446758331334,-61.313129224323056,-1.5947284001520283,-56.55464842595713
32.620103360997376,8.301619493552359,27.937403563233914,18.764386068655682,13.282308407049307,1.3069414181127383e-15,-1.6583228749576166e-15,0.0,-1.5146623676582773e-15,0.0,4.852756403464935,1.2652703132705083,0.5466884194369807,1.6270614998067394,1.9300784930281376,-44.28174524434016,-4.565715924658995,-29.948503403756245,-16.83342828138208,-10.934265828722543
42.47492994603217,22.345240839021788,7.741507855941532,12.956387975774895,20.94832378696147,0.0,0.0,-9.178350638949045e-16,1.6452333870102498e-15,1.3567533956150742e-15,5.212641496408189,3.5625910562961005,1.093056423640878,2.507246328228939,0.9007244167606133,-62.451624111176386,-25.405230061982234,-3.2215229691603087,-11.897508596356102,-18.990239575981647
138.18877854700077,40.58542738319301,88.38815783190212,84.87216619996413,101.89835516471018,0.0,0.0,-6.431112521760399e-16,0.0,0.0,31.57353084947387,4.8531159537499695,5.707453626320603,8.404395216138079,18.196235401526934,-347.8685507512839,-58.193716278367546,-160.55219511942173,-158.14328594315995,-211.64666744792396
20.26228726030319,11.238157458719778,6.159225752572139,4.449787693309724,12.371105641569509,1.4026900845535997e-15,-6.322591033005898e-16,0.0,-1.1976010734653774e-15,8.615350434473629e-16,2.17285037639819,0.5078314053579401,2.199540706123356,0.9961755479118631,2.2143477766727826,-19.383164953050354,-5.820445220831283,-5.382215967677206,-1.591221589402156,-10.342141402079099
235.6270024253586,76.28741531733112,129.72352604025775,125.18084288833958,47.5736271756229,-1.9299458305103126e-15,-7.451218346349481e-16,4.3818897462876173e-16,9.08180797464544e-16,0.0,23.69471998294235,10.403431368990498,27.03342611396381,9.219116212716038,4.962126176947596,-596.8008774664368,-138.04420553159875,-296.80568910757063,-256.05962428856907,-70.96073122527204
144.94825148444852,76.06308906591634,86.13426168626103,160.73109659969393,91.42482001134358,3.9216353614935974e-16,-1.4946387152787722e-15,-1.3198794010183036e-15,0.0,0.0,22.70879132196328,9.852303442481332,13.300441423144726,18.990086492071978,15.569751135140498,-333.6062474836142,-142.03152760952887,-170.04120534053243,-369.57042396076207,-186.40034169779668
21.717134140188964,13.284453000057956,21.006823263105524,21.90299026804602,32.57337754636907,1.3087228382407875e-15,0.0,-1.3106946569623059e-15,6.488088859690556e-16,0.0,4.40653012081008,2.7449310447334043,3.352992257810035,2.6699904914571686,4.400439781787748,-27.143898066257115,-11.491928849912986,-24.38623000812249,-22.638094778056214,-42.82051412578462
59.22298564115002,29.637916047772965,18.45132203331923,26.05114744937159,30.593850702791272,1.9196404316810193e-15,0.0,-7.701808406758156e-16,2.181992903432712e-15,1.858001446533235e-15,3.2068050744631256,4.707683086588578,0.9210018901898254,4.464303532255635,3.3139938334678614,-92.56991885265406,-38.71707978901647,-15.294819013671983,-32.86416035282373,-38.93503192906998
29.006266833122385,15.085544912162941,3.899716359262171,11.620122533959325,25.29387910482671,0.0,-9.420179912589232e-16,0.0,0.0,0.0,1.9351614864218036,1.4999797020025407,0.4874929061250331,2.1629054530868634,3.263700681767859,-32.718129679708746,-12.263343860367865,0.058507455159874364,-10.01690664574858,-29.46650693539934
17.2423977733554,10.045308630102275,4.506696421571937,3.005677528948784,9.396025481900601,0.0,1.7683447117564218e-16,7.883188363420568e-16,0.0,7.562162715807936e-16,1.7258991157076655,1.649304940393031,0.9487450566535792,0.40667854831164824,1.301388450743847,-15.167530166778858,-6.342165827270977,-1.0604478073955075,0.4863937623586746,-4.946497009439148
66.87932871274108,31.943231082061573,6.083065486950819,48.25351831022675,72.30432368767816,-1.0624250413935984e-15,0.0,2.920167213735952e-16,2.3560320926385482e-15,3.930845069953615e-16,7.487568595645897,6.822531378400392,1.0157458641177495,9.577459930636893,11.324589303551818,-115.34807484587178,-49.50692635982484,-2.1882953012117445,-84.48501998963548,-130.88221965063357
419.1684807065932,254.88602940960922,128.1827072592047,122.35543584812613,155.6476050342636,0.0,0.0,-5.5432027529522836e-17,9.291523252201887e-16,-1.46082347616707e-15,70.38043841081934,62.76526259847377,34.876453983739836,13.64992339597821,2.8626186062344083,-1259.5442620950432,-735.794458864084,-319.00838606179417,-261.8825641635379,-332.90780744843164
232.4880841919454,207.21755180109113,136.51051992795237,103.20716313509719,53.774230451378834,-9.780014155715146e-16,2.7431758732181247e-16,0.0,-1.1015401864384262e-15,0.0,28.202804108495695,61.93449268787093,41.27795531427903,16.6160732126891,4.069140556938557,-585.4594826433839,-586.5754862986112,-359.15697466189334,-218.79120775094336,-81.73954343371862
3.836533374362129,2.9018250086082573,2.8162013925803326,5.159548322819548,9.018415780204665,9.260218358953239e-16,0.0,-1.2615268525044446e-15,0.0,3.939398853841573e-16,0.39650281948703164,0.1411812619108969,0.19062232541790103,1.4042317164550833,1.7408421671400491,0.10744631339870667,0.9327968761241443,0.8965650415391223,-2.306298995195893,-5.367451794428578
81.97962620260455,72.7016896751788,36.36421041170354,43.43317945345311,21.508758635334825,1.3867694082996943e-15,3.909360230468964e-16,-6.838865871153252e-16,-1.3087556466301649e-15,4.955256236355822e-16,14.191071964367355,16.54562978848843,6.2107780763936296,2.3012640657928047,5.001170428291654,-162.13327203176956,-148.2216167564368,-53.26263540791343,-59.32986347527906,-28.118486667672208
155.44715261438887,141.66037857127512,109.088342681641,95.84734232237552,73.84422271979963,-7.313536196036613e-16,-8.0253094667832995e-16,0.0,0.0,1.5395495210640699e-15,23.155240808656,27.79213646823418,11.759399518398942,15.001717602425183,5.4429928313045055,-360.1318664697221,-327.1875576278919,-218.8004662240122,-194.57890734560567,-126.58050340283023
93.78552192614167,59.204073811031954,28.050837526911735,22.51610588203481,41.985299106138996,6.061001495046705e-16,1.920253631270081e-15,5.066107099856905e-16,0.0,0.0,5.765705699116458,6.368356891822052,2.9413489210038573,0.7113402933074224,6.104433578837807,-173.51840482732607,-98.68050401334092,-32.39509015191318,-21.230045169940887,-64.54921110753995
134.2472705364188,64.51218407190335,55.326591016931445,56.087792925203196,103.63320196163045,-1.6936930973322828e-15,0.0,1.0274158919968949e-15,-2.0269443989929324e-15,1.0970117256794583e-15,6.774308612633771,9.121319199435547,6.6255622091989235,3.6438995516648656,7.502944439942381,-277.1989238524418,-112.48849603660778,-89.6211052251676,-86.09365787589203,-199.70433525463494
69.40257998322694,68.01882305495636,61.31920312993362,55.273152977720926,48.56092376179569,-1.6380779756183647e-15,0.0,9.270084404123525e-16,0.0,5.852794228095842e-16,1.3083013217655743,4.253547814365808,1.3732586116625336,3.7749418951385585,2.7995302254222985,-113.62480836990594,-112.42761840677173,-95.74257255516935,-84.48466777383881,-69.75474494170774
88.92328397465056,68.99444822978313,32.84313200415033,25.820667435406367,32.570470405335385,-1.2784822224292216e-15,2.059709886782969e-16,0.0,-1.1007348861722678e-15,-1.1998552670705001e-15,15.300153149821352,22.306510890414327,9.842686448228008,1.0075502024135448,4.768015476809409,-180.2949042307586,-154.21070751425447,-56.53015255783795,-26.638520729661813,-45.03912136285198
81.82248296710101,76.99185462301138,73.3970006331167,70.81287127171511,48.87038552070494,-1.3894327524541998e-15,-3.691521599209445e-16,7.74465146674676e-16,0.0,1.1631465202320766e-15,7.3273174609912575,9.590068626328504,12.182145009535272,7.704597580590631,2.520744244825189,-148.14482653297154,-139.04472981741532,-135.68383882572073,-123.82117300182198,-70.28407095793753
38.46732048213258,27.433645930330123,25.863040605187603,13.319941887242756,7.352118400889056,0.0,0.0,2.747328694281908e-16,1.0668856392543668e-15,0.0,6.970629148012014,6.6795063896858755,6.819993636924519,1.8057407128453102,0.886164956692845,-60.39278660964793,-40.299278122522715,-37.72461189812841,-10.229917438361536,-2.7515993141115027
46.100060662220315,39.36129499436493,34.163773669175576,26.154738904628836,33.46814891459101,1.233044339731033e-15,7.220725190691245e-16,8.319253518544302e-16,0.0,2.1230416345205363e-16,7.560473984273604,4.702385295457079,4.621012058423938,0.290378237695786,8.050927817522236,-73.89668084339034,-56.26072047063644,-47.138215411368435,-26.91377951858664,-51.187316961009635
266.3854151696365,159.0381224475078,28.779408369975588,23.51449788405545,104.739354334226,-8.535515178202928e-16,3.574200825941578e-16,0.0,-9.065165744941126e-16,1.0854261843054558e-15,20.354589482311937,21.87809264120209,5.195289698623955,4.14600849590318,7.270185543646356,-669.822579889779,-361.82804414609944,-36.95637164085759,-29.365458946178858,-201.92085116840354
106.42772374072442,60.61387869126952,29.844422459175078,24.46131030950526,55.311259211196386,0.0,-5.861221481792772e-16,-1.1904112681893393e-16,1.1392111692096448e-15,0.0,16.675685581204597,12.403221755201429,8.55349335146303,4.911991552407096,8.368384800109586,-223.93479762423632,-111.5291471633671,-48.327696934562645,-33.63625260251581,-90.45830186579802
57.46401037577844,34.93128400323961,10.987445094243084,7.697482357898777,23.429377331996527,0.0,8.136462841665972e-16,-2.0208938749680076e-16,-4.615422957293148e-16,-9.09810012052358e-16,6.604589418372037,5.641481197541447,3.3642020155728107,0.5595386549597059,3.2865440592818507,-93.04512680491362,-48.29927042456301,-11.87424417610169,-2.384132373156716,-26.211555814452513
60.4636946272856,46.11800955087538,38.921362827403165,25.687565739294143,33.87874216345368,0.0,2.3110583349534863e-16,0.0,0.0,2.0973114418828404e-16,12.36211657623032,14.812493927790277,8.810974473624718,2.9721838422247666,4.838073583308639,-114.43056312568497,-91.33723361130853,-63.702243336264104,-28.92331134681686,-45.22194674369726
46.31869293125169,28.091717504472086,5.326535765431109,3.3588000184945033,15.016528613973414,0.0,-5.058734736649582e-16,0.0,-2.6443325437941037e-16,0.0,6.236861287616759,5.745401773899266,0.40414070504503247,0.8295825450452783,1.8599860775929808,-72.1358914879379,-37.31043355336435,-0.46466938481864184,-0.36137441571097734,-12.340538854030417
128.80531000704798,75.36808886986653,12.471715755608708,24.52692965196116,66.86645819754699,0.0,-3.771053486506476e-16,-2.8486166205341835e-16,-2.5348663799848053e-16,0.0,14.055865491462312,15.665935160932465,3.9264987674723018,3.927454555489879,2.7831093670898577,-271.72095925236727,-146.79316861913952,-14.259613078801326,-31.030927316684576,-108.56499510904118
111.59917076737794,68.28963967304492,16.65179378145124,1.5526697793737716,30.878960786384837,0.0,0.0,0.0,0.0,0.0,2.4791879643236823,3.4189208329860743,1.0467983366718487,0.19475835445381065,2.9825228061230424,-215.76884559425153,-112.15651510152362,-12.99228567344504,0.9376729845845668,-37.44504689797074
24.91776992293269,19.60437136938554,2.887154703700751,8.246833307727682,8.422198131566056,0.0,-3.624409690941142e-16,-1.2305241815572396e-15,-1.7231892758018698e-15,0.0,2.3909471084401446,3.047007902782783,0.24005413832779332,0.8229350028929161,1.3657111587881086,-26.608930433620127,-20.168913667985976,0.8313948876150778,-3.289366794732025,-4.726345964308068
124.66802736516775,101.24178915877431,64.35150851729605,74.53875391953697,83.94849889620409,0.0,-5.614620141852914e-16,4.4166345257881517e-16,0.0,0.0,13.340621437595075,20.542115818631494,9.440644437461764,12.160324039156492,10.655969945132007,-267.41255285860416,-224.23893594344364,-112.92335994851378,-141.56066883228826,-159.8974620980484
114.97238897952737,89.61433527087333,61.69746811408199,66.05538595382006,79.72011146217217,1.977637217608129e-15,-6.343116722228637e-16,1.842649969224067e-15,0.0,0.0,16.343017493236225,8.976160789070018,6.283840612609104,4.4667267002800815,11.925236935869888,-247.308129746689,-170.48890173567852,-104.23386075587474,-108.03726622418144,-148.7122944137277
69.8145234544902,47.43377325581376,20.433427116901242,18.435546063007457,24.616393895275102,0.0,0.0,0.0,7.708399125598634e-16,1.1545846053373115e-15,9.625841669499094,11.407506412792895,5.901733561262321,4.122341894354269,2.5023211604131634,-125.01187640918035,-85.53010193446971,-27.675790820330878,-22.8537400574688,-26.636929918207294
765.3143160780622,431.3002240032159,106.84424673138885,116.46128606122812,390.50650136499235,0.0,0.0,-1.0640426714545496e-15,-9.76177076233269e-16,0.0,53.777815858159336,41.22904502999388,13.234370215562885,11.249729529677335,42.61143324160005,-2428.8712323568357,-1228.8345517102284,-216.0944361912535,-236.52428418872316,-1087.496163799135
6.538155525273148,4.766059056733667,1.961509227298687,5.77295922983004,7.84857617482457,-5.433816410557284e-16,1.8635489177274745e-16,1.8112143595129337e-15,0.0,0.0,0.7303182441047419,0.7785584616700703,0.20546127987154564,0.09013339245974197,1.4229438724188708,-1.8586643478224543,-0.9296055862122821,0.8624980048943102,-0.5266730563249874,-4.259778819022177
52.16473713381827,26.11207496661885,44.98330165630088,48.85135320144236,13.136697022527946,0.0,0.0,1.5795699950818825e-16,4.3634987929410385e-16,-1.0817677145809179e-15,5.561374135221863,2.6852596575313985,6.818063464046147,12.406448749640418,0.7963167966475384,-83.25437025122116,-29.04025415597259,-69.38881729087781,-90.09598282419574,-8.250772446176876
93.77907614220983,82.18387196332777,58.88868331482845,69.0238075742918,40.760416079902186,-1.2122836180345536e-15,-1.7291537105410651e-16,-2.413172432337886e-16,0.0,0.0,17.123501786965484,26.951736460435583,15.833071499766508,9.962429896035358,8.140517053827299,-195.97352150231708,-193.9804121649372,-116.92542501952987,-125.98924468372952,-66.83208865499803
96.74028327750818,68.43074665116502,21.102520972862834,17.010426171639264,32.41181415057516,-1.1751757785895162e-15,-4.1533536927906855e-16,3.367098825177501e-16,0.0,-8.768935085942931e-16,13.270134282376006,13.679648711414707,2.661517284234832,4.637681211070072,5.307928437502795,-192.85291908037212,-129.64996759479777,-21.73653133902019,-20.235251494941963,-43.8890783901311
53.20654361325846,39.64475527558634,13.238871884338588,16.048055059692455,22.709324178068158,-1.0683539091354035e-15,0.0,0.0,8.85518815977588e-16,-1.2515436041840762e-15,5.703163056026667,9.627816449736741,0.17620408839745116,3.2971612451075343,2.597704447751562,-83.58642825911407,-68.49877732349034,-8.027427224726106,-17.360972895981856,-24.363388729324004
4.280217116573277,2.677605403921956,4.450968960024312,1.4173024252282127,3.8042208590285633,0.0,1.6585311980607521e-16,0.0,1.2533364847056007e-15,4.669436673700003e-16,0.45390448422417956,0.8426253442201435,0.816810970007042,0.14761966272136842,0.6687715516253793,0.04500322975861965,-0.4949094969951958,-0.9719986919410074,0.9754733979264834,-0.1327778314302463
8.707777382065702,6.328999959192574,7.333653267066999,3.0071035849453382,7.0707840896853185,4.0799316782231616e-16,0.0,0.0,-5.907202027536874e-16,-5.024497472611432e-16,1.9325957799982842,1.194127868823868,1.5928828923414988,0.39562221535860687,0.7313959839898345,-5.881319213993,-2.9624665574855986,-4.70749335342393,0.5187188474525077,-2.023685683671315
130.96145153961086,85.68105982093208,14.126285825030497,66.74037380330805,62.7647891652521,0.0,-3.3171519458096756e-16,0.0,-4.258548133722808e-16,0.0,21.68832802629095,23.20439829431285,0.6483675387056432,10.897254035200438,6.941447182519684,-306.84458123349157,-190.83563660379176,-9.34227987532899,-118.3264919363711,-105.62041199637657
0.0,0.0,0.0,0.0,0.0,0.0,0.0,0.0,0.0,0.0,0.0,0.0,0.0,0.0,0.0,0.0,0.0,0.0,0.0,0.0
217.62546090377657,118.22597087352909,92.56706350954725,117.34645379833744,113.82807060533592,3.917975770717018e-16,0.0,-1.228156467444714e-15,0.0,0.0,54.5640853038385,22.000412908153766,8.397916753177162,10.68079322260602,11.978718799710839,-591.825599033403,-256.939192339766,-176.50822893474017,-238.57222079021085,-234.72510709644183
283.0291970722936,182.13822905547204,108.08073568892769,88.04255355374725,87.14504934121045,0.0,0.0,0.0,1.2912714719503646e-15,0.0,68.28334130885855,37.84353982628915,8.157410763228711,12.042599737582746,11.722868077540097,-829.2799591740898,-462.9164473325867,-211.04892713716268,-171.42775537636615,-167.71377305483242
5.287006801729287,4.916862763705062,1.9141207377584508,7.648109444027339,1.8399083173176316,3.359853516396528e-16,7.22557014408794e-16,0.0,0.0,1.2369948975499208e-15,1.2612249033701461,0.2233698530636138,0.275003001618416,0.8581768295138222,0.41597776556722577,-1.9646434622285172,-0.03537434530622145,0.7651666997932025,-2.8173763264541045,0.3129926034927522
41.31689969027049,28.17160158565632,17.12668623771791,9.951326993269753,5.327828820706754,0.0,0.0,0.0,1.4280361528480613e-15,-1.333644078425636e-15,9.689114258013813,4.788659373584613,2.5886964246752324,1.5633765220234461,0.48878637120657875,-70.11716030572157,-37.67550564726789,-16.552369568151775,-6.352735570145571,-0.7452120741474383
34.149767007371274,11.141257471899682,6.033277696887208,19.65207859824113,35.35934843168195,8.322665693229808e-16,-9.56637171637341e-16,5.888530011859852e-16,-1.4462444411833243e-15,0.0,4.8121846703084366,1.1803362747817043,0.4238463035047055,1.1672878495353403,3.6261341011487698,-46.247443976164334,-6.578426019866986,-0.9339311091172362,-17.262515466864457,-46.18818291128707
26.292619122398932,15.860037677827624,14.599494073890304,15.032705369460318,9.50322739516145,-2.7024418238911087e-16,0.0,0.0,0.0,0.0,5.033783757276172,3.9784542363033846,2.8997928597948475,2.180122624622358,1.0139877689243244,-32.88787159189961,-17.706943668557095,-14.421427955426081,-12.736410164659343,-5.157044618848892
10.189323809584586,6.266650182747931,1.3891604264357236,1.7498726884403013,5.673407581475436,-1.3946808424946281e-15,1.7007716603909586e-15,1.2787269242602791e-15,0.0,6.262045565703171e-16,0.9396233397627961,0.9458221619851768,0.2441852087157796,0.4370428863441243,0.3429099492114271,-5.448226418973392,-2.061281244995588,0.7392882842446853,0.5091481483598113,-0.6085785214392957
41.54633561058651,17.57272038430002,12.97467896511321,23.42244100828212,29.688037779288393,0.0,0.0,1.095276018267016e-15,0.0,0.0,8.669669722485725,4.276992539983916,1.3391833980910344,1.4529739691033594,2.9830861323743543,-66.6403006813108,-19.768647636338763,-9.453704754701944,-23.219088189156434,-35.39766264469238
26.007087487532917,21.106355404454685,13.184615845452747,11.495543544432014,9.971981227123692,-1.0928447656443112e-15,8.416217794879615e-16,-5.389180421249511e-16,0.0,7.125391831138138e-16,2.163642783249726,3.238168248816763,0.7923284884218792,2.563626937351928,0.2551287237073102,-28.12922490697652,-23.734015933706647,-8.344960606984925,-10.950909343424447,-4.331135489572945
44.89716183469026,34.70867798620563,24.067097849728277,22.27907024802341,15.775021996849873,6.3304022501582e-16,0.0,0.0,-1.2757134437836593e-15,9.008453185066734e-16,8.15126852802571,8.174469658380715,1.1390241268922532,4.364992935304075,1.5262780063293702,-70.75241017657503,-53.00578151235769,-23.935288804910552,-28.199053307151612,-13.08960360403421
8.793664435579348,2.25638786831942,2.457619081081019,6.204669755493702,7.827435809156144,-4.040083294998326e-16,3.936284324918168e-16,0.0,0.0,-9.077592625275097e-16,1.262971631888786,0.2501589601598639,0.41632497064201274,0.764001094605444,0.19033913782909967,-4.213675863779883,0.8752686985853859,0.5255169263895872,-1.7153022008819059,-2.215514297885497
3.021318971923647,1.560968298347149,3.9152652257099922,6.474879927067802,3.064442725191091,0.0,0.0,0.0,-5.486918242218855e-16,-8.695007536596143e-16,0.07479892758262206,0.21175491401155155,0.7692943452663726,1.0529022818376448,0.3552744283999299,0.9305732177593318,0.866970082447947,-0.6307509111272335,-2.1966637971595944,0.6008235401235437
56.948784875358385,40.28738377583472,24.887671827717856,25.345264736953716,23.045009070272098,0.0,0.0,0.0,0.0,-1.2333130068960492e-15,10.782692731620342,9.00629743999948,3.6479748106823746,2.5365821759382094,4.293316071168238,-99.07171972294317,-66.7110626009905,-29.18279459446859,-28.7356153872812,-28.964537793123434
121.10355077532532,81.50093800329867,38.654792072231416,36.28452459909101,37.422199185436945,0.0,0.0,0.0,0.0,1.5189759046263894e-15,23.130565153001754,21.027449495028982,5.767354746292815,3.3953532236777595,3.8201912484377547,-276.86890322960636,-179.90664107737845,-58.03311294563919,-48.40638265813952,-49.88908665855183
44.80600943769974,33.91085063145758,22.32254527533635,9.564976120765483,11.818292203370287,-6.343280686471936e-16,0.0,-1.273228884960824e-15,0.0,0.0,9.00114801571581,2.7382142487487346,2.7576099179225952,1.8579670205795034,1.8870577271225133,-75.39493066416716,-41.85898329926873,-23.485840332339876,-7.2269162478704265,-9.671193000684632
55.218038132331706,38.048003528593476,19.142271580948375,19.837730133251007,14.248372200579308,-1.0294356841251953e-15,7.469960784944943e-16,0.0,7.163548762760152e-16,0.0,9.879107695898968,8.816329709694845,3.7892375465106953,1.2676336039188585,2.7642127321026013,-94.95541365596723,-62.74406334006219,-23.020750044771994,-17.76102409249305,-13.905057007382059
27.296063012335736,14.251875030988614,5.940070778913549,7.149515321540935,5.37060685106508,0.0,9.971217600703475e-16,0.0,0.0,0.0,6.454450726434822,1.8548280722478314,0.81147893328475,1.1109556075109772,0.5772452895804856,-38.55584292370103,-11.506135987725441,-1.778939401786291,-3.0041868679225345,-0.7806988317902709
14.600598764704511,8.789221222337936,4.555552472446851,2.5881432903095787,4.1650162077517,0.0,-8.084251354992013e-16,0.0,-6.863440853724034e-16,0.0,0.4635446994054119,0.37555353900344707,0.16612875836684043,0.2844583827584003,0.6953406844126062,-9.83731470809653,-3.2027418344761447,0.21614233982581585,0.6765231097532179,-0.5684913475864317
17.118875072965817,11.124042239635124,6.403616223064208,7.937087790968389,10.502803046772854,0.0,-3.193725448238708e-16,-1.1095960641752775e-15,-1.79043688182113e-15,0.0,2.7532304702408243,2.7742115073230513,0.6500505406444792,0.7961851463244064,1.4637894124117297,-15.79839844102835,-9.634974428559374,-1.5657867857355834,-3.326731844536122,-6.648386110138457
11.571091467075242,5.2399194809661145,3.333091564255446,7.0591185208812535,10.011839381380442,0.0,0.0,2.664728533788506e-16,3.931875563999446e-16,-1.3750485780819395e-15,1.8651639224994334,0.7609830438436286,0.39251245849819033,1.139876256786848,1.7716012373952443,-8.38124116800272,-1.2548194377781892,0.4700015766852452,-3.5340836434481684,-7.185326575841369
3.7873240906684376,1.9514792297764294,4.592953957680937,2.289864972558328,3.3972406713114793,9.380537798584516e-16,0.0,0.0,-1.5514948354493007e-15,-3.268014050345639e-17,0.6214525937132949,0.24347201403205923,0.8953907874378381,0.2811909987696326,1.2877007975947838,0.021616806345452523,0.8820660583493068,-1.3153932599450842,0.7873517118597814,-2.125304679795304
64.64530810251738,35.467426181426305,23.218721190887454,29.880259632154374,34.983852963731955,-5.495702291597793e-16,-4.006734134726695e-16,6.120429544060882e-16,-9.511868297094443e-16,-1.6248472951146361e-15,12.907535965355361,6.764354067615516,2.179474318249342,2.8537569245335317,3.755290104848074,-121.16002679566795,-52.06946059840099,-24.3169512387205,-35.32762432253984,-46.4188450762018
31.96822334004316,27.28773499010035,20.230598955921838,12.096760001558414,5.598290218325854,0.0,-5.207780975723169e-16,-7.024435977483626e-16,5.873826840150269e-16,-1.2692138278829445e-15,1.3176689612314583,1.8909995018378636,1.0555453080667871,1.156944839733604,0.5586607958512205,-37.27731326405358,-29.676316899603187,-17.994229936748454,-7.581099652219456,-1.0659947085878598
19.99483590859593,13.371186740394887,8.774701143015465,5.724497468945846,5.021851597671082,3.5536312426281653e-16,-5.313984087990652e-16,0.0,0.0,-7.074509490579324e-16,4.128372109995852,2.3250258192316187,1.4545796166651161,0.7876127939702794,0.5327120950161431,-22.344130804156723,-10.84516897783282,-5.056984120747932,-1.5559952073146788,-0.6988110983187099
1.4898329468409623,0.9139920389635129,0.3755156387175254,0.3637820280495247,1.2601775067296863,5.961597383004693e-16,0.0,-1.182611758505537e-15,0.0,3.5240210801931234e-16,0.23893889435252455,0.16854103009376611,0.05349690013268455,0.06893827868636124,0.2941994927222264,0.8755698827224303,0.7171283834806761,0.5447796211741842,0.510373521809124,0.6772258157225606
527.3282279091491,328.3421638306913,186.3224222394302,213.332469160588,258.8497157894021,0.0,6.924900317111776e-16,0.0,-1.0658184210677953e-15,0.0,101.02752236053809,65.63593574898084,26.03998857757475,29.04860214935093,26.733820027089976,-1644.552791492437,-931.5498159179513,-447.99475709132554,-532.9286593128746,-662.5060557583082
5.477041441053199,5.219583508440312,2.8669320649763352,1.6613259055924,3.0479520853375552,-6.486556139909976e-16,-2.4407712199589873e-15,-1.239203998658345e-15,1.0692404382671879e-15,0.0,0.8616911204400332,1.267878260840564,0.27628650933294574,0.16713717870306732,0.2362356701598162,-1.413946635689457,-3.0027693324053955,0.7879531314667898,1.00877164903983,0.772345757625742
61.8949910813445,29.011042443181974,17.837771089103057,18.152160750425548,24.601363536245593,0.0,0.0,-1.5933442182003663e-15,0.0,0.0,13.13591924228771,4.1066722596184855,3.313477867987946,0.7330511463848032,2.283245089936952,-118.36544590023625,-36.0056867195974,-19.367548166848213,-14.774425611790868,-26.02260807488668
8.696637749441477,5.271314959122167,3.7297733334611323,4.211837020297692,5.477420327694154,3.4947247631494764e-16,5.054782876309294e-16,0.0,0.0,1.2972214897723934e-15,1.4222847075235843,0.7733756793533633,0.4613971571277822,0.9387589669117403,0.29921325671070126,-5.7178847234699575,-1.206302358694344,0.21867919652164322,-1.3414768589418513,-0.4538810202935036
108.43323724401219,66.55051066052577,37.41630356071597,46.5174052855658,70.57059990642311,0.0,0.0,-7.596076235666545e-16,0.0,-8.054830047666111e-16,22.693802984063584,11.884525396259603,2.829757793285195,4.839413050297971,5.245480569593027,-246.01392610290353,-128.6206837786482,-48.41119270085733,-69.62258869849165,-119.2687747565631
277.48999285192207,200.61850297523398,125.67438998961558,97.71731861470991,107.18372849603912,-4.0969707250770344e-16,0.0,0.0,0.0,-1.060672541595875e-15,66.18718157471221,39.023421509427465,14.838208885884155,12.518956213024978,13.500142846114198,-795.5774185643511,-514.0361610271772,-266.0650093244122,-195.12258055828818,-221.9918646332229
253.66039054654493,111.39568871812625,28.416457603752356,84.17127613487584,163.11833471070406,0.0,0.0,2.000369632747676e-15,6.753303676865047e-16,0.0,41.17606303868005,14.137066650699122,2.870586134535001,5.304946387605328,19.305211899068443,-676.536636436293,-231.37141500507585,-34.60419412643374,-150.08124032016727,-371.11382986338185
906.5040686057182,606.3558304690209,316.5737676552693,363.4288837503403,626.7295555596434,0.0,-1.4999356088807244e-15,7.182328375698803e-16,-1.2512691511851756e-15,4.534924063861103e-16,131.200295558377,46.12262580325666,13.725462430358743,7.690301334748304,110.48281345747137,-3100.2677403348293,-1843.518904623187,-820.6708734478631,-969.0638521830406,-2049.032259804547
459.02991664326356,249.48170744873613,272.1019941667758,276.5891790461478,414.44713386269643,0.0,1.3670762343765411e-15,8.356192909922997e-16,0.0,5.486192492733209e-16,86.9349828438253,33.73994891385043,44.90338598050316,26.033259974690576,98.36039862302925,-1432.1471352845538,-652.731675292355,-735.6025645049176,-710.69744451311,-1278.5814067731183
45.6225389080438,45.35695052783884,42.58222984295867,39.55823704604054,36.99238760857668,0.0,0.0,6.674546996533996e-16,-7.184776560523895e-16,0.0,4.198381605314699,4.210287635193875,2.5428499151599446,0.5952484818631693,3.03476998140391,-65.4128820549278,-65.10475468164641,-57.73706281245144,-50.90698916526062,-47.964065399548026
25.509797768034865,21.097311418435638,11.364496499011288,10.491425210602737,9.517590818582555,1.1141487552683746e-15,6.735860524286528e-16,6.252302825927374e-16,0.0,1.493114695313032e-15,2.8292007783304207,1.9620590428718172,0.6187597410175784,1.826026083197024,0.9404678681184605,-28.33508151506956,-20.392575144774668,-6.067752199879525,-7.610371828260964,-4.525137435453323
296.27965191765963,217.06669379371283,105.3461416796909,97.12731306990855,134.7655777778975,0.0,-1.0474830176356506e-15,0.0,0.0,3.6907044308583367e-16,35.06170550902677,6.019156504260967,8.838683225071508,2.4104586642971597,23.494020867080227,-785.7593354868175,-509.9698802431667,-205.79957843682416,-179.4879008293282,-319.7016246427601
44.39146263918383,38.67741270957632,31.14862184698029,32.06286000948956,36.5733687616597,0.0,-3.6741999321178664e-16,-9.124547971986553e-16,-1.7728742490215849e-15,0.0,7.535110709356946,3.8921127298906724,4.115144581291557,2.986107143412208,3.1512946075142363,-71.09327927359448,-51.81644957227379,-39.00360902268142,-39.14143758066312,-48.05399463348101
38.861484895909726,24.408890373895193,25.052221374515998,13.033594388767247,15.159491566078167,0.0,1.4554998708995207e-16,7.090616088867965e-17,5.451625350352071e-16,0.0,8.128823171310941,6.927413946049754,4.1735862585941605,2.900915499963048,2.841056375353227,-63.62197795910555,-35.47992090798128,-32.76133651972721,-13.34043575967709,-14.803585769877431
286.38348481601815,203.70970877196248,211.3583199258561,239.58766216964221,242.20514588922936,0.0,-5.580825695886679e-16,-1.0757734804241162e-15,0.0,4.693824208574405e-16,52.48614929279298,12.865965782504748,17.69840780597877,15.572392589007102,50.847180609052444,-800.2549657716916,-476.4136104704679,-503.39592255403613,-583.8605198232195,-651.2956377133119
25.014418429844103,22.27897912120557,11.696145466762447,10.866050853155775,12.259454116197894,-1.13621308087238e-15,3.189296654458425e-16,0.0,-3.2695537015351843e-16,0.0,2.0379480313001697,2.2836272047659354,1.9217488140993235,1.6654445718934654,1.511769270362641,-26.74265326847165,-22.471641990286866,-8.994405562900237,-7.805073612252851,-8.254029664608087
141.61843152553024,51.613258462055896,105.92066573628051,95.35378866806423,69.17193060160389,0.0,-1.1013336602764023e-15,8.049904869697826e-16,-1.1922634570648359e-15,-9.24491273587877e-16,33.90200826358213,6.335847186266195,19.030347345131972,9.459448236308662,9.75959425319187,-368.02411931504196,-83.11425104428196,-231.63258730572605,-186.61175606917143,-126.55599339043894
43.060737984042085,18.40027683904425,5.609078371447916,21.744305907978486,44.53338983561649,0.0,1.544634881258683e-15,1.2667727008005455e-15,0.0,6.382112283685435e-16,2.744782607673676,0.6100186667404842,0.5461826002784027,4.4567884574755094,8.697751314531565,-58.93871272655715,-15.05351840709144,-0.8067545744816382,-27.19834915541825,-74.40991150560704
37.06784145854502,26.916933071712585,19.9569661103442,10.782508737147776,9.84844565834842,1.5334968701746255e-15,0.0,0.0,0.0,1.2625848085236847e-15,1.414397429241179,4.270216043032778,2.7507355046281754,0.7048020533169378,1.8765879849196818,-46.525340991253515,-34.99808842703033,-20.80275190458031,-5.599473020919484,-7.04761248871406
145.5929253764553,110.73085123182184,75.89973591182083,91.70719966043832,110.20502632011362,0.0,1.026695238561886e-15,0.0,1.2396718920931082e-15,2.578984859351804e-16,17.904614297959704,8.002485115077683,4.340221015751303,8.990428848510403,21.38079057098681,-329.3981266176573,-218.8996661255137,-130.25445133253174,-171.51215659192533,-242.21091020934236
179.13822004994913,91.73089661809342,50.93872453372567,71.50688954725794,134.2118965246807,-1.269263897898692e-15,1.2393516460973075e-15,0.0,0.0,-2.117674376591306e-16,27.513510825471005,9.067610359232292,4.3280510620314745,2.6355316596907072,16.999638964550865,-439.0637542802717,-176.84080135916054,-76.77244572303898,-118.94485677749881,-293.0287041501474
2659.9750098335376,2194.117879996245,1894.3704253946073,1902.103602749019,1746.96264966538,-1.3676740546969948e-15,0.0,1.4403118148080396e-15,0.0,-5.206148522678126e-16,304.4280805104131,244.76605426119852,223.91122000831606,239.07025458485705,222.6327649187922,-10760.160845390856,-8627.2550858131,-7189.702493864433,-7282.262110659984,-6598.967860669423
217.26832623114493,167.53651814370193,135.04724253407645,167.3579551944876,174.10474318201491,1.0465109175708215e-15,0.0,4.2091506493710693e-16,-3.396517291021509e-16,0.0,21.87136087933213,17.632662360949297,8.140706318310816,25.438322561263746,20.73460802465509,-539.1808222376927,-387.31383005628106,-280.5926617082566,-393.87615077898704,-400.489913143003
16.058157154605833,16.909682419973606,11.255088247172946,10.992912671686984,16.55175109768938,1.6593032646564479e-15,0.0,0.0,0.0,0.0,3.4849817713257707,1.5618353973114432,1.1272249611001657,0.8267829255829466,5.413510865899467,-18.095714564872537,-13.982393420813281,-7.194444734217528,-5.958759398831642,-23.427563449001187
80.60211902832738,51.337832758535384,50.25903352312679,43.75253874898033,36.11578925679306,1.4104695892878589e-15,5.53621138704548e-16,4.241283721262622e-16,0.0,-1.1804411594739608e-15,17.654028837793405,4.20505010085786,7.518118950364146,2.852586308169034,6.230541803756656,-172.04371190892903,-76.9263231906906,-81.54160785489192,-60.78781668177354,-53.16162274663663
68.64037275514855,66.1076308699943,60.88204961975211,57.87893454855003,55.40433086814452,0.0,0.0,-9.336646715383604e-16,0.0,0.0,7.182219384116595,3.4453861055533537,3.846839493217785,4.236500533342757,5.867321033371094,-118.2833199945069,-107.68515459125558,-96.6908462735206,-90.42137762243696,-86.86430717752499
90.36184645217581,65.58105432552895,41.328606220983225,39.50805729620916,36.4475621471442,0.0,-8.667658586068262e-16,-6.877006516608303e-16,-7.193902048211087e-16,-3.8989863458715515e-16,11.948263098603022,4.593560035435887,8.38457733788998,3.8599771146352366,2.0892764300353637,-174.5918221472955,-107.19449303537678,-66.27061336563403,-53.460357244654546,-45.94415343269777
7.482262669363822,6.864528221640376,5.861702506302622,8.363012356539725,8.097679780927251,-9.496361824738158e-16,1.0350933273464e-15,-6.060890457986482e-16,0.0,0.0,0.27196677695325533,1.253569178870523,0.5565411762463474,1.3517778951471107,1.3520372008874655,-1.9518261309197669,-3.2593049352636143,-1.1298049795875105,-5.183192339979243,-4.849115637750946
139.55242616957952,54.32424980850322,90.53167551405386,85.3183382832475,74.91984264912548,0.0,5.231864136291348e-16,-6.278843127340973e-16,0.0,-3.7936157398931434e-16,32.497909409447374,6.9673538057322055,14.323453627973564,13.33496833476202,11.813090606346053,-356.3120427132027,-89.87787962002453,-182.2147468065726,-169.56317992444178,-138.20740294881426
75.1593516009128,35.624662450913384,46.47040396150642,47.27188514556799,49.04241404660797,0.0,7.978099292748612e-16,9.174132460935896e-16,-1.20247835866426e-15,0.0,17.26387753981574,4.862409245850678,8.58620900500717,2.221464150994179,9.595527097330043,-161.40775696466005,-50.28361359356544,-77.42309775875796,-66.91906618084484,-81.55532517549165
83.53133232346163,41.52223136535653,36.42599156841306,68.50006093107184,75.12884246329915,1.3610083134000792e-15,0.0,-1.5605180919796842e-15,4.149150970683565e-16,0.0,9.441714476618992,5.004031729198343,1.1088051238726593,7.437808170958754,9.330261662876728,-158.41529834977436,-61.55370824030072,-45.20737545023384,-117.86513310174206,-133.99384030929411
74.42795914883287,58.154506427940106,58.58766905667478,61.376695818020174,54.641302237290176,1.527474876669365e-15,-9.774550993953208e-16,-2.4255709339545724e-16,4.6307004721585885e-16,-1.0403013203081203e-15,7.965889795705184,7.67046832037957,7.864956977417324,9.237425678607137,6.963907343432105,-134.14427907723385,-99.35653900830103,-98.04451344897406,-104.76370207665633,-86.82772556717309
524.2981153061246,306.7759864264517,401.8284323247577,360.9035909407395,520.7738265149349,0.0,7.411716871709708e-16,0.0,0.0,-4.366073405893631e-16,98.38137405376044,40.8093175292283,61.6699795676551,41.74782748552441,128.0214350053112,-1671.5396991227155,-835.1650843206805,-1178.9510098765768,-998.3506577540684,-1695.840239409338
24.320491342190135,21.298228468592107,20.49472091747836,16.82971956961756,16.346245828252606,-1.1686322052671385e-15,-1.3344635434029968e-15,-1.3867819691150482e-15,-4.2219523196502477e-16,1.4670535108713034e-15,1.3115469328609346,2.079692028039627,1.4309638089119967,1.2508150840252281,2.7117776416702557,-24.55655789841471,-20.728264695347786,-18.73524139240946,-13.398023284215736,-16.576400846939613
24.034576634740294,16.799933645823252,18.661918454147745,32.26057865615526,40.63140950869611,0.0,0.0,0.0,0.0,0.0,2.4103165610668693,1.408413246824927,2.876179789672656,5.04628603761204,9.241188561128038,-26.409385658945048,-13.55982714269169,-19.836025386119953,-45.8796448316999,-69.12647948270128
38.928000353276246,24.73459530770168,14.122578967527351,9.678622761923542,23.121721987153464,1.0951645026384711e-15,-7.181669306904493e-16,1.886720028421902e-15,1.468272404531419e-15,-1.2292211387281293e-15,6.637412776518814,5.606336769746754,3.369486858538307,0.9817431764903384,4.3074212366585245,-59.10586187600252,-35.6130539138856,-16.39590638470941,-5.058794858306706,-28.881607757598402
70.38869053844121,30.005983680634614,20.424749029364428,32.400553434561495,63.00782981899737,0.0,-1.8944027786529077e-15,0.0,-1.7543965406520942e-15,9.021643663033965e-16,11.442762570185568,1.9656789654542053,1.3297947358484474,4.1769682674501185,6.414865042559419,-130.7264912478383,-34.65514842774191,-18.56531477219442,-42.40322696188379,-103.53087465449215
376.63845631550294,207.0290490782422,161.64800265468904,229.94069238476936,302.6055508575889,1.2073842786397012e-15,0.0,1.4065974939940681e-15,0.0,3.756931668947438e-16,27.994551634870227,27.39776392607478,13.641826618471107,12.147438438358105,61.148126353189866,-1032.8372907642663,-513.1664802198779,-359.4082818479001,-552.046995880718,-845.1943293255362
519.9274761073374,461.6690741535052,377.4388692438297,438.1600081228538,454.68126469373755,0.0,0.0,-1.2048238481572292e-15,1.037856815903106e-15,0.0,45.09993978956216,33.69337334957334,35.63049439423626,31.840574104737485,74.6491057114144,-1544.4508153507757,-1317.652633679617,-1042.0680200356326,-1237.1431599365083,-1369.5842910890449
202.78669639369537,153.35260603675383,88.91452128034517,37.59526084291208,16.20823138216597,0.0,0.0,-1.27860821927123e-15,1.5119836273599051e-15,-1.7535355190990557e-15,28.400293592569817,15.937109503322517,9.914070446246248,1.3781681525331573,0.5956046869025946,-493.65156853452055,-340.20381571336026,-167.96122470229426,-47.528096147707096,-12.018812378443268
352.64607139967364,321.10848719564075,287.5893937669432,246.0295058900549,191.44212545358292,6.447645213819402e-16,-1.4161797928729353e-15,0.0,-9.241723858309917e-16,0.0,55.408475590892124,33.0826760601825,22.38896869689267,5.419542282251518,8.629525618154537,-993.1423807983522,-860.7523276517292,-737.7019581658692,-596.4706250197665,-436.41872003087593
17.343607805940717,18.493117118465914,16.757625957921466,19.15704507818071,18.41959486920304,0.0,1.1526603079541459e-15,0.0,0.0,7.715074525858378e-16,0.9044067680834875,2.4578586259606006,0.7451685615904109,1.737420475842116,1.6412686906400002,-13.816419418516391,-17.53771473762344,-12.845111452727044,-17.1837492024909,-16.56195507669144
9.531047462622194,7.284138744496056,4.004981205333009,1.371139757905129,0.8685181909549675,1.4910066045660312e-15,-9.754656805473275e-16,0.0,0.0,7.669773894345902e-16,0.30634580083212853,0.5162985470401293,0.5119080926591149,0.2269684130908182,0.1688544755306769,-3.895829530515865,-1.9589293924669846,0.07517573081195901,0.7022146536854879,0.6791771668644382
72.79725257694164,57.65695175836295,41.94013260072633,30.384304041118483,24.701633949442456,0.0,0.0,1.3553466652564561e-15,1.8708152335456797e-15,0.0,13.120407302672442,8.202901100781043,3.286446611262296,1.5030340876479475,0.7845435032982705,-140.19493614535384,-98.53039694810595,-57.425767298289855,-34.702975254667365,-24.715683954248508
8.482767504941474,6.1119635696238275,5.605513740315202,5.889400678300384,5.959457643806613,8.376308030913108e-16,1.1625441278666389e-15,-1.267578260757498e-15,3.0161928801096403e-16,1.061887107619612e-15,0.42892834702205374,0.3447721230348924,0.47530664849854265,0.6002940010469658,1.0370033247502768,-2.9416844357038276,-0.9213049077645258,-0.840072299393917,-1.1007989787831045,-2.5826609037040678
39.204735788045106,25.248182158496697,16.0279578251717,7.3404328462619635,14.696059680342845,-3.624780126572206e-16,0.0,0.0,0.0,0.0,8.841676084410492,3.9401830349533804,3.4212585931213737,0.8976808157614142,1.71051546007242,-62.387826930112006,-31.985896854462656,-17.75471885937976,-2.611659479755944,-11.671010805716413
42.63272623693006,35.91734694833808,32.27227269145064,31.616029994819158,25.50503233738623,0.0,0.0,8.806850915688161e-16,-8.989651589735144e-16,1.11435692589742e-15,6.044729913640252,2.313788613502564,2.318774030403388,2.389897603995467,2.7385510688161987,-62.17186647437674,-45.17110868328247,-38.70676147220032,-37.60083457800835,-28.093289517115295
131.7274478347524,105.69626931158211,81.82832882563667,78.35182136297084,83.70265564496134,0.0,0.0,-1.3893334906529112e-15,-1.4509788763550628e-15,0.0,24.559100785042638,15.97283712567271,5.8252545172590935,6.596050620137213,9.963369877641123,-298.50682588460546,-218.49964232108948,-145.55042694418844,-138.55159626991806,-158.0850275999524
52.39010271704769,39.067836450921135,27.2537593801038,15.805659006278477,10.57716994633729,0.0,0.0,0.0,1.7981983173946786e-15,-6.717701798921649e-16,10.145349134133198,4.883537539860557,3.358206267225761,1.5698933775273123,1.8131543241484533,-88.69649507640041,-55.08915035177564,-32.09189418343667,-12.4868289530287,-7.422498887871389
53.94290673679419,56.253376400637286,47.0262321587635,48.11300424380779,41.1498746987112,0.0,1.0104890141343417e-15,0.0,0.0,-1.381375259997774e-15,2.3394657603780784,7.032128518779465,1.10874848773317,3.70414417193813,3.0516155368484346,-80.50948364069616,-90.56428295470045,-65.6814391499515,-70.44234603241544,-55.673971448373116
7.805391620282592,4.026040846997278,1.2040815141124441,2.8789321275318596,4.393438375030242,-9.103229797128042e-16,8.824335901733843e-16,0.0,6.170193532569109e-16,1.6172816712268308e-15,1.0036954436685155,0.6740994371477856,0.06844797475480216,0.3937421480493786,0.2133073479317324,-3.087299957738168,-0.1869538312346379,1.0304644225547188,0.5131115627553374,0.2636745209668112
19.249281808973063,18.229068173817353,15.935073159152918,16.33335872652883,10.594461463885494,7.382537622041362e-16,0.0,0.0,0.0,0.0,2.814269617662532,1.362961513124158,1.3290575828604394,2.880322298692619,2.3947584583996715,-19.12542649588356,-15.567394369778869,-12.693367509326478,-17.272207134181954,-8.741976087856202
12.33417828991531,9.716854938902895,6.323169141887091,4.987162030519839,3.197522549565754,1.1521525294328772e-15,0.0,0.0,0.0,-2.777708072209674e-16,0.5290169902935917,1.1450424150395067,0.9311904568605469,1.6356646534795019,0.7859081954786526,-7.098041380913307,-5.137115946963343,-2.242737358297804,-3.0844752660849584,-0.2687282730444884
8.468667995770664,8.483972130190622,7.1014703281105955,6.067623312414364,6.969378675110948,4.1951268848592965e-16,1.0468898365890425e-15,1.5008358190573738e-15,0.0,0.0,1.1067974990552318,1.1197785988305633,0.7615752434804913,0.34955486665027186,0.5163964681249984,-3.9034293862153264,-4.0398299660633405,-2.2336815746969934,-0.9153665385147112,-1.7575223481068356
36.718509202836636,29.236134917144554,23.689496789393306,21.27208276040873,13.717368319893861,0.0,0.0,-1.1997599477558128e-15,1.3361037445426854e-15,-1.0359752967041393e-15,5.905295517700529,5.160948362088263,3.0653912884267416,2.4757953693617014,0.5492708625784746,-51.63319163558434,-37.76968147808567,-26.05299216789409,-21.657711461865542,-8.79453773356773
13.672500096215344,10.4086430631138,7.670356078798099,7.751223609889285,8.720296270881686,5.1968749735594e-16,0.0,0.0,-9.166846055809364e-16,0.0,1.4392037203325234,0.8809382220037049,0.9860987049888525,0.7747416959777621,1.414043452899026,-9.720865011780642,-5.517353014381448,-3.019009974294779,-2.776800928985388,-5.208849297013821
13.832995636860849,11.604347400309301,13.029262274835933,17.46701317017491,10.386100898522264,5.77865126769832e-16,1.2246147262726061e-15,0.0,-8.135824125596455e-16,1.3682569478237907e-15,2.9509283222747307,1.0717554560927773,0.8535646698037369,2.615205614400698,0.8963897834012788,-14.023357943707678,-7.262061940221004,-8.187630308128066,-16.192363587039413,-5.485470470628182
11.06345505971933,9.29117004890741,9.962123379745304,8.951355007783638,8.40153729234439,-1.284486142754985e-15,-7.64750544893596e-16,1.4264885279472744e-15,7.937823213829065e-16,-8.457294314548335e-16,1.363961896240915,0.7518622896523964,0.8915320954592831,0.601560809038716,0.754333425305552,-6.63721773802197,-4.069643208450521,-4.875063526732179,-3.6345813571980465,-3.2458457545722377
59.69351202168487,50.216385338160435,46.882486809550656,41.50439034250545,31.26374823751628,0.0,0.0,1.2124659489954396e-15,0.0,0.0,4.3874858621389015,0.28547262069992707,3.038229324833431,2.712797572971603,1.5019547995548945,-94.3628147477268,-71.99079855831849,-67.0675521556886,-56.19718860188752,-36.15563172589448
154.42986959062242,138.51981249614525,128.88107737598082,124.92203108254401,117.3819773387357,-7.361712991339568e-16,1.6414523767100785e-15,-8.821065127346887e-16,1.820124708771279e-15,1.9370407672302812e-15,19.72564284261828,10.213894646792742,7.219331441793029,11.267115684326662,14.92458093071739,-348.4024214654728,-291.6993513170119,-263.5107388586423,-258.76307939932775,-244.65253585212196
36.10278420593882,26.996893427527795,16.499771575854616,10.946618786437602,15.2080159708367,0.0,0.0,0.0,6.490979083335145e-16,0.0,3.2063945279416615,2.895918290242878,2.49740983133371,1.2134613974263955,2.7652436675218937,-47.587062183728946,-31.690149194133394,-15.790237864636598,-6.359957677887268,-13.53328474232819
26.689081983626988,19.11861416261343,18.455578990331787,16.536071237672,12.237579335584446,-5.324594800195814e-16,0.0,0.0,0.0,0.0,4.82533708455938,1.3484688504134013,1.6401260082802258,2.4878083907268325,1.8742881299272776,-33.04358784763973,-16.612919896152068,-16.523286625994047,-15.906148073183362,-9.031886399257747
28.994359997622432,19.309799696415595,11.8950835026069,7.626074664970706,5.23739158839932,0.0,0.0,0.0,1.863456016301224e-15,0.0,9.076698764232319,1.682272065229717,1.7581814820055033,1.3521443714669534,0.8804876666643023,-48.908560196181746,-17.46738688087594,-8.47778021316995,-3.9266262557230087,-1.4528937160161384
19.110429181501246,10.171177698370604,4.130221374469829,3.725384835702326,11.905617245252309,0.0,-6.985845266216588e-16,0.0,0.0,0.0,3.405778209055906,1.4066957474020492,0.3721036258233997,0.45383623817907137,1.6075783455944503,-20.739330233320615,-6.265090730791509,0.10200096048380561,0.05712132889313334,-8.620084670767206
216.1420589496239,157.9759536958647,74.78490420660562,18.119185168597596,4.967670047925519,0.0,0.0,1.5201843062810833e-15,0.0,1.0727504980782998e-15,11.424450318457922,8.735928546821189,5.342581071256077,3.8789961572172382,0.8480020848894715,-510.0389197807412,-342.75484512831224,-128.70565333923213,-19.449199562781725,-1.130994389194441
9.393891490515253,4.65615204400733,1.5038803650805912,2.3375042893250964,6.679168199875069,3.7819402985307796e-16,7.630149628324526e-16,1.1811822806164889e-15,0.0,0.0,2.098581592780237,0.32010174433337696,0.22695522211954447,0.4465044888610017,0.7006470177945184,-6.456979051776212,0.03995955370342166,0.7933249338956337,0.3585788376226364,-1.8187242757013533
33.496690620031586,27.988423561931874,19.44212386641284,16.580021582118594,7.875597102631651,-8.484930572039061e-16,-1.0154808957894099e-15,0.0,0.0,0.0,4.719117116638865,5.904694992536992,3.6758557562478233,2.5912873622555095,1.2940420229802674,-43.81225303688607,-39.641909218393835,-22.856870096162922,-15.976752316451956,-3.95222961373716
9.944284749009586,7.840673498308183,5.111806252517995,8.320048085073063,7.932136108276162,0.0,0.0,0.0,0.0,-1.3436659294437858e-15,2.7787359030502494,0.5653596957252233,0.5784456480444751,1.1240293012260836,1.2492595747627757,-9.07051649519395,-2.5939538899927546,-0.8439861382466821,-3.895117170479734,-3.81895683261043
138.29480336344199,117.81403746801314,96.98384693781342,79.0066604392703,80.603744601042,1.6441230611224682e-15,2.4124213074456924e-16,1.1722244611982927e-15,0.0,1.4104411437002439e-15,19.94273412471174,21.200741447640212,1.8795518318817794,10.68553289518815,12.967503975034791,-308.6019189735572,-261.57267333451256,-178.95541461407225,-146.58433138757027,-156.49565569326097
49.881167532860275,39.88716498017276,21.735551694075397,14.34533037060648,5.412913953831566,0.0,0.0,0.0,4.953129118699135e-16,1.312680640816649e-15,8.564927923502028,6.460211310005016,2.1160204733893324,1.1785040541652283,0.4565423607129231,-81.79893657044012,-62.20954242914751,-21.633966345253807,-10.219412784150924,-0.6305264839946437
11.554970843948196,13.14726073176264,11.818088169760523,11.914460551396475,10.665396547064919,0.0,-1.0808985236650714e-15,-6.012332329506545e-16,0.0,0.0,0.44538902146730774,1.586748438147394,1.1719269677238702,1.0923963940085988,0.7852422229473877,-6.162799902176516,-9.644892798509357,-7.231405499667864,-7.543399075614515,-5.4930349506403156
319.3238442715473,184.31274139087023,230.718585377712,268.606511435462,206.65640171410436,0.0,0.0,0.0,8.46493535201819e-16,1.1002498522053466e-15,61.61996596518105,20.8039972612661,42.53041038351005,45.083122156760254,22.15832298069659,-926.4699228314641,-430.9180794438046,-612.2438779528525,-731.6152652321226,-506.33092196727563
333.9679381275363,271.70568400789915,198.02345123337847,167.20446288641824,187.13901911037732,-1.3616497243301372e-15,-8.368381260534165e-16,1.1482159008291558e-15,0.0,-1.2149987561339292e-15,56.871304744181394,31.809981942485678,13.780731780249805,12.587909622821488,18.546617676453813,-949.0635510749339,-704.6034809719407,-461.9879512956701,-374.4661979366796,-438.1833560164277
25.605334904978058,17.063321794106944,13.258421105112346,20.06872559996223,23.41162603984341,0.0,-1.6656609875469758e-15,5.359180630385321e-16,-3.5405473667019365e-16,9.104998532150475e-16,4.6611739934098875,1.7049110268745742,1.2841422169735106,3.995552161637281,2.0020739135007912,-33.283721016345886,-15.354712947454209,-8.94248810732457,-23.487960508039116,-23.916569474456914
19.562101127350285,5.934885502038339,8.321448665779526,12.076874992399272,15.049672058473513,-1.452896559800873e-15,2.3944614787128208e-15,1.7077380737372822e-15,0.0,0.0,2.3449891028209717,0.8216999993076411,1.851496914498619,1.1194087665967332,0.968435422679643,-19.731267557622864,-1.68981011087774,-6.2266409535420655,-7.4066819348405115,-10.808957607181298
193.380567227887,115.366695409692,100.90433953855339,107.03191247451639,71.68253538711485,8.818376066787761e-16,-4.927194859742215e-16,0.0,-1.0621770189211944e-15,1.5859767948728496e-15,25.177372892337722,15.351166074389253,9.987737257508085,9.235994654768657,5.777543487898597,-468.3317372963265,-240.61382562277063,-199.3476958269559,-212.75073512327955,-123.58955947831795
28.69803286898402,15.120455363809684,6.0052366314258006,11.711903206305838,17.7259662717028,-9.903713456653451e-16,-9.398430386703313e-16,0.0,1.213368524728816e-15,4.0084852067804583e-16,3.2918397638135,2.079907378594922,0.9402445733069854,1.1367900974242018,1.7082772543488038,-35.65945138077481,-12.59143056349235,-2.254564884865025,-7.1102243981971975,-15.38298191793666
65.9516460506242,52.895987725930695,53.93427945083427,54.09239706492219,56.564653615554896,0.0,0.0,0.0,-1.3135722843032825e-15,5.02464129340805e-16,4.888666701708572,5.742831330327953,1.7338058848573248,7.170249506980386,6.393148178823104,-108.3360572025724,-83.06276014504867,-80.1042317844583,-87.93508493982559,-90.74706302635154
99.69285272034416,79.01915768356164,70.72757950825914,60.915922895251875,63.917054693464166,5.7018549785373e-16,0.0,0.0,0.0,-8.893310108455378e-16,17.524864304442634,6.121204342090546,6.326119904898719,7.38403026745626,5.458560104171765,-211.0305807155467,-139.12263611952915,-120.70671558340344,-101.85138371096589,-106.41981575786832
45.751800404299594,31.25615935091703,14.432545581030904,7.421926838541898,17.533546860508977,0.0,0.0,0.0,7.180171179439561e-16,-8.104951512810729e-16,5.139895713447453,5.330865829321871,2.1730296883452396,1.1374943254347991,1.6808920608962332,-67.45526782995759,-43.733150136062946,-12.587044461234132,-3.259828968498378,-15.695254834230424
161.16739726672284,47.97473583979095,47.12293940646792,116.63937009420137,108.64580393479767,7.053960022291035e-16,5.924307645031497e-16,0.0,-1.4620299856274842e-15,1.5695981842498539e-15,20.05469092384687,4.825851905295689,5.585533788845195,10.428746946334478,15.512242123969106,-374.8001803580803,-71.79467501609108,-71.79631277330252,-235.78667509213284,-224.87212207482207
5.886478910184774,5.081525749235683,5.512309456065068,5.617304704672613,4.704610494321308,0.0,6.991431027058886e-16,9.66758227322905e-16,-6.324587797142758e-16,1.5103115053153913e-15,0.562549984097591,0.1908358127280474,0.650631680291887,0.517445476440945,0.41495627010633007,-1.045549448044534,-0.10728864422406816,-1.0412703079511967,-0.7401244400096213,-0.2406633477235114
19.201517084528906,6.4408642607519315,7.841746435887997,11.547127006791065,6.821140465474701,-7.400902049896885e-16,0.0,-9.061026667583629e-16,6.153415783356481e-16,-2.604193313993907e-16,2.8503020480305112,0.5851892365156535,1.1018906706155598,0.9164933979144138,1.4033013761747786,-20.057738297513236,-1.4864571408334861,-3.2603362648408734,-6.567850219249459,-3.6987016474606977
75.35528508215062,47.96669920136706,37.262650301417324,42.424630489271536,47.7181705714287,-1.6501162277132848e-16,-2.3701200961181823e-15,0.0,0.0,0.0,16.715756474737326,8.690416369848531,3.3800607695201794,5.745221023348632,8.970781725483732,-159.8449982395825,-79.95064344430871,-49.66259690387468,-64.45268233681023,-81.65306712950462
88.57865129926357,38.9051576966577,33.48841483683278,57.11360963383932,45.25587464565599,0.0,-9.131729285101215e-16,-8.487027400038035e-16,0.0,0.0,16.393850945214737,7.844560181564198,2.820712945312069,7.955926934841337,6.2686304109026185,-187.24776919748717,-62.777249795269135,-42.197389287128495,-95.20771848494589,-69.09305300650634
40.286734249349095,24.233525530349173,9.125019604047784,9.492753844237374,24.390468900294234,7.054855639201684e-16,-5.864130127250719e-16,-1.557350595597426e-15,0.0,0.0,3.8607467292214523,2.89108043256176,1.109566771866852,0.9105212586913489,3.4001358054353186,-55.21829200263181,-26.645362698744325,-4.688451188999834,-4.53910802601046,-28.69723770434044
44.55066719075752,35.492889465157596,29.360989049475325,20.16995274458916,25.220153359297246,-1.2759274427342525e-15,-1.6015438505396878e-15,-9.680092650322996e-16,1.409111354414476e-15,0.0,6.587143376408947,5.223036646555626,2.8874632284759967,1.2843891586047702,4.596784806127309,-70.07816592251903,-49.755669175002566,-34.48751850089499,-18.10508836557201,-32.34388557998838
14.092202455131748,10.20894602737966,10.518493601695031,10.990641282840665,12.336030173028766,-5.672360869602902e-16,0.0,1.3510351627643674e-15,-1.2929959544206902e-15,-5.759897842286538e-16,2.265272756811185,0.4246479249277145,1.5134380404750476,1.1593261441541391,0.2634909420629475,-13.219517621393045,-4.663181059319389,-6.974667746565066,-6.36269058389933,-6.964007518617512
58.117413909346595,23.23273952356759,13.730941358958738,30.37771740671198,27.425686320086612,-9.780789446253442e-16,0.0,0.0,-9.356104360930097e-16,1.0363171626296881e-15,8.385571397416804,6.125097746392445,2.485588923286532,2.931599540948167,3.0001488291291873,-96.24428452214003,-31.491555198855977,-12.244614059802672,-36.46413732340147,-31.136521145651326
1.5071924255939089,0.6617032085014971,0.4873888496044859,0.3691553484174739,0.7423061303718752,0.0,0.0,0.0,0.0,-1.1965123058530744e-15,0.4298893176695408,0.051362896579748726,0.10673213181156169,0.04037871149525778,0.12251206401800827,0.3546143023126053,0.7986031178524063,0.5037050315597497,0.5615864620500577,0.7034296458035777
51.823202125997334,18.796647970010074,21.520031139380286,34.73694704837419,27.824385847478688,-4.1132699637079356e-16,0.0,1.3207094936955779e-15,-8.181982541765783e-16,0.0,13.852926931801937,1.2467242845012878,2.6924074192161496,2.610872563494715,5.0844356692541375,-99.31087530370853,-16.258093119756452,-22.159619232946575,-43.702115906433626,-38.073745215041036
34.328314666042374,18.81193895373379,4.863271709343,2.3825505622323986,14.821232646588053,8.279378031488045e-16,0.0,1.4610385317255706e-15,-1.4911388388214036e-15,0.0,4.1196986214783005,2.1227917071630147,0.666034236051298,0.29026830504086126,1.2291508046386657,-44.38885474484029,-17.32512373889119,-0.8526265107917641,0.8269722896356756,-10.867367255106565
110.47509626218304,49.29597148229733,56.357692892274756,59.369567927524756,62.46129797704728,2.5726802140957354e-16,0.0,0.0,-1.9149008775067884e-15,4.550291196453869e-16,22.341912458865536,8.536976528557918,12.656017246088222,8.297685266976849,7.23540010024296,-251.62246066848283,-83.28076496133498,-109.88386415326774,-102.92786529886165,-105.68504487733145
73.50215845881974,24.53871539321591,27.243055727542902,50.72180758296973,51.74705833592203,-7.733571374322982e-16,1.1582394992959416e-15,0.0,-1.120689927460189e-15,0.0,7.009479578160904,1.4499270599661191,2.5468750561982074,3.55218048499739,6.798853230798667,-131.1111823484128,-25.068198645830517,-30.562828582236232,-75.06481983258806,-83.16098962385958
104.72631917199429,48.38766449600469,36.05248370275692,50.00887783676312,50.86613419107031,-5.427806430153708e-16,-2.055812861450001e-15,0.0,0.0,0.0,22.231412693705884,8.475481653689759,2.7214436067333585,6.351819309969707,5.812973886599386,-238.27324734052155,-81.507270287445,-46.34947773990521,-79.90605637111767,-79.82319473486388
19.604961911378957,5.756460880458937,9.031936169408016,12.20381810630178,5.961034336449746,7.248601032452836e-16,1.2343395543121485e-15,0.0,1.1644597282111108e-15,-1.1919789346210727e-15,2.549222765602637,0.365819634582028,1.1461609178528565,0.8069180248694411,0.5991535633567941,-20.13798483048645,-0.6837046262794954,-4.699035083489061,-7.174529477329428,-1.126711105510491
360.16924719257605,142.81609082070875,207.40207772033358,343.919200433951,237.65039960767479,-1.2625935013361062e-15,3.980183082603011e-16,0.0,0.0,0.0,40.48697417970147,13.028993924600506,45.09045595769704,44.047181105880796,15.799996483985993,-997.7077673376484,-307.77253740021877,-565.9320771748738,-951.9090149676344,-579.5166201469938
22.654085848260394,5.3364127339796585,11.704650090989265,16.48396713531049,7.242279578311045,1.2545952911442025e-15,4.993120644761831e-16,0.0,8.621016165920868e-16,1.4716555638531512e-15,1.9088911031593554,1.0354084020240908,1.8265950498171697,1.2709924731548563,1.0368801823096871,-22.48846151197909,-1.8511569380060238,-8.836834934341667,-12.96528722493485,-2.8792249100786975
66.74327526522904,59.77000471830216,51.33960010313957,44.31487034961578,33.77194939361263,4.2583630062294443e-16,9.51035877087726e-16,-1.1072041610493938e-15,0.0,0.0,4.535073731097988,4.521594058470107,2.5971270147094243,4.548707948382646,4.548361949121253,-109.93847573949674,-94.72709846590787,-75.48882029698166,-63.61216278619389,-45.048798367547214
39.181661684824796,20.16804667442004,6.532252451886784,11.244418357297665,26.33720636715615,1.4507659046738102e-15,0.0,0.0,0.0,1.0791467034957564e-15,5.440174192452184,2.125064714820622,1.1071754690134572,2.126456560397384,1.6225559832728298,-57.18703412418658,-20.073932418860757,-2.626134539404486,-9.217333382547604,-27.962868422633925
70.16829569995548,59.954890228675424,69.46692811959527,52.58250016488634,52.95890187490059,8.10101175948101e-16,-1.4221546894006509e-15,8.182803011376228e-16,2.162066036516348e-15,0.0,8.598908916429377,5.309246379556751,4.462895405018707,5.621016398836217,5.634231127171662,-127.1114994685246,-96.3943777882296,-115.76238927394446,-81.6328810767095,-83.54197321112727
391.18890464268355,205.2156183292592,133.7812862176949,177.8764069928684,170.925888572198,-2.324950148071483e-15,2.7699362905997395e-16,0.0,-1.2782677550505512e-15,1.3302471459564234e-15,76.07196437930448,39.96108425893021,7.293665527780606,28.55211144580994,23.224680243196218,-1181.7394371832156,-538.259781803045,-276.7739342026997,-431.17428054479285,-402.4647794917624
283.3716166700779,160.05776046801637,162.54851858302925,232.11683543747426,185.98812867387488,-8.023869084529988e-16,-7.102863203208042e-16,-1.3988049686659576e-15,1.959131271238446e-15,1.8337757124428537e-15,64.16068943567042,10.041172136345898,16.25451405002045,38.763965129853354,30.312650592553027,-799.2975113850758,-349.5793466257545,-373.89222674157685,-611.2257533662785,-463.9818706146815
0.0,0.0,0.0,0.0,0.0,0.0,0.0,0.0,0.0,0.0,0.0,0.0,0.0,0.0,0.0,0.0,0.0,0.0,0.0,0.0
42.00002012350952,15.841135495599204,38.70029060559793,25.92780540077883,33.116751508547544,6.767070431591281e-16,0.0,-1.4688111632057285e-15,0.0,0.0,5.0161826524269655,1.8947368917062264,6.8858661982471325,5.802465150706179,6.713883310004547,-60.407248451091085,-13.643499000430333,-59.064962623280394,-38.32266873871934,-47.79622834054001
39.94277890969218,18.02309989352872,20.656716993371127,11.369053316602765,15.179931587895187,0.0,-7.8848005055470395e-16,-9.889327360034216e-16,3.1248984236992764e-16,0.0,4.391386189022783,3.25165028024392,3.2828325086692374,1.980362017576136,3.1252235952025638,-55.48406981888765,-18.115217210604147,-23.731226953034078,-8.930954446152555,-15.484422464871562
5.625958557010228,3.782656277468299,3.975906864493457,3.9016189509307155,1.4921117577416063,6.314859312949685e-16,2.3480283550758567e-16,-8.935605887873653e-16,-1.8211484634874534e-15,-1.1904985200899863e-15,0.6281080614047801,0.4204269912568578,0.6113435292977905,0.2756521692335537,0.2587198344648374,-0.8619163454430975,0.28322060595063175,-0.17350518339145868,0.41378898011460513,0.7239696798551347
15.22398638019845,9.995290200422804,4.214502246439785,0.5344665652086101,2.1216416562182436,9.334516177501177e-16,0.0,0.0,-8.309017602938887e-16,0.0,1.5513558403946495,1.0997443951214019,0.7111641349935736,0.03261470926120401,0.08198354998303183,-11.799891765027102,-5.326640203972265,-0.3587578365752409,0.7260777830013658,1.1069400183002513
14.131944315452474,14.14162294974875,5.154582884212618,13.095704298834153,5.610573599783694,-1.0055838317777156e-15,0.0,1.3784679608826161e-15,1.0851539093217863e-15,-6.332175517557544e-16,1.3408575826210647,1.3376481769907635,0.7462674894894986,0.6523917361269361,1.4452754764532925,-10.226969120694813,-10.702841677011687,-0.9319920806710003,-8.100497999725935,-2.6890485338048555
16.843987304036162,15.190494919945687,7.386155811193543,16.602895990724182,11.516096643192308,1.6873504424687846e-15,-9.355096585130102e-16,0.0,0.0,0.0,3.4384408876510197,1.1301596837236692,0.7676658218137112,1.4029379337854806,2.5784601305931694,-18.767514667016826,-11.121854882715306,-2.820174208067789,-13.28370582725585,-10.928782796239735
22.375633072960717,16.22478400014547,20.767136495931055,14.680401976632439,18.113767228311616,6.351040289615207e-16,-4.3793663801855825e-16,0.0,0.0,0.0,1.4119528025514811,2.177488036402308,1.4794083136810847,1.8423178544957532,2.3288734963873408,-21.680815102246974,-14.127933300097554,-19.10087293847841,-12.39220441052428,-16.786874161747267
44.24556409696268,21.882866496050926,22.078437253567483,14.264055658677059,23.72796359199611,0.0,1.2988110783170527e-15,-1.2873062121193185e-15,-1.4944054189690406e-15,2.994537365186196e-16,3.825767250778012,1.4927553941339249,2.085569568910737,1.845310576251127,6.507827033035955,-63.35569840563029,-20.84281741519074,-21.949711076088082,-11.114488258589848,-33.2900117453093
22.508835262485483,15.927563788171984,11.714739429014076,8.816456715369473,6.552924662198738,-6.313456271496477e-16,-8.922177242043237e-16,6.065373797391413e-16,1.6118555530850204e-15,0.0,2.7681576920817554,2.4629790690100957,1.350359582712772,1.720661688419243,1.0721381856138714,-23.53783754617684,-13.966917626081411,-7.299488606280399,-5.857219025340447,-2.5522611179394836
10.681147132621952,2.7766680391013767,5.3790728866058135,9.833894850760949,7.49323613489016,0.0,3.1987202185954127e-16,0.0,0.0,1.8668583050708875e-15,1.600955461101348,0.36726738032948164,0.16901827263308492,0.9853951074208905,1.2930470069745708,-7.1911805679305045,0.6364964949154254,-0.2867245974108993,-4.91426168839834,-4.203107980508413
6.2044074980384245,1.4973961145917143,6.2579749551309165,3.6392410084261124,4.867476236988299,-1.431528183764413e-15,0.0,0.0,0.0,0.0,1.0229440294615921,0.34876998862984054,0.6281613911874975,0.47427218060265175,0.8872550922456985,-2.2174246649480978,0.39827092025194877,-1.6847970159798342,0.19999010009008855,-0.9351561468749399
11.347833484587724,8.101627607180317,11.944597840436746,4.169980419875694,8.953393626655325,0.0,0.0,-5.9486534854665285e-16,4.259868537831655e-16,0.0,1.3376101796308388,0.7563572844415336,1.1390959231512952,0.8162926765757832,0.8711078575352343,-7.23042892729322,-2.9817880032248882,-7.407494126510602,-0.8735525551264529,-4.295107027954629
7.908745994980441,3.8609493403064157,6.152031230893725,4.224462158344575,2.5305921212791547,0.0,0.0,4.3311471595265135e-16,8.409860345849779e-16,0.0,0.6320470252756273,0.15435256160997285,0.9120022369406385,0.6300053050880156,0.11620983318266866,-2.6375390180945693,0.5720825883051348,-2.0395800222543854,-0.4505604881087188,1.0288103293132425
5.217588402100862,3.370426141300929,3.333173985075987,5.840168403655426,0.9624325783101073,-1.3618221312244564e-15,-3.294013807395372e-17,1.0658650567619587e-15,0.0,6.921355633500361e-16,0.753146396844902,0.5974719088041578,0.276352177061348,0.4369806759067799,0.1810702279588933,-1.100691926168731,-0.22920024508658768,0.6831532923137414,-0.8977738915397506,0.7087507180983326
85.71728276169416,24.04479455135417,33.18614160522706,47.024517072596225,92.35575333249867,0.0,4.432618882909628e-16,0.0,1.208803883579568e-15,-6.154832461401799e-16,11.186909735021002,6.048146184424806,4.209657695967317,5.82191900157818,19.30361127864782,-163.26913827370336,-32.53743062911416,-43.413991257306066,-71.563289358195,-191.81535766677186
6.419432343682405,6.150453796311529,4.497947232805928,3.140948869040635,3.5680459102511266,1.1068622546655094e-15,0.0,0.0,0.0,-4.3562002103437716e-16,0.5780115103412576,0.42228354107356336,0.47513290134561664,0.17694115074926597,0.9967068575181681,-1.5605587266425593,-1.0163884327149553,-0.17374263967311973,0.8259858819468482,-1.003521127766312
34.827803972217175,26.390275731213226,23.990505945354407,11.057289517967117,15.580912596612272,0.0,0.0,1.1847065457953658e-15,1.2852023718932767e-15,8.550639259986994e-16,2.8825817328371524,2.998755767826825,3.0565279913504138,0.6572942863461223,3.1070982119971657,-43.81341669634117,-30.594597369083534,-26.86340028016144,-5.763332062457961,-16.0847770486614
10.731125426398851,10.334446210191599,6.529802657320268,5.375165934032575,8.133856696081061,0.0,1.3750959099470254e-15,0.0,-3.304747911414869e-16,0.0,1.5742410898029993,0.9645565715788137,1.1374132900434861,1.2237716471166695,0.7543385179979449,-6.964523742206407,-5.702436657173828,-2.633960502368176,-1.8974227342681353,-2.9990019527728133
4.630744725767215,2.6108838450301914,4.332200359144477,9.135855104357864,0.45548088327798636,3.8360068295622714e-16,-1.3607321848358285e-15,0.0,0.0,0.0,0.5312151482030787,0.2249739943733289,0.2092825831095802,1.3827064220535894,0.06468231990695397,-0.2598610299655887,0.8876565891943391,0.3088856177262178,-5.239777005327578,0.5900926517471162
28.271191392993664,17.933340769856283,27.47696063631837,16.80304543941035,26.81902060249686,0.0,-7.924265142548723e-16,1.0343833077679229e-15,8.457308983924695e-16,0.0,2.807582064645474,2.0942586336975406,0.8898577085244072,1.1981379613540877,5.7462483282141195,-33.172200414236805,-16.95559993053065,-29.298385038307444,-13.327342970692879,-35.80155523039663
7.89351409378046,6.156872463650128,6.185860825028737,2.6272609510608786,4.133384772239988,-2.2504005418827287e-16,0.0,0.0,-6.761250109864283e-16,8.595168063376771e-16,1.9812056733143664,0.9877523966631652,1.3158592099030575,0.2415578232274031,0.4368555032263907,-5.127462152713933,-2.155188875137397,-3.1552502447010538,0.8694851588261967,0.19029776903971282
27.13623548594183,20.63713172149856,14.376554867370455,10.243007297150909,9.368709614578659,0.0,0.0,-9.884742795685683e-16,-1.3873713356774383e-15,1.516842265351941e-15,4.205879950871421,3.109463604373297,1.2495984570304317,0.8355375021605552,0.8994000157706417,-34.23480450449574,-21.718365077021048,-10.220057859440946,-5.2647939629309395,-4.497256530079925
135.76378425838325,66.12488503982341,63.630110256827315,36.86111730275618,77.6305566298977,0.0,0.0,1.3400122669450088e-15,0.0,9.152874417062344e-17,28.53513402233112,2.505518699681478,10.915132721011286,3.6224879771877756,22.19864950195627,-329.0877586136828,-106.8110064739235,-116.53157730922706,-49.0421848035376,-172.12402730713075
35.565473466296645,23.88090065881636,32.637260925125034,21.236651902448077,26.41782278410315,3.9956883263957707e-16,1.1901439496131932e-15,0.0,0.0,0.0,3.143352334674768,2.9003079110627152,5.350240652645206,2.7803985153679567,10.293403021571882,-45.53509918527363,-26.04074885877386,-45.91582049379517,-21.904165095733706,-51.631667531675674
0.6956920825283818,0.40232221384181566,0.8131603328742458,0.707419372715917,0.7707249704466869,-9.974087787069427e-17,0.0,0.0,-6.277594691040478e-16,-5.761967327887185e-16,0.11180534357652237,0.08218953023705068,0.0830237377734762,0.033535557579019167,0.1208414688963847,0.6541248565126734,0.4896664803592125,0.8223570143127006,0.8482968351408987,0.7731935983600118
39.03478824602519,16.673924425288547,39.109572436018915,10.917601050784466,28.45252362482588,7.281122995024347e-16,8.52280144298188e-16,1.4534400485661327e-15,1.3016462727570454e-15,-6.243231225543429e-17,1.036917451023369,1.6577422211954709,3.363614120737161,1.7978792331331426,7.573466006944834,-50.064410923157325,-14.118299774065838,-52.270360350674395,-7.674095545340387,-43.93180011433967
16.307173886665023,12.385717397198142,10.145556719559995,12.96012374302517,7.821482578814696,0.0,-1.1473582239504946e-15,-7.003486899740244e-16,2.741265245027068e-16,-1.5897878376002385e-15,2.5032377710673326,1.122274633374783,1.24268900640121,3.1517829945588107,0.8798036856442081,-14.956030637425421,-8.068444414115623,-5.430582807709135,-12.797123007994328,-3.0761053551772823
0.34214055189660725,0.9841634308281011,0.46225207426247406,2.3545579781617807,1.0319530634597713,0.0,0.0,0.0,7.544332549360556e-16,0.0,0.10553159345077262,0.16148319233720812,0.020668461246523696,0.27972787914095276,0.20257693285067052,0.3819860617706646,0.767775469525487,0.6766153832408696,0.8389794741288001,0.6822791807435721
86.1084048050445,48.5195741541043,51.03295608636493,16.978115857570884,21.116629199187667,0.0,0.0,0.0,-8.370101155167401e-16,-1.682424616774144e-16,8.323571766161926,2.4404488067611134,4.021553032328741,1.9842978686870976,7.075363856693212,-162.5484031199589,-69.60152165540522,-76.09917526039877,-15.077600441326535,-32.60160111828432
70.89922132992824,49.46007246829646,24.87849026405229,11.919618525786188,10.355976011274212,8.017495509053365e-16,5.746394619341108e-16,-2.2848419762409318e-15,2.980559882109292e-16,0.0,2.50425275913783,4.142453489656946,2.7604544686940296,1.459178397408132,1.0149964045918731,-117.51276028105384,-73.22263196516545,-28.25653875015297,-8.036889391452567,-5.517716749752155
0.7262340361616445,0.7527958327447009,0.36159892884946604,0.22911600267937915,1.072632363940507,0.0,0.0,0.0,0.0,-4.1401809676767663e-16,0.12305498432889989,0.08944728776449873,0.01531983349394114,0.04236530958002942,0.06773160291635998,0.7027349034213518,0.783178837503038,0.5848281821879511,0.3692165708830272,0.9934587669938255
15.022844604377195,12.377721742333183,7.262828057735621,7.212284866257862,8.166304952628215,-1.6554119014422506e-15,0.0,0.0,0.0,0.0,3.1468473817111744,1.569178777948003,0.5674981730890651,0.18031044497534426,2.359843197446742,-15.978148880653057,-8.83924668264757,-2.0606389062584487,-1.6762236641360873,-6.458749227235859
173.54306788574206,135.27961484572342,93.21296231317682,79.29693094365265,96.51094099482653,-6.141496267323481e-16,-1.1555281410690959e-15,0.0,7.168426089680594e-16,-1.177968389384062e-15,26.456203229769365,20.933671023207463,12.758698979561846,5.213634114907238,9.5078441721856,-425.1990784574784,-312.06999827275985,-184.1118835481364,-139.34224259428535,-185.44968803568514
92.79961162894429,73.09181664145174,59.34222833845535,50.88959477912663,56.83403528957808,0.0,0.0,-9.578915462460306e-16,-1.1169949202292226e-15,0.0,23.364069153729517,10.835992354276515,4.202690945545014,1.9391767660682508,5.584983179802925,-208.79229231284532,-134.88508641380662,-93.47350993299194,-73.99203643321361,-90.17494995103031
39.82648066486141,25.757376990108845,20.239089431275197,13.343738668335792,19.826050360270248,-3.5681924382889623e-16,0.0,0.0,0.0,-1.075165334771824e-15,11.195179054482608,3.6683156038284843,4.623101843290309,2.3352592462515016,3.6080483481758803,-69.75558998308436,-31.124559952343667,-26.828762937506475,-11.372130228236736,-22.363446021761284
62.578053871291935,47.89433313833952,31.021071475836656,19.163642397933273,17.2150440893386,0.0,0.0,0.0,7.415529062854246e-16,-1.3414220023116114e-15,5.098567801756893,5.6505125633431845,3.260521654584407,2.9000043167919296,2.3127066483016097,-101.632303227393,-73.13877796563406,-38.23483323688264,-18.71527297634666,-16.24979956190433
43.02685347768446,33.771674342553005,14.503540460276486,7.309806878245559,1.3587486255959982,6.605574689570248e-16,-1.6831685122932782e-15,0.0,-4.860201832928854e-16,1.3073476623544503e-15,5.037982618405463,4.192711217539369,1.3266768637087138,1.1436124632597806,0.112842279180451,-61.30142127477459,-44.21092810724105,-10.645334017952846,-3.369067616898604,1.0201685774545537
3.1264437946280395,2.189700573363389,1.8716684815620974,1.667904352926438,2.234650995769597,-1.7045150555264544e-15,1.2168491397924963e-15,0.0,0.0,1.5898293225770466e-15,0.6231648194719428,0.4289689408784659,0.058327995871366015,0.36365954393394234,0.49208930185414934,-0.17259814174017396,0.4422383879103826,1.1278349829224978,0.4676775381452523,0.16626609078889554
15.028520230227965,12.106623066142921,5.905902835586289,2.824591585077417,0.9282872882043787,9.455924134578911e-16,0.0,6.015530186838601e-16,1.2577796016846546e-15,-1.4351889188607158e-15,1.591776203759133,1.9447627961673193,1.3813793724887542,0.376628945012671,0.10207156123126658,-11.554173333598504,-8.573268907098646,-2.567285060754757,0.5910544424330515,0.8788478233001524
12.578803260182358,3.4407625466358236,7.298950884814607,5.366305315062419,2.5268942410022954,5.648730813759459e-16,1.0325367213364191e-15,0.0,0.0,0.0,2.668687501093809,0.3812325136995068,0.8889526098584858,0.5361802215293177,0.4261785662064263,-10.597643681534304,0.4235536112779731,-2.5484142204117193,-0.7037003872170964,0.5079691233939079
11.50355700271184,5.085384396531259,10.343007552501028,10.185733134514159,8.734395911307232,1.9302256238890865e-16,-1.3972252249894059e-15,0.0,1.3951724954435336e-15,0.0,3.404601569790635,0.18346685289954473,1.2497795964494562,1.3081469017343526,0.48832599799486565,-12.229637002118253,-0.10648418772903535,-6.193379991049358,-6.324005365334021,-3.28190202066398
37.98642903032669,33.26569764814137,28.659167270537854,26.552014586733677,22.894921796135016,0.0,-8.543848901359805e-16,0.0,0.0,0.0,4.220797506118885,2.313280541401773,2.2918717505157433,3.921854963123778,4.123784960952218,-51.46687914999955,-40.42951253493373,-32.54659655249071,-32.12869351613311,-28.488773565455368
25.616958738349755,15.97264368450713,13.667834276864298,17.218847137050677,14.000589804456055,-1.3868600543443615e-16,8.896996011365359e-16,0.0,0.0,0.0,9.135781935325996,1.4397505235879464,2.8370012651213417,3.6618350121781726,1.4358128329696285,-45.013799044465955,-12.632992404177164,-13.41356530949085,-19.731989607576942,-10.72147153084191
17.232733163931233,13.57905953196773,7.06689012993377,5.177853769400778,3.3362029619007902,8.246431126169738e-16,0.0,1.0054532088314203e-15,0.0,1.0648973456867727e-15,3.5009460576191267,1.5814615650302235,1.022826874396964,0.8475720529906715,0.3379562676053306,-17.75588182898199,-10.061090157982488,-2.928524765950534,-1.3440914910448323,0.46566949153312187
86.53683976524681,78.14136910796091,65.38578166753969,59.235845869652856,54.808717597467755,-1.3137391893443358e-15,0.0,-8.693544286100892e-16,0.0,0.0,10.293314355912868,3.4976458354351134,2.254288130172269,1.2017036771487941,5.550755112483745,-163.05283537194552,-134.73892198878735,-105.06570418766383,-91.17668448360345,-86.05235289727183
83.01370426756155,70.60368055972958,54.01494276918027,41.458527072488536,35.93003990236039,0.0,0.0,-1.0523646966306074e-15,-6.855455665540122e-16,-1.1865437461650384e-15,9.181361440332477,6.7891089221155925,6.402796371492608,4.64816116469214,3.1125503781308503,-153.42726234455617,-121.85889864276479,-85.63876926028684,-57.95296600398142,-46.26917903195413
238.59579530529902,179.35017465993687,140.38974289118568,114.47411336521466,126.9385660071053,0.0,0.0,0.0,0.0,8.95605183654371e-16,53.93476921786944,34.75108408925569,10.564620671044121,11.218481763811564,11.367287318729353,-663.9860865254338,-447.65713779389154,-297.00136139013614,-233.215913878906,-263.803160900451
13.138978307011088,5.783434135151425,7.694040934710191,13.410875853001698,11.022154788787025,0.0,0.0,0.0,1.059651500093579e-15,0.0,2.2338928083747054,0.10513712700339255,1.189526776636008,2.5666581564703708,1.2406032440411188,-10.274781929691823,-0.5382661370369933,-3.750354749417586,-12.28933570095861,-6.780994863947168
16.089888119841262,7.732760320874673,5.605015722426804,10.153430565642383,9.727224365361128,0.0,1.8377466940026113e-15,-3.1692272196359537e-16,0.0,3.652340632186708e-16,2.15869346911931,0.9948947137152531,0.7249628081250543,2.0057800363974403,1.9443938444766993,-13.952293660576366,-3.421955764698188,-1.2737217400654843,-7.115319175273219,-6.410136518546842
8.593358414494526,7.6988619393767035,6.346035546978197,4.701096323180193,3.9610247285589733,0.0,9.229191812441117e-16,-5.598319852608142e-16,-7.557202479095694e-16,0.0,1.3320382700526308,0.6875351916729171,0.72169511396675,0.41184933807457186,0.6009827234802041,-4.578868180675342,-2.5290469985991253,-1.5632717688879487,-0.1618135880260413,-0.1482585324532031
28.970867314515356,25.198896236976466,18.271420269512852,10.971704086757917,7.504108091064215,0.0,0.0,0.0,-6.476138347712784e-16,0.0,2.9907413639711122,4.0002837569046354,3.777129081858482,2.0939594847953305,0.7218918047450947,-34.14534839082108,-32.294232830191845,-20.408434742241877,-7.744845882682252,-2.714710829384296
222.05422325730757,171.40737775996055,98.42678374331484,43.24153046116055,33.20160766783661,1.0239556451928433e-15,0.0,0.0,1.3145561282079194e-15,0.0,25.734441089273343,19.977004994231752,12.086644417816045,5.215923301976833,1.568917345823135,-547.9990572185346,-396.67253912119094,-196.03075468456274,-63.14349791968656,-39.662554906787825
14.583234761353237,8.83377171856476,7.815837707032223,7.727281915960149,7.925298827397515,-4.872325978342586e-16,8.043480841449041e-16,9.091063074669479e-16,4.597623999536789e-16,4.482750437773877e-16,0.4726039486014532,0.883353745917549,0.36415087824326065,0.6895942552837333,0.7242892881719344,-9.820728293710614,-4.276253465371132,-2.290103411709146,-2.6222709095901373,-2.7224009074680313
25.21281682464594,21.260363526127016,23.571891083886214,18.01912225886705,22.119580088758465,-1.1272722769564295e-15,1.3368402377257738e-15,1.2057458321548557e-15,7.886541037374319e-16,1.2849117983414336e-15,3.1119858817131933,0.9299387407976961,1.8578767787588422,0.320568513632304,2.7876001874587635,-29.665264026553512,-19.445988343183433,-23.95315832477516,-14.397949530899734,-23.22298341979169
148.62237004822381,98.74824503683467,53.210881999178085,14.352716265985151,18.45122717728289,0.0,0.0,1.0682668041790032e-15,-9.901160485475946e-16,0.0,17.72248324236116,9.519366226951272,5.715692316254357,1.7363195770384294,2.42982604241553,-326.8065773927792,-190.36293588689205,-82.95445740555687,-11.16600711078146,-18.27961135245509
118.0094894508054,37.51905044541261,62.858755522233295,43.811029653060935,31.056655428373837,0.0,7.575274185511559e-16,0.0,-6.4873411228805195e-16,0.0,22.645068208802662,2.2544365823252352,3.415699710606364,2.1128259207130564,7.028032152569982,-258.1369089841254,-48.09800217694388,-100.34206040189217,-59.87154473368952,-48.99731468665539
28.62843812816795,21.25899057146914,24.01728119282974,20.12711938948067,20.428897774554866,0.0,-6.684632869762798e-16,-7.396161227152449e-16,7.0605507128005765e-16,6.956251322037686e-16,5.6314732725411725,1.009628306223745,4.223026004701188,3.2723600140421403,1.1894664698224513,-40.70988677880126,-19.507222170986065,-28.736288089374316,-21.175028747518947,-18.451281172976877
103.82006819527925,51.42452254433484,17.102004628343877,30.35079152657805,82.17722662557209,0.0,0.0,0.0,0.0,1.3834348321294979e-15,20.087380604749235,7.936589422603621,3.0001698326160002,3.218407881624197,9.950314702314063,-219.30370007426075,-84.17458933145421,-17.30683817518245,-37.13122095102203,-152.91590730497919
9.76591575435458,9.463597857471438,9.185755195229948,9.400219532494706,8.022131160889517,0.0,-7.508167046628383e-16,3.867633747354145e-16,7.558788742155372e-16,0.0,0.5120589153746996,0.9721577029363759,0.9257814541452352,0.5493891131490334,0.738767356021362,-4.265961702712727,-4.537871556016304,-4.183012047254686,-3.9415741983432264,-2.8713174311501812
8.379287692744121,8.710120893379084,5.7822169445074625,7.69097594069227,5.43243832377212,0.0,-1.6315335790579268e-15,0.0,-9.23865503207053e-16,-6.539814107514072e-16,1.2917177060381266,0.5849852208559847,0.3475711386094184,1.116334741018417,0.3966667107433139,-4.5687235796720795,-3.388972954308341,-0.6943023542990079,-3.162201070987687,-0.4989599309899634
48.66075665357701,25.744949929038256,15.224467356572429,7.34716604987022,14.981027682475062,0.0,1.1039722162499364e-15,0.0,-4.835488479075896e-16,0.0,6.544258208059763,1.5472077775173385,1.506697898164813,0.5501000464903637,0.5187720780954259,-75.26104343563581,-26.94980970791744,-12.470142143578375,-2.0359220294181357,-10.35549329419047
49.5830733034512,23.818669258762593,40.54544594633556,25.654842810707514,28.291583327180533,0.0,-1.193253456842389e-15,-1.7524600338606412e-16,-1.1078496812516695e-15,1.0045994634417813e-15,4.737210988489398,0.7190932906845302,8.433187189701263,1.0823927421853998,2.9627260304136285,-74.25078065824195,-23.27251048985863,-64.93683395238129,-26.392382345062742,-33.27716955749909
8.29735941656234,8.104961741816904,7.126602529372349,6.738276728783685,6.87200663623425,8.563480260259516e-16,0.0,9.970287143580587e-16,0.0,-1.0339668940562406e-15,0.5744491602526974,1.0385522916705208,0.11556708143452092,0.2546744548224367,0.03204429688022743,-2.940014982198708,-3.448003254905706,-1.5832933209593867,-1.3321221281746016,-1.359049606849541
39.541177563769494,43.455848851901166,38.8498977298883,41.14805920968527,43.97323648662115,0.0,0.0,0.0,-1.3814362075047376e-15,0.0,2.737441114745849,4.954444923280686,2.379569095274477,3.201251694084253,9.284541136866565,-52.238269041606166,-63.24552866722564,-50.712823284223866,-55.94675384002334,-71.44531152865476
126.10689067212077,58.473575317694966,24.689391454212227,54.62959434801087,83.96050541214038,0.0,0.0,0.0,0.0,-1.3540513740782858e-15,22.734073206412734,14.145078629703342,4.188443624827143,8.82199482773008,4.530042554545144,-290.4519541728472,-115.90980298609918,-30.528857158490666,-92.30582262006153,-149.2902678985938
62.817512865253185,37.73045812340191,9.337017509252847,3.7876643830234085,18.91766925019715,0.0,0.0,0.0,1.4069542544703905e-15,1.5023895943263629e-15,2.084642190571382,2.098033608976478,1.0704008754776284,0.701113689568574,1.4162756326071513,-99.31251690341794,-48.204194083440505,-4.428557750922887,-0.48414131937550603,-16.51882464465816
155.6937319749831,105.26029778851164,49.887168396665004,30.0457011130147,53.85857921123882,-7.30195341067958e-16,0.0,0.0,-7.094619623826841e-16,0.0,16.05250593672545,13.516850274486439,8.920046099539471,3.959396064347592,7.908234515563455,-346.4632156949394,-215.66867473196595,-83.88774745836123,-38.22916794769493,-90.9966606021396
130.92204204012035,97.44399347546613,53.729222535014415,30.15843964434454,38.79286395878642,0.0,0.0,0.0,9.424131276544271e-16,0.0,28.083738245036116,19.232355843630785,7.925009630396862,2.1652352271104647,3.7428515814919354,-315.11444337337724,-213.10461924711817,-90.42983652384672,-34.87797897820129,-53.929429408286545
43.81176721367384,20.93164589736313,3.4932626020162836,10.682060624329162,31.216866992018193,0.0,0.0,5.085093912993976e-16,1.3303476936683695e-15,0.0,5.436394422586745,2.93329113050923,0.27433637527796273,0.6036776389241396,4.307741362397263,-65.08172435051843,-22.228773996679763,0.5997142324014326,-5.275648201563307,-39.909177867868046
11.610855556004001,7.915961489138638,7.304911387092302,6.143453045792928,7.070090155575268,-6.11964150559669e-16,4.488038103362581e-16,0.0,1.1565852794247106e-15,-1.0049981260844133e-15,1.927388132812538,0.788293311641925,0.6979601648353896,0.7650421399046725,0.9497050151085872,-8.79534874824574,-2.8937758381258365,-2.5584458168842987,-1.5120999673095044,-2.5301759144622067
23.067204127292786,15.098911361405367,16.112334100150576,16.713504883070307,9.760336246393695,0.0,0.0,-1.7639722000388754e-15,0.0,-7.279900177851306e-16,3.8113164439194285,2.623084812932762,2.8077730277864896,1.7549471012172653,0.7927969386880719,-27.29153983532325,-13.684121007159922,-15.788499378738798,-13.958906744761913,-4.737994659748387
23.459589520643096,13.061011108493448,5.740400055610994,8.205623080466816,20.337675475196196,0.0,-1.088036339388826e-15,9.28344795933136e-16,-1.7318434658582382e-15,0.0,1.3427028586034566,2.198892251343272,1.0856454143265095,1.0491781871415178,0.591845195050116,-23.06557493837843,-10.733956838820834,-2.218637771349779,-3.845264168497366,-17.86188388475818
49.66455836339354,47.56436168133187,30.388254253669917,27.46890079548401,20.424942429797593,0.0,-5.975421182107234e-16,1.8705720436027735e-15,0.0,6.95759841872065e-16,1.8155410018748201,6.823792313893432,1.6716485895143829,5.067993033147415,1.930132432222262,-71.35916564140267,-75.54191719574989,-34.89153879312206,-37.19090384865156,-19.069543374791852
32.00159619127524,16.513444994766875,5.646092611906085,6.6602708141594835,17.237224331837567,1.7762682374045308e-15,8.60562694198905e-16,0.0,0.0,8.244282514183107e-16,2.8636931803739674,0.873848680735062,0.645051842718275,0.7103958088960785,1.4186255762202586,-39.348762899717315,-12.648927563016542,-0.9658215997676995,-1.8270733591828936,-14.429651297289816
90.8626796701548,72.02798690470892,57.93039652144123,56.40522526814494,66.9299185160424,3.1279849475691325e-16,1.972962917039814e-16,-4.906182442560107e-16,1.0077686701999672e-15,0.0,8.12734732597919,9.095791161561747,6.136046023073134,3.0758593032516397,8.849864962579685,-169.8922131037074,-128.78576887566385,-93.62349683054784,-86.32445608839201,-119.9687372845546
15.165324091480684,9.51205824039883,4.3452702610434955,0.31000600200302625,5.18261859948597,9.370623818837563e-16,-7.469915740657912e-16,-6.132035751581768e-16,-1.432518102813143e-15,0.0,1.0900696271556278,0.6691997251258532,1.034756391299147,0.038468938633498824,1.608236166111102,-11.081145491131625,-4.188338459574227,-1.1466373033889528,0.48830689424772455,-3.0499097528112697
46.20098447980476,25.852961686923866,8.813124495527793,4.391778573308055,18.77934581247577,-1.2303508139670756e-15,1.0993599021492143e-15,-2.0155812394363203e-16,-4.0447322417310097e-16,-1.135091833637882e-15,1.709551090648843,1.1857806838643747,2.767306855384404,0.668401974066455,2.181163898968162,-64.33594008130518,-26.82663936273209,-8.09923857787262,-0.4819045865462419,-17.57488054750024
31.595090598025042,21.711601101649578,13.188409233965256,8.379107588545267,11.705192635100747,0.0,0.0,0.0,0.0,1.2140641472731892e-15,4.554784565181705,3.992756356532078,3.1950527857156983,0.7824074469129828,1.2207328363468408,-42.48052875034972,-26.5334079507291,-13.498102042659431,-3.3236423804462265,-7.8045547825034305
332.07881959086717,199.04636366001472,59.15602341283323,35.622164568089225,109.12670064555324,0.0,0.0,9.609066935435096e-16,-1.5957317459514813e-15,0.0,60.640053232538015,34.1906677966348,7.398664944932988,6.436298517192995,15.642474239838549,-956.6750552183195,-500.1907105886402,-99.02439155171118,-52.74011961614156,-226.72948385077765
44.24790910718933,26.610138173748233,7.817288369419187,2.4649938559306803,12.884513726686096,0.0,-1.0680782356268615e-15,0.0,1.080950061067944e-15,0.0,2.6316348050654867,1.1706243916310681,0.37122182272789356,0.26283058808844373,1.530671203771888,-61.23162838636373,-28.051348033394042,-2.312597219515374,0.8707218092581895,-9.263311327351902
11.64910601550564,6.311670304281654,4.129605068112026,1.6003989522441247,2.5137941107396164,0.0,1.1257602211542776e-15,0.0,-1.1099462649043807e-15,1.4132874540609096e-15,0.8060781706710933,0.3458254253535933,0.4784548665469351,0.09707311059985677,0.32662771321480205,-6.5708559349422515,-1.0520410671069373,-0.013770826918593304,1.0873593373858852,0.6739013897259238
13.502213638000812,5.934369099203964,6.401752418653035,10.065813045055684,5.231445097088129,-1.8418458201262545e-15,-1.6463355166115163e-15,0.0,-1.4117940251416014e-15,0.0,2.3131336736556922,1.2916083810772059,0.4422129490123412,1.4223423730824065,0.5843861405653422,-11.461718328248086,-3.021286540127619,-1.2154779101720432,-6.109390111490531,-0.9246769991034223
33.80508531186888,19.820730560217555,5.454127996780995,0.723889006295519,11.270876971800845,0.0,0.0,1.3027613876672123e-15,0.0,0.0,3.0236984412417836,1.4788072171976605,0.8857535783376642,0.09652557551968631,1.781915881381844,-41.92896127212777,-17.84692248102689,-1.416452109078113,0.7442233832586865,-7.897261594691844
287.1142938361605,189.61630928039386,64.04683213982159,29.884700312022787,80.22825182631063,7.919273972928043e-16,0.0,-8.875289684384749e-16,-1.9020909785713855e-15,0.0,19.63851869473813,22.41729001887549,11.29012459714629,3.1300436834318304,8.018002240013566,-733.7365542690922,-445.73434862721473,-120.5287863599749,-35.97119704478272,-149.41139609073687
30.026863113462014,22.278196084766748,14.209416295668708,7.32742871400688,4.021073135533233,-9.46542744841756e-16,0.0,0.0,4.848513465588886e-16,0.0,1.647629041115957,3.203375473187027,2.460467022186624,1.1361499055926683,0.2509139519892291,-34.131162886075,-25.348402812107576,-13.500528724252177,-2.8569317514541397,0.4199445657211403
51.01043580845336,41.363720392024504,28.69159614975851,19.155179084813838,15.11351840769186,0.0,0.0,0.0,0.0,9.402744173699186e-16,8.592721429860934,5.589699315138841,3.2855579899690586,2.0162420585463208,0.4592858161104757,-86.1467898092413,-61.34830199736248,-34.34966045607283,-17.42643385072246,-10.494347427902586
12.310904814615823,8.152089083677657,1.5562401331651627,9.009763107509126,13.433592081131291,0.0,-8.716081589230531e-16,0.0,1.5772728478685597e-15,0.0,1.6657863526620345,1.581367047579589,0.23213912863931377,1.2053981534130833,1.0889114144487104,-9.09857028011934,-4.605188253701619,0.9050160247465718,-4.684269625756396,-9.138277572901297
264.20392961277264,165.94636150674984,49.93234775407136,6.4904331181841375,62.23511138854656,8.605991431561203e-16,0.0,-1.1384086953166175e-15,1.0947539599004333e-15,0.0,17.37564054832626,9.3069085213499,3.1678557594126713,0.7825848380450032,9.020935555793766,-659.6133656495292,-365.35255098043376,-72.95486269279193,-2.0175552563414287,-109.37932461946923
9.498030930587305,8.86846919099855,3.7497110707930985,4.269747033604759,2.239405941478536,0.0,4.006005548743956e-16,0.0,-1.664133097740501e-15,1.1898402204564814e-15,1.5377431392056895,0.8504177146372158,0.6284653586650107,0.40492954060136693,0.3805692692009051,-6.668531749105801,-3.8724108897933,-0.032015372292283364,-0.025528907337526066,0.5838858119903986
281.01529722187644,185.27632095015665,67.40437083109933,24.75016772080841,69.71720967937121,0.0,0.0,0.0,-5.741720571555721e-16,0.0,31.34922694198446,22.250621877468987,11.594572663477633,2.2927825270108304,7.644440281696944,-731.4488796693769,-440.2795849446263,-126.59804951978761,-26.069057318460438,-120.64159392566793
5.806995634821902,5.298317540382602,3.8803774794884545,5.273203574332959,4.129049947834869,0.0,0.0,-1.8311175639896e-15,3.3686483261267856e-16,0.0,1.6358484195566683,0.9277350940237816,0.559165968664641,0.8120064791220878,0.1269248286284873,-3.4579911330978805,-1.7680306299601627,-0.0799270578419146,-0.9628880920683985,0.4604575276149299
11.926780369524195,7.6111390278267415,8.33018591479067,11.625828074712377,5.925692344650878,0.0,-1.8671127492542626e-15,6.397300819827701e-16,-5.347790194338214e-16,1.199088130860366e-15,2.5147182422683825,1.0448532426545984,1.588272904104712,2.8752577967388566,0.3113427274829522,-11.067974422820361,-3.2294178690564266,-5.086897451868265,-10.864392986812538,-0.7577471827226211
83.80348744635269,74.28519262171297,42.57450657971589,46.98948374910466,47.914792938676854,0.0,0.0,-6.675757798199637e-16,0.0,0.0,13.496693878007672,16.83767038820391,6.845635959601764,6.124193268608129,4.693711429800425,-171.22830641875873,-147.07850749688922,-63.607599482902366,-72.69969666781287,-72.89819297847436
148.01635994178298,126.41881427018284,78.10516024994408,58.40218339583189,53.704300212431384,0.0,8.992873282187574e-16,-7.277805804239255e-16,9.733098243183982e-16,-1.3230648811165868e-15,29.079610594351486,10.721169198714716,11.284562454979596,6.859530509980302,9.864263494669084,-359.2833121775306,-261.2472051172302,-145.646373519735,-94.55746956450963,-95.347595515137
14.83298717431666,11.18138885131182,4.995945251552155,3.572116277898213,8.318643341955468,0.0,6.354691221356979e-16,-7.111194178312369e-16,0.0,-8.541569899702811e-16,1.953451055318632,2.4963416138432284,0.8063121988786256,0.6602945928677034,0.8292248229273964,-12.04151432223497,-8.930034953912877,-0.808091076608371,-0.2374042074931031,-3.760028921971463
14.960395216025848,9.36188129907439,4.622200444842057,1.507832712518504,6.0677215218530405,0.0,7.589743055494109e-16,3.8430978071980813e-16,0.0,2.927551689711962e-16,1.5780130124935867,0.7818269989716402,0.3974601622998469,0.2644866612468139,1.2248787624930162,-12.033874324468542,-4.169658753363225,-0.05874166848806499,0.7041328808383109,-2.207609891798973
229.33009835952356,169.90838478927117,155.0474435652273,207.47173365399647,237.4495471882203,0.0,0.0,-7.332390338560392e-16,0.0,-4.787831312708267e-16,36.443342281958415,15.877390124551827,8.61488592341104,22.621662994072775,30.985570355719755,-595.661004872864,-384.734797326644,-334.75505964776164,-500.96165856020883,-599.8109992186086
73.45183914858477,55.95937441289519,46.455365187000304,48.812582928144984,44.76198249747261,0.0,0.0,0.0,0.0,6.349519803330601e-16,9.09164499972432,3.7702738644985927,1.6319473727788938,5.740685130367008,8.580770029422158,-131.81836852212655,-85.98583501760027,-64.7778724931819,-74.90604446378741,-72.86330542436805
98.18648056023805,92.7689509692998,85.5697084946335,76.64701016302052,64.48307947665278,0.0,-1.2254837047714233e-15,1.3285874139532203e-15,1.4832520861520298e-15,0.0,5.587018555282041,3.5382154116652713,1.4881311512723068,3.4468022584429208,3.257476509588276,-184.17473056467324,-169.37857946448864,-151.19933879614373,-131.18683100573307,-103.74461911925951
74.63461743285289,37.42960243375793,13.956910537228158,24.690979979596502,36.812171036198635,0.0,0.0,-1.781841023145405e-15,-1.1510968561754297e-15,0.0,8.906719095836957,3.572480594190591,2.837480443214068,2.3742574668007683,7.903312676938017,-134.70538745275266,-49.145708135427974,-14.02907616179222,-26.0810698688013,-57.744236524662526
16.30245478335027,6.721448084689188,7.11927087953234,14.510170564726437,13.416430610019235,0.0,0.0,4.990277429974509e-16,2.448429991193202e-16,-7.944095822656532e-16,2.5617911518338876,0.6526953861009003,0.8154227697759827,1.515416751758932,1.9240364312778544,-15.64320570432702,-1.8158643145500415,-2.273643130793207,-11.017894240295526,-10.409387387292552
129.20321608792102,81.39352884642045,61.28433681325738,64.88001730518857,74.78105283758718,8.799071816002916e-16,0.0,-5.797099003659214e-16,8.761313763746814e-16,0.0,5.643981648631013,7.81527435324247,8.046021819962256,7.538866331683735,12.583788136754531,-263.23215915741014,-150.58181861319588,-105.62224864545584,-109.57866739528455,-143.17802708637964
68.6359036495221,49.84976423537381,27.19475300613399,17.95274008888737,21.20709579959269,-1.656375623786336e-15,-1.1402946379527998e-15,1.828955441955594e-15,1.2120919244033727e-15,-6.700990484267507e-16,9.677638482520878,1.6890804216383504,5.272875339222616,2.8522013714662453,3.1561966984507106,-125.24776438842375,-71.70375943998249,-36.87911957143038,-19.250064479118603,-22.07915778110538
235.41659163118507,211.04315728328004,184.4301901175698,170.42839301494698,153.65208234421226,0.0,0.0,-6.164220600170906e-16,-6.670651275321561e-16,-7.398978001933884e-16,20.6803399416692,10.175681493341092,9.982378677102918,7.55217575864691,14.42929917525714,-581.3164059330322,-495.1010761978844,-417.555680908597,-376.38286060612523,-336.0463083900573
919.6214740844315,650.9549727245422,572.5319475105272,577.2183694001733,599.2857840210336,0.0,0.0,0.0,-1.3786946262266222e-15,1.5176310301747571e-15,102.51273541252995,66.87764807825162,48.388229973244385,83.0778391262803,72.71834301531956,-3067.8718163424514,-2060.546556231196,-1717.459860778311,-1824.7169459389288,-1864.5958838432841
80.99790351105028,66.21167369551897,57.39057928553635,47.83428987308078,35.24468301480846,0.0,0.0,-9.90466023665556e-16,0.0,-8.064112654513675e-16,17.362930429348744,8.700797047673214,4.078985867665129,3.057754261474329,2.3388280342034053,-168.1428329762459,-117.17960449884279,-89.2388851515334,-68.96738367481692,-44.290304457146725
10.148423434956111,14.649349786484409,4.215289308100813,11.006491802410276,3.8895543576134335,0.0,0.0,-2.107040240377455e-16,0.0,-9.133986447178456e-16,1.5345524495645384,2.7269093196085854,1.051170566935082,0.9720112329158805,0.33934703507973013,-6.564281313361219,-12.825625157011064,-1.1631068404559204,-6.0546844119190695,0.33419269762701365
19.141458722579436,11.39313393948902,9.959197083381502,12.2760848477018,14.13925314923701,0.0,0.0,3.56726917748095e-16,5.788023987901326e-16,0.0,2.4206118836435007,3.125336096622858,1.6690730468885648,1.3501199497740553,1.7327279343169975,-18.864464244925525,-11.638040137070886,-5.964836859294656,-8.535528106615537,-10.871840342769273
44.552893999495836,33.151495151275775,33.812661374290485,29.97751747507786,24.275267627182025,0.0,0.0,0.0,0.0,0.0,2.6803386753823055,5.146148750338536,5.26106853525477,5.379787174317528,2.537293408988771,-61.84793178166182,-44.35813771948353,-48.105152807027864,-41.20358703967041,-27.334591770819596
21.303164172410188,8.700430644109193,9.399247461633275,11.095810574939767,12.623621626196734,-3.335385907978529e-16,0.0,1.5119140945282265e-15,0.0,-1.1257351603212996e-15,6.526009359833075,1.4075350833882967,1.12330966658348,0.7070336055750198,1.8266397422407377,-30.80842550299587,-5.622736913514501,-4.736702787120009,-5.83706940871502,-9.534904374758009
771.2667695782156,589.0958733341826,472.90651551989816,440.5719191860994,355.62771222531813,0.0,0.0,-1.9232018843577554e-15,1.5482626028227764e-15,1.2787174206445022e-15,111.34449164346282,43.27551162910706,61.24720821273274,46.02084573306557,48.25379155230555,-2554.6332392644827,-1778.2971454855085,-1398.420840012364,-1262.543641312113,-989.6994142825732
103.7098149189499,97.5031036877343,89.97761213986632,91.99484306337905,88.72507723949032,0.0,0.0,0.0,-1.2357957678485573e-15,6.406691392037221e-16,10.200219254068992,7.53010753541171,3.6822255803004156,9.58076925232466,7.501476911263614,-208.61878619501016,-185.38294594112847,-162.7541614258217,-174.3967610578279,-163.3515106238007
247.6267756212667,232.84169567487947,203.0059070180273,175.52188192592973,138.84634247243974,9.182111864630877e-16,9.765161466643737e-16,1.1200347752592285e-15,6.477074907936088e-16,0.0,18.260243904128334,3.840383035126648,3.098636430697071,8.578641289548399,4.5929757380607,-611.5795968598743,-556.1875746096811,-467.5572370231537,-391.52954732124323,-287.8679534799698
6.944144726561549,6.498363659336403,1.995067756185088,5.0730531178897795,5.669238895873214,-4.796370474733291e-16,1.6401268988830162e-15,0.0,0.0,6.266650151904189e-16,1.953344803920022,0.7564076466242384,0.37390508872641043,1.1258615528746356,0.7912300448533057,-5.112128979232472,-2.099136553154484,0.5539463526475785,-2.179055158357289,-1.3963329379061789
14.511790728523646,8.016985273921431,7.849374800803051,6.9335062502463645,2.9357973264211674,1.9585253096669677e-15,0.0,-4.526110383258844e-16,1.2809946189470387e-16,6.050679396066101e-16,1.9632453034326478,0.9432612561166681,0.4378291413804054,1.9561981304198388,0.5976489411015025,-11.67161105642695,-3.6571275742658043,-2.389610708952809,-4.711696479338749,0.06269628600314556
124.06846659481488,93.01059639951498,98.39317652629947,137.79448479751227,154.9217914282439,2.2908084713599435e-16,-6.111499233554472e-16,-1.1554341645960452e-15,1.6500927143590368e-15,0.0,19.704208524138014,6.987038204022062,6.98332645965326,17.716324868964065,18.984360387106168,-272.0749772876859,-173.079427795488,-186.59756618027754,-304.57793417637015,-349.0589189671955
12.082971624663742,10.58972616369456,7.680311821984851,7.74112461305377,5.366077888731159,0.0,0.0,1.3877224367235496e-15,-2.294701258787128e-16,-6.620689733671685e-16,1.1669113186187152,1.063826892199092,1.1094623191543198,1.724407601432651,0.14374857856809564,-7.4809800810526665,-6.411610486607977,-3.417787918355006,-5.471502260057686,-0.26374707374597195
25.983503493357983,25.663436351971626,24.17705975282547,22.517667609851816,19.769022964899914,-1.6407550335351787e-15,-1.1074787117595214e-15,0.0,-6.310979876523509e-16,0.0,3.029525046267883,2.631493860674456,2.4763240410685716,2.8961816862924583,2.4309150163675888,-30.15199324706154,-29.53602120923837,-26.856908209744756,-24.82439722938304,-19.81919285201825
583.8683613879408,413.80508072340444,415.1667538079377,322.32003911661167,190.7222691659274,0.0,1.098940955706695e-15,0.0,0.0,-5.960858069631558e-16,65.16765711961747,27.257853947807565,57.103167180221135,40.37276715706251,38.245918696138574,-1782.7650974012804,-1152.6363597244642,-1220.2679854300889,-877.7978660295898,-479.6773646530257
57.17850279400305,24.34270415041116,15.11174216792148,26.74314706240242,58.89841298248891,-4.970698434129848e-16,-1.4594572800329146e-15,0.0,0.0,0.0,1.396819596735986,4.627947205466851,2.339465632417405,2.7596471511163676,6.973385957842503,-86.83692563864543,-31.011266160628487,-12.610271770208739,-30.445790999072937,-99.78114040288777
32.431047822409184,22.402848938089974,16.014519480454325,11.861558312709747,14.558872458627688,8.763734550311135e-16,0.0,0.0,0.0,9.760958312936214e-16,5.121313441881588,3.952130805356867,2.0955647301434452,2.5035401888949864,1.4433002303191123,-46.092142570688814,-25.16785607865071,-13.32579238337277,-10.823705501550183,-10.821736055483955
397.8679524532496,340.65420965262035,333.84437286381046,328.1063013780754,230.4217443555697,-1.1429604925013356e-15,0.0,6.810768547414984e-16,0.0,0.0,48.18946629073725,27.727093280053467,29.475889781003996,30.480735707269808,11.461814078850779,-1136.2827374147691,-908.6994250902225,-891.1915169830277,-887.2561381371382,-553.4118142136673
30.740626309862368,29.674241727003388,26.72801341413036,25.976117016180662,24.712792484753273,0.0,0.0,5.316839113710232e-16,1.094147728573134e-15,-1.150080851766913e-15,2.338741870142183,3.1458275816460644,2.2889917865908567,1.0584911862624855,0.43974096023611475,-36.0365060089504,-35.502145992014235,-29.13746117662573,-26.923494081059673,-24.596922681948545
37.71730942457219,26.203374962887132,19.867111268197686,17.7800875935155,22.263970708403665,-1.5070910340114421e-15,1.0846583491881786e-15,0.0,9.990709157406502e-16,-3.1914465980315977e-16,3.8997036941059346,2.32325684619812,2.731604888619994,2.4069035219213895,5.599694357590089,-52.267362250463,-29.163095667918444,-20.869157559566993,-17.145015328636514,-29.38158662085335
36.938190561426474,16.046987799185803,10.73810074249062,25.31585958328325,32.09577575550586,0.0,0.0,1.3234048605047736e-15,0.0,8.855280410391206e-16,4.900952842592677,1.2477025285561478,0.562132551794134,3.5050025756265444,1.8769594197425032,-51.897458329359225,-12.616199460837002,-5.338339563755445,-29.415203498212186,-37.9747627739378
13.286696705912261,10.996107678507718,8.783624363210405,5.284217413512678,3.704818634818102,0.0,0.0,0.0,0.0,0.0,0.9557900697587112,0.5920443351538783,0.8672990546883478,0.3976864023368622,0.4735190001600586,-8.546372010051892,-5.627737185792686,-3.6422067212454605,-0.4107293153874794,0.12394542628789058
17.539220421359392,15.454302788034639,13.53522151533844,14.252341831710892,11.449449467495604,8.102329735189325e-16,0.0,0.0,9.970891017771845e-16,1.2411823603873606e-15,1.13357488324825,1.5083867799636006,0.8710026320136567,2.0605177412226947,0.5651327695363474,-14.192943115085964,-12.024722472242003,-8.921097777612989,-12.199602588687082,-6.140550289632616
75.70974102584009,58.11906480933358,46.67209689112187,56.652500217077616,59.26313395794557,7.508072024894008e-16,-9.780511618225367e-16,9.134486553081298e-16,-5.016849975111323e-16,2.397924943572228e-16,7.0235878374605925,6.734518849968623,5.814652661349413,6.623629751773945,15.945487240343958,-135.70096092467912,-95.38989555234909,-70.31001751400785,-92.52285733615446,-118.21938828381172
0.0,0.0,0.0,0.0,0.0,0.0,0.0,0.0,0.0,0.0,0.0,0.0,0.0,0.0,0.0,0.0,0.0,0.0,0.0,0.0
32.451889273920486,27.69097290326047,19.392672574011122,16.216090381417597,13.897111249903892,0.0,1.0263889798923425e-15,-3.66397531360544e-16,0.0,1.0225761641866602e-15,7.374875244977547,3.714114750484432,4.648354778149275,2.046844658134924,1.3533644097769388,-52.259206535613465,-33.50150547694444,-22.93297219314027,-14.025462676337112,-10.526907854146614
129.9119961625408,121.06185925452468,120.07094231805563,102.33372357047453,88.64967640837885,0.0,0.0,0.0,2.7773551512401216e-16,1.2824281184953176e-15,10.02599435279052,22.023203742790535,17.82935905864966,9.226311274722978,3.922562924451623,-269.4110894761868,-272.59132572852394,-260.5982596634377,-199.05876350291555,-159.8915476148642
170.7258030219587,122.42680602752468,88.47601501966676,21.015657185542864,26.954423133496398,1.3318061559446132e-15,0.0,-6.023180990934307e-16,0.0,0.0,28.604477822468667,18.36457491439485,23.76374366482735,1.431911520435377,2.257041672245081,-413.5784690186448,-260.2536384328741,-199.33442922287136,-19.53626527180034,-29.47116980450398
118.81427169173637,89.74595184470691,56.759399926201134,16.189481639195677,5.780887461379661,0.0,6.333814249267507e-16,0.0,-8.777831824335066e-16,0.0,10.370154492021936,5.216374940170078,9.475325517636247,2.742683932854884,0.9349758761083783,-240.89378563172542,-163.2671400178585,-96.21191068538913,-15.10048204438893,-1.5760740157125959
16.923564288159174,12.216656566061948,14.980967280593564,10.35660180143889,4.723573344199439,0.0,8.724269998724509e-16,-4.742969679137752e-16,-1.3721542053714593e-15,0.0,0.44381724356401486,1.3899794221587352,1.7031158861558224,1.282508348193011,0.8938222436201977,-12.912223448185332,-7.942672480655821,-11.736450266796393,-5.949830350426153,-1.233091309951302
73.68313569124787,61.35103845471211,36.99807163804121,41.86638042132988,15.154831808998976,0.0,-9.265274116389812e-16,7.681943455988383e-16,0.0,1.2893528268522188e-15,11.732807869944402,5.882845066696744,4.934933280003253,14.303605479213475,2.312956348776841,-139.25567515644687,-101.7156428915744,-50.85109813371348,-84.0066415447624,-13.510165691466353
10.650281927065683,7.810737144212181,4.736386088271558,3.0300019584590636,6.30660880697465,6.671586166694704e-16,1.819399943030007e-15,0.0,-5.862560037101869e-16,1.1266637229413876e-15,0.5065789931655043,1.1482384954500813,0.4849167872146552,0.622362620796347,0.8858300703695716,-5.218436240111465,-3.568683952249519,-0.19974433490352325,0.15262710301009894,-2.0705044982793814
55.000673164000865,42.73899747109117,22.304203495322326,18.25019603166895,8.534724072453493,1.0335040571469453e-15,-1.3300129208519019e-15,0.0,0.0,-1.6650631695368662e-15,1.1023046457265016,6.978676660724683,4.769878568098222,5.370175078256452,1.0213738599095892,-82.1197625485803,-66.04636027854725,-27.948057742282327,-23.79028711104566,-4.23880776576025
63.23415803353082,48.49381383746022,34.328788446674665,18.409708332385737,8.551838892225648,0.0,0.0,8.27926376561569e-16,0.0,4.1543271845663755e-16,9.48589461772471,5.9597908108599915,2.4503811992224303,1.3284734004631824,1.0436787126957232,-114.59085859100605,-73.71260233986523,-42.27966287574118,-15.63595759135945,-3.8420301184248773
61.53407135675356,43.95513720048268,35.087032399823606,9.636331674442719,16.213738838079834,0.0,-6.466072282011191e-16,-4.050172882467383e-16,0.0,-1.7529398810626176e-15,7.123854993658117,4.080114092976459,7.580369475283152,2.212093789098443,1.3987221434186072,-102.81198992292904,-62.34177600937205,-52.68027188446239,-7.365601792108877,-12.8109363550129
674.011379684034,497.9223571500277,288.03290375017616,95.63293704221641,93.16552449796568,0.0,9.132896813256476e-16,0.0,0.0,1.2202672429982236e-15,85.55701764758182,64.29901821183677,39.14842680675722,10.912216071598362,17.70477642659082,-2154.3285857951246,-1477.7511959785377,-758.7384286888772,-185.25236408902236,-197.41141814315029
82.31716636835996,121.03369478363382,52.83595016738865,125.88267593120764,47.48259137331897,-1.3810829835040768e-15,0.0,-5.379236928712682e-16,0.0,-1.4964278806387188e-16,11.038201177281111,17.8497030357956,7.011284934946009,27.080647036819748,10.077901262362086,-154.85383933879746,-259.9623962160596,-86.72257938349382,-292.7184211289935,-84.96585065622904
73.63577470837409,47.065394368220915,40.01218765049276,6.2260788758263015,21.478429703896037,0.0,0.0,-4.4395394096337895e-16,0.0,0.0,10.280053990809341,4.5347126846741626,10.144678526074635,1.7076885076705988,5.279987186869014,-135.08835369634207,-68.91741312890805,-69.46734089183592,-3.6304266534058134,-26.981994510469825
40.268703969101146,26.142335170093183,32.65361537245328,23.373401075140993,19.429880110673476,0.0,1.0871909202250007e-15,0.0,-2.1374739580055177e-16,0.0,6.320784660079416,3.158799619142967,6.194779520351024,7.032954829361292,2.5482712526013858,-60.74420092226975,-30.22316726278631,-45.245942462945656,-36.11926756549483,-19.747955751970732
268.3779841567522,190.36528134662984,130.9187713457358,68.60838501959128,63.331348272892164,0.0,0.0,-8.683769069401595e-16,-4.1425999784557127e-16,-1.1219447479602058e-15,36.85221706241092,20.24387633297682,19.003735453486584,4.334904058968622,13.244446724912827,-708.9550162722389,-448.41048798196687,-282.8983295924072,-113.68441831171671,-123.90506707563173
31.225405934237813,23.302471758384616,21.380318072227276,11.312370120649998,11.004541688304695,0.0,0.0,0.0,0.0,0.0,5.284041054592082,1.4385057451388046,7.718460048056245,0.4727334952415528,0.20325245354192054,-42.713635685526434,-23.017023554945006,-35.64528227652444,-5.8963014657345925,-5.4222222365768475
79.14009165602609,76.58930377167593,48.46706588793694,47.285786289905005,31.671076276767945,-7.182632427047448e-16,0.0,-1.1728256666545164e-15,0.0,8.97402702138434e-16,1.2194473180331404,15.737944620373854,7.134292749569309,9.96099794751173,2.340242953436433,-135.94683711223894,-159.73687146732172,-77.93596463593177,-81.42171273848771,-37.92639327519085
55.74001901678017,42.73836199564411,17.671158500972528,8.379021372361068,11.756116654850642,0.0,0.0,0.0,-8.480020567842055e-16,-8.924381996821061e-16,6.720522421201312,3.2573292644553167,4.119461573217993,1.6406192472546444,2.088945389239698,-90.82074274265933,-58.96410646452712,-19.463238742539186,-4.888363440387047,-10.111132298788178
34.4282588863562,26.172376224113364,15.577488264606746,11.858926586702223,4.576535887701139,-8.255343241208006e-16,5.429715129231993e-16,0.0,0.0,0.0,1.1447251703446633,3.541828830609255,1.948518267214713,2.3554124580382267,0.13705523928965838,-41.5640175306583,-30.17261321965935,-13.302224410964083,-10.236621843924876,0.22017798824156604
83.17553595197066,58.85129730823584,24.543833125248806,6.490574481793914,4.477411491411637,0.0,0.0,-1.1579979901821423e-15,0.0,1.9836872742292907e-16,9.765391502471928,7.305507163689944,1.0340860034314612,1.3760358666421817,0.589868528942792,-155.68113794320203,-95.97514248619372,-24.573416937609572,-3.5773923838748822,-0.44267834576581633
155.78133266857432,129.03108431844964,65.27008515334668,52.47446825097197,29.52818833440368,0.0,8.810810071241136e-16,0.0,-5.416292985470617e-16,-1.804740086946608e-15,22.14318693380046,7.1893798164730995,6.228307840300646,8.259525600008155,6.401339145511055,-362.4769576809733,-263.6683403492738,-108.72407229264272,-84.78228468743563,-44.27542903353828
17.300545783406466,12.677877323317201,12.159418056011003,7.024924760945301,1.3404091377255052,0.0,0.0,2.9217793667717663e-16,-2.5286489177447317e-16,0.0,2.1634804603787465,0.9559599969218744,2.2286785382790613,2.162364771079108,0.12772952722732103,-15.456569107705906,-7.933635392772435,-9.170170266795383,-5.488402096531398,0.9932486748531308
16.304674591982188,11.17924626900102,16.81670579770487,9.697444826591074,9.743607847752472,0.0,3.177954571634973e-16,0.0,-1.4654225901069159e-15,1.4584797476716982e-15,2.751806283838372,2.4882311995893,4.035618693237821,0.7477885586328583,1.604121577436366,-17.264455050959008,-8.841522970295827,-18.480212560681267,-4.53087168159268,-6.873355008153197
77.37945580479101,26.195545957262212,106.781915655485,1.8683349035137702,98.33278561045873,1.4692121641229871e-15,0.0,0.0,0.0,-5.780718862779996e-16,9.19056459075703,4.105282399788794,12.023639786272087,0.04604227076440927,9.42270140292426,-140.06242501058904,-31.2650953173684,-212.10944314189678,1.1333756403148443,-188.54657522667569
36.69104214864734,27.502300544581,15.032488717671326,9.539790155716101,10.160130029803629,7.746225717781038e-16,-2.0668605074933753e-15,0.0,5.586150671257324e-16,8.741801700320283e-17,3.615694054991512,4.532087805468738,2.6861115112315734,2.0180053502667796,1.4553093442215865,-47.97775652149961,-34.98654209353273,-13.191163509236283,-6.432985367139392,-6.564982427628192
9.731967172019326,11.077061207602867,7.067524253107049,7.187396150673759,4.020723572444411,1.4602242757312276e-15,0.0,3.7701112351032737e-16,-1.2357443517522905e-16,0.0,0.6405803249612466,1.351106751756552,2.0275772225281257,2.3758248446396912,0.5191338140905264,-4.361731990024759,-7.339789636259976,-5.07047778986383,-6.215003898748908,-0.03977420147694556
44.77458535514184,34.58905229180351,22.039055470523344,7.950619939172495,4.765754035104271,0.0,0.0,9.672048832270952e-16,1.7873895147704767e-15,0.0,2.6025016215197163,0.7531581356357634,2.1385443510094175,1.2879561057627682,0.8225244648664995,-62.143130350542506,-41.692243047147,-22.119225113728795,-3.9600934048169543,-0.892313778187397
6.073749347750935,5.39809950222654,5.336599691273707,5.17833557995643,4.317870673499512,-1.1698585092636543e-15,0.0,-1.1650206681357771e-15,0.0,0.0,0.8376916813198452,0.8901726079133111,0.7137240797497544,0.4988711070195982,0.45680319861338814,-1.7927134979567532,-1.2901901918829741,-1.1171810811119673,-0.48069941431232,0.02411275354311486
41.656475652440236,29.483447460481806,33.06160465909081,35.79784255406664,28.812911281724755,0.0,1.4459830114083046e-15,-4.298295518845757e-16,0.0,0.0,8.015921942860237,2.4212917151683326,4.26595171757153,13.641224368316527,3.445376955754668,-67.96083810352977,-34.01186661618465,-43.49805150211766,-74.83077347875323,-36.087685896236245
15.514315355294041,13.57010219494706,13.453957514700605,7.679861365188167,7.657762788081673,0.0,1.0472179583506404e-15,1.0562583313998404e-15,0.0,0.0,2.250832692847388,2.059525568410104,1.7321841336600352,0.9702443737081331,1.56487818361213,-14.246821266468556,-10.371342997636901,-9.677809364677131,-3.2008744891106757,-4.125569373100909
81.2233450204377,57.31911495686486,54.07411718330316,16.024863823395087,34.147527364706924,0.0,-4.958504584690916e-16,5.256065361928826e-16,0.0,1.2484817331069415e-15,12.936265373963927,5.058129486041686,8.335507090397977,2.3416748757046766,2.1474868350045333,-159.50869294770473,-90.19557358264082,-92.11076870375102,-14.8787332086191,-41.87268850039093
28.265803071458777,19.89752044745563,23.853468836471244,12.496782714122672,15.49168908563309,-5.027578618330971e-16,-7.142022923272934e-16,0.0,0.0,-6.808243230055739e-16,3.6023448367765156,2.014364465979949,4.721919105784756,0.6812819460582972,2.6819866286040823,-34.58522466014869,-19.702988178039373,-30.939989873569733,-7.394394502970691,-15.79762315047973
60.499444318142004,55.61214194641148,46.4895487554153,39.48118338986596,32.89656233933523,-1.879138544211797e-15,5.110702166047031e-16,6.113569649800769e-16,-1.439759753386688e-15,-1.7279440409139325e-15,9.719457942056081,4.296992489241862,2.7049655057401694,3.2980435338633303,1.1418407253952612,-105.95971238122658,-85.7607019894821,-65.64035244097664,-53.015693233629236,-38.845367297658186
51.23019855277639,52.64882061632363,52.846492403070386,47.475520938089176,51.62839808696137,1.1095685838939114e-15,0.0,-5.37816383604538e-16,-1.1973205925414724e-15,1.1010107027737452e-15,7.00499909763403,5.2027407253281055,7.069017648648157,4.463631034274673,4.734827562435882,-83.41627052507246,-81.19929253685675,-83.44553567096902,-69.36425053257781,-79.70375356245135
161.8008866160561,149.9240068080046,131.3736428123446,116.38018979370176,97.15695538665608,0.0,7.582964205806309e-16,8.653702164901329e-16,9.768572978196716e-16,-5.85067930901992e-16,17.324695176192208,18.793867751546184,17.197831391946377,2.2401390840110613,9.173850276607345,-365.0684912712282,-331.71360533962803,-281.03657759276564,-227.92556896254786,-186.28415683976536
177.70788037884614,167.02591004136397,153.96385386388602,128.88061167131855,107.37438882833558,0.0,-6.806539038970749e-16,0.0,-4.4105485009471064e-16,-1.058789148531243e-15,10.06044781778087,24.29931765340752,23.67068932731962,9.385802486251707,9.540619169617491,-398.5806219218362,-388.96899305873757,-350.6323197674686,-265.43673459251636,-213.15173848649604
31.99811407400402,28.565743279053073,32.74856243123469,29.09580875016939,19.68935358883937,-4.44115383873427e-16,0.0,-8.678765515305843e-16,0.0,-7.217532384230849e-16,1.8393805716695653,2.700128811780931,2.262491351577997,3.695844952134713,0.6213325679928497,-37.711009061715494,-32.62237094899822,-39.51600471023674,-35.44693691307671,-16.91852330175643
42.70881729067702,14.16276937860819,17.008213071932538,27.73084125422171,43.3343806650095,-6.654763871583077e-16,0.0,-8.355289679815442e-16,-1.0249133508013256e-15,-4.91902312798367e-16,5.359818108879901,0.7614072020013603,3.967499498374155,4.403584867022369,8.472218955068001,-64.21225347009921,-9.472984943570363,-18.989824732707596,-34.98121658153714,-74.02354498253376
21.935234142100967,10.104265605444082,4.923321592478617,12.050346623023609,19.273070066556205,-1.2957103282455211e-15,0.0,7.216091031363865e-16,-1.3267013850088595e-15,1.4746851089242432e-15,0.8369171400450934,0.7667240124963163,0.2663772260758143,2.5062387484962807,3.5867986286226103,-20.426360453035475,-4.906472136104975,-0.058511219581464116,-11.331204855676107,-21.8364471009452
65.94711990957008,58.38136028697393,45.88250389302956,36.563411171201054,36.15221800239918,-2.154886329333051e-16,-1.7038997124671167e-15,0.0,-7.773265272576699e-16,1.5723355855243985e-15,11.598130715641936,10.009019479865348,5.1633734957176705,1.5773428793244202,3.8321583417577276,-122.16221485595413,-102.93984426285009,-67.62322815086071,-45.77597648254351,-47.96689295311521
89.85484987483561,40.40421418417064,43.15238598330279,48.895040822334444,20.84598697807536,-6.326138092711605e-16,0.0,-6.586358733767674e-16,2.9064000103484364e-16,1.3634139491834265e-15,10.915021301322076,4.4178539296983645,6.59301434566851,9.561263525411848,0.7696772532333287,-172.15255258414862,-58.12720875200168,-68.55247094593764,-81.34906564775825,-18.72620295042329
146.76718212931075,126.2554564773953,113.30060182570705,107.26417682964967,91.93579796343329,-1.5492133332838816e-15,1.1255636082347305e-15,-5.017044741585007e-16,1.0598770352022226e-15,1.2365894487241417e-15,24.33213641577262,16.71811792127992,4.443258448274252,11.716100124475657,13.952406981193793,-340.2262620266734,-272.37188690949205,-221.03864121678086,-214.03343782470353,-182.69815265313628
654.158553559212,591.1014721301719,489.5980385405494,405.4601958533773,342.14435147435705,0.0,1.923304932940177e-16,-9.288177547484212e-16,1.1215585538041572e-15,1.329109625591894e-15,97.16456740105643,76.99661437818484,49.41200298372039,35.88371068182332,46.60473395578837,-2093.3106442060775,-1835.0797826027688,-1433.4063432580235,-1141.1447565164967,-952.1933297581958
13.734904280830255,3.5210270003874555,15.00562915812553,31.72499408187105,26.658236287468437,-1.8106420869865874e-15,0.0,-2.367587284320372e-16,4.47938766466868e-16,-5.330755779174436e-16,2.7857351558713623,0.4976787814870576,3.2931645562481395,3.1764722467751136,4.366008831945813,-13.49117825483088,0.06622462127617115,-16.532191505491046,-39.07211057025556,-33.594221680704095
33.90789431145509,28.743322090348943,28.694088724739043,33.446278012697896,23.37054633588017,0.0,9.888108737419422e-16,0.0,-1.699543932488613e-15,-6.080668594976088e-16,4.89979067948696,2.816075720743494,4.981225135638121,3.63560067152513,3.4169768173702817,-46.39121378704965,-33.18155313293606,-37.132786438232394,-42.89798640546197,-26.421835239663263
39.631653110119615,34.55392536373232,17.75410504579683,29.381666875115325,31.722872910432883,7.171467047168608e-16,0.0,0.0,0.0,0.0,2.7837856378443773,6.576712528088378,1.8879379743747748,4.442681521048012,1.7492328312271144,-52.474187442716584,-52.481862561700346,-15.581963171099975,-38.29772473842249,-37.195165266051795
307.85142794841664,270.8599967387614,214.5471959871979,163.69433316528892,140.39271247505388,0.0,-1.2591763910186913e-15,-1.854621917544889e-15,0.0,0.0,50.04428281876586,45.20059010702144,38.25081181288638,15.167972817566842,20.768498417467033,-853.6708850306109,-731.3953727607594,-555.1167495771432,-371.4899216739334,-314.67594890328826
13.897699229439612,9.12899055732605,10.481068405567335,16.38718358068144,11.431143206048407,0.0,0.0,0.0,-8.671932333726296e-16,0.0,1.0976122498415268,0.9333424088303959,1.382099266871572,1.1320665690442266,1.405790875923222,-9.494780444918446,-4.190040136297532,-6.5681785717226955,-12.704406343220736,-7.185710554943394
96.46427432825227,81.92041657932546,85.8086765461419,74.91595243088258,97.20910002587827,0.0,-6.938858618445281e-16,-1.3248874390981105e-15,1.5175250935573895e-15,1.7542622710942367e-15,10.303501354473816,6.994702423862459,5.873361546092456,7.177030084568725,13.296861350143141,-186.3217116545311,-146.42691092349597,-154.29472086841776,-132.12522692701833,-195.83556032864425
24.79527813298023,20.941036287990308,15.95947196225704,19.03724721770463,17.502268825884478,5.731274575339459e-16,-3.393063867462933e-16,4.452169454230571e-16,-3.732381723232001e-16,1.6238871493260654e-15,1.1257627569114212,3.69899463613582,2.105514400549116,3.0639485465014067,1.7707058098783073,-25.077718250970573,-22.585476060817783,-13.257580909642963,-19.96672390556004,-15.999266340486427
35.79629198568574,32.88089289548049,31.037593408723414,31.826320920066955,25.117631619370655,3.969923678375586e-16,0.0,9.157188528159471e-16,0.0,1.131544162327998e-15,4.16655736364657,3.0597501985174973,1.7904942546493048,2.515604284810494,2.5939210547837286,-47.465391611829226,-40.93283448752692,-35.99982961573672,-38.597766894102435,-27.50144896637694
23.14971381753982,18.460186976385707,18.779221238867073,12.686441840305106,14.081420060813844,0.0,0.0,1.8918322722816123e-16,1.1201607900848766e-15,1.0091918750970545e-15,5.08117689247432,4.770995543181117,4.536578399024565,1.9037474292163625,1.632146543109832,-31.71192896590776,-22.7772260426448,-23.43455950163797,-9.62472720729531,-11.312076360770355
213.1243132635344,179.0667357985581,151.25981671236596,107.68325773469837,111.05236342090802,1.3335742410233478e-15,9.523279453435884e-16,-1.5031994642410773e-15,0.0,0.0,43.49184385242199,26.286236577060926,5.71354184222489,8.00662348550756,11.04289668622215,-573.7561180813964,-429.7453698098831,-322.2004252580964,-211.06459099194154,-228.29878435472068
7.27656673313363,8.118843502310373,5.817662453977989,7.559313120060565,4.332849399988326,-9.764807522820686e-16,8.75177278091272e-16,-1.2213543521663874e-15,0.0,-5.124678575849637e-16,1.2698506171853414,1.105647999646245,0.8203856787901355,0.7388735335010708,0.8080199888367279,-3.444659244733296,-3.8484670599627737,-1.435991436926397,-2.8831068032670912,-0.7527099511023825
39.83019201830753,33.53209016055729,33.608840679031545,38.157491516121084,35.60304936094712,0.0,0.0,-8.456617025810184e-16,3.724263349229361e-16,5.987206841946739e-16,4.0866710062069505,4.113849266365079,2.24978437794739,4.38309600259666,7.6252100292993825,-55.12118797441807,-44.32806560684198,-41.166540765565436,-52.01211863608569,-55.76450361342853
157.43687237416572,98.99037498914446,87.71822035836334,124.67069036028694,89.26582856803728,-1.4442212425489117e-15,0.0,-8.100286723297103e-17,9.118970737474175e-16,-9.551821750718868e-16,26.257478050262552,15.085898070833698,26.625023781990084,11.873754106343624,15.25660623436641,-377.4986671386421,-206.14699233007218,-204.11090340791372,-258.94773798755847,-185.90354713592467
16.83109651703464,17.365328474468843,15.111632174819992,15.702984165281277,14.398667344469256,8.443213845764173e-16,-4.0917321938641518e-16,-4.701958911784883e-16,1.8099559377537528e-15,0.0,1.7297098469109797,3.353013139187162,2.709368357584773,1.5384492483381305,3.254294774934925,-14.743098519647283,-17.33177113775969,-13.743618846427616,-13.001695086253063,-15.904949724395665
8.411284151767966,12.254268179724498,7.386377920751606,9.248407107067157,12.823236161098965,-1.689498827859124e-15,0.0,2.4049092240591667e-16,-7.6828661145024635e-16,-1.1082112609227747e-15,0.8285019831945261,1.891418270801032,1.143106616807294,1.4116903144836395,0.7971797814751339,-3.772055732686632,-9.669700581541385,-3.227999551507528,-5.221320779966425,-7.864118988710855
95.55894913558402,89.76792959942165,74.19150051368713,64.28532399195934,38.655127669389614,0.0,0.0,7.661715758171156e-16,8.842363284646097e-16,0.0,12.061257446517804,16.938045469582253,13.642463567048752,6.016845447830503,0.2895269392005643,-186.81751486270633,-186.16661895920438,-139.4013991764922,-106.61790154365464,-49.13909581362168
8.565889898226624,10.098917298650463,6.310882580930619,11.768803278192026,5.628908872334196,1.6590050635771123e-15,7.035830819755811e-16,0.0,-6.037510517970497e-16,0.0,1.1103628380876263,0.5752999278667215,0.8643809107839776,0.8115583675765484,1.6978007160065487,-3.965425746793706,-4.668193678091603,-1.9297629642088026,-6.70440655804503,-3.434246542035792
4.211978673572362,2.4627159055856023,7.808302555269615,11.291031762101253,11.614435757127193,-1.2652178301940299e-15,-1.4425998836255176e-15,-9.099836113299349e-16,0.0,-1.0706071423376145e-15,0.7739176259379319,0.30192289208147094,0.987423947235091,2.353250087775197,1.7690737973532464,-0.6842028233446619,0.7099995050730281,-3.115633740114603,-10.00242350413922,-8.474274219671848
44.62376019401077,43.74336628621911,42.77143116889179,37.2871908268873,38.027305949007726,0.0,0.0,0.0,1.5244757676896105e-15,1.4948053100851145e-15,1.6512742348480078,6.051057230857187,3.1062018688391597,4.788078569810446,2.2576800110330963,-61.153861064796104,-64.56215120780558,-58.94299466625058,-52.81344950094012,-49.03545749023284
100.09381320858715,63.828612879984426,40.9373684428196,66.98050164744286,77.82366686774587,-1.1358028441248627e-15,-8.905632802594266e-16,6.942729958351578e-16,0.0,8.217146376189672e-16,8.2847006733598,5.7471383558793265,3.4113290349325647,9.505387801344721,16.264146668280596,-192.0874525457337,-104.96269317115845,-55.449207841160195,-121.26301931887727,-160.89934541029416
71.6744434984043,54.69492728370571,40.480843833450166,37.881511896291705,36.731956989251955,7.930779241009876e-16,0.0,0.0,0.0,-1.0639196402805483e-15,3.306225806230119,6.4711918277450735,5.848568351962191,9.261312238953332,5.654673966104639,-119.81420644139219,-87.4925639379946,-61.2190634602706,-61.00758819786658,-54.71454798250309
247.05920332166295,142.94982888904192,72.59551640440573,98.82924129985986,152.25824217595064,-2.30080151221081e-16,9.941148461417544e-17,0.0,0.0,-7.46671156167945e-16,42.47901488546753,32.456236921538945,6.507035409751366,9.707405654370085,13.34451527281564,-656.1415401807429,-362.4793084895492,-125.6431070678105,-191.23044628267863,-336.1277000965364
121.72286606571889,39.20674966273424,43.07066632937929,146.24511778276124,232.69609594985923,9.33980947016445e-16,0.0,-6.598855288899265e-16,7.773718497084554e-16,0.0,11.097033519514756,8.009928194815132,7.572991044051785,16.103291786319563,24.880907051513486,-250.135285207575,-64.06430357094747,-68.35615991566395,-327.7306657537696,-587.4679151395244
141.9462525543068,73.78817935984112,39.953934646501516,47.479965863272014,62.34395324637009,-4.00457340985881e-16,-7.703594173749839e-16,-1.4227239285376714e-15,1.1972085031505693e-15,9.117711646576993e-16,27.2561827939756,9.428671571503351,3.42634605154837,5.095933307076245,5.360802663794999,-337.7412994853721,-132.62008338226875,-54.899321183557504,-73.41572241444375,-102.81324438823357
106.39923051553416,46.162065400415706,22.199389743060912,49.87626822617247,68.96385056569153,-2.136986088541644e-15,2.462776237057024e-15,6.401461877862671e-16,-1.1396886912838349e-15,-1.6484989859045588e-15,13.212732863008652,8.008502132824479,2.8173131693781848,3.5603258089902283,5.817145398632912,-216.75668786523585,-75.12724389239474,-23.101803492645374,-73.3338500154082,-116.76707297625238
91.74319489773343,54.18799152247166,31.471890666257526,47.42830958996374,59.25667556268208,-1.1617364152493472e-15,3.933764930918907e-16,9.030823642532617e-16,-1.1985124359742436e-15,-9.592745175297372e-16,17.70985073710198,9.318818734944939,3.118349672136819,4.347967001051148,6.861012018015095,-194.6475487436951,-93.08028381829122,-40.08454008062729,-69.42468902794425,-99.20661570849485
89.22635538584146,31.930323158401404,16.714505377245814,75.9375163161026,106.61847491623641,0.0,0.0,0.0,0.0,0.0,7.393828574193688,3.5397999151337447,3.4839039977366846,9.446842798762106,5.395945959730101,-165.32040145327292,-41.384457838926934,-18.289669479641542,-137.18914272076051,-204.92230092073567
42.84749787431528,10.193996182306332,7.723810565223835,56.36470705621272,93.80031422671789,0.0,-1.3940415967457113e-15,-9.19938066528058e-16,-1.0084931126159828e-15,-6.060045675691015e-16,2.855291889764908,0.6513014514259664,1.2476322319949174,4.8161098391059225,8.31965852448601,-58.637195593433276,-4.909997338202566,-3.6965339883664035,-88.23185308477693,-178.3996322196069
34.245542905744706,14.440382536182575,17.962783473116623,50.664084902816604,71.62572528551202,8.299389356632525e-16,0.0,3.95563826076014e-16,0.0,0.0,5.004888963603332,0.5954746900103611,2.978346331669468,4.335195986325714,6.94069811215047,-46.7361513742695,-9.694120403712722,-18.20882244244407,-76.95255878629415,-127.0807525778267
111.81460666362156,48.89786170080538,16.093174872491986,51.306099150879106,94.93895200727184,2.0334881302874287e-15,0.0,-8.830361210759335e-16,-1.1079271237059938e-15,-5.987365318342054e-16,12.211156751128486,8.782160560275747,1.173728816247939,2.7025506073936394,5.61184173042632,-227.49608380044103,-83.41223697620524,-12.335276543863923,-75.36135874845297,-176.20418594355846
164.79322490559665,79.09903616948709,34.51255932344608,80.95959638167264,121.62801410940445,5.174067583182315e-16,-1.077954074035905e-15,1.6470357451060284e-15,0.0,-1.8694186294837416e-15,29.474845824250867,15.800222701161157,2.2564428635313503,6.697907457017721,9.825196966867452,-399.69491114740435,-161.79153386634877,-42.809628246438095,-144.25745093021843,-248.82701223238553
264.34573640445166,53.26530367711551,67.33440258662641,390.4484481367542,566.5915327399132,-4.3006873977976333e-16,0.0,-4.220978925867677e-16,-1.1646796217440445e-15,-8.026017414828016e-16,18.81254157587702,5.392961835446877,7.64601473853207,22.003763590573136,29.85044556033996,-661.8280380631699,-85.33511918349788,-115.7645677328488,-1068.1201531229344,-1679.7181640100698
14.115230377235575,5.083083326148718,4.225494659840086,17.094802707465245,16.873834175535396,-1.3843150066410457e-15,6.989288687290266e-16,-1.6815610785483532e-15,0.0,-1.6843658136460383e-15,3.1947799326859325,0.5777071844110944,0.6210559108781006,1.6701154375028755,1.6387503518995967,-15.487858327229823,-0.5768379685476376,-0.34551647220677384,-15.174502492212671,-14.454944723532051
67.50855643189378,40.062968135931506,19.886550039439584,19.527100871913774,32.26412317016545,-6.3151349101378e-16,7.094259550108886e-16,-1.4291925635184206e-15,0.0,0.0,13.432978407744873,8.021095544961629,3.0033420778801507,1.876470151287632,3.948539162155691,-132.16017846097938,-64.98558258393273,-21.46532090743784,-18.013696478080927,-42.078608635713906
5.115732342673056,1.1091513824592008,9.423094041722006,10.663372993950722,10.96218126663124,0.0,1.6015458912936912e-15,1.5080879647684242e-15,1.332679136635636e-15,6.481764153298436e-16,0.19418333207487828,0.20194550548702797,0.914445446875157,1.112466517572937,1.5312980761234993,-0.13044130903572831,0.7272285211126178,-4.775456590225986,-5.977042006084149,-6.830125154384843
241.6744965718037,60.11102690801553,56.143270700220015,299.3388530338334,458.17682502794884,9.408261056444458e-16,0.0,7.593530553865459e-16,0.0,-9.925149550257687e-16,26.172255100310526,7.200987556349475,8.512471094287328,18.732735254642982,28.69068781786974,-605.3760372446618,-101.80998309665075,-94.64881957770599,-771.8624375585149,-1303.4562568602448
21.867588853153112,16.54199248115234,6.620071541079785,7.766451127543938,10.681072881910165,1.2997184838833226e-15,2.1476939267433478e-16,0.0,9.148872813222765e-16,0.0,1.6611662467259198,3.1115214242493177,1.856860631191184,1.3422798606270072,0.8437167251352479,-21.045746678017053,-16.025458049977697,-4.257608656482548,-3.9968280690960842,-5.728208542550487
231.4952171037149,60.512815596157,52.21538819167519,231.8933118762086,351.2093941230985,0.0,4.696808295961855e-16,5.44316731421626e-16,0.0,1.2948040641733966e-15,1.7173012578373488,7.94203304258756,12.491384735113376,12.688394013023956,20.96474555521416,-551.7282170756383,-102.59549731436512,-93.49253824247323,-557.7332312028254,-938.61713536309
22.83671079116864,15.244266597150407,4.376939653657271,5.601448131488331,7.737567463570967,0.0,0.0,0.0,-1.2684982866587853e-15,-1.8366049513762233e-15,1.9301887203467707,1.7257556753004786,0.34275560958836454,0.4703872947363888,0.8112967366483148,-23.22216931154513,-12.315658227962007,0.1786147560019066,-0.7226488800969278,-3.1680818180594468
131.12561198089512,82.8770978155904,53.51239586399673,61.40652590328919,69.40988193355548,-2.1675177717794006e-16,2.1433627458249285e-15,0.0,0.0,0.0,28.857167748916428,18.47641666028484,5.340498504696608,12.262757186743645,9.192904553746635,-320.09655946958867,-180.27154774710422,-85.25424465426855,-117.13370584524263,-123.42885435920927
36.32397994472738,14.798208664043457,6.940790599711092,20.008979179048854,26.842080058787232,7.824503117128709e-16,0.0,-5.118600867959309e-16,0.0,0.0,4.0015411792923175,1.8905599451903417,1.5936128638692018,1.1532169686346816,1.556578130055211,-49.14552138491298,-12.064580602898882,-3.696461161305369,-17.786703892331975,-28.773465626869495
87.6306358450053,32.63502314065747,33.55864034207116,124.0184412459947,151.71891371494942,9.730059295931937e-16,0.0,0.0,0.0,0.0,12.975675775462596,3.883178979060054,4.442922635861311,14.731177719497744,9.683349378150549,-171.76019340938785,-41.83012078103812,-45.148650436349364,-260.8339634972823,-326.0066249996296
22.700768128438412,13.452572015490553,12.639235434813237,19.97703909337556,21.10705336349823,-1.878022977213622e-15,-1.0563671169229417e-15,-1.1243444897038575e-15,1.422718817215947e-15,-6.732751592781652e-16,4.698285020387179,0.7299909080185648,0.9326697963499205,1.2825066317082319,3.904954165997254,-29.65961133803738,-8.624604587012143,-7.803264122055179,-17.864759409389993,-24.64332754251542
117.76772259276225,91.02500996871629,68.30455271221673,60.84283369500693,52.61849259621583,1.4480220286853409e-15,0.0,4.1610270914372876e-16,-1.868532920269717e-15,-1.0802935632727729e-15,26.164885853517802,13.529664775977242,7.27403686173729,8.861310988882298,7.4947669960839125,-282.2504094054463,-180.78366902419134,-117.30115306439632,-105.71215883059861,-85.56671905192047
280.4643691100142,201.3695783908125,143.46547220908838,117.00626854244473,117.02563589334257,-1.216056478928575e-15,-5.645680873452283e-16,-1.5848668808049843e-15,0.0,0.0,57.57008745314811,31.98237278099841,10.630324972898679,11.49211744541804,17.34087265443873,-799.8293378086997,-505.52297392882303,-305.8977121313226,-238.3124775400124,-250.03707977940738
11.97098250267623,12.303490011259262,10.522437225152865,14.392176708343188,6.829860689695716,1.1871084693361658e-15,0.0,-3.376322046671928e-16,4.937006751370669e-16,-1.0403473336317148e-15,1.749066688074393,1.1486621493088276,0.9411009939254384,3.4191408778903756,0.6267011380455809,-8.732360667713262,-7.910052977817292,-5.5909026783830145,-14.19612862428652,-1.8226224231519865
11.05155476957955,5.829410968588868,9.177397089383524,10.989448406375793,2.431414788149215,0.0,-1.2188928514197757e-15,0.0,-3.232840764545843e-16,1.4611713707247849e-15,2.0351916768888265,0.030841216687359875,2.354019377397588,2.34640626469982,0.2893843641991172,-8.678552469004453,-0.5571845932226357,-7.155184423051125,-8.3340485080575,0.8234013305281126
9.912977122970439,7.974320476840039,5.443996872832232,5.642010835750805,8.093628674541627,0.0,0.0,-6.52592894850839e-16,3.1484463449525855e-16,1.7558075971414415e-15,0.828664228182225,1.5773809438963489,0.051927490916907314,1.008463698222949,0.5893791344278565,-4.770029138747519,-5.22860244296151,-0.29166352819406516,-2.117782151132572,-2.8192795095049514
4.493069300214878,1.2431754436748452,0.8673542548400631,3.983535449343315,4.107671215126487,7.907097445905396e-16,0.0,0.0,0.0,8.64897284309816e-16,0.44213427885033807,0.1586059190138965,0.22891505884163696,0.59643607379731,0.2901822109422673,0.014609134201147076,0.8534940023191812,0.5726495264829705,-0.1544705263568927,0.34391360628551987
90.71076500321237,47.706291913334525,22.869501682694928,62.625821765354196,96.52222869424929,-6.26644686094258e-16,-2.2341164255154393e-15,3.106944548327256e-16,0.0,0.0,10.563168155605444,10.568485973682971,3.40039839475777,8.620116999163523,16.16882897899785,-175.3436303218973,-86.82461793076307,-24.832986552858998,-106.3449643647475,-199.02394628292492
69.86155218144927,60.132028194060645,40.629956296042245,35.273050039374574,37.996432187303704,1.6273162300537024e-15,0.0,-1.3990519321908578e-15,-8.057627395044501e-16,0.0,15.040623662014847,4.53305990662019,5.505108142818976,3.5857886457469195,7.722620098792519,-142.79237127914564,-95.70525959764068,-58.87520649312947,-47.758308031740576,-62.07619128530915
18.469138791798247,13.000960264176122,21.903335878557826,40.51171900187205,52.38975622600662,-1.346516263262221e-15,0.0,-1.2975972969591044e-15,1.4031351979455938e-15,-2.170020361064042e-15,2.2762549790914064,1.126871502393508,1.752565937171809,4.18490851306662,5.574267118090333,-17.357171868378384,-8.549141876250108,-21.205949079828105,-57.10031887777804,-82.27363861701848
18.246458856057277,6.787148528005843,7.276191744801357,11.947835145986772,20.176725491579067,1.1682421362393086e-15,1.0468943368900568e-15,0.0,-1.1894083356159606e-15,7.043191781110879e-16,2.7020774486718286,0.9628114244817744,1.1590457861451262,1.7949739123856538,3.7591053431858237,-18.60083395018319,-2.644264190384577,-3.1707434975822766,-8.237885108452048,-21.825220592220862
32.709414829375206,8.980938754724512,11.74797610636516,36.00891763808653,45.913184609912236,-8.68915252035614e-16,0.0,4.536160501138075e-16,-1.5785928205929993e-15,-1.238063082396947e-15,3.3600302999192486,2.0808652163857464,2.773055113404826,5.377266990721644,7.166211837080841,-40.81466290226173,-7.514097010516272,-12.121617711081822,-52.042932911368496,-73.12128744236254
45.794009468040045,50.52516419735756,21.652325224604745,29.538457886594838,11.487183243933025,6.206425198527269e-16,0.0,0.0,-2.405483517413274e-16,0.0,3.9803141491095997,6.321111254105052,1.479061198538821,5.656200736131572,1.56672527917273,-65.65107241055482,-79.67547972968484,-20.483003540490962,-41.96728100764269,-7.983744350722497
11.715363941947778,20.862767660312173,8.01731828808863,31.510611119688722,5.47543248394951,0.0,-1.362317305794064e-15,0.0,-9.019726504969406e-16,0.0,0.4471450511574321,1.0859049154844802,0.6503917334051851,4.226230239069872,0.7382747651517574,-6.322579213724702,-18.96237078222318,-2.752482194999034,-40.53738928131349,-1.225582119748268
35.77318495821157,31.646253845017302,35.97315791010888,51.180474263624575,53.22132149481655,0.0,8.981065995866364e-16,7.900810237851588e-16,1.9436315203728868e-15,1.0680572609671904e-15,3.1936707842464274,4.309009386288994,1.3118114558513465,9.016948734990864,9.547576199760282,-46.43609588194348,-42.046871682755175,-44.450326859772304,-86.55825813538381,-92.67140662394155
9.3021399045633,6.631121897313424,4.315210978971961,5.509260372153889,5.644750735701207,-7.638486875600883e-16,0.0,-8.233001111910606e-16,1.28972436908497e-15,0.0,1.2565320950771204,0.6201033076165057,0.16027676560493756,0.5269315123907908,0.43408195208748623,-4.931549465768963,-1.6673346386930392,0.3443003962042688,-0.8894457953835136,-0.6917543239159502
19.170956931609727,11.081641807410422,2.589971110111356,20.222178176383252,20.583085014296856,0.0,0.0,0.0,0.0,6.904142263091879e-16,6.676687728858299,1.6986465720202306,0.26442865562015966,4.294482480113773,3.388306401730265,-30.17902708220904,-7.737161765279453,0.8729887735437378,-25.167987288418455,-22.486568501841273
27.92702206303276,23.478097457562974,11.395942838932422,11.533549923422916,6.058242333754681,0.0,-1.2105627162412409e-15,1.2470100031261025e-15,1.2321318943044485e-15,-5.86426472081822e-16,4.326404378919262,3.0587141484011826,0.7999650178882892,0.886575434228184,0.17047789668968671,-34.038251336780476,-25.984859235493957,-6.367774623501254,-6.566117573833555,-0.7593530090995027
17.470804468251895,18.394945982299763,8.16585198298959,13.469746396157992,2.90963977376306,8.134058589589334e-16,7.725412582823655e-16,-8.701391321324982e-16,0.0,-1.2210149554718755e-15,2.9165399874772615,2.19106119592838,0.6244736021551232,0.8678293387404745,0.2882275671202888,-18.1526582459559,-17.10111005944605,-2.9888907076272737,-8.757132830554813,0.7575187691097566
56.83118627800155,44.3313108456197,24.938243467405584,15.135941611361432,7.9331301891346016,-1.0002152441926273e-15,0.0,1.9944464640508794e-15,9.388814439225218e-16,0.0,5.126561417803693,5.1135780663256085,4.858751376511992,1.1068001691445946,1.4082602884262523,-90.36387878028708,-67.15260859820734,-32.81981284544583,-11.196319602546826,-4.671153040472959
25.597197322653845,8.863160498418203,9.802804185969036,23.891416134280167,16.835798004991716,0.0,0.0,-1.4496724045087328e-15,0.0,0.0,3.6981164425967035,0.7769991132478572,0.8659553540235766,2.9042106385043325,0.9913690337344114,-30.77434251757473,-3.7168037997492367,-4.9334643291919615,-26.57725698622258,-13.15849815020469
235.51145852190297,198.3581084524379,133.29770486661755,119.65594780030295,115.71221560932486,-1.689531093403892e-15,1.7194180556860232e-15,1.7057583674883996e-15,-1.9002287777846375e-15,0.0,41.609960151299816,29.554558462685478,17.996719402615845,16.43002895541626,21.963339917331734,-626.3812454174157,-488.3234192722436,-290.64441627941966,-256.90608689221864,-262.90760102543396
20.99312779169364,9.992025280795065,4.798304898303921,26.271664489727094,32.36366585031018,0.0,0.0,-1.4808203122132964e-15,1.352298663904491e-16,-8.781980867637592e-16,3.461197044366419,2.649158575228636,0.6855918119283541,6.387330250547761,6.273797949040833,-23.428727103573905,-8.54595748205069,-0.6313266709865764,-36.44310287792399,-45.76253071187736
41.44225342193005,34.69105416184294,15.751960915323464,42.248774593631985,27.71292076903504,1.3716295366971554e-15,-4.096403253964151e-16,-9.021641681054278e-16,-3.363613466162864e-16,1.0255761082448203e-15,4.2471447727365454,9.076445444475825,2.233992466705748,4.381899186108575,0.34397302014976927,-57.884206439669896,-55.51684015913361,-14.290161365108888,-59.99612789109691,-29.520336865315794
21.772650145413927,13.54771610854935,9.156751421735727,8.717290318855976,4.714052423353794,0.0,0.0,0.0,0.0,0.0,5.572185357275544,1.9043318513030327,0.8887324871269374,0.9931563330183557,1.1021034264662377,-29.380662402139414,-10.84175523611865,-4.481915348056336,-3.9174247801330875,-2.1391575597631656
138.98219846570913,112.14408330478449,54.97423044272165,40.86566434298007,12.167005787909098,-1.6359913568307213e-15,0.0,1.0340011747874105e-15,1.04323678156304e-15,1.1679829008813304e-15,11.756504060642676,11.948655881977512,4.969184282037638,3.662017835146785,1.7176705080779917,-295.24904079779736,-231.46880041453193,-86.84326294147135,-55.715625804463876,-8.901279136822106
81.59148166138974,73.81161277302826,73.76011554941374,86.92270965376495,73.49152556460452,-1.393366505996597e-15,-7.701148467735331e-16,-3.853262595740322e-16,-6.539535995510226e-16,7.734690282192934e-16,7.6736461293628,2.533734082666068,6.7531487380735165,12.935810916781753,7.079302248433851,-150.23262975457905,-124.14256468244676,-128.698584108947,-169.36742621243508,-128.08399391356943
18.80686625073428,21.424789094238793,21.170766921185255,59.983099064463765,74.86809973794482,7.556205550537781e-16,0.0,0.0,0.0,7.592475174309587e-16,3.035811527372793,3.623889397098796,2.8058179929064493,9.097719916319475,7.724380066839176,-19.335002572706927,-26.16002013090174,-22.304106221739456,-105.01513582910658,-131.7093815185795
11.761169390123893,11.505755819770425,10.50275566279144,8.54958728303135,6.499289757838984,1.2082858637454166e-15,-6.175541588838252e-16,6.765298161485087e-16,-8.310842526519823e-16,1.093262128993547e-15,0.9878215827835793,0.6981263792257327,0.49124747067898067,0.36141682962545935,0.2806707838599061,-6.880022960447563,-6.249889946436598,-5.008589091544264,-2.9662010767810107,-1.1521788320187623
37.983776108298045,27.249452383854692,17.064781340209944,12.691882707796495,12.13277558745651,0.0,0.0,8.327592620080516e-16,3.848902027238161e-16,-2.049736729435131e-15,2.121383186209201,3.948516700532439,2.9831633220632514,2.80790615756875,1.9634462472607639,-48.801533039970195,-34.55539733740277,-17.110211523344297,-12.15402000457977,-9.347828770396124
30.897711149947238,17.964919370093913,16.7292379776343,15.09290436525248,14.698777406805586,-1.8397291173105256e-15,-7.910335928842922e-16,-6.37096623925765e-16,1.4123379806128135e-15,-4.83402609683113e-16,2.1117967597548586,1.5550424822249331,3.283047626610199,2.1962737965682075,1.3345730699862977,-36.30297634935296,-15.476748132471764,-17.859059130276094,-13.102201016826484,-10.670872720774174
26.770870721686887,37.1463110053811,37.88137809273615,74.13481041992169,73.0290486105635,-1.0616654843198577e-15,1.5302574420532243e-15,7.502818234549377e-16,1.5335149179941224e-15,1.5567344760009848e-15,2.065720450654244,3.0665846411581494,2.1347044838280635,9.625196440744512,3.331142503420307,-29.55262893847193,-48.4300723521317,-48.51067627443556,-137.46783475605957,-122.90295213626749
6.925176072474738,3.470653268577144,3.667208533727753,8.270798430511068,8.81830945210198,-5.130142023278443e-16,0.0,0.0,0.0,0.0,0.9295582287488283,0.6998852606487291,0.5754288015372686,0.33965972884940904,1.9602413054208918,-2.488790653030604,-0.3871358967711124,-0.0771909199218359,-2.7031235046386723,-5.667252023186877
54.94277652607658,58.44045896646896,53.03088244330233,59.10112858867824,48.616008196545764,2.586482812432557e-16,0.0,-1.0718927583673877e-15,-2.404498028134833e-16,0.0,6.776596027309023,8.631621997139195,7.29000748196949,8.675221459390839,8.854660798732285,-89.60938752168775,-99.32596446237999,-85.62817674439677,-101.07878379319438,-78.73526697244336
66.76869027951994,32.096730970877104,18.00013946556639,25.022729347337176,65.26256361749554,0.0,0.0,1.9737145290439066e-16,0.0,2.17748950202017e-16,4.476591302810586,3.3836707555784864,5.796439107542819,3.7917630403182687,9.415044260581622,-110.4102575564502,-39.84760335513415,-25.0959337387609,-29.520239983569827,-114.3884152825662
56.23756836476319,42.30022731877046,41.93606831458414,49.07694823017542,40.63068299827928,0.0,0.0,6.777390101808797e-16,-1.1582508878548668e-15,-1.2241485457016173e-15,4.584460603981737,3.2135017029834407,2.185989842544998,6.355402901135113,6.95726314898297,-88.17543482548926,-57.98495348223653,-56.32032197751292,-77.51063543652567,-64.54401105289018
11.245103287965936,14.33424758392532,10.602726183580968,16.891990820402572,16.19406157264632,0.0,2.6333843207498476e-16,0.0,0.0,-1.7550698632893695e-15,1.528688854527336,2.3537588599658044,1.379880148084516,2.294555441532937,1.6264993927411315,-7.2548650422715175,-13.585478346791412,-6.130998057242288,-15.549644604064817,-13.82585975373024
19.163318149773833,17.784208063156566,15.261890880518475,15.469288749012426,12.926469526188823,7.415654535469747e-16,0.0,9.311332931453403e-16,-9.186495220156285e-16,0.0,0.7588059286211989,2.689515305841418,1.016178391096739,1.9890113666792544,1.719606729214903,-16.219598019601623,-16.83219173616634,-11.129502667573446,-13.509773126184704,-9.848035488780951
12.091452948409572,11.28721158253233,7.459070167395246,10.756453547013427,11.548715297011615,0.0,4.721334830338277e-16,-9.52588888178037e-16,6.605734247394071e-16,3.0762847532658576e-16,2.0248167334123313,1.548724854981425,0.7584747602553189,0.6226856706082514,2.243920425529383,-9.323721315384779,-7.495589204075551,-2.3751052829578776,-5.427307741278457,-8.687072055550587
39.658497635277584,22.373632420907697,49.66811721725935,28.445730642302493,45.622265870161925,7.166612737523857e-16,1.647448376916698e-15,1.1444649414062205e-15,0.0,-6.229789092740459e-16,2.4203959176893823,4.718621302069444,5.2597388958076765,5.262710361822058,6.691732137318715,-52.16330221452724,-29.77632243353034,-78.00265888028989,-38.64132156003062,-70.47220788602885
77.83104702143298,74.22645635785237,71.11474441942715,76.24206882057128,82.54578511408974,1.4606875028972583e-15,-7.658107587240972e-16,-1.5986394755369326e-15,0.0,7.316682790784857e-16,3.348884396486719,8.485026272133613,4.811848139545736,6.123559919282462,16.229007155725107,-133.86063412890903,-134.1674812914829,-120.42776678186752,-132.82892536584993,-171.63682883193718
26.72443895348915,18.012954562010897,21.75343962538577,16.423211391656334,16.0520577746104,-1.0635100508515357e-15,0.0,0.0,0.0,4.42649002225726e-16,1.590104409031428,1.317931249440635,4.596641063565577,2.500071182518932,2.0237011876212034,-28.62215610541321,-15.01861496306843,-27.702306989808086,-15.085913368225862,-13.252690109608832
23.961895995714205,11.504726334652336,13.190130017907004,5.094291305265513,15.340523466754576,1.1861210580117483e-15,0.0,5.386927458603235e-16,1.3947823027428285e-15,0.0,1.6524569627510879,1.7304820591557262,3.141738771964626,0.5945898937268138,4.982124873046384,-24.464115439831218,-8.228597504757563,-12.316011737582391,-0.8170029509251722,-20.514877197546856
0.0,0.0,0.0,0.0,0.0,0.0,0.0,0.0,0.0,0.0,0.0,0.0,0.0,0.0,0.0,0.0,0.0,0.0,0.0,0.0
133.8521467896586,44.13251623117385,76.33922784724183,121.41067244167903,109.93213764169792,4.2467319519450344e-16,1.2880167213455999e-15,-3.723080548741874e-16,0.0,0.0,39.36518864525468,6.375006804858967,21.347780680403904,2.7775143765974257,21.657956061919293,-340.10613268864165,-67.05720179975056,-164.30929184370314,-241.14152280425245,-246.89258244918983
23.675287176931164,8.712802293134423,15.092906974977716,13.502295795866509,18.035345016383015,0.0,-1.6310314680731336e-15,-4.70779245468151e-16,0.0,0.0,2.338145055801114,0.6717870304595995,3.962177999899509,2.4303128926117674,3.1669456064418986,-24.8784949837056,-3.440465157384001,-16.635661367387318,-11.450710461280021,-18.783606328706654
7.702017494090322,1.4891075893798125,9.524581536958129,5.045177447186102,5.638920823590795,0.0,1.1929002659506102e-15,0.0,0.0,0.0,1.3246608565721274,0.12950402721538168,2.556537805014726,1.583928267296693,0.40421316440148514,-4.060315503947715,1.0355347065387788,-7.826290745865704,-2.922255253675318,-0.6850320772057356
4.107514635803265,1.5406480313620703,3.0444803420878164,1.2032296410991405,2.0249137098742502,0.0,1.1529932880450264e-15,5.834679944696495e-16,7.381620177581242e-16,8.772506357866304e-16,0.6130228121730114,0.08141572760680417,0.7205262127954171,0.034460131940164514,0.20009408141058818,-0.3632700220580112,1.0930650109250932,-0.10338030212427594,1.0574786405261183,0.953103401412721
3.971008038298452,1.1113830023268267,3.805417239392171,3.4267935777355105,4.525743123835544,8.946629280364823e-16,0.0,5.83496081918465e-17,0.0,0.0,0.5047643195457626,0.1939001155555904,0.6681047129945791,0.5816196315423503,0.699745144333857,-0.03529344149971451,0.7712252210890488,-0.37219924746351823,-0.0011278095885706575,-0.6169481937170777
17.22230701634353,5.658793145853803,12.031407506254299,11.925600900435224,8.431148204816981,8.251423402054245e-16,0.0,0.0,-5.958129419995674e-16,0.0,0.6171825010319768,0.5678518547957775,3.2152672804070375,2.774078931105177,0.299323357467263,-13.393870248461633,-1.0643485777612964,-12.044848368357158,-10.52997545854922,-2.8190930744149294
6.801942029785383,2.9801907106443997,8.160440434795515,4.0463505111788605,5.089344976731994,0.0,0.0,0.0,0.0,1.396137890059791e-15,1.7137713539961479,0.4199818719086169,1.7565010031013548,0.8242032534044046,0.6500920942189347,-4.448866134485407,0.45295748043568224,-5.463978974428722,-0.8474922027457256,-0.7048938455671229
67.88318061924296,24.575680856608145,57.625720020989824,19.414433534065957,60.15458404731109,8.373711771056071e-16,-5.782486677833323e-16,-9.864244445033075e-16,0.0,0.0,9.602060129493458,2.78246168259877,8.183166655980123,2.074798498510645,8.041841531706472,-119.2120354295356,-27.01937264172509,-94.74102360643923,-18.224699446722944,-101.53058757207312
53.91303915878027,15.05048267640673,55.8716854917588,40.02901332557979,10.955725550245596,-5.271769107042679e-16,0.0,-1.0173922329440474e-15,0.0,0.0,5.0105474737824185,0.69123145490863,8.253944672177711,2.6683576564692504,2.986363195764824,-83.6202159046021,-10.541905949458439,-91.82526953792994,-53.3021259720257,-10.576091580745274
27.31559723330377,23.6758404685,23.15319437237172,18.781432775787437,5.730945778131757,0.0,0.0,3.0688756131550374e-16,0.0,0.0,4.035441867507285,1.8668472523309803,4.032387806607641,6.440254902353126,0.7478609109305624,-33.4155475919375,-24.044452495573474,-26.51682491537922,-28.257111009737212,-1.4038320608763466
56.727229987838626,14.747018560574508,68.3474476055407,18.791591250006938,55.26851899313305,0.0,0.0,-8.316831257382597e-16,3.7811738575350174e-16,0.0,8.505290445350633,2.004494830882135,13.09737096621196,4.278422218497075,7.508012800392264,-97.72329080964455,-12.153390132171404,-126.24846781501275,-21.403277686359388,-90.95540126613191
75.68049059332787,43.37574306384492,15.094848363726028,9.31060772896527,33.482248207627734,-1.5021947774165046e-15,0.0,-4.707186972925041e-16,1.5263079627973244e-15,0.0,6.97451367140861,3.8819724160473785,1.4066323745482554,0.8666771872557997,6.559917023316238,-133.18947551101417,-60.957618024552715,-11.494048284813662,-4.221204448774805,-50.20005523060439
100.89576282046015,30.633188011201135,100.11054197015386,26.93870513134628,84.21787534379649,-1.0563516978772662e-15,0.0,0.0,6.594069131159742e-17,0.0,14.642976345158127,5.825698530653246,12.145512089715158,9.532429026736107,13.128760238770404,-209.63929436303073,-43.40837040915883,-196.26880340784106,-47.86440358498802,-167.28375984291725
51.84710820640343,30.51919292801795,10.886235140711644,8.522939399943196,16.739316724994822,0.0,-9.312732973456726e-16,0.0,0.0,0.0,7.221904032889853,3.6255378424132823,0.8505643336421631,0.6797000991998744,2.3522286140996838,-84.17671851232195,-37.39002055459914,-5.938939415227309,-3.266408960200171,-15.44646601525828
9.007075808239136,2.191318373886171,6.465180330207078,9.958419140717588,2.312695574832482,0.0,0.0,0.0,1.4270191397244194e-15,0.0,0.7254587471507544,0.31399049714800187,0.7288171411411134,0.51240352761924,0.5512986337573333,-3.880305543835196,0.6759156154232051,-1.5846344989186176,-4.462645322173225,0.33988256952987134
50.84262485685662,22.606533325701758,6.232618453528607,11.140394600200576,35.41118946272531,-1.1180268332102475e-15,0.0,-5.700194397090241e-16,0.0,-8.026194505643872e-16,3.878331730160099,1.8000328473750657,0.6348804589685596,2.0373553051425173,1.9003243282367248,-75.25851975558686,-22.418486174765977,-1.372373330944522,-8.576482655742526,-43.89516240067347
175.99608192214976,82.65626047461623,39.42759453556854,27.86989809142574,137.30592760101794,-6.459623218879632e-16,-1.3754171440713714e-15,0.0,0.0,0.0,20.893553921079523,9.155256107297177,2.613331327110868,4.34977362266451,25.071252080604953,-408.81257923003903,-153.00464706986696,-52.023420353743056,-36.4359291992516,-319.3661052245623
163.85558883081296,124.47314039028453,71.29481059274582,38.6149033378963,21.675777051792505,0.0,0.0,9.96626163745496e-16,0.0,0.0,4.564272691346519,9.272088442628812,9.524062075821195,2.4672224123255373,5.12182612800011,-356.25152179891967,-254.0705316836282,-129.9854114067702,-50.12467018785745,-26.845162932071975
86.41581918271842,41.4135300754709,119.39230834858552,11.61827446325545,158.55116842130036,0.0,0.0,0.0,1.223146755582852e-15,0.0,10.162557973826,4.714208759831028,1.1293048055585224,1.5012858150497916,13.01815098513036,-160.87740128279916,-60.860865435074814,-235.4631367975598,-8.109943947279268,-348.67793869561666
13.034079528800472,7.360007895875083,7.689963574319944,8.02293970144514,3.7559289784646834,-1.0902844872015164e-15,0.0,9.239871280182707e-16,0.0,0.0,2.0154375763266272,0.6725205164249508,0.8257452090150926,1.2350719054373593,0.7085199487333832,-10.34345826075503,-2.290955664850415,-2.9808403530892353,-4.0697449096362766,-0.48780428573911283
183.34681701401735,65.66327472007652,173.0905609421545,22.409902822803893,195.75551855904558,0.0,0.0,-1.3136110612017634e-15,-3.1706640648038214e-16,1.161518597876205e-15,32.1150877398672,5.592045308628659,17.022375887562767,5.093727767162637,31.565589280839877,-444.37240570392987,-109.98112880541913,-395.9224357531221,-27.88087615267192,-485.7259455629485
27.193610130521353,7.129181819018425,8.958500258062578,18.6054124770557,17.26319297079105,0.0,-9.966679961290854e-16,0.0,7.638021856665048e-16,0.0,3.765262391947858,0.6490420984603466,1.379011447398842,2.80375002328412,3.0511867220425644,-31.886964053028645,-2.045935963970628,-4.604276009137422,-18.70138297826822,-17.789583787040456
60.2593489089286,18.21082056623472,75.9733144861944,11.464812228688269,64.24204252935971,9.433128616559869e-16,7.803522451674043e-16,0.0,0.0,1.7696641209634517e-15,7.305416959729809,1.010854870087778,10.721879332797187,1.4190651356111714,6.283715446758341,-101.29084675099443,-15.045037634872923,-138.01177275238695,-7.510945099846553,-107.15108987675625
68.52747753462928,32.675541784705985,13.457224448750619,31.755181669085474,50.482327564767786,8.294981940942316e-16,0.0,-7.590013724932501e-16,0.0,-1.1260062996873328e-15,3.067286646070722,5.784875112725171,2.7792775602387723,3.9067994998409845,4.57026868590129,-112.52287905828673,-46.510712499701086,-12.857008323747332,-39.962593470324975,-75.66372378175707
41.449629837246434,22.999767430797156,4.965091550310933,5.557418637504713,24.57932747286326,1.3713854402079315e-15,0.0,0.0,-1.2785481571694852e-15,1.1563257563406858e-15,4.408864723916108,3.112981312839254,0.5213608074328253,0.17470507931946613,3.5843256462051585,-58.42654376048347,-25.874816423677817,-0.3968080527288306,-0.4075988949335485,-28.98148565668517
27.764955988546458,5.953037313188544,11.735396722540964,30.778742182566244,16.920713855994396,2.0473080844881205e-15,5.967900908213205e-16,0.0,-1.846840216004843e-15,-8.398495971355022e-16,2.9340580108328886,0.2385627437086228,1.1269671039870688,3.40127670449272,2.5410430227256793,-33.613274749154584,-0.7209427494421919,-7.025481868973728,-38.05367579444133,-16.19840897904543
7.335120052305681,4.73010537653294,7.213044936548616,4.869444970796513,8.655267485824758,-1.5135717162204798e-16,-7.510855247382585e-16,-4.925400728891683e-16,-7.295931466742442e-16,0.0,1.2670769244970181,0.38634794268609624,0.8437070475803764,0.7100977206901894,0.9405901704056068,-3.9667767778451255,-0.15272447488601515,-2.3008332608422526,-0.6441780783965952,-3.7291357794941016
125.64963973047853,61.105068326573765,132.4339064351948,32.920765737957844,165.71268211496937,9.047923891025633e-16,4.651285107563457e-16,0.0,-6.812267149536642e-16,1.3720958018498734e-15,11.277452432580297,8.384401875489793,7.887826061428145,5.420699999430845,16.72043463340966,-258.8518337433425,-104.62056285084596,-273.4927936985404,-48.81574963955928,-374.28302128220224
15.575260293702435,7.535248692398488,8.233399339204169,10.72132147131568,14.356430754259762,-1.0264490771346135e-15,-1.0018934842942834e-15,0.0,0.0,1.979719744893477e-15,3.4338390321043555,1.7813105023352453,0.5479610607412064,0.8405514471066369,2.859871864967851,-17.63106885371884,-5.729056018676982,-2.8286591768821023,-5.634057110652484,-14.357326259711767
5.7456014461798155,3.4155055644067662,8.115164262582686,2.91488144232658,7.715473266547077,0.0,-2.0803442487833077e-15,0.0,0.0,0.0,0.4049154214001457,0.28892175453902413,0.6543963463288975,0.44132905947361284,0.6810480954286865,-0.7404649775306881,0.6217974469539301,-2.842084980991365,0.3080713909153579,-2.4788196080601157
5.433925058517309,5.492387163322329,2.2124012418260177,3.7048378330077902,3.6718560818577224,0.0,0.0,0.0,-1.438408577757996e-15,0.0,0.8721672959997854,0.5155659862576665,0.49510030851163683,0.8054483286097573,0.7505040109611275,-1.172149202873147,-0.7082864662067028,0.1701615349587198,-0.8051835957672802,-0.634459332536541
15.76739745200041,7.588106333290289,3.088539522962721,4.378474270459235,7.246752699632244,-9.012809348190226e-16,9.363900616980426e-16,-1.7973268860101245e-16,8.114044891778878e-16,0.0,0.9562011005456602,0.4197520857952122,0.7266653161565535,0.4183018389763793,1.2438858809525677,-11.697871244628075,-2.1487451464694534,-0.611098985062447,0.09790614974784728,-3.3524422372328218
147.11647574437177,84.94855053213482,87.76406331863741,98.15245788523107,75.9074934663397,1.3523432029361902e-15,-1.0037266999506655e-15,1.2953688949982071e-15,1.1582678638017317e-15,0.0,23.954869542683,9.552572429969294,13.270125827157688,9.881265974933934,13.438181108327493,-340.54013341244047,-158.0350962305561,-172.6637348424853,-189.6836595246476,-150.1912402350715
14.31703094849183,11.269296962639265,9.053367632487797,6.041273268194518,6.69100882712878,0.0,1.2610240694086588e-15,1.177257068204655e-15,1.1761473189780927e-15,0.0,1.4563493797861082,1.0165729528490228,0.9218160538056138,0.8259600853696332,0.6985893415639077,-11.306020982987933,-6.715619027170483,-4.121749897590819,-1.5943079273585135,-1.964422242928477
36.35925702048687,11.206972174104367,5.862405754597295,22.036528775561685,32.158670113204884,0.0,0.0,1.2120326799333073e-15,3.2243859411654967e-16,2.2094904212731718e-16,5.00711637722128,1.2053263749613636,0.9339848595356609,3.5731754640415003,7.426568667750071,-51.562690165132935,-6.588960179970151,-1.9348024529738668,-23.947447231993866,-47.31104450829439
8.107077364986358,3.6741925260356636,4.422619440764444,7.934652312439966,6.505907117563008,0.0,-3.021678958731789e-17,-8.033053095308646e-16,8.954932211032229e-16,-1.0921501382058715e-15,0.9758043843653684,1.3142634104665663,0.26390888553217196,0.7187985043721122,0.7979156277559107,-3.329251269142723,-2.0769736517771342,0.22146022032430437,-2.781735626761612,-1.9350474570640472
21.484311024943665,13.59017842988111,4.149957557117954,4.599702221089876,9.820359746264435,0.0,5.228354722685684e-16,8.56084340599323e-16,-2.413684563176124e-17,0.0,3.0509319951503837,0.4781935611436684,0.38816391523424043,0.7757842389737488,1.2334566925385366,-23.082310326091388,-8.571636414835043,0.07342714767682273,-1.1601970723829784,-5.309170934994382
47.419199693108936,23.808722323808954,9.849124473864205,16.49270011264918,27.450881704581818,0.0,0.0,-1.2624977894023106e-15,-8.616451289442229e-16,0.0,5.90171245721463,5.922741108611307,1.3885379308497103,1.4167791217073,3.613662924724624,-72.35948076239835,-33.22333643846008,-5.981640668913325,-13.21601336117577,-33.345872152309994
22.849919993607045,14.870736736598943,11.134000301439515,11.552866849626383,11.983820363659637,-3.10960710566556e-16,5.972659158938609e-16,0.0,0.0,0.0,4.018782658173585,3.053431737270161,0.6355345547902167,2.2464304687761674,0.9266624583409008,-27.729897979321013,-15.582511717066595,-5.834325952131314,-9.700195166359153,-7.114409030881308
70.78656758276585,44.19536987908938,36.67094727661359,48.568652837285754,30.329560051611374,1.2798218913989186e-15,6.43092466657949e-16,0.0,-1.1703725662567645e-15,1.8741920016010254e-15,15.846565712073486,2.8114680851145533,7.1150530422945275,2.4138102706784226,3.8200729618945766,-148.19028412205833,-61.24893042852354,-57.29261078215129,-69.52079776566806,-38.7970853486555
23.36018680673887,22.963374931642143,8.980546424702544,19.874419872597798,38.29818428290272,6.083365185719535e-16,-1.2376973992285694e-15,0.0,1.4300648578724521e-15,0.0,2.90350283630916,2.3381721922327245,1.425200853156674,2.0126157765232806,9.188392124243217,-25.320757570226245,-24.776379005880045,-4.669938990865778,-19.6345105037303,-61.27521413225289
66.92178127939755,22.850962305246792,21.093733140338244,28.43471637385037,39.85923787982959,-8.494008643237916e-16,6.218930531402199e-16,0.0,1.4993138523024803e-15,0.0,9.075214521033098,1.905970080552163,2.5675853161580866,3.5657868766841356,2.7386056097755076,-120.53401835139331,-22.818825013697165,-21.744939900049012,-35.35680140717716,-52.97563054909767
275.5536292900694,147.64812615747417,89.47752257595975,121.12972316712782,121.99897681694722,-8.251521710275885e-16,0.0,0.0,-9.385544253639337e-16,0.0,30.46088300245849,11.535446233471555,13.968695940819032,19.316014554193803,6.761242175305275,-719.164614455904,-319.7955800465331,-180.62232490725538,-258.722551655593,-245.21062360330927
185.33868657281374,150.5294712491196,136.2322469449664,130.8049712568069,81.33020540153848,0.0,0.0,0.0,0.0,-6.989213734327141e-16,20.11237217433076,20.099102847565835,19.35806884759311,20.20949266416699,12.499202348936773,-432.62148772541053,-343.38532847717335,-297.4944632561628,-284.6939152844808,-153.62023848357688
357.4256480708806,306.3997949233725,277.81995273042094,264.00511966412336,258.66622544734577,1.2722851685122603e-15,0.0,8.18420970879155e-16,0.0,-8.79023440536176e-16,34.50308077121809,24.673268600133323,21.556669345426418,1.1542153220767584,14.052756099265299,-986.1587972671581,-798.5064183953544,-707.2385244915445,-650.691404531675,-639.6475531296983
184.10660678435124,125.78768211642173,85.62737210636669,77.95649822456294,57.2297146033278,-1.235010950528031e-15,-9.037994484737714e-16,0.0,0.0,4.966250422075552e-16,10.233609396560174,12.05039975822869,15.110509589814603,14.847126956358638,10.200987752375642,-417.2157637914389,-262.1823998497565,-177.27910411237536,-150.0944837568142,-102.73387939765827
4.825043916465293,1.5825841103212905,1.5499939683017485,5.81650497101806,5.244501592308216,1.4726140281032429e-15,0.0,1.1460411303061498e-15,-1.221597401361344e-15,-1.693542091783824e-16,0.37206655725581067,0.2005708332111552,0.17271447510080906,0.5349153207974614,1.4756463945028016,-0.13224317889699314,0.8712953615729578,0.9599970689778737,-0.9696171200542866,-2.61117533806032
33.774236566380324,29.620614462330582,22.679947363949864,17.97241625671922,14.101503686433626,-8.415204108179799e-16,-9.595246400627083e-16,-6.265823499127861e-16,0.0,0.0,1.9228950071402666,2.3511755801023044,0.683114713162639,2.5001310059142567,1.8109964789482156,-41.10245722018436,-34.61442685017248,-21.464667830782087,-16.562387798736975,-10.726808096046717
234.7898747271409,211.0772662223047,184.01952918316036,143.18649672841525,115.28931065437692,0.0,1.0772058948487808e-15,-6.177976773783612e-16,-7.939773674136897e-16,-9.861004205536028e-16,14.992451792359454,3.7565786802704393,10.865266581784955,2.516244746389134,9.20505582670287,-569.8469957617813,-491.38398601453355,-417.40907489656877,-298.8053658369397,-230.48964291997623
122.61990440833823,89.99286057701069,66.86397566620747,104.53930427750703,73.89556084017185,1.854296629412235e-15,-6.316436492444276e-16,-8.501351930459056e-16,1.0875032936877619e-15,-1.1538599520968698e-15,11.413327743341672,17.09748315728612,5.020382424798148,11.505663527173375,5.601439349804865,-256.2545564510054,-185.95116570714993,-110.27218535720233,-207.11799996392782,-126.89737326352945
186.43687609222994,139.2981774592084,94.88686637905762,76.34226718704156,80.73519308270943,2.134255520505578e-15,-4.080700831671243e-16,-1.198130384741083e-15,-1.4891729301551762e-15,1.4081447430880506e-15,37.04509985004454,21.589965171119598,8.873425778765162,9.583018599142386,8.08803264568843,-482.8341019394161,-317.928384271401,-183.38416954939495,-142.10086364084523,-145.94123612157986
5.715587661986714,5.38688846050204,3.6182822576052116,4.780625470875545,8.005057908838666,-1.864749815191668e-15,6.595112753586511e-16,9.818785340289877e-16,-1.1147224459783422e-15,0.0,0.8822046858155251,0.6918738006932282,0.44279055573607307,0.5999274761902407,1.4842371256225022,-1.7727507042752346,-1.1066347331577837,0.256880647345407,-0.48547494812772907,-4.539621699716334
288.5497625030065,271.4386061255799,227.01333680291958,181.59910168512374,150.69456465093802,0.0,0.0,0.0,0.0,-1.5088379330064758e-15,8.402251962221607,31.016751872124626,20.221916641639584,20.927428709861296,21.198188636709535,-729.0602653443476,-700.6988135152725,-551.8632419112351,-426.36372806284385,-345.8769030466278
17.366173180791936,13.705436007158742,10.039604853200338,7.797864908565833,4.829811828069638,0.0,0.0,0.0,0.0,1.4711602875097669e-15,3.753033206968349,2.070007885623892,1.2879188512781483,1.2221873587282686,0.40009998230220006,-19.213485232197375,-11.22472624857325,-5.696435351042265,-3.7087792127379715,-0.2599493433567479
167.80020950490297,114.92246239536024,104.25021127913652,107.38211070637843,96.82149118742056,1.7361272820885775e-15,-1.978496376635346e-15,0.0,0.0,1.1741901134485593e-15,37.91296105859406,14.32285087279168,13.417314490166032,13.15904208163318,14.44666204820025,-441.19264649688876,-237.7015870931967,-210.42233099665643,-219.7674320607684,-199.20780350784534
46.3901411017828,48.472435482467525,35.223034034554196,32.59161991484855,37.236373120782886,-6.126670183659292e-16,2.9317393635692326e-16,8.069069065010694e-16,-8.720557463747067e-16,0.0,0.9720132214048238,7.760806891447104,1.28365913411434,4.572011111961312,3.1119307372462544,-64.36581855321127,-79.05545529776612,-43.08910921206524,-43.68079306858338,-48.84949189132163
51.60123155860266,49.513876279036594,46.241823991467434,47.102843999370236,33.645162538926876,0.0,1.1480300702062915e-15,-3.073160504616816e-16,-1.2067937736746428e-15,0.0,5.037807580706054,5.738191566671841,5.915682063200351,2.1542700368209458,5.829642573743888,-80.34790239122152,-75.82542897710313,-69.04730301186483,-66.39375888020065,-46.67268946143007
43.38686851830122,10.753762599284524,53.31026507646927,16.852393901849574,24.750275397298765,0.0,9.911080831476246e-16,-1.0662752994994625e-15,0.0,-1.1483391184207162e-15,6.501187010428795,1.983956603240509,5.6703538563933495,2.020804967837218,1.5972795520418415,-66.21855374563783,-8.036469848624977,-82.45813501202886,-14.450333821196466,-25.376263437486198
29.998368758547663,18.470723176207564,20.153715761765774,26.638653603777243,16.224331776891812,2.368604578066065e-16,3.8468593188346935e-16,0.0,1.0669349079404649e-15,1.7517953787708423e-15,4.2631333181951465,1.824352630833943,3.7233008643423555,3.6469970142301857,1.6044091590473235,-39.24895830350405,-16.229773748269363,-23.079790556907827,-31.85938503077305,-13.870080163910679
66.75551786393457,53.955660938329,30.535958455087204,70.79181099297614,71.83599267752962,6.386373068440945e-16,-5.267604721382221e-16,0.0,0.0,0.0,13.419227712568036,5.161769139062898,2.676455479751703,17.284293311585234,1.764247441569847,-125.34803801314031,-83.48572042533527,-36.1427207665081,-156.22600520047146,-119.30499572133594
53.918818958940776,15.652924293681918,5.069088105403684,33.535347369032046,50.68804068485005,-5.271204002455463e-16,0.0,3.5042926902506223e-16,0.0,0.0,1.2917934441545256,1.8345690962071086,1.1800806919272586,2.0298708407952244,2.628072776417777,-79.89628949876571,-12.733464934516858,-1.6827734370099499,-40.598086799157834,-74.00364228577028
11.648381459924451,7.145410866076409,13.637444566977717,7.3017021961840385,8.244672557207435,0.0,0.0,-5.210233722823984e-16,9.731193037856828e-16,0.0,1.2046532190524104,0.5894096179155297,1.5047481290253553,0.08603872811014725,0.6890216081014869,-7.7858608295369915,-1.9087779343245759,-9.77462250426941,-1.725765794699489,-3.019603377487134
45.01867391570496,28.031437131695085,7.9185953269308165,17.28192432877192,32.56178595717366,0.0,-1.520883996967871e-15,-1.794618127140741e-15,0.0,0.0,4.240004611752165,5.350248377905744,0.697685771780778,3.712693781292287,0.2734562335709417,-66.35898404481594,-38.879159824848934,-2.831868422583407,-18.52304524709227,-37.9260479899653
41.128313566520305,18.50279102117369,13.956963099227202,23.411679859792805,25.701355036302306,1.3820994330066643e-15,7.680384380356345e-16,5.727324576607739e-16,0.0,0.0,1.3103307869100753,1.8262643492036528,2.3578649594713297,2.985685872699598,4.154762483637618,-54.17269103206643,-17.357826675350882,-12.782399706997985,-25.833658237445665,-31.694485937834838
937.6896804548028,892.5384787345658,836.2804128293972,801.647367909117,727.7703831363951,9.699314397187359e-16,0.0,1.087547535276863e-15,5.67266068711173e-16,6.248500370771994e-16,80.74563261797425,41.13580871755177,55.83207427905702,26.528362661650284,81.78378127255753,-3110.420524151076,-2889.620211259745,-2689.221660313643,-2535.9368310067252,-2311.650124327357
165.027899267368,143.28952847794588,124.97736695698208,115.14655895363956,107.71119162616874,-1.3777893098842352e-15,-7.934064612342828e-16,0.0,0.0,-2.638696035324418e-16,19.991640574669905,4.535450200925971,3.176247230764631,5.518914451921183,21.884507985751856,-377.0945755205822,-299.90788614520045,-250.60174873663863,-226.3340249562868,-232.98000576228526
25.595733040206063,21.83481725605064,20.03886645507732,24.425328962255275,28.467604749431626,0.0,0.0,-1.418329200113148e-15,-1.7454243589302962e-15,0.0,4.269038611821748,3.4765291716221536,1.6036290038189134,3.55154170137846,1.962092587716462,-33.88034954158204,-23.8357964640373,-18.27931101628354,-28.343012703925574,-31.862018230330385
36.25493880026781,31.569182354283996,32.65263482814792,32.89183360380624,25.271317313666458,-1.567880700998125e-15,0.0,4.3521310883468615e-16,-8.640962304733005e-16,0.0,3.837316239422568,0.5291261212694612,3.084681080556703,4.1276101954492725,0.9260142665963889,-47.865157527627716,-36.21418733444456,-40.51556450333048,-42.73341925651828,-25.703839004306825
100.48475657861638,88.89398519222527,78.1284504339141,74.20146990835134,61.69918804411713,0.0,-1.2789036004604635e-15,-7.275636281675613e-16,-3.8303431812750596e-16,0.0,11.39485040201936,5.219446602509983,2.9027588127303874,12.388705773124439,10.35159443871667,-197.26629983459114,-161.29445953782712,-134.2176491625494,-137.16561935095052,-108.23815304556129
18.526140445969347,20.82965203183162,13.185885804825968,23.3873895334929,29.38933305892669,7.670704406375046e-16,0.0,1.0777322756731976e-15,-2.4305157606154802e-15,0.0,1.33598928385089,4.711327902614944,1.0581226665874244,3.879281449290765,2.483233748471639,-15.742408798756802,-25.3665164388887,-8.789924012977302,-27.784142720494614,-34.27792973978473
61.56404305229813,48.995422234733546,49.75122784276211,48.467523517948656,52.66396215494423,-9.233217320136044e-16,1.160178160899916e-15,0.0,1.1728145928429285e-15,4.0476031807268377e-16,5.52257620073752,4.59450106200575,4.656902484444557,4.421060349072698,11.139831963004633,-101.82008522570847,-74.74348420093827,-75.63508406244704,-71.65319004635307,-93.7924330850999
178.88585769345656,131.78903200495643,155.01797926082077,193.88173622469492,189.4962436795431,0.0,-8.626426341559319e-16,-1.466756801549267e-15,-2.931860420051665e-16,1.499856085721041e-16,17.881373569028103,11.009767861232406,9.953321221877797,21.82185310553292,35.03257023151377,-418.56340751389644,-277.9956541874613,-335.6580024665333,-460.0493267638941,-471.52963286711554
31.13865819626935,38.034783075069214,17.06545723899178,37.97195832625116,31.946678355808146,0.0,7.472557257473536e-16,0.0,5.613690473811148e-16,8.896608628244672e-16,4.319439650591951,2.0087580597469454,2.630375065553384,4.544153540358378,4.188340091020716,-40.0780260889076,-48.751782758774574,-16.448617089498377,-52.45859953318622,-40.457679918338705
330.003258646516,278.2121677160276,255.68138792498144,212.95157976942113,140.96757701097425,0.0,-8.172671860826497e-16,8.892852048735943e-16,0.0,0.0,48.03248789925715,31.63915746568504,47.66805152237406,19.912248646296426,6.628409951674331,-912.93812573218,-723.8516755703527,-678.2601013469766,-508.60919173513804,-294.65810658762587
693.345569781854,641.4102144335743,610.3678737422335,552.4357382581369,544.2319527623752,0.0,0.0,-7.450381490401148e-16,8.231678716520222e-16,-4.1778817706153485e-16,16.82486994382315,30.64298732483338,34.218019765385904,17.865471307805425,86.49015812435563,-2128.030980762744,-1945.80185188242,-1839.9438293938279,-1619.5237820731306,-1674.8584641221303
181.4835940585797,137.7189058266267,95.5568786956849,72.22740054918367,72.87933722428046,-1.2528607702679716e-15,0.0,0.0,0.0,1.1943232258376459e-15,8.45547288552932,16.584546781049724,13.30023245444515,4.3852778529090655,11.469156793003524,-408.168413548424,-302.326254430192,-193.01987305129785,-121.67256998790208,-141.10810677275884
235.4473264713888,219.2407740494599,211.86253190679443,194.6537085042081,174.59016355977374,0.0,5.185478760258742e-16,5.366066226926371e-16,-1.1680932112234409e-15,-6.511640484413289e-16,20.07915745167829,22.101288753577126,30.2689373600712,14.693299167560118,18.42666325463835,-579.1778455369313,-531.8845538113698,-526.7782208772452,-451.7365379042374,-397.98857424465325
47.038569854244145,45.350225696503884,43.30745412888248,40.844994877231265,35.72811892866673,-1.2084427531905332e-15,-1.2534318845780334e-15,0.0,0.0,0.0,3.572681274263357,3.4970330366464064,4.436515365467943,3.3634894177859187,4.213093460090513,-67.80459388220365,-64.27308727515094,-61.570158673627176,-55.67733425301186,-46.82635638612486
30.78895036804939,25.87172961998819,29.403246513508993,22.55627174818006,22.631394218239727,-4.61556972398417e-16,-2.197124803627024e-15,0.0,0.0,-1.2558532256708068e-15,3.308020733163631,2.720006465180229,2.974604490450069,1.6678007968617874,2.0926860866564447,-37.470824661992474,-29.18066393466074,-36.463049454618165,-22.324080795142457,-22.786153842578262
43.20877928153905,37.410170481247704,31.91408464806576,28.49554536553017,24.6323338498432,1.3155525290457433e-15,0.0,8.905694693683337e-16,0.0,-7.211484101461048e-16,2.3523062903326006,3.8845833600182496,2.4736415861092502,1.5755691820253122,4.275683536361315,-58.96300120955982,-50.11489265994842,-38.35432770530393,-31.437220198070147,-29.811970255529044
179.0907818881549,179.96953529798068,151.91124304808793,157.50827166739793,145.76069022877851,-1.2696001047403468e-15,6.317004571544928e-16,-7.483767194612985e-16,1.4435665697822225e-15,7.799554018520288e-16,18.045127787821674,13.71979690319204,9.595296634774432,7.702405306091073,25.877736531346425,-415.7619125427981,-408.8490180333762,-327.06257531574954,-340.81770914168106,-334.3923407819342
615.3595238258831,534.1543452586963,425.1781520037688,326.15174413367424,244.5854308087381,-7.389945767949722e-16,0.0,1.0695454334691056e-15,-1.3942815240628748e-15,4.648144304658822e-16,40.70424424596497,69.97217008217272,51.57867564046192,17.53059947951522,37.30538546175897,-1862.4482532790012,-1637.1218287164925,-1232.0986615601596,-853.970790877418,-633.7917521535594
203.79049635909547,114.33122870992385,109.509759680446,127.78162200810078,154.05022776937815,0.0,9.943638234664411e-16,-7.786075737908583e-16,0.0,0.0,16.900324984795226,10.660844168152009,19.79855184526006,21.075085261019545,38.36025930156345,-483.0058622331534,-231.8201725761787,-238.94007040735838,-283.0636580540596,-383.60617333522447
24.5195778716545,8.544515422294072,3.421939135492183,16.138092622405953,22.234326210608117,-1.159143504801545e-15,0.0,0.0,-4.402891669946115e-16,-1.2782806711203083e-15,2.2298575710859603,0.8732879951411804,0.7106790646444121,2.2252566309249007,1.0283720455258467,-26.272352032318715,-3.93911357828398,-0.2067530676490425,-13.666381798627972,-20.949914594937603
60.94197685481785,22.746612955966675,37.41833161705261,88.29962530281972,62.026827303966556,-3.497799574763518e-16,1.2494919347079625e-15,-1.329241293070907e-15,6.437560597325978e-16,-9.16432797412692e-16,9.539947082012333,2.264060994884627,7.974624376007818,13.251408800595778,8.234261285915698,-108.99428405182661,-24.244560498531936,-61.59260178552051,-176.41189373514266,-107.5496831849126
11.933052454870566,13.287259719899874,11.555343766975986,14.070342234733731,15.504483750270754,8.187312218437197e-16,0.0,-6.149040219735912e-16,-1.5149796442180425e-15,0.0,2.1425584804996585,1.542311420375207,1.2910623514421085,2.6747050127661405,0.9239297948998922,-9.763054492929745,-9.5512858933773,-7.723926847676893,-13.221863209396611,-11.353787114345323
199.41054400050297,209.60943490359747,197.69226681858703,206.72549234343077,207.0935651824089,5.701144755982877e-16,-1.0847492411198218e-15,1.1501394521004825e-15,-1.6498231993480902e-15,0.0,15.791520333265485,18.972860122239027,12.582728022724554,22.45442772881996,18.699126165063145,-466.1422087134516,-501.4079028614783,-459.47287062633427,-497.47040636006847,-490.6305771361459
145.97005242421798,66.37624613552529,70.78375806672759,115.91382199244867,70.84826288122089,0.0,-1.7127638928163127e-15,1.2045860607010002e-15,1.4711813798490177e-15,-8.023262187261756e-16,13.805998288967755,10.383713272226109,4.632167658732852,12.176130159860355,7.801500671647945,-322.1477170041715,-123.42046546872668,-119.05686430233717,-237.11219475491768,-124.35616968803306
105.29161741450986,73.21080178117273,40.175952443148134,25.783602870401417,25.6787935145949,1.0797330358603577e-15,0.0,0.0,-5.511586098588075e-16,-5.534081929170491e-16,2.645706484052849,4.753854734785728,6.071739227456032,4.354951563315343,3.619940893684988,-199.88552234576804,-124.61020300265277,-61.509415992583236,-31.15765633753365,-30.988830465061834
33.9533943969124,24.04246726465715,39.08121326603992,26.70292082580782,30.340865611580714,0.0,0.0,-7.272473665780839e-16,5.321835318280054e-16,0.0,3.708315160181346,2.3796610905364237,2.605263494373512,3.1964561502818625,3.0179524404408054,-44.54446351323716,-25.684378058207493,-51.12887642512427,-31.079281865574796,-36.04718282320173
1.2045776510901665,2.0480937619701693,3.5849564168492334,5.580175807786817,10.528626913448406,-5.530019705846524e-16,0.0,7.432545753072774e-16,-2.228334429616021e-15,-1.349734854508922e-15,0.1791490482658108,0.23821178431249151,0.7236845295508991,0.9747225793454315,0.9320044811275214,0.8322285143364668,0.9533781389844759,-0.5242867564124428,-1.8754585190655308,-5.523702613641754
126.86384853312127,79.59331843651312,75.46586922626446,23.357795996874373,74.96564549151128,0.0,-7.141732494310895e-16,0.0,0.0,7.108683561997992e-16,13.126105912685384,3.740851097296244,8.181968006026,3.484192357151339,14.555192588915245,-266.39443186563267,-138.2809938535946,-134.93486843779564,-26.581644931774466,-150.57242248072737
29.61869373279339,17.89608707601248,11.92291919341531,9.108613891057981,10.61803636740559,9.595868638506465e-16,0.0,-1.1918939048962317e-15,0.0,0.0,2.7478898678322703,1.7462534179502076,1.2677035122123341,1.3762287850511568,1.7621356699823916,-34.91073774654605,-16.271878209543953,-7.365203468114184,-4.7049003001673295,-7.750041677401871
15.50743634763445,4.619068433145968,14.10167741439626,3.039926892587371,15.436093600311498,0.0,0.0,1.0077421499299285e-15,0.0,0.0,1.4594907257546843,0.8511262813259437,1.2900612184700098,0.33136045147588805,3.1109737046494454,-12.508190063286374,-1.0147943124821124,-10.068398635685899,0.5835919324443857,-16.221740853898332
55.38355374025943,30.807826864541582,46.06081524386351,40.9026757350043,9.275956514480637,0.0,9.225483366733703e-16,0.0,3.4743093110264245e-16,0.0,5.806589045219502,3.5993275708185632,7.335999989010327,6.7119316629438455,2.115402015801825,-89.35699607835458,-38.56280568305304,-70.72292089734106,-60.121236892027405,-6.399379293893351
37.54648327119067,39.44391985015647,25.782655672906998,21.542991310324588,23.635550245407984,1.135460912215922e-15,0.0,0.0,0.0,0.0,6.31458796171581,3.1742815597483647,2.3435041951111937,2.0631856629548344,6.56966890912241,-55.37584678599742,-52.580156788373685,-28.609157604106258,-21.26732901473428,-34.36526116004398
695.7930770648708,494.0798789369331,263.57758892877644,54.74118456725793,145.0920811854411,0.0,0.0,0.0,0.0,-2.846488669720729e-16,110.803409317644,81.16828516488184,61.363189287953745,10.605141156912472,32.84206895483074,-2290.1069709678127,-1491.387941245601,-736.1543036560131,-98.3082787072383,-364.360651154599
66.43571313891974,47.43982848858279,19.744647177791528,6.551785267669051,14.581759066084583,0.0,0.0,0.0,0.0,-4.872819064832426e-16,7.318422159847992,5.844038518310058,2.379138555144141,0.31211069931355434,1.6098097753357452,-113.14592841376927,-71.29120932225148,-18.996400138937965,-1.2225224745712402,-11.213550046994394
24.024823722110945,8.443128654175897,7.9551661279854695,18.195914221365214,18.95784616016378,-1.1830142755322881e-15,0.0,0.0,-7.809915205313483e-16,-7.496028079953169e-16,1.8019074322356594,0.9449270702908165,2.85009221658017,2.9594072668200666,1.4347410753324776,-24.828676131572475,-3.9319814499522003,-8.450845139301432,-17.543003198462966,-16.528537553292935
7.072231899121926,7.605457974142286,4.239243998704216,6.071585559630278,4.001145458014267,-5.023468870190185e-16,0.0,0.0,0.0,9.156717794212102e-16,1.5545150638552654,0.818614911832422,0.6104338470316614,0.530286988558774,0.9363762526531474,-3.6855399521448744,-3.1114803000283104,-0.26539643712588173,-1.0747641038146778,-1.3906277919480832
58.34802626003165,42.24918334834591,29.344575665559475,12.263655720830211,15.113909016553524,0.0,0.0,-1.2106883804662322e-16,0.0,0.0,8.898245723104878,7.049929830891873,7.648827094391371,1.4246836574925792,3.311130127843638,-99.591641079403,-63.353721288389266,-45.50037976991931,-8.319666791449528,-14.845564524976385
35.078883740479675,10.193772568264885,7.584596313268245,27.909635716609664,32.708097126457325,-1.6204454874147807e-15,0.0,-1.4637865731666808e-16,-7.637606699437212e-16,0.0,2.7626179961987103,1.0112841738952423,2.52857252754693,5.289138730563431,3.1423638018208444,-44.11283616236792,-5.50228539564169,-7.0272275138502005,-36.66763239034861,-40.612469896518725
41.809675032994306,32.35820460354138,23.575596020001672,6.709831382930024,7.919377446440846,0.0,0.0,0.0,1.0589576625840977e-15,8.97220445124048e-16,5.743020425419802,4.541655839564849,4.488317160929504,1.015479584379616,0.6376138965094832,-62.85385148995798,-43.155567244407514,-27.825052823274365,-2.6390114256700166,-2.609393587818861
122.92154389515306,88.57603585148787,66.69894787365166,42.23031956774384,42.855023849329086,0.0,1.283494306656831e-15,-4.261193067729265e-16,0.0,-1.160610519739232e-15,23.6311231724421,8.671466234415307,13.165638936975627,4.009504649698385,9.158395024009826,-283.4846605305112,-163.74277474667753,-126.49387432750356,-59.015688579121466,-73.7693897296005
12.813669095034813,20.25936976054075,11.265030104327893,19.5289187181998,16.378889377034294,1.109038684377185e-15,-7.014460411735284e-16,-2.3653157021539535e-16,0.0,0.0,1.0961129347046195,2.5229633638136306,3.04554001917833,2.9778724022145755,2.7755445313150995,-8.228242305275282,-20.957612421341224,-10.927694511342219,-19.350145465808243,-15.854468699365203
124.10116940121894,89.17240807608432,79.07877678153764,52.944825916715175,52.2603120765879,-1.37412288220347e-15,9.561828611655469e-16,-3.594100792545335e-16,0.0,0.0,18.40480834540663,13.93959409210057,14.171620086957825,5.036406424025458,9.999849550812108,-270.88610488901577,-176.58604040401772,-156.62680415267008,-81.26503339629774,-93.36562621058889
198.6670587995826,141.00883785405586,78.691781434121,23.127194681503088,32.22275669497499,1.144496107291793e-15,0.0,-7.2235521708701e-16,6.144651312408293e-16,7.442199175852354e-16,20.706222818489543,18.71369520608741,17.713613035455538,3.455432796483529,6.336337033050594,-473.593627183456,-315.67861300614913,-162.8443153053819,-25.196319131690853,-49.36856084947174
88.08319405587672,74.4545732487328,64.0954336169491,44.50507861122017,27.76804206679345,-1.2906756951785526e-15,-7.634644371798274e-16,1.7737119683289453e-15,0.0,0.0,13.604805581742006,10.901026430343807,7.7961286341081015,4.57404051958336,1.397976071756125,-173.44728786115917,-139.2994120754117,-111.7577823126023,-66.70357728129197,-30.161006735499665
235.51792522322998,165.78339619579916,103.72670179828913,38.70337202143539,105.60366799077633,-9.654198304766884e-16,0.0,0.0,7.343471110130401e-16,-5.214502779033911e-16,16.80550527301906,27.704319268486074,30.060024318877616,8.478236129202092,16.773660423955928,-572.8597080741428,-411.1054458655343,-252.36712911847056,-65.284571965374,-229.9970835399694
46.93949217488538,36.053041058783364,31.192083976520706,13.687810718704682,10.716100583085732,-6.054967387485037e-16,3.9416521596698725e-16,0.0,-1.0382123925619874e-15,0.0,5.639631784236404,6.19893230919983,3.9049840682246724,1.3640092884285668,0.9124379594422389,-71.33105442852187,-53.48585585567188,-39.2132935677274,-10.418393668691085,-5.7118685057917
19.90939284052856,13.153798810634054,12.686243615109708,4.551631911232584,6.710276211597894,1.4275527967154954e-15,-1.0803612644366571e-15,-3.358347030262507e-16,0.0,-1.058887463577153e-15,3.9824149582365007,1.5866306606398706,2.991829181067787,0.2764439987934959,1.193403315631374,-24.044165438859988,-9.136787534295008,-12.91523185459653,0.14709245563448958,-3.0286874692076187
39.23449853974844,30.77357598903366,21.64140320302891,10.74393399960648,11.830080063245358,-1.4488121672619314e-15,0.0,0.0,0.0,3.0031188798445723e-16,1.668667826026518,2.2153335639904355,1.5222529920592853,0.9675739014594337,1.2964641944733748,-50.763933236760444,-35.95477017639827,-20.593898312243734,-6.04727926667584,-7.532295633827142
191.51360161204724,127.95092586236119,63.60323584649236,23.99882689005316,64.98193264764544,-1.1872455717470515e-15,0.0,4.2591294987309626e-16,0.0,1.2301274295187908e-16,31.77940710493875,22.95420155426092,15.334121640237246,0.24004887819339119,14.334610205393895,-476.65821353696623,-284.7493110433747,-128.75270031420908,-23.4082092943438,-128.97404966670854
180.80672607784453,174.48798618364174,160.2029102623178,150.906714844802,135.7453992396034,6.287754896500327e-16,6.515453597015275e-16,0.0,0.0,1.6750009703230985e-15,25.2050482588246,25.675374843424763,18.486725766552023,4.6422327775590935,0.37721952346300813,-431.8145188172792,-421.94542960254586,-368.64839074871236,-320.62591294880923,-278.4545014119418
437.2992543521863,389.8611319877367,221.89598290555017,163.1418786282491,120.70884614948574,0.0,2.9160854569414246e-16,5.123429285784175e-16,0.0,0.0,48.11421471404852,42.006854722512834,14.763392724458269,11.178307372155606,5.740859609058673,-1262.7873466642866,-1090.2565987764592,-530.3774054198033,-359.12568024245013,-240.87315325398407
73.43524530033193,56.51580704906457,32.77931138518031,11.573906492046376,7.058474313309931,7.740618095348159e-16,5.028984086828931e-16,4.3353121571757006e-16,0.0,0.0,5.023914549571694,4.987541800130625,4.25446946108383,1.3679283410504453,0.8021656666597867,-125.87331802533592,-88.48464662130077,-42.54098539285236,-7.705066455321138,-2.1057266553286595
344.38944552830174,307.42361850400147,251.57185252176288,182.37807352682123,141.1095334019528,-6.602225428088696e-16,1.479220604777785e-15,0.0,0.0,6.042478224935584e-16,45.66090214463265,16.35030595214528,26.95137949937626,13.1782847549799,24.8112773468477,-946.2083490133834,-793.7434523857406,-636.3816054799661,-415.26863217401,-327.29465393207477
17.967760925041013,14.63464605150818,9.867271432839146,11.971631331592791,13.697389375483304,0.0,-9.710419141799126e-16,1.800251317186207e-16,2.9676103284478795e-16,1.5562295477236422e-15,3.3862761011510196,1.163550893460308,2.445832439952603,3.1340382221363727,2.2533549562193813,-19.562352908585872,-10.750731409311603,-7.807876108271504,-11.63222215883218,-11.821434028471652
158.5585661978162,125.94779878166253,77.13658177548871,38.391034195254186,32.88551499909551,0.0,9.026504537701245e-16,0.0,8.791318248148927e-16,-8.642622574463475e-16,1.9155648675808588,12.93485233118955,12.518094712208194,7.412795485223689,5.199083747131117,-340.724713314167,-263.9567315131725,-143.5738578066905,-62.62026904284348,-43.58539002184496
168.45273873178445,133.77768947967073,115.96094557313897,67.23750005694474,42.59460500914161,0.0,0.0,-1.9607780388425926e-15,-1.690824876376017e-15,0.0,13.35444429149141,6.117021669616562,12.415281773978467,0.8559989061488689,3.487038645076534,-376.51211818029424,-275.63090435509326,-236.59874169268076,-108.6564160980109,-58.87376549923018
146.49592243671697,126.18224709343357,97.15994762016784,70.08558661951551,52.8460285105117,1.5520819396284051e-15,-9.009733170898033e-16,0.0,0.0,0.0,18.37136568057228,16.691408960045173,11.79234229329978,3.841049412586675,3.111619561265472,-330.5607648516373,-273.6915022785829,-191.23128664170545,-116.57838522514386,-78.71964855491782
13.804488092031663,14.927536330446124,7.071433670142958,10.876952624104636,13.792561138471598,2.058874566077522e-15,1.1899866127119735e-15,-2.009614369318508e-15,0.0,0.0,1.7573501945284724,2.5748837633639283,1.2293383338565973,1.4727401488465863,2.1669053955451716,-10.58973305308126,-14.595622298363514,-3.3984888546285417,-6.978723378642524,-11.352780401797618
7.626440592450697,4.1652640430387855,3.7719177794930747,4.389569961121065,4.109099861073853,-1.863366605027924e-15,0.0,1.7660348229133953e-16,4.046767348814692e-16,8.645965780622453e-16,1.172328388307948,0.2570011370862198,1.1495462127390426,0.8914942486936335,0.8927389147997676,-3.422578149912418,0.34684940694529487,-1.4378199983065454,-0.7268726549661194,-1.1814228446889825
316.37281482216883,319.40195508013886,234.04714890887763,262.8989952965109,152.68947305105982,0.0,7.118731486354971e-16,0.0,0.0,-7.445623817406116e-16,37.16815869281105,25.49987772957857,22.654046241467544,39.42921702063896,19.1627850645532,-855.4283358268398,-840.6800737651886,-577.3817649667434,-686.6278363696813,-346.75005567230096
38.84388088072448,34.88756347889336,25.83563791560033,18.6886941963244,11.054284682246017,-1.463381556424643e-15,-4.0733296619580305e-16,0.0,1.5207969659000494e-15,6.427758612923036e-16,2.9716083758984135,2.5187822273230243,0.14624352401595772,1.9804396977626333,2.2543707374283657,-51.279378455352344,-43.47965516712471,-26.369797734656405,-17.624457364504327,-9.366439697805914
6.886048831941418,5.620091614471323,6.305899777355419,6.979916400914446,8.682397707137278,1.1608407045012851e-15,0.0,-1.126790403982743e-15,0.0,4.0918578008469114e-16,1.5133306341570143,0.4913039746419154,0.9407418915849282,0.7636007268352739,2.3397733013517152,-4.199761426083108,-0.7372488053984443,-2.080131010252683,-2.1013507471991097,-6.682312994806473
47.86967702255171,29.8686331064955,4.861032853801439,6.312830553737928,25.132264132317164,0.0,0.0,-7.308557225697821e-16,0.0,5.654426772050553e-16,3.5083150953123035,2.5749873428183188,0.2382844698489756,0.197055261451046,5.431601216152991,-68.92517901859756,-34.852746147549574,-0.00980910869885919,-0.9659737125019271,-32.357885135959506
28.02219391445302,25.267709566119855,17.4022951942129,14.831459894622876,3.175409031039458,-1.0142571105306973e-15,-5.624116692498553e-16,4.0830403566328984e-16,-1.9163123274673894e-15,1.1188208020046898e-15,3.034440368130693,3.036846322680863,2.224973149767564,1.441028333251532,0.2933930439250662,-32.97656202471709,-27.780432919820523,-15.340497967156837,-11.776889914491276,0.5747585483331771
0.0,0.0,0.0,0.0,0.0,0.0,0.0,0.0,0.0,0.0,0.0,0.0,0.0,0.0,0.0,0.0,0.0,0.0,0.0,0.0
134.35742264430635,98.31578442764209,74.71048997377949,37.31814478521485,33.60359449149583,2.1153806668089156e-16,-1.1563436978452494e-15,0.0,0.0,0.0,16.609859104896763,9.013068494434258,10.318035411263592,2.0179088446629545,8.881238306541901,-291.5019195391689,-191.814784625184,-140.2328713440855,-47.49015361546279,-53.342550681927456
43.71837758069641,30.449399427001598,21.01959385548151,18.913687148220685,22.550082465832787,-1.3002179405190664e-15,-2.3335197052524215e-16,6.760765604182253e-16,0.0,3.1509540456745265e-16,3.794517884902621,5.350751896795312,2.0971333941048576,3.9172555625777945,3.442660212827273,-61.757726841526946,-41.6070884869067,-21.50777355774402,-20.70350908384044,-25.00618583472437
36.706199231516564,32.94265867865603,24.625819971016664,25.365150588025422,19.04808742454908,-7.743027070479323e-16,0.0,-1.1541426626140738e-15,3.8517266368265353e-16,0.0,2.0714921545150022,4.108148052783428,1.9788301176724468,5.584364467184155,4.334536007523506,-46.42418387131822,-44.30866021928333,-26.046794052884476,-34.93397048816017,-21.703257096883572
71.64723988182203,47.221260031804576,38.52501349014657,34.205135080120854,43.08341046909881,0.0,-6.018837576816322e-16,0.0,0.0,-4.947677502943254e-16,3.829370865051089,8.52485117759134,3.7979934246354428,5.023356166334595,9.96978081822144,-120.1534599887368,-78.29419672577622,-51.964100862678215,-48.48397436335271,-72.09289977951384
103.62617390793746,83.38048995773131,66.07824805727105,39.65015452645925,21.983127120463212,5.485430631773425e-16,3.4086762316714656e-16,1.7204880738224455e-15,0.0,3.2322186550915426e-16,11.089357713184375,5.710043179140056,6.458691863837189,6.312580451421697,4.850246873872774,-202.9128891473087,-149.0191996576761,-113.14791733918419,-58.97168516413536,-26.507145664976697
42.101378404687054,35.073286403906316,21.908994880318232,12.200895342603056,3.6405181577746513,0.0,0.0,6.486310665017412e-16,8.735540087115929e-16,9.758813237102976e-16,4.751791885621608,3.1986895791757797,2.08183029046215,1.0766923445938428,0.2315491631437031,-59.8145306924235,-45.380486695707525,-22.14948238060011,-7.530536641859828,0.5978725211684701
224.72337775332386,147.37332181898665,159.33782197956626,109.04308506455847,191.94029885101003,0.0,7.714207450738844e-16,0.0,-5.212932010054019e-16,-2.9615155963121443e-16,15.434089992033817,13.246595614219595,12.29157079945452,18.77935490783342,58.9706259857018,-539.5342723922406,-321.98664170166387,-352.5542614852156,-234.9741524699119,-541.4153568762435
8.664393377534706,7.605237314157835,9.104105768326445,6.012915360317164,9.47562369956785,0.0,4.671404102258327e-16,-7.804640607670743e-16,0.0,0.0,0.9715234942253497,0.9716408806517965,0.6073440366143052,0.4970885295895043,0.717868920840114,-4.239564349149462,-2.9590846743904535,-3.696523969456298,-1.069982116450824,-4.197241332190681
35.87131186610928,29.82631059450873,27.939023093714468,21.004221810382937,15.938487598781158,0.0,-9.529073111589162e-16,0.0,-6.765713504404722e-16,1.1145077777242123e-16,6.212053853026698,2.9759941788936373,4.342693048097413,4.357729772320211,5.200715505999028,-50.45810317136684,-36.8964742234804,-36.20364877206931,-25.776756143624485,-21.35752615229352
179.25314944732514,154.47928514668303,118.27510190384407,99.77228105358509,74.92118806885419,0.0,-7.3593580921653505e-16,0.0,0.0,3.7935476148995184e-16,1.9634348807870874,23.691205876608404,11.060375897665422,15.99107036806823,15.55555970468983,-398.8265470973491,-364.33034175843596,-245.09303905774865,-206.51307972908504,-145.26864615570585
151.8725363420659,135.0938764600633,122.389192088554,111.61032359488635,75.03675653130924,7.485674530749696e-16,8.415395331055167e-16,-9.28896055130085e-16,0.0,3.7877049521117018e-16,10.608768434070075,21.564599620407204,12.342355538268793,12.47838610185518,20.886281274935385,-328.2985032915273,-308.023792825022,-258.59835401350307,-226.4605091849119,-161.1252958811902
32.84749310257088,25.95270431433731,19.25599936997801,10.679371589162356,6.32826747688203,0.0,1.0951347915871225e-15,7.379962183296557e-16,0.0,0.0,4.788683951188769,3.103741959078575,1.8782566582056617,0.8066560828791598,0.46094839963490103,-43.856618326989604,-29.809234937402856,-18.489836813975373,-5.608672007500023,-1.1680302195165913
34.10506355452046,28.62526112463704,25.712596262167125,17.428880968272367,8.897050218186637,-8.333574686048883e-16,0.0,0.0,0.0,1.9965682960507116e-16,2.411739865144725,1.4112168604026867,3.3457824140111843,3.705712669410797,1.572598979085588,-42.08460558561238,-31.599468173388985,-29.75193416813436,-20.142828373126562,-5.264680290532213
126.20051110540176,42.707874310738106,13.710708012321057,76.21105911261337,90.04962738876151,0.0,-3.327455403611354e-16,-1.036478546726507e-15,-3.7293418778509074e-16,6.312454644082432e-16,13.157050298319833,10.47903639593616,0.8204477879253296,8.705408391676231,6.4231350301883685,-265.18530628756645,-72.26008883649156,-9.005956258445881,-138.00942949448103,-164.88172765667346
6.168238015242702,4.147662996117551,5.911275417658506,5.012491340987118,2.1139281438464965,1.1519379343083641e-15,8.565579416953701e-16,0.0,-1.1517545538370737e-15,0.0,0.8970094638602569,0.3546274603610055,0.7147556304089883,0.9371922191783999,0.29960421932771025,-2.1258099949744107,0.14446142374391602,-1.3587231108895037,-1.4626009688890085,0.7137763623438164
30.776624975448627,24.084074924377823,9.347486721518456,20.624425209745876,13.590563748092519,-1.8469672651290906e-15,0.0,0.0,-1.3780606800607271e-15,1.0456412977862338e-15,3.3285507908026117,2.917974700659353,0.12932734369458648,3.9064047889113134,0.49483945435542576,-38.93009192745961,-27.09270238112601,-3.647291376634568,-25.288688746625063,-8.599375090435984
292.1977686898763,256.12093392380797,154.90412737786227,198.77561804822204,180.28383705630665,1.556299874997025e-15,5.548494024869328e-16,-7.339174213498929e-16,5.719355262879179e-16,0.0,37.57378689283064,60.04890426565928,26.135562890534,39.925166701821325,41.945301773642775,-790.1120018055349,-752.9496836894144,-378.08517261355337,-502.9013266254811,-488.65915461924186
118.71207179928918,77.646797526718,29.49081433106023,47.21240061685174,66.63264907971481,0.0,6.405671977146557e-16,-9.637478677714836e-16,0.0,8.530865821168896e-16,14.440168076748042,15.73683421641026,2.690409865718546,5.454823946179492,4.428774189903783,-249.6976769152339,-159.4120191742776,-35.25133250949048,-71.61783987984994,-109.55290166352106
131.27912496099464,111.0906187991074,73.39610000632094,52.63062547337133,29.572329513416264,0.0,0.0,0.0,6.75027827780236e-17,-3.003410398552403e-17,18.26447517364845,22.06524509044433,14.283438870245954,17.22376353537033,11.436145229514466,-282.98482029370564,-251.14884484672018,-148.38274514510664,-110.41610888696856,-59.30219414786098
30.160403496828003,22.08288196816893,12.519955350133648,3.512455411785502,2.0415514498670615,9.423517637419255e-16,0.0,-2.2701126829578198e-15,2.528653934566627e-16,0.0,1.2473736675993545,2.098550087453155,2.33264423111124,0.7989246704214578,0.22225545888885465,-34.07168844405893,-22.27913287423075,-10.788815843863203,-0.8350026620959704,0.882200713129755
109.38870840322008,86.79505596852832,68.97953516089296,55.7671191430705,65.94788388381166,1.299115322106105e-16,-1.3098308014553112e-15,1.6481241495241225e-15,-1.0192998981169579e-15,0.0,20.923419869990823,7.96715374197778,6.908021009582357,1.9868548267824602,16.223589287982534,-241.93542510832893,-162.65771205765517,-121.62578329647303,-84.10776294293579,-135.99141244566732
109.60352128157388,96.57205385020376,69.53299045000807,55.10972258319946,30.976473415361077,-5.186276699520995e-16,-1.1772229458634026e-15,-1.6350057287317898e-15,-2.5786474779922534e-16,-2.293814167392424e-16,6.635955355916017,11.748276282590208,7.561829975394312,13.131614741818078,9.553611794512179,-213.548375123667,-188.65754419928598,-120.08021957370785,-101.229030759094,-52.39974786864451
324.2864066251993,234.5682090532931,143.64067303957484,104.23168321593155,116.81874790213283,1.4023016123893463e-15,9.693286074907685e-16,-1.5829337932758622e-15,-5.453564320078028e-16,-4.865950019292254e-16,43.52861518161289,24.689667339707437,12.425835332618847,19.715226600125643,26.13692738665486,-890.3343895984809,-588.7261490861786,-309.22087985287584,-219.39383600361057,-263.34840571186885
35.282196326453324,26.142513833677988,23.91347019911831,21.784782809241364,17.898973774082396,1.6111077194530789e-15,1.0871834901274817e-15,-1.1885230037191304e-15,-3.2616470955068667e-16,-1.984870039837037e-16,3.417471969705945,2.590726169066121,3.3945863747562726,4.677265537835507,5.01910787715495,-46.691052518899895,-29.934546810273652,-27.76141884648052,-27.71975891509396,-23.250491246928306
3.4923647718525945,4.559150910942564,0.8897836978728878,2.5890446450914677,2.022178839860606,0.0,-1.5584979520083528e-15,-1.9963917563861865e-15,0.0,-8.7843706223466325e-16,0.9690289974697256,0.4820383848146044,0.13844142309107754,0.10586559149538732,0.15891622058020283,-0.8937831037842847,-0.15003209481520027,0.7826452740507851,1.0257058440877824,1.0048527624734762
43.17875245567634,13.872641297803339,26.007468630656803,18.432070159511966,21.298175482378802,0.0,0.0,1.0928287498500094e-15,0.0,3.3361671582994176e-16,7.622377792486911,2.1580724280070247,1.9572333664688737,2.49145809866866,3.3401749337492808,-70.18748768714832,-11.309574322049771,-27.759685033599304,-17.055807805621452,-24.151135108957334
16.437259466276323,6.807106565266192,21.165242572395854,2.321919714476418,19.727147114306426,8.645513410771335e-16,0.0,0.0,-7.650380107138246e-16,7.203704941651739e-16,2.594185979330857,1.567534232809481,2.512997199650947,0.16588659042315035,2.223985001138552,-15.786406053765813,-4.482573602890308,-21.248843828234833,1.0114588305811778,-18.44186607790654
105.5017832759332,81.81625599831676,57.43967744971024,60.5734896953365,53.502998720616986,0.0,0.0,9.896193952442672e-16,-1.4662824020332204e-16,0.0,9.361997803151883,8.169417562537117,5.041070948679381,16.974303392891798,18.212540600958004,-209.48360872480254,-153.13894868635697,-91.49349295369629,-125.08973949224115,-115.70071320535389
3.1183867906362606,1.7481273853845618,3.3725910297861157,5.664151678830981,2.0715315504060197,1.1392793509350463e-15,2.032296792844394e-15,0.0,0.0,0.0,0.30906857051027997,0.28434754079943614,0.6176420954042869,1.1031741535696296,0.35453197643375994,0.511863063712723,0.741811625166259,-0.09558375097826499,-1.7764721123847724,0.6258032863852838
63.60832580674397,56.00668827600127,62.70192261805347,48.43290970717853,46.68877431455754,-1.1170593263512148e-16,-1.0149398332692576e-15,1.813131607050319e-15,-5.868263873105988e-16,0.0,10.773196519320832,6.53117689418633,9.403982012725638,2.7889238586541767,8.073835425961866,-115.76417625973393,-92.15287194770153,-112.21462378748397,-69.44633565410906,-75.96917874694418
16.38877708913668,12.53760953219279,5.565737746092506,5.549351249824959,7.408242543518055,0.0,-1.1334580709913503e-15,-1.2766371111519678e-15,4.801525690384839e-16,0.0,1.8702915428974818,1.2337701970763648,1.0143538170157242,0.7732629802456084,1.373500839262945,-13.922450595979852,-8.578382627937682,-1.9424851963872474,-1.429604914884518,-4.107093606097653
106.36449935700854,69.04052844891726,48.12021338291956,43.359901709530064,30.194178122769564,-6.680262118051151e-16,0.0,5.906397214874445e-16,0.0,0.0,16.466017430818564,8.434090317183827,4.144589533580398,4.350700546913309,3.214862213148274,-223.31341229791343,-120.49103255014225,-71.17621696833105,-64.19965190509943,-36.749641849134626
161.78039811784288,145.27586489200104,122.78505007618367,126.71388006518856,86.97681425748515,1.4054463834216195e-15,0.0,0.0,1.1214915609790467e-16,-5.718534523000951e-16,6.700870979563134,23.562316885948288,14.214965734592436,33.859720280523746,16.11553468631657,-351.50024973599744,-336.0184556166326,-258.2663611024643,-310.8713785741487,-178.1804793302056
46.7488434886326,42.88753003869219,50.74691810922342,56.334568428678516,36.33604312876075,-9.119490657768356e-16,0.0,0.0,1.0090326498688584e-15,1.5643810928828198e-15,5.383111571929515,2.923516121661485,9.639174039343077,4.16628169011428,1.521508839568142,-69.78777852319872,-58.81753901208471,-87.95518322871371,-87.36593576812993,-45.26816006153368
202.2060294621904,173.9173648436657,157.2909859757178,161.13849210332523,164.11645100729172,0.0,0.0,-7.227803743258798e-16,0.0,5.195404102872276e-16,20.060690207342756,11.84858400362547,8.996892703761928,15.989830712772768,22.686864800494597,-481.34465541460276,-389.71945350400324,-340.9625101694118,-359.73832066039273,-385.8270661531798
48.01905988721156,54.108299104754245,45.258863518376835,66.53690706558758,80.43722073060889,0.0,2.6263724697184877e-16,0.0,0.0,0.0,6.73899238605166,6.050817277980188,4.653941886114333,7.887289480480066,22.42614957700192,-76.12676200222373,-85.16012853093847,-66.13722525681001,-115.53694427731038,-176.21820200604975
38.282103735703004,32.02949402965047,30.87866573445619,30.354169006539262,25.511851708047907,0.0,0.0,-1.8408638297275537e-15,0.0,-1.1140590559891882e-15,7.022920430697427,4.673987264186688,5.872150108726742,2.1565342493825828,3.4959782088722084,-56.27516019075632,-42.92293764784195,-44.203848780538024,-35.072628197394735,-29.683355707777594
97.00651657439096,87.00600586030704,71.18710643394749,64.3080254742015,61.16674605698338,0.0,0.0,-7.985072256526036e-16,8.839241827384661e-16,5.8082437072764465e-16,11.354807453173915,5.174705550689688,4.532229301108302,2.8190869787347275,9.20991801532962,-189.7522682885784,-156.60680829117535,-119.86335758427485,-102.94453515188138,-108.79825982689589
658.1861252165625,467.19088883514246,312.86007557046855,405.37333466350805,594.0927706106638,0.0,9.733651955848196e-16,0.0,0.0,-3.82724191727693e-16,91.91489829103496,19.134393066951745,36.98389463878786,30.111438292749583,89.08484685294812,-2127.091004142844,-1323.0727919755864,-843.6738392616935,-1123.551094983108,-1876.6313080826521
40.308409974447535,37.33125251533757,41.074997145623904,36.97529750796701,37.31472878637647,0.0,-7.613382224110196e-16,6.919467171145509e-16,0.0,1.5233507172524707e-15,1.9320386443093391,2.2704804728439445,1.5974202462427112,3.638467715423066,5.325512098249385,-53.10776814395737,-47.64576515578845,-54.24226637020512,-48.852463145443615,-52.64724906741917
24.678882128533637,20.407643552532452,22.22402901612657,20.08953703586158,21.328453304084036,0.0,-1.3926992284651631e-15,-1.1190138265909235e-15,7.07375918610488e-16,0.0,5.459056736319549,2.6720481467977413,3.7866740219396107,3.56988894177342,2.0212550839857655,-34.99569239617327,-20.50848114658749,-27.704205914295084,-21.18161120887977,-21.299311131923737
968.9884896517052,949.819962667149,918.7869202192007,880.2306168926552,785.8847888712384,0.0,9.57544311049238e-16,9.898864271554327e-16,5.166229646632717e-16,0.0,22.887573906228315,26.015582288158054,34.67272669128813,72.52293587535401,52.35705304559832,-3175.45165421816,-3102.0464082912713,-2986.8165685736944,-2868.774142544459,-2493.355422670254
374.04305509535305,371.0773290535498,360.61219235693443,349.96359644643286,279.64826384883406,0.0,-1.225478667873132e-15,6.305213197511007e-16,6.497066487829255e-16,-8.130702201181573e-16,49.999893554595815,26.815238847859884,33.8669377589854,33.63336392541048,16.539704346097544,-1055.79010445679,-1006.4550491232884,-980.0225458149182,-949.1997845940144,-705.9514887496813
25.985405330102072,25.256982008323764,18.89747477244528,18.649234729414307,9.30890745886141,0.0,0.0,0.0,-1.0477601637231589e-15,7.632933713222325e-16,2.267070983712287,3.437340827341768,1.7611593759289557,2.855249316157671,1.3910518438895894,-27.937297337035982,-29.346683688412277,-16.927329875346725,-19.594162924528632,-4.887437577254171
100.40422558131858,77.6654142761041,83.50607885845517,100.09237378662087,68.57614297096829,5.661456829301457e-16,1.463802630569305e-15,-6.80709951154083e-16,0.0,-8.289095361468882e-16,20.580965048106666,6.702684049053188,15.142095219481948,7.927941855960565,4.691271688986256,-212.38055275065977,-136.74850798047785,-168.83250638267978,-191.98170130360225,-114.24395050875434
87.20987275382885,69.57801518363529,76.47471692843277,63.014955584539635,62.33432636811574,-3.2590013645165174e-16,0.0,0.0,0.0,4.559559890414061e-16,15.260915266772546,8.82196136049999,15.875828777986051,7.48009290875858,6.985769480381354,-178.80210133576364,-123.15961584168885,-160.94243428306842,-106.37372524399251,-104.61333745890508
105.15887206466141,99.2456194588909,94.6276339289051,88.4087947660663,85.45477918359954,5.405480084063227e-16,0.0,-1.2014126635252271e-15,6.429611331227656e-16,-6.651871247444214e-16,7.592221568348982,5.021037828082393,5.855706859152154,7.742920029832764,5.869216918393925,-203.57267174596285,-186.28566673254653,-175.86956511402406,-162.2849343891343,-153.4533428551794
12.981993212888348,9.037031969555892,14.70395448688001,7.205855710566567,14.979454340264358,1.094658923492092e-15,-7.862567468542645e-16,4.832324096174949e-16,9.860629525486752e-16,0.0,1.8487757111951029,1.6974258683732504,1.790098623198425,0.09332960964796423,0.29296931847998725,-10.172632436232478,-5.348092024050334,-11.260097660850665,-1.6453498190703133,-10.256970286443043
53.515527238011515,20.07418044076098,38.27635276932523,28.92665910170089,59.94685047526359,0.0,0.0,0.0,-9.825437956895898e-16,0.0,12.758617085103182,2.2276591514229906,4.321795610869861,2.562424075068383,5.88116480296213,-100.87926373236077,-19.527847567668157,-51.60325493591693,-34.014299715636405,-99.3696368335475
326.5323163335772,295.40062261124694,333.68649128192067,318.6832830605625,263.3539145598828,6.963282470668319e-16,0.0,0.0,1.7836962866359547e-16,2.1584421464098896e-16,20.76950742963971,44.67346464707725,36.11253798669061,103.02680350900381,46.05278534626894,-856.9735032599191,-804.2813464437676,-901.7402303344662,-1014.6194815005917,-713.9396836757066
150.00984296550212,166.33528356887965,167.23776410162588,146.06841103845625,190.4980871192017,-3.7893126035656434e-16,0.0,0.0,-1.5566245557594936e-15,0.0,13.473085357577657,19.380510134817698,23.06625769205641,4.0659861964178186,43.49584344014587,-327.4343574013909,-382.96058483799175,-391.60789224065763,-307.13920541481673,-492.415573008046
58.35202626424772,38.12444928324754,34.83379480060338,56.20820426387102,34.15286994465831,0.0,0.0,-2.0398085819458074e-16,-2.0226022021253327e-15,0.0,3.5123366324940974,5.22238550384441,8.161182303538297,4.968745163451154,0.28607274241966135,-90.79871878035426,-54.73991662963107,-53.69719377998799,-89.41629022765181,-40.791577040176165
133.94526715877052,246.89301335495577,25.489141081771958,222.09697555930578,191.37671887247413,5.304724465686916e-16,-9.209400960906863e-16,9.40824849882948e-16,0.0,-5.940473762504646e-16,19.247983775299776,24.946221355857908,3.9864262372644963,21.667063656517595,7.575610192680324,-300.84416464133875,-620.3862856424541,-32.53342212458518,-541.1031283272242,-435.5967818362642
80.45174474851125,49.61655933794371,29.515363327448963,20.884954642143015,17.195836087445237,-7.065529658616869e-16,1.1456541852013838e-15,0.0,0.0,2.0660313698816624e-16,9.835866639119104,4.768179286981046,2.585838443882144,3.155682152147377,3.221073463007728,-151.2458625792166,-74.22307545090094,-34.29339830438132,-23.347832180786135,-18.16315919458482
27.126276191714837,19.113515663796687,25.33491948323732,15.696307206260169,13.430836276916796,-1.7026029484471908e-15,0.0,1.1218393430935922e-15,4.526814660436271e-16,6.612979276849743e-17,4.219841734310282,0.6395760809950277,1.2130619037976098,1.7914271138750175,2.8064896713461067,-34.55362831029927,-16.089764441767105,-26.061367717369663,-13.013791106282929,-13.13100595820887
74.25397587287067,46.02366815316634,61.205205175100424,34.883518990288586,74.54920386455541,-5.741452042729228e-16,0.0,0.0,0.0,0.0,16.95517631132903,7.2135994101086895,9.096080008333622,3.904320596477893,7.288438890374754,-147.6313553677359,-73.97514297709594,-107.92156739233438,-46.23692730113822,-130.702475987723
66.53451044690378,55.112893641505494,40.161440639153234,24.10178949774502,16.814880887484122,8.543448877732481e-16,0.0,0.0,0.0,0.0,3.029748801988519,7.549761634210104,9.22896126047348,6.259775561458599,1.1042081729189024,-108.07776093478132,-92.06625020105716,-66.53036187635432,-33.34741181031151,-13.2880498499498
563.1881787318251,503.83944078286413,410.32249180308315,329.70019782830013,226.70052486394854,8.074518749851148e-16,9.0256401956123e-16,1.108268154855866e-15,0.0,0.0,56.1384461037495,25.737010060657376,33.85149642161175,10.738348480953585,50.799281913071155,-1695.909087243375,-1454.0324043243027,-1144.878886973245,-860.7044575638478,-604.0969508382178
584.2182789465953,528.0912240894627,475.0111631980313,473.270439235886,391.46190177566103,-1.5567720739803609e-15,8.611151447754913e-16,-9.573403450665448e-16,-9.6086151423417e-16,5.808321944277871e-16,80.16788534651165,36.67631585259386,55.30923419051783,41.72996979085466,67.44774655212342,-1812.5615907505362,-1547.4795173417028,-1391.8694903546516,-1365.5606544577838,-1136.1767764763806
99.92594600764713,80.26025642903801,83.07340707927423,108.02058403639035,114.4875350601096,1.1377108975572352e-15,0.0,0.0,5.262276571441089e-16,0.0,16.057760224903756,7.37312847351192,11.32327993128731,17.675196280180348,19.29043385997931,-209.12273555315682,-143.9982368650998,-154.7579454789976,-223.95569573162362,-242.45785379919116
222.49099168137843,198.13937651587747,175.03675605116652,145.55429714379,119.33115605162243,0.0,1.147544114862055e-15,6.495026546789021e-16,7.810613630273466e-16,4.763501900226095e-16,2.8462197495039114,11.219054410443075,6.887698356428647,19.027742508682994,26.488346935938296,-524.9784436635149,-458.7798570384474,-389.04759658126807,-320.88334400374305,-270.23555926555315
106.0066226206904,78.94011219352699,68.86934447937642,45.95745998048314,25.478266690674005,0.0,1.4401656466221521e-15,-8.253805708551548e-16,0.0,-1.1155275896694892e-15,38.68751082448149,16.66829912722208,7.036388130413716,1.0986345118691418,2.404273599382409,-285.61824584999994,-165.51705750685497,-121.74511863123807,-63.54524507073375,-27.516090705794742
19.381563965521206,20.699460542367973,7.523984924023138,23.66226326872787,21.4056073409793,-4.124334750034278e-16,0.0,0.0,1.201140783010653e-15,0.0,3.799732603219062,2.579187028254164,0.14150822576779948,2.7901099702232077,3.401972024876964,-22.952112839445014,-21.13912818265679,-1.930856261260823,-26.39837620806762,-24.094127049980372
65.46033859799665,38.69925971618226,51.936476845846514,34.577206310614415,38.24021988204042,-7.598187325100269e-16,1.4688502901009937e-15,0.0,0.0,-7.432412658210762e-16,10.156043342466818,4.6333561854879735,8.640095209067645,5.680661194796146,4.400081615105988,-118.0103609565467,-55.15780521736231,-86.89611378568362,-48.83523417686518,-52.842830939749746
147.02286985313606,7.887955032494926,189.63113399629242,108.93092736972376,35.44774387338833,1.5465190937325598e-15,-9.007946075161113e-16,1.199031354459324e-15,0.0,0.0,7.350992629236675,0.7170249141866948,12.789996729306178,5.853025189326774,3.522093156268232,-311.5548234541282,-2.7286188155348663,-436.9208127929714,-211.3895167772451,-47.436260593888555
19.068019280668846,15.479941054669178,3.008474982970865,47.58420080297143,49.7708303167352,-3.72635838731529e-16,9.18017366152413e-16,-8.303216146207834e-16,-5.972929869745588e-16,7.138144282889165e-16,3.1575453808429335,0.6246515022276885,0.5300099329465843,5.25751928393947,7.7686542327214605,-19.08903128859154,-11.07249364625414,-0.0015930132166068322,-71.41617089510923,-81.9822909634982
97.77063259762629,8.880106574516637,136.37948274687741,78.51822164494932,53.47681907156644,0.0,3.0005667575508937e-16,0.0,0.0,1.5944315643962337e-15,2.9946855098866165,1.5080390697841715,14.093312685959162,5.843048745331374,9.380556013474958,-181.34041255343564,-5.325911555468502,-295.72196662524107,-138.3238692686897,-93.62257990433027
194.87559559629372,135.20038378645035,58.05814743280602,103.80443293409412,144.33114618865474,0.0,0.0,0.0,-5.476010730379708e-16,-3.9384027884395916e-16,5.774443569019111,23.184019330919167,9.74457346203432,8.823689732145846,24.08911541625213,-444.8791216663316,-311.8117267891877,-102.95636049342787,-201.8503308648959,-336.11240130945436
46.95401286056293,25.39266484828012,18.453069468673046,42.166557328225025,32.356568796196946,1.2106189737097268e-15,0.0,-1.5402158149707439e-15,0.0,0.0,2.5839053404779078,5.845359414101495,1.708763308676024,1.110237300270976,3.0221732254484253,-66.46483350530276,-37.55317021458898,-16.604911134167903,-56.10241481918222,-39.68013990955893
216.8287151240113,87.9362789875411,137.89237012938753,147.6980033311597,110.57311605664647,1.0486326744739033e-15,0.0,-8.244606834659604e-16,7.697249465635236e-16,-1.1566798241563185e-15,20.804731767210413,9.633191030748318,8.185071184968537,4.735940562062065,17.20191099046221,-523.3394660292436,-164.73458301371153,-288.61154939539375,-311.91080040909645,-238.8245149300721
538.6191781280743,313.9772601170233,224.8570121187308,573.7000924254428,639.7440949008351,0.0,0.0,-2.527980707614895e-16,1.5853138491364717e-15,-7.108269611413188e-16,45.83266009250446,47.509445841748715,58.652238207580304,61.45678622788342,106.10997997097387,-1604.0826429263634,-882.6433667068881,-623.6890710236879,-1744.6647265694469,-2083.217457157578
19.602065130301394,6.6547503995100765,14.916456662311552,26.69729455759675,20.862472728363436,1.4499344452472496e-15,0.0,0.0,0.0,3.4058414120493326e-16,0.6512550792697938,1.2285694154594746,1.2590788630730814,1.6469576813374625,3.518879540998844,-16.8103217551322,-2.5525119743912703,-10.991923086325937,-28.764248031252233,-23.935942558213473
39.010086747221195,27.996884758865725,25.547700554391717,35.15394579336712,33.75192607729578,0.0,0.0,2.7812394866901475e-16,-2.0212318126011506e-16,1.684153334853545e-15,6.248014833387591,4.0933512272654635,4.316411975573114,5.5257404114331035,4.613449024300763,-57.62460676134215,-35.45139490873134,-31.676899506508267,-49.63919238599043,-44.97726244995518
153.99522472364686,135.00490936066618,39.70446714879016,209.1866827457317,361.4565159095858,-7.382491108125819e-16,-1.6841882011549843e-15,0.0,0.0,-6.290484897500284e-16,11.38090449179564,12.955110516756587,8.903397580130108,26.95932118339747,45.755693516938685,-334.7355698614658,-285.92723425570307,-64.75095950329525,-519.2565963571228,-1005.5530473282428
328.98807366495157,197.1157845403017,216.4966450084098,313.28707711093546,264.1063015643546,0.0,-1.1535031350913652e-15,-5.251205519475826e-16,-3.6288390434106333e-16,-1.2644722364788878e-15,57.03625538975449,8.74920210198645,32.23781845084543,50.946683056258,51.23105916014513,-946.0617808652087,-453.13830544554077,-543.9267206397808,-873.6575162496409,-748.3310381212084
47.00288854773293,27.165031424973883,19.91114176243748,9.54164744174659,11.470831368704177,0.0,5.231304353337654e-16,0.0,0.0,-6.194343835431763e-16,8.287798081909141,5.031414806705816,1.870511290199401,1.6767370922617832,0.5554128956312689,-76.71178925547169,-34.43965224804011,-18.62591971212152,-6.955861542898521,-6.127497644223885
26.997017520779263,55.767007747223715,8.979851209608727,64.32514661702662,27.44338827883957,5.263860981778483e-16,-1.0193019341913299e-15,0.0,-8.836889125062916e-16,-2.5891217532638617e-16,4.452177844815035,6.020957411958463,1.473671369373514,4.481786368105043,5.58838618461502,-35.00010101295317,-91.5858870092732,-5.290272776340079,-104.67979179353364,-36.327526118844766
41.757878838506834,33.123827811143734,39.9671979012186,32.959096005582,26.93087978193477,0.0,1.287066349598137e-15,-7.111258963075176e-16,0.0,2.110715257766609e-15,3.7969677997561626,1.4839768364434305,5.680447257357036,6.866712252428186,4.835457814460135,-58.05992330363388,-39.44457678636814,-58.3838827610717,-49.704872972585605,-35.238311392481286
34.78526265091521,24.591974937175237,3.539797694508926,45.14463355635858,57.70479094949909,-4.0853090165838125e-16,5.778655334313844e-16,0.0,0.0,-1.970145560723202e-15,7.692792215014688,0.7408885575186255,0.45588040486379056,4.338812927419739,10.171327051660457,-56.48564272328347,-24.512960484291803,0.31144131411228354,-65.84515632721988,-102.18842787182038
36.959207921319546,20.958569600497604,12.690858342499471,18.283630692019106,14.68190988427608,7.690021250160296e-16,-1.3560901326839218e-15,-1.1197709667605643e-15,7.772446815721952e-16,-1.693852907940643e-15,1.7463917166324097,2.3379610218224673,1.6516645740134046,0.37998365182423754,2.179212211947324,-46.56084416973157,-21.033036081071675,-9.401657568870439,-14.792779260152845,-12.327076270687208
508.0588241594308,428.5807734445797,167.7479668792012,518.1286995455297,239.60770655436846,4.475341528009389e-16,0.0,0.0,4.3883628844082586e-16,9.489414122481056e-16,52.17808320248226,93.50781233850388,31.34267541993654,28.525465025000738,27.466107303937996,-1504.5097967465836,-1363.810223690307,-413.20508131350084,-1506.420817362821,-600.0931462282449
143.94474251925357,81.58642584570208,131.52452464183807,133.51245716744666,89.07022265722892,2.4681093707366924e-16,-1.393452851294441e-15,-1.7287549684167745e-15,0.0,-1.2763731169632282e-15,30.95468650348724,4.338715450922772,12.75912563006443,4.505425829851354,10.491512028756416,-354.94821348180824,-143.36187733216937,-276.58196208198495,-273.74398436905136,-168.87418782032822
282.05085687149693,50.51027710191643,253.71937219090134,285.3337619726965,180.53574733512326,-8.061442463435736e-16,0.0,-1.792324121566512e-15,-1.5937383215449238e-15,-2.361447235514439e-16,14.605186505195444,11.77772474501071,24.16383475469348,27.5317836547906,40.44180603227018,-712.4839933975903,-97.21395813631972,-646.8284687972119,-750.3918565600993,-480.0774438739915
202.9508502572661,184.89741474561174,164.4341788896774,126.2943158797552,139.7117818936438,-5.601693098476969e-16,1.2297287972147183e-15,1.3827640760488253e-15,0.0,-1.0171550689991255e-15,14.561951610856413,19.624269590285856,15.021129458596343,9.15611485356615,15.755894613070739,-475.48007471164476,-434.96661433707425,-367.87916403548155,-258.44026069488746,-304.70071009213297
325.8143864606759,226.82383703593476,282.43618673104265,75.75361050864647,374.081717888465,0.0,0.0,-8.050444175545914e-16,0.0,9.1172729608384e-16,62.64002429905239,28.44085216095124,39.45484792006324,7.348259002120784,54.32772024355189,-945.630224795499,-569.848766656505,-757.0500041411556,-135.84721074285926,-1065.575697586091
424.32498224059805,256.2882902041921,213.32049797019482,137.61669862683632,61.93030069434405,-1.071695916854163e-15,0.0,0.0,0.0,1.7263678049792972e-15,40.69339140264091,28.29363494582541,31.892475231731897,8.773869966183648,11.94975292132029,-1197.1724135900397,-652.2716646296017,-534.309684896992,-287.7971679130652,-119.78590189260574
205.43253665140747,120.35983605504671,49.30504395696796,77.0940344663238,101.18447363337185,1.1068045945859874e-15,0.0,5.764462851956824e-16,0.0,1.6853401560432798e-15,10.701931725926721,6.597801804900915,11.163921650215606,2.9755536775140783,17.002705814578214,-478.5080210306824,-240.68234901913874,-87.337535967467,-131.9200070156347,-212.34287615081226
27.740428469075418,19.606073284158747,20.116244686500792,22.67810084908151,23.66379815033559,1.0245591362111825e-15,0.0,-1.4128735195529154e-15,-2.3498751300493424e-16,5.254650076376439e-16,2.624432517458438,1.542611589559578,1.5831314140894899,6.703046488510938,6.0022497631144045,-32.60399380112468,-17.924866794366768,-18.721862079941655,-33.15580522404292,-32.648549329707535
4.941667130616832,5.40293563412658,2.0074445541307324,10.568913474264567,13.345925756051535,1.4378603758189766e-15,-1.315104942713174e-15,-2.212211584804458e-16,1.344589938199949e-15,0.0,0.8860284200863432,0.7704847601168052,0.5920106673143196,0.5623780900336162,1.4086362418130594,-1.386678489552603,-1.3680872830910196,0.10216123484529252,-5.189272028225163,-9.768623019013358
19.314581237441157,16.570825986908783,19.11490336236622,7.771303517048063,18.344828896776882,1.4715156948527963e-15,-1.0719784522531349e-15,-7.434437122596497e-16,0.0,-4.357416371817768e-16,4.05701406212173,1.9983346927067867,3.691030778508487,0.8804092993633282,3.402932515722366,-23.305010856506122,-14.52875050215747,-21.981377442855976,-2.9001421143139354,-20.744880056182183
100.94396542864536,9.506381344831633,111.29249145486993,76.10586830143068,70.3415867773476,-9.854574523994799e-16,0.0,0.0,7.468992881819528e-16,0.0,17.387936553951718,1.662154741431161,11.64440325343834,10.79453649716561,6.148277452166021,-214.08503966454012,-6.0917928242493025,-225.44822191072407,-140.51181740636375,-121.65729250877224
40.48900426704566,38.5551189329651,50.338285890262206,28.322621725949297,40.67278383294894,-7.019611853862426e-16,-7.371708405262652e-16,1.129228336950667e-15,7.526239018075415e-16,0.0,7.314417211728339,4.753730712027693,3.7163908809887096,4.044945361850698,6.585077096469034,-60.74831748202099,-52.72726852492731,-74.3298783063059,-35.27102634862704,-61.5912764372808
8.278444718324959,3.207706423962023,5.1409008104626315,9.965032257747772,4.266510964790036,0.0,2.7688893630205875e-16,0.0,-1.4260721237658937e-15,1.249046483691155e-15,1.5576611176610762,0.9993088410321845,0.9453457678856219,1.4427122326051338,0.6218540114703854,-5.056959225635704,-0.9042573770342628,-1.5263471119670857,-6.262798338196942,-0.46018496781861556
549.4818502642005,478.95154541942145,409.11953838389746,303.69325681688275,299.5666928680037,0.0,-9.494642103894633e-16,5.55763423916156e-16,7.486951729729417e-16,1.5180170616859489e-15,79.26565905744322,42.73376677137447,58.803113737282345,9.92750354617327,27.27919477489976,-1712.6644589146142,-1383.0562682986242,-1173.5876492459167,-777.4525724644109,-789.5345993346538
23.346567108153206,14.66527130536241,18.185025920180692,11.68366380410734,22.950044555567217,0.0,-7.26760577044648e-16,-4.8841196245669144e-17,3.0407530877014456e-16,1.8576244609191496e-15,5.38312328599982,1.9425770262965085,4.014669909108157,1.099429039362298,3.5290740306141495,-33.38565337570283,-12.179351304546872,-21.320462507321526,-7.041955363908308,-26.901894992205627
379.0096830159779,276.6809805765806,164.89207614181723,136.23526313197056,109.70650520722523,-1.1998304298396866e-15,0.0,0.0,0.0,0.0,27.589793088708497,34.992901144374386,23.32161284108698,42.18486392180882,16.628216281836796,-1034.3591633155684,-726.7755577028493,-391.2677683691673,-355.4406164488391,-237.0144156119806
91.23755592655857,36.73367553668629,9.934091222368739,68.75379382490307,87.81581876382805,0.0,0.0,3.576284533003687e-16,8.267677418001472e-16,6.47302725875423e-16,7.685293496287649,8.587870181589116,1.3361427376584305,7.686956007269917,6.357731651033733,-169.56451498169608,-60.80890835970655,-5.702454781438793,-118.32666491681749,-159.59423870981456
107.26882958169048,36.04946687935596,37.54266466189368,100.67842721922781,116.06767098765674,1.0598310633662495e-15,0.0,7.570509362179726e-16,-1.1292075259982194e-15,0.0,10.029689624398856,6.671709379362623,3.790828578181572,13.065853485845587,18.5996802948503,-213.39707936859693,-54.9623509466946,-50.91599884313122,-200.9679944922316,-249.63669567279888
72.229537508789,25.33471878331775,21.617136184040938,63.9133661378788,77.66159640415944,0.0,0.0,1.314776813562687e-15,-8.893823357414948e-16,7.319372958159223e-16,7.236326598043941,4.130755633615153,2.0241618874265477,8.148614543193807,11.901166839039265,-127.76254414210368,-31.499624497658658,-21.459592150153807,-109.2386225301879,-144.25826402755223
123.28466608132472,54.60257919543139,74.98942534710604,81.13429968750343,143.94135944057174,0.0,0.0,3.790095643332043e-16,-7.006089789367249e-16,-7.898135613242785e-16,12.512798260113843,17.761543584337566,5.897813086531897,10.712482073806806,21.496845360955874,-260.1378124870284,-117.06229027918138,-129.73775745481583,-149.37353035412198,-327.85527724663876
419.00615843638195,280.95636970385846,226.8632270280097,309.691356675556,230.04738123573725,0.0,-8.092846433163087e-16,0.0,-7.341944505136352e-16,-2.1620759704384042e-16,68.63494775241962,10.184702494760149,26.505477294292476,33.83247650846296,65.11901672362565,-1243.6408090945863,-706.2354476204127,-562.2057463865552,-817.8761666912644,-665.117037728447
100.45399193102948,96.71548790270269,60.263044899741615,47.631061579874924,41.34103738043315,1.1317304124625736e-15,0.0,0.0,0.0,-6.874938615801667e-16,7.349129287708944,19.935676557247813,6.438881754638618,3.1558582973728155,3.6071162195281716,-191.7830895698427,-214.52515668419235,-99.38463387378843,-68.49858247822449,-56.770761009929274
804.5116651084754,342.16482255437234,372.61077963573206,644.0922007019033,899.5641346231822,2.2609857413324082e-15,1.3290301074541398e-15,0.0,-7.060283456171345e-16,2.527598274451843e-16,140.96873300033488,22.175409297426082,37.31409947276386,145.68173250255703,208.96709782761414,-2759.9186964610167,-909.7333349818031,-1045.617993418966,-2152.8739870092318,-3269.2405797548286
9.109065934459496,6.016619622808421,10.534956797587762,5.506487845761027,8.7399928792295,0.0,-5.904833447227589e-16,6.744619360212246e-16,0.0,1.625957241792948e-15,1.0621112884134865,1.2867130274013368,1.2326696699627215,0.2818454127674967,0.8679729160849494,-4.387065970368865,-2.311526172151802,-5.818227595575647,-0.4468532376998872,-3.7809021404639753
364.89220412810386,243.2197969388998,168.72364828840136,240.85741894840996,208.46332950175935,-1.2462512099239438e-15,0.0,0.0,9.440177364515144e-16,1.363391321549632e-16,52.48789154198369,16.96213213965496,23.239668823436087,17.999655041461285,57.24416561055145,-1036.3997896034493,-596.843022792141,-400.1011996962489,-589.1047261441724,-575.4865329909916
433.6729857566536,221.10385961950936,271.09093289732573,367.3410556479615,410.1495650407405,0.0,0.0,0.0,0.0,1.1087354215316397e-15,43.41831841844987,58.92260924923977,35.558893765392014,46.53361104127341,44.78654403358579,-1262.725107560465,-622.4654082430105,-711.3551428973908,-1036.468599303444,-1165.900993422722
138.4737942622986,62.47488600854798,86.27828223700945,60.57466858988009,53.81050067587765,0.0,0.0,-6.588380921244719e-16,0.0,7.922722072853242e-16,23.19293376164629,10.030730281643052,2.3603797633996346,5.9572589535048825,7.753583024746625,-321.53467668972667,-109.04231165061584,-153.17670589204596,-101.48743995455672,-89.90596657570553
54.98917942792151,24.984888562065755,18.514460235156587,49.73827184904105,55.7503339588277,-1.033720078244066e-15,2.2751119629611902e-15,0.0,0.0,-3.823525449828756e-16,5.622100250125651,4.881134356084486,0.06641979293267963,10.43410757776705,10.085904300219863,-89.60539900846825,-33.08107253114886,-15.061481679161677,-85.52191945933109,-97.49586344946579
93.97854754389215,53.35933881054255,46.114619698676975,49.5045882218924,89.45999227595776,1.2097105211007783e-15,0.0,-1.2326550502256196e-15,1.1482454637542095e-15,3.177030168159572e-16,12.966076654301595,5.139739949348511,8.31935921617783,7.393888167827687,26.982684866353154,-189.13344147069245,-84.77763973907328,-76.69022485057772,-79.13374671407595,-207.93138067381722
62.1826886159923,54.723375405588605,38.45042425271037,102.28208984060669,4.413369009209013,0.0,2.0774821889003176e-15,-1.4783560900970066e-15,1.1115028828486214e-15,8.04989039300214e-16,11.892541689367459,5.336350420310164,1.3625440482757827,15.940453245977583,0.3591451799165062,-116.80665386573801,-86.29572853986434,-49.11883240906364,-213.7753320279412,0.09353553586702852
27.88366914839575,14.141511558650386,19.868165911344036,19.423011234562992,24.497201597215952,0.0,-1.0049035180054145e-15,-7.152575018053427e-16,-9.145630499555326e-17,0.0,2.9152953009393867,1.338749314512877,1.3179248038758253,3.493095998955362,4.632687805457316,-32.4830306026327,-10.007150918634078,-17.82326442987164,-21.89669023423522,-29.816159486312475
32.05669658122582,19.375461134605896,14.393254752145747,29.522092009271,38.13056061858287,0.0,0.0,-1.974654789332267e-15,1.203408511051595e-16,-3.726893726360888e-16,6.5009512813888,1.1521462350027392,1.8649541007939876,9.768040574724518,7.16245985707433,-48.54590719977173,-16.8458004747999,-12.06686670620536,-51.35382263532738,-58.39625248780503
139.05717867836566,159.9263227535778,81.13420209699524,127.08775906595187,32.91427828408636,1.6351092234449783e-15,-2.665762796990982e-16,0.0,0.0,7.555686178793523e-16,10.238931617720707,24.834955784390797,4.367472779194524,25.48365995533807,5.927644910281808,-293.23777278125397,-381.69155657436266,-142.396618182156,-299.10154587818914,-48.33012405358595
186.0405950798813,99.27322506313153,81.10434790146141,48.289968202077915,160.60700918184762,-2.444344744711264e-15,-1.1451913408607239e-15,-7.008677134038551e-16,-5.88563432294433e-16,5.806641599490889e-17,36.51328656788696,18.563094830837425,5.4351726831739615,9.112941430302623,39.43317011601547,-480.5563412645564,-210.2888529948383,-143.42898620578737,-82.36011575227289,-419.5935999628386
100.66449676264318,67.89548685211109,49.09961422284053,74.89484025760295,38.14023628481133,-5.646818956919749e-16,-2.0930485035265848e-16,1.1577162012479757e-15,-1.5179528700586968e-15,7.451896526850425e-16,17.97449677237942,19.673412151624827,3.225935145654214,6.848054086290357,3.146174053226891,-209.4000847701725,-143.1330777634801,-71.48667152704873,-130.91692609697063,-50.90808567504376
91.24429727506799,53.351168454783625,90.86107653437371,61.69612311626916,120.77356719127917,-1.5574512752683605e-15,-1.0654578054646386e-15,-6.256080274296942e-16,1.842690139660283e-15,0.0,15.678939305206267,7.634738612365267,8.00880671815448,4.433124816119956,28.73159177854304,-188.19093006210068,-88.88103280579122,-171.27228290410233,-98.74395504734915,-279.4625692443204
180.85602326680322,64.58252437191938,180.825211906013,149.65478078341536,118.63333484888393,-1.885812299774541e-15,0.0,6.287112096996004e-16,-7.596605810150953e-16,-9.583043237082663e-16,28.355020056651714,8.71847900252263,24.411332247940518,21.63379433204446,8.480496778178482,-445.47965336127385,-113.72838237316347,-430.20394851338756,-339.86386299103776,-238.87801904650283
83.78919576986002,56.56530933391108,35.00685992250421,74.52526524973368,86.82891553882892,0.0,1.004916609317121e-15,-4.059448561413683e-16,-5.482195490253792e-16,0.0,15.215676420665265,4.763512531125445,5.855158670303725,15.758596559047284,12.828219183995083,-169.95251101505227,-88.59447363924068,-51.02081316547909,-152.1571253023841,-167.15455916242126
496.7745965380288,262.47454343321704,227.33256042074032,412.5353591888369,517.180112369281,9.153997689405855e-16,0.0,0.0,2.066856243762178e-16,-6.594617716493347e-16,49.62151830156167,47.33113856425934,6.510359616376925,89.9384106244929,114.73803046838978,-1487.6991069126668,-722.4556049096141,-540.5960721699334,-1277.084472944456,-1664.2568020911458
42.773408031853464,38.413536392376066,37.27173910499022,30.2683579230261,15.102856257829849,0.0,0.0,-7.625538843342756e-16,0.0,0.0,2.0805260923249635,5.828918479776737,0.9394391223049857,6.355400339467624,1.5482480405656032,-57.84996495266903,-54.11283257236382,-46.707792556632384,-45.38526005608486,-11.730002437436605
16.231903190398537,13.229243330800745,12.514242597785504,7.097206646372891,10.410813104694725,8.754891246276025e-16,-2.1484002311932443e-15,5.677872473767101e-16,1.0011583023628475e-15,-1.3650091085386656e-15,1.0341720521018194,1.8756063574864226,1.5860929340762238,0.995526279691115,2.327507289092552,-12.514882223008394,-10.066061269636315,-8.427210408172222,-2.9210716124256675,-9.31896986102318
56.804809245394,32.428247466300654,63.69295510769032,27.232538456100514,62.16086438357589,-1.93881689782711e-15,0.0,0.0,-1.0436672833941083e-15,1.14307087394338e-16,10.214304928585785,5.760806308197808,7.4077522777721905,1.969627160913744,21.074244140041632,-103.659485808613,-45.77037361684228,-107.73501504248975,-29.75786818364424,-138.65873305025482
88.96158686566325,64.39442902290402,94.29011355989984,30.461057407782768,107.10802749976833,-1.2779317650132437e-15,-1.1034226819642612e-16,7.535707710318033e-16,0.0,1.0614221956600026e-15,14.853374369131132,21.42625668283093,13.575754806807714,5.279063674018208,13.390142535356558,-181.57762797397268,-143.93664273912347,-191.19489415284562,-41.50993388842073,-216.86007909070705
194.90526925464025,52.91715432235949,81.51450181318761,154.10404521976665,232.97822255821035,0.0,0.0,0.0,3.6886389828212515e-16,0.0,20.830564247759884,7.703652946537502,8.023007233635488,15.883366800644335,44.89637679153572,-469.1788418486555,-88.28468934068265,-151.80984091236002,-339.83071842781266,-608.130254546952
9.0831895343026,8.273842319136676,5.335798708190279,6.638440184040905,14.232579369839023,0.0,1.71756412160932e-15,0.0,-1.0703459187118616e-15,0.0,1.337173829441402,1.302734136388816,0.34031136068348905,0.23164631189912,5.446613298265981,-5.070533672002045,-4.47281261828219,-0.39383131443405944,-1.2384219936593979,-21.850594270421556
459.12495666193973,375.0603162697221,233.23959761475072,150.25517938844428,98.69972575735946,-9.90465328203235e-16,0.0,0.0,-7.566250839693809e-16,1.1518455279308521e-15,34.2125984212548,11.059822659806278,14.026564221021971,22.397703748695147,3.0354093774770052,-1310.8435195388975,-1008.6969946619027,-563.5119543955307,-340.67947019049683,-183.65611928544948
18.546761700527412,13.200447214078787,14.668269733071796,15.585193015439561,13.24639854005617,-7.662175718145929e-16,0.0,0.0,-4.559088456948829e-16,0.0,2.677793207259141,2.384991540725331,0.8048892380973621,0.7535624524856226,3.0034830027333554,-18.118354978759154,-11.514324439178248,-10.171086547629564,-11.30437161847527,-12.059168286491998
133.17762659850573,108.59312621810052,91.01095562707148,108.9332299618577,141.18569772853317,1.7072963473714827e-15,0.0,1.2491555213139587e-15,0.0,6.03921853721733e-16,14.148022286905034,10.836333565154268,6.889966637598023,19.823259383046942,26.259106887732283,-284.6948666049818,-222.47755448257863,-169.38923248186097,-231.78028888934836,-325.80200940173535
0.0,0.0,0.0,0.0,0.0,0.0,0.0,0.0,0.0,0.0,0.0,0.0,0.0,0.0,0.0,0.0,0.0,0.0,0.0,0.0
55.554789022077514,40.28685047592669,20.632328062851684,5.953421431798611,13.444424899673402,-1.7905923999978146e-15,7.054835286115833e-16,1.3775328379727072e-15,0.0,-1.0570072592355527e-15,8.259254012712082,4.185136227968807,2.586134810556983,0.851555858801509,1.097490361762146,-92.6515463699416,-57.87631313875795,-20.86659696194132,-1.5890399135111852,-9.153008147164373
13.060482179590263,9.524272069752943,14.430575666381717,5.837010890493105,15.04147551608909,-4.760351763747765e-16,0.0,0.0,6.086529125013113e-16,0.0,2.97995462661205,1.3467778217810278,2.2135645728489743,0.9888273549996843,3.0114122665341547,-13.805778535837309,-5.697392474727363,-13.041024809058051,-1.6024486501489748,-15.448995290153734
54.80477976689751,36.7118992255238,15.44626402552021,8.13584029914039,14.461943538962547,0.0,0.0,0.0,-1.7466978446840312e-15,-9.826379612751166e-16,8.732738636372202,8.179422739695426,1.1264343583373873,1.1218620522259213,1.358915221372928,-96.57315514959892,-57.33202755589069,-11.388553955772451,-3.718278677834339,-10.596258063575853
23.579878545487258,16.35027339686631,6.104469057173025,14.363371780388471,29.086702279488392,-6.0266869855959e-16,-8.691508924814464e-16,0.0,-9.275451822316859e-16,0.0,2.773519248402721,2.0719443894619265,1.0882308425096991,2.657132341751578,4.951835869222969,-25.467923690200507,-14.1280360759617,-2.4566777462643805,-13.654794077535993,-38.72331135542544
78.84687784186563,58.05036875822072,43.788520073201454,26.057449309246138,43.84920953143994,7.209343022410159e-16,-9.792085748423125e-16,-6.4906759540837e-16,0.0,0.0,10.363333544557218,11.73727225095061,0.8276330944470691,3.8699614730716694,9.877112531194786,-147.6749163977394,-108.71251156390979,-59.15901922893594,-32.7107361216394,-78.79102250053508
28.850693872442232,21.88834813064301,21.352821742947967,25.877569592014666,34.05188539278484,9.851308795575282e-16,0.0,0.0,5.491572407784078e-16,0.0,4.144085395930419,2.3499149453849912,3.843870450744678,3.88353993006732,5.6719226998782135,-36.00127344879144,-22.872478855989254,-26.09309423958635,-31.994155170366334,-49.69042128339367
39.525939711571525,40.88329167267376,8.01259894175762,25.25227938706943,18.41058067318949,0.0,1.173135349467571e-15,-8.867818555813523e-16,-5.627553258609498e-16,0.0,5.731366967766233,6.62573367366679,1.1444037057562992,6.106753741248952,1.159881506120889,-58.17873585838948,-65.18026537155859,-3.63295315843126,-34.34978837363821,-15.469289967838227
83.40888687069689,74.10100585956997,23.918393783554926,33.608562785110536,41.052189211555245,1.3630062932965043e-15,-1.4383260946011882e-16,0.0,0.0,-1.3846623030960772e-15,7.209836800550525,14.73291644549372,1.6711986646070351,5.12426179212417,7.559339287595417,-152.81886052548302,-151.55583595284463,-24.149673665245075,-45.74949182237885,-65.85912595025981
25.78887701792678,18.318659427983995,13.341736892973652,5.945329525657986,11.807271626363818,8.265688365563684e-16,0.0,1.5977141689871806e-15,1.195127591656011e-15,1.2035680354360067e-15,4.909903073764934,0.6776421399489392,1.4576341651088318,0.6242082451632581,1.9333214339360103,-33.79921751565624,-14.992621488809396,-9.36105633163031,-1.3469159941947513,-9.039927184584819
58.72044396650019,46.03551517639556,28.607463356664162,25.15253343694334,35.24820194611293,1.2100431940968674e-16,-6.173865834128228e-16,-9.935068019158404e-16,0.0,0.0,12.049172999532148,5.163835378886274,1.6963624472666183,1.061927329488379,7.608416798998808,-110.22543798444616,-69.74441557973556,-31.82880167178664,-25.607061929960096,-57.039650469951326
32.39587359357347,8.059503885434616,20.46758297561165,25.741232362997025,42.164718453857546,8.773249885763897e-16,-1.7632418716100254e-15,0.0,-1.1041316526577867e-15,6.740637782630273e-16,2.6000191287649717,1.2911166441320356,1.4006761664643899,3.536671286027452,2.307262688340948,-39.208779640997506,-4.087451663760385,-18.73422753657028,-30.170489941640017,-56.74757078936718
47.96261111427138,50.25099646069395,29.09454003206406,30.86834485712959,22.855384333517527,-5.925805282512458e-16,0.0,-1.5874207935065259e-15,8.631934337370065e-17,0.0,4.279296311689631,5.079575235247046,3.9518201860729154,5.020787542185432,4.742916294917906,-70.73471736612235,-79.07877541349855,-36.85597534133872,-43.94434130062392,-30.102518290914052
79.8257306929057,50.84202289325203,23.652359187698217,10.649363361408668,7.861185064877228,0.0,0.0,-1.2016437432248352e-15,-1.3344323254758613e-15,0.0,19.593490346583362,9.58134729934758,2.5158254455591016,1.0742212289953927,0.16771149111298556,-173.94049354940356,-89.40508847623755,-25.164890779481706,-6.489883577348955,-2.237850222371229
49.854627104789586,37.88083525081388,44.056821056520434,31.24018336208835,49.46027565515654,0.0,0.0,0.0,0.0,0.0,10.014547123599904,6.331626422064385,5.43200451875207,5.925011011356595,6.368814251713254,-89.30560177607752,-55.94821716374033,-63.82605403889293,-43.79317680563814,-76.90460451935391
6.767010981479557,7.303674333851438,5.354964208164362,10.65880784499945,4.336646859654415,1.8375170233701973e-15,0.0,-6.63443029812209e-16,0.0,0.0,1.1702370465134784,0.03463375292959792,0.08601649276371579,1.7886173048449099,0.7455378204976026,-2.887286990371794,-1.7209173222683634,-0.23875677286973063,-6.839510309074625,-0.6347961221893849
25.677776266408927,19.444328592811157,12.654377923189298,9.104776417964263,17.972374634061,0.0,0.0,5.614995380041734e-16,7.804065724866756e-16,0.0,0.6664636419459232,2.904846208800852,0.3042964493309696,0.15364893271691676,3.978145442986485,-26.2417016526432,-19.788396916824734,-7.355402649700996,-3.410922983810591,-22.1376302566324
100.78924624283995,120.44392424902409,65.46540977624001,91.94592823275461,90.32890128762332,1.6919489225224609e-15,0.0,-4.3414849960534994e-16,0.0,0.0,22.35129600954965,11.231544273584676,15.106186604707641,18.416134782218144,18.249161788601985,-231.26759941067442,-250.09403694878753,-125.47824981151679,-192.25072384519953,-193.73495770686176
67.08423925263666,65.06180428660026,27.20026232898906,60.44275238414906,42.625458576435406,0.0,1.0921042592519052e-15,2.0898114206871583e-15,0.0,0.0,12.770027329451729,12.024735940022646,2.4905138438024665,11.095460746936325,5.241152178736709,-127.99170268519465,-121.48611705889404,-31.294407648277957,-110.19533524180972,-62.797348809471494
19.516355386475126,15.667205657215426,13.805415281552198,13.186681581899945,11.173074472200897,7.281510524782795e-16,1.3605669408562295e-15,0.0,-1.0776672377308208e-15,0.0,1.7738052166476697,1.9321134932880424,1.1150444070006886,0.35456108780005346,1.4449225199824567,-17.893405295083664,-12.935400464096256,-9.461296999608754,-8.022027987380932,-7.372940480492155
319.3341734749337,150.56178285709572,314.14197740325784,210.78617802689115,390.11253157593063,0.0,0.0,0.0,-9.438567930552195e-16,0.0,30.123588661821273,20.18192077636786,47.463397911098895,42.0120188135315,42.21915888614726,-854.4617836616255,-345.2237941221328,-865.5545953717562,-558.2666034679446,-1096.6885190822009
10.538576575330602,18.345361005400708,10.855453004058436,11.637232379574408,20.65242042998402,1.348460545275888e-15,7.746293305985343e-16,0.0,0.0,6.880963305671479e-16,1.452681643763039,3.49872784743023,2.123453504989662,0.7815902848335236,2.210926567496197,-6.932390417727492,-20.379243264565602,-7.879371694122294,-6.508649298169965,-20.02749044894433
40.536627090475164,21.580636208572596,24.87588821860392,20.951510440362892,32.16939404010562,-7.011365145641882e-16,3.2925013372768283e-16,0.0,0.0,-4.417507739650089e-16,5.078781384256395,4.015583191939464,4.395164464732891,2.0769281570707325,2.042788696137707,-59.50707786650378,-25.586783350434686,-31.152165645267164,-21.402734575849422,-38.15468244991605
10.985333063863635,8.158108756380821,5.574161218770812,3.325147979535557,2.6650880064264384,0.0,-4.3548251008810893e-16,3.1867697572478256e-16,0.0,1.3330567959608438e-15,1.627035273459527,1.9747297741405092,0.962816291685557,0.3674856831119047,0.18921458538407984,-7.796915572281268,-5.285854515567584,-1.394448206131297,0.4779323085449247,0.9387285594964335
9.635903734686336,6.4948539469494895,3.4066670385369893,0.6234861254676349,2.815146519396979,0.0,0.0,1.042870829057081e-15,-1.4245359815087503e-15,6.309997817736167e-16,1.2428492503172668,0.8697214374261906,0.4498339244462864,0.03656831710819019,0.24297267720134463,-5.07239872672753,-1.9006777827440788,0.35459685783764494,0.7888396651296394,0.8294855680971382
4.73958270830593,4.109719474180885,1.1430841533555858,2.684271017259414,2.8305699688036836,0.0,1.2966993371884335e-15,0.0,-1.3235301711180226e-15,0.0,0.5210074160759871,0.3361084824710553,0.21586604657553624,0.2873820809631806,0.2501443696234695,-0.46061594168357234,0.26619022580789087,0.6648696367212198,0.7291765069736023,0.8331331200931654
127.67665202162489,91.15147604713856,116.21881117013811,44.284199197017266,66.45430822507763,1.780855558498834e-15,0.0,0.0,1.283604985333836e-15,0.0,17.550503694648306,8.241344013750439,21.723359316696307,3.7254025425717803,7.221468090412949,-276.1996524312217,-170.87624312271993,-264.54289239151865,-62.146912853379234,-113.08821566106262
50.55386262419054,48.949691143508645,31.1316999074508,23.85571249187128,11.883374350412174,-5.622064854210354e-16,-1.1612620536084053e-15,9.129507709150761e-16,0.0,-5.979301121111741e-16,8.191518800849165,2.0497777997914852,3.751286289643453,3.520518118934672,1.2211334093165667,-82.01536753084736,-70.0846148595123,-38.508507796265235,-27.599857400656447,-7.5770414419287295
99.21940081294917,73.73290640033127,76.47872555522548,45.24538201384091,55.62918567989313,2.1483985892022244e-15,1.5418738155302834e-15,0.0,-6.281681834780307e-16,2.0436545373107542e-15,18.40305078752596,6.295540856300548,11.81412737284595,5.103637053014068,8.648854927967077,-212.52869579020515,-127.78485471778446,-149.23068634023412,-65.67641608049584,-94.93208123673298
37.42043194391471,21.544532783138852,22.558039252119322,14.840844246226911,43.79402441622351,0.0,-3.2980187730790987e-16,6.299685250289161e-16,-2.393875725569811e-16,5.678627639982495e-16,8.783579528878484,3.150709726249511,0.9231338243512796,4.730655089644313,11.475234924791346,-65.3695597693985,-22.538507105561216,-21.409926223087346,-18.704045560293157,-80.35953964044117
12.336666434784792,8.814111953668489,8.99219768035828,5.286827687918549,7.170114407131047,-5.759600776402894e-16,1.6122843446851566e-15,0.0,-2.5199755093109687e-16,1.9819564805086763e-15,0.7448291338167964,0.9362346807251555,0.7707783554500143,1.1357358788163567,0.7107395790807596,-7.282276242224369,-4.22890250373912,-3.814473298997536,-2.2589260028510307,-2.545734214898783
136.92203583461247,88.50254243911219,18.497133115051422,36.889877203338976,63.5543914280981,-1.6606068852049186e-15,9.634201000482282e-16,-1.1524100486392454e-15,-3.370707310100854e-16,-1.7888116803106357e-15,14.187324821456686,12.523368353315089,2.5638480247298645,9.951214877734646,7.7687443536979774,-293.7685568625605,-175.15255469554197,-17.861530253628025,-64.06448020511024,-107.67766578143456
50.540481870393315,31.923643892871482,7.779140017690966,6.497637584100846,24.935004606733326,0.0,-8.90302796440808e-16,1.8267899385901686e-15,0.0,-1.1398317296772885e-15,4.6483896488362,3.1108338367016195,0.3891535162493766,1.2670594505116561,1.1851510760693562,-75.88526879618166,-40.43694490970876,-2.3135336355427953,-3.092455935059403,-25.329617912747214
39.50176209991863,18.4903260117439,11.57410553129348,9.331746471819901,15.886312077607514,0.0,0.0,0.0,7.614252465021463e-16,0.0,8.678805261794897,1.7395610240392823,2.2494831705380776,1.3612859532996047,3.5008831618456457,-62.66834121689355,-16.24249755502142,-10.164035670155226,-5.610210167692616,-17.982988408922488
533.685092662779,547.6328254803698,447.7847365031545,487.8211552541328,376.25921526919615,-1.7041785769864347e-15,0.0,1.015549021249992e-15,1.8644019267658093e-15,0.0,26.647059549392406,62.95037061171123,22.493344997139577,35.75847897709839,30.01032094690223,-1560.1291157481303,-1661.4819328597355,-1259.7490753271584,-1411.7232962961139,-1026.197715463386
40.22333571646179,30.970189946866004,33.6444662855432,37.09785766184376,33.98970753412525,-7.065975241524324e-16,0.0,0.0,0.0,0.0,7.022737375137724,1.88482001120665,2.0668099047964383,4.397368008719248,5.234516631033552,-61.80458231587709,-35.8999473056778,-40.81425144922381,-51.403953226789625,-46.72628050207317
157.67771965442074,124.427458521629,122.11878020544646,92.73886030855405,85.1696514634212,0.0,-9.136796577891532e-16,0.0,0.0,0.0,25.161673649174926,4.61270403322259,7.822619413139941,7.1822006368996805,23.692845373082644,-383.4301008659491,-249.7302074734042,-247.09910404271758,-172.49587594135784,-188.58772115247376
137.29886165750395,120.14562325170013,113.04284540797505,78.6792456199615,70.25672972165077,0.0,-4.73121012004935e-16,0.0,-1.444940617132364e-15,0.0,11.139968955050952,7.012479917436955,10.510265390641836,8.731881223360197,16.80315365554696,-288.85532250608907,-240.61470151468566,-230.36950129692653,-142.0928954292761,-138.85162680686253
106.04724128758333,99.24179625922463,86.87590315474651,72.2332539051626,75.90496728611774,5.360197792100754e-16,0.0,1.3086118658140787e-15,3.9347126003377615e-16,3.7443806968878114e-16,7.076961495556062,13.29269187680568,10.115394399525124,7.437935366893979,22.33643982864479,-205.19231662467172,-198.82514327894995,-163.88068194637844,-126.49113242572581,-166.64016000841713
61.48377819661073,58.126364471650845,50.66213196957272,40.43879541078438,42.262806416871385,4.622635476225621e-16,0.0,0.0,0.0,2.1015604381292645e-17,5.343404760679923,9.325964579159322,11.436890600743768,4.728510928917576,15.159937081215906,-99.86039226754134,-105.49995094811041,-95.17442307097853,-57.15199563416106,-88.4362958274364
39.35842697065511,39.5560610392593,43.56885605332562,28.62884734742338,46.6827204274868,-1.3539846300702018e-15,0.0,0.0,9.927647133499415e-16,0.0,5.950662771037339,5.45004534232232,10.223187401546316,2.8312944233003705,15.464160624685315,-59.85520870672344,-57.03006847138943,-79.94749212924695,-33.3583694593575,-94.42652349907394
27.55364379193948,9.170682324020355,8.108665729114657,8.160138242244733,10.539823975549156,0.0,0.0,0.0,0.0,1.3483009534285487e-15,5.921660941261119,0.7483108982925972,0.8904142862313295,1.2318593793398176,1.5846525684498172,-38.16461738802366,-3.969273229776313,-3.253589538632027,-3.656906501030038,-6.772775991098595
92.92103893414857,82.86620548078753,78.17528291285191,58.41500419659472,53.60345629669036,0.0,0.0,-7.271277665112617e-16,0.0,0.0,10.275665798356721,4.04210272061598,5.717782744937162,4.694137267036676,8.95105398716977,-178.7735704024467,-146.16498304590021,-137.10675754505772,-92.09459746280285,-88.85199892873536
278.1874576515457,267.5486532249429,258.51870333742795,264.1919494557809,266.89186851381646,0.0,0.0,0.0,0.0,0.0,36.95961598702905,31.84344339997024,20.80887800704477,25.244297270856826,4.075914289309954,-731.9659296156613,-687.7092012490966,-647.7755254646576,-669.5703183166056,-660.0369834217963
162.34664114001527,111.56486952288012,75.18697906815954,88.69200471246903,113.76426363323488,0.0,-2.038040078526704e-15,-7.560274340757531e-16,6.40908039513696e-16,0.0,16.150840872336033,13.24419661657029,8.366198554788287,19.703320647618167,25.65453526025586,-371.9470654024413,-232.95594586122553,-133.71059948500954,-184.13514057828215,-267.102722889902
60.36958363344098,54.48123195681117,47.664610532328794,41.212140687456944,39.81222036194014,-9.415903744832242e-16,0.0,0.0,-6.896440941019657e-16,3.5694705258859056e-16,5.536772163543213,3.464138054148822,4.316363953952812,1.1992991495516117,10.128807803330538,-97.28769663868144,-82.66056842812995,-70.01346246415476,-54.27620297376251,-66.74287182663834
128.7673499231935,100.53389429955993,106.17364805062326,65.33255740880108,63.42442592390766,8.828855900927322e-16,0.0,0.0,1.7401253254216104e-15,0.0,23.085144946720185,14.21735010924322,24.13126383952259,10.225092838725995,12.891556330129573,-290.92677521233935,-206.29520515337651,-249.2814750052329,-118.03418773945099,-115.78151591385219
28.350107087910764,16.99421061945532,27.764730186308824,18.074815190612167,25.883593195094917,1.0025256462796142e-15,8.362174056459632e-16,-1.023662367315896e-15,-1.375892117808217e-15,5.490294414724089e-16,0.45732559110332993,1.8438765482186366,3.4714436703402183,3.3107921904371986,2.5346200548518056,-30.624598577204882,-15.385834728564523,-33.56918076652989,-19.524112117924123,-28.06537112496863
42.929353099426315,39.575918989991976,28.78580683517299,25.572607546096446,28.458416926042126,-6.62057715255528e-16,0.0,1.9747029911752136e-15,5.557061277222484e-16,2.4967753392841987e-16,3.868718090454511,6.518246828218688,4.393759023735917,1.9029851512251919,9.518400137567829,-60.16369922365194,-61.101435062650935,-36.74916000880199,-27.11892276717245,-49.131442790375175
322.80653006574073,370.4153651347466,217.80860325960498,249.6919110699397,232.18840753978202,0.0,-6.138343515002948e-16,0.0,-9.106169057256477e-16,1.2240796055046102e-16,55.5567657761989,50.51453042754578,18.7949482885347,23.82525567384594,71.08029305485411,-923.1135330772205,-1058.601061989679,-524.229445041625,-624.0951922045056,-683.973573588047
97.75647440855373,94.60585602274801,66.94055548614499,64.62156751129507,57.717900076700715,0.0,0.0,-1.6983252812287514e-15,0.0,-4.924245232871378e-16,14.726815660310265,11.14276011287448,4.03078109966729,6.945588756401139,8.574293988616953,-203.97671117763153,-184.16062720494782,-110.22413279100095,-109.13827170389727,-95.6449272498942
20.795589583140472,18.06017225620566,17.0526289192181,13.145627020046796,17.486108006782988,2.1354970873732637e-16,0.0,-1.6667054426061598e-15,2.7025821388228113e-16,4.063469901275204e-16,3.241943949647962,3.0968669105157463,2.710437235464645,1.7604145584396413,4.2712441640124865,-23.76352926018088,-18.607405351031083,-16.889573873674543,-9.958139183265265,-19.845687793819177
1195.5008515170657,1076.3413697799099,967.1074971558043,844.14969192082,842.3177532542215,0.0,0.0,9.404277233375697e-16,0.0,-5.398762511292054e-16,165.3768865288626,24.043009269334224,40.43665728157341,64.05816135903787,189.3689748031537,-4295.159102787009,-3596.543369752037,-3177.0829917570672,-2727.3404493564676,-2938.5509732830956
74.32206028137612,49.91382754421329,42.404260099220814,69.76495059639379,61.61262087268353,-1.5296513214408841e-15,0.0,-6.702559922965443e-16,-1.273101194951661e-16,0.0,14.022045495394389,4.723955465146556,4.133138743805791,24.256051951540737,17.12013756277391,-147.41664866430986,-75.39109158761858,-59.44352430870757,-164.59595353370761,-123.60957493253106
17.505566761327728,18.032203166288486,13.573119534443673,14.697330461301727,10.079707454638589,0.0,0.0,0.0,0.0,0.0,2.8551913588907825,4.197340145148681,1.9940758438715158,3.0689291911950334,1.0383300063688925,-19.100105706182855,-20.075932942172212,-10.808624469290729,-15.897961757402127,-5.127037384011917
9.835808284510794,9.096892199048966,7.636245733411106,5.6080611245984535,3.9205202052899946,0.0,7.810829459256249e-16,-4.652434982881969e-16,0.0,0.0,1.2072602536798724,0.8148804851550181,1.047920690326943,0.7595052375225277,0.6909101070043733,-5.343115489772215,-3.9760817637435366,-3.0952396928935912,-1.4079109473100684,-0.4634995842652878
51.473604978676356,46.87220007952165,49.656410878074496,46.28312605203882,51.33197164574537,0.0,0.0,-8.585510590019339e-16,1.22816723306234e-15,0.0,6.12409454327733,3.126935802259748,6.457869813639892,2.2610334834566927,3.660673444420677,-82.95243442989707,-66.8402599478763,-77.12092074957019,-64.84131478451783,-76.83262072987391
10.063308996707763,8.131107698545941,6.809978450069485,7.144743422494383,7.6455300429902255,-1.4121453211713087e-15,0.0,0.0,-1.118809354599663e-15,-1.858714129078751e-15,0.30807132072700344,1.2710451764262352,0.46474584355369036,1.145711952246777,0.46038984165324676,-4.44690423081893,-4.618258246567367,-1.5608785887820422,-3.1682692481314607,-2.2281750398887774
932.0187573938504,708.9863680432454,573.3525800216626,632.9993702644005,713.8296190091937,1.9516660894596054e-15,-1.2828098575196478e-15,-7.931373586376514e-16,0.0,6.370530708961899e-16,135.05750917415216,59.121517531957565,31.934635437788625,55.30178625491032,94.56596026240243,-3202.8398450794252,-2231.8142946956204,-1703.650892890695,-1939.386343275725,-2285.7409311644587
60.26185359352819,54.08695890003118,48.59482981912701,41.96890609587469,37.685934570138485,0.0,1.0509634857798456e-15,0.0,1.3544174520763936e-15,0.0,3.371840466602305,2.4795112541699487,3.142187017272342,3.0152363962802418,5.904676249424236,-94.71816077831014,-81.01068081838187,-70.415301897913,-57.24852085070971,-53.95839695005504
543.7010415151248,405.6557021926556,409.83631463459415,241.11806477628642,214.70738483843735,-8.363922747310277e-16,0.0,0.0,0.0,0.0,85.13903589342858,67.01775148930702,91.13429344945774,32.495596590791926,66.54226342692303,-1674.5291581417912,-1235.0332916732132,-1296.1903449095926,-615.0119160604429,-620.0979217199291
198.91096393178634,99.21339302834632,155.71032581429068,144.24506034576288,148.89295750775898,2.286185446481538e-15,1.1458819646369165e-15,-1.0951762877036715e-15,1.576301295158431e-15,-1.908868619855504e-16,33.28786808306415,19.324632123517386,9.976519549456969,20.876398061879772,49.424081649497,-498.90204748899583,-215.94511127118588,-337.9758794872073,-326.56946695351803,-409.06190910624383
39.034049259274596,34.49955846235669,20.890720262804958,18.67055330557991,12.479189796145858,7.281260840149945e-16,-7.72338945151346e-16,3.4012361796122053e-16,0.0,1.1387642104450533e-15,5.153851075713557,7.499674860214415,3.070837581458429,2.1802104688378607,1.5969711844938765,-56.93573853188005,-55.31859929973915,-22.394415771211577,-17.47051272445853,-9.17344582224513
77.0786932309079,53.59813514473966,66.46546937995376,39.451715643323226,81.49895439215817,0.0,0.0,0.0,-7.204175779669565e-16,5.231056577789434e-16,3.202134813743842,4.422210671202127,11.66325110865515,6.916566833393286,15.41005130802393,-132.06564379033935,-82.64734473750374,-123.54183923953926,-59.5755537804271,-161.9967293911784
57.045264568382024,30.913549277782387,70.39491265489949,19.236920618553185,56.900734294333965,-9.964616570875564e-16,4.596966394090299e-16,-8.074932792299119e-16,0.0,0.0,3.0306205952055083,4.795999176895666,6.366898949848034,0.31218839709349977,8.61331820731631,-87.77264462280512,-41.120069064881285,-119.93058246307517,-16.144181651579558,-96.12479282607049
68.2290989308795,44.76856986106233,39.474834151629956,49.665325465920034,76.49845044142398,-2.6035179523619605e-16,0.0,-1.4399913282083008e-15,0.0,1.486132556484497e-15,11.555300729893387,8.085009433815152,1.720829119845267,10.475478834812154,9.729490307528835,-128.66215348591243,-72.69476688918148,-51.21881269894173,-90.64049293801558,-142.52881249334607
94.07301042048832,50.39725739080276,102.97604337868856,60.14103272039837,79.136398460532,1.2084957971840985e-15,0.0,0.0,1.8903373051500034e-15,1.4365935262812786e-15,10.352874153539473,8.079902526847269,23.187890082869277,8.72620262809291,8.017916669715857,-181.7553944424892,-86.88867805442915,-230.44168238736953,-102.89789302066677,-145.5625185417731
30.030012166672698,38.66800722810572,28.865492515878568,44.80662556881818,37.05263041434957,0.0,0.0,9.846258266603127e-16,1.2686386921394609e-15,-5.752974035697e-16,3.103202140423463,4.599642214716769,3.1474952669306635,4.2022488719661135,5.440028426337413,-37.674047262118265,-52.72640805104713,-34.17449092401365,-64.96561594194033,-52.72460120370709
150.33831068654885,136.67763048259056,150.15610354393453,133.2577423904291,127.61775732712778,-1.5124133988528032e-15,0.0,0.0,8.531349524782382e-16,0.0,20.06393586827022,21.123154068063233,30.089687987529203,13.111634268273093,10.763979805802169,-344.83446397024255,-307.47525611721653,-353.21363415219525,-282.88087390827866,-265.8081288446415
176.64644230805055,175.30727030629527,166.9151871970632,145.3421518214152,136.206320356047,0.0,6.485004160009075e-16,0.0,-1.5644028424913553e-15,1.6693327802180628e-15,17.56859727531309,35.756198414684505,35.472129589794875,20.071121952650614,14.803580490727567,-414.9625028997484,-433.2993042822921,-417.4938430911018,-332.1064573034635,-298.23155147918857
101.4141973907212,62.15370079214268,118.75274240613453,37.029730754476475,113.55754104677868,0.0,0.0,0.0,0.0,0.0,11.014551610939876,9.76431324922135,14.295614404690921,4.476103142098971,6.033133399941588,-197.49546451586025,-113.57074402967591,-246.0819059350691,-50.189726438924325,-223.26256957761947
100.58300725018694,89.17666231805201,102.23855787338265,71.09496668013404,101.25546590952686,1.6954181550592594e-15,-6.374248304794563e-16,0.0,1.599084197241538e-15,0.0,11.046631069252747,17.14522606564466,15.4413081379792,8.802355254996272,14.196444849292469,-199.26225710860032,-185.2666465305771,-215.83814069143236,-126.45580079413534,-209.24146484161741
73.44166985725404,55.04083223047478,87.88011146452497,34.425088269061085,85.26059238992677,0.0,-7.745624914806683e-16,0.0,0.0,0.0,12.904622179682024,9.730557747950089,14.79037563329337,5.879327297682513,8.92453605925617,-142.77406825881738,-97.75852541531016,-175.2584012199876,-50.245297052303684,-157.84057775778396
5.681225244388196,1.2777380821730717,5.564342410414259,5.787002775807617,9.348259666592625,0.0,0.0,0.0,0.0,1.5201604600251504e-15,1.5818331510318842,0.19579177219917543,0.7067148960370594,0.8793263069491204,0.7862904863115207,-3.051982553884466,0.8263774187034155,-1.0678201952860056,-1.6504506642059076,-4.240273692947496
105.68257669142862,66.83364946981477,111.8356083999702,76.27810893478068,85.34026546828811,0.0,0.0,-2.541382824042613e-16,0.0,1.3321594103062794e-15,3.5440102233636197,13.307289958275677,34.171838682531885,13.48867212839464,10.310253445651826,-201.28948585227226,-127.041842889819,-276.07523744682476,-148.0502388967421,-163.9718424341596
251.56640966476638,158.58856021623234,158.5035847655628,147.77185057404708,238.02452952110616,0.0,-7.168665732673674e-16,-6.275945314015801e-16,0.0,0.0,14.490042886704108,4.290254100308295,32.03139934303771,19.797714312774257,48.273921000170816,-618.7972519279598,-341.5698171734561,-387.5801563962553,-332.73297398354896,-659.3779246877989
130.20260254884795,93.92077332456839,137.59300832456765,67.8148004610382,102.73386604114769,0.0,0.0,0.0,-1.6764310585405733e-15,-1.6599225080668341e-15,11.821458405138458,24.749098062139,34.03704656464409,8.979015549459803,10.605739569638146,-272.08551873311603,-212.32668005179912,-333.4975064478779,-122.30915909557419,-202.50462555636958
28.085565913187693,12.690659972004303,38.010473997520215,5.85420740334374,42.53345146224447,0.0,0.0,-1.4954672458048392e-15,0.0,0.0,1.1873151229392938,1.308306757836775,2.0381985820663444,1.921738035590849,6.728974550350245,-30.498593516694694,-8.379206022880718,-48.73565838887723,-4.218064332672689,-63.6566878929354
19.35138794887798,28.66782517963539,11.258354367340113,32.218478902569345,14.752435932250151,-8.835249763166855e-16,9.914149138384514e-16,-1.2622497259836604e-15,9.372902538672003e-16,9.632886921498706e-16,3.270470252305776,2.9857157346927687,1.174500023765006,6.26830861271109,1.7189388156909347,-22.204783944337557,-35.22338279467416,-6.611336158384732,-47.72706726732086,-12.137471790136496
23.64580697613158,13.004269325359298,19.699633143562355,18.31675303377742,17.40579619055569,-3.0049417914868894e-16,0.0,-1.4427532341987769e-15,1.551678366683894e-15,0.0,4.976134838456264,2.019968483863517,3.951057437328688,1.4318911131332945,1.1876305721239366,-29.179750172193405,-10.21823080775141,-23.339706556611166,-15.765603345037556,-14.154814090812145
17.70709402227229,14.469029126279716,19.91582085525984,11.930487507156336,21.197450928529413,0.0,0.0,1.427092040893596e-15,0.0,0.0,2.7450401889627045,1.8094817361079747,2.042397507121084,2.547470430212304,3.507939406462055,-18.495152703302338,-11.619071826898143,-19.154525471740996,-9.806252910967078,-23.200555077849895
136.15433287814795,149.41206063843188,118.9900948684058,135.16165260111026,149.7026201021245,0.0,7.608946509126279e-16,0.0,1.6822350945519909e-15,-7.594178221066596e-16,8.132350039224896,27.92365764963864,22.46674298078539,17.910223311683602,19.140892834518997,-283.2497512131972,-352.13490651552604,-268.0216795541775,-299.1664585697834,-337.566875940198
63.95993524267352,48.368010345395675,59.52619587631378,41.1414170834056,68.05212568836218,6.66551083640903e-16,0.0,4.774655764910615e-16,0.0,8.352923334256552e-16,10.646003303566246,7.737513081824943,7.822687203860799,7.60159294343444,6.4175384443873105,-113.73158853682772,-82.20013971309088,-98.10283280731407,-65.08730134793443,-117.68121200252727
52.741747971389955,47.7700996103158,36.259553245729435,29.75514493973536,23.513023086389087,0.0,0.0,1.567681170134188e-15,0.0,0.0,10.11160904511425,5.10371031682301,1.8598097147798802,3.1514172237947924,1.9266234525135788,-90.20797333643053,-71.16504432684516,-45.42939549534809,-35.14536493358494,-23.849406554382472
592.0582900705372,553.3458987736616,586.3235290575968,495.10334182427596,563.0099785355035,-1.5361573632632896e-15,0.0,0.0,0.0,0.0,60.39852521525541,103.69038148018033,112.39257912120608,71.03617186155219,59.52917868316022,-1809.4703017138554,-1775.8960978045884,-1909.5747644669618,-1509.4301465811022,-1732.625037159883
74.38850019243881,52.151839463751045,83.98664927556338,27.975610883385805,72.98014005032408,0.0,2.724899996112214e-16,-3.384074692294403e-16,0.0,0.0,13.423451175041727,12.37105653319136,15.598506100388283,3.6809065774863576,4.8668973720336,-144.68193740557288,-93.50287585273892,-165.7923370521592,-34.61854430523316,-124.12399225043409
69.76486478953797,35.81953225430627,45.005967690830545,38.996730566904276,81.39213261284574,1.0184822086355624e-15,-3.967347930260468e-16,6.315097950042436e-16,-1.4576457573356125e-15,0.0,13.327504270325512,5.088502536894204,3.110091956503067,7.817243812691449,18.84484637724259,-134.7350649292663,-49.63465586985899,-63.01647756163164,-62.6692551922412,-179.53934860179976
2.1470390107842734,1.9319091074502666,2.2934306030519553,1.8117298463093765,3.1369977928678123,8.273519160471054e-16,0.0,0.0,0.0,0.0,0.3442307875654898,0.37887293931175964,0.1768623422578401,0.33225044804031234,0.33127948511564087,0.746424846130757,0.4855387044968609,1.011356551682257,0.6137701178746164,0.4562374474720584
31.919024682486032,19.539867899361244,42.00492622685493,15.931161002714628,32.39586387327338,0.0,-1.4545497224847211e-15,6.766280049370307e-16,3.3450609891474275e-16,-4.386626259078084e-16,3.4360145250521446,1.8819500045695854,5.995143380219362,3.380296053242939,6.448780225477256,-39.875920352857385,-18.830531903605642,-61.88167223640098,-17.8265795863495,-45.56453537952778
11.376849143052489,9.976443442862452,10.160215896095318,7.037564214271967,6.27974992543674,-1.2491028523376493e-15,0.0,0.0,1.0096429874403718e-15,-1.697223800780611e-15,0.3364719690588554,1.3604391692375795,1.6399270584019807,0.7809945134938759,1.1371929902923053,-5.890110690169361,-5.60032692908311,-6.836082390804312,-2.3286918657485787,-2.5395854378139826
355.87495837611357,80.92256084920548,454.1593909600215,336.55168222682835,254.7583910271204,-1.2778290244458708e-15,0.0,0.0,6.755980951834532e-16,4.462535552342747e-16,44.44346235171086,25.028345093325804,87.87942757969954,46.77902819312536,19.507171760059656,-986.8850367586372,-184.49998297063436,-1377.7536741796691,-946.811760102755,-632.318763068534
19.342584439153846,23.95844099051825,19.92140189238795,24.72442111367141,30.226283332574848,-1.4693853099005695e-15,8.897190798532801e-16,0.0,5.74769967307509e-16,-9.402978565933692e-16,3.8233242473084545,4.8094025438926975,4.19976865469651,3.156861643844649,3.1704011234359117,-22.470944560220275,-31.527031214919504,-23.11977790256652,-27.123768015222073,-38.16481863055383
889.1459518251083,633.9712213067385,861.9038644742807,615.6648808573565,750.6018240462225,0.0,0.0,0.0,3.6931402539413694e-16,0.0,55.347228176042336,99.50777131703182,192.78866001734008,95.29610682147216,89.69083198978831,-2891.342046100079,-2078.6214557192466,-3075.5476388402726,-1956.1790634146641,-2457.1353220425253
109.06857495162224,100.56613642842372,104.74158286792915,91.97826838520636,104.7856379076405,0.0,3.5327136996349523e-16,-8.140523176809788e-16,1.2360184608552735e-15,0.0,16.72638867241681,15.379788373031511,11.422841385104352,11.15491003721879,9.966454743528047,-229.3847142369053,-210.864543136178,-208.85624946763363,-181.16350190802842,-209.90392453536734
48.39398056901642,41.46921207338545,34.53882047689385,24.338688591312888,22.993687696828122,0.0,0.0,-4.114458605993489e-16,0.0,2.4721314653955798e-15,4.140430178819896,9.13150871590463,5.8063788002628085,2.2370826191173347,4.511417801396249,-71.21574939411954,-66.70286569917646,-47.74144113439664,-25.94806424165758,-29.28094565207459
75.91687873519393,53.93958386121281,49.361257136173506,38.84238075622466,57.57097067894453,-7.487586398155783e-16,0.0,0.0,0.0,-2.4684063074863784e-16,4.303142947210461,5.311288916647948,6.990304089432054,4.73421702567728,13.316707229596403,-130.59899787896555,-84.32088092887516,-78.92462391182441,-53.74581523545783,-107.69253652699338
123.77708441870021,86.59485417000575,119.97020947475488,88.03729359247009,96.33711561317111,0.0,6.564295235050714e-16,-4.738127832707459e-16,0.0,0.0,22.082561802717947,17.602384582680735,23.96758908523134,11.850594902196761,11.437919203923235,-288.30552315943083,-174.83272086154645,-265.36419544263805,-173.52275389651393,-188.74399734530854
43.50789947237968,11.080381636690946,38.69239452599432,30.31343118525082,36.63028851308768,0.0,-4.809464775612394e-16,-7.345554540779258e-16,0.0,7.759073319951925e-16,3.683080350564973,1.928377079149948,3.0198416954683065,4.95488353695399,4.435735243485363,-61.029282094408146,-8.174150441519586,-51.13354332708034,-38.87600275128958,-51.372162138801414
25.50970302510577,12.565776939289117,10.88561593808825,23.46692265039035,38.77049570664688,5.570764466060687e-16,0.0,9.791031666944244e-16,6.0556958945640105e-16,7.330757296851209e-16,1.3815368061789364,1.605558163866408,1.189301492252493,3.6658346427856636,10.219315291731757,-26.362020095687793,-9.330681901768747,-6.252545596304747,-26.39139624860605,-68.22446391023091
37.58905228358269,21.861614181758465,34.152344587732756,17.684592589624245,20.541295486023973,3.780583401781775e-16,0.0,0.0,1.6071452755479e-15,0.0,9.876831892124697,2.6816303705204847,6.694346181157384,1.9652188152371393,2.855832771582252,-62.80812172185681,-22.547112612065842,-51.411348543815784,-16.1656854530289,-21.94193735241948
56.0455522380898,19.96776715382369,19.046933818321197,42.88619249215441,70.51014193541005,1.0142360382020819e-15,0.0,0.0,0.0,2.0154341382860473e-16,5.608537600931242,2.9962064135983733,2.530096561314728,11.972489496392651,17.991916191001682,-90.01711463409231,-21.572557593992876,-18.47425339964781,-76.71717154317764,-142.49762274957234
127.47768140467092,78.76883081766378,62.39671879291115,82.9842277595942,46.42906013453854,-4.459087915190557e-16,0.0,0.0,-6.849906349129829e-16,0.0,17.943108897840553,17.61230926526858,12.222830636815225,2.9026979227765546,4.080440743920437,-272.25263177232534,-161.1450236418508,-118.74445228925134,-145.71271115318783,-67.46335317804262
96.70142418759646,33.72905321102327,23.354117832181203,46.50032520324722,69.9659451732655,0.0,0.0,0.0,-6.112152830367573e-16,-1.2186661393633607e-15,14.893950417271581,4.303933873138263,2.529036919156148,7.756542757462943,5.758556615322582,-201.39492474597822,-43.627054256611814,-25.808915363418517,-72.30103687131177,-118.60298036990301
38.177964985648984,23.451304311804197,24.054948456571786,23.435735309200375,20.38946471888285,-7.444532321481166e-16,1.2119457857232256e-15,0.0,0.0,-6.098491572604191e-16,6.776579842498365,0.37285283491959953,3.160797394274869,3.6401230167416037,3.268641219655639,-56.33883584843177,-22.56417497652529,-26.665728893650158,-27.14010027582124,-22.558517701386407
34.96000081821444,24.856302357040665,15.945236029479846,24.617536584455436,11.932545618599823,0.0,5.002553355358435e-16,-1.3368433075178737e-15,0.0,0.0,3.855051104058151,6.141470137795455,2.322717031011026,3.1884099320584567,1.5170544594772064,-46.07417895794568,-35.60657191457181,-14.816672973545604,-28.24512118662733,-7.893033939063318
19.037497590073393,22.13898731577049,8.904934416210294,10.867170480770193,13.757404180222844,0.0,6.418927167946405e-16,0.0,1.3076867378080215e-15,-2.0659209439570037e-15,3.5795422501917233,1.7806856169000944,1.597900457945411,0.5597283566383491,2.184512309749128,-22.10469175073494,-21.98251984858038,-5.3391115035148,-5.470348444328615,-11.35221967718207
33.17298805673898,2.780800027340093,25.554891062637488,25.871085255349453,20.06414541222506,-1.5529004578814931e-15,-1.277586897249409e-15,7.646256517199986e-16,0.0,7.08271118616562e-16,4.930338122979877,0.5375853746495095,3.723886165312837,7.427040022892162,2.2695432784904823,-46.5722200095894,0.10766761225097281,-31.432138332430668,-38.67822666220781,-19.491179574831524
23.483598806329187,12.151787818382157,10.519177912257385,20.25411841053352,18.807937991014754,-1.2102791256484898e-15,0.0,3.377368182603634e-16,7.01627907330264e-16,-7.083539036478434e-17,1.194842451405869,2.372360872691342,1.5764339651321129,2.8512139326679358,5.632178704875523,-23.124349000048866,-10.705657019236014,-6.719921310936753,-20.738714328547704,-26.206206726348746
49.52099756871539,14.994940460084393,23.450584428802948,30.82543040858703,25.999436783265956,5.739324897679214e-16,-4.738549897223808e-16,0.0,-9.220214950343914e-16,0.0,8.859631559054364,2.857207387186833,5.317268531515748,3.9836895347834806,4.430191796415956,-83.51713921259926,-14.025154717488789,-33.0277437530825,-39.35171863439701,-33.914070135167265
76.32047125161036,70.1172606701456,54.23074329991069,58.243749872581105,36.712788384599754,-3.723995536755063e-16,8.106908101874936e-16,0.0,0.0,1.5483274728501047e-15,9.532015200655191,6.006753531936025,2.75764645612769,5.976187265406986,3.587428664104181,-139.16910010135402,-118.48024287747523,-81.42041770486144,-97.05608604458644,-48.29582936098872
91.00087585575733,45.27347411390351,21.014895952972736,55.606680436617424,45.401288339522196,0.0,-6.27778406377603e-16,-1.3524553961155118e-15,-6.389005153526503e-16,1.2520221548718773e-15,13.086695337844857,6.118694066364983,4.290263206429187,7.178622821204513,1.2568567163965392,-182.1247271570238,-67.51306009388176,-26.344833351880926,-91.92308622134412,-62.51924745132541
340.86725429226055,252.3148259948684,179.80003527777916,128.7517846648359,67.70569206167124,0.0,0.0,0.0,0.0,4.197831609861614e-16,15.898816905497549,26.208924812946062,34.94908190880896,20.516273818860167,5.097646268833607,-900.1285059976108,-638.9704429893181,-465.43022283569394,-283.7193598428454,-112.53084336053382
23.910323611670492,2.8181906960040237,13.288112583907196,27.07852033755574,24.558073783234693,0.0,-6.303181831942697e-16,1.0694411734900795e-15,0.0,-5.786632469889992e-16,3.6228948439081745,0.27787534373732753,1.8577077782753582,4.810462890816643,1.6263882623585828,-29.01465032973016,0.8121777085639489,-10.336861873552188,-34.05551616977592,-25.164536763406083
227.3786395099467,155.29803254485753,88.42915165879299,143.00680415664175,134.14171481086808,0.0,0.0,6.428131198198119e-16,-2.9811563440651854e-16,0.0,31.567876345306725,37.6324464687072,10.76258766969958,25.209656551793813,15.601478731590165,-577.2257724550101,-400.5494547355902,-168.05405719557598,-337.47538949635066,-289.872929135652
54.90910252338091,8.335985100466026,19.933713681077283,50.21354402482753,34.60172805341086,-1.035227607965427e-15,0.0,3.564527649630112e-16,-5.660167985026353e-16,0.0,6.609108483863316,0.4455788764381091,1.6204680476356634,8.816391334577151,8.388431074594438,-88.55401954135881,-2.831646803383609,-18.196618757523886,-81.52941045238538,-56.43031872507611
57.14652237112636,32.62180748407056,23.834667133955868,34.00734122239831,26.58825510948943,-7.460220215805535e-16,4.3562438170053135e-16,-1.1924525427885354e-15,8.357521761120382e-16,1.0689573013860623e-15,8.350840435150571,5.860675644027309,3.4260236189746625,1.9362935407928208,2.4904325524200703,-96.12294371556465,-44.96474305533506,-27.25908869762944,-41.3444856469027,-30.094217600813828
311.1603542570924,158.43548883138482,100.19950496423148,210.2796455041442,110.97829920597493,0.0,0.0,-5.673023921734901e-16,0.0,0.0,35.97632512482918,54.94751511786114,4.587090555952982,29.013548308081027,21.3532367462079,-832.7803042921404,-451.9277757914753,-188.32969491305082,-518.6506053131162,-251.60719268252717
42.57417109433331,29.0789733886716,15.905840578716239,26.71136519392235,22.632643265703337,-6.67581040331446e-16,0.0,0.0,-1.064030581142697e-15,-9.418379383509704e-16,4.822507022129488,4.232104884965805,1.230685343514277,4.06586117588529,2.2951031981771735,-60.79712404503624,-38.07090511814612,-12.164693990541195,-32.662268933179256,-23.29785517593325
24.523982988260016,9.143163730385114,3.5268547915597503,14.327488954654694,23.12981910820573,1.1589352938309365e-15,-7.77130057726935e-16,-1.5109979948576142e-15,9.918594081753036e-16,0.0,3.6760033008328024,1.280771188217474,0.35173144949662444,0.29195611634494645,3.676336411717304,-28.96171095499055,-4.817717420474471,0.4792641280443038,-9.420494223945425,-26.768951003250887
4.686188348906063,5.195289917065843,1.1559971331803287,4.367813433811888,3.026625135477909,0.0,1.367667150635927e-15,0.0,-8.133849425203056e-16,8.803651393318787e-16,0.5591166184995209,0.9103003178245878,0.15085334376443138,0.531588390049171,0.38311033865801514,-0.33345159840303096,-1.488037959073114,0.8835815467031299,-0.06473062458021998,0.5383806519169683
37.29453322865795,34.82573799039601,29.095910346627207,27.125307303283826,23.669220777726537,7.620878174328278e-16,0.0,0.0,-1.0477930853510824e-15,0.0,2.513965929841714,4.090487145822263,2.2601099102442386,3.5853039468706394,1.8449634726707143,-47.8447931655064,-45.65593232797596,-33.27917986198512,-32.504945567094694,-23.858613879546013
2.2529649191505743,2.0777111951837597,2.488191097003296,1.0625250554703298,2.4650637524723296,0.0,-4.2747924820300723e-16,-6.246755871553382e-16,0.0,0.0,0.3606920637214075,0.2629122744348488,0.579890475602514,0.17676960309292614,0.4692361968394586,0.5730643344595823,0.9237462226655389,0.15480024227540892,0.7930047961529516,0.23462854118901358
102.11066390919954,213.6810872515652,112.34594257623846,149.22251114627585,359.42085308115435,-1.1133689016331383e-15,-1.0640795512966793e-15,-1.0119354123044332e-15,0.0,0.0,18.786478096836902,11.289531816762064,7.481185557023889,15.24726708610619,81.84294667376355,-218.95047022434048,-503.9658507659356,-221.35740844517017,-330.8187822339982,-1094.2125194411192
16.014763324074977,4.286445814029206,20.66805407139206,7.4299221195710725,21.066839226556265,0.0,-8.288250529547681e-16,0.0,0.0,-3.3728018148275893e-16,1.826471164922829,0.3986382748491159,3.066919648172369,0.7829356781323175,2.666200050708709,-12.974403004490544,-0.021980251068952836,-22.8303279314816,-2.7183155471206484,-21.591298257417392
106.55031675621112,24.533997595046152,53.704721805899354,95.48605677559681,157.92317940328823,0.0,0.0,-1.0584435958211011e-15,-3.720662260825982e-16,-1.7997174029673962e-16,16.883840882682364,1.5967538716600684,5.321044639923121,22.742752173818204,45.757253317596344,-223.5870730933036,-25.064834309241732,-86.3002621998459,-213.3820690619839,-420.12767038024094
68.1206605208204,26.49534270028295,7.192603922304919,30.91460681607265,74.42285791398596,-8.344519625354249e-16,1.0727058620042112e-15,1.481819540118098e-15,-4.596809139365704e-16,0.0,4.116236485981097,0.7551493244794327,1.0710193176978737,3.9891268344346007,3.13336849193876,-112.48622522048785,-27.62239317450695,-3.2061162986446763,-39.08027145134354,-126.01317342468413
15.653461985153593,6.910141006232809,7.862551909590977,10.854396422993,21.584178856887238,9.078410085053506e-16,0.0,0.0,0.0,0.0,1.3373254923224562,0.22354389416087161,0.26279938662126956,1.3272419418861878,3.8876510977512453,-12.031450081010005,-1.4451864355805133,-2.280767069042917,-6.463152067523484,-24.380414546468376
20.292781603695147,26.262986936455874,16.15410710345971,45.24556827003736,7.647004986161622,0.0,-1.082196381514838e-15,-8.797053668264015e-16,-6.28165597584626e-16,-9.291778115038916e-16,4.0649930811659365,3.2912657955126083,0.9146086476751668,6.424222403640255,0.8352987914445552,-24.449393294825757,-31.257765219183103,-12.197024456072073,-67.62479390613753,-2.8128859298201143
29.157758319031373,24.693123085596863,18.277336639018426,14.052160435381797,17.82655009423258,9.747563279531355e-16,-1.1509969529525398e-15,0.0,1.0112932300018887e-15,-5.978801832133369e-16,5.384837480705033,1.1940200734724347,2.154953749171141,1.4462066639000064,3.933252619575287,-38.95622620475993,-24.952289832239885,-17.028934907964018,-10.441501295487182,-21.50310608831934
0.0,0.0,0.0,0.0,0.0,0.0,0.0,0.0,0.0,0.0,0.0,0.0,0.0,0.0,0.0,0.0,0.0,0.0,0.0,0.0
129.51876061458057,65.74231619806135,12.968393416945311,39.712852703675104,68.7573575242805,8.777634775237167e-16,0.0,-2.739517197371807e-16,7.156803778987604e-16,0.0,14.563357468763616,8.615466513324378,2.3856171979666434,7.709073300140428,6.211997291492142,-276.3927091433203,-113.09609369435171,-11.524072339545386,-60.32262644951793,-116.34120577081158
72.86657104487443,45.36144098784256,5.884871436181179,16.55979600524098,34.25397951432635,1.5602056758181016e-15,-6.265609912617499e-16,0.0,-1.2872309578002442e-15,0.0,1.3547497644460098,2.892298571291302,0.5192329729463571,2.64768910795685,4.6542717778931655,-121.49650132028025,-63.68041326798032,-1.0567366694210354,-16.028168990518132,-45.82109595430941
64.35203740326394,39.723464551415645,5.126879169461023,14.825672127392314,22.64088556952086,-8.833196454153745e-16,-7.154891888550323e-16,0.0,0.0,0.0,3.6626095992854784,5.2281790548815605,0.6010479952685943,3.628320804033181,3.0175044571509764,-103.86843106318143,-56.21304554509663,-0.8005581596737356,-15.611679433399,-25.140408901499505
64.44425342257827,36.9816649475738,6.984963033384335,21.211797083512533,24.08185003671803,0.0,-1.152802725513929e-15,-1.0172462364712473e-15,-5.024628980957885e-16,0.0,6.249289713199396,3.7125134260386448,0.9604455631165074,3.8841164298646187,3.3552451989949605,-107.65321697482115,-49.00308093620046,-2.8177710678827825,-24.37259296852569,-28.06913595005489
40.93105877575986,22.01778857983919,10.881433914338004,9.621417355281952,20.091664034489348,0.0,0.0,-1.3059726160241587e-15,0.0,0.0,3.4795227041130548,0.6050636339508181,0.30339324188215155,0.9622324865719382,3.549568806038404,-55.535732200399146,-20.419566569485706,-5.3237252043697865,-4.587247553907735,-22.31905421504015
45.10199266854408,29.9439060015387,5.910525901859769,5.365575973531444,12.834159097283319,-1.2603305419020405e-15,0.0,-6.010824988826505e-16,-3.310654528354598e-16,1.1072680810237189e-15,3.4519228595271354,3.8157192062036676,0.7238498594247145,1.1580103293927055,0.3099823291379122,-63.68309648451095,-37.25612803405304,-1.2968369159852149,-1.7048732055150266,-7.574613117238655
27.55771217435967,16.841742604065516,3.816389526412376,4.549633778213635,7.543490290936971,-1.031352285363087e-15,0.0,-4.654548041038482e-16,1.1713185671601802e-15,-9.419283492865002e-16,1.5246540125212273,1.988478379981432,0.431778817534288,0.6003170761325741,1.3664423065350408,-29.875929621556374,-14.396333917888079,0.3100639715756209,-0.4281270185405063,-3.6713287397943555
36.39012863732556,24.70657158321796,9.066130135263776,1.8744747422617072,7.677270025529083,-7.810280011280779e-16,-5.751852161007554e-16,0.0,0.0,0.0,2.6611875994645864,2.058774860517303,0.143303675456096,0.14250950415453226,0.7168054785213263,-46.45676006989183,-25.6749714838812,-3.3705898537178776,1.0627609427312945,-2.5561815070562712
50.06871530654719,32.17649909744446,16.251681180562713,15.155718778313139,28.95652419325099,0.0,-8.833064574343742e-16,0.0,0.0,-1.472295634002321e-15,4.474579286439319,2.126616291698121,1.618330831490328,2.7347687738593125,3.7984758422128837,-75.09868349848621,-38.28684344278595,-13.973362008026188,-14.911362774616421,-35.67913883214452
401.0304100224508,221.0235905750565,75.20845950130482,94.72905878659739,208.85966618816212,0.0,1.0287303488811035e-15,-1.511623007244865e-15,0.0,0.0,49.164352020499564,22.355857768832802,7.212784818789344,16.503409817572575,6.942244144311149,-1138.8927587459405,-536.3759229133053,-135.34326773745775,-196.43565956049082,-486.0704343344882
17.181495767914654,7.936290768023874,5.296382652186379,4.9233576549767095,6.573450646945888,0.0,-1.3429625183775072e-15,-3.353905780706686e-16,0.0,0.0,1.4226491775629546,0.3854192647937258,0.491784088694499,0.8778874070109247,1.3747322916226998,-14.011183770323553,-2.4270245588918185,-0.5844196039548443,-0.9650065228894567,-3.5291593830357764
24.336340539357167,18.66918317219701,11.212688621230072,5.808442094888039,3.6912877730459575,0.0,0.0,0.0,6.116465690390913e-16,-5.752197241570026e-16,1.0377503658812506,0.8435978847555565,0.9005189101729786,1.191660459822699,0.6204290201023345,-24.262969857868786,-15.57383423537345,-6.176328859707059,-2.643552289790111,-0.49300525028769837
35.06945915781273,28.415828128709588,8.993705089954084,19.19820169960781,14.939945810377964,8.104404833421064e-16,1.937901009676062e-15,-7.900445129713808e-16,-7.402180129971396e-16,0.0,3.045997473816265,4.5589903310730415,1.7075633829959311,2.5893510048036954,2.7932761090306872,-45.393709354776654,-38.192289219223056,-6.037075948883152,-18.9388610451367,-14.869581913209315
22.384466558107864,14.53968385783844,3.0981939354714907,6.049328302920206,9.303141545966508,0.0,-9.77384023899587e-16,0.0,0.0,0.0,1.4552991762321315,1.9634258485728429,0.45604370525350785,1.3924671993549724,1.4470057786478683,-21.603877418179668,-11.649562649377666,0.2956019072494531,-2.6131380575993997,-5.33552897319883
29.2052023228403,21.381351229076717,13.778352361849713,10.755393061882321,8.658570028696126,9.731728312039957e-16,-1.329275644270463e-15,1.0313899907618728e-15,-1.1561174756011724e-15,8.206236519485646e-16,0.6346163435612981,2.0107820217307997,1.795131062375059,2.267335106769518,1.1105006703205746,-32.13958707284708,-21.41466052295749,-10.928875373402244,-9.34036193243564,-4.308214809674134
8.794891969354648,4.179500402225914,1.6110008278732535,4.688368292227784,7.543212788311476,0.0,8.500330989101952e-16,2.7566044794422764e-16,0.0,-9.419630013104176e-16,0.955310059928768,0.16325250146907455,0.16287729456878577,1.1667499809258919,1.0652756053050803,-3.9876980982716086,0.4168784690417205,0.9911875273187553,-1.5362002634124279,-3.077001478832958
212.02791830621086,133.5706850231376,61.38263463770369,67.23261036624137,78.283083619008,0.0,8.511361433979528e-16,-9.260504896264667e-16,0.0,7.261264660632991e-16,9.823956627617624,12.555956485807894,6.184053206392782,5.947620031642965,8.132412059545103,-496.95148085722457,-282.35207228200983,-103.24073529747882,-112.58801568661598,-141.3100324116286
148.790213507889,82.38802185870057,33.62934925807403,39.58635325683209,68.0221924039191,1.528149399632231e-15,0.0,8.451459828227355e-16,1.7949183930890874e-16,0.0,19.35025360287866,5.208109848821686,3.299142904458133,9.455428508061605,5.350587645599026,-337.3627134122206,-145.81753963605712,-43.41095692238664,-65.88405998669636,-113.8771222696695
12.899394735463868,13.92239543764337,5.0933950090761355,13.89594584319455,6.488319913859261,1.101668334571744e-15,-8.931291983117619e-16,-6.975138728627507e-16,0.0,0.0,0.40754562286823093,2.139140051527641,0.5212970376677712,1.7381269087721543,1.2167199101305688,-7.698682652128394,-11.907783291780182,-0.4724859294331583,-10.832045217093953,-2.930720767116698
3.7815338819121664,2.739110141428036,1.7725692489042069,2.015406459230649,0.6934300783012446,0.0,0.0,1.0021367799866692e-15,0.0,0.0,1.0122165743490725,0.4529211380571975,0.14222825900595584,0.22035247291729873,0.09830797781345675,-1.1442494262316483,0.4258815740527398,1.0374464536797814,0.9694295979078009,0.7109276887531094
16.43002951873296,8.334371655810626,3.9652013080563315,2.7936138989186015,9.765101695259695,0.0,0.0,8.959730926100132e-16,-6.35863402629788e-16,0.0,1.153980783499997,0.4556880389815498,0.1928221656544172,0.4203359136507363,1.9380010942613086,-12.701127120449293,-2.8648646589441236,0.4943709528675434,0.5591809072049713,-7.253250691316113
5.988906335493844,6.008394964107065,2.4786978395858816,2.6832223874538226,4.577786532015507,0.0,0.0,-2.8274050717360455e-16,3.310118549446586e-16,-1.9401918667209637e-16,0.40858882206868763,0.9788691849967084,0.6056026674878129,0.3035270921067105,1.3120315831473224,-0.9041049639468496,-1.9354779243527438,-0.3119628077083142,0.7770564605107342,-2.0929422083515723
15.410181900937873,9.871657730485989,4.973451158865855,16.014353185427375,8.298450124857446,9.221730675571794e-16,0.0,0.0,0.0,8.562354717680564e-16,1.6723425708918462,0.6779115351653676,1.0313023844979445,1.4842063577225673,0.255484437027172,-12.725489739021,-4.5594048444540025,-1.3562699745713342,-12.637580535178115,-2.6731633639241235
8.425381043517678,2.4108709135694166,10.601155233967315,1.0080829312385298,9.44477425586408,1.6866720498220737e-15,2.763042231028658e-16,3.3512514441984583e-16,-8.810568973813593e-16,0.0,1.0533843616032734,0.4809223318367833,0.8765676105669048,0.09447985265867236,0.7924012861756066,-4.187223425277144,0.3929312137483109,-5.569307797208205,0.9059124816796403,-4.189730516137144
98.8748387311971,45.9677581316278,13.770146620213753,24.954943979750585,44.7711100257942,-1.1498055438622469e-15,0.0,-1.5480069065867445e-15,0.0,0.0,9.044251058239887,3.689487462272713,1.4850102006099235,6.973951162812194,4.503941806917832,-190.50539863136683,-65.88276761970302,-9.882311186354059,-36.20909970786401,-64.71174705008865
47.04480324084074,27.363821312387152,8.20287604200621,17.657295592184912,26.818357464783514,-1.2082826358057941e-15,-1.0386601018161877e-15,1.6782852056831703e-15,-8.0481490730051e-16,0.0,3.1269704517314514,3.653520218437446,1.9189883516575967,3.1903535735564086,3.693533948030325,-67.40849191092991,-32.78981283828381,-6.538583503062414,-17.5587288678779,-32.2376419355019
0.6486683140342057,0.29703980391701734,0.6966069718300469,0.10218235918028752,1.3251385029148062,-3.423083880020112e-16,-7.475247491984707e-16,6.375032519175077e-16,-9.506975121146135e-16,1.3405065474234834e-15,0.10492515138173045,0.020125671039114935,0.0841434254545117,0.019875680869116355,0.1599956403863864,0.7061076965193195,0.5082392742350781,0.7800517618172512,0.21573211883824944,0.942323753613743
2.5450538026464673,1.8306848842653785,1.2808272242546925,1.1977577099636934,0.5508158536832444,0.0,0.0,0.0,0.0,0.0,0.16094230716815047,0.34556547093643886,0.1523801801510021,0.3298446744379836,0.08311146902064726,0.9969422837216919,0.48706421151385587,0.9439515110002564,0.539370543533578,0.6578649629644336
39.45450696259881,39.26863806984726,8.937787831337673,33.24654450211401,20.7830157384318,0.0,-7.237762964900951e-16,1.5899744974227183e-15,4.2743854821659416e-16,0.0,3.586829962162568,4.887167341447347,0.314960478069485,4.366786288577677,4.852458178355351,-53.14764140325564,-56.021211110043154,-3.3211664804348184,-43.37755376903815,-28.489378933885764
0.9898706176739761,1.6643481923120735,0.97173337603354,1.0199369712762612,1.3419788613369503,0.0,0.0,-1.828029049131825e-15,0.0,1.3236846649212863e-15,0.05090535696875612,0.49909895975734125,0.06712847515362509,0.24483348063494548,0.09336881917273224,0.9733625210882603,0.17441690871742963,0.94321118562237,0.4710459777116536,1.0424193082586697
2.0193203004574825,1.3158672380080763,0.7972296642106281,0.5735587201902904,1.1129408229938778,0.0,6.749757073096716e-16,0.0,0.0,-9.975580028043089e-17,0.2569680809119787,0.049974509839783916,0.020202730613481122,0.10898001468120208,0.23765216541341216,0.8883446186168055,1.0749308993883222,0.9054329502407084,0.585489419818721,0.6710150560272905
2.1412212479698667,4.155140712024881,2.258562676916961,1.0150208012545872,4.939042700483993,0.0,0.0,7.864988018951313e-16,4.375173487096609e-16,-7.193122016240837e-16,0.41405641325850456,0.8737160373514623,0.2678723580305187,0.07551863966293018,0.44668618599348064,0.47138876643515554,-0.6663044826989407,0.8015016936032592,0.9592560545782246,-0.4377879561890843
203.47600496972476,75.46931282706137,42.78121299953756,99.50015536934772,182.04301371047077,-2.234894237058203e-15,-7.531991047946234e-16,-1.328700494336672e-15,-5.712897497476607e-16,-6.245053594994235e-16,31.789851976720357,8.02336887679496,8.380707536336214,6.78186776161166,10.499661011429604,-507.07407057942453,-133.98542199685548,-70.83436322153864,-188.6869464177768,-411.3645614614017
159.69604258430405,86.25003762619795,26.69369258089808,50.66481662127212,130.93395345374987,0.0,1.6476346105251482e-16,7.985512685516154e-16,1.1219505497418844e-15,8.682762165412955e-16,16.798797290303302,17.150126349500646,3.562071706724851,5.154195919536305,7.869515641557325,-362.39928730101536,-181.12248564069873,-32.22661994228289,-76.4661014806874,-269.74992028726183
108.89191877212792,85.22986014050937,86.18195169202683,64.67555985825943,112.50316150001834,-1.5660506170277269e-15,1.3338850672075805e-15,0.0,-4.394505357617619e-16,0.0,16.560877378263484,11.982116729346487,12.99311576338121,14.54047019332146,8.419725512551194,-231.66874446766198,-164.82480748921787,-170.21033287545103,-123.18861730517494,-222.59871486729298
132.90383146780977,60.90029801637752,74.47521359630103,68.78414355484763,83.63840630354558,4.2770338697553565e-16,-9.33384904709686e-16,-7.632528477049076e-16,0.0,0.0,22.022886412169072,10.20473411861692,7.569210671521137,9.423733153039699,11.575082356456985,-301.3045800415844,-109.87147535373931,-131.738857825433,-123.0118973109817,-159.16242824797854
245.04438091006864,123.36929013798446,111.00937576019598,105.15498160745295,135.0472355191343,-8.698947510502633e-17,4.607582551316502e-16,0.0,-1.0811360145162953e-15,-8.418301736025408e-16,58.81961995839935,17.110932951676403,20.135846069484693,8.923433609604114,9.336869901287805,-721.7910566444417,-268.7295230395348,-247.41722822337294,-205.50479131027862,-282.130273376323
32.066381158892966,28.110568423448093,16.618604831083076,30.679321867561484,15.634229710489636,-8.863397865063367e-16,-2.0221369416846357e-15,0.0,-2.3160314260772057e-16,0.0,5.636793571169632,2.905424152037943,2.9973746390983607,4.990103007729049,1.2473614338258072,-46.09525190994828,-34.03135043954301,-17.436420459778667,-41.00264820760821,-12.061008786887022
135.10118596149948,95.00111043822994,55.69525463199725,65.82240482467427,87.40489884906088,0.0,2.9917239176781944e-16,0.0,8.635876949834507e-16,0.0,21.656475593627004,15.944156873993098,3.347739740881491,3.8632468582512347,1.4946888797265903,-305.5806555438318,-197.23673105090586,-85.03279194164716,-107.08175671751484,-155.58065520042257
153.7734549458266,67.143503992608,20.897502100818233,49.580939487223205,109.8111250491928,3.6965690132171115e-16,1.6931919092892754e-15,0.0,0.0,1.0352943535610531e-15,21.95743032010848,6.483462417771454,5.051405290113216,3.499544712549028,4.981792259083416,-351.6295437600019,-113.14088862097844,-29.8664538239928,-72.59379545351392,-212.60507250746008
48.255490261627855,26.93721988698816,15.748796455288565,37.02909774980403,53.37121395953578,1.7669518603775073e-15,-5.275546168023991e-16,0.0,-7.675506873659763e-16,-1.0650576339504802e-15,9.737844160234461,3.5421804691066128,1.2339674685186468,1.591922422191737,1.0827101020754508,-85.15535638911302,-31.852831288263342,-11.907950291662956,-46.61941930805316,-78.70072876335722
817.8033904378426,364.6860276389239,403.0866987151894,471.4348522704547,551.2329359142301,4.170446309622759e-16,1.2469557822947635e-15,0.0,0.0,1.6499280839678316e-15,200.04205778691173,40.13061095005002,73.03850855170224,25.99235096399452,29.089073082708865,-3052.1186451586755,-1009.1723491481548,-1235.6418807894297,-1342.790386722685,-1623.5972236012735
68.69823721774891,42.57505008205255,18.13909486196484,26.648597995925613,53.72125553615822,1.2411545294961786e-15,6.675672577161603e-16,-7.834379181179647e-16,1.0665367624499229e-15,0.0,10.662383777826776,7.659775882139707,0.43389211123312377,2.3516479101468724,2.8717022125740486,-127.65647539907162,-67.82455087355973,-14.603251010271926,-29.459537180835454,-80.47115491209617
137.84099069881432,69.558240368109,23.23898011494449,45.02729082761583,85.60232858994802,0.0,-8.17206107572404e-16,-2.446037587693155e-15,9.468161055663358e-16,1.3280811351078817e-15,19.77328657997354,7.213280523928124,5.481337814301063,3.6924441472680214,3.1701986572352174,-307.26715404155317,-119.53050632113711,-33.78162066424011,-63.950114364324314,-151.9920073921212
70.76566633693412,50.217753995665525,53.353511333577515,51.03896295240451,38.733900569687556,-1.606525361894041e-15,2.2638773874958396e-15,0.0,-2.7843149415974786e-16,0.0,7.035573948669419,5.484835326271896,7.517659863117039,14.512910427978001,6.326912801095543,-125.21615492911641,-76.87148908502242,-88.44436490883928,-97.46323562104538,-61.47406356970275
43.46246433931494,27.747923620149248,27.959529363026128,36.50596405955957,18.950735302529964,-1.307873810767537e-15,-5.121411933281647e-16,5.082651617875419e-16,0.0,1.499768160795832e-15,5.10344440287337,3.8758361258199816,1.4704532566901904,1.462213168235088,2.9478516709087823,-63.471183977590314,-33.741310210487654,-30.49711607811531,-45.55936012474316,-19.817753060636143
53.901131029309546,22.93605226552218,21.437931725993582,25.268794272887813,40.839401976587965,2.1091735099175767e-15,-3.09792952830073e-16,0.0,0.0,1.3918768666934615e-15,8.985618823070611,4.482407241076784,3.4884539954104614,3.5899917895849334,2.4479723261552184,-91.90115229072796,-28.928288727667745,-23.92365444814299,-29.824931329991827,-54.446245896209625
23.024230279076036,12.812937169885739,3.5068671342195756,10.715399206350897,25.485442774008078,-1.23442604099704e-15,-1.8022908101413242e-15,1.013073362299233e-15,-3.315521531568182e-16,1.1152134841224163e-15,2.7680018617176874,2.651420079036768,0.3097434790850282,1.438329166381069,3.0732422491349642,-25.548607577322805,-12.07205904214765,0.5208833393062136,-6.686522239777106,-28.621333386036202
395.2192798920419,186.92434066201886,159.92886149346447,178.34481776315081,246.90290884324605,-5.753101809844434e-16,-6.081970775928811e-16,0.0,6.374552350189215e-16,0.0,84.68231734499243,23.651759770777048,36.27343556200887,4.074202519223902,10.74473151147485,-1230.1483039833745,-447.48152616964853,-417.20554354540326,-396.80392475536877,-602.0179881511879
531.4313920629992,327.6850564645613,321.44663150067333,279.7596227728484,314.9653220897658,8.557028389330745e-16,1.0408180246136226e-15,-1.0610175367917448e-15,-8.127465757553182e-16,0.0,81.10537196986316,59.031723753500486,34.531042534964826,30.15902687813859,52.654074751012075,-1649.7940871733028,-938.2520449908744,-862.4294833064972,-721.0147254216602,-887.7436334061889
56.12092948295491,22.586871419383968,9.79829038222317,28.660855830637068,39.99302768824872,-1.7725291423875463e-15,6.291643694844033e-16,0.0,0.0,7.10666610489089e-16,10.43670601903459,3.996025356020842,0.5316894575859259,2.853144911042739,4.4022132736716575,-101.55979961953983,-27.00831632845541,-4.321145891503066,-34.64093522976335,-55.74347901322169
9.03563951040828,4.608574046013085,2.1211911695921124,6.971070012359026,15.430730734126834,-7.863779148577319e-16,0.0,0.0,-1.5289103419569248e-15,9.209450258744433e-16,1.1164604202140427,0.5823133552437176,0.24630966964857257,1.124175010392724,2.040682687798219,-4.480827640927181,-0.4650330971891506,0.8036111417117581,-2.863789412906523,-12.910148754619806
32.986133183155445,22.6462891097058,18.737558100901616,18.664122816787664,15.491994371311712,1.0770324787916379e-15,-6.275136136591792e-16,0.0,0.0,0.0,5.581413657322114,3.357850354463199,1.5360039883384193,1.6489883309576436,1.6985058463129463,-46.365297092659986,-25.185499224690535,-16.39539011013494,-16.391099931288768,-12.30971730697247
58.2128108354583,35.56594002551218,17.28424602911773,28.302605558566242,43.15679096321625,-1.952952212580116e-15,-1.598254364148201e-15,0.0,0.0,0.0,8.468209758141093,6.248173291011899,1.0893644815893528,3.9386290259421255,3.733920449336602,-100.86644389904085,-52.71348563885208,-13.917829151650633,-34.11550637212351,-60.37973320430053
39.72630555242011,49.778134769225346,18.38504504391065,47.786043620529306,21.550996487965136,0.0,-1.1419354928491753e-15,0.0,0.0,1.3188118445602145e-15,2.6378211287885422,4.588513357821292,2.023387050317361,8.681381809034654,2.06111828721919,-52.36611858601991,-75.60422237840638,-16.80829053509675,-76.75136529972013,-21.95047592516194
5.205515775284702,4.606058057235794,1.8081750988333132,2.4019934020707394,2.8729530213592422,0.0,-3.8565663248853726e-16,9.82403109381612e-16,-7.395344374671751e-16,1.2366069519367402e-15,0.7516844283586901,1.175282286037266,0.22326951781744808,0.2021466887239258,0.366976788507054,-1.2256961596909044,-1.5331057229132727,0.8963812605989301,0.9783052289624203,0.621525603774207
228.09784347047773,119.33571109704891,119.29594219693706,114.52447919803939,127.80690674779794,7.476188901562125e-16,1.9053280309221272e-15,9.529815987700456e-16,4.963429588054495e-16,0.0,42.97449868932429,24.950228180476078,11.686426221387675,5.858272190985253,19.754528859219338,-612.3573806328367,-280.23587423522986,-244.129302777498,-224.9525499247384,-281.03540697346443
131.1684403905343,80.63244687738484,54.56783015507733,68.05569695995257,95.01470172194843,1.083405022800555e-15,-8.81211923086744e-16,0.0,0.0,-1.1965183877997096e-15,25.56779225464137,15.446779496020252,1.2295196845131446,3.1948515999947715,12.521473080977437,-307.9202219421346,-163.47897274330163,-81.23760466808068,-111.55900151476662,-187.6712524907558
19.015026604079676,17.622388910451,10.71266903345635,16.747830292146844,14.160029274292011,1.121022994952297e-15,-1.6128181925180669e-15,-1.3265466029820016e-15,-1.697038298968859e-15,1.0035893598752842e-15,1.751530574204917,2.8192757630949834,0.8763073080532588,1.9755100830459873,1.4160595244532486,-17.184584047899424,-17.80665935359306,-5.750403313096848,-14.71154666853954,-10.794378183237447
2.372060848336734,2.9496482344312733,2.874976260739148,4.30001706111601,4.014668742768378,1.4977329444527653e-15,3.011133359335563e-16,-3.8616771894308494e-17,8.262092052905585e-16,0.0,0.3723220453379449,0.8731719736281836,0.7999612364354305,0.42037332074197675,0.6496879594602245,0.644986308625311,-0.6680089309067527,-0.4617627019108224,-0.11180817485190955,-0.2716700711702156
123.99208491403353,70.21433630774432,52.864461956506005,68.94832952175268,68.63084782327027,1.8337757252882336e-15,1.6191399605820513e-15,0.0,0.0,0.0,28.24948649762044,8.24077975780307,4.557101774355319,5.64755478699697,6.695286519142148,-303.4815857724856,-123.56335217860321,-80.77180592126057,-117.33605968627694,-116.81136278109761
12.91599895638737,10.873953004908206,10.198064401084945,6.430219787868717,11.476522721985052,-1.1002520798574614e-15,3.2671777017952006e-16,3.4837137118123483e-16,2.210010728095526e-15,-6.191271981703533e-16,1.8433885590211523,1.0297319888559884,1.3368639688238118,1.168569018011448,0.9333382390376171,-10.062091497043777,-6.10066001279744,-5.672689518901572,-2.9011564476467284,-6.498691671157777
5.757097402745361,3.371125450332599,0.7504282815826502,1.8446886792534767,3.4551444999976093,0.0,2.6346643955729877e-16,1.1835620291748074e-15,9.62957521980956e-16,0.0,0.7830324818865109,0.50950056703028,0.10817493829824765,0.21430874831681596,0.35087338166782467,-1.4831559494587263,0.20679288597617054,0.7580730171663729,0.8649234306750815,0.3089470144451658
10.464643079001577,2.613162322806928,11.199514021973254,8.697339531535285,5.343209538859377,6.789937606050607e-16,0.0,0.0,0.0,2.2440461259753068e-15,1.3484574879510522,0.18221049038300147,1.2140225704213026,1.2151485064721292,1.171890079549334,-5.922457482101001,0.9480057833496991,-6.66220590462644,-4.299131272418705,-2.419668777358769
24.092888009788265,27.809238319169708,26.300782819318243,44.17938870744976,17.712721324175675,2.949180419846e-16,0.0,0.0,6.433250948447684e-16,-8.022965220937533e-16,2.296895038363037,2.324252367127645,2.379551249743004,4.537476715913578,0.6333620116690302,-25.416672183918813,-31.28242267741137,-29.581176693713772,-62.83417142895953,-14.08895007230764
41.25942419892927,37.78732266814197,39.56001848291065,39.163019353014334,25.45951298659504,0.0,0.0,0.0,0.0,0.0,6.62127396826128,3.907135757424285,3.8751191877811797,13.935576202741826,6.2423138983095905,-64.73625644160275,-51.63487778176797,-54.07561738328287,-79.73836089078836,-36.57069520128074
94.64667714989434,84.47555254020891,92.7862545233037,74.18992903621044,48.65927375943413,1.2011709353680458e-15,0.0,0.0,0.0,5.8409645756156745e-16,3.038281888718078,9.177253338293944,15.45148579762822,14.335730463348273,4.109423571703218,-173.76653437898443,-156.25425540954814,-193.65009543028947,-146.14520463072955,-71.14861586826761
42.90750940820208,39.04009798943162,35.182331273623056,30.386810481944256,14.019623035127806,0.0,0.0,0.0,0.0,2.5341007171867326e-16,5.742097853314939,3.17575995923759,3.296570255960079,9.280589208980619,3.79953463617027,-63.40557572674415,-51.856178547026005,-45.02099098294851,-51.50754028403472,-14.975960175889844
54.48983349116136,58.51432866420427,37.4510595933037,56.31152864484784,26.50388835498435,7.823948324694608e-16,9.714444334996119e-16,0.0,-9.779003224847824e-16,5.361799946055649e-16,7.293307902301769,6.576824198133601,5.30867232618854,9.392167420595834,5.867069091724739,-89.77204643394639,-95.19742105294307,-52.755018885561306,-100.4130858173176,-35.1701904662688
30.621285380377348,28.64059118451442,21.80972607284557,26.853256795239492,10.017605622563364,0.0,0.0,0.0,-1.6537629429320845e-16,0.0,1.610947438477666,3.4200720612614877,1.8537536022481773,8.84859230552695,2.3952618173081346,-35.08603480187073,-34.63746988909319,-21.182603868245668,-45.374645167491046,-8.048751000635527
23.90056319206777,17.558463524982667,20.520906212006796,17.51527904128288,7.623942376266676,-1.1891648410961602e-15,0.0,1.0387592951587506e-15,-4.056702345908259e-16,0.0,3.7150087776586935,1.5080189858275939,3.0383599629615423,4.461425468192529,1.2874277702550498,-28.476129088726356,-14.704973217444346,-22.082731787812314,-20.21632368113369,-3.7524653943702013
9.966661296665553,9.005901653668351,7.857086045766218,11.586154911828125,5.232735560980711,0.0,0.0,0.0,6.132688032979071e-16,3.394700188265062e-16,2.256463607795412,1.0854485358126742,0.927424401113536,0.8547423989159205,0.49991646326821126,-7.28217303893726,-4.40834502080834,-3.051745785624757,-6.540097054654926,-0.5199767660462967
20.798177249536757,14.868700656832278,16.101157237131673,17.092213658435874,19.76297476826418,0.0,-1.9115126524081325e-15,0.0,5.1963919796998566e-17,-3.932384301201376e-16,1.2062830062173624,1.8820520184646405,2.1706266952246747,6.3284995103081565,4.448518379556441,-18.96176142272666,-12.491643753303078,-14.34289398097996,-26.893683987186556,-24.92890216548031
253.77331824649684,209.75478720012777,218.03239434859248,187.124734891885,139.43224878065467,-1.791943116907018e-15,-1.0839975500835365e-15,0.0,1.5188643792508356e-16,1.0191942566713927e-16,9.071090257577703,8.201500572954238,15.96302211008914,60.72341567787412,26.81481290069877,-621.682023234151,-489.41825232212585,-521.011463429271,-534.6039882446506,-327.0235591651236
45.328432079874176,43.92230894429911,43.548390075725735,41.68915312472711,32.37262371917853,0.0,0.0,0.0,0.0,0.0,2.3774176213539406,1.3630777667020653,3.7618418192511274,5.069828493278188,3.110508536930416,-63.08765280597115,-59.638153069185584,-61.08650869633051,-59.755948992368516,-39.840608812660605
12.775577977930228,7.327672673533108,14.869450605269092,8.9561293111495,7.986613276516021,0.0,9.696704088960146e-16,-9.557081221391118e-16,3.966795872830601e-16,1.1120839196155156e-16,0.9339075751603511,0.9980433888741239,0.6322770566290415,2.1659247743606547,1.724248080738437,-7.962751041109672,-3.0278571223789967,-10.286126648283325,-6.2917683580588415,-5.514314412067388
11.275139352455836,6.6916633675670685,11.85779477786634,7.288479138495784,4.930263026141327,-3.1509266251566857e-16,0.0,-1.1984399276101374e-15,1.4623271650882654e-15,0.0,1.9521565622466004,0.7149433220224933,1.723975932453175,1.1763913803463755,1.581578494324485,-7.7553942449686515,-1.8492912163578366,-8.467662980952197,-3.47007764998443,-3.0270679135787972
25.30052397253658,22.52606787610408,19.868118343177827,15.290003563697796,15.865081062351187,5.616822296102531e-16,0.0,-7.152592142718752e-16,9.294212820814539e-16,0.0,1.3434018675849162,1.3575631594402955,1.5972007073997039,2.2429209963849743,2.1475796579844073,-26.079576244137044,-21.63161102532132,-18.03737235585782,-12.667696458976389,-14.222634795842911
32.896530023075044,29.734598805091984,24.815702340430647,20.78742735538545,15.482223337666529,0.0,0.0,1.145311506420607e-15,1.3672547807143978e-15,0.0,6.224087603543621,2.595826321030205,2.234491077059203,2.692696714000031,0.6969781136980131,-47.12918191846393,-34.8916411931021,-26.270738934806566,-21.539268373915213,-11.102117094966108
42.42385734478762,42.683566341715704,38.107224220987476,30.39543229887648,19.069226482609196,6.699463747347345e-16,0.0,0.0,-1.8701302979299673e-15,0.0,3.150874569287167,5.847951638702121,4.457899388355303,3.8661463158011022,1.5620823990010653,-58.25875040251801,-62.90909275334612,-52.6555960125691,-38.14963132033028,-16.88517272867158
110.68090815549235,77.61359019324084,111.84981136918333,77.1317097661416,60.18542037003649,0.0,0.0,0.0,0.0,2.361178941316646e-16,3.1142498772362237,12.255196730929887,15.666880378178138,11.634000754798771,9.679313792528589,-213.67029782625275,-148.66233650154007,-237.50791120987992,-144.8502380915402,-105.15788341120627
225.45419837146008,184.44912144475904,227.77986478313528,195.56111048247996,110.55497790125828,2.0170276453988177e-15,-1.232717584460431e-15,0.0,2.9066831703177783e-16,5.141642641507963e-16,21.748658177341536,26.24618372673451,33.41263283614873,52.05408853010354,6.765113571478994,-549.7089247623558,-445.88826304076537,-589.5561310627072,-526.4074423630703,-216.04553720396765
13.186288061162884,13.871612203866212,6.674976896475702,17.085311022076084,10.234228246823198,-1.0776993987456365e-15,2.0489117640184954e-15,0.0,1.6635172396733112e-15,-1.38856144034243e-15,0.09266422217920862,1.4042447109635565,1.3388076698259155,1.686886278018865,0.5090905225983233,-7.950212092476478,-10.653859727422605,-3.3905960456827526,-14.333604993068239,-4.74772703718838
3.2776423900433134,3.134932042982422,2.625353411724946,3.566762948762763,1.9054507471571585,1.0839235206356825e-15,0.0,0.0,-3.7352289700450214e-16,1.864500399236758e-15,0.3794501025793315,0.5707272848317296,0.3506044501967675,0.8247697318866798,0.179646732363013,0.4574993779487087,-0.09566790358649413,0.7352346785768524,-0.5184941177666745,0.9332064392603573
7.868165189491857,7.195227023001205,3.1965113450078873,7.0625352265461645,3.0692641358168853,4.515301335494639e-16,0.0,1.1114347159596064e-15,0.0,0.0,0.6407050455345985,1.3450227459296564,0.46812224180714707,0.5401347547801755,0.8413948378353242,-2.6584138358564657,-3.759543021747775,0.3154995572547225,-1.825176831680584,-0.5954092913145246
10.7170690085519,3.4152850060693765,11.455625982511286,3.6695377498572244,5.204024897923279,0.0,0.0,0.0,0.0,3.413428786839825e-16,1.4412338195037626,0.6268120171669378,1.6021682598066274,0.3997425367844684,0.5442167546404183,-6.916655153330979,-0.021617356264495898,-7.305349144070397,0.312529107489508,-0.6377872678439789
69.12556582593925,52.025961028488595,48.86201380274405,56.4500079863075,38.978537657028774,-1.644642417942498e-15,0.0,1.1633458066277189e-15,-2.5174229769195047e-16,7.29163050714882e-16,2.261751069534908,6.848172245009788,5.1299141734045675,18.774815192060483,8.32516087955591,-113.3859820161618,-85.09301182645905,-73.44092161501706,-121.18222510097341,-60.32632751313383
11.308978811792976,8.6826123928741,10.537271139024382,5.824484022770227,9.855075077057563,-1.2565992873187595e-15,1.6367026503296384e-15,0.0,3.049809789941503e-16,1.3518594420976892e-16,0.9491864280061042,0.7530398179281481,1.1779545533869766,1.4139595553712794,2.74591889918965,-6.337004944498765,-3.5140492632763105,-6.351968596861086,-2.661945927573653,-8.997665424339274
47.34567234874561,44.75382247842164,45.02952952781417,44.66558679898738,33.24215180981248,-1.2006043222303938e-15,-6.350677519022588e-16,0.0,0.0,0.0,1.1601801990140408,2.54755420361658,1.597195018135421,7.39111993359522,4.949114623485565,-66.34265451657114,-62.05303896847914,-61.90619052633927,-68.21511773368934,-46.801364642989476
146.10400008609957,105.49004480238264,104.25144412129494,108.36889053575557,54.00277761949265,0.0,1.0777020517394667e-15,0.0,0.0,1.0526017617340116e-15,16.12718378168589,9.166914911925101,5.1350356973135245,22.897318654514727,6.511572873174678,-326.44114793395175,-208.61556903388254,-198.7976583080737,-237.62958843067108,-84.86449359629897
21.23613947873539,20.199538153015716,19.458442428454603,15.560093422787446,11.982733467725577,0.0,0.0,-7.303182033943831e-16,-9.132885214166188e-16,-1.1859443217591104e-15,2.394436987266832,1.8881133664891887,2.5336049204904008,2.0266895989276135,1.0598937692140404,-21.34390873662751,-18.830881420378002,-18.50515561478298,-12.902945772868945,-7.291283828635735
2.7441572302170667,3.2889982898837395,2.4302736512847054,3.373020106234411,3.4581595769437263,1.6183081820531638e-16,0.0,0.0,0.0,0.0,0.4016348303351755,0.3629976841422889,0.3857160181040026,0.3771517873821463,0.9888564730029378,0.533702507993857,0.48750105341935795,0.6061089562018268,0.5520519308038002,-1.0408573123114349
58.06687876448169,53.75111981800508,46.0318467692759,35.0733117102897,24.78667967948052,9.7893015898726e-16,0.0,1.2348715693663704e-15,8.103514622505902e-16,1.1466525487854157e-15,6.727808320567715,6.002870323625791,3.325648653127897,4.911243710934822,1.3745951608488833,-95.40609152487445,-84.78975372218778,-65.19389375319135,-46.78243014959702,-25.270438959560103
4.380603234636139,3.2586700156671164,3.3408795379427754,1.509477642859073,1.9754448059978333,1.6220202965245704e-15,-1.090234255607249e-15,0.0,0.0,0.0,0.5701115158383638,0.3539071780873537,0.4930669581226307,0.25927115955821695,0.34007234172428824,-0.3750136684477871,0.5212167516537667,0.2019532352522077,0.7002467161438442,0.6343476313873011
5.606134459880671,6.252776871409354,1.354663300339495,8.9581737032434,3.1775980569048694,-1.2674379126026605e-15,-5.681817457848502e-16,6.556451477481799e-16,-3.965890589411326e-16,5.590250269508617e-16,0.7994429954081461,0.6082577035495785,0.03712893110916121,0.7103711015994406,0.32262437560272267,-1.5348511596689773,-1.3640477219498766,1.0907374944967119,-3.6711793563920656,0.6441732167169463
23.160210626317586,24.840546946977152,20.927026896274025,19.85036459935681,23.244518997467765,0.0,-8.58124505805094e-16,-8.488338301493385e-17,-1.431797853794833e-15,0.0,4.894853040283056,3.3344990708696645,6.031748125865065,0.6371242220526571,1.727955757209892,-31.028880478787848,-28.610534727331853,-29.68806655545841,-17.16166468036016,-23.327736940913027
44.00226262426234,22.717288147899847,24.00783985110813,41.043820166024986,24.953856890855548,1.2918294530941963e-15,0.0,-2.367702351121119e-15,0.0,-1.138970603010041e-15,6.966287295729564,2.530305823100409,4.701278658933756,6.613074997423864,1.700315300274491,-68.38561357346511,-24.773499029094655,-31.05696782588227,-65.91016434731806,-25.88664011125216
36.670420733629506,25.127058872693325,26.197283686097258,27.194950127118638,31.90909833785345,-6.781759045594147e-16,-1.131119625834567e-15,1.0849105491607605e-15,0.0,-1.781417270364397e-15,8.42787404210935,2.5794388619298227,2.287940817083705,5.407970309176417,4.432610293576298,-62.6484506102556,-27.363830037955083,-28.5781094730937,-37.535548792091504,-41.6607134332929
30.309703554656583,25.847434846234336,16.632489045148503,26.828572261969246,13.964280723760202,4.688549556275268e-16,0.0,0.0,0.0,0.0,1.9343370729234417,6.222180703336209,3.434461296134687,6.893701117434155,1.8247670711613482,-34.9066150153442,-40.274737061685585,-18.38653047327893,-38.703872243647666,-10.44199512256695
17.064890441343053,19.92101439638622,4.738650976980152,15.849424353536198,5.717930087329844,-4.1637696896000614e-16,-1.4267199884941531e-15,0.0,0.0,1.553321579898656e-16,2.5327982827477564,4.392336996853199,0.8263471947756068,2.2625851989140715,1.2006442253962792,-16.45219327457333,-25.44599722307864,-1.165997466914156,-13.480278271639879,-2.663477562017109
12.573426596609988,8.945016045184175,9.804006653358888,14.914518906217985,7.456727645975277,0.0,-7.943448420560886e-16,-7.247473006524998e-16,0.0,-4.764440713773496e-16,1.937025940915048,0.8793830629480116,0.3716205719520997,1.884385946243875,1.5865009974028086,-9.604415557973875,-3.843382449915763,-4.210087495693226,-12.088802240328654,-3.8399355530610877
21.494139495018608,13.529319031428512,16.689548246785108,29.836851220067093,27.97372807483231,1.3223004083038963e-15,-5.251873609525464e-16,8.514822873015408e-16,0.0,0.0,1.564058000145708,3.4633363747018366,1.4471200775642135,3.1026268268917865,1.7599117878315282,-20.347372389802448,-13.71676952590367,-13.52165450222383,-35.5802882771229,-30.858519469707158
67.20781913699189,43.4245465470608,16.98346953319772,5.479532091356991,25.797327995590322,8.457857968124545e-16,0.0,0.0,4.96401219115412e-16,0.0,2.275444825331302,1.3901394537368255,3.2184803440199383,1.178419396933079,1.310501205856443,-109.06564559095241,-58.6715000674466,-17.811288941285326,-2.411860901459964,-26.890474513878647
69.96210652353656,38.74731954642472,31.249606231110555,53.2248505648637,40.51420029304873,1.0156108371623435e-15,1.4670284170935136e-15,1.8190123242006657e-15,0.0,1.4030492629657308e-15,15.732403409693827,4.084214349370598,5.988795374211343,10.698648808033967,3.3773353456261543,-145.64014318311845,-52.73544678114203,-45.364649439116675,-99.03386064651544,-54.94341468932406
18.942812286443154,10.492483054271684,16.43494782314885,13.70627371632817,17.77114920132188,-7.501977267320713e-16,0.0,0.0,-1.0368138714662272e-15,0.0,2.780568857619664,1.055690313313163,3.6655129914027125,2.1348667661228133,1.5207165002083813,-18.87793489669742,-6.276544300456008,-19.155813392927136,-12.0428694957514,-14.887108414444512
99.54479747490404,57.51656761395409,78.54533062468644,114.56490924342992,111.79694082289802,-1.7131006432095654e-15,4.941482186692347e-16,-1.4474041527031877e-15,0.0,0.0,15.019428327097614,4.941811390541493,14.329714756975552,19.99315774670737,1.8486561716267056,-207.05760415487205,-90.3667443927133,-156.245088504922,-253.60256617379025,-216.07876635249994
18.58831390259154,9.632186219704796,7.185300255182592,5.318174685913518,9.885004909812425,0.0,0.0,0.0,1.3360650556329896e-15,0.0,2.9780755035780584,1.8319623616478236,0.7472537790203425,0.9560412462503627,1.1024190023608218,-20.436508905457686,-6.69102259416901,-2.2545835130432614,-1.5769675747364655,-5.215528458000222
159.50288694227427,95.47546373677025,55.662592716386115,63.695347217151834,67.08028082830056,-5.345679311877931e-16,-5.953720111538567e-16,0.0,0.0,-1.6947877426543597e-15,34.64313054422163,13.47987017811189,8.513445515588652,14.525775667299087,7.914554956283847,-406.6302104700676,-194.26130231469736,-95.82886053001407,-130.16742766828338,-119.16781724172111
35.474452632059176,31.24537131881439,13.618740005012961,8.987648709023778,21.079519744052735,0.0,0.0,0.0,0.0,1.3483091538849104e-15,6.640412824607017,6.502864891489727,2.096801576051972,1.3229232153723336,3.34737617854993,-51.35908479547233,-47.367394225418224,-11.049530849560947,-4.708490655746815,-23.74212980543985
10.86490486672293,4.969981898794729,2.9493621292458108,4.539224862211682,7.974942304333067,0.0,3.5741716480517464e-16,6.022850913375251e-16,7.826696818605025e-16,-1.1137114048054575e-16,1.6792783571507715,0.8224761319664446,0.1611597266096237,0.5760928999164742,1.124421194958772,-7.255037811358587,-1.0304263164435248,0.905494071200774,-0.24334679592466052,-3.863847425780632
12.611323466002212,3.143389065440471,8.971568717285468,9.388169973030488,3.9120566683178417,0.0,-5.651088053114852e-16,7.919938621114296e-16,-7.568490321343617e-16,0.0,2.092259981393476,0.30783400883373824,0.23949391423199176,1.3889628941219765,0.5959312602914235,-11.10246824000507,0.6718364118237482,-3.30642388842884,-5.665178704131955,-0.19452001430116284
40.10143863071377,22.54935719493529,8.812884610870187,18.19148187552095,21.262534037220036,1.4174907634678106e-15,6.302110784068754e-16,4.03127220617235e-16,0.0,0.0,3.3820026873495768,1.50024111676067,1.7620041896342422,2.3409101643689807,1.9168498185282212,-54.15794621287043,-21.911130098342472,-6.135603904966731,-17.470612403607515,-20.97310569025804
494.19651831574964,322.2985705249946,141.00256629942572,211.91959361869274,203.4267006901038,1.1502189261578305e-15,1.4109505671890591e-15,0.0,0.0,0.0,91.49087859485194,31.664019721214196,25.065532418377174,38.10814790528875,21.910485700100924,-1559.5445462466428,-874.5555888947948,-330.46987783721295,-554.772144250739,-497.7618222865349
37.63740007969267,22.967669237301273,24.909672111462726,32.651007589350215,31.359820331566794,0.0,0.0,-1.1409909092029013e-15,0.0,0.0,3.5216013648536566,4.4203684681121524,4.127312005898471,10.154938104702213,7.033021837627071,-49.70281654827472,-28.732373313519957,-30.830882889182554,-57.07735918675449,-45.125786055680145
46.98916960428025,33.89036729189571,19.239142785769143,14.79329562554825,19.06408661343192,-1.209713202840472e-15,0.0,0.0,-4.803140245051156e-16,9.317817713588695e-17,5.505429292609648,6.405173760073706,4.806634772360649,2.5707705070024804,4.12642118256446,-70.72954291385577,-49.21726131293896,-24.033512720456606,-13.874085806979044,-23.426189555934577
33.201591714230766,28.60738972982989,22.755509484515844,20.857171553658432,16.504108233259004,8.560345442180105e-16,0.0,0.0,-1.3626828238567528e-15,0.0,3.827084490468077,1.4724074679302839,0.3656008311422621,1.1121614246074185,1.6559419385036067,-42.231540903528675,-31.560636577021608,-21.470835910653722,-18.964810910125138,-14.52146969150605
25.50744916342014,19.099330129005985,10.129906695771485,6.534299908046981,11.409094609101988,-9.749699231888607e-16,0.0,0.0,0.0,0.0,4.811061126236659,3.8433821949455202,2.4019911539101666,1.9467612192667045,0.3300023380656463,-32.39395521198127,-22.67725175615548,-9.56550449892832,-4.738115066225461,-5.921091089948232
79.70848760949409,46.68460124987223,19.532227766792815,24.55181284669326,27.189228698421378,-1.0697120325371232e-15,1.217605320361681e-15,0.0,-4.3410810855203246e-16,0.0,10.116441159744365,3.7215416093877023,3.3810530714836458,3.891907406814818,3.355453194703605,-147.0394191716771,-67.9693540297987,-21.228826597011608,-29.863179506224952,-33.10888830283759
68.32705047791784,28.405383884377308,29.873345641014417,44.91462931767326,55.90063003856375,0.0,1.0005747342156385e-15,0.0,-1.2655880661680301e-15,0.0,13.8804439242958,4.443633397927817,4.540422661926912,5.4054029786610265,2.5963699403899914,-130.71067881833173,-35.554752237923154,-38.732918100998596,-66.4640926507079,-84.7878225097961
1.657965494673154,2.3395788176470886,2.187910096353732,1.581267369556489,3.8890132874325896,2.678519011866462e-16,0.0,0.0,1.1233753845805847e-15,0.0,0.30600116988332116,0.23167285347568262,0.13542199448316988,0.14381659972877792,0.6402652796505807,0.6751594272056477,0.8594179630355412,1.0586312806893563,0.9789167351783307,-0.5535734798886478
35.641082503175824,28.446750206433137,12.74371097962871,24.837257341284303,10.148532952586491,3.9872118681961287e-16,9.991197315739966e-16,0.0,0.0,0.0,6.196682119388554,2.4626801358993764,1.563148905232754,3.208956244907042,1.1136275312912183,-52.554201027864664,-32.95991360713193,-8.993935890183698,-27.979975494929118,-5.771064234695409
9.463063926445827,6.069663210831726,5.841625107031732,7.338620852964291,3.410575043061772,1.5017181354431969e-15,0.0,6.081721462275963e-16,3.7821242126737747e-16,-1.3020948205009758e-16,0.9777957233773578,0.6119399097253115,0.5186100122090606,1.7872598579830326,0.8617184966773825,-5.084927997615946,-1.4905499739274672,-0.9167798281228233,-4.994074296751812,-0.5999066385088148
14.424141337896703,6.911320048934185,4.6190155250870255,3.300358956864358,3.3281420486236937,9.852132187491584e-16,5.14042708722247e-16,-7.691495426903908e-16,-1.076462810631939e-15,1.067476576088354e-15,1.6660506513837339,0.5877565548361623,0.6064538960209881,0.4054063527260728,0.15458193913991877,-11.249300700981218,-1.7822843803089539,-0.3999833835566385,0.4794598614304037,0.7870476906981049
5.745957912641525,2.448643458340681,3.8265261917471305,6.203525348065009,3.217537519017674,-3.864361840112282e-16,-1.2695292401030046e-15,1.856887161239259e-15,0.0,-1.104171639895953e-15,0.9093490655694495,0.43004851679089356,0.5141560331436283,0.767512712786064,0.35993082493247286,-2.00677727656631,0.488471590019634,0.04788236726722527,-1.7194313023893375,0.408646728072994
23.159185556635858,28.76055220566535,12.038456925904086,27.16288298339781,8.014320574438553,0.0,9.882184885450636e-16,0.0,-5.231718122074082e-16,-8.865913575086526e-16,5.5389872802077145,3.5781635288943723,2.811191725034589,4.339628951936469,0.43524965005565275,-30.006154061084004,-35.172570400238435,-12.386085823850406,-32.82868141507997,-2.5304164783095033
0.5333797935459563,0.6331901542638153,0.444024965818227,0.41934446155282146,0.37098806797969874,-8.32594738727761e-16,0.0,-1.0001446856298209e-15,-1.0590081676662952e-15,0.0,0.08046779935501881,0.06893477082662067,0.07749810062602484,0.014939192346830762,0.04065511533811247,0.6471817141632848,0.7411215915723482,0.5458253505960372,0.6415825896327889,0.557487624038553
6.587649777946737,5.402175432393635,5.731526842776081,4.307773186069483,6.33768698197783,1.6178973375423536e-15,1.8415986780197683e-15,-1.2397093396773605e-15,0.0,0.0,0.9370683364494058,1.2217947144259835,0.6157126025912666,0.8067355755777631,1.1181659207585168,-2.3375627914842556,-2.8004134786011368,-1.057175965751054,-0.865884850102888,-2.640844614143887
2.3264299996523947,4.022613866241062,0.9816906387877431,4.099925817715656,3.920558147921306,7.635548199024541e-16,0.0,-9.047436988875711e-16,0.0,0.0,0.4082813209321713,0.5710748128603192,0.009781549216855518,0.5749322494501228,0.7359305996233112,0.5279413638747151,-0.17287928227601534,0.9922012765951237,-0.18850263137046744,-0.38316219904791193
0.0,0.0,0.0,0.0,0.0,0.0,0.0,0.0,0.0,0.0,0.0,0.0,0.0,0.0,0.0,0.0,0.0,0.0,0.0,0.0
146.100948025898,57.11184105602487,46.43137822389446,72.13940836085821,132.77982844040847,3.890694730518237e-16,0.0,0.0,-1.1819493703732069e-15,-8.562056379869375e-16,12.06889379079929,7.786096931710184,4.810397380490958,13.990662421014042,12.197029473287017,-314.76641793402126,-94.56151782103153,-70.93321813242984,-141.57303594967027,-282.85812419228716
83.22489870000409,51.333175704979034,36.041122051098476,54.61924905882491,50.67843132302832,1.3660195385928472e-15,-1.107342728754935e-15,7.885911373710342e-16,1.0407213544731762e-15,0.0,8.314060247084752,4.4869372319337835,3.6505031628108386,11.540239496909567,8.424674947295578,-156.64285600184758,-78.31843333248467,-46.86016636503218,-100.07208791811573,-84.91790535417573
3.572652869574078,5.257494574942444,1.9048845855892071,3.801566258950451,4.007147172699663,9.944189397902647e-16,-1.3514854378482717e-15,1.86505455799129e-15,0.0,8.86594259128994e-16,0.5578325636700584,0.509976492300131,0.20865899789263553,0.7243635229268738,0.1983116330874115,-0.06640064354224276,-0.5760719315956304,0.8566911153144534,-0.46575067588820224,0.4766300459948651
43.97297307677033,18.095250175957187,51.12063273287985,15.140752436499596,25.54253180450781,1.2926899157254567e-15,0.0,-5.559733499175508e-16,-9.385831235800474e-16,0.0,4.665024817947188,6.768126351370605,9.682250307162304,1.4816657540685023,4.089983646013417,-63.23740332834351,-29.50922332587541,-84.85509193027544,-12.244760334158054,-33.1528873091387
59.356197918791665,47.17492382574713,28.779806567091075,33.61902298633157,47.456006684130735,-1.915332209740876e-15,0.0,0.0,0.0,-1.1978129394485362e-15,9.095338471781252,4.453928891652007,5.2097707289381034,3.7642885136983315,2.05793293967911,-102.38383747265219,-69.33711276795009,-36.985171589772335,-43.39998352262178,-67.07396198422548
81.93947720273808,36.35814492278283,20.38350865496079,72.49553341620548,95.80311893745979,1.3874489025641122e-15,-1.5634301194830394e-15,-3.485870601512824e-16,7.840954632951411e-16,1.1866715716826582e-15,9.24897189967458,5.6437472952235215,4.538963093989816,8.34579223095751,7.480882501790809,-153.7435499401815,-52.369537935946454,-23.85331656026405,-128.6440744230414,-180.18876387410356
941.8531706300729,408.05141847668824,254.5814228151332,742.3575220187404,831.5530915278291,9.656438287132402e-16,-2.228872785611667e-15,0.0,6.125718907647631e-16,5.468650835642348e-16,109.53261652529041,80.23747702585898,33.417191716358744,72.81873540263848,20.83277101581484,-3210.4203192289187,-1247.377134857891,-650.9004819692664,-2358.472278397262,-2646.3132470247233
139.64422402735877,53.73674319430175,43.041997274889354,86.55690907775245,106.95636269117351,-1.6282354463775425e-15,0.0,1.3206501198765327e-15,6.567172911609706e-16,1.0629272991441952e-15,16.7802538057271,6.327562218732547,5.306983812847211,2.0704140093513463,5.305064909568506,-307.72199989654695,-85.52150938624216,-62.55811096108167,-153.7581916546654,-205.6165607663687
50.699455732393204,25.177373763553707,13.890345289764772,56.32130239837518,69.83491393039368,-1.121184005620188e-15,-1.1288591771849827e-15,0.0,5.046351597015616e-16,0.0,6.05239993768991,1.7423964209402396,1.8089936437354597,9.500054627384133,10.226449832713406,-81.35643065899833,-26.106194430580388,-11.060163490333336,-95.3331190019302,-129.41911428865706
174.32406512904922,60.472595554004016,44.09484682743715,109.74547300316887,144.47191701638002,0.0,0.0,0.0,0.0,0.0,17.70832801363048,6.275358366370601,6.7586936233253825,13.069634733380113,2.98687345641263,-409.16646186122057,-102.2902248837132,-67.71748604040013,-222.95324732634526,-302.41876602704986
24.632649275283306,15.697457038133392,10.046822171263564,12.062943811412854,9.965303075402003,-1.153822681140623e-15,9.052966146478359e-16,0.0,1.1780586013968657e-15,1.426033368747165e-15,1.886163843669051,2.0962439924721177,1.4628811411695937,0.2184263358785565,0.4027934856599699,-25.875369502122734,-13.882742033166638,-6.125912165601712,-6.631728802869799,-4.398687448943969
67.30955181023114,64.27330910976725,52.171434307366866,40.035806686280495,38.692186707439085,0.0,0.0,1.089550625078012e-15,0.0,0.0,2.7517545916159563,5.072509826412368,4.556346176278681,7.230695435931252,5.279130670952939,-109.62511393242701,-105.2500556580666,-79.28442243424664,-65.46718313441194,-53.80671893986459
166.14701015577808,61.51700681337371,26.84354027076576,168.07706982733023,221.1602355501504,0.0,0.0,0.0,0.0,-1.0280947426087938e-15,10.0356660004066,10.53769302594713,6.262993595558123,23.632723713561635,26.11543545328488,-366.25982474234274,-110.4684649486136,-38.15405841108459,-399.5943751961359,-544.3067751724245
53.93865282320523,18.841276588874685,22.042223319008578,35.958834670244094,45.37710653615932,-1.053853143999049e-15,0.0,1.2894211722233095e-15,-1.5807914628514337e-15,0.0,11.108359227207954,1.423058784201582,2.234988130218435,0.09621084389387644,5.159822094972365,-98.8157337417451,-16.649500901178833,-23.388260661490087,-44.082306393449436,-66.95268283193788
679.7414424502404,250.66551702407855,201.92591079382112,455.57213754765644,540.3873152444003,1.3380009588565091e-15,-1.814159986125183e-15,-1.1260252562406153e-15,9.981895585940963e-16,1.6830422848870763e-15,105.50698338280577,15.358421431375552,10.530849967401153,26.057342008624282,35.76062474056143,-2231.598256763165,-618.6279775897109,-467.8548805494662,-1288.512438372518,-1590.3190082771885
107.97245787593712,61.80427273788898,55.71356396405733,109.74366463219184,80.84761570337798,-1.0529244212653273e-15,9.197328330660913e-16,0.0,5.179653791525908e-16,0.0,10.518882695950671,5.559756558108484,1.0186650173058167,23.435405085633427,9.918266262258053,-215.288987520095,-100.84958557023273,-83.59894855110053,-242.045646915668,-151.1710314363907
30.4531463128988,13.356991001162964,10.016761233509659,25.83488714016351,25.588081728255407,9.332930377169485e-16,1.0639263524220909e-15,7.093537713398618e-16,1.100129033899241e-15,-1.1107401380158793e-15,3.633912469509483,1.5273282665630035,1.288744407027314,3.5700804104513435,2.5364999942211415,-37.48886797010985,-9.646076620359402,-5.8612036799560725,-30.33839264137225,-29.32391056135953
51.0414907487574,18.651908323280708,17.51177840839563,48.418290566174676,56.67146156434491,0.0,0.0,-1.6230053149129533e-15,5.87003570304888e-16,0.0,8.986294896095215,2.3594183061768765,1.2307158473634214,8.12524441984294,8.582480253888907,-87.62441935703269,-17.536595590053587,-14.44321581646121,-77.92130128144844,-93.53482160880937
116.8247998763911,71.8306447297959,33.64671508432752,88.03555568043231,144.92401369960194,0.0,3.956766577456942e-16,1.5838308449560972e-16,9.685305855366337e-16,-1.5689164938153833e-15,17.435104708816198,13.049534783620869,11.242091660797977,11.425103055737887,14.170599659482646,-252.7087536839274,-140.13285215963046,-62.10806145200272,-170.51827946894676,-320.1455499277872
15.641452907285661,8.555382837141487,17.96186421826446,5.449276082939345,12.263601305358602,-5.678362649331757e-16,-1.6610425255908379e-15,-1.5823362811919874e-15,3.259803343349933e-16,0.0,2.4625711023434698,1.3586090833324027,2.2799095367539475,0.6144817618443004,1.4010060988461648,-14.927385295419489,-4.833734247536824,-16.57255602205967,-0.8192317327966757,-8.278842929910388
39.131775919806614,25.555671184390654,16.736790698401904,16.01652097140278,19.66096878868703,-7.263076812217539e-16,0.0,6.368091247875367e-16,-8.872622675408248e-16,0.0,4.1408425368174715,2.750636824384672,3.146874937564233,2.0959868141427096,2.830229397279313,-55.31945300184272,-28.685774971079926,-16.29930878046353,-13.446596806450728,-20.43218931348787
19.89038540260236,10.005268279274008,14.694652717848765,8.204998695196327,6.218730860383478,-1.339609668273075e-16,-1.420337198217853e-15,0.0,0.0,-5.712924000993706e-16,3.3464734885020593,0.5090874081421431,2.40830939914267,1.226742499495858,1.2819747176448084,-23.0157370557203,-4.521753520140073,-13.44861718966724,-4.2269571588406265,-2.9463566608852703
135.54581662599566,66.11359133787346,127.3107417759104,36.54244142842353,73.21604473757583,-6.29050238610311e-16,0.0,0.0,7.777725931660649e-16,7.763792631048112e-16,17.327187079020284,11.59382684626668,17.849581778594903,1.8112102668593106,5.784902928923076,-298.9576591290528,-122.7705765746687,-281.4585594269689,-45.97264348818559,-125.17828920519969
394.29318997504237,192.78022679200882,67.9066317225622,334.09380888137275,476.2350049148441,0.0,0.0,4.185409982713191e-16,0.0,0.0,50.947467629638304,33.39414681835918,19.614670921762688,39.88156678692697,40.640604826527905,-1139.1476091926513,-488.1616016962072,-143.08963926473638,-915.701995661317,-1378.5324891807832
10.315448304558608,3.5772672215939014,4.394961812082552,11.286431617498073,5.904022097061951,0.0,9.931362290618981e-16,0.0,6.295548139932028e-16,1.2034892892993934e-15,1.7580692480559128,0.6149006448846269,0.7545528132609628,1.5972755013822912,1.003487572199094,-7.219819607794479,-0.26592398713811294,-0.4555420382068933,-7.342859445852024,-1.9728398683481951
24.006438930799458,8.138761552212227,18.533295174401268,27.777998122921375,23.00221889763935,-7.399501627545616e-17,8.730354504205433e-16,1.533548630340756e-15,0.0,0.0,5.397727958057435,0.28344967432287965,2.7583955026205547,2.8439693606750693,0.7139187733075038,-34.20126546251137,-2.543361310079656,-19.04612252230276,-32.98811201361992,-21.997891579689014
13.834984803023746,10.586403743916016,6.392466723513474,7.442404484679012,8.745439037832025,0.0,1.3423684812105294e-15,5.557656899069211e-16,-9.54722008489096e-16,1.0155904304608848e-15,1.9138332594218554,0.9984543028466274,0.13090224880074022,0.38983700110714237,1.3195179038914333,-10.941548749378581,-5.732291475268722,-0.9968362267810615,-1.9995446206840595,-5.119684515180388
74.25970791763515,46.53819554089284,19.65953581387531,57.21645549851957,94.47985023621223,1.5309356972924175e-15,0.0,0.0,0.0,-6.016459458677367e-16,9.999812887788366,2.0677217330309445,5.1239780412626565,5.197324651207225,1.2436831789848368,-137.78333195126268,-65.22321947847047,-24.62249944751912,-90.22090577100082,-172.65861802202545
29.4983991568347,18.44656323402444,10.039354297441609,25.973687555193536,49.749080426618626,0.0,-1.5407590600931313e-15,-7.077574062120431e-16,1.0942500701915535e-15,1.1426024033681135e-15,4.735927762429317,3.3463430793104343,0.7337654756949175,2.7234499753596957,5.3304960987934775,-39.00713966403496,-20.162963666188585,-4.790608009058978,-28.93309103168126,-74.71269260884009
5.320631437245868,5.004247893892236,3.3483672429386577,2.7651593407685247,2.7734138949954246,-6.677240701038863e-16,0.0,1.0610286808571515e-15,6.424066827579437e-16,0.0,0.4230594277526799,0.6439281600873926,0.21922604866609854,0.39153808567940085,0.7769010477524025,-0.5632912364105793,-0.7926489304507717,0.7176314088805176,0.5903233249965993,-0.24439771727736695
88.12359711198566,42.55145333537304,74.31671829506439,25.930209726392796,101.13088199001785,-1.5722898067488737e-15,0.0,0.0,0.0,0.0,18.491302372097184,3.3684446432096475,10.403371242778748,1.276716324450145,15.784411621838105,-190.622593237205,-59.395250099816636,-139.10038509968444,-27.062554703552475,-208.66291623978978
214.93136956024725,29.540918150481453,258.0122867132453,107.28832896714925,93.1746183708695,-5.28944834596369e-16,0.0,0.0,2.1192768834422977e-15,0.0,21.629157596396926,5.801597205403844,21.06759945173613,13.367896112008962,14.912214749233376,-520.856509940678,-42.54586867834856,-646.0870308088714,-220.43218638543613,-193.02254324194425
70.08108160114256,58.36019981799298,48.44470772672886,18.71296082492587,35.34912052670719,0.0,0.0,0.0,0.0,1.6080575135627863e-15,12.475287168355994,14.640332479948666,5.278523894313231,3.345648872025082,3.3290153118823165,-132.5523705677074,-112.16294936666834,-73.51670373598301,-20.268056910848323,-45.3887308178603
179.793177763034,98.74924302541972,84.45360381135569,131.77964573625658,125.13955145349559,1.2646401730710205e-15,0.0,3.3653637201663623e-16,-4.3135203880100176e-16,-9.084804636195646e-16,23.474430349938707,7.617054015383536,27.19292907155004,29.343313129642087,10.768586378614428,-433.1377178056823,-187.55750600758992,-201.36598003059038,-309.5527486614967,-257.57050191494426
53.62495044024658,28.55327314743729,36.99899974907109,38.68464506047042,14.309170803170161,1.0600181145929026e-15,-9.953923420143833e-16,3.8408753781401313e-16,0.0,-1.4896937332022368e-15,6.72849168552849,2.690574557621029,8.483348554989659,6.646684016945786,1.9973422010898276,-86.76570437162962,-33.09083883571971,-57.46511921528121,-56.64497587608028,-11.74435581841656
14.943091795612558,14.180687202902734,9.076924241991435,7.48759926267192,8.938037551416027,0.0,1.002127366034355e-15,0.0,0.0,0.0,1.5460915190056546,2.2645055956061935,0.7133653845647322,0.9344865151137405,1.081144845108167,-12.179639586052826,-12.455527020180782,-3.908920259051286,-2.7727531379724732,-4.222460448863015
265.3181377223598,131.85586558173145,111.8129703762166,201.78323119435947,172.4173045928383,-1.7139700843307258e-15,-1.7244107756608937e-15,0.0,2.817053653286774e-16,1.3187404592605868e-15,29.616827272221233,16.745906257054003,21.23030844606098,31.672978500842596,18.798392696654933,-693.7930883393627,-284.49812274140953,-242.06470878704152,-494.83199760151734,-394.29879568648437
348.1986147406679,203.35134476810634,162.8456343790676,263.7680736526499,232.7588481006041,0.0,1.118132145634541e-15,0.0,6.465159115768932e-16,7.326477939464482e-16,48.352944995785165,29.094948018015234,26.86891866130977,42.29766647009016,38.2298181999775,-982.6588769289194,-501.7384613479479,-379.8260135019219,-694.7357839142938,-601.704401198177
3148.9799227332187,2099.748513939964,1890.2430319163598,2567.9538258919656,2002.93358287667,0.0,0.0,-4.811522573638943e-16,5.312564575360033e-16,9.081626166222507e-16,507.0134167533035,233.74365992940423,341.0243546806321,483.93860131587684,294.2516260771161,-13353.907004034338,-8081.722408531364,-7346.427381226747,-10565.155863115155,-7763.968984155601
316.82183001031,193.64201141008,172.6350153774336,268.2278999032857,238.25939559526515,1.4353409639470417e-15,0.0,0.0,-4.238441928024931e-16,0.0,45.04197335625568,24.40884521267268,29.057350623945258,43.29996802783025,34.523242563113506,-880.8840001333883,-463.6886358821191,-409.8188771737221,-709.8140599901,-605.5237183722928
212.50163880849874,124.19378897822531,124.7027121329079,171.5577334183949,110.14343634007037,0.0,0.0,2.2791572808867384e-16,-6.626739317216126e-16,-1.032170790192212e-15,38.64109985175048,14.199544205458862,30.68334907422033,32.60233286871957,13.270154080421886,-557.9017880624473,-260.9959867989489,-295.15892180262273,-418.1636958543356,-224.99828911947216
393.58928533930714,186.93130133247007,157.9888217906951,333.1910932816691,308.4559663581484,0.0,0.0,0.0,-4.265076408626746e-16,0.0,39.56555015064531,25.152854538894232,25.14232985255776,76.22101267277318,58.48026651770732,-1115.5177476437289,-450.2524742988517,-363.50258321066076,-983.7614127372474,-866.022189548785
43.098999218767716,31.363843528725994,36.33117464310409,42.03894293666232,40.31243545646333,-1.3189034523116076e-15,0.0,-7.822953623052935e-16,6.760804969150955e-16,0.0,4.424462607565898,2.448322706602519,1.5683326664875217,8.520561231150863,7.274452755330612,-62.72470385518423,-37.62159743314878,-45.26270823418823,-65.89949528552356,-60.82510596015202
275.6019253872475,181.73833396916203,175.11228589568125,266.8742846397933,186.8854336382364,0.0,0.0,6.492225096606992e-16,0.0,0.0,34.51347376025037,23.305307207649523,35.037296744982704,33.56065562012795,28.235474417869877,-733.4956338328446,-430.8892599548601,-429.126501072808,-687.5773910207469,-447.6124827331186
1077.920859178139,670.7191899418099,575.7585110258523,810.6880294980609,668.1713239247656,-1.6874981016071491e-15,0.0,7.89823063277384e-16,0.0,3.402924778448495e-16,171.20691167383984,73.69848505677072,104.35263801905124,161.18284199656554,87.15444179943032,-3837.448574612158,-2103.855632542586,-1811.6011475059695,-2773.792183232787,-2123.007033813698
154.34574376131573,93.71807503133985,70.13543480921402,77.95334383578546,55.507786763989806,1.473145095564466e-15,0.0,-4.052403682634632e-16,5.468984657722277e-16,-1.0240620672284612e-15,24.183237785516415,10.531389876412629,19.182251395827443,14.97226776035833,8.267864545949521,-360.070971486043,-181.4345497583147,-145.413151232229,-151.90525442647305,-94.12189810665106
1728.4367885700985,975.8857409657292,777.8958276907939,1387.0506864466888,1361.8460007178433,0.0,0.0,5.845864377964267e-16,3.278520066569624e-16,5.008797073752415e-16,250.012067286397,69.82756824555373,103.20464812809729,219.37958946632824,231.40906536914758,-6637.552940832097,-3238.845940470736,-2525.7753927742947,-5089.31281618165,-5041.182947942258
58.77537556230693,20.561533029097628,54.72257157728711,56.5964119034986,15.239020128730381,0.0,0.0,0.0,2.5109108929789837e-16,0.0,9.487500301961857,1.5672866965539234,10.453478918592113,15.840797109390543,1.1906146256777965,-102.8879057060103,-19.12831376231338,-93.27404342745221,-111.33334982065888,-11.324809419617553
48.981016426445585,33.70391915869979,17.222795934631154,6.0544632293986,12.116583744477238,0.0,-8.432760978501125e-16,6.188391871362993e-16,0.0,0.0,7.459662283645173,6.545493793100153,2.656800414622001,0.2739817494628086,0.9136760358677328,-80.22419111116635,-48.44937559126838,-16.076665513247594,-0.818911305726783,-7.217054779917014
133.2481068451491,93.63993339772432,93.19677754358423,109.4549150961845,80.21526251758746,0.0,1.2140849912691085e-15,3.049645082107304e-16,-9.088306625517786e-16,-1.417271902547097e-15,22.98157911958287,7.966380921755977,18.91604583956287,21.32369342826192,8.331160837867442,-305.63521020744827,-175.88098360772977,-192.85648425217448,-238.18137331115338,-145.33230638223728
582.7275189281049,349.0098938230268,306.4168806315816,460.01246192324965,404.28668386602226,0.0,0.0,-7.42040304615637e-16,2.4713860412891165e-16,-5.624070356929739e-16,79.69676883780225,43.45646756428183,57.08654159396347,68.17626844452627,52.85766115910373,-1831.677445921137,-964.9372954335291,-847.3411818771829,-1361.3253104942335,-1157.844551691302
48.86811663483818,33.408769192418994,27.181205676884964,32.38351196067181,34.24563811291944,0.0,0.0,5.22819145115663e-16,-7.679524006477643e-16,-1.037420785410978e-15,8.267811950637924,4.336780691197219,5.969759641386401,5.024165404289633,4.926230130983653,-81.40529558099838,-44.53694690835743,-36.318757389663,-44.68000967240355,-47.42442690401789
33.10567697426582,18.55525763582805,11.395758091853326,16.193735284956322,36.23180481501423,-8.585146726495634e-16,-7.658667421444202e-16,0.0,0.0,0.0,3.570617428829398,1.6932172991128063,1.9958373826189566,4.178655274212088,7.892493261123378,-43.802263899572445,-16.37835775589196,-8.789687898505543,-18.616673113963166,-55.43402508816728
8.506588290154532,8.844065923572753,7.155374946357387,7.222039095774868,4.722242825394033,0.0,1.606823698286186e-15,0.0,0.0,1.5046721696290812e-15,1.149051720238335,0.6547738251828811,0.6623865704088162,0.6593877968489558,0.3714804781822097,-4.093820627812459,-3.5317024412913702,-2.002793455439958,-2.171686894539452,-0.0572540966581468
104.10730008296181,78.49103744969342,87.75532786683311,115.8166124063418,81.58178067001248,0.0,0.0,4.858116900924812e-16,0.0,-6.967660964735758e-16,17.08246211103891,6.216428907156734,14.005923322851396,11.618843391291097,9.165132641720387,-221.8596708954537,-138.28387697095894,-172.34785943354143,-233.93798367709533,-149.59232230444533
1648.5773233195946,911.6174496899164,770.8921084439608,1296.7870134249229,1125.696044778698,-1.1033691764503458e-15,9.976714487884034e-16,-5.898975302839302e-16,5.260085266648049e-16,2.0198496432305733e-16,198.1052795829895,90.3599228799258,169.54339377963836,268.5284177674176,153.44775372944468,-6211.7786727447565,-3017.4944409617306,-2632.2531400222165,-4854.653730576429,-3973.2306044695306
1.9977879247663912,2.1961736107269827,2.081809597970606,3.2889625162703,1.6410408785552355,-8.89161866171539e-16,8.088417193995135e-16,0.0,-5.400964074879905e-16,1.0824573979925146e-15,0.14776024454012993,0.1442837879362558,0.16959666788032463,0.7269961731393562,0.10177330728682085,1.0473103469105542,1.040647977091892,1.015935634149255,-0.30713291622464906,1.0856322836209236
130.4452355047753,48.80031939552513,26.711702673544067,86.99579223132058,111.81979412838403,0.0,-5.824082666354476e-16,1.0640171380221888e-15,-6.534042325824469e-16,0.0,19.203618254809623,5.208795881311936,4.240774575152378,17.870143879541917,30.768823975688424,-287.33206744364986,-72.80856210508098,-33.8809479119139,-176.41101823613212,-271.41841482286395
46.367079742325,26.071072055751877,29.294408717802693,44.22116945624806,36.7804646281663,0.0,0.0,9.702093564746253e-16,0.0,3.863696355896331e-16,5.973667409209771,2.151981505660153,2.0741273565796385,7.733386552608595,5.610852206617817,-72.49373163389956,-28.245388971173515,-33.2073029711463,-69.05195822287861,-51.42736215689973
735.3975652423164,478.0013663888067,421.5840861273887,598.2675360574763,548.4480766750023,0.0,0.0,5.393317322099471e-16,3.800535074017254e-16,0.0,105.59933298543663,53.40508219826307,60.43444553691753,111.59036929039394,64.02003715737442,-2425.1378259195185,-1399.8859988184938,-1215.351148726779,-1918.7346945843321,-1655.5524127891304
203.5059724835528,166.66061447994545,145.60360919767732,180.46877522059634,144.27969099234602,0.0,0.0,-7.807968384030248e-16,0.0,-5.909711041433773e-16,23.22954820622036,20.46812908608797,19.84871975565668,16.962090688398195,21.153942767818016,-496.95262951710856,-386.05332482770575,-321.9094173635145,-415.60228249041455,-326.26331461118997
11.87114715803362,4.653312982688934,5.378228041939467,11.597344424322413,10.194017967692412,1.1970919512681654e-15,0.0,0.0,6.126771006903284e-16,-3.4850965439339104e-16,1.1827083368688402,0.880826500499765,0.44135737526206975,1.7341939364259287,2.2377321853691465,-7.948722904517487,-1.1380268614149136,-0.5520516040395704,-7.6618228834543265,-7.455297592899365
80.82693112796548,61.07374901725816,16.63245460897127,25.80476850978715,22.43191427184889,0.0,-4.653670339178397e-16,0.0,-2.753532687148919e-16,0.0,13.245536670762315,12.105669443792022,2.6759328525825743,3.1006208136226565,4.1957804461415344,-157.97291493961487,-110.83188354080231,-16.105109616498858,-29.687366786661002,-28.246637172997843
76.9153714651116,40.096090086007734,69.46729040820925,74.17149952254582,75.3370723666454,0.0,-1.4176798470593163e-15,-1.6365520672184036e-15,-9.579727258232354e-17,0.0,7.058479242347127,4.66126950621266,8.591076350922936,27.109082143562638,26.386364579172948,-138.04619949754203,-57.839931994664475,-124.88962907053725,-182.59048007828736,-181.79318784114793
19.827972406527103,13.64687062569205,11.343181545116808,11.307209504021415,4.161408698819105,0.0,0.0,1.2528103035889182e-15,0.0,-1.2805929203043666e-15,5.7625878776566966,0.797502691980742,1.9395949545381461,1.6444311533502338,0.5029726607480509,-26.812979400506233,-8.886601222042906,-8.472775323644257,-7.581047786434057,-0.006028339471658095
33.14869210106671,22.950561820806264,10.151620961354032,10.450348454818347,11.604018583747909,0.0,1.2383883955571741e-15,0.0,0.0,-7.725815724221784e-16,2.757715806958769,0.7600964582245108,2.9677852887415863,1.6297824858675787,2.2430446517976463,-40.841348414951085,-21.919532158777134,-9.649375798514738,-6.829299409095096,-10.36991785184995
14.032233755640119,9.59973183864238,14.238100551407225,7.194033433436239,14.047323342983201,2.025458663627249e-15,-1.480338717171056e-15,0.0,-4.938416969663071e-16,-1.0116414613820708e-15,1.3257635566041956,1.0741643414241495,1.3816955311468861,0.9162204435144982,0.9476905344083761,-10.531074252810635,-5.139276837277221,-10.170693529051073,-2.7264718963149086,-9.451209015021169
4.101173796050375,3.0898879089214355,6.478513973674802,4.602532396411425,6.417101786516725,1.2994012892925676e-15,1.1497872361462526e-15,-1.0967680839269066e-15,-1.5438082224344741e-15,0.0,0.29628810492065843,0.37066179290490336,0.60915381449451,0.3744680343740139,0.7077251498499944,0.34281194767219897,0.5729266611602097,-1.731271841648266,-0.04375290719440557,-1.4962026121762897
95.84008259433534,61.48084482683154,21.66339347997842,7.9863312682976035,28.554544192155326,5.931069477622483e-16,-4.622856031086966e-16,6.559847019505902e-16,0.0,7.465110256832305e-16,5.994019539548329,5.249462993785361,1.6075715094593077,1.235616007524599,4.977788808138302,-179.231891818769,-99.42954069257483,-20.65574042242373,-4.02516259533879,-36.85116917933474
103.71866615188787,71.67231713863096,36.049953633164016,26.5386579702367,36.5642419585632,5.480538939593118e-16,7.931014529760438e-16,0.0,-1.07095503707381e-15,0.0,15.195435910951398,6.741165797386927,1.948586549794421,3.9873811802403676,3.1846515869851664,-214.84575773603518,-125.04574197781585,-45.00822564592271,-32.15052427477844,-47.09340513110132
605.0941580803099,381.5316740282836,145.0451583044914,165.73936842202198,198.70940358637665,0.0,0.0,0.0,1.028906156732799e-15,-1.144252216249018e-15,65.51405228784172,23.26139964013305,15.1259621713021,29.72433524746691,14.89855193223451,-1858.2046200850382,-1041.0652225863905,-315.14940430575666,-405.9416985701139,-463.7439599309249
65.75688182156276,44.084387844583965,17.448946299404195,13.98495958738469,23.847407192243278,0.0,0.0,0.0,1.6353707827592819e-15,7.448846849807793e-16,2.895985809890671,0.1944978002069266,5.122913312374072,2.4612004829949754,3.31270395757093,-106.27777594177641,-59.62812398855388,-22.351815319988077,-13.403262692496043,-27.503000320248688
66.12102556868685,32.03800128465779,36.80117557347653,20.820712367018295,34.92295145234837,-1.7193749906906326e-15,-4.4356246161982746e-16,0.0,0.0,1.4242207326340515e-15,6.2353421043972865,3.6726979947455622,5.704375953594944,1.16352220338536,4.472152291161878,-112.93374435395812,-40.20301279659269,-52.09048289034823,-18.94800797182426,-47.59778707747559
77.78934114678238,54.298863085260166,25.746925903804545,11.633612208306143,30.95698792681595,7.307353169831963e-16,2.0937240903756083e-15,-1.655831236120749e-15,-1.2215341598764798e-15,-2.295257980007173e-16,6.51339241429235,5.911761902755393,3.2555104543199147,1.2205407071389613,9.606776187985595,-137.99884529094382,-86.2871699125082,-29.413612474722928,-7.081540992325621,-52.24322866091393
9.21816536346034,7.404911801856612,2.1262151256292725,3.218648325949778,3.2816355075409485,7.708071050413167e-16,0.0,0.0,-1.9316335021056563e-15,-5.413022973813874e-16,1.1090997007857821,0.9295706554922725,0.2213038856427039,0.5056430081228165,0.16847582854345233,-4.4663869444598925,-2.8718206509147763,0.927789054245412,0.2527166382233135,0.7881982983976491
125.49270291405257,89.7422660803412,51.16347009547515,25.92584510753578,27.699115642785166,0.0,0.0,0.0,1.0962693525520896e-15,-1.026087251193778e-15,11.662212068297697,11.337780813844889,7.671721276157015,1.3976632124470358,3.0781424591651225,-259.3119634245394,-173.78015963275524,-84.85544689299277,-27.043867631149848,-32.32560264629689
181.13207882983974,92.92209488767745,72.36182300867101,61.58878902292303,68.43216561680443,0.0,6.117319990419858e-16,0.0,9.229507474103963e-16,-1.6613070286014552e-15,23.687611582002564,11.717357351622157,9.833065988073129,3.104002424551878,4.805905021806162,-435.79779367421673,-180.66291985308584,-129.2244102590122,-97.36686477638554,-113.80059181405373
29.91845440222322,25.694550068630694,14.646157255334533,14.263727301382723,12.367220521150745,-9.499725169055528e-16,-1.1061376577713566e-15,-9.702787200394165e-16,-1.494439820840981e-15,0.0,4.84356360125561,2.671723595314779,1.40000631506561,2.216235647904303,3.460491860567129,-40.21957017979161,-29.605947248750514,-11.462057549796233,-12.008878579370174,-12.88345756372174
505.8028795922192,320.58308944626185,126.53249810826858,83.21418165287116,112.37256118473032,0.0,0.0,0.0,0.0,-1.011695706879237e-15,39.050054155639174,9.157896555818159,13.320648481375724,12.658593011679663,13.624783196756361,-1473.7111128369743,-830.9617787126506,-266.3112154795648,-160.66433372080277,-229.8816016124215
42.58817084785248,21.510431315643082,22.876777938259252,21.979579880373052,19.378827295665474,1.0010423856406542e-15,-6.606494545215098e-16,0.0,1.2930961185378952e-15,7.333186109966826e-16,8.186606320782357,3.046210995909598,4.649629946079739,2.583514733906203,1.0694410347548975,-70.23236284740223,-23.312076776215186,-29.742150933591322,-23.394099082284203,-16.744205318665053
11.781678802224189,11.211514408181047,7.607528007246941,3.4820762165830574,6.18587329785391,0.0,6.337616042678559e-16,1.867999000682577e-15,0.0,0.0,1.6880959753552103,1.3285834122527018,1.0978813534480352,0.40465957438670647,1.214390181346499,-7.795251244215117,-7.452549538611644,-3.290093717919801,0.355146249352283,-2.7919690577303506
30.08039499330681,20.174664990034895,16.95276394256866,23.57153243799105,13.20077594235099,0.0,0.0,-2.0956545439057172e-16,1.507205222293681e-16,8.07387465929775e-16,4.918191806667199,0.41946442019491004,4.295367467073698,4.640713383173278,2.751076938962396,-39.826346231625024,-17.557885966604037,-19.295382327799064,-30.33116766410232,-12.8951321805608
206.41168807333537,164.83689960968408,61.55705177540693,77.41860088685297,40.26092978001556,5.507771327427185e-16,0.0,0.0,-1.1931312964931035e-15,7.05937731336542e-16,17.486498870646766,15.135851435162966,5.331489962726377,12.477169919334006,1.4440812594572825,-488.83096586385705,-371.623014105602,-99.91943505470273,-154.84956741454369,-52.60065387094519
22.23005811575172,10.322761575946705,5.9001391659411375,14.96143120732167,10.390651231960724,0.0,0.0,-7.526758223154986e-16,1.1872907175691556e-16,0.0,3.4556951412908568,1.2700040293910257,0.9056154618611979,3.4354318589376294,1.2934501974563863,-25.788724082651846,-6.078309064396351,-1.8086744653101556,-16.00372123057221,-5.945255884473655
14.529445652113065,4.905133399818989,11.826890160957774,10.65136475499661,10.06075263175962,0.0,-1.448569647027991e-15,0.0,5.003180945146825e-16,0.0,2.0063228501280626,0.4862154221513343,1.2685414319969655,2.397898350159807,0.3535235367236585,-12.17519901959022,-0.5877030882960944,-7.490321815614553,-8.881123117204988,-4.46361637694434
5.49446223019309,4.009232881461701,4.255507765461425,3.2575421859925333,3.6360278171580975,3.2329949046493395e-16,0.0,8.348507098577178e-16,0.0,-1.4656297438246576e-15,1.6278247450300611,0.6413902468303275,0.41164246888388994,0.4042648568534639,0.44404593267387316,-3.099525937764731,-0.26153494879663064,-0.05106281982684826,0.4638956024712767,0.28460744177901187
9.884428217994772,8.578504235833233,3.8905549487145583,13.642528742220653,4.109062465718608,7.188506204805503e-16,0.0,1.82632746517271e-15,-1.0416584039308274e-15,1.2969066697477872e-15,0.34432148047548633,0.8932027398937912,0.1454544378751999,2.52177393083741,0.44613564127432026,-4.276244550340866,-4.1070522180134565,0.5595861457787711,-12.344879580287946,0.08867912673503123
311.4177855817263,242.91984664585203,85.26683254718253,110.06510493332034,86.77841956971916,-3.650621222845374e-16,9.360028774211915e-16,6.666533417827339e-16,0.0,0.0,36.83900737747948,24.790613620684823,7.8664080367343026,18.204604181375643,16.888045393738775,-832.8809191336209,-614.67778078129,-157.67449114441004,-236.51291880001634,-173.75694656620814
0.36162455027835166,0.2807753901206443,0.4184266351293562,0.6440508561801888,0.3064567293812534,-6.140197194966932e-16,-3.954132248371601e-16,0.0,1.3790501342826193e-15,1.4491090169457004e-15,0.015546147591381005,0.07562882644629729,0.11777843584467251,0.08397067777912424,0.036370440509991525,0.5852897359252514,0.38357542926658594,0.45344063165026244,0.7074148388667784,0.4953724897081853
17.873728567479517,14.734582883397593,14.223097938926365,10.20172544498917,7.923564503343586,0.0,1.928911707601074e-15,4.995696006672761e-16,-3.4824635283098154e-16,1.79349265210188e-15,1.8902983846177834,1.2709774705156345,1.5722542230584708,2.2171399623519856,0.899462839279045,-15.923456926244741,-10.865040787487914,-10.44764061497353,-7.3508073522868305,-3.044491000718983
20.851826015192458,15.070494199259386,10.750251066858548,8.901675381288266,5.046101922264475,0.0,0.0,0.0,7.982123648922246e-16,1.0560766707243386e-15,0.5600364739482785,1.2746545369716074,1.6852554782323284,0.2979849236458312,0.7288110035713921,-18.618534419609052,-11.248087156842798,-7.92419053825752,-3.262257841781959,-0.8829125408423568
156.46331702143522,104.55296628082739,53.0978545575671,51.82276227724214,52.86868719091026,7.266037809107748e-16,0.0,5.352703921321349e-16,2.742203250219773e-16,0.0,19.057949089998605,8.350452131737537,5.715896149547165,6.211378508378388,0.16278346911984773,-354.5342217154153,-204.14766200242494,-81.99815564306198,-81.44072054269941,-77.47448525419581
139.35835769024663,105.49478980299568,103.43824045463344,86.30096376866719,56.562253487125815,0.0,-1.0776535782849413e-15,0.0,3.293324684830799e-16,1.0049709011990868e-15,27.39287675416293,3.134478310128816,22.19749169344374,14.55106431370598,3.652271487900682,-332.1860487417553,-200.5964093328979,-226.54645726005873,-168.62357933893108,-87.36125266237234
9.344976559173405,4.387665213755164,0.8525733119764448,1.8460890606515326,4.17596813157367,0.0,0.0,5.2088096543928885e-16,4.811135273109002e-16,-4.2537605255403346e-16,0.9640829203799515,0.01020335870317041,0.09533721776694588,0.29708627872759497,0.4846264924243656,-4.287874891757816,0.35596927428309844,0.8512038700145759,0.8391198475345539,0.10693063660343036
68.54084659000064,6.979511967870251,49.499544949093234,58.98942005785632,20.63764157541599,0.0,0.0,0.0,0.0,-6.885890843326926e-16,13.202530065650283,1.3034038476813326,5.20925512849632,1.6619235899372986,2.5651266490219116,-128.67326328891247,-3.747886825270036,-75.1626953014951,-90.8252165053441,-20.809363817863563
57.81683563496129,60.068644488981235,24.7546326729187,95.23467952579546,36.48256580521966,0.0,0.0,0.0,-1.1937546100611656e-15,0.0,7.551734962912083,9.095931418438754,7.232568273698252,15.457706388476657,5.833969525278001,-97.4148757478379,-106.14683197181782,-37.10727316639557,-196.2062444649685,-54.589063039219276
34.05728299478314,27.73243022194848,13.586299019136824,32.74421206124143,34.634740729459125,-8.345266248854208e-16,0.0,0.0,4.339959284597679e-16,0.0,3.3958582047054024,1.0996968418202089,1.1820739961812474,8.080806035391584,10.845136858142453,-45.218715495350985,-29.86222801112334,-9.401706039649763,-49.972153128020366,-62.42670037218904
30.212332636180193,18.689810585919666,4.75787892380325,7.85082958420244,22.607710273825695,0.0,7.603530624279322e-16,0.0,9.050543361555895e-16,0.0,3.8739010055760192,2.5754720102504383,0.335897948282531,0.873518998747804,2.262227885337557,-38.0772665140907,-17.583227889300485,-0.037467098241645916,-2.9914973816688475,-23.18713485704505
26.995604445032797,27.109331265172624,20.137846830214045,18.243389102542622,15.703439833437692,-1.0528273033587738e-15,-1.0484105694970571e-15,0.0,7.789591416005815e-16,0.0,4.839447892068796,1.9166829203704843,2.3127748105943535,1.7694437622189807,4.025448036988094,-35.397491670190426,-29.57939758726352,-20.406240421263675,-16.752237065864016,-17.827952665386846
18.46955232235207,2.3896514501749704,24.437884170182187,9.14880508499159,21.62580603608885,-5.770654778406781e-16,0.0,-1.1630184197813112e-15,1.553301724453021e-15,0.0,3.213833200514862,0.31674976423234263,2.5496012529053265,1.460042174293094,1.935828636477233,-18.93326349414397,0.7611070788987263,-26.219143899790886,-5.498529522793232,-21.173912238949736
655.9183121532054,607.1444951340322,556.6634949610766,525.0815393319525,489.18180892509315,1.3865975151498652e-15,-7.489936160684036e-16,0.0,1.2990763819225884e-15,1.162010071178102e-15,59.97881179747802,59.60490251518694,69.36423889784331,82.26006208143244,73.88326365016827,-2052.2444767602733,-1883.685619702019,-1710.6490425020665,-1618.728189133153,-1488.13139678224
698.4208889635306,635.7514358263008,558.9227346439303,496.6674357075923,443.40063094384317,0.0,1.4305822221082945e-15,1.2204209706449875e-15,1.8311945506900187e-15,-5.127951102803664e-16,70.27143199964368,68.10318650206459,78.18887865354732,88.34372576721371,79.6191304667949,-2239.0575516515537,-2005.7642092482613,-1746.5230236290504,-1544.3003497887998,-1357.1679504872293
140.17946921422438,102.85752828835228,64.88963434614817,23.975418314356116,44.478054705302895,0.0,0.0,-8.76001528342442e-16,-1.1484066992990575e-15,-1.2780104534120026e-15,6.744737765579023,12.945159066855533,1.5435118978012046,5.531802258300691,7.03347884948717,-292.71383472948406,-205.73099330453363,-103.62824298252556,-34.58811680178158,-69.32218509767257
26.93861270656425,22.779016335011814,8.794142979860286,4.691114509347074,15.245529115198705,1.0550546808031568e-15,0.0,0.0,1.1359924187701125e-15,0.0,2.9267316529308927,5.306724393122636,0.73017545122873,0.46419551947284765,2.317845204813306,-30.409904681359393,-29.44826589073157,-3.5450980552495035,-0.16282595874915104,-13.370398932944733
25.48046564080992,16.960907875924253,20.436790149052324,10.307145418639777,15.330281297485339,-9.760024052218624e-16,0.0,-1.390712984921556e-15,0.0,9.269793840986493e-16,4.274566723076782,1.9857123193821578,1.8862197994172498,2.2311221061606004,0.5572715658855594,-31.741000783370087,-14.641891157452571,-19.56404366050265,-8.699713958557382,-10.826878059827015
7.351228747875091,3.8387483422100925,9.668841314860028,6.875492290387552,10.50882455179486,4.832816119111285e-16,-9.254875188705618e-16,3.674394442010689e-16,0.0,0.0,0.9626014596161518,0.74592873915315,0.7627485502960539,0.4634552711073689,1.1000726074081737,-2.933158698965984,-0.5571191106973378,-4.45572282883361,-1.5920291110901692,-5.7271679365482795
16.395405923086678,9.147777237473614,6.270877230674921,1.927622048098256,6.499021286418401,0.0,0.0,7.081771712540228e-17,9.215275583472185e-16,0.0,3.300907848267013,2.046704641623758,1.8559005457985818,0.16442495021902417,1.6552585371038544,-18.40386957736666,-6.678346782495843,-4.301687965571507,1.0204055096675406,-3.677671054590076
117.37477964887474,76.23224504100317,50.87065630903901,34.86136641416425,25.219951995176427,9.685797754995482e-16,0.0,0.0,8.66233007365274e-16,0.0,9.064963084562457,6.132498712927482,0.825575522617635,6.13110421528913,2.1267684857194022,-236.01375622656948,-133.2395938636291,-73.43027014791485,-51.80110485101262,-27.325279602287036
9.540907360114609,6.977895158306422,10.567117615162738,24.304065896887053,49.92680947357101,-7.447328738674231e-16,2.545691500230828e-16,-5.463324946593684e-16,1.46177750417289e-16,0.0,0.6899553698516943,1.152393778977941,2.1506435231799608,7.915996046482498,6.824391471453071,-4.2092972570899105,-2.7911604617709034,-8.529774774160538,-38.86299692634009,-79.62157084540159
13.750824363319667,7.912545194915827,9.652782711473666,4.281312432609114,5.304993404540237,5.167273735642159e-16,-1.346992753134585e-15,1.4722029014815013e-15,0.0,6.696923837379211e-16,1.0155356048091977,1.5772642219324315,0.3728378471733656,0.9266698353659815,0.5351719304606871,-9.211232927051226,-5.003550630239823,-4.070076280078653,-1.2985023394727695,-0.6400921376949983
15.156288426384327,15.527152516679607,18.9779954077272,75.06765082015143,161.13371752316527,1.8752420533860392e-15,0.0,0.0,3.7861461121911625e-16,-7.055434422362404e-16,1.3288739331974302,2.1950911009350333,3.291689428124447,16.85658304984624,19.316785192011015,-11.752445267252373,-13.96111974440504,-22.002020057683612,-148.64523158823235,-364.0118550024793
47.37556750378754,35.32101997041378,24.798851108364644,45.568126466869465,42.668613464409276,0.0,-1.6093368455503893e-15,0.0,0.0,9.991551326402172e-16,4.2906363901793405,2.7001590892139458,2.8394254901291958,2.260760629794612,4.183093452627415,-69.38526900771214,-44.46596275007961,-27.1583745512197,-63.42815368172172,-60.174878981963566
3.870622168851063,1.8405695083579152,3.8450771326791995,1.254686791772292,4.500219212394668,0.0,1.9302252170688704e-15,9.23964216115742e-16,7.078885547567932e-16,0.0,0.2108286550216359,0.19179455606816354,0.07399633950388798,0.13965053210533807,1.2685244763488421,0.5182521525700179,0.9044096045526022,0.6161311552653052,0.942588932550787,-1.7613720557996198
12.948166106935998,13.009007686120535,7.459461732277602,5.185134310156572,5.545674068010976,0.0,0.0,0.0,6.851729321343697e-16,0.0,0.8956211890500559,2.367385256278474,0.4597910688085343,0.5983133476708302,0.5929382153076843,-8.168857270421661,-10.415294393366697,-2.0826258023257527,-0.8453913554747922,-1.154576884854748
50.31191107268728,32.071553402025124,16.50367879294559,37.6011780729088,58.79008889831671,0.0,-1.7723936894562363e-15,-4.3053596999465234e-16,5.432836070586067e-16,2.4172194636039907e-16,11.34983363168552,4.857075039503745,1.9144601500556817,8.550862938045457,7.616384781249138,-94.86216755232863,-43.531025073590556,-13.996992394422058,-64.3374026783969,-97.23551557587322
33.42791380013015,39.72840820042261,27.032263685441457,25.61677004560311,17.785101751352695,1.7004776068492404e-15,-6.259751366363319e-16,-5.256997667885071e-16,0.0,3.9951569897881405e-16,3.6375198680105467,6.854027960307406,2.115790097869331,2.27459481635444,2.0298643690742173,-42.970781277059395,-60.79293019243296,-29.45752126053974,-27.55850472501944,-15.860403174127388
4.732583889204073,3.146087032882667,1.300069658405359,1.789029389583647,1.4703590358417544,-1.501384343933097e-15,0.0,-5.977803667773115e-16,-4.964582610388682e-16,0.0,0.6908068641428051,0.4257367100525068,0.19372759015061197,0.3570432294546116,0.3212518739883309,-0.8407350798339608,0.3452143748948365,0.8133834521609068,0.6686834392400591,0.5148716450994251
2.8608972813292564,1.9452028539751949,0.3346495876020392,1.2317429718237136,2.8530054783908625,0.0,3.424495360027826e-16,0.0,-3.6053723870049443e-16,0.0,0.14719454924113798,0.39656461239543567,0.04966000119019457,0.3099008136615295,0.42362288989568797,0.9311055308402109,0.5390386155413274,0.5053313844222881,0.6207453191242868,0.40941962731127673
74.20824068064466,71.15278298864888,43.67046284766404,30.347427755051744,12.532535585921462,0.0,0.0,3.254111311980782e-16,9.365442652935496e-16,1.1339169649887846e-15,7.064235236052631,17.160613750482064,9.854753121208837,4.807813022369308,1.3644019169740245,-129.4615922680193,-145.24732806012904,-71.8226016394168,-40.152978944806705,-8.825017796149561
23.946325457590838,18.4650142678135,16.96946551117936,29.21285218308999,52.49379892069514,1.1868923054912586e-15,7.696097337965802e-16,-1.5178541807539542e-15,9.729179900775338e-16,0.0,0.81793963866523,2.013972481377411,3.373834684890545,2.529332303491465,5.738960558401098,-23.509432700986384,-16.871749391938042,-18.730400012398455,-33.907614144218144,-82.35952901543386
0.5061514946147477,0.5561002275100069,0.16160482172764953,0.2126807288395492,0.298817758377108,0.0,7.985776446064686e-16,0.0,5.220139270176811e-16,1.4861540099287609e-15,0.05260455008411654,0.0191732427782873,0.011706952486858277,0.04213693187584229,0.029795687994391834,0.6848688930416278,0.7536275688843191,0.3360603388621088,0.3656180287478955,0.48533272448755127
2.8031874835806723,3.119922570282151,0.6836539642321855,2.580179594726518,4.742052328123075,4.356630921909317e-16,1.1387185414922686e-15,0.0,0.0,-1.1237899013885452e-15,0.6340853686527116,0.152955089591411,0.09848297859159051,0.28019684870467537,0.48727672112294496,-0.23416862815146783,0.8558100998875394,0.7042484109652751,0.736736495357268,-0.26621471660252755
20.97912513377876,14.967964580830003,11.552179518613892,4.810976569918834,6.166111549363102,0.0,0.0,-6.150724498482827e-16,1.1076899753620413e-15,-8.642513966117255e-16,3.5481842579774376,2.8808521326494425,2.483700881190231,1.0059141031205592,0.7839391789503142,-23.457361375064917,-13.907398043172117,-9.308708030606494,-1.6282093530469497,-1.6754728707398319
96.36655129211147,77.4016467007189,42.25197848151211,25.110893309898813,34.27742064766925,0.0,7.343954719800561e-16,0.0,1.6977717048720082e-15,0.0,10.539970547501817,9.992286545239017,3.5724749202788066,2.9541879420019472,3.9699053814864365,-187.413510739316,-140.1042379201367,-58.58046583518788,-28.80797946481228,-44.680128265512366
183.81577480395327,169.91078184705322,127.89505942985211,82.91857874614607,39.3313934895128,0.0,0.0,-8.88907188662522e-16,-6.855329616156743e-16,-1.4452429425355745e-15,2.460340721001918,15.953888955322123,4.955137727718436,4.916028554308384,1.5280788294077294,-411.9282981945567,-384.1492598463667,-259.0325112786176,-147.04186128701875,-50.82942521041852
1.5333433214013552,1.240730732389714,1.5311151123753213,3.321386278358421,4.175074796978291,-1.4481075557305718e-15,0.0,0.0,0.0,0.0,0.3017137096765168,0.19388296229870738,0.04023427738951313,0.14249596114464239,0.29490671050198136,0.6431684896023013,0.8110522768869041,1.1177380774101904,0.8001035483225917,0.3009689332498356
26.745756139747808,46.22902805641844,14.447287986639651,37.02669536411177,35.212174648468476,5.313312003949199e-16,0.0,0.0,-6.7165042699727e-16,8.071557554778908e-16,2.8666089850727783,2.4966145752459927,2.264424242130004,6.758722152150904,5.638718712055637,-31.151832273339803,-65.11008618473694,-12.124820846532119,-56.70593783016131,-50.31439809661061
18.373494819699676,27.49196833776206,11.789710121353203,29.241311123149266,33.15309966220653,-6.76762804127484e-16,1.0338186440934055e-15,1.2053608247300068e-15,-1.2149638789582005e-15,0.0,2.7133884410021856,0.7447892746985566,1.024481896799931,5.225498514745841,5.225340845496602,-18.71175189649622,-29.28112155260938,-7.287123596064939,-39.52122684526012,-46.163105138859805
0.0,0.0,0.0,0.0,0.0,0.0,0.0,0.0,0.0,0.0,0.0,0.0,0.0,0.0,0.0,0.0,0.0,0.0,0.0,0.0
46.00374388028783,76.20765132481488,14.587677388719555,91.43714707470569,13.312368555448154,0.0,-7.459017286666931e-16,0.0,-6.21666583870623e-16,-1.0674925845097745e-15,6.278754304793662,12.211317939632657,1.3030016757388465,12.37932175249699,0.5141725941600378,-70.42464359004316,-142.0285335822745,-10.605220791849133,-176.52283964506327,-8.272949670450743
446.24009889179376,280.96681923582423,250.56071853348766,107.9909296430159,96.7791345756464,-2.5476607325058726e-16,0.0,0.0,0.0,0.0,109.60845143830458,38.849479609357104,58.4509302190125,15.367171311155865,10.952631756632611,-1401.5454423276094,-756.5140036001377,-730.4113239120915,-228.1429005749057,-188.15891498457322
159.67741030757003,127.71133432073745,139.3078641427376,100.63751698871984,57.627864962929486,1.423956431941536e-15,-8.901859676455972e-16,8.160834165480439e-16,2.8241664024351586e-16,0.0,27.28578782788851,1.7981906632449605,27.552220168035703,26.122854707496998,11.090978806982736,-380.4894345681649,-257.32408180832863,-324.4026789035991,-226.95482664469546,-105.87026435281977
5.751801411981058,12.718321364044765,12.66933943168465,11.121493581620463,19.212413430963856,0.0,0.0,0.0,-2.7951501712753717e-16,1.1095056927334507e-15,0.8154587157346522,1.6848508525608445,3.5780130824653096,3.0580494757249816,2.672866398886566,-1.5205478071173202,-9.645491218164096,-13.168176837660285,-11.049145631034397,-19.407705552394205
68.20275601833463,60.3476775769339,50.8956088446221,70.17956049967155,45.703700323660335,0.0,-4.709660847208371e-16,-1.1168629308344425e-15,0.0,-6.21868890902262e-16,10.78970779367157,14.015564095163144,3.6142242082135074,13.819044451568487,4.812415222496233,-124.06047759155321,-114.08133116820639,-75.45191928539325,-132.1213841096651,-68.59136498561043
48.82444955244634,33.21145316849097,34.92890592150374,12.78810038109931,7.9467999363854505,1.164240854364325e-15,4.278901812307451e-16,1.0806975438075856e-16,-9.723490983993074e-16,-8.94124353762561e-16,7.154533227209028,2.94131965604202,6.65018935931891,2.031156856891346,1.0925123514707458,-77.20755588963426,-41.04768031887049,-54.32147705815116,-11.021058517167388,-3.376169444378362
33.07283522561804,3.0469315390545613,39.93370098867361,30.356925046405415,8.93038580203861,-1.7187343774136848e-15,0.0,-7.117223980433283e-16,0.0,0.0,3.6079210568850075,0.5149036141447185,9.412456019214694,1.5443711715807638,1.5592282626710086,-42.114781056995554,0.2287190421910692,-64.5640647770714,-34.658000590334964,-5.449818798179022
467.5583614018961,391.6404882996386,235.606171629647,188.42273706749015,55.757536644715096,-4.863000947336068e-16,1.1611346744582326e-15,0.0,3.0168025231714777e-16,-2.0389501502913272e-15,60.1516135876182,52.63884761087474,10.499424472288029,23.36552768786072,10.600121638708634,-1367.2185021227672,-1118.7107268369098,-567.7800900562107,-449.8388573790636,-100.38642259182487
57.562063005382825,51.163345591166085,42.615124813025545,25.896897139706514,19.768378844979985,0.0,0.0,-3.334697429035425e-16,1.3718684750665707e-16,0.0,8.17433220900339,7.632150793834959,8.106033206946837,7.777028112404322,2.4621743473873945,-96.46885848170713,-85.04970203867484,-69.93921770050785,-40.79767689368026,-19.47374027610897
62.297817560781745,39.51814056477157,59.22002735606343,45.14615086116426,56.345210316489045,0.0,0.0,9.598681628266408e-16,-7.869361199199433e-17,0.0,5.8198235561341285,2.6923690392999946,7.039496283776162,7.508459316098185,5.751256260685768,-101.27069865721921,-52.57721330054573,-98.58474654910907,-74.18310022004427,-89.32519354489908
3.1468634028124276,1.3471283597348997,3.450829837950985,3.4044309394253256,5.952092530782884,0.0,6.593123908956301e-16,0.0,-1.0435558077145797e-15,-1.1937696399801128e-15,0.9288753364203558,0.10837712209071786,0.37839386993033797,0.36061420586763915,0.576313533456805,-0.8209900421593308,1.0291215723238927,0.48336513702335837,0.5234412183500426,-1.3531659434431138
59.08089356901874,37.51306372171953,17.771235994114008,36.34171438380544,28.04652795610923,0.0,0.0,0.0,0.0,0.0,17.743150184730016,3.2318456310677433,2.5619535595469856,8.725301728580607,1.423242354169568,-123.57545619429773,-49.14282342710004,-17.4595796170115,-63.97806066134372,-30.624191411352268
33.56357407801774,41.075059907049756,13.851801242526296,54.73893284812623,25.208795120371683,-8.46802231619863e-16,0.0,0.0,4.543200690558365e-16,0.0,1.6795293899611081,2.421074901823671,1.9234543852851387,15.78298192192022,3.3467507073418936,-40.34482871145728,-54.89045167024219,-11.253907205130673,-109.21454883582558,-28.99408450027
43.795157222471815,27.389252089372636,28.383474986104787,17.891979534128502,22.022531264967753,-6.489692293151648e-16,0.0,1.5020206005951318e-15,0.0,-1.1292523757776998e-15,6.012287865982419,1.7700942127738422,3.5900804162656343,3.9777711080649985,4.1787229469464515,-65.30376832118453,-29.808723524385055,-34.67303176751864,-21.95104136405927,-27.11785247701452
11.152675428315485,7.09188529796331,8.827103036866042,6.327283415860164,12.943409991197564,0.0,0.0,-1.6099115027717406e-15,-9.826095228035035e-16,5.489610050545564e-16,0.6950552999123404,1.0937699138992047,1.4130797670613358,0.9467753712491634,1.7668093951188368,-5.857454774128444,-2.853596713277729,-4.987887016322433,-2.1941029618229573,-9.190809164501854
17.412372543572832,11.31610100079029,6.487760215773563,21.368430521075652,17.15693546392477,1.224203193416693e-15,-6.279042010233715e-16,-2.190409978570329e-15,0.0,-1.6565726140408492e-15,2.757964958708423,1.4754481726336142,1.2349043644422817,3.556243581405214,0.5660204962111162,-16.907640897968687,-7.1735227187073765,-3.1179067720868288,-24.03928216739059,-13.297604237602462
30.127723239635053,32.48761132925154,19.312705890521183,29.91211178384686,12.589710891606439,0.0,1.7496952387394124e-15,-3.679146463411115e-16,0.0,1.6931510386798933e-15,5.381868911394636,1.4827010152736768,2.7854139715570723,9.759111070507572,1.4371954496867123,-41.27927300079696,-38.301965356733156,-19.678973128946392,-52.80881276759151,-9.160135747550731
176.2468893930315,142.64533203567848,94.68046937155628,56.82729462899272,26.447368089053004,-1.2900861752866887e-15,0.0,6.003711138961125e-16,0.0,0.0,28.12514568283782,15.983320703469465,6.181208875723992,8.774268435686544,3.0937254867897868,-431.5714076759292,-309.67293471427814,-176.0432423652491,-96.70586540613866,-30.28837150563111
81.66500166406495,74.83505998501764,53.37905041209481,38.24235577666276,24.02482455181379,0.0,0.0,1.0649012753499308e-15,0.0,1.1830142346766178e-15,20.090750254898246,7.184661091619109,4.798381457810403,6.267068794223082,3.423952350299037,-172.4873452205621,-132.40460900549135,-81.82132239786102,-59.29830877852277,-28.075290932725096
23.66953936409294,12.164866244396242,14.48213791640165,5.591944632309086,13.231597169670353,-1.2007715483267993e-15,1.1681883244501967e-15,3.679754017647731e-16,-3.1766352426610813e-16,1.3425112755639506e-16,0.6771451605756317,1.6784419540613602,3.3035063696781486,0.756145422865899,2.7920476881816487,-23.02766722854562,-8.727176377624827,-14.300626761583231,-1.1720189341159755,-11.855931093142258
37.95473382703406,50.99354495559164,21.34288995308182,51.9328975894656,22.523820344594707,-1.4976634830283038e-15,-1.1147179296970002e-15,-3.3291777136183987e-16,0.0,0.0,2.464833728900914,6.138156187462213,1.7770294022767117,3.7281692952306966,2.35349868441896,-49.26871343084763,-82.0823242235494,-20.41030699219765,-77.58878063398237,-22.878127937555874
78.48337408326981,62.244481244581436,34.35140370028839,25.430615808996436,16.291422236506783,-7.242733830543258e-16,9.132282529185092e-16,1.6547626221262918e-15,0.0,8.722906145884231e-16,7.29440381410595,5.3540858695543125,6.3076861482441275,2.831284984969775,2.480870638280058,-138.72838606848248,-101.17344940589408,-50.392371417175696,-28.0229262066361,-15.966253206621463
14.355397735091941,14.33346649016986,32.6421173441235,8.557850327519832,45.50764968977291,0.0,0.0,0.0,2.5946306189884314e-16,0.0,1.4013519238764085,1.849805428930809,7.849698848492496,1.4667175656199287,6.113126979914317,-10.832860122025433,-11.973153433028626,-49.81827546065566,-5.295721756269344,-69.04841655866645
60.6017719466047,50.55873627623481,29.40209549971873,19.73462468280827,18.874666796070855,9.379827855675884e-16,0.0,0.0,-1.4401950828668889e-15,-1.4116992304494896e-16,8.981377886420455,5.171943002377088,1.7188707269227677,1.5556137309674918,3.461999115290704,-103.51493274213114,-77.60123582267613,-33.11357199322734,-17.763514786118876,-21.579804581023755
33.04429250099088,32.22772225699018,18.87986628168684,33.55794001904865,9.894998888818614,8.601094857622309e-16,-8.8190251870001e-16,3.998712943626074e-16,8.469444016608546e-16,0.0,2.810620243276366,3.1270471065781344,3.074147448668733,4.213836682481044,1.6915271981372428,-40.35734670974343,-41.03792571995859,-20.858597917421932,-44.6769875759452,-7.128847508410212
10.443251562662546,5.325040843081508,2.150281100155794,9.520334033926002,4.111668749559505,-3.401922914030353e-16,0.0,-8.26104475024939e-16,0.0,1.512098691940334e-15,2.3208702508094396,1.0567588943602793,0.30505927858613263,0.9520504735246113,0.48178909880992715,-7.822313928743765,-1.9288025605184091,0.8584552136482652,-4.980246853804518,-0.015647677241958653
70.94382104199873,53.567739206287015,37.75136034535879,21.033607917879905,14.965783397256784,0.0,0.0,7.528658350426362e-16,-6.756261108738207e-16,-1.4243345307743971e-15,6.672259396327904,4.250162635733121,1.1127126537575636,3.110463828420402,2.323558996039086,-121.3146061604217,-81.79608264876656,-47.67611239759362,-22.323016523534935,-13.497044336641483
29.49258550647663,21.684509557429763,27.700056145510754,36.85591387774255,26.952194101477655,9.636899899523065e-16,-1.3106918261227576e-15,0.0,7.71157364993953e-16,-5.272615157673895e-16,2.4962557065631996,1.883771024376702,3.0357501549198913,3.434559264066169,4.291238371539355,-34.28220715477459,-21.626411327575305,-31.988179250152893,-48.52865495041508,-32.9292507614565
171.8802544484303,168.31700721411107,98.33109789572623,147.24179596726782,162.87038708213532,-8.267880892313739e-17,0.0,0.0,0.0,9.597779232168852e-16,64.38907479866045,17.79883711050346,16.41659265855334,32.53954130581976,31.244731510898156,-521.7238238110083,-388.2791503954855,-205.1474247150344,-370.8220182992991,-402.22811032184865
10.455551269067335,2.4023716198977514,5.092251056941002,8.351953868586392,9.412802072814127,1.6989604791624789e-16,-7.394180087241685e-16,0.0,8.507503117714932e-16,0.0,2.036601557892156,0.3153277068692475,0.5367395890705436,0.524102320780683,0.9097638046836543,-8.12266331938278,0.7775797905822218,-0.5511312530852591,-2.9115186874811787,-4.410313600500777
29.271411176395322,23.419427008560216,10.062134021479483,37.355080954561494,21.852210757918602,-9.709716166101168e-16,0.0,0.0,1.1412788583556817e-15,-3.251582842722768e-16,3.9768329111762366,1.7414083475987692,1.3577292162560162,3.1331742147642068,2.9734955880329093,-37.6498292137964,-23.402099027618647,-5.802159303733315,-48.92533330479588,-23.14350260073871
9.465297693515094,10.770553153216685,6.195768858114983,7.3485254039190435,3.2302212463975355,-7.506818684074885e-16,0.0,1.1468193085180353e-15,0.0,-1.0998360198276267e-15,0.9518074480024281,2.227274826258786,0.6050863930818663,1.2979938041872572,0.22373588258472976,-4.987851186655203,-8.150735977430731,-1.3438864343138563,-3.58790446635544,0.7542927294943319
913.3462198777527,752.851896800528,542.086566227086,378.9050517166322,315.97599647508844,0.0,-1.2080658966764926e-15,-8.3888326923778715e-16,0.0,0.0,63.22697463893912,80.31864056233091,43.1473413139712,66.21711097114081,42.998980706412766,-2988.436247554144,-2431.0361512194613,-1614.9367048810852,-1091.1550298826721,-850.8667436855579
479.99203624425763,407.70986809650344,301.00857435255455,190.48778798848576,145.3724641519765,-4.737030164548948e-16,1.1153699884909998e-15,0.0,-1.1936391190440822e-15,3.9101916028184195e-16,55.108081362575724,37.59811008760958,29.913240988686447,18.637167312334235,32.08316142875091,-1412.5302986637498,-1155.601754611639,-806.2367152247513,-444.3863845274261,-348.1505334523376
465.2075942952178,377.11107113559433,273.35727561642886,184.51471755358898,88.37910899381687,0.0,0.0,-8.31782051275195e-16,-1.232279345831562e-15,0.0,25.674651788589554,20.643789652432957,28.662662996975733,24.649548800024554,7.405302423662387,-1320.3566180499465,-1021.6580075490687,-704.7434279970478,-441.943695268082,-164.07454629703938
475.3691534328064,408.04841490167473,282.63613070874345,151.6012997374533,117.6893247580746,9.566193927447227e-16,-1.1144445959826659e-15,-8.044749086858278e-16,-3.7495337414158576e-16,9.659910782504173e-16,54.35128881044373,24.855770095518675,32.44723347981684,12.514117962381704,23.893679894902828,-1393.8245904442088,-1130.4983045455335,-749.0769106063382,-330.07996425748894,-268.57077585309605
263.95547907474656,210.1838402431253,155.5150565931912,107.59700199062246,132.28951278633377,-8.614091900658924e-16,1.0817847612843252e-15,7.310342819024091e-16,-5.282992816636486e-16,4.296895321749212e-16,30.923527433791307,23.55707796485072,14.880053863329533,16.023374370006696,27.111603360591744,-678.1518643377015,-520.6337814987725,-349.9520613691106,-220.85421393468042,-302.332529986288
315.32646499055926,276.472719258096,207.67525895896216,138.6367870039014,61.10710395461249,1.08161080984769e-15,0.0,-1.0948520135860884e-15,8.200337022987755e-16,0.0,25.599462729247225,22.22857542534494,19.539534171933177,11.858353238467316,7.599165076625605,-829.5923389153077,-708.5549312573921,-502.3564013814631,-294.899314622294,-101.02297569605658
140.85505829145322,131.71207746987167,85.87795848960599,62.05767506301052,35.80682730045464,-1.210678967805102e-15,-8.631466446015264e-16,-1.3238185876923917e-15,-4.579886275395575e-16,0.0,21.458955581600176,11.529583584397578,8.152720564605882,11.362563792366029,9.919379820849894,-323.28054871051023,-276.62729197825854,-161.35146027690683,-114.50544871004766,-62.625848185774345
250.13858385009888,197.19835561873174,168.43123520144218,135.12020181862223,100.5949615533599,-9.089908159849933e-16,0.0,-1.3499495813308932e-15,0.0,-1.130144452227974e-15,26.878442630905965,19.649673813271214,18.066204600490277,16.762196231775096,13.048735982605086,-633.8389677652563,-466.99522588941534,-388.1907154458548,-295.1195614978631,-200.20669326332447
550.8998160865171,490.7917820627101,388.97578418512916,274.3356387474233,167.3376925519376,-1.2381943257402924e-15,9.265586089792342e-16,0.0,1.2432235006799733e-15,-6.793857139289186e-16,38.89822469711661,27.860523182339797,32.44738842278661,22.070225551000053,20.97356297680119,-1632.4958658575606,-1413.0347517256046,-1080.9069850356818,-697.6168647660236,-382.17396464227375
384.3842820907154,355.17116525781967,223.93794010109028,220.9875252227086,87.97022626616643,0.0,0.0,-2.030684709706545e-15,0.0,-4.846249231713367e-16,21.38599826879721,34.30482212248905,22.638230689560128,42.889189553441575,18.062729557054457,-1046.3478741797326,-978.6467033743122,-559.612907792139,-569.882152482852,-182.2722822789464
160.80987976297658,135.27503959019793,97.8767180478741,47.968430692644446,34.667969920521564,0.0,-1.6808250519241217e-15,0.0,2.962543178920614e-16,0.0,23.04520096968559,9.10363350984169,9.340470478532483,6.9756567966385,9.841631518467196,-377.0206540889211,-282.90535804505487,-191.39540269808407,-75.20173912871068,-59.92386916616306
161.79896846616577,93.91352131965509,76.2858985829541,59.65162717423735,92.90232564982394,1.4052850744272749e-15,-2.118459229482534e-15,1.4902732986489205e-15,-1.90584638017579e-15,-1.2237243462573262e-15,25.59040057427907,15.033671687398307,8.91662894497256,9.156393345667585,8.823341583518761,-382.01313653241414,-191.23860415575865,-137.73973223568336,-104.10035591249886,-175.99818220448154
107.64505623121394,84.86503050239979,55.62816528571201,97.95352107025475,81.26662939905876,-5.280634415640267e-16,6.698096792553514e-16,0.0,0.0,0.0,7.163690070100262,11.958496291924874,6.90605687784026,24.123324329375546,8.01999726562686,-208.98056054820586,-165.69746592209924,-89.89617935436704,-218.30991027986192,-147.34552060612853
59.73761679787047,22.469984157973137,26.624210491310173,54.710772991683996,36.10776534557523,-9.51551499838781e-16,9.486558567616631e-16,-1.067513699220509e-15,0.0,-1.5742713047118492e-15,1.4786463622457633,1.8026186940012556,3.382173329127449,3.8272021246395926,4.520367927906949,-92.3596157279464,-22.210748519407343,-30.498289137917872,-83.53613237159726,-50.4504878371554
139.26002544306903,88.75577540281502,84.81487467924673,64.82699698100043,108.57586884500093,0.0,-6.404475495011578e-16,-1.3404115510582008e-15,-1.7536958831354705e-15,0.0,21.879410261165983,7.866337895504114,12.000361053045312,7.366819998523581,7.176525243065502,-324.5920684350858,-163.92026774307948,-164.42923741185314,-111.46805239860645,-211.52659163925307
45.99440931541014,43.22633067265642,26.835792652978437,21.04404135125621,29.519449928036153,-9.244937042575938e-16,-6.575091845207824e-16,0.0,1.6882278548594583e-16,0.0,8.685164448618831,1.379217055914936,1.0733710498064168,3.4930372199062365,1.2095139905083017,-79.94129739088396,-58.30457243025876,-28.355588294008175,-23.653743338197543,-32.920136569844026
46.149295021001564,21.860584889670974,16.326981553204554,58.64614579543195,27.98744765413315,0.0,1.3001349037021023e-15,-8.703908109954831e-16,0.0,-5.077581525410505e-16,13.896183074290272,2.464747562295258,0.4659623855493158,13.489565203456467,4.538230729220774,-87.75957961193504,-23.31041477814601,-12.115504641541433,-117.11082580320948,-34.59101777848501
19.512691064100036,12.202907570065841,23.27974951182276,19.416283375004316,9.341672971919584,0.0,0.0,0.0,-1.4638079225292358e-15,0.0,2.456485541817782,3.5985964409586173,6.022218883144603,2.8305368177886447,1.180888764037343,-19.21199220585635,-13.759193880934003,-31.41983194900778,-20.469320559234536,-4.792405898878183
7.203081173878979,4.920689159164486,11.503731799063278,9.39382300849787,7.337653740154877,-9.864427716527608e-16,0.0,-3.088314071343171e-16,7.563935738594678e-16,0.0,0.6650888145176438,0.5113199041432537,3.447409759021097,1.0548535607092921,1.1431018378619826,-2.348953290642127,-0.38704226088078025,-11.945625073811419,-4.57040416552228,-3.138594736823687
63.05478494664732,44.84851422431682,37.6835974974248,16.46462533679019,26.359924508460928,-9.014925498343235e-16,0.0,7.542196424411516e-16,1.2946715541210523e-15,1.3477708093056798e-16,7.74405278926001,5.618248578959291,0.5252577728120424,1.2903241624290824,5.167898217173821,-106.81295882995029,-68.45965817973799,-47.346674862352124,-12.972724268949458,-34.87822734101659
23.337064337410077,23.62973622132573,12.253303703601686,35.009025683988774,30.283112505351056,-6.08939261157263e-16,6.013970948341256e-16,1.1597569977005404e-15,-8.118394863928633e-16,0.0,1.2294737789210837,2.0610885839597413,1.0759555303863924,4.312638962382549,5.604691883361881,-22.889732223574804,-23.99484143203129,-7.492543261171342,-45.95061222191258,-42.31487738359721
388.10693797107353,313.36962884926766,222.958931210038,160.29090790774592,126.95254786093385,0.0,-3.62788308934367e-16,-7.648505294536794e-16,0.0,0.0,36.930357126093625,43.61211795818116,24.58636288834688,10.036974900402626,15.11405857762786,-1093.2446545994708,-852.7025161211124,-549.9588018938364,-350.0883915034922,-270.40849245482366
394.4009682595012,372.2527121536624,271.02250730260806,210.71382543468454,80.23233182208229,1.441259617380228e-16,0.0,8.389475756320111e-16,2.6976596691529337e-16,0.0,55.38401182555414,37.0749052892277,24.69047736301408,29.098104369450095,20.351080613186337,-1147.3542428785224,-1038.8947623345166,-694.6634611796212,-521.5996848090488,-172.08640919045325
54.33959018526142,48.17717647261105,39.6991151680313,25.719151727863416,21.171159700762775,0.0,0.0,0.0,0.0,0.0,3.8839743551484514,0.5567052680355298,3.0496386883632014,1.0517546637943296,2.492481563065847,-82.87540450181679,-67.86465561869618,-53.56346526286123,-26.546175562222665,-21.108289804531786
55.32960242882528,51.7311840664514,39.19532660100295,33.726021362839816,21.987687573137997,0.0,5.494115385778691e-16,-3.625650287307051e-16,0.0,-1.292619305048083e-15,5.124828631231612,5.976025411262451,4.2037305280981565,2.9430406477804834,3.214533776622352,-86.28845639702726,-81.19384927902688,-54.16495633476913,-42.10190555032344,-24.860060142124873
31.420688747109164,26.344713370653768,13.717645854868906,13.477199191438752,11.950223557312555,-1.5829694855999335e-15,1.078839197471166e-15,0.0,0.0,-5.945853082600337e-16,6.441544959776553,0.4173422201370234,0.7029803730229913,1.1561354082348687,1.2189900952699906,-46.9086448489051,-27.253177366432407,-8.877930630978192,-9.3948610160277,-7.543737081120658
67.17020039467936,48.13160903955607,30.40259863555776,35.7612205400949,44.14084123572184,0.0,-1.180999762839682e-15,-7.011335553360319e-16,0.0,-1.2877738001695892e-15,6.465865339920443,1.411251428560524,4.608813442571022,4.6723293997625,4.060368393542462,-113.40003960848048,-68.0687190552435,-40.733708617804005,-48.37864982242098,-62.973094057801795
234.75941742424385,142.94950365078498,78.39321836024153,113.4792164787172,183.5948916841315,-1.4528086536716137e-15,1.5905873727179149e-15,0.0,-1.0018295970781377e-15,-9.288398768513413e-16,29.222552635102137,32.89442318941732,7.814026036441312,12.544082946492946,23.812622825610312,-589.4272178302025,-365.1671941514331,-142.30892365280297,-230.88787281672253,-435.0263856485446
704.922146791868,338.4414711837079,53.98629779458455,561.5054952480259,669.3232182498767,1.2902058843123017e-15,9.237603259464086e-16,-1.3161538478961523e-16,-4.049357973652555e-16,0.0,35.78851654743656,48.89301227386808,11.359992923092642,83.2558474291606,72.65966386006227,-2181.6617463789366,-957.5852334414684,-95.96828528291168,-1769.1390700663103,-2115.0744112169564
6.6414199840756964,5.42835036977931,2.1563887583807815,8.677822374017362,8.159091208495726,-5.349328437772245e-16,6.544739076864224e-16,1.5445587262180163e-16,0.0,0.0,0.6124681592645352,0.4560652214746752,0.3218509676489826,0.4315837277628689,1.6775188972565558,-1.6050411570166776,-0.586673393097451,0.6243117305777152,-3.146934412383475,-5.488228088782479
101.28742013554229,47.869664096683174,63.03648333628874,67.09515713481537,41.48204707289651,-2.8060453501896115e-16,5.937311231806473e-16,0.0,1.694411975117418e-15,-1.3703137350217293e-15,14.995203831621648,2.688816174168105,2.03298352666759,5.577143783590644,5.791228369740942,-212.40182886429199,-68.37126145256546,-99.76373932117242,-112.32851166075795,-60.99481674973991
60.19268469909653,58.800210639358305,49.02433282367731,43.578149354866824,34.618677082515354,0.0,0.0,0.0,0.0,-4.1049675819008675e-16,1.8119502276824784,3.1808497778329956,2.5441434274515076,3.7698196915877964,4.632795926036329,-93.47307396825238,-91.4171387893699,-70.74827703010278,-61.51276694908241,-45.50782745343158
346.7749792635667,192.53175998025185,139.73773829000925,131.04347475585905,186.774977036599,6.556807412290736e-16,1.1809671062403105e-15,0.0,8.67550543309544e-16,9.130251776125675e-16,36.404181007533374,16.660611703762815,12.892536239340087,16.604431210906803,24.717751120585987,-952.6298703696602,-452.31026073857777,-298.4707336546299,-284.3805833761545,-447.6232123200087
282.7607521996704,173.5241249307415,35.46771944388145,61.277585887657125,146.4516321684861,-1.6082407029577645e-15,-6.551644491334662e-16,0.0,1.6523552352640755e-15,3.8813783103087705e-16,30.610897507809206,21.788508531540366,4.995728700137788,11.413305260216205,19.44345540810625,-737.8475135986488,-405.1204145711542,-48.99110642681878,-116.3609966610552,-327.1825566008595
195.2462409645629,150.45540829727256,13.212659644414241,122.16527585240136,131.61041922067997,2.911370717304876e-16,-7.556181529678979e-16,0.0,-2.326496562308162e-16,-4.3190667727830017e-16,17.36561331790835,15.006355852380326,2.3098269506178384,22.78460857380889,23.133998565361125,-457.28005934664606,-337.5776837171335,-11.336966416658173,-276.6452054875736,-301.54605860372203
283.3654751545922,203.4677238898511,85.99049745015165,80.39005537794787,127.48018056157636,-4.0120214948413634e-16,0.0,-3.305215142740622e-16,0.0,-1.7836001991964895e-15,34.393888528335886,13.820247362228082,10.88958316609876,8.025082002605302,11.806538169599163,-743.6616260140942,-477.7663536866149,-165.09162613870456,-148.96020136294442,-266.180604201057
139.56784566300152,36.924903860269595,47.469334880795344,68.77010718061274,121.86996662019871,0.0,0.0,0.0,0.0,0.0,13.016683207883938,3.593114594350829,3.253239109738474,9.430165036479693,15.988682909789075,-297.9050297510506,-49.932888660990315,-67.89582031774499,-124.17120547604095,-260.56293277695954
134.94589858932426,78.34307736698253,13.84418142826081,37.59526697350691,110.14236572035892,0.0,1.4511408224248417e-15,0.0,-1.5119833808033635e-15,-5.160904116144382e-16,13.686151627924293,7.833299244926997,2.3566078977839484,3.685531221397848,22.047076458420424,-286.90751396044425,-142.63412005105434,-12.21952532071535,-51.86448265674807,-250.1748284123882
122.94360799541701,81.72831918506333,51.95414943336048,16.834620330575298,87.71358300505247,0.0,3.477583989711899e-16,-1.0941073904735716e-15,-1.6882893033699168e-15,-2.2682001942774137e-15,8.938141066509356,12.425509109003327,8.545102421226517,2.1528893959173985,16.600802884599847,-249.63076373230558,-157.67205147777676,-87.39775256231005,-14.79971579636941,-183.01954759527925
85.76140261976454,45.46240887198503,36.58551837978797,33.856831687547974,51.22872927606131,-1.3256177516786065e-15,0.0,3.884284095056838e-16,0.0,-5.548002035585372e-16,8.334528343498338,4.649057581263685,4.499418120718132,6.567038861340246,2.4986812885198133,-161.89976923785463,-66.17847505733654,-49.55099210180232,-52.39247626106878,-74.99022768557673
180.7595742529446,105.6732580591801,28.62128700847233,50.1385275978593,103.9314010963117,6.289395081365327e-16,0.0,6.206418456564942e-17,-1.133727326752112e-15,-5.469320942583277e-16,13.545827483491996,10.465220677327034,4.282826436384657,3.887881265530927,12.546457457550375,-411.1163642337096,-214.19783531149398,-37.66343050583542,-74.31677401539103,-207.62568667281909
203.11940525010263,105.90206001975832,82.48178586469818,23.12013671880769,153.4169497101131,5.597044633999025e-16,0.0,1.378326578768628e-15,0.0,1.4820635912320175e-15,25.568648075757352,9.997317872026132,2.3072697288766846,2.2114893676278973,16.428079932321314,-495.6180839085731,-212.2291869205896,-144.15940956339745,-24.54133098938584,-347.7518114715018
82.2047743799803,59.90325259324571,24.37033007530415,21.493392040950397,51.282872695606585,0.0,9.489204074908162e-16,1.1662422848841654e-15,-6.61173196307344e-16,0.0,7.764377599525744,5.826885572035473,2.276847971025743,2.093649635610929,6.624079090467703,-148.90972290642964,-99.75000756227362,-25.59548079097929,-21.87034935273111,-83.43489348623228
18.097047679237885,23.62613765193398,14.385192289642971,20.843434364745157,24.33045199169671,3.926290897577074e-16,1.2029773909353937e-15,0.0,0.0,5.840768893258442e-16,2.6283705445696617,3.895462584994518,2.5847923490836804,1.9320297572893366,3.0331692388189895,-17.412727489757728,-28.508114919185164,-13.561027729003246,-20.625391835999036,-27.12896613659955
78.70178116671231,63.02768236720721,56.232586029679226,64.47303038528995,67.12490323890042,0.0,9.018802012999796e-16,0.0,8.816619681301239e-16,0.0,5.651700329614931,3.50272630055721,3.076762204852541,13.948309113101914,12.820457710777147,-138.81200796068936,-100.8612184243436,-85.93344959302065,-122.49600981519418,-123.75499285685159
38.771955554467425,37.72684189022638,22.707561821076883,21.772482014214216,46.638380320961936,0.0,3.766775590851538e-16,1.2516407377573809e-15,6.526979655293509e-16,1.218812027124779e-15,4.41431990832863,4.889246133974203,2.031810541810957,1.957736523838453,3.9607878932760356,-53.72613493922859,-52.51595821036956,-23.467864684144093,-21.894382361083103,-67.27564459083634
97.99313618262052,51.28647795252825,47.86434156460847,37.20709981003054,61.981632521217016,0.0,0.0,0.0,0.0,1.604926797827764e-15,22.713607273678548,2.6683603223787795,6.038846615183228,8.349829687902064,14.264337972200122,-216.20026822751754,-75.38544033200917,-75.01689392889044,-62.77811945245252,-125.8618019913384
52.26814821027092,54.53645704166981,52.91117527159578,45.2057419884213,47.46628615093281,-5.437672923874318e-16,-1.042301277792496e-15,0.0,0.0,5.98776768421042e-16,12.3471337478083,3.543243285694171,7.064228691584567,7.387184147950046,3.348300165790022,-93.8924401503558,-83.19814452310341,-85.06787027951103,-73.77294252773335,-68.21334216388178
95.1448966407211,47.76583023469399,27.252799365885632,26.08299928981544,76.20652081740778,-7.468006806956736e-16,5.950217821140336e-16,0.0,-1.0896641568940178e-15,-1.4918255879180178e-15,16.633510472266963,5.095454704762165,1.0291524565505488,3.2444952532033557,9.829005068200868,-197.4078875076283,-72.46105011912103,-29.017132248126195,-31.184678812621936,-142.76046980845715
31.788367706774174,30.598588905594394,26.19922803872685,27.59395440984067,33.18074628663352,-8.94091502041713e-16,0.0,0.0,0.0,0.0,3.021034914820236,4.6065840174330726,0.8017673624440019,1.5290976502538844,5.590963852865658,-38.704852621781605,-40.68514130056195,-27.15631717697617,-29.88015482114766,-46.47851061947069
79.51434377329466,38.76596345303275,72.16091735236613,55.08041135135253,46.24350202349459,0.0,0.0,7.877313779595977e-16,-5.16003942837404e-16,-1.53652449461786e-16,7.824552974566453,7.164378454722674,4.6520517873367675,6.617066918356732,8.370059202440329,-142.64034454063307,-62.08806951272258,-122.10691874993546,-87.22358976763776,-75.54863238158227
16.291067103262534,15.393414933857148,12.85638009058818,10.939818920555194,16.33473052214571,-2.1807740747007395e-16,9.231775259917048e-16,1.1053542766369672e-15,0.0,8.699779097020136e-16,3.0727506787004333,1.5167803113870764,0.5505620427267717,0.7729749708270917,0.5802493026275318,-15.686838955197041,-11.88838207155329,-7.724039158443933,-5.772277977518916,-12.172494252796103
12.955485756849932,6.546071057248492,16.899432272940608,16.073784413672755,40.58736939234038,1.6453479609232317e-15,-2.17089832831348e-15,1.6818144521880112e-15,0.0,0.0,3.1364247451636023,0.7861199987365978,1.5914498408170943,2.552400605611074,7.156573001963098,-14.702157539049754,-2.161831843498783,-14.3630218961367,-14.825206527012945,-66.21003487294021
55.75691201893477,23.195176861098744,30.91405976493668,53.82036106732863,24.60272885319535,1.5292297439688985e-15,0.0,0.0,0.0,0.0,7.458505001409489,2.3832215184948518,3.195917129558622,2.4103473219698732,3.8640889243045318,-93.71599047451006,-24.005834003920253,-37.93658466431516,-80.3293324887262,-31.05083103916264
495.5952383438897,254.85852858599168,135.65427365257915,70.93544813831767,283.55805348202944,9.175781276795045e-16,8.921564316672024e-16,0.0,0.0,0.0,58.976244022659365,22.773483297328553,4.772406589854443,12.687821413360366,36.412847404115624,-1459.9773342736512,-645.6004233567501,-279.5467197967798,-136.57976774885415,-760.9113353628295
12.708576173284019,11.028545741424587,6.809402490201161,20.415388795172756,14.588955519873279,0.0,0.0,-5.217364789220365e-16,0.0,-1.4611246188094595e-15,2.2024429534732515,0.7715238710180427,1.0775871943740376,4.498807866537307,2.725430830933908,-10.076838456805921,-5.861662459560146,-2.3940396938143325,-26.44122971469308,-13.81674597616084
7.748502570694385,5.166742751811537,8.752631736663336,8.590553768147851,10.412039840940693,9.170065174236944e-16,-1.3752237529359736e-15,0.0,-1.654241984712693e-15,-1.3648482845142571e-15,0.6650017655186029,0.863137098327627,0.8254877971391573,1.4119369717302597,1.4631789957377856,-2.543303169311454,-1.2408239140714703,-3.651865471508726,-4.888319241670446,-6.3278079410128285
19.884814137803193,18.12033550295273,19.01696916898688,20.554834479171756,20.6095211294054,0.0,-7.842489844013279e-16,0.0,6.913631306348822e-16,3.4476431126112236e-16,1.4742669480817046,0.7451327002975513,0.5323507341177506,0.6481223972798261,2.242709208294183,-17.975004372179242,-14.73408860360552,-15.903172596214372,-18.21548833981809,-20.337611863989405
15.342177666616452,12.71625921959928,13.616319890384823,15.427549441273573,8.166022237136916,0.0,-5.587671055533036e-16,0.0,-9.211349326279567e-16,0.0,3.320885232886487,2.359242114713742,3.274081024699079,1.795400748753618,0.7871088642552204,-16.86705258298196,-10.359737923618997,-13.68476096299223,-13.198686258012033,-3.4316505365976875
133.47373429293276,95.15425519485233,16.856235312244742,44.12415112058458,94.14307298962072,4.2587718971025893e-16,-1.1947635708861739e-15,0.0,-1.2882609051325117e-15,-1.8113946269974108e-15,16.149961757654243,11.718454999998771,1.6986857732798861,3.0058501146880405,19.273300622975825,-286.9216168322093,-189.96279453732737,-14.623879688162736,-61.73255738140613,-205.2016384654326
138.19772845442498,114.67467710903269,153.49623275862348,114.2410749179449,187.57345902778798,0.0,0.0,0.0,0.0,-2.121323208987199e-15,16.725337622328112,19.890806660097915,19.69608185163656,16.567940237226594,36.55857115552794,-300.50006425163565,-249.48348388496137,-345.9526683627406,-246.60418068862535,-483.02942186173806
20.719129012861544,17.262806538069224,15.097566677447272,12.812956358762465,14.683038514486858,0.0,8.232065095477477e-16,0.0,0.0,1.2098019341484582e-16,3.552937389744898,1.711028552251621,1.645392126627382,0.8871561269730444,2.2859013652497353,-22.85917878716905,-14.669161774356962,-11.800893436012,-7.963819701048213,-12.83259792952293
71.5257004534621,84.24130569843807,57.2424026014159,85.47517709628329,88.7864977139026,0.0,0.0,0.0,-6.65028383582954e-16,0.0,10.781378931079436,4.4891780163993555,8.259425764995264,10.47867956917112,14.378234273879366,-134.49164394199835,-150.03872274609782,-95.39451284595121,-159.68550599173727,-177.9712689605784
26.473522941602198,14.991425588354799,8.305050471332724,6.324541307518516,18.6287025486929,0.0,-1.184915222992607e-16,-5.881940543543487e-16,0.0,0.0,2.9504295179169007,2.5587104823386544,1.5612753062196096,1.3343248352898536,3.291428009442321,-30.431088342732526,-14.231413399333157,-5.295459243336855,-2.6096001139644476,-20.38847528295889
317.90882419198755,271.9373113145099,219.1626215651397,111.15890526910525,123.34350021989387,0.0,-8.3612533471091935e-16,0.0,1.0227416098277588e-15,0.0,26.93002157554589,29.62567750742656,30.457273186284826,14.76798544095021,12.047836408549914,-837.6445957815829,-704.3166642660726,-541.2710625508864,-232.7184938036404,-254.60235765957523
39.377796382420144,23.72786212833785,14.234289808608407,4.697495387492326,6.7334580387936045,0.0,5.989100340493879e-16,9.983536169544454e-16,1.5125991132466246e-15,0.0,8.086020455463522,1.8139140291374363,0.5705348890665206,1.0125277873631693,0.48192448482652595,-64.27491160733787,-23.936957591488095,-9.447411993033446,-1.7016834426372018,-1.5955985048653134
228.47597870969196,195.9911832262709,137.20247593134332,102.4228798123641,66.69520360413347,0.0,0.0,-8.286063130413579e-16,0.0,0.0,21.889509569595095,36.15693387286827,8.04599041353915,10.651162955438881,13.718317810483882,-559.4463897728402,-491.88015642134485,-285.70716355823845,-203.08270510357528,-130.63735767757223
39.77649989836902,22.28332441602307,13.810351431369263,3.8569679215800594,11.769249231612646,0.0,1.275469893978973e-15,-1.286250279891776e-15,0.0,7.546602185247676e-17,7.015819231508321,1.840683479991718,1.8134040662387898,0.8976411748951832,1.733179180722001,-62.763567990284315,-21.71173088450908,-10.57041885688124,-1.2224897364180345,-8.762969401583849
51.593840240528635,40.35446559212319,34.94206694083434,18.370701393801504,31.511383731709852,0.0,-7.043014698217601e-16,7.625579973881054e-17,0.0,0.0,10.612244998544687,5.760628304182332,12.453095546963945,2.4164418231779825,5.072121887442825,-93.53300660742997,-58.84020852711622,-68.5290711390421,-18.052127356640806,-43.32846173074147
113.14503168691726,84.31485627288342,55.171413449468886,31.09175440371059,27.47129512015171,0.0,0.0,-1.0303056475591387e-15,-1.8282473906980348e-15,-1.034596632816016e-15,16.128614810948008,14.21101198558382,4.092176814936277,2.7828589138360114,2.5107945032354593,-241.81218488354273,-164.6470215027519,-84.35106018215589,-38.16743346874101,-31.65219381472254
148.77997600412058,101.98561803571314,75.98354913065072,43.011171422921805,48.365819120269904,0.0,0.0,-7.481016550446729e-16,0.0,1.1752808056337702e-15,22.330978725370908,18.345345818798755,5.466552957663996,6.63431325457293,4.609940882231351,-345.9529394783358,-211.51175483053333,-131.59839941629585,-67.27850186215483,-72.48540834336703
217.19109098493402,184.04165305223194,165.72917812477715,114.66436984024293,70.30147373416497,0.0,6.177234111744864e-16,1.7149490362527087e-16,0.0,-1.617133065396419e-15,28.43085782699236,12.569804611712494,37.6658985870067,6.112341087338151,11.500817018341515,-537.6713118132715,-419.1891642076699,-412.33577078197163,-225.7244532498,-131.62894932178972
100.95324776856802,75.7566026233137,34.032817107803645,26.941045679170443,18.434423661854428,1.126133534428128e-15,0.0,0.0,0.0,1.541773692074564e-15,13.950979298830546,18.57354402670652,5.475665555504205,2.3973076572123575,1.3701999372324007,-207.03864592026878,-157.36274853659722,-45.93270829537679,-30.240069006089453,-15.714809378993664
84.32011966622947,26.90604367745556,32.50531235348249,40.007890238369335,16.70097375375228,0.0,2.6408294890097886e-16,8.743712141981315e-16,0.0,0.0,14.53648016758142,4.870557660939527,1.9239857202606594,5.806596737113286,2.064406963048102,-172.5152487187755,-33.53645382534283,-38.67091542986399,-56.92820021533654,-14.908282219540352
21.459131897621774,9.587576670634267,9.200363031005747,4.948681319895821,4.022641927353747,6.622287790111833e-16,0.0,7.722985857900724e-16,-7.179111866664497e-16,1.3247687998186867e-15,4.124457841928592,1.6033374776330143,1.1740278754218594,0.2591151256927262,0.5528750411705989,-26.48989568550307,-5.536545729662008,-5.0094362065210545,-0.07723844384002068,-0.1056672139565888
55.22729248637823,25.100173211192775,37.740091039521445,34.3741735330154,12.868131423625044,-5.14631591570675e-16,0.0,0.0,1.6536664890637021e-15,0.0,11.069005554686044,3.658724567088754,7.130706173252976,2.8766590875646214,2.4047310229738965,-95.60062955412168,-30.24900782839583,-58.33747564755137,-43.09088796166429,-10.734581849229382
98.69809114167006,83.51780877939125,66.69238260567151,50.690737383293516,35.79465975842445,0.0,1.020921520060904e-15,-1.0654031360092325e-16,-1.6820652587175309e-15,0.0,19.48620909622532,10.376572579574503,18.25436887528129,7.378562662802862,4.9236523104668315,-216.23279241676212,-157.88870754744923,-139.05442840826,-82.73147572894055,-48.19760885319762
5.661972155805344,8.046441296863287,2.390466800498225,8.463717732612075,11.126456179146562,1.411805914500146e-15,1.766104317537464e-15,-1.4862008031485894e-15,0.0,-6.386065107521066e-16,1.1755619462192464,1.1174284291057273,0.25453365209706713,0.5837476564160481,2.758853576269551,-2.526054327101678,-3.896839894963385,0.8903342664894959,-3.0830975554616766,-9.750512770848335
13.383321854832982,11.264296811569576,8.102729562179334,5.720108415309677,6.452972795057517,0.0,0.0,5.206699126758071e-16,-6.210920179924882e-16,0.0,1.261648499470924,1.905417420442299,1.836162709789535,0.6737889297229404,1.3927534644870874,-9.610393555287134,-8.212187005285418,-6.094968451322595,-1.0871494737216716,-3.7669178634303773
8.521659007602985,2.1565165960952455,13.373248168962034,7.362214497005121,9.397887050565302,0.0,-1.6474316428787597e-15,5.313164960246521e-16,-9.651209375238145e-16,0.0,1.472061000396459,0.11190899141974861,0.8418054714899045,1.0418303626807284,1.7040667749079392,-4.683693504732692,1.0754645575071273,-8.576198587112811,-3.196790033330898,-5.543161714775931
41.68869995721052,29.014855343487184,21.331966699595654,18.339196207870387,7.042742784919446,-6.817605120710453e-16,9.795571645606595e-16,0.0,7.748897254888043e-16,-1.513350886422215e-15,3.358194281158666,2.6595301334641475,2.2049672195097108,2.8178041146835904,1.52394658880003,-57.130214758813395,-33.54835899196998,-21.151830212101416,-19.444752233097276,-4.360468242808132
18.298327788391028,15.96745864921681,11.259595759197282,11.882571901894618,4.131553955228009,0.0,8.899885089665807e-16,0.0,1.195940982518789e-15,0.0,3.9146445189469814,0.27764792592793985,0.7911338563233159,1.7599685689112956,0.4096759811099044,-20.990250281079256,-11.557724667066001,-6.139597025780187,-8.515664276340297,0.16599765775725409
52.792150285855655,39.71567024348018,41.461790862378216,49.532485414888335,59.51122321320027,1.0767399803382853e-15,-7.156296055476939e-16,0.0,0.0,0.0,5.5072328091117875,4.488057130369402,2.6492397473284384,7.340190210679588,13.290791286639527,-84.91323744361192,-54.384592166517194,-55.65340328803836,-79.64682512276303,-111.51591730076153
12.092751626642215,3.2381846811296513,8.957611199368078,7.797191145591771,6.08828584375391,-5.875773832935292e-16,-8.228484541440187e-16,-1.1898418896718122e-15,0.0,1.1670653349646185e-15,1.0945272072530399,0.46322034023861536,1.658257824071568,1.105046376014315,0.5753747194858648,-7.4870518298883235,0.20840838039592144,-5.976141270801117,-3.372962320664236,-1.160352352503905
42.788868529259325,11.732760463588574,38.76294194294764,32.98088029995562,14.130403757452017,1.3284627711512888e-15,0.0,7.3321858470484145e-16,6.463224110131375e-16,3.7713504933575127e-16,3.819273351888965,1.5095603787131588,7.087186666579683,5.490544673328969,3.977157557706502,-59.711885485229814,-7.704584943275609,-58.32442985036971,-45.812368939219404,-15.690328697822377
9.76165555583809,4.600169469093951,7.956360387717824,5.018609933166864,12.747838879474317,-3.639458141581069e-16,-4.826878801244798e-16,-1.7860999279443397e-15,0.0,0.0,1.1251089543492894,1.0382723488928163,1.0181886266711204,0.6372596294503279,2.3320399529504803,-5.199173065813884,-1.7867102489524584,-3.7190576407388307,-0.7805576306059357,-10.961701879388722
46.78241966424671,31.174447201378623,15.432273813323356,11.984533401669296,31.84177625597653,-1.2150594019883582e-15,3.418870900116609e-16,-4.604264701075079e-16,2.964415517675183e-16,0.0,5.483055626157733,4.495957217212655,2.9246272215451183,2.587126335427384,5.238367021684183,-70.09226785717844,-41.89018999719862,-15.623719255191405,-9.96024837286452,-43.81991547742073
29.43991886206316,23.270144198430742,15.019355737014093,5.9089759783451345,4.457698531712875,-9.654139864844792e-16,6.106904449762857e-16,-4.730846969747312e-16,1.2024803254642686e-15,0.0,2.900283417163492,2.586587044791549,3.183628286671749,0.8547733965193536,0.7688534301665573,-34.81828272947832,-24.11388561823126,-14.240038226485785,-1.6529405407710178,-1.0518607440093537
37.19590525308383,26.694600411201726,23.024231203037974,13.409070121796645,10.234060567702741,0.0,-2.129397630426979e-15,0.0,7.948456484746496e-16,-1.388584191112711e-15,4.059112690282719,4.1187830515670925,3.5677048961254987,1.3856503955812516,2.3903172763914484,-51.93324099068067,-33.072795446631,-26.784417183141016,-9.434607725642213,-9.521165546123033
33.92180230570555,19.640377457901295,28.74679086961117,21.27288408242822,15.989033247471838,0.0,0.0,0.0,0.0,0.0,7.914092590367221,3.259445585951355,6.831112823042552,2.8971386155356993,1.3777145621504048,-51.333137601534695,-22.365602767595313,-45.87263550872525,-22.35498532329223,-12.555862410384124
22.97855212494407,13.383964448980722,10.054400547012978,7.245976594305519,19.38555507358516,-1.2368799076575059e-15,1.0617821624805836e-15,-7.066982585761341e-16,0.0,0.0,3.05946612518046,1.3352146891935253,1.253123436540474,0.3401910070654902,3.1652767124887626,-25.293389742210728,-10.010453017906162,-5.372288888674991,-1.7998306681410516,-20.73371133921319
34.50130601554272,16.2601365810566,6.753133856741956,16.78492407162212,32.25076810373421,3.0891992991801666e-16,0.0,-1.0521674097289418e-15,0.0,-8.812723262585846e-16,7.071710820221852,3.8000644450917647,0.8909703671550269,0.8733956175790919,1.504281929725788,-53.3424813275452,-19.808043704346005,-2.5008461886311926,-13.041601259709354,-37.97833934955432
205.26131554048254,135.2318379527912,115.57297151125857,92.48666098446674,28.584763791157396,0.0,1.2610215106442267e-15,1.9673602960107537e-15,1.2292241552618047e-15,0.0,30.862302827957613,11.452280915673969,16.01816183831789,10.0952841153618,0.8699597175764562,-517.7309223865526,-284.466526093267,-243.59256714809837,-181.2117755212073,-31.18728703828013
7.118801086187372,9.89333805595491,4.168071873687795,4.77731745334129,6.078986552871017,0.0,7.182032310443659e-16,0.0,-9.295786059590062e-16,0.0,0.15288488967336183,0.28307459928525686,0.8682803391511195,1.0267241485851182,0.9717556324323229,-1.5885127975845237,-4.259250269151536,-1.1806819103099955,-1.789704910151304,-2.476677783203422
71.90616536277912,45.83565480976371,21.56099810843558,14.080229984359192,42.077921821414336,7.905221836545319e-16,-1.2401572334186328e-15,-1.3182000799528953e-15,6.307982331870606e-16,-1.3509084194333764e-15,6.989269865088069,3.0274180689476906,4.14914663023339,2.2749837711253886,4.49076333336952,-124.05395116252959,-64.46423694520878,-26.51622570109171,-12.32332636489521,-59.859459662359704
25.41341553984467,20.90862739703898,5.17106709653697,16.583311940640073,16.705474057749164,2.795935613794489e-16,0.0,-6.870368557351982e-16,0.0,2.1266763616040603e-16,3.037616287514524,2.791312922846835,0.6794084520021326,1.4636772432321397,3.99631469077922,-28.57559064496415,-21.76128633159268,-0.8862733228670273,-13.51960175428978,-18.174104257146226
0.0,0.0,0.0,0.0,0.0,0.0,0.0,0.0,0.0,0.0,0.0,0.0,0.0,0.0,0.0,0.0,0.0,0.0,0.0,0.0
44.51443656012727,37.4145108969076,21.26708190448604,26.963729822713763,9.747124683968904,6.384829647796118e-16,0.0,0.0,-2.6351797041133077e-16,0.0,5.536274112785747,6.521037566675651,4.4070240403296665,7.170995339155519,1.5694891955666208,-66.22227236847239,-56.98912156511181,-27.184425053859897,-39.22776549636596,-6.697482926584522
487.89412067587807,335.1451258408215,258.1826556217945,266.53789188574075,166.8816543076225,-1.747615408299951e-15,-1.356866968438169e-15,0.0,-4.2653161588878784e-16,0.0,85.18840850928902,55.92371223680531,42.21306009541543,75.28767801271385,17.47754278101781,-1512.0631636205678,-958.1170385734741,-687.0157515601666,-784.1001053531953,-380.08791350484495
62.50293416547145,37.79738135308642,51.72317454733371,60.015553291642355,46.68935882239892,0.0,-1.5038983343793563e-15,-1.098993233850884e-15,2.3678619850666244e-16,-1.217481248286874e-15,7.479553449955738,3.464009351687254,6.596837640205984,16.021489513241576,6.212239818672128,-105.22714938088465,-50.2392434678194,-84.28816977126921,-117.58640461241792,-70.60609684484663
52.122310191523525,45.43446996462957,27.723169686018025,20.42126075364313,18.160025736804165,-2.7264437556555325e-16,0.0,0.0,-1.7397131948215788e-16,0.0,8.764016035646936,9.012741969533543,6.413238721748097,5.976725231058586,2.627933435530403,-86.17731579148499,-76.92974618242818,-42.869621920133575,-27.91959482082941,-18.274971102476428
102.89476489057719,59.962283409133015,79.9626937509245,90.09096158257853,50.89966995206508,-2.2097691333959624e-15,0.0,0.0,-6.309558457615597e-16,0.0,16.690386588668535,10.470095871228768,8.215761545591054,18.315930396560567,5.675286478910383,-215.15420485775329,-106.994315192808,-148.80437633680256,-189.2255648411308,-78.83673126129746
9.202014585967037,6.348347647728011,4.297371289660674,4.496473917794762,9.299278467546507,0.0,-1.1192561831650696e-15,-1.6534357584359567e-15,-7.901110389500233e-16,0.0,0.5990365377067579,0.3239357023030126,0.2520035846917498,0.8861965417289688,0.6502714875738537,-3.82716785032167,-1.0833532624356719,0.264729542181457,-0.8212543307535827,-3.894485360424391
23.281873371250928,25.802439229852226,13.250487393692968,34.77923664889098,9.32228628108534,6.103827852938133e-16,-1.1015125034194986e-15,0.0,-2.0430084275088815e-16,7.621979355019075e-16,1.488519348533533,3.6400361170504216,2.034495380657087,9.701999647642438,0.9650978737342812,-23.040430354565196,-30.70261164298856,-10.464046022195953,-57.56464313389562,-4.256993216414629
69.03035864884905,31.427170608972617,54.132180243467765,73.11121578203748,39.820655608498285,0.0,0.0,1.0500855240846765e-15,-3.8874622896623845e-16,0.0,6.637118876716649,5.966337515235263,5.211746073263509,14.307055606586044,1.9881212477318855,-118.0307415708245,-46.29115030983193,-86.21425362980739,-138.5875184618817,-52.07792327104146
6.797035050137223,6.600918563560017,1.2307738424125292,10.657942356124899,6.147101627591108,0.0,-5.382150445565331e-16,0.0,6.666790943486066e-16,0.0,1.2299355794287796,1.1099230944787057,0.21247804955462224,1.7665551508653015,0.7865916146688494,-3.0663252711467366,-2.433310383718896,0.776272238033289,-7.87482500708791,-1.7033236351697878
3.275609582515905,4.377305927639746,2.5143638681768294,3.3998971984835915,3.0008910720203725,5.422980958664432e-16,0.0,-1.7662090020887576e-16,0.0,0.0,0.17103585010629635,0.724228501760344,0.6499069019586675,0.7094011375784508,0.5560396380471042,0.7878938225560268,-0.7153583571297953,0.02576007622413608,-0.4080096396411663,0.2567897315491258
24.731989271266126,19.5433985740895,11.560356601966012,11.164965284727693,6.699895372889566,-1.1491881675456101e-15,1.4542869461857729e-15,1.2292747710555258e-15,4.773029187551769e-16,1.0605281071033407e-15,2.580642182924256,2.7174604675372764,2.1842782153171134,2.479023199552286,0.41549094670209735,-26.848236795215676,-20.413056660261386,-9.42737998777287,-9.033577484135892,-1.4172291452758854
25.751369714365037,14.523998530118638,14.746203377306076,32.62654418896878,9.39834327683349,1.6555454959673092e-15,0.0,-9.63695830824634e-16,4.355611379769352e-16,0.0,2.7156497467510956,2.1515608044214685,1.2785509598626308,7.371244857514889,0.93695245852034,-29.23765618130339,-12.182229373300773,-10.753335304733145,-47.829400422659695,-4.503193759664362
29.156164488630047,17.666049168772112,28.263492993011972,17.62411107885511,39.26908566070551,1.9496192265952914e-15,1.608832238542868e-15,0.0,4.0316514834758873e-16,0.0,3.357892098172402,1.513465751115244,1.9592271577459655,3.147476996489941,10.992737905946509,-36.463756501311806,-14.880625020020618,-31.763898153878056,-17.256418285861212,-68.66911955609025
14.543820704758444,10.9136027989823,18.082529747649787,7.145147750447251,27.966642591536058,-4.885530083079372e-16,-6.510615686199966e-16,1.57177728044927e-15,0.0,0.0,1.3833651042803021,1.4848388370325882,0.9478004248478924,1.5184481319573677,4.261898808631627,-10.70222254465922,-6.871209119782083,-14.88891570545274,-4.33980002735381,-36.03896184735538
50.61481450366331,44.95675217235777,36.54889489910152,43.87020785095784,34.420823583702386,9.475809628885528e-16,-6.32201127907088e-16,-7.776352611718144e-16,1.2957180201635842e-15,0.0,8.06164385288725,6.922270481594521,4.046753882910624,5.083596618748204,3.878105642785329,-86.08062087249549,-71.09811240172255,-50.70422973584111,-64.2470169901121,-45.66458016258254
12.416286021920836,14.689668402453588,13.267061842419464,24.184152241290356,13.607043710781022,0.0,0.0,0.0,0.0,-1.5665623280032431e-15,1.4046035981222702,2.0325664270198387,0.9579343194694575,7.216055408081401,2.300250318724756,-8.330235028026783,-12.554051031914225,-8.594932482857292,-36.07237928020562,-11.62145713488328
11.626474328254888,5.726644041231527,9.213234071192685,9.394069179279674,2.824643860576156,1.2222841004057872e-15,-1.2407663731921017e-15,3.856098359542264e-16,0.0,-6.288781620200142e-16,1.5732210928988137,0.6836714704006867,1.5730446715323658,1.1752713728820976,0.6341355338410858,-8.046201743695553,-1.1672753268347325,-5.247445183805125,-4.630184111898103,0.14893184408023855
197.66734520159014,164.92148763289612,70.59278138614849,72.32108368851084,17.53230083832906,5.751422300212158e-16,0.0,0.0,0.0,-8.105527532435605e-16,23.086649690314655,26.940770901226866,9.999498412872043,19.88551607687649,0.4939581858879158,-476.18360068571604,-396.87188254201436,-127.44901141914913,-152.3969806940119,-13.775209178430597
97.55795002873666,58.58832444589201,45.817711118796296,90.87753821722819,69.38740835638671,0.0,0.0,-9.304821891924757e-16,-3.1274735196354533e-16,-1.6384361430203468e-15,13.539806513133813,2.651567854027406,5.794257236263964,16.09466597085521,6.808663915658376,-197.81596170048007,-90.5680878877466,-69.13988134809298,-184.19697044152102,-118.89273866456436
99.59013816239235,76.70129138490032,54.0497714461257,20.012026784088064,36.03070889292056,1.1415471433149084e-15,7.411011970523147e-16,0.0,0.0,0.0,6.314313387691459,2.783917366004923,7.2750528661522385,2.784111118187704,5.674871540267599,-188.08809967535208,-130.90415706567902,-90.08285595705568,-20.773043082281553,-54.091679622970034
11.945098749115104,12.620679563319442,8.179564257703515,17.514793743720155,10.576911619987973,0.0,0.0,-1.3030206378492186e-15,6.085222122711509e-16,-6.717865869440896e-16,2.181199939248879,0.7752620276175315,1.348223289493293,2.090937586070134,0.7812462366816044,-9.98577815798913,-7.702688711257838,-4.873196029739413,-15.781749608180482,-5.517788729627841
4.062838849231484,1.6812831389640155,5.0592102150113,0.13244871919576084,3.914379071750135,4.372206000088488e-16,1.0565482982805728e-15,1.404453868415731e-15,8.382285848942285e-16,0.0,0.4511972431771832,0.16635346452764552,0.3692163898548231,0.03036619795552148,0.35438258864272404,0.16453009179604225,0.992295926185178,-0.26323017264004506,0.237075491470245,0.3291780823702173
92.89668243043792,47.45649769755668,133.64214069736917,14.841906973512586,135.58451734588598,0.0,-5.989002730782494e-16,0.0,4.787408633056123e-16,0.0,9.183924034046829,3.9978721891653324,34.561570983164906,1.3874863113792357,41.279559420446546,-179.47623527992482,-68.73515512358522,-324.49191666752904,-11.105842943896459,-351.3362683671854
9.470597078346923,10.0554723435346,6.643000260780612,10.132730858564088,7.426330388347428,0.0,-3.533114663762962e-16,0.0,-1.4024703619943802e-15,0.0,1.4572157654286557,1.2311166407167402,0.6245622215645739,0.5845443825110702,1.6682336739103614,-5.558892274553158,-5.398401791481916,-1.578898860450201,-4.722808526046224,-4.084896352663267
22.155461046280475,17.9158405214409,10.94245006334947,10.132343764713829,4.282649411744111,0.0,-1.0906507685206408e-15,-6.493451938519552e-16,0.0,0.0,2.845448606080773,2.969640700701336,1.4588879027825388,1.6828879127526684,0.8854728060627921,-23.60142043114356,-18.782709741695548,-7.384355669561614,-7.152460137102411,-1.1287758964704135
5.108079532793929,6.274993229774944,2.8255669168167556,2.1083833581312152,3.7943709544837843,0.0,0.0,1.2573454401861905e-15,1.5270689549867806e-15,0.0,0.5475447905551679,0.492690895989173,0.5385879939702453,0.47408802803295885,0.6093214876879683,-0.45128854435054866,-1.1616053695266915,0.15037129026721505,0.1795209761889617,-0.2747311116799069
7.324264812558005,3.8699134035992993,3.214090513908405,5.000172512276499,4.702408826921172,0.0,-9.180344127329104e-16,-1.105355827232234e-15,0.0,-3.777546582574132e-16,0.7460311559538183,0.39794642100979705,0.15995798828527916,1.7328781201119083,1.1423293115458442,-2.5485470116440285,0.06659668256335607,0.8180937259135168,-3.6155566362244524,-1.432426049720344
25.60597197904833,21.56809338698295,14.003946994810798,7.4860974991302065,2.103263598531673,0.0,1.3177664302750766e-15,0.0,4.745748608287941e-16,0.0,1.648339146204377,1.3635924829316135,0.6066923291827228,0.9569095967940634,0.19687127954465294,-26.79153729893112,-20.284264447724315,-9.168797990769068,-2.917834612267384,0.9235021415654282
115.13787370463398,95.659690638654,53.133378567768865,126.02037240210481,113.39571878762597,1.9747948101466538e-15,0.0,1.6047375602599931e-15,4.510653141020126e-16,0.0,19.5582663152123,8.013206541395549,7.3041371539254625,32.07855222346518,32.413081416526666,-254.83014116033505,-179.92249101240006,-85.89257356172956,-309.7145836120162,-278.3157713679601
58.3821372450067,35.83170957608878,18.126996274999776,32.91598923538821,10.506252125063106,-9.736440209829712e-16,1.090649900022752e-15,3.9198040589883057e-16,-4.3173105367053087e-16,0.0,8.088214351797786,5.464564739686163,2.876243478979431,6.516130462651548,0.10959543903661681,-99.84688474392473,-52.24175758529473,-18.06561762684982,-46.54800133290052,-4.856105519295765
8.64364586659079,5.351360279269057,1.6245474747613198,1.465748378681,8.656689382449715,8.220405448428571e-16,6.638898323784259e-16,0.0,0.0,0.0,0.7318702719134225,0.297305446430873,0.07697244089095674,0.12038438936731315,0.2982455160922123,-3.424038720719718,-0.37472697758711154,1.1064575053463312,1.041718625991329,-3.0331096783101255
10.903611859574628,7.547826328592895,4.107697594981683,7.287299207240101,4.762439436028275,0.0,-9.41387234982344e-16,-1.7297834597857454e-15,0.0,0.0,0.266308348476084,0.46660661537178333,0.6124021739447177,0.391309781375899,0.6047866068937608,-5.335862284231307,-2.1580000900588874,-0.3210230904240902,-1.8604917178797247,-0.47047484798687156
113.73083860892613,109.72829878896857,116.3629759557371,101.77890412151986,96.59109953000653,0.0,1.0360758252550747e-15,1.2212522581587825e-16,-5.584990264086484e-16,0.0,20.955579407369257,4.782093374739365,42.468490055487806,23.694318972113592,10.038509932297014,-251.5790961720193,-212.37072530980257,-318.91671148917743,-222.80644535839994,-187.17732009172434
1362.073027479661,1211.9417095670983,1396.7375323173976,966.6264760647825,1083.8443127202743,-1.3354565921561928e-15,-7.504442619586026e-16,-8.139456060366078e-17,0.0,-8.391377720018139e-16,285.32887499920184,59.801821393869446,496.70435436299306,201.03368866511747,105.68335174218417,-5241.29262641904,-4157.08648296751,-5938.474441922712,-3409.2560786671074,-3755.799167854047
215.29850493101748,175.16570755419767,189.94783915269707,168.54648981031156,155.8574099801761,0.0,3.245122555921524e-16,0.0,0.0,-7.294285060689521e-16,50.234975204065336,16.621314194419895,55.26778608560046,13.37037825364206,7.534657936577721,-607.0682164807429,-399.8981054283652,-524.7560133595831,-376.65159266248827,-336.1935909480249
171.54635566271156,163.45121832496724,193.7097791558397,159.7841525560894,146.323853032121,0.0,1.0433097919367143e-15,0.0,0.0,-7.769535545011892e-16,38.401633026222704,14.612375538266557,57.84764296163735,11.272681461490821,10.317826379650956,-452.1028635815551,-365.24416118384573,-541.0900870612043,-349.4352508071591,-314.19982361927913
185.04648347334677,104.64752938061852,160.8275316454729,161.5328835902755,95.18883224273607,-1.2287381590581909e-15,-1.7653652445601018e-15,1.76721666617732e-16,1.0556999466125435e-15,1.1943295767271223e-15,26.84461304998979,17.342953567458313,54.64765760377898,14.438315321534525,8.706659670240954,-445.1891243629381,-221.26861452383028,-458.14940342456373,-358.7793606714784,-183.3387359458613
32.89231178634729,28.2350881033101,32.3194494441785,5.201983766585095,26.916959808454056,-8.640836683969745e-16,-1.006609553560133e-15,8.793995541134885e-16,6.829536265801773e-16,0.0,3.58439362767741,3.240185389525251,6.209771375044735,0.8390124675905207,4.859178313774262,-42.970564363049384,-34.17571807228635,-44.62144807586068,-0.967172797379903,-33.636455629045166
147.04081542523954,138.41592537185045,148.31845606792737,105.3521405813496,113.670474064371,0.0,0.0,1.9162624924700767e-16,0.0,0.0,31.667821692335938,9.198850066271332,43.68799792007875,11.981773635316538,10.793543958681473,-372.5057495643077,-290.5354760392637,-387.2560494668102,-209.99795108178222,-232.1273328319572
196.64180801153606,125.15400276441699,148.01619694438244,197.22298489081678,124.80190387872779,0.0,-1.3625633444854402e-15,9.600878152910373e-17,5.764380748245617e-16,9.109383285697911e-16,38.94147893252889,11.69953605644272,50.66751304717202,11.150059599849369,4.924155541783631,-515.8910639698265,-259.51644360545464,-412.69908053036096,-455.0292308401253,-251.1805154578011
58.83735240126525,49.6522107311226,54.108079397515006,52.76753296963107,58.88090977316843,0.0,-1.1448315799799399e-15,-6.565957835427559e-17,5.38621152646294e-16,1.9307928182424623e-15,12.941924557660423,5.076479600234785,18.208625263410774,14.19201035101856,3.711210304384745,-114.94556521251035,-75.59594099453089,-115.64659023030163,-99.27814042464902,-92.45609747798515
80.34030051999144,73.50982764644743,59.02826458727043,36.74021753637856,33.12556916923027,0.0,1.5465529081145963e-15,1.2037330603029964e-16,7.735857688447836e-16,0.0,8.108716004977996,2.909195531805413,17.176436028364048,5.698360827014929,4.649533532880262,-145.5516086258074,-123.67832799951823,-120.25543256646618,-51.369893572494945,-45.44610124887352
48.24690903905359,47.46428267846081,42.99588841012209,44.327649399829255,38.892510797749054,0.0,0.0,0.0,6.411733943761404e-16,7.307758961154276e-16,7.0464845875671145,1.3361678025064763,11.647660897146611,8.836976314162246,3.2886925883733245,-76.64693893671661,-66.6734367431642,-76.89874087557965,-70.59428611359436,-51.67395716115561
38.28508672129007,37.50789182066194,42.47083453256235,35.25592840366701,35.74009329793008,0.0,0.0,3.3460267196554744e-16,0.0,0.0,6.710432421060113,1.962774958481407,10.00127978468743,2.4203282557163166,2.3099176611572956,-58.399405309623766,-47.680003267502464,-70.17957016709482,-43.921442082078215,-45.043889800915565
32.74419524215937,29.296002143169183,41.76530977443187,27.706532884679095,31.350583363968248,0.0,0.0,0.0,2.564531400292996e-16,-9.06576732574283e-16,7.6544964610571355,1.1637356200985476,13.79510097780322,5.951057769360054,2.316553216422867,-54.48481013235334,-32.55344936464654,-81.5164110774027,-37.01637204853416,-37.39778008916538
92.23166798026318,53.814209587275776,49.62893517190429,80.16251321957779,91.70285915662377,0.0,-1.8485077411586633e-15,3.5792765515667835e-17,-1.0636533819449668e-15,0.0,18.966424622779524,9.56917705116215,15.939641333787222,9.219853039358394,7.401406113529041,-199.17262283939823,-93.16157042566896,-102.28111757440017,-147.44620881769987,-170.92204993407373
343.7913394096083,188.33675065604237,417.70812642200065,134.1961584199424,360.86742208126157,1.3227423112734608e-15,-9.054539594020172e-16,-2.7216812537365125e-16,0.0,1.2601507452896711e-15,47.4775151827517,24.44954539562265,94.64365454121283,28.68215589807969,32.02061872307205,-957.8200587525629,-450.78614207365683,-1278.0576146466994,-311.3853984734892,-988.6018600345881
11.850979001373219,14.394170837562521,10.999038087563473,14.507776671169335,11.727360709965346,0.0,9.872645583806646e-16,-3.2300221624084805e-16,-1.959067200619735e-15,-1.211769217870676e-15,2.0495977268538157,2.1901261794129696,2.5127572665424385,2.4076201721935293,1.4813974480287444,-9.232013201087966,-12.916686663924,-9.134899877281232,-13.229942216088796,-8.267990933691445
128.84614432765753,118.71013898360616,114.72262439785692,116.14423565860004,103.82974888747339,0.0,0.0,0.0,-4.894209216537987e-16,-1.0949351119477846e-15,21.690124040210968,1.329781324218247,23.408431296820794,12.940103249449283,3.736716697391821,-289.841954698602,-233.72872862332926,-251.723756565763,-236.26808831711563,-196.7206580227868
279.3196754907998,283.6020957886197,246.1135391829235,236.0701417999348,172.81131816602266,0.0,-1.6034696415833472e-15,-2.309642088343593e-16,0.0,-6.578668511306373e-16,35.68248553677359,25.55470459664022,76.91367994436362,77.6691218285071,20.811644018689748,-738.9725670058423,-728.9763235917392,-737.1207286444487,-712.7278041833118,-403.5070276255209
1667.7327570587413,1428.4350631314132,1378.2859402169765,671.3343770037575,651.1965991525383,0.0,0.0,0.0,0.0,0.0,293.77505225524175,156.82705958716804,356.15787217852824,109.92609442054925,116.56664629991893,-6524.608255034887,-5132.104455738563,-5363.821049375296,-2224.0749392610483,-2155.152255771482
214.89549456258896,253.14033979281683,226.71317646712652,174.7868604386774,166.22999328059396,0.0,0.0,0.0,-6.504312591706639e-16,-1.3678258114312043e-15,35.51791080757565,4.1237972414471615,74.60951765875491,36.255195961300494,17.010421072855642,-565.351557045321,-617.7998443468233,-679.1295091091314,-432.18286600683734,-384.6154045427842
80.7617799712321,61.071722097308154,51.936101546845286,53.0103254510035,72.67150983997008,1.0557608849332449e-15,0.0,-1.0944875947136007e-15,-1.0723084300500546e-15,1.9554918765958934e-16,14.109681003393126,12.07700897309289,5.81215356735695,4.589127569591874,24.43235482316191,-160.603207316896,-114.4192414771897,-83.40311337295408,-82.26061510766802,-168.3082278501053
9.235075055106064,7.971482105310235,5.651548571008484,5.511948063388946,3.16490989623283,1.3464425358326385e-15,-8.913558687998175e-16,1.2572531702285418e-15,0.0,0.0,1.8434181859566443,0.8840797713501671,0.5129944338428848,0.6728120126238366,0.5933479913254467,-6.551187906250599,-3.529790728583049,-0.9637279722273897,-1.0713792864862055,0.0025014262139513676
101.81078904674632,158.01409761071557,159.21470564595128,267.5593164912819,226.46546158850143,0.0,0.0,0.0,0.0,1.0040103857266364e-15,1.5465255279591519,24.827716615375788,12.863030281692286,75.58802530874678,29.136387127548478,-190.81943123259268,-375.11036311909436,-351.19260456595515,-793.4949426924545,-564.4650427922279
74.98329293069877,70.34869017690431,67.46959715767584,69.06851548125421,63.235954102784824,-1.5161622446574592e-15,1.6160476824192494e-15,8.425041982682283e-16,0.0,-1.1236372501080187e-15,6.315593558626988,4.941877288599337,2.2552685775324877,6.977491898843231,8.445220231308959,-130.87276123964298,-119.0654197219017,-109.6642201034958,-118.47314157187246,-109.9218252078359
3.4377207718401874,2.5920315746882987,5.9004329811152125,10.360748796614882,11.761947979873977,0.0,-1.370629012969384e-15,0.0,0.0,0.0,0.3495806134619941,0.19339835948374315,1.1052409485004921,2.0077188245289794,2.874763562801346,0.31795886928755007,0.9478777467271147,-2.4300240072163803,-7.846426594471514,-10.393664321967494
9.188709564144304,4.941420525889079,6.192610643796445,8.557815129919845,5.628778459213942,0.0,0.0,8.605531373975918e-16,0.0,6.311695698353417e-16,0.7381580490631074,0.24837548490719497,1.2556720574250004,0.8004732709457738,0.8240262755775529,-4.112153611223169,-0.05998758807729377,-2.9433934940903206,-3.4969536869000724,-1.177253142139005
6.070634254726951,7.954455764492128,5.260044128998627,5.603584085858982,5.038450047504071,0.0,4.466318983957959e-16,-6.754151850579329e-16,0.0,-3.5256017677107184e-16,1.0470125333527422,1.4995473017561867,0.7258379256711609,0.6682865743078624,0.9226585273045789,-2.1552053453280733,-4.01729057313685,-0.9942582369029657,-1.1227186548877026,-1.1633605999850447
47.317133812410205,41.58587318412935,37.720073882767,31.96832957293937,33.722083141839434,0.0,0.0,-1.5069805811482734e-15,8.890583214727142e-16,-7.37469142905594e-16,2.0821160979111015,1.9960420445383715,3.746479707608871,1.4353448899143397,7.248093492586334,-66.73583890083547,-55.46351686480186,-50.23361685459739,-37.3084449582695,-50.336944573310255
41.11906950373933,28.10762397872013,41.64426468498358,21.0219144536441,26.050454242285493,0.0,0.0,3.412439821593552e-16,-1.3520038573592982e-15,0.0,7.666832526987164,8.282827900231478,8.990593769226432,3.503939134787229,4.583877223130229,-65.98959343987468,-44.59015610687659,-68.21968318695673,-23.33558778619057,-33.11124500660306
66.31565465800948,59.13729083683662,43.05168817463926,43.29552434383304,47.15285965530598,0.0,-2.403027685933503e-16,4.951323159810473e-16,0.0,0.0,12.520040432941073,15.014940908522473,7.950503885693353,7.717648380071006,5.633468780896687,-127.49414959041424,-117.05614885065818,-69.28015403062857,-71.36511814727143,-71.74288461800981
36.63507837490145,17.973942638172105,24.532741447775905,35.52828942306857,9.853146628709563,0.0,7.906364786667198e-16,-5.792607705687264e-16,1.5999480916156773e-15,7.211328142522099e-16,4.275580968439742,2.2734141471295195,3.9781167749011987,0.14967020725846159,2.0709430869514396,-51.04384531084954,-16.752162171234048,-28.46500215493876,-43.29145930104408,-6.720047334001542
33.43259458658224,24.872951084321677,28.42886945339535,31.234381120765903,22.428090565489562,8.501197643155913e-16,0.0,0.0,0.0,7.920232149113742e-17,1.5769322732307467,2.166952617821806,3.6139040419589077,4.729993814708037,6.375826114642685,-40.04856610850684,-26.403698163514314,-34.20293881613862,-39.96380975126039,-32.193365528119294
1968.5052241185854,1902.9939557687926,1783.8168593430064,1645.8840676459688,1513.2543844033225,0.0,-9.558566373958876e-16,1.529576363755025e-15,0.0,-1.2020380857928824e-15,172.11728128752512,158.93331845040873,120.95867460773613,61.701658299480926,3.0042179224179444,-7435.971835173879,-7144.456757625083,-6581.9449237792805,-5945.619427689698,-5371.230036111814
23107.225599648824,22086.090081087586,20378.866710811075,18550.34477495888,16771.16194936676,-6.297560546856827e-16,1.3177448045299534e-15,7.140689143742719e-16,7.844552435494616e-16,-8.676748380523687e-16,2052.322699616603,2093.5318484518607,1853.1929693722313,1227.0526305945157,529.9000788907873,-122907.86798797853,-117062.57817263772,-106629.9697536476,-95347.21174449197,-84726.57693389787
270.5398784493326,289.8940298908944,328.0892119558952,385.6138130073748,462.1791453443674,8.404442137938462e-16,-7.843337633714198e-16,-1.3860478623344539e-15,-1.1792817983876712e-15,0.0,11.727464467342688,15.529311709917327,15.594533203243035,19.6774512667626,26.41145793295922,-674.8315392936203,-737.6281076458866,-859.4721270298835,-1048.7585538495684,-1311.8380196057988
3178.7589561655504,3010.964024944001,2708.6985917267416,2387.340295074766,2088.3829037642336,-1.1444651378914578e-15,1.2082438637437303e-15,0.0,7.619313456479358e-16,-1.74200756026799e-15,372.4958534596869,321.0729931449247,249.50967868061602,182.83154646046432,101.359981233207,-13159.340546094225,-12314.74031703763,-10796.382978462987,-9256.166962066094,-7867.925303488108
437.6169900423688,459.4659079523101,503.05454225205926,574.884275423705,689.7754313178232,0.0,4.94865171730722e-16,-9.039722588542089e-16,7.910241596907537e-16,-1.318537397070419e-15,23.774392983278993,19.502278324148268,17.102886673393343,1.410888811820924,39.20349580975649,-1226.9582027247855,-1296.8554252734846,-1445.7559009734705,-1694.824423932665,-2129.881558099403
995.10576003737,950.4209836068474,878.7085062107415,822.6370943259859,753.7516085087697,0.0,0.0,2.0700714636186835e-15,5.52792177769535e-16,6.033119475342032e-16,81.67054530286137,82.38658303454778,73.82585020898642,64.44153241857474,28.33086694317894,-3340.221706172435,-3172.2330704595806,-2870.845488432382,-2648.8394593816984,-2357.4910412809154
387.95044506568865,397.519578844443,419.3558913411017,454.1260271766087,495.36311049985136,1.1721789642732986e-15,-5.719810734962761e-16,0.0,1.0013681746314306e-15,-9.180081060690945e-16,16.161065785304423,12.928399410955523,8.551258040998581,11.265022026415004,23.05885769412092,-1054.1889816048097,-1084.2054503939446,-1155.4565982356294,-1274.36361162628,-1423.003764909043
301.3107192032805,273.0981001481453,249.3058367161448,246.1573480128906,248.60297591821293,3.7730764448813635e-16,1.6651428576023819e-15,0.0,9.236924157605286e-16,-9.146056060006094e-16,31.374116800097582,22.05758299614728,8.487267324724758,18.381183409611207,19.544302289496667,-792.101020047042,-692.4424326501767,-607.9755498652415,-606.8610259756986,-616.4399534932636
1874.4992258451023,1788.4350974112365,1661.5954589417838,1523.000298415683,1395.050368347497,-9.703868523742816e-16,1.5256265711113984e-15,0.0,5.971730292627255e-16,0.0,169.35035832882093,159.91931216827882,94.53969679197178,56.41024270409839,50.72948125282968,-7056.885133931509,-6661.586328696126,-6036.253869299272,-5428.06040595355,-4895.393972223972
1366.0302894556507,1293.5791942574074,1170.1953661564537,1034.794050029949,918.7871725150472,0.0,1.4061677952311735e-15,0.0,8.789137333623108e-16,-9.898861553359716e-16,144.84478674288565,145.8897828337156,101.68803989079277,64.6326075302114,57.82189119425672,-4920.959965627947,-4625.274364761123,-4043.6040366662664,-3459.620477216039,-3004.1235386907288
1012.9065055641906,971.5289611719809,897.3277696306228,816.9446148630194,741.7368064950717,8.979058746062038e-16,0.0,0.0,0.0,0.0,88.15620145824775,91.94311118987551,63.29070292111671,32.58039993411655,38.698645276268564,-3414.6168827242595,-3258.5843776598545,-2931.533632342063,-2596.799946247916,-2319.962169238383
809.4201317115466,768.0538629565524,697.2221682787518,612.6249631930455,540.2711896116955,-1.685456043420437e-15,5.920774216745115e-16,6.522273266340759e-16,-7.422932107047812e-16,8.417020185979208e-16,91.51331183735208,88.30339025822184,74.89801424524386,49.919541843290176,22.52872896997802,-2659.2463103187306,-2499.336776445404,-2208.514865352748,-1862.835224551158,-1579.0587327391734
149.68644515250924,152.6873139251293,137.08093888700216,162.83053140169199,162.50625531196508,-7.594998839459731e-16,1.4891458209470201e-15,-1.6586819239008827e-15,1.396382321459828e-15,6.995843790958701e-16,14.252873516700253,14.243969866540168,8.646231543429725,15.300584070623914,9.849150219361043,-326.40076594231465,-339.8677377226386,-286.9146800400252,-364.0640849969158,-356.1044221264039
486.7711184054289,474.9683207936505,457.88213507018946,457.38524254826143,474.19836367183296,9.342118578771299e-16,9.574266976934418e-16,0.0,0.0,9.589812739235224e-16,42.76770900418499,46.84356430939611,32.907277198070574,6.787212051723539,16.460892407795804,-1419.7292195891803,-1384.337484540222,-1305.8512703045283,-1284.2076535318631,-1345.3548766225028
51737.94411979913,48123.808330468826,42182.059979646096,35374.89181070656,28980.343181078795,2.250095627251352e-15,1.2095397877439834e-15,0.0,1.2340884579578478e-15,-1.0042610701634317e-15,6287.640962292614,5768.686444432168,4894.350871924681,3923.1973138661897,2786.0507391869087,-305560.85556022986,-281312.20978353795,-241968.66344290946,-198231.90837965588,-158055.87810133674
165.84739060929945,134.85025152145806,144.5194151520049,129.61259405716223,103.84230276203489,1.199608659997044e-15,0.0,1.5733088540669873e-15,-8.771280179106471e-16,5.474013706251337e-16,21.486142083125486,3.8651789293264533,16.85568855734975,11.34327702778477,13.495950817380644,-387.4109022704672,-276.98946972726606,-322.46462917879444,-269.9381779778605,-207.99895606587475
359.2785899183471,342.9197144770804,308.3340476162293,267.762583695482,224.87193255713143,-1.2657234904807829e-15,-1.3261044252877386e-15,-7.374264282556129e-16,0.0,1.0111251896030422e-15,3.8507006902629355,16.817769288489913,12.505503446911053,9.460723667262743,14.184127425523977,-954.562009492075,-907.2620206786464,-793.6462883476187,-664.8524870540817,-538.6404796189669
7573.790960619992,7161.623530979205,6543.604128053813,5884.98782290687,5334.328190226205,-9.606757899729271e-16,2.0319296546962135e-15,0.0,0.0,0.0,664.869485609058,678.8597016917732,659.6676470073049,508.07182430654166,242.3554575297268,-35077.12889797925,-32974.98834005372,-29728.76942395515,-26186.067051691345,-23196.582357467098
7019.708763665013,6661.616922740104,6054.3919530052835,5352.246076330195,4727.442978915275,0.0,1.6383314363243122e-15,-1.2017652095635766e-15,0.0,0.0,690.6469299269546,698.2970958581287,637.2298935243286,452.2371727359829,253.38603969099452,-32299.209709279756,-30486.045554675162,-27283.17733044826,-23491.91810314499,-20230.636302218474
2746.969765490303,2668.254637090899,2540.3172934660925,2579.6232258570885,2442.140979576428,1.3243607020342924e-15,-1.3634301451296526e-15,-7.160481126607486e-16,1.4102752567220285e-15,7.448339054780316e-16,181.41925222585388,233.3218593583695,93.23892616030514,152.1271903263061,110.79488383982824,-10880.376338663846,-10591.16496939909,-9860.393727501934,-10073.17047193354,-9434.455274466949
7077.482125886053,6501.318713411563,5576.79664723482,4502.276958594637,3458.320826428177,2.0560864682572478e-15,0.0,1.3046840461344618e-15,1.2120463180792268e-15,0.0,900.7910863820305,851.6183704405505,740.9487295441631,585.20114658449,379.9720630747892,-33155.968886605966,-30124.91168534931,-25193.994976476122,-19635.046784548354,-14368.436315631507
60.97166653869921,57.82624870039206,54.354526769159605,48.47354044775649,49.20180510090053,0.0,0.0,0.0,5.863345067818221e-16,0.0,8.779741162560567,1.9900859550802774,4.594732455610344,1.3423648457788662,5.19043277241061,-104.47188218776628,-88.49336773870176,-83.61368027656123,-68.701975322118,-74.45798019284666
824.3839272103498,734.2635573694226,763.438145040184,817.2129469000423,1009.8227507345539,0.0,1.2386488375254381e-15,0.0,0.0,-4.503239311608665e-16,96.50800586573,73.3581477918611,80.47374096679532,67.98299932495613,126.12263141719907,-2702.2160487994884,-2345.675451306646,-2455.5052425758745,-2636.072301856034,-3430.4277900129346
74.38404838004001,65.98422328706272,61.84141256484332,60.33280511174827,46.923423749810155,1.5283765833874995e-15,0.0,0.0,0.0,0.0,6.516542799137731,2.7131852465154003,6.268724726228185,12.140484019090033,5.408249301585654,-129.33264903214058,-106.75257711947744,-100.89513289492317,-107.94660237499222,-69.47643528899967
8.908535282349002,8.076714759239797,7.40388523305993,17.97929612165859,28.425793125081928,-1.5951954238042695e-15,0.0,0.0,9.880013251800103e-17,-1.2498204230107164e-15,0.8398479019898694,1.3377435642393969,0.6264548786001966,3.8844723532456285,4.800680809744432,-3.96002683888997,-4.409078132872727,-2.2066099775146766,-21.39277134712058,-37.325598321246254
391.7956981490321,373.60372123307945,343.9557000599964,311.6991025913257,270.3625785621271,0.0,-6.085958530947846e-16,0.0,-1.4589305747302442e-15,1.6819907300224498e-15,43.66919265142817,37.89933515860096,28.544460934175657,21.381208399958105,16.95856855895418,-1114.024197392381,-1034.3140679732728,-923.3653889293103,-812.0219233170872,-678.5476959739757
45.223430711424555,44.052278968602586,37.257412908712666,34.55793072435433,27.02588735697121,-1.2569461884378437e-15,1.2903627279152134e-15,-1.5256942021198457e-15,0.0,-1.3145594932275531e-15,2.544114704055864,6.366332066339678,3.609481204558732,0.16640496756162892,3.2546484548787373,-63.217688984215506,-68.48116033487138,-49.950016206267065,-41.515983219075686,-31.507922223345496
67.15697836634533,58.169972555667954,48.933291159819234,40.15737539512592,27.627229733745704,-8.464260936625792e-16,-1.954390430781433e-15,0.0,-1.0616372142383717e-15,1.028757124920414e-15,5.938031614085809,7.144640765273145,7.487671398409695,6.721999720437135,4.709812137243497,-113.8008291959755,-97.598947224907,-79.41432003433147,-60.79273054180899,-35.72925753251988
722.4294046481472,662.6400149568384,577.5802245711922,482.71577112010164,381.872508106407,-6.294696034804186e-16,1.3725321158459905e-15,7.873319264420422e-16,-9.42060272510386e-16,-5.954177653969147e-16,102.33195909421741,86.7815774458228,63.5365146527275,39.11199539088706,26.776415119180818,-2378.715939138135,-2126.464540087335,-1766.8023874709531,-1394.783379388181,-1043.0467787049574
241.08642357637154,214.20465502933726,202.32427961303452,179.25228566227196,187.35063705596187,-9.431210271830361e-16,0.0,0.0,6.342281065013176e-16,0.0,32.31782758922186,21.390953118315732,15.279158951777617,14.50870962774497,11.3492192774898,-626.2043434627409,-520.2981127983588,-474.50650164201323,-408.00792257454674,-427.95275048657896
18.833218229354287,11.72534808608397,11.161648115446368,11.836303443904193,6.934302300049352,-7.545632691205339e-16,0.0,0.0,3.0015398774101064e-16,-1.1527628060351848e-15,0.9281576291816154,1.7140558293302417,1.85427964749499,2.8489611639061625,1.0318904327904903,-15.924272460915033,-8.193719816095367,-7.8655264058288274,-10.798052357588908,-2.783249775497494
106.39899744284764,86.10447654426235,56.09306422160891,24.612898355474538,11.79586914608186,0.0,1.3203359718838178e-15,-5.066884796686686e-16,-1.154748580192397e-15,-1.204731464821506e-15,6.752047928354289,5.726883306283151,3.4178091802581836,1.9011949368386867,1.8031770119617259,-205.42416899608725,-155.2450771581835,-85.77647428946828,-25.596127959141217,-8.954975577370007
41.22271806860843,41.25034826009416,30.995522905544487,27.007134922256558,29.930483623402168,0.0,-1.20575931116014e-15,0.0,1.052377807280168e-15,2.3739767946968224e-16,8.462223710741291,5.175036980710881,7.700493321610658,2.910579280234617,9.008037178202203,-68.36388084287675,-59.80951064912763,-46.739080587224876,-31.50868951020747,-49.1515582974296
1129.9341075650657,1008.9173564781495,646.388667574017,320.5208632958593,160.56085906720472,0.0,-9.01456096411823e-16,-7.035199929992457e-16,8.867350829568036e-17,0.0,51.50503775784125,57.30053797361861,50.84585757297356,63.023216268724674,37.802504829688644,-3824.260529657343,-3352.3810309469577,-1982.9087601396993,-935.4652069434253,-402.5611499865792
48.24567969643193,35.68474421684947,26.346493925253668,27.08257292139978,6.791440024384707,0.0,5.97350003218966e-16,0.0,0.0,-2.092465613209841e-15,3.6478227998329493,6.5846510093670245,1.1023509101745435,4.453496806257803,0.8091347497355181,-70.04532656259845,-51.35384768830142,-27.55742310791242,-34.53661423557396,-2.1066410172990087
115.38796693363281,101.91392959306344,68.54749558299746,30.490611335813366,4.805687165779375,0.0,1.1155181453169467e-15,0.0,1.165182829452681e-15,0.0,9.593015278884838,9.950189311186701,4.224323898431427,4.045344037609115,1.3435194126517085,-231.65632280948918,-199.39109477084676,-113.33715408058818,-38.952877735795695,-2.3527407791165666
28.838682569281964,24.57395435649073,27.817131402281223,26.329404943251262,20.409680932867733,0.0,-4.246812002692591e-16,0.0,0.0,-1.392560203360833e-15,4.936806432425567,6.225060795780649,7.714937070522861,3.943675757238258,1.87247559448417,-38.26908831722327,-35.65712816802349,-41.99619645140169,-32.792529051656295,-19.285692368231235
53.93800743333186,48.565184171209,42.58559658777201,23.45614167762545,10.067926873997939,0.0,5.852280788271634e-16,0.0,-1.2116958458481327e-15,-1.4114976094933557e-15,8.647563678516878,4.440157539999952,3.587093977167399,4.178355088269128,1.073447626722969,-95.17330261111098,-71.27297301143362,-58.98646801869721,-29.079934678580194,-5.780276091209279
26.894088540295034,22.428667497787096,23.245181718569516,9.629974134520253,25.225518132211487,1.0568013631627695e-15,-1.2672045467350305e-15,0.0,-1.054887638680689e-15,2.1125712820922577e-16,2.5519150748129324,2.4315220018402,4.874845474765149,1.9282909302722893,8.318030860288921,-30.655851427585272,-22.91712717895419,-29.3957304885907,-7.639634793191228,-42.10434910625438
52.67625299831685,40.90921236065646,16.95152588007923,37.32380260197857,33.2915408630825,1.0791090031142557e-15,0.0,8.383230403996872e-16,1.1422352808003014e-15,-8.537216570207261e-16,6.583368178919978,6.517184486039664,2.7400728804416588,5.0456965649237455,5.503087754265476,-86.24584670562427,-61.340625620051924,-17.43827347462353,-52.68959124445243,-45.85482115922692
85.44775075600984,66.63742748631616,44.705032460425784,70.18955304570994,68.37123574562253,1.3304836782215715e-15,1.7060508187378837e-15,0.0,-1.7715596319161577e-16,4.15696880719663e-16,7.47359554850985,7.348594495476673,7.743855303409758,16.837094168731756,9.570663814598909,-156.9532887220337,-116.88418398332789,-69.66798648252387,-145.03904644001253,-124.31156060211862
25.69422739730208,21.04849749813276,11.660867242028262,4.532612684212504,2.5979140539243435,0.0,0.0,0.0,0.0,0.0,3.7365231000542662,3.4992553870758725,1.2807295456206305,0.30478238891760545,0.45059769382929293,-31.02905032309421,-24.263153781709775,-7.406444157279745,0.1205926495514591,0.26688508041112596
7.435318181740457,7.153278085925354,12.216012613502565,15.565657495600563,31.00841460692601,0.0,9.933106573308673e-16,0.0,-4.564810294463476e-16,-9.165805408205476e-16,1.0595934818955444,0.9295011349334771,1.6405255486148795,3.4082426505862453,3.5256073696007224,-3.2209435690248602,-2.8614427419236925,-8.862483168691233,-17.342836452969507,-38.775398853524386
15.17496040497032,14.021097984190327,12.468381728354384,13.047730499443709,13.05634738789365,9.364673340793337e-16,0.0,8.548135009504716e-16,-2.7228594880557744e-16,-5.442124927059943e-16,1.3396789243865317,1.0891137291109751,2.34803412268388,1.57336296918694,2.6958902666727944,-11.77688449375764,-9.62400791380571,-10.770646593059693,-9.412275313574646,-11.112383970551598
19.083197459728062,11.272983307616068,11.292863296219657,19.29578263278398,31.97983490213044,0.0,1.1818234740488821e-15,0.0,0.0,-1.3331076997763332e-15,1.4967237655686134,1.641188573794407,2.986244521502215,1.8989289976817256,4.4260422167012425,-16.974412760335277,-8.140494457626838,-10.752843343877577,-18.613291717153494,-41.57142715796309
62.89919091312363,53.0769686423347,36.70689050662503,13.020992702183701,8.973737228347273,0.0,0.0,-1.5485762502968932e-15,2.1827605682965715e-15,0.0,8.95527129857392,7.486052254674457,1.2437232774181852,2.2553043244785904,1.0514203506870858,-111.8137578587187,-84.62040474693501,-45.80907496438027,-10.849721190288895,-4.368482046096363
1040.1314849073487,903.2048519333441,657.3464648265556,282.50346925323254,52.22518997870508,0.0,-1.0069639238829601e-15,0.0,0.0,1.0884291447094022e-15,155.3152040705446,72.03231513055981,27.97272248917812,25.397586118245563,4.607956262210708,-3663.142614172052,-2965.081421018397,-2001.3358425558763,-727.7276386869407,-80.38203439327431
45.498958378357955,36.1234805365328,24.322631303362265,13.227107716905284,9.04758668963012,1.249334509773001e-15,0.0,-1.1685293863117147e-15,0.0,0.0,7.831873738755496,5.1260359492230725,2.5946798814521226,0.9490025363350293,1.1720950018043945,-74.34583456505545,-51.36486262550687,-26.029279244127913,-8.510517433576887,-4.6830294878481
17.508617577924426,5.394598635085879,10.051689706260369,27.44934613722187,33.5155110974226,0.0,0.0,1.4137776961371214e-15,2.0708478291847976e-15,8.480165899242302e-16,0.9534679632294927,0.7243125812431309,0.7057545487605269,2.6996329414320286,7.417366131250785,-14.025627163380209,-1.2086482558335003,-4.859624359863758,-32.46359889246417,-53.625578393781616
382.568086822664,265.4803631348001,196.82205032901248,54.12947924985588,158.27576156470013,0.0,-8.564613697163771e-16,2.1660461352953284e-16,-1.0501379220447489e-15,0.0,33.43609464311572,12.301900746259737,35.26537073382216,5.771390249152556,15.060120533647098,-1064.2594775916998,-659.538180381296,-506.6393738714612,-85.6182536254512,-351.1487720926724
507.6455165459631,371.9305814711263,221.95646739711665,167.6573460502538,85.38014726956706,4.47898519798402e-16,0.0,0.0,-6.780904052217277e-16,0.0,33.66694162407208,8.085177580187784,20.794834650519263,4.313968928437021,8.805437247076073,-1474.6978649355003,-997.2645994747102,-539.8619592066303,-366.7664785375436,-162.0517554410566
264.7889211157771,218.07040865524326,137.3334228115616,40.62508550667389,26.337940556557832,8.586978431163837e-16,5.213308785115746e-16,-4.1390812008526285e-16,-6.996098365315413e-16,-1.0791166214902609e-15,19.68888592139074,17.249001621033717,7.909840816459383,4.156170646388624,2.6178120090605677,-664.7509029379198,-521.5183616465838,-286.3454131988021,-58.18393193588294,-29.33314523405717
417.8526805511841,335.1013968724882,253.0338011524681,165.00757087946337,117.47556519153554,2.720739701170594e-16,0.0,0.0,0.0,1.935497608141025e-15,55.47958961870845,18.02531214321306,23.628348522915445,12.421149050550605,18.896288167029994,-1205.4732557600814,-883.9482683805398,-636.1542152359345,-365.28050579299116,-256.45635280303514
12.196473404542692,10.042191985322283,10.099503022723752,7.651706578079917,4.789400716852209,1.1651609644726512e-15,0.0,-1.0553134161572922e-15,-9.28606878099082e-16,0.0,0.977784726858506,1.2018485567759627,0.9165292443571019,0.5575900495822401,0.6754033017264294,-7.350781632284816,-5.344997795925657,-5.125299625300759,-2.33083814900806,-0.6354668919491907
964.4587518367306,587.3584852401344,656.8225088239526,408.00330350834736,217.89512038510725,-4.715052354706057e-16,0.0,-1.3846886937559246e-15,8.359258619529053e-16,0.0,154.44008601603755,76.72018880475223,30.658735602007173,62.30637105761984,47.21211407124416,-3304.4756098251996,-1825.2793252712402,-2001.7313631826426,-1190.0552350250216,-589.0307250894532
7.880698073484091,4.293929219061732,6.501560179701524,1.686796176059887,6.4007846261663035,0.0,4.1369029361606544e-16,-5.464401744511115e-16,5.265475653227896e-16,0.0,1.2799853930943703,1.0218600952613526,1.5268172061888172,0.2221660373602461,1.732786183729203,-4.15091653212652,-1.0104405247743276,-3.4411681832160297,0.9138960670018456,-4.2451015607280675
19.506363254487514,9.303191854831896,5.552424768723421,5.813628091828814,13.06500453731866,-7.285240477582484e-16,-7.637623160389391e-16,-1.2796980875140496e-15,0.0,-1.0877037719053488e-15,2.554574250277921,0.2859691607570831,0.5303852105798552,0.8784222872711897,2.0250158039925434,-19.086766973039534,-3.6563019057472674,-0.8140073148756563,-1.787004340522468,-10.866343548820593
81.34441214119242,67.75230707086038,48.88287655171659,50.8743929096739,48.048528315108186,-6.987993073469245e-16,-1.2584830240841163e-15,5.814246508250125e-16,0.0,0.0,6.525643845605575,10.885079654254671,5.238472112456735,8.211783703879895,8.9500197482754,-145.5470599098561,-123.61158631894294,-73.08228775939158,-86.68107056838518,-80.99666889516025
16.920283168736237,11.16564256950701,14.583098880338959,7.099521876883658,6.498698217421162,4.1993548729313025e-16,-1.2727305774601242e-15,0.0,5.004159069314634e-16,0.0,1.420445113009994,1.7065152045606022,2.6308939462265477,0.9741598887515077,0.9873827773438786,-13.835624575197958,-7.9949653634616205,-13.648754589237823,-2.593688376357403,-2.486794406499598
69.30641794254328,55.94340399077682,55.53645098382141,47.11928415221874,32.80485526661338,0.0,1.0160879532854235e-15,0.0,0.0,0.0,7.349977935822282,2.971350880293746,5.923863254588896,5.404524536292301,5.631334995279309,-119.96331688734185,-85.24347838997106,-89.10057650095114,-71.00727412307631,-45.2985702646117
25.709027236841134,16.72858473114189,23.562630814077284,25.312627482042416,24.112457831306656,0.0,0.0,0.0,2.8070682755639725e-16,-1.1787147386320108e-15,6.953749072815918,1.813008629920708,3.3667665390922856,4.12437071168576,2.153686073423177,-39.321255818908234,-14.160283887982445,-27.407546850351302,-30.818854306005214,-25.60143175139001
45.477382802155134,33.98533861121296,10.45391610685799,38.75807727458179,27.729449861757427,0.0,8.362932544396273e-16,3.398452448331631e-16,3.6665530682869365e-16,-1.0249647783168356e-15,5.589918605664484,3.475271007558617,1.5583162261679917,8.122606204460038,2.8513023107643574,-69.93756648826225,-43.672372958836604,-6.327306571070458,-60.85723595023981,-32.75191211635418
65.98484187921528,62.628082848122204,57.114953761888266,49.55303171424501,40.782145638325034,8.614617727638029e-16,1.8152693257003434e-15,9.95245817720307e-16,0.0,-1.3938310005785816e-15,4.135383146390902,4.313614929509112,4.9367964734391965,4.716945502617982,4.071632065969731,-107.89889851559496,-101.1685169118012,-89.66005065687295,-73.57848717343691,-56.31742081242975
116.99958496747253,77.11061569456075,51.213624767460786,44.77678300498179,81.94381885584035,0.0,1.2900426499049585e-15,-9.711867052770822e-16,0.0,0.0,12.809556835754616,16.960836077747057,6.71664278986872,4.38407228410764,12.817213676211024,-246.07554901816934,-163.4335798074647,-82.49053222360311,-64.0070254159427,-161.03279535643372
