0,1,2,3,4,5,6,7,8,9,10,11,12,13,14,15,16,17,18,19
0.0,0.0,0.0,0.0,0.0,0.0,0.0,0.0,0.0,0.0,0.0,0.0,0.0,0.0,0.0,0.0,0.0,0.0,0.0,0.0
0.0,0.0,0.0,0.0,0.0,0.0,0.0,0.0,0.0,0.0,0.0,0.0,0.0,0.0,0.0,0.0,0.0,0.0,0.0,0.0
383.801758610948,178.81547890433242,109.10067623786178,133.66773815687387,257.616098700064,0.0,1.2715547716362889e-15,-5.210180250109334e-16,4.2525907630827104e-16,0.0,42.255214655275005,20.253776365031328,16.389762914626623,32.443277946809324,47.846555878637766,-1076.3872730193248,-417.446528583219,-224.262194894453,-318.7200696700893,-702.1312581853983
123.59496099971305,49.38607912430129,68.90180648174487,78.39149079580632,85.24288291078656,0.0,1.3668135048201101e-15,-8.249917057815943e-16,0.0,0.0,17.840919697803255,8.96055367370792,11.862260125862905,18.42840781135114,14.312241774258576,-271.5241650033838,-84.4310620508782,-124.84693649021989,-159.44152546395932,-170.3982324498071
105.8301974979396,75.46055107249177,19.72628809140473,35.84924206807107,68.70603349607453,1.0742381702900007e-15,0.0,1.4408037284413436e-15,-3.964060017843117e-16,0.0,11.725703850523587,9.751508059218445,0.5999044861938859,8.154938801834648,14.714098816685508,-212.4380710232501,-137.72548720679578,-16.96315123515765,-57.1964213942815,-138.25862954017973
69.7644512331235,23.847915805021167,23.24643629001037,31.021906310748015,35.46261767807689,-8.147905968737744e-16,0.0,1.222626516848847e-15,-9.161819117659082e-16,0.0,11.081462558344308,1.9695489077991104,2.1538018175071376,2.3771526971342425,5.07196347967243,-131.25990781697467,-24.284950419814788,-23.925634245291988,-36.55422815656749,-48.82061915494911
55.645590018717904,27.599723224279007,22.65680791645203,28.259693117557553,38.280846049847014,-1.0215260336297484e-15,6.436140047366923e-16,-3.1361113991885247e-16,-2.5143328089385546e-16,0.0,7.808373417122923,3.8723796388293317,3.712536344871406,5.756868416930849,7.637143893418058,-94.22628222352068,-34.40312066046327,-25.126849415600493,-37.60951563140744,-61.06103911853451
153.95480480498782,65.35770172252057,32.89356689594849,42.5344358453128,74.51617736388994,0.0,-8.697279335515748e-16,-1.728101395650389e-15,0.0,0.0,23.509249372764238,4.588419267054851,1.1631249676041773,7.167159207705351,10.88538386911831,-355.08431918921326,-106.56551671199828,-38.82736035838967,-69.59475519154668,-137.4713992286018
51.111506223702314,23.275382841007787,16.639525063139452,16.220346100174464,39.660352041940385,5.560726249390749e-16,-1.2211059910185087e-15,0.0,0.0,0.0,7.320054414391099,2.205145833866425,1.406557024314185,1.8946414737942845,7.6568558351384475,-80.3247715079751,-24.193277345676524,-13.282723291260293,-13.719725296657714,-63.06763467197377
121.86934388675463,55.797231267153464,53.47107807124587,49.179777052360905,66.64329873505903,0.0,0.0,5.315342509558979e-16,0.0,0.0,18.887880783369173,6.047617983470693,5.018443553499557,11.869663956040396,11.70785176118225,-271.283618397322,-89.09767159236776,-81.98425292274821,-86.68552367821081,-125.38827647357715
48.82895546354758,19.037477174093784,24.80968969243878,16.362630316411565,23.24589291497718,0.0,3.7323366392633544e-16,-5.727945367866906e-16,0.0,-2.445310191727854e-15,6.9377928447468085,1.9290321332885194,2.996184051029009,1.5634469702133418,4.769867781143346,-77.62678034344823,-17.2994186141409,-27.161776121429632,-13.070613483971416,-30.60089703484017
61.788054369968464,38.417391923296655,10.709825208834282,15.427739042155899,30.819914841231196,0.0,3.69906805323357e-16,0.0,0.0,0.0,9.475851385008138,6.704534722755751,1.1621289723296562,2.065179023106461,5.7991170578559785,-110.16307485114525,-56.05460948673627,-6.670811952414948,-13.238984331785174,-43.579460019529186
48.443969633409566,28.418030039717255,3.2879767710254098,10.455225481060715,37.75998803903938,0.0,0.0,0.0,1.3592107354302863e-15,0.0,1.481002762978129,2.9417990251013753,0.6835003755590741,0.5047288322025201,4.940245718742072,-68.71460573720125,-32.85833071414729,-0.33929783498620525,-4.98336620346912,-53.06575295558917
46.85767479281168,18.242456852780585,8.132259708785444,12.735622448055219,22.40319079943371,0.0,0.0,8.737334531907368e-16,0.0,0.0,8.779592113388317,1.8663015862967052,0.4543337564422156,1.5819350702915866,1.7607598486093243,-77.6106868299696,-16.334752160794523,-2.682432376381373,-8.980902703724494,-21.946998195392382
14.456387553454327,2.9335945035219573,5.8232830400361415,8.537500700223095,5.582622172698369,0.0,0.0,3.0504387768677403e-16,0.0,-1.272775971182478e-15,4.100478085658884,0.4446658518738584,0.7923902791921574,0.9691144023807838,0.43326665126799796,-16.53345669915432,0.2674248115628883,-1.2776575451202257,-3.6754873798183594,-0.6513049840606595
850.8446078914611,129.076453804989,968.2185661375881,482.629054098839,320.21444855578017,0.0,0.0,-4.6967427272185e-16,-9.422295384507356e-16,-7.100668832050669e-16,137.23617357097288,18.20527999752779,46.77637595187944,29.54760767284538,45.506418352206,-2860.8218445990587,-280.443607166436,-3185.9458647949914,-1387.3686031124369,-881.018568960203
23.19210719983549,16.082380368027593,8.111605992494754,8.378068331863886,14.402155419010914,1.2254906027083908e-15,-4.4181440775563745e-16,0.0,-8.480985205834723e-16,0.0,1.4996965326170484,3.0046243804172588,0.13913236551947708,1.1043496721531454,3.1563606867927456,-23.04032162376174,-15.194258548314728,-2.457420511231849,-4.033620506757955,-15.334411518748947
48.526704480994795,22.941175042244744,10.320989413173937,18.385410592759236,38.78036676521655,1.1713842814747582e-15,6.194475517942564e-16,6.884443993839853e-16,7.729419282481891e-16,-1.4657782688067004e-15,3.4539154060778023,1.9731938673913747,1.3235241333797287,2.209397659401594,6.279040138810364,-70.5003156087329,-22.998950614476854,-5.7341449030867855,-16.600471425174494,-57.39315732637274
512.9359624891698,314.68188736906217,41.639599227703805,152.7448181081532,355.64257882829895,8.865577462724028e-16,-7.225508825570436e-16,-1.3651288656733456e-15,0.0,0.0,29.150704048821602,41.585967753468566,2.41596575736601,45.6265454398802,54.56205638456932,-1488.3864247492363,-862.563727988349,-55.918707881779824,-403.99238925400107,-1019.3255879979065
40.1793620776338,29.576230973852063,15.369128894287625,44.83157345066109,30.47935589106192,0.0,0.0,2.3115907890661055e-16,-2.3773738497336497e-16,1.864980974794069e-15,6.568641029720132,7.055230464590878,2.9630153874183973,6.834002032415996,4.166712059780793,-60.67395785966698,-43.222468852349884,-15.384221422517603,-72.0259434134218,-39.67535640685531
35.91221213037997,15.721960843129832,14.114405471808734,9.202425344023444,24.365591834681172,-7.914218519098309e-16,1.8077712897258424e-15,0.0,0.0,-1.16646907751075e-15,5.096540058172595,1.5563732395060328,1.218367687474263,1.1053944737852175,2.5063498440636933,-49.39919879705881,-13.256428316418251,-9.919563321480359,-4.589706220013774,-26.030977800092515
10.67886303158772,2.9887565278846018,4.2615514404847294,4.80016945155008,4.8937893239196715,-6.653730211337466e-16,0.0,-4.1683336789622304e-16,0.0,0.0,1.8538170265180443,0.10995234340463214,0.3400673720511821,0.46366821889808235,0.6084741174145933,-7.657680469323303,0.9247558461858828,0.20536190082068567,-0.25240327163428355,-0.5111246607276906
38.50627870222883,44.47930637416394,29.116343680732978,50.13400232409715,37.08950374067108,-3.690529231633969e-16,0.0,-7.321071047429808e-16,0.0,1.1494509186127666e-15,4.74889449152368,7.478545344072505,5.976491381088347,11.01339525408519,6.578077226905209,-52.918785013151265,-71.88238684913647,-39.83074408423405,-92.33990221970055,-56.6535552780077
310.1519172569474,106.53949711909661,119.55134805987382,99.13639094335575,137.1447613294673,0.0,0.0,0.0,-1.1467720041026515e-15,0.0,65.85287351991839,8.441779412112252,8.917851962250372,8.03550322807019,24.95869547152885,-900.8475063480747,-207.83147358359946,-241.39432599158175,-189.45307105983812,-318.6106655997286
59.150945880047665,32.76114456434736,9.705107909527706,16.284350417279214,43.766734474559144,9.609891780273626e-16,0.0,0.0,1.309004137505199e-15,-1.2987813585646908e-15,7.849165904702941,4.702140027865064,2.0855590079420603,1.46948163950258,4.35108716151337,-98.68372302477128,-44.640824054780275,-7.763365855540777,-12.951045422390774,-62.808481976413596
19.287650653249514,12.679240350163333,19.00899800323448,14.071232476968355,16.064535634697673,5.52588867768914e-16,1.1207970132862842e-15,0.0,-1.0099225308417142e-15,0.0,4.763759755834851,1.4035862873233738,1.5216113256188752,1.4359537061398266,0.5973030348991538,-23.313063703483657,-8.575118204083909,-16.634647963993856,-10.157333919803788,-11.840376424532884
6.5637151173915695,4.214676797071146,2.777734395012188,1.9448932039032742,5.248016848279919,-2.1650626910281595e-15,2.1073464525615255e-16,0.0,0.0,0.0,0.8634920913771312,0.7825792349150091,0.28106921180130484,0.2552595425866849,0.5224761259535594,-2.290996090128017,-0.7411485038333332,0.7657767803972193,0.864400590264079,-0.5524274108895174
10.500887778561822,6.975568954266933,6.336331362969389,6.164786251168374,5.1622186391488425,0.0,0.0,1.1213787522424003e-15,0.0,0.0,3.605569247741597,1.2717892292874018,0.784654204183718,1.1046725384596183,0.5317420688286333,-12.012702151550911,-3.309688969663612,-1.7956881247206882,-2.3899521677616082,-0.8264110196142773
192.72971263337695,84.95104734137941,48.791983701203776,76.30354219672314,108.8282513589276,0.0,-6.691314661769891e-16,-8.737616491816093e-16,0.0,0.0,17.415821101065195,10.779381217461777,8.1828546208338,20.739698083816666,17.93312964529443,-450.9065857088282,-160.80022498391622,-80.31070984056149,-162.34633890030378,-234.32294581484342
1.4175511168223567,4.340424903624549,2.0385528444394856,5.785373543936631,11.511740843320862,1.2531166025125133e-15,-1.637034971315248e-15,1.7427626114727207e-15,0.0,-1.2344661774980083e-15,0.1415333964758404,0.4271794869847914,0.18981978306406527,1.3084901426669886,0.5495573444470001,0.9681402316847363,-0.056378708786486244,0.972815186397067,-3.1574735603813333,-6.150014696121295
2.7005138999869014,1.7778301205273528,1.2213162616715023,3.005802314541672,2.8400166528151627,-6.577847421592114e-16,0.0,7.272304869539343e-16,0.0,0.0,0.3189194013533269,0.16630857788163006,0.10773858887945927,0.5554826941509028,0.721339752265045,0.7798568043400198,0.9859320772422242,0.9936674919428872,0.12800564838596024,-0.10536687307768226
39.42935269848992,21.03345614074203,18.861187272797764,20.432397300690536,20.75939210304042,-7.208261735296637e-16,6.756309861827903e-16,8.476248776586586e-16,0.0,-1.369101238096532e-15,1.5473181939270424,2.279618491193359,2.6372074540808694,1.1826252073063186,2.3323166729943186,-51.070455411814365,-21.020489751838777,-19.239275916325617,-18.42680989838337,-20.746576738996495
48.218699769189186,21.96570264589287,5.061705991253433,11.668747904087384,42.11205550322718,5.894333436291645e-16,-6.469565278331371e-16,1.4037613741057056e-15,0.0,0.0,2.134458164644697,1.209394217722748,0.5288693327761881,0.33995673928213427,5.034853850296223,-68.63042886256558,-20.6696609930603,-0.7276859620043151,-6.220745726595394,-60.41432410071466
45.13847200919829,22.52761724047807,43.55499152061149,22.764546940692426,14.691361029745075,-1.2593119866623863e-15,3.154096272922211e-16,4.89410773107728e-16,-4.681903428242493e-16,0.0,8.007284263204618,2.282365549724511,8.817597836142536,5.848562674152486,2.9978248172674444,-73.28260296214263,-23.04426137217044,-71.48593098710296,-30.62409463142825,-15.004432489110656
124.96330883294075,38.12715303511983,156.84366509345503,182.54343323606784,127.97820419057314,-9.097617435338571e-16,-7.454453628946303e-16,0.0,0.0,3.3312363159996834e-16,12.243990223646161,2.2058335114992382,22.042872990332622,27.049279305532867,28.161962575283848,-258.9170988273102,-49.15136676544313,-361.3359845900957,-448.74221008474717,-312.4359493094781
51.32117384889643,105.21390368852471,38.582294598072686,114.18253886104486,99.47943470649173,8.307012671052291e-16,-1.0805305547656002e-15,0.0,0.0,-8.571131163217986e-16,8.198064873490626,8.086445625385135,5.253531644492763,15.58364174592045,11.045738723212828,-89.00644709122594,-204.9113418263142,-56.08990944536892,-238.74421175846672,-195.65526612033116
114.273539785008,25.042028672303644,117.7658894019971,158.0584091770948,56.97759552055568,-9.94865810016074e-16,2.8374008554105557e-16,0.0,0.0,-1.5588204654576887e-15,1.3641159913087022,2.915521632370556,17.074797362914047,21.183734736698252,10.962536766127512,-222.3006718325777,-28.105669129451577,-254.88657797381214,-366.6593994203707,-105.52983556623754
58.38780701527169,19.93172383163754,68.20259040114803,99.62680909423663,26.565333806923906,9.735494749090383e-16,-7.129767016260367e-16,0.0,0.0,-5.349398136114567e-16,4.057159915972225,0.7901964228675553,6.068699415689027,13.919317060959367,3.814838688631806,-91.96135313955013,-17.37251969824589,-115.11558556641782,-202.42150535984592,-31.78391071538495
41.60559239835917,8.901992371940425,45.916163577042504,73.16706951753798,28.407104581093684,-6.831223350523641e-16,7.98183941383471e-16,-1.2379827588476708e-15,0.0,-1.2506426583035166e-15,5.0481147591541475,1.1435533833185543,7.390383590152753,11.330582310785648,5.769821593014147,-58.669574218640086,-4.597121334197038,-72.79266030165839,-140.79545197813715,-41.38281023085258
73.01188000039173,29.10031661301826,76.83221036375674,80.92381201636026,59.681254030320424,0.0,-1.2513717871857947e-15,0.0,0.0,-1.7263158819161524e-15,2.240053165502486,4.908509041533598,12.833333904039609,13.187544458916607,13.681865906490605,-122.17782665248119,-40.72187549440136,-150.23202121733345,-159.6710392482778,-119.81473089258385
67.72184985619346,3.567661056585142,75.1381648679919,76.40359631470311,39.80259973336214,6.295245070259562e-16,-9.958103145036574e-16,-3.309768849864132e-16,-7.439887859031194e-16,-1.4281333189691734e-15,8.485673728388164,0.24528605606085171,11.758592028780152,7.973477906855068,7.60569097303611,-119.47823194275765,0.5802605568454977,-146.42905829778994,-134.99030643286855,-63.823969312744296
62.61464962373762,56.80612597414418,48.32715111144062,86.00177377734752,43.66725639640683,-1.815658770028741e-15,-1.0006564941020763e-15,1.1762211831963608e-15,1.3219127086371865e-15,0.0,7.26543072342502,1.052778322372345,4.380584547272021,6.980062347033788,1.0300213673721237,-104.85067691966579,-85.92936554107625,-71.15768290140652,-156.44526386473964,-58.97822287551731
26.812058070941944,9.451065710039499,42.739576877535626,14.290855414717218,39.07853529062092,0.0,5.638592177536007e-16,1.3299948903023773e-15,0.0,-1.454594406829029e-15,2.92637598223382,2.028200981368,3.6866204808419756,2.751280018784984,5.673835458046827,-30.423710615258983,-6.6007354154423385,-59.4415279215835,-14.065797607986298,-56.47570402468414
94.81074966566369,37.550684790062824,76.15811854486432,66.93575677696158,19.403628054607758,8.993192079156328e-16,0.0,0.0,1.6984470363192422e-15,0.0,8.086821302297306,3.8873162136708292,5.6805310937266045,4.12913243335023,1.9163688367763603,-178.9757593536868,-50.92125141706596,-133.02076841819033,-109.89950172852357,-18.209380596338896
37.62265680704008,13.856788312419836,30.301916095753473,18.191995825974576,7.535470003957748,0.0,0.0,-4.689754492849883e-16,-7.811597392140839e-16,0.0,3.7295256597143367,0.37097037684791667,4.479403213628733,4.1976410779932625,1.3332519941083267,-51.28633227607334,-8.852713422656935,-40.547669919548795,-20.430549233372204,-4.049449925212285
35.72192793906821,9.37156585833235,48.605874757800365,17.61438546526859,44.505867031889565,0.0,-9.477374785884231e-17,1.1694763059826563e-15,0.0,3.193029517887961e-16,4.499996566717469,1.7314665979159187,2.7914348408460756,2.1804662248208864,8.037055318327294,-48.01651864619039,-6.603423552750868,-69.98504625919331,-16.318522320333717,-71.99016973833274
72.27098269068317,45.279146172330464,46.84089764466668,85.84273742964407,60.10471148953397,0.0,6.276997654114814e-16,1.2135424750400833e-15,0.0,4.728699086319228e-16,13.19586568279486,5.722664204265016,8.528923575705118,16.86047787882162,5.587112307471548,-135.41438571691913,-67.7336626063922,-77.93198551667108,-183.72151320038913,-97.324263433504
291.040266431084,213.19608886984096,319.9889120965134,553.8079540985095,125.41550531606231,-1.2695226922586073e-15,1.0665002188761854e-15,0.0,0.0,1.8129630373072513e-15,63.71924877929127,24.925872860448564,49.75958283657773,98.32629902840971,23.444545174205906,-854.3327480003137,-526.2418073993532,-891.7470195310837,-1799.936991559871,-289.0738962831431
13.689438151893608,3.534292951195389,8.854729404557382,19.676107381407192,8.904851042295707,0.0,-5.02605998973413e-16,0.0,0.0,0.0,0.3822465483099089,0.38746826957356306,1.559817616321664,2.543528195410859,0.8147609979869033,-8.651600717548552,0.4462576640313219,-6.0784878517890935,-18.907663801824164,-4.072847332596886
6.326721363577424,5.557500917511462,8.393175095815156,6.64830615413238,12.62643184873718,0.0,0.0,4.2328601968185876e-16,0.0,-1.1254846092265795e-15,1.3114843050885718,0.958780887339324,0.6743884196666365,0.43441922915933184,1.9415440281162881,-3.4019118957125656,-1.5512608957323677,-3.1621293114216336,-1.409865261857543,-9.585364702162337
182.32257935632748,68.50282304679888,184.13473955068525,206.03477811257054,99.96884028782587,0.0,0.0,-6.174111305613919e-16,0.0,0.0,27.143031144788754,13.031018266916394,25.104381896154525,25.54216400691297,9.287030379651485,-438.5847725609025,-135.92380144527405,-433.9729782307998,-496.4293466063308,-192.8905748283079
47.880131625783875,18.493176241927763,43.70974802194715,68.75415781074013,12.732170252032153,-1.1872026439918416e-15,7.684377485671243e-16,1.3004746408573736e-15,0.0,2.7903441506631284e-16,6.223265533010823,1.4625321604294044,4.655696698741369,10.229980796627492,1.286310428562701,-73.71322998481583,-16.148094694387147,-63.0916165528168,-121.43819549776872,-8.467424113108947
47.33740706190625,61.78260795018602,17.960025232361545,46.959849806334425,39.112569035434575,0.0,0.0,0.0,0.0,0.0,6.727038632595314,9.338905084149522,0.7816101362244038,4.097944591905948,4.9023498044343485,-74.80438159354769,-108.90138686026928,-14.527461560962596,-69.31170651591675,-54.67411793303741
9.512229769806648,4.802539347994473,9.839431828166031,9.796087925218886,5.48121118170927,0.0,-7.397573286482504e-16,1.4442759463531708e-15,7.25333154606433e-16,1.6204053999305208e-15,1.3560973218763555,0.9424610296352468,0.9968536299566914,1.3391770537163277,0.999462748929265,-5.6894826543454995,-1.0063103511702833,-5.0102691381330065,-5.698910753956575,-1.9171703007725482
34.78036835011223,11.646811301813555,13.679941384694098,53.88944986944519,46.29967179954758,-1.6343535608536646e-15,-3.050374550369249e-16,-5.194048101369031e-16,0.0,0.0,2.2469732798610074,2.6435061342315276,1.2953050933110628,10.453491718517725,7.117375509081333,-43.31781645976604,-10.33073918880551,-9.49446101420244,-91.68449659002808,-75.69189077996262
180.81992487437006,21.139366701523336,200.77041458512565,225.43160310478714,156.98476852836643,-8.252075904427668e-16,-3.3612300017904384e-16,1.627977205332031e-15,0.0,0.0,27.940265790230438,4.825380661276506,39.5540252693634,13.563870747272649,29.461824876249597,-449.7838636895506,-28.515755125874946,-529.1042632437754,-539.2284460078317,-382.3123819509512
11.150024996539349,9.129478542337026,7.978451754002448,14.611950532353557,7.255364853566406,1.3541703394914756e-15,2.918606190642615e-16,0.0,0.0,0.0,2.4718022580732004,1.9959712650381465,0.7655066703741683,3.082931840071955,1.5065976186185317,-10.249465261882023,-7.111378431250043,-3.2371014000244234,-15.152509273395864,-4.361641495940698
1.592011176939936,0.40018151650340145,3.130310442337133,4.512574705509857,3.736828860544974,0.0,2.2194388872844803e-15,-1.1349397269837543e-15,0.0,1.9014591309286657e-15,0.07931148803932771,0.051203402461897106,0.339878796717877,0.5442570463715273,0.777348034057123,1.1019232449182133,0.5703843611318878,0.4581849231281445,-0.21989612690277788,-0.7351261243158864
10.030178689724815,3.537122195046753,5.400172597053916,3.3733613565948324,10.024110188158685,-7.084048627049877e-16,0.0,-6.578889127985829e-16,0.0,0.0,0.35453469421667294,0.692951543032614,1.0749422728127784,0.3961215564307431,1.1610786140257676,-4.438205960029525,-0.05539073052948522,-2.0250671702146135,0.39982198246176576,-5.221240402348969
16.267029844593164,16.14202340176236,14.56624176888528,14.983590496550882,8.591717954176195,-1.7471972266560275e-15,8.803639024368214e-16,9.756020077572505e-16,-1.8968557260655572e-15,-1.2405133750021294e-15,1.0928872441307982,1.7986305176800845,1.5952125236876522,1.4131019886111342,0.5187834316350252,-12.578045606538975,-13.477248074483919,-11.232523554433145,-11.82676199669279,-3.1373972469819806
123.96727955044878,95.0077867492412,93.28002202841344,62.36675810511937,34.22023596634517,0.0,0.0,0.0,0.0,-8.305527015756442e-16,14.3507982045286,20.09969441468807,12.532882557566554,11.057396204693394,1.550129337910369,-260.73889693286765,-206.47503595880718,-181.89460385813632,-109.67258028125977,-41.45088445751516
15.156985394616482,26.176060138288904,4.693762910466653,25.79027314756864,12.581072226169956,0.0,0.0,0.0,-5.510160607407806e-16,5.647712078801172e-16,1.5133291524991996,1.6288443346285892,0.9513714125402841,1.932648334172419,1.58576926677998,-12.000550299976034,-27.830017824303543,-1.464687072348612,-27.50355108359028,-8.50770229297843
14.48283400542334,7.415898815484464,9.900996699934314,5.147279291960955,7.322258126522647,-2.4530514383235542e-16,-9.581343454639382e-16,0.0,-1.3804239005834192e-15,-9.703874453515587e-16,3.445870703913565,0.6478890316950536,1.8336231560227745,0.6594146558487964,0.8933548425583165,-14.345099675741228,-2.2991422397966312,-7.6491493643797,-0.7937208254879308,-2.727871683773468
16.050290376617536,10.993548576965605,27.97461274203121,14.869715899518404,27.465464664975872,4.42697745079576e-16,1.292654015735875e-15,0.0,0.0,0.0,1.4976659508803978,1.447702697667311,3.6143626196054446,2.5411821606147322,2.600674466246861,-12.797814901550808,-7.124737931106333,-33.52146905371314,-13.48787692743211,-31.589732294325692
24.880641564384067,17.8761174955138,17.953702182419388,12.884712015696186,3.8668454037845765,0.0,0.0,-1.5830556361926898e-15,0.0,1.3781441877622156e-15,2.4832280179230453,1.0843130393893485,1.7498814330014154,1.0439956001642263,0.390487319038943,-26.51603272853662,-14.682252571732887,-15.584173140806756,-8.4757671111199,0.27874029930909133
21.097599758406496,18.102034756691282,14.782651944422799,22.15872613623971,14.03149385992143,6.735768465576082e-16,0.0,0.0,-1.282641847534793e-15,1.0127827341173478e-15,2.9936186163689333,1.7675483552376847,1.2991383141205077,2.6841026114916624,0.9394766155012036,-22.136721287266745,-15.861548139518474,-10.71094931118891,-23.115583650335147,-9.42877142341736
1655.6653059155924,1278.2232171600835,1198.9222585896962,1112.5836467879963,879.3296942819998,-1.0986456000779365e-15,0.0,3.7929677894327177e-16,-8.174618640123094e-16,-5.171522738780925e-16,170.75091426018423,72.77647785023393,122.50240448301425,57.516380259249374,147.79618173188493,-6205.292203404296,-4439.215723737926,-4190.129652211946,-3760.0946916258777,-2993.680952326218
1020.026129042407,745.6730754333169,750.9138391466327,710.9400318542268,544.6998660684508,0.0,0.0,1.211183832763707e-15,1.2792846949423346e-15,4.1742928465243774e-16,104.04242435964925,42.98660273383491,84.27204372741511,35.947753451704564,109.2455856512826,-3511.609609198843,-2341.3031477452932,-2418.766665403241,-2204.491036528538,-1723.4786272436127
687.1654177582304,574.8320434602091,487.9308971367857,425.3120701856463,387.9552357267836,6.617727538880029e-16,1.5821920717888531e-15,-9.319912994953895e-16,-1.0692086652701146e-15,0.0,80.74168986498864,30.962861608830018,27.330001901591,5.903541104765529,48.907728616641,-2200.4835797582277,-1708.4539996680205,-1401.1420514348472,-1174.8408719180254,-1093.2236554025587
429.76783855358997,371.3053507413741,318.17766835364273,318.93297552040343,276.3118470986442,-5.290616352504927e-16,0.0,7.146123001646823e-16,1.4258398653963333e-15,8.228878994177146e-16,56.453457607840534,13.028866086280281,18.89169123569833,12.770951062560798,49.71339673904687,-1266.1806306136846,-997.5861807352026,-829.8342872957844,-827.4057767039865,-745.5829019989612
301.68341941501336,222.48233791612142,203.73134496311388,200.97137418626022,170.17150739651777,1.5073660719182153e-15,0.0,-5.58023301432577e-16,0.0,0.0,33.912569836591906,15.239815037411562,21.96659449863898,8.236663589706994,34.706543626357295,-809.7709514189537,-535.0659461103419,-488.38974328621265,-463.8435403854247,-415.3873193368958
648.9742033568527,545.374972368956,492.1176476594243,452.0160880104551,397.5266371968661,-7.007171448946042e-16,8.33825118360619e-16,0.0,0.0,5.719709175881725e-16,67.00795679764418,26.688443181732218,26.887728113715518,20.699344758820743,54.75169511545462,-2038.300263500873,-1601.098503376082,-1415.2494974722563,-1271.9917154683294,-1132.302703624829
237.57100096511675,191.44786982578194,155.19309223491723,145.99972108522476,142.64482815048532,0.0,0.0,0.0,-7.786784582639945e-16,0.0,35.32755496440289,12.977031694881312,14.717528021341103,8.59613099677537,32.89668173128578,-619.9523895442654,-442.0047509432251,-342.1912512321088,-310.00861615945655,-341.4222622890953
521.8227521091854,426.09051739915884,425.9711773508181,365.8456613846271,310.25125184040365,-1.7429188322984945e-15,0.0,5.337771368882392e-16,0.0,0.0,44.000846332629145,25.461193077043546,22.18085234432095,41.122312233921164,53.68847802521995,-1545.4966117733688,-1191.156242852884,-1185.2715234976365,-1009.4159091904409,-852.033222922706
130.5867162230336,92.38081849898586,98.17813888911975,97.99694467870236,94.84526966358828,1.3058775158352975e-15,1.2306325010842382e-15,-5.789824446051654e-16,-5.80052970500026e-16,-1.498319817699632e-16,17.689765771276825,7.849825831215117,4.5979519119180825,3.7679275930571356,24.38746957414769,-289.58037554768714,-173.16170164429,-183.27647173214416,-182.24399950945858,-212.139388884929
242.5512366596984,200.47023973119073,179.78580391072308,168.26731355114435,160.37611635405148,9.37425339794245e-16,5.671008219177968e-16,6.323460209242658e-16,6.75632333590809e-16,7.088763608082223e-16,27.576840191731023,13.818844576217396,11.321195127313588,7.321318956339445,20.527017255905893,-621.0432921171162,-468.28327386019583,-405.9997065780394,-370.06282775886154,-363.84743070856433
253.9958506396543,215.87307760196978,168.24571466863426,145.2754565117192,151.12846432134958,0.0,5.266374065006551e-16,0.0,-1.565121052811079e-15,1.5045059609668216e-15,37.77788280018968,26.556701483922584,13.43137089856168,8.430452284461582,14.807161828441204,-664.6328583387337,-531.1434094696378,-376.82992904041083,-307.85241401250914,-332.581516364367
204.83169428746322,175.6865557076278,158.18237835953786,143.4771082193568,114.56638640900678,1.6650768542010872e-15,-6.471003843390851e-16,-7.187073484456879e-16,1.1885537609365996e-15,-4.961614016337623e-16,20.966048467480146,4.796321014649128,7.710146757725281,8.264584087571848,18.61815659954831,-495.0429372036733,-389.60991530794973,-342.552348904816,-303.0226350591345,-241.86737312265524
194.35481996588635,164.72403405700365,129.0607528555971,141.1543486858721,88.19104269257849,-1.1698895632387263e-15,0.0,1.7617569277442144e-15,-1.6108159441069315e-15,0.0,25.337536462667437,10.181189527324412,12.318003432936933,16.301295540769637,10.875992447319891,-470.4278238575032,-362.8242589711743,-270.97527852373986,-307.30345901991404,-165.7609189103636
1189.2633468560261,995.1763845298196,870.458342905263,795.6753634134648,726.6808150859339,0.0,-1.3708545277668955e-15,2.0896915037596783e-15,5.715237291444943e-16,0.0,92.69648784265445,147.43744812746928,75.94285043535902,134.10337351969727,81.70082400180857,-4117.795013069288,-3482.984339015516,-2842.191580136308,-2643.872751708777,-2310.390633212352
86.55708480862366,73.58958116580276,67.67428667732509,56.67152145727667,49.00272842726058,-1.3134319157464213e-15,0.0,8.39955936762817e-16,-1.0030332237270343e-15,0.0,8.2052427654365,4.4988332280928285,6.605779342606133,1.245546186008081,4.983602958883905,-162.90277086290757,-125.04736106304226,-115.12676531697443,-85.69605400395461,-73.9787003078634
98.90533569770554,68.9737581724838,58.47235820419185,57.75500701718753,53.28881329901667,0.0,-1.6482621903437174e-15,-9.72141719721729e-16,-9.842162921717206e-16,0.0,9.778385046415172,6.122743278983276,5.870791224499034,4.885601615728402,12.330778058581053,-194.56177644218016,-118.38668309851508,-94.2357726287004,-90.70231928582334,-95.95953948562101
1271.1996191516973,993.923782766811,872.3797010135373,803.290233083219,741.8024787402258,7.154617481555386e-16,-1.830109546712213e-15,2.60636137199281e-16,0.0,0.0,141.07426437078297,67.64544558774102,81.5027109306853,37.3865575956033,96.84470656115732,-4567.449005209151,-3308.6137848670055,-2864.298706240164,-2548.0031807124783,-2407.8360887870804
16.07563462113497,7.560735764243013,9.996101089624817,9.210126864725654,16.899494184155767,0.0,0.0,-2.221312118937017e-16,0.0,4.204520727172262e-16,1.6197549424340771,1.3602042072908207,1.9206403819233042,0.7176287913565889,2.4683493430053614,-13.05283235245149,-4.310269734667562,-7.4533533069908255,-3.963482166079547,-15.19137193282053
35.15661994573156,35.78820476726526,22.999336953637002,51.34466156210264,18.73021471746765,8.084312278676479e-16,-7.941641559064947e-16,3.0894053041287284e-16,0.0,0.0,0.6798758748904713,1.5189845024626567,2.655154409789184,4.80694487914864,2.2622508423655714,-42.70605969209885,-44.30374521017948,-24.322044063214477,-79.58535468159988,-17.752390187322415
76.34128959107554,69.19636483254968,55.28110610405594,54.81654233218684,50.21369228422414,-7.445959999535184e-16,0.0,1.0282612427076138e-15,-1.0369756362292673e-15,-5.660151272989217e-16,11.264867750174975,2.293926575720743,3.027326777896681,3.1728685572467867,8.297913332869122,-144.63763543071687,-113.61376794115084,-83.79840837666075,-83.1037150396647,-81.16006770940844
16.050609068705928,11.326086374360074,23.763844522654445,22.32977588454729,34.539710017651515,-4.4268895511601126e-16,1.2547012485594716e-15,1.1960063702364803e-15,0.0,0.0,2.569221682075135,1.195350292040914,2.7392299502085593,2.916250427247708,5.615784134098761,-15.336542638753809,-7.400726166756959,-26.791887484357154,-24.106097046845086,-48.10339689065082
823.9340981668416,638.9614661906519,593.5713060930669,526.3671509888372,482.92209078367455,0.0,0.0,1.1491812682447043e-15,-8.639356578999514e-16,0.0,89.26392366910198,44.042489389426876,41.21885382216952,42.60552448496355,83.80531095121864,-2730.615282084427,-1953.9526818078623,-1784.2202297136641,-1547.5297658998493,-1459.796867851785
289.3775886453096,260.0884666800694,217.75846952998387,187.9344281023487,164.87660218914309,-1.5714670683908713e-15,-8.742166784462638e-16,0.0,-6.049282128323098e-16,0.0,29.09667488149771,4.98262044114957,12.1554728406895,2.371371253554979,21.69346625039311,-757.6488645622128,-639.3184997312707,-516.0941021323446,-423.72414217470987,-382.1264784988955
45.308511059637055,37.45256011246144,38.77543372705496,38.939989771889444,27.408948735491375,-6.272929470799449e-16,-7.588722732187102e-16,3.6649118653923915e-16,1.0948273072321712e-15,-5.184750007139316e-16,4.729505648159624,0.7343285553673499,4.258496294274413,3.421796839675751,3.6989879503768304,-68.55580627780482,-46.97157722396079,-53.38964885791468,-51.94367214745192,-32.14576077683856
28.937967592484547,29.318497047464895,23.84546792112507,24.239372129085925,31.57408422379833,3.6830993753581776e-16,0.0,-1.1919124222856945e-15,8.794073526031901e-16,0.0,5.856276064905907,2.2175133835486216,1.7521129804194848,4.036241788624688,5.899281367758848,-41.27248744981036,-33.865610094206055,-24.275212656818443,-29.573286009401585,-43.293852896171124
48.204090329894605,34.95721081254367,38.89280557559555,36.5321161167659,20.910397813871008,1.179223971903388e-15,1.6260856498428338e-15,2.740388840215032e-16,0.0,0.0,6.564403433866808,1.609036856385687,7.158178552257332,1.8404215855908908,1.0334538646651574,-76.9241435784807,-42.83878549297583,-59.85932477552627,-45.88128347024456,-18.99928458150235
258.96059145625884,216.29001562885765,199.21001625712643,168.74871990227254,142.21742751880817,-8.780242359063266e-16,0.0,0.0,-6.73704889657566e-16,0.0,24.383683864076566,13.337853803372093,19.669827287677986,11.287912012440039,19.355373175163656,-662.821031461872,-512.931733469947,-473.01280726357766,-374.6204617797533,-319.95443295318034
23.629131396408493,21.107782364400787,15.887619493871018,26.65266649339421,15.389040652155401,1.1276484160164141e-15,0.0,0.0,1.0663739568965172e-15,0.0,4.334116560500231,2.2326322344007297,2.917309628114936,2.2748270897352914,2.460927261857586,-30.13132242572046,-20.630717978369002,-15.846785789227514,-29.362196909205817,-13.843103646867108
10.04603109755744,5.161788264051927,8.791207617681563,0.8811990670987816,11.969525314818712,-1.4145740319933098e-15,1.3765437468803395e-15,8.082424698183685e-16,-1.889850544690888e-15,0.0,0.9895762571538453,0.6262168806075242,0.5326164070411381,0.19181476758186658,1.6764314274254832,-5.44756392090882,-0.6831244831786801,-3.305595746076734,0.584371782701018,-8.322498479118046
376.9095842501249,299.9887087427474,257.05653173914436,272.57261066402583,289.7341005564379,0.0,-7.579407784918141e-16,0.0,8.341765333256239e-16,7.8476670508082455e-16,39.358940860885006,31.234988821431603,16.91436904151255,30.94575023539547,38.438840284011285,-1064.4893307723962,-790.3596769874991,-637.8300708001295,-703.4521512369838,-777.7549788692237
80.29857212861427,49.18241317053681,64.23803538382685,58.269749208529674,39.50913820091493,0.0,0.0,-3.8713817449443275e-16,0.0,0.0,7.936006522458373,2.2930134235308155,13.25759315246318,2.7794452271827903,6.488520242846038,-145.2377398489441,-70.71640608338403,-123.54890639361808,-89.95192672712265,-61.76728489046934
9.874027531226895,3.2217997060653243,11.316192971056061,4.538176157899546,13.971644935694322,-7.196078130357531e-16,2.7567772696361303e-16,1.2557981956961807e-15,0.0,0.0,1.2293024381829774,0.32338437550211535,1.410265919448097,0.46027488158017277,1.083745359513341,-5.600291560922103,0.6072789200401366,-7.108097021866924,-0.2695343886112909,-9.611815280747154
0.0,0.0,0.0,0.0,0.0,0.0,0.0,0.0,0.0,0.0,0.0,0.0,0.0,0.0,0.0,0.0,0.0,0.0,0.0,0.0
374.96595891548475,327.5858826335822,212.47374007699554,150.27418447133263,71.11969924832817,0.0,0.0,0.0,-7.565293940643793e-16,1.1988960751013914e-15,59.23380727476029,17.005498590326784,13.877781257933458,21.178490393466035,11.42033409371172,-1091.1093885973605,-858.2365425261879,-502.28271031783834,-341.11136020937477,-131.64542520196616
390.30531540791736,243.2937659094774,127.04795722817633,119.59820706047026,128.26022223248904,0.0,0.0,-8.948340469373787e-16,5.124183084811847e-16,8.863764286603466e-16,29.661651634821247,29.016036381309217,12.902500138045308,19.43902040856026,23.800369313157475,-1075.3738299309148,-618.4788439114056,-265.22019253723755,-272.4358387173467,-295.13543619775834
131.60897582310767,101.6441305579523,62.66490013504627,36.86190147114404,44.20285479098391,0.0,0.0,1.814202806940005e-15,-1.5420642070053212e-15,0.0,22.264838680658844,14.690153550137321,9.18287591878332,3.1590875505018348,6.685962843753294,-291.7315876438495,-209.2344170576526,-109.61728379091036,-47.99947583213948,-68.12651254030851
191.3833182480312,141.12669497576385,79.04302023921808,49.447815990579265,43.71712727532914,0.0,0.0,7.191453298314696e-16,5.747818960461039e-16,1.625318908273921e-16,26.304791279021817,13.56740232106566,11.512148072583836,3.908695324413234,8.906503306481653,-465.87495182086667,-303.82037841308795,-146.8659586265878,-73.02268856179566,-73.79476260811732
200.69996677594276,150.02542008959796,81.90262611159478,54.708858995265096,40.340207607773046,0.0,0.0,6.9403658416712e-16,5.195083566422731e-16,-6.164816005263088e-16,28.445278876745178,12.840045570379896,8.782588794139292,6.169371719333569,9.189467476945222,-495.3195023793599,-326.4115409744701,-149.47176553347828,-86.33697218575607,-70.85907220902172
154.05793560383006,105.57062407423888,73.27235659492709,47.633179214490916,44.428826929242675,0.0,-1.0768794701987335e-15,1.551565187811729e-15,1.491697063848175e-16,-3.1985662682100977e-16,16.806600478344873,14.43218581390475,5.172901749267515,7.992290902241869,6.791000555797546,-340.45802010166693,-217.1769116707812,-125.20492103240139,-79.7613402214862,-68.46539792632765
837.7716608540978,309.7393793706169,125.53166106494244,414.1184677095963,633.1354336119724,0.0,0.0,-1.132053427370022e-15,2.745273311533157e-16,7.182465658132215e-16,26.58983231612814,33.11568929347789,13.82116875996686,70.58785693349522,58.97925274174742,-2672.272441797753,-821.9743572791799,-264.8081821819106,-1241.7792623435912,-1959.704380443192
155.26373938194567,113.40334585232259,63.14612774782729,50.74323357553808,41.627735003665386,0.0,-1.0024998545427629e-15,-9.001885133449669e-16,5.601083617994998e-16,4.2672435558740815e-17,17.897338273825405,9.242232579495194,8.114975848850241,7.608424399035162,9.84945602606149,-349.21421732640493,-225.90344722257313,-106.99546862910712,-83.1372163793634,-75.82468628269378
207.40568200798512,113.83840067546981,70.26096995100062,55.89169639634404,72.41984236843325,-5.481375274821983e-16,9.98668613113374e-16,-8.090326521317613e-16,-9.53463727493756e-16,7.84914976362683e-16,8.415254855842848,16.068088530446047,4.346809704785918,9.360758428109271,8.108325351912953,-482.49929755654273,-242.84767647390325,-117.57235682343968,-99.16395626821597,-131.1938302077765
132.11364940437412,86.99976555596109,46.738109341673784,45.92741009263481,39.74792269754993,-8.605230287269015e-16,-1.3067487825411316e-15,0.0,-2.900811578234058e-16,-1.0725733888033824e-15,9.61404862869404,11.792799544988588,5.35157511683103,9.193150337326733,7.22634191321177,-273.9661355889294,-166.8177823585307,-69.91218303177936,-79.63466657781095,-62.36243200292866
1082.1627749539985,468.9976925602068,249.97609754237556,547.7135353911464,866.7307853305488,8.404416810692733e-16,0.0,-4.547908333609537e-16,1.2453974244813277e-15,2.0986786604702647e-15,22.883846132789195,61.69573454460383,25.698761290172637,91.13514826742951,77.27141293452512,-3619.3652457280555,-1385.6698005347407,-629.3832270762205,-1720.3804565843134,-2844.8913451712856
555.7860047051756,317.4274237043561,201.1051046400568,254.97923232054788,255.451252004726,0.0,0.0,-2.82655276018716e-16,-1.2818677641900894e-15,1.1126079519030186e-15,39.53528829797015,25.65023853258948,38.403952381832234,40.37245725374344,44.75853251446022,-1649.2615330110614,-835.1120635505628,-507.8519190307805,-685.9331389149995,-686.2350387153497
77.42083953971536,66.25611879872665,37.42922722294132,39.410938709758355,42.26727850003139,0.0,0.0,0.0,3.8311782538596395e-16,3.3621409325399197e-16,7.2736132003588,8.10832788935259,5.160114757976993,10.390571383872636,5.522588735468924,-137.69627781749344,-114.76279632066104,-52.7491420202624,-69.4423858066165,-61.72194191820277
1220.184318402138,782.0039020293813,454.43178553078087,310.5246167852495,413.9806606162172,0.0,0.0,1.0006944174367439e-15,5.491682377644094e-16,2.1969497329153735e-15,149.62589076959856,95.67822596359598,28.58506068123454,48.64798044895736,63.89251950941988,-4294.999213477084,-2562.3565387037797,-1288.015587948894,-863.1805296931985,-1230.5628581644519
112.81822015663563,69.13549698384006,35.353996578919755,27.697433667403068,37.644613375995306,1.0076992666944613e-15,0.0,8.039178644756331e-16,1.53922434322065e-15,3.7750034973831833e-16,14.996580957411318,8.234035489441196,2.158207008413793,4.394204179484855,5.774701194548424,-231.67098534779524,-120.9772460069733,-44.045990652927216,-35.94851914260184,-55.11426359444228
49.78953228950536,34.77229071226678,16.39331519409653,12.113926303986974,18.8191190686606,0.0,0.0,-4.3343443796894533e-16,0.0,-3.77564291488736e-16,8.22392730800264,2.863969940898773,2.2821069056375345,0.7884820125066101,2.465935328270359,-85.33780363616322,-43.75403578468798,-14.113504279756793,-7.0520833917162,-18.196933352700277
1078.6937657000165,693.4141538566853,357.0625502234883,216.92222589429716,302.4345905306832,0.0,0.0,-1.2735789586497775e-15,1.0481806302044296e-15,0.0,154.83167773254178,87.66949242185761,34.37541224380438,27.451838136698548,44.14058788426391,-3754.1945681368197,-2230.134922259632,-975.0780226368697,-536.6321617186611,-831.9577842306275
88.61441224704838,61.41398673873197,33.03438211661436,37.559383164342414,53.11717031338465,0.0,-1.8511554738379676e-15,0.0,-9.458924453725654e-16,1.6052272323272954e-15,9.71047330017413,9.486515003363014,2.760058843699897,5.68124108040499,7.062779946614317,-165.20112212979942,-107.6211204337288,-40.49870489380692,-54.75094380672221,-86.22769693982094
53.7947749936112,39.22213753122496,24.112067408270697,18.2978947825175,16.354988918905324,0.0,0.0,0.0,1.553277563797076e-15,1.0861253701901902e-15,7.2169970887915,5.343248551737208,4.339449450686954,2.2178681556784907,3.671510969798373,-88.14514812163388,-55.2691614487282,-28.278942407150357,-16.813733306056175,-19.30780109657846
47.952319981724074,44.060015189015,37.667257523878874,23.561356876718243,14.890877619743197,0.0,0.0,-3.7727341063238117e-16,1.2062849172531503e-15,-1.9086658393270818e-15,3.1353475737534047,2.217762401292618,5.4114215437202144,2.4676750758345984,2.2320979655437028,-68.95038365566441,-60.46455968446238,-52.243805407768036,-24.799259597484454,-13.238207108575722
907.5980464764588,646.587286830707,371.364786360037,265.4326097910467,269.88117446631134,0.0,1.4066077702066808e-15,0.0,8.566154536257799e-16,-1.2637432523379726e-15,133.52073531339948,69.85822624953946,26.177765376859977,24.11914212113324,44.32762730558209,-3080.3414358215637,-2020.3511408018771,-1008.9522427666964,-673.8044752160612,-734.5147612212598
43.37772984988704,31.216535951876253,23.317944963661827,18.8132392631452,17.312660851199546,0.0,-9.10469677808557e-16,1.2188771126570448e-15,1.2274674546579186e-15,1.0260449590434688e-15,3.2809732784493693,3.301163721215584,0.9266792935024882,2.8353179547716576,2.917725826451334,-60.04812013878285,-38.397344585903994,-22.60649453796379,-19.81342129472457,-17.433721013945757
119.99797946845094,67.87161812647125,45.81875506215174,31.610431576999993,52.93702262850927,-4.737031332744473e-16,0.0,0.0,1.7420534701422744e-15,-1.0737932743160162e-15,14.338172375538035,9.939547214655375,2.393547026067516,6.868825709625172,5.585673090700645,-247.85405212853235,-124.77945865629552,-64.07061865539258,-48.97498031282287,-84.87213076354847
94.9986977496288,74.65020396750981,47.44761032873768,38.30230103595108,26.479063941122128,0.0,-7.614636777891205e-16,0.0,7.420366051566194e-16,-1.3417066731286968e-15,13.941390749254161,2.389728007613153,0.5235145375525092,1.1626377746654917,5.242070161027575,-190.73885754899442,-125.98637396236745,-66.38299499943776,-48.73062158762479,-36.435978776360756
257.13253396503023,196.87516555591117,123.8874840354801,90.69168058507401,63.362221287781864,-8.842664595455457e-16,0.0,0.0,-3.1338827604746846e-16,0.0,33.39272585454609,14.389068612436398,10.621767325816188,8.918988599863253,13.649031162652797,-668.8997751151343,-458.1436885156403,-253.2036493997415,-170.54471169665442,-125.37837342071295
101.26853144172452,67.24531873839285,28.425362580283537,7.696736504652922,23.045677999399793,5.613137472376485e-16,8.453141412259228e-16,0.0,-9.23174043090282e-16,-6.166386042351245e-16,18.249937285321046,10.90524638569851,4.639552621864906,0.7612369214094169,0.552850569237043,-213.21482929070154,-126.0489110096047,-39.68101523730878,-2.8555573319455796,-21.9901229549522
57.95554646884239,43.49520621578056,30.303652923401387,18.232695387815227,18.739529790486344,0.0,0.0,0.0,3.897080056714766e-16,7.583357146141708e-16,8.61552742180586,5.763667031396186,3.5720545209221344,1.9742727677652754,1.1849092099583254,-96.2258801491644,-64.97665253116047,-37.4535635103132,-16.48671944856073,-15.953512032986108
534.456609225756,371.4489607572855,142.526128990605,83.76850726434245,159.28652251695584,0.0,0.0,0.0,-1.3571548716137724e-15,7.137254045427114e-16,106.31946844042928,44.33631162770518,27.326020112766503,18.288713501284782,26.56059361464056,-1740.5983034206233,-1037.205117236687,-330.8097424620933,-180.54397339390962,-371.78214012928646
397.9752291323683,308.1885785607602,173.778038139579,122.02490341644587,125.50277606918985,0.0,-7.377745032118532e-16,0.0,9.316691473512277e-16,0.0,67.563308459925,26.240368588875825,19.013640781710905,1.51960444216929,16.135303860855124,-1185.0249367915942,-806.7878349565964,-396.79949373123907,-242.3752955797869,-267.2033072082969
366.71642915230746,191.17697599826005,73.7016300512836,143.87387975646695,229.42869747324778,1.240051753169736e-15,0.0,0.0,4.938649996530466e-16,0.0,28.4261738161919,28.99856061426281,2.578364825623017,32.78835220880471,27.722599444633538,-997.1423405642256,-472.3069072150653,-123.90238750773645,-366.3840301982499,-580.1377859726337
15.791758668478282,13.274764056975105,10.624489249188487,7.186291554541109,4.140245636905636,0.0,-5.352582785731336e-16,0.0,-1.483121155815963e-15,0.0,1.4247442288262437,0.5833010126467598,1.0158383109483826,0.5492817119772491,0.3471285406270756,-12.162606852120089,-8.25205874986207,-5.877693148851764,-1.9370037558634365,0.26049011674770045
69.362851318536,61.028684650696334,48.88837661872206,43.85137714327422,38.65292028151865,1.6390162105581611e-15,-1.6882011676133835e-15,-5.813592390695125e-16,0.0,0.0,10.213818219275439,14.424583181577365,5.675829504338462,7.664609162630353,5.5324656691562515,-128.1639305168716,-125.4739112806828,-74.51583055725462,-70.40940313771357,-55.23330700629289
128.64226667356598,48.31376739266925,75.91007028466771,139.77671414571225,113.17767549233832,1.7674880995388576e-15,-1.1765470160671632e-15,7.488257967308091e-16,0.0,-1.0986705480307836e-16,6.602263055732854,5.97540724621293,2.8336727207721353,23.189152833964965,42.18060232801393,-262.62297839221935,-74.35070664421345,-129.16693029221565,-314.99369604960754,-313.1355228412308
298.94556345460353,253.069506329815,175.68607285544388,176.23442775846172,184.6835467503235,9.50731936007473e-16,0.0,1.2942043256343787e-15,-1.2901773979988706e-15,1.2311528527802316e-15,53.49116782713696,4.920726739757517,19.40999775859568,17.471354624766896,17.26787313091569,-852.8180861875302,-617.7719655601018,-410.4070920095528,-412.68196167087103,-426.4790911738478
185.89544948755264,155.16307213326863,153.63162298193535,118.27241311779487,76.90822130486895,0.0,-1.4653852383635597e-15,-7.399963335346903e-16,-9.612286984318838e-16,0.0,19.401485010626903,14.803729431723967,8.344552750262254,15.134960761791564,10.387573621370368,-432.9971878516099,-343.4812898248157,-330.53011633808467,-247.6711141772075,-139.7742253552448
128.02333015019624,102.89774192405659,62.81224270786086,83.25574686766254,90.47218693300758,3.3300621141154294e-16,0.0,1.809947118913942e-15,1.3655133969589463e-15,1.2565943366196987e-15,26.182239488744692,4.192119022315308,5.246548502067004,8.358768899753896,8.746120420626125,-306.6683503402227,-194.723799753696,-103.44073105230484,-157.0440647155825,-169.89069511583642
63.79433258385779,49.1795653010785,27.651743034607023,30.20908630172412,39.72457505711315,-1.3365627452741328e-15,0.0,5.139225652942266e-16,-9.408331369751458e-16,-1.4309383745221343e-15,5.829144557696088,9.084001503581252,1.2639518643435326,3.110233824743882,7.024604478436637,-105.55172360625808,-80.73178512367728,-29.85160934312354,-37.21378466585684,-61.60146351487577
71.77306374485879,65.60096786586931,36.57946490872583,37.11456406106769,23.496616307580112,-1.1879822853085282e-15,-8.665027469874016e-16,1.5539707593494165e-15,0.0,0.0,7.248322040647715,6.94332891921183,3.33692646763211,5.543581706001629,3.954728870125109,-125.29065030017627,-110.59862690139705,-48.771768940868256,-53.33118757305527,-29.577862185187254
2116.852800759183,1885.7001696910002,1220.0522265362242,1249.1170080835016,803.6856308888676,1.181523074716655e-15,9.646228137339165e-16,1.4909110970683921e-15,-7.281100936799749e-16,0.0,361.35758079616585,105.26598728578767,148.0884573695594,150.55566239190085,202.43452067211075,-8483.150733651033,-6997.366572858522,-4322.619711332079,-4462.595046134893,-2874.16166127555
66.31806238428393,63.61715636408703,37.7316004607525,40.93616374714197,31.601670452662102,2.1428332198332884e-16,-8.935234158453693e-16,0.0,6.942934273460912e-16,0.0,7.704821730768346,7.4456860811781915,0.9745174132811287,4.156375609350802,5.135379306522531,-113.85073256146433,-106.18412358780512,-47.59086418648903,-59.10296778459419,-43.825580618098776
163.5540323021657,179.245338952779,85.56730798700801,104.591975574778,86.9916867007095,-3.475513141479137e-16,-1.2685053724221645e-15,0.0,0.0,0.0,33.35052982980614,10.568270086958265,7.4244904448354525,12.447912347544314,19.569558588188873,-410.8232061779847,-403.6401299349423,-157.20865844054674,-213.62580753879595,-184.40670132026696
45.12740347238336,49.67335451770632,15.801267434933134,36.230709312669966,35.72440465263637,-4.723578232425436e-16,0.0,0.0,-7.844646149520696e-16,-7.955824514574956e-16,10.15970935065779,3.447885471683296,0.43722707463102256,3.216892499752269,0.8700093851375863,-81.38347155981509,-72.61798818834188,-11.396502393877473,-47.88827681706626,-43.80571337483853
3399.7518282401184,3233.598050575351,2010.720982071246,2129.525140452042,1730.0229956554704,1.0700718731504919e-15,-1.1250559748588453e-15,-9.046453584386002e-16,0.0,-2.6285624643629067e-16,577.4229582396079,238.23470812454485,121.76908601120203,209.13232661582393,544.8998221235177,-14572.069745345807,-13137.468073299066,-7562.4306225768105,-8166.323626288347,-7292.953176360846
1026.0321475972314,1089.0624040322843,675.7001997416178,672.5258085378669,443.2411934081427,-8.864193036278529e-16,8.351171598665957e-16,6.730016523013547e-16,6.761782895367641e-16,0.0,47.12211486808506,153.4282063432318,54.53546064949396,99.36187290022731,44.20653867955409,-3413.156549677786,-3808.525922891271,-2093.137409610977,-2191.3463514594146,-1271.7269433207857
66.87743837127016,66.79158705956425,46.084495583048856,48.45768410847629,36.192108869017325,8.499640573139438e-16,-8.51056568099145e-16,0.0,-1.1730527347027068e-15,1.9632532006676421e-16,12.175686966813476,5.789093577497818,5.5382847638001484,6.136250626317229,10.86199385047874,-127.17968703525307,-111.6844280906234,-70.79341383300917,-76.84980801311713,-63.39820256965312
715.5686634668033,664.4231140544916,406.2431075860069,463.38420717106123,463.9722739981295,0.0,1.3688486787025555e-15,-1.119397086115949e-15,1.962722699000362e-15,4.900587560629727e-16,152.17382287010295,10.949828354525225,41.13043174096202,47.04000618055723,69.99878276817333,-2485.867834491829,-2019.9178046241475,-1153.2822411397626,-1368.1660769565901,-1374.1133672983115
110.3153228430446,94.22276251844617,62.63566525743247,66.24159641301375,72.94363900575217,1.6746641041016e-15,0.0,0.0,-8.581227195430426e-16,0.0,20.211814516768808,1.5678667180217252,8.554574971070625,7.269499004270619,10.836785526788272,-248.471399016665,-172.1002417016542,-109.75799383802153,-115.14483184167035,-131.57022285672127
41.629747660386016,41.67611007140627,24.73762044699138,25.85555813930003,16.31924580939053,6.82725959865702e-16,0.0,-1.1489265708198175e-15,0.0,0.0,2.4145397982240726,5.64877578229968,2.2318222833408203,3.9431854417026737,1.502287381890721,-55.95691357206642,-61.49041978902359,-26.935998232249663,-31.40689683900979,-13.194957006365213
846.4951421777376,715.3372873126788,411.4540269016667,511.09999236032024,512.2642676363769,-1.0072725056856734e-15,-6.357103969720663e-16,0.0,8.897424333473124e-16,-8.87720224923554e-16,164.29351661313535,33.67307567085076,26.680251554903972,50.81023202173073,42.50935842170976,-2977.4822472737883,-2217.602274178265,-1143.3312275786113,-1537.9031192024502,-1502.6021080900557
29.811837845002092,33.76568999387143,13.6547885628232,31.724142066788065,26.821448724988137,-1.7875685980541324e-15,-8.417334115062546e-16,0.0,0.0,1.0596634701512224e-15,6.719889357779055,2.1904791813070124,1.3660728423882103,3.1963355960237996,5.4945908571034465,-46.3674423591945,-41.39477218710347,-10.409327141503338,-40.63477369354872,-36.05979788457473
36.143963990966576,28.85803138962452,19.821795891553904,23.646352769371894,16.15003577750601,1.9658683146588055e-16,0.0,-1.4338614717808964e-15,1.2019489731717708e-15,0.0,4.62073766168333,3.4134934657110825,2.016326198982019,2.0735529266905752,1.987221055786618,-50.02850555131713,-34.00085677508035,-18.548516505169406,-24.835201387310665,-13.815687494110911
10.76854141844645,7.273855894040522,2.8761747624639256,8.320806800168414,9.122260410487971,0.0,0.0,-6.176108846315386e-16,6.404511781349004e-16,0.0,1.422559740613743,2.0448769087905188,0.3122384739253823,1.0360077799420901,1.3065938478755272,-6.795691225079399,-5.474293214785371,0.5808419077121352,-3.747211356750273,-4.8586143425272095
1018.7658699548997,973.068944368161,580.9085322834433,600.319279102925,446.3562523091214,0.0,0.0,7.828209186374608e-16,0.0,0.0,146.07043696780778,75.22929618406565,36.756048061911066,64.44008462135795,69.69628442967708,-3534.289503344679,-3229.118459281767,-1738.8080977433112,-1874.4197768644465,-1364.3452426376327
81.01751081686706,84.40007657974789,51.038758938059935,61.64780813213253,40.92840247764735,1.0524283877833069e-15,0.0,0.0,9.22067151827571e-16,-6.944250864891745e-16,13.302667464825824,6.092689618330188,3.8762340898576526,7.672644670500585,6.450582372437015,-158.23841921320607,-151.75361049369886,-76.29275253530957,-106.88014433841875,-62.02058403769751
141.05619473476636,110.53496785630698,70.86267348347671,90.19552614708861,89.94724000611382,1.2089526227690952e-15,-5.142573428410745e-16,0.0,0.0,-1.2639280284074154e-15,23.636632128579745,10.000181107563199,1.3158365822231606,8.776094853832763,12.711885134008682,-327.2560107056446,-219.34382547991743,-116.93068146376265,-173.02656464170644,-175.3726180346299
86.22957665981683,74.31661055937792,52.363905128148154,42.8345033111687,24.437165655332567,6.592102276584314e-16,0.0,0.0,6.635237304827883e-16,1.1630526154821048e-15,5.042763495620809,6.818125267803409,2.231101423782894,4.61552610736987,4.1164414407666445,-154.98095464107243,-128.8610717563737,-77.23973897781555,-63.424315785751176,-29.754873099529757
289.1707513437826,254.30764664238,198.09998747585192,157.6032913637663,143.89902001823853,3.931477758151918e-16,8.940890234534558e-16,0.0,-7.213481186710365e-16,0.0,35.08977665054162,8.63369715943284,14.547727874092345,14.894384833148926,15.506091125073555,-768.4982356178217,-622.9639821397298,-463.5852927003008,-354.1661681529096,-314.91458039538014
78.84621974761305,68.29993922767507,34.4301657091886,35.25961061739508,52.15273570264196,-1.0814104793374484e-15,-8.322616316146753e-16,0.0,1.612139722063882e-15,0.0,15.980413798135308,2.173989519213432,2.142909176431046,2.2264016844332986,2.193364725346905,-161.69925263584304,-111.50262264231631,-42.28797153438008,-44.11460357873471,-76.70904771968314
113.72020893118483,102.97733202049174,72.16911550178332,46.590195819727256,18.748072593176357,0.0,-5.519993356353085e-16,1.575283789071889e-15,6.100362733047296e-16,0.0,6.76009197575658,9.62836463413056,6.500713659745138,5.725199029986647,2.628232485953367,-224.58159908611097,-199.8728763749309,-124.74992494201892,-70.04185830858444,-19.02663827240978
184.430641403267,117.17187648252238,46.8779043265335,102.33881121923821,121.37621094210057,1.2328411033721231e-15,1.9405140744430055e-15,0.0,5.554434156855076e-16,0.0,27.41386202710897,11.817990651798898,6.146480747936313,8.253180126343464,15.166725509519276,-450.6877902563298,-243.1258261966658,-71.78451946631003,-197.58793512156123,-256.7711216781509
200.30239904391257,159.0863428507569,114.7069246209775,93.55936127838443,153.61080996353573,-1.2415725358412428e-15,-1.42924698229148e-15,0.0,-1.2151305456579873e-15,-7.400965970337838e-16,36.31665900543945,6.795443948836169,14.050523022781546,12.357345914613928,12.950986700711809,-522.7824911685449,-344.27533527738944,-241.22394708822725,-187.3039497336821,-334.4461542694846
809.4174250552245,757.653166405056,554.7560085898936,527.5058883108833,455.25538930759546,2.80910279918571e-16,-6.002051744126776e-16,1.639449934187693e-15,-8.620706630263448e-16,0.0,111.6064704473155,33.44983281468977,27.514699426838455,37.231706457960456,71.81429861242188,-2682.8807143870044,-2374.490743145488,-1634.2468480935593,-1553.3088617910366,-1369.5147081982216
34.328153863104795,29.3596684566981,21.615944998476095,19.21468932944385,15.054131478048522,4.1397084072369946e-16,-4.84026402960281e-16,0.0,7.395828509923311e-16,0.0,2.4776259860705645,3.3205299547774847,0.40940836986407786,1.8098235755677443,2.6974174565690117,-42.532416716190774,-34.695783569846746,-19.723110947099887,-18.167095770902066,-14.273784703480684
107.8117108544998,64.05164175737433,71.75624325574577,52.864899225570426,45.34099563593528,0.0,-4.437311620842535e-16,7.921738413508202e-16,0.0,0.0,10.259536453503982,6.0007716747929125,3.954390517000981,11.030935377712225,0.6159758757363051,-212.51755043772712,-106.35805190334752,-120.67261649654375,-96.61617513210815,-62.17571713439838
246.95590524394774,229.54150537953683,211.66230097359025,220.9256032717124,218.19549877241838,1.726322928115153e-16,9.90555825916013e-16,-2.148456993969863e-15,1.5437799336701774e-15,-5.210320027737755e-16,42.34478174682513,23.719311911292618,37.804447757565434,23.756128830025055,62.109947130228605,-668.5839945847952,-564.3524748300312,-548.4013726140388,-539.8136011940921,-614.4087070217581
112.69007972288153,84.79434062290699,66.48200378487867,74.18469107228742,121.54550937785267,1.0088451263960912e-15,1.3407361492106917e-15,0.0,-7.662419030015015e-16,-5.845898704091254e-17,11.959053100876135,5.904632807227051,4.584529153854639,3.4634189622072267,42.7924976770272,-232.25747334280018,-153.09804439205232,-109.98986948885099,-125.6173915131429,-330.0902016554853
84.10574330427195,55.961437586766856,53.97716630517412,69.64889861466727,57.51713537612776,0.0,-5.07880259264906e-16,1.5796518070093411e-15,4.080711970428591e-16,4.014914644338799e-16,7.541526623516603,5.253991954496278,9.204405939003609,10.811798107079698,9.372865803854166,-154.61105950492023,-88.13354315396309,-93.14074792114609,-124.30477567169775,-103.53675768209935
42.89747066834684,21.229115969498263,23.44706392240551,28.7009637022529,44.305663777458115,0.0,-1.0041059695293003e-15,6.06082482746269e-16,0.0,1.6037289032144258e-16,2.979630736748476,2.2346192189378917,2.625506834076736,4.141200643513796,14.094328697401435,-58.921083459075916,-20.742571743305096,-24.917185325443175,-36.28009448619374,-85.95416587745997
77.06503814183509,63.54929629780681,61.4557907061646,65.13005101185848,91.42016859411298,-7.376032015476331e-16,-1.788955100129717e-15,1.849896265515174e-15,-4.36383957771339e-16,1.5544550982284138e-16,10.130219653903062,7.211809774633176,5.962957426228641,3.4943352128359297,26.89347516052927,-143.36199105626943,-108.88439578678793,-101.7706958676349,-105.39250538855784,-210.80467969728699
31.42583211780419,15.343978053096885,24.40050748323005,2.8328626196034197,23.81647019245982,0.0,-9.2615191875446e-16,-1.164799930900521e-15,0.0,-2.6104829505210336e-16,4.666014075257796,1.920538569352269,2.8011175895110645,0.32621049065605495,7.961536492542819,-42.269615758554565,-12.797737377670536,-26.91636043524806,0.6487785525370589,-38.89680098306631
746.0016131630466,527.152159700767,222.80414343281203,324.4185089892321,356.5610896744607,0.0,-4.313245639974208e-16,-7.653818908168039e-16,1.4017305988591352e-15,0.0,115.25824196673217,113.07229450425864,32.081593415454826,36.66076949161133,11.030259926978285,-2500.028368433733,-1679.8208483136266,-568.7485849666923,-872.9008539395533,-947.945597023166
72.86332511009296,32.8935711413545,29.924831078747108,49.06491950439794,62.38080360105149,1.560275180275409e-15,-8.640505863065634e-16,-9.497700874438475e-16,0.0,1.1390406899922065e-16,5.818650597520727,1.559825953559821,3.8324994130633008,10.619259567092955,21.806940480723014,-125.53946532163081,-39.06684974392985,-38.47450477655595,-83.53178830405318,-142.71715082711185
43.807535602614905,25.835853151645075,9.153012294019367,28.729089792055586,38.8099096682142,0.0,-2.75021974923579e-16,0.0,0.0,0.0,8.098955811684661,6.213189986187066,0.7585818437512488,9.939760398418098,12.330651849735107,-71.0421371047434,-35.437474535849326,-3.9675022764280614,-52.03981335535135,-73.11378120047286
70.03455918026756,28.38968153028846,25.725522913109437,52.07341736677925,58.8126569926916,0.0,-1.0011281528495266e-15,-1.1048058974894782e-15,0.0,4.832583815068217e-16,9.111375808624265,4.108391560262107,3.849017660041542,14.486281231709699,13.17697662949221,-123.94112766837154,-34.64454524223988,-30.802698672658103,-100.13597584780993,-108.55023866904905
630.6305951507939,519.3627074046649,223.66277414334533,379.32816197844943,266.00213917127417,0.0,-2.18896805836766e-16,7.624436262832513e-16,-5.994115339534156e-16,8.547813793964645e-16,121.46025804958256,165.83094114452805,28.20423564192395,24.29265288019575,9.029779798624688,-2117.2822574228094,-1803.3663142890246,-554.7030574770392,-1031.8158194294722,-659.3959852891601
701.0647980344539,332.38088380434823,178.60482156763453,422.27814248611645,641.6076545066428,-6.486523815793066e-16,-1.3681513379516295e-15,0.0,5.384452865701132e-16,0.0,71.57163745187913,4.917876284546699,43.390264325154625,67.95449382950308,162.00360732179078,-2234.0077957849826,-867.2918254656173,-494.8443273263253,-1231.7754701457125,-2181.4769257551484
55.61538594261282,45.94659804961017,39.29137321007612,36.76690994537128,53.92757950408108,-1.0220808126632862e-15,0.0,1.4467149966199386e-15,-7.730241533115871e-16,0.0,7.531362844017082,4.377354072837606,4.047477809680934,6.542124761769659,15.24470136670688,-91.30123899588193,-68.43336935430284,-55.92344509116874,-53.78636176979145,-104.49804511425717
379.0132055056884,176.3789570851401,146.25386604409903,233.77412101211164,301.75001550160675,0.0,0.0,1.5546507015046938e-15,9.726212399337907e-16,-3.7675834923365785e-16,25.445594444788668,22.421662004586903,17.812495911933695,32.01290743754012,93.56447370007616,-1032.3572942601902,-408.8554742121155,-323.4213221629729,-598.2476215404708,-949.1993412969999
51.19376911389186,20.460736715575088,9.050853687831307,26.389646213280155,27.411642244121037,0.0,-3.472713351612711e-16,0.0,0.0,0.0,7.981842816433348,4.642394126295764,0.868870740784781,4.411816348839125,5.191650234126129,-86.18794546991553,-24.25662009253887,-4.337367182443589,-34.556030910014,-35.28020499161095
22.82965217153565,10.955964027346223,26.66281199223431,10.942454988392063,11.538204298512326,0.0,1.2160204489763122e-16,0.0,0.0,0.0,3.2983274039494797,3.9400575195834833,3.165816317537783,1.4177031676419112,2.115974088584172,-25.23536990640145,-13.72049691313067,-30.208590268168933,-6.925795527189943,-9.950448600533008
163.7600349888738,96.20767644316847,130.16131534724053,48.517548921509075,188.52244087624442,0.0,2.9542039139873835e-16,0.0,0.0,1.5076035138470036e-16,28.269741650861498,22.288816567213672,5.898623973671021,17.813848654635198,58.33006165551442,-398.1124872120698,-207.4538656222759,-265.50328028032413,-107.16632263848524,-530.1136339655384
4.180696242177237,3.4530291676089355,2.588423163884406,8.255281857480453,4.2071763840545,-8.497899567442162e-16,0.0,-1.3725397486665198e-15,8.607128721065387e-16,0.0,0.33720472079147296,0.7331874313505995,0.3019763492751075,1.4094623533271742,0.673353368108097,0.2579040588659882,-0.17330502132113937,0.6622675247127818,-4.112480175942088,-0.21819453329201008
23.37196762209234,14.272040666482408,13.669700660801576,17.517496012075156,24.88261547767568,1.2160597639857417e-15,9.95712879979098e-16,-5.197939248206147e-16,4.0561889397337896e-16,1.4277894869966317e-16,2.2295425044194084,1.4720998237556273,1.3429552434610121,3.048689146202118,8.764609509756248,-25.0457186311873,-11.275776274397122,-9.787835777707935,-16.850774236159285,-43.20932984486597
7.691738327272057,5.027524844701287,4.666594639199377,5.5522802526721104,6.126584083369085,-6.928304489124181e-16,0.0,1.522615077366146e-15,-1.2797313957957036e-15,5.798849131026403e-16,1.4301663512785885,0.6724809980974268,0.4107128701494347,0.489334044386994,0.6397976392276487,-4.196373560553849,-0.866073123964556,-0.09818424231666328,-0.6955761319550174,-1.4177462730602273
321.6129952337381,183.688324049275,165.15549680864962,81.56856565029788,286.9450306875472,0.0,0.0,6.883624215870601e-16,-6.968789803722683e-16,-2.4762329358259774e-17,33.91135524400636,3.256560855283601,8.69427601790875,14.963409523416608,104.24598266475829,-874.0734612602078,-411.75769466181765,-362.57121470787564,-158.01417382596955,-948.1644008314574
19.25289597745297,12.767822138202416,8.23204139762558,5.116554627748045,10.120336562697165,0.0,-2.782552607911476e-16,3.236785543703564e-16,6.943566398242797e-16,2.0294904056127086e-16,3.5109460612193018,2.3480443795020953,2.3557884771704596,0.8386145882846363,1.6852521308744723,-21.501278009098723,-10.883179608586916,-6.499641517816439,-1.1494014222073505,-7.608997049793738
43.102431943184826,27.240816706751094,11.587762134189004,14.376622158842956,16.84308838279369,0.0,0.0,1.2263674858559377e-15,0.0,4.218601242311153e-16,7.458812343604221,4.384715070601975,0.23091388300284899,1.9592613718159129,2.062113085135041,-71.37812095694672,-33.012605882761555,-6.08802854273633,-11.48274999001804,-14.663424705710971
57.349833720592805,31.48590291507783,21.279381023786925,14.63213395153584,52.05966067602572,0.0,-9.026804632873826e-16,-6.678227481953801e-16,0.0,3.412156007805656e-17,4.894855419708597,0.9356741326910722,1.375767243846433,1.8713021128377898,16.21672840791807,-91.06607200332986,-36.21499292733112,-19.863912877814517,-11.329557919568758,-106.40718283191028
127.77297697964306,56.29010142865014,50.3033422562801,71.24958247043392,109.55109538379149,0.0,1.009829746582696e-15,5.6500638239113655e-16,0.0,0.0,13.335067143978371,2.813241864204776,7.226994985769283,16.087015240694896,42.21964473990927,-267.84511877390395,-85.680013347095,-81.25858573934313,-139.4403025131062,-308.77117420879955
18.647552698413634,12.912384597494755,14.903279361083833,8.563019354679783,9.359379307532086,1.5241522515081495e-15,-5.5028002798023755e-16,0.0,1.6595612045925854e-15,1.5183543959764115e-15,1.0188806006560744,2.0571032424301725,2.3126750844007655,1.462565366096535,0.18035043001173762,-15.710824608369526,-9.66145092093689,-13.795081560021691,-5.086538391339528,-3.6728119735214264
8.977587654877617,0.9419994129020108,7.138007684551785,10.637659456866714,1.8349030081215827,-1.5829257548358326e-15,9.428651520746923e-16,0.0,0.0,0.0,1.040104326523586,0.08627195899919883,0.23701088803741147,1.2063153295195945,0.24993629578632834,-4.181316693472414,0.8971193419672515,-1.6406795960234661,-6.034887856552599,0.8352689067369363
35.935062368685244,16.966177119652727,42.72096708009267,31.12852984611895,54.50659434260478,9.88648257334438e-17,-1.6751982034586798e-15,1.3305742530181671e-15,0.0,0.0,7.626793865774688,1.6528208155159043,6.405833122562581,4.3451099524068955,18.21431148806118,-57.54501675412832,-14.966486672524024,-65.7725090007291,-41.399789709967486,-117.39351874458805
171.4959129852318,71.01595133421543,40.132222245181076,109.07751361338713,132.5557008397614,1.32582562164506e-15,0.0,-7.08201735173456e-16,0.0,0.0,19.780533029547975,14.260378994600966,5.415140579384616,26.948202825137187,45.69057393778168,-396.9472993961284,-134.06704760204045,-58.333463352300946,-254.5232274558394,-363.3023663779252
187.3750077529516,120.6640136665225,50.48477776967082,67.18060178256417,63.96412205095453,0.0,2.3554420714822815e-16,0.0,8.461284560204843e-16,4.443383027717157e-16,28.255568187030057,24.677377121967275,6.075560579194471,8.815261302474577,9.334570629570035,-465.2249282183658,-270.56024913783244,-78.59846778444104,-119.3412790536179,-110.46403349780591
8.631774062484531,5.705838865568012,2.3629731822018996,0.3052345911564426,2.9317611839418656,0.0,0.0,3.7587325425017734e-16,-7.274555746901775e-16,3.786880837041505e-17,0.8504176178601817,0.5683208468479578,0.4146435029990293,0.034747991037343086,1.0385401349126595,-3.582009838582666,-0.8367184799680893,0.4776861513535743,0.49728807501375977,-1.1909865346376654
77.84266694827616,42.72287890647834,44.52582308277445,63.98037133922006,60.53927931201365,-1.4604694594695363e-15,0.0,1.5957992161968262e-16,4.44225452830116e-16,-9.389510332265847e-16,10.21362812109051,9.829595963276473,13.457190747664427,13.762659693458785,5.496725638654568,-144.6012536061416,-76.75658175812367,-83.85695283845953,-118.8029569914905,-98.98618924206288
0.0,0.0,0.0,0.0,0.0,0.0,0.0,0.0,0.0,0.0,0.0,0.0,0.0,0.0,0.0,0.0,0.0,0.0,0.0,0.0
195.86041129591032,150.29411645465947,103.90052747562567,103.35021859053015,58.06794035123856,0.0,3.782145316244396e-16,1.0941892258274258e-15,0.0,0.0,32.61717885715969,36.500037927963916,1.5874338269445338,22.355293172410814,6.96506600442981,-487.1893476608313,-369.30789627759003,-196.06177246741285,-235.21771684311383,-96.50322427361981
123.51014163707538,100.90921380898011,85.58740708592072,63.596606936958246,35.780574734586764,-9.204656088540134e-16,5.633124738085057e-16,1.3283126758062253e-15,0.0,0.0,13.886928132546412,10.806565522062552,8.814779009934082,13.554105404936266,13.67804386152168,-260.01871350800315,-196.58109489200342,-158.1682912726966,-124.65790275230981,-75.0792820326051
125.86864124028627,113.049856289594,89.69937484605951,83.82983961284482,25.672730616781237,0.0,0.0,0.0,0.0,0.0,15.006732361458363,17.00658357778084,4.36760077443163,20.45726487573857,6.234117117420445,-268.0775198690574,-239.05941350371785,-162.83171564825625,-193.75316421148827,-35.741262559645676
100.33311600851314,78.3682776446712,53.06819205924804,65.07357263019755,47.549163462313054,0.0,-9.066713689712115e-16,-1.338923954610728e-15,0.0,5.977331116020735e-16,18.927523109459024,12.446154816678327,7.722086187015535,13.969630161730503,7.255536420033689,-218.11323114777292,-149.83964604827304,-86.65269128335913,-129.93662106282653,-73.38532787991146
36.833717163208604,26.312822867581215,41.222127124370374,49.47001432487834,25.16372580555363,-1.5432441588487333e-15,1.0801467244102135e-15,1.378954043038754e-15,-1.1490479563540697e-15,-8.471035743084796e-16,5.660154768670595,2.581758284985448,6.552862224474145,7.381278665788178,3.451596669480872,-52.707182549840674,-29.179801218891498,-63.83639096603688,-79.13197225696888,-29.801209583953675
26.35743350758078,27.692872033949513,21.211099088948778,25.855906533445008,18.50185082827884,0.0,0.0,0.0,-1.0992346910614059e-15,7.680774667949254e-16,2.1480374151352666,5.928857258310796,4.089144731765916,3.1088556215880185,2.0043937820480107,-28.411455922117955,-37.9646128624177,-25.8957754815012,-30.63644351556611,-16.91337036374699
20.741019043365874,18.443122896317,8.716984734167323,18.832594792781105,11.835115667125184,-3.425785079674622e-16,-7.705232348714566e-16,0.0,0.0,0.0,4.825569947832851,1.375628090099607,1.0058709813956253,1.3752412952096957,1.5278864470737215,-28.335217307780983,-15.771530434542287,-3.8921972415193866,-16.404134893855908,-7.872440978626889
70.82715583018567,51.44140245357224,46.44940528134727,43.31349483148686,7.581413133653939,4.0128265913356103e-16,1.105013007997037e-15,-1.2237706493011801e-15,0.0,0.0,10.05969436218307,3.3648890549938413,4.9711020722910195,8.547427905200776,0.8223262008945909,-127.70560005577278,-76.30428895558764,-70.37730886161293,-73.59556653062862,-2.7498458929631298
17.273593962361076,6.241175702441682,16.805928884273353,4.346437665670695,14.303402548376718,0.0,8.538568327944852e-16,0.0,0.0,-4.967648315545304e-16,1.3151123289040134,0.7428442452205808,1.1477545542897718,1.0261261004377706,2.2275217981980666,-14.218757343049468,-1.5452955698022877,-13.30399029026935,-1.790346487380783,-12.498173686276106
44.38359596304921,39.43869657322116,21.868292544678788,33.128235742232775,5.952172455504481,-1.2807303605623126e-15,-7.206553943190487e-16,1.299676660733161e-15,0.0,0.0,4.338934289279195,7.120050188680566,3.1474890575344423,3.774408010773704,0.6339884916130195,-63.511333931901994,-59.15995043134968,-23.53529147902283,-42.200674712565615,-1.2077217012417318
20.698535603357982,15.136140209363433,13.229975266702228,12.677521492023015,7.894754696095124,1.3731265812733666e-15,0.0,1.074140686488545e-15,-1.1209489744619085e-15,4.500093816160915e-16,1.6831971489885331,2.1491286207439404,1.2677940432716743,0.44129218648344287,1.5943591415373706,-19.41468104905735,-12.311671484825148,-9.509357991401721,-7.455018537825733,-5.022445532104259
23.50971648426784,17.71720400759497,12.002843548434766,8.483177068739952,13.279328036961807,0.0,-8.020935306219948e-16,-1.4799466744960585e-16,0.0,0.0,1.240151168839708,1.3832036682862265,1.9617856005731733,1.739961193132979,1.344267840274153,-23.15185729891387,-14.819480658864194,-9.66120099324953,-5.904404231429237,-9.909237373064524
17.82090483534579,15.324510596326265,10.753641040095644,18.70424769135279,14.026392394560805,-1.5948522082915058e-15,4.636642268565745e-16,1.3214923821816178e-15,-1.5195323489831522e-15,0.0,1.465662413981207,3.2518923481226567,1.606172352417806,1.9751898725071675,1.380384462154603,-15.015501650468037,-15.149241217089049,-7.567339545615567,-17.893635267671247,-10.510286950420404
26.56293742903253,22.133480911971684,6.116457080981317,15.75194869382642,9.862572754716322,0.0,0.0,-1.1616900541483102e-15,9.021648680694084e-16,-1.440887187210489e-15,2.3281012891448714,6.838046177255503,1.060658341241453,0.05506402332811014,0.8742921302166936,-29.228943819621005,-32.595146244913074,-2.5943982041146194,-11.232601018726585,-4.897670523381879
2.383230717668039,1.1567707118129686,1.789069007201949,2.402595756237676,0.8578308905296009,5.590174797905403e-16,-1.3436649273728557e-15,9.928945346710914e-16,1.478698057955385e-15,0.0,0.31481862208744843,0.13728068891484918,0.11774578128232001,0.3730464715890967,0.11533057685837576,0.7479275663092592,0.9032480479442905,1.0754331348334922,0.5907568608608746,0.7916784961714471
17.62342799615839,12.817155044398042,9.13895330661375,8.21954723039259,9.093960706697846,0.0,1.1087370532677688e-15,0.0,0.0,0.0,2.4714508651760987,1.3539742997254836,0.643968989960526,1.1114458062807766,1.0875481910738558,-16.030418618516034,-8.713650802033165,-3.7987341973548148,-3.993971472666448,-4.688707391453094
6.616424412141257,3.6738084838369875,2.006725184544477,2.578327187312627,1.5187145510884863,5.369537166148544e-16,-4.835191728734301e-16,0.0,-6.889571068176709e-16,0.0,1.0470266013227962,0.7606224265767619,0.34674889026807265,0.038367170702077,0.058417372239874595,-2.167724910847352,-0.24833504039502796,0.6658514161829634,1.0566081421312008,1.1069940443845945
163.58312968449883,174.35674849658875,99.49429738817526,170.46279089236452,22.22363506189575,6.949789867749976e-16,6.520357755113809e-16,-1.1426467717850082e-15,1.3338610394265036e-15,0.0,19.287800279543045,10.876598256868297,5.469539228277885,20.415365739171712,3.669309986018928,-378.70391039469473,-390.36654254486234,-187.49899861143794,-392.4513085890922,-25.33849151611667
8.304203939894057,6.030600614944552,5.297008074112676,5.595246308578482,4.218062682587937,8.556422035188663e-16,-1.178228805269064e-15,0.0,0.0,1.6845238898255443e-15,1.4820196343529426,0.6396605821678181,0.8472651592305424,1.2014095795653297,0.30132918376004897,-4.4373097786553375,-1.140149577192941,-1.4311984697310545,-2.6017885879075107,0.23512122707067948
11.389086828351783,4.893453294323626,12.002854958438725,4.1069715953872175,10.192654188036517,6.238803395468794e-16,0.0,0.0,-1.7300892379147513e-15,0.0,1.6251790235822086,1.0113278451521919,0.9061993508795181,0.4299225004191674,3.098102341334961,-8.012707169648088,-1.6606745527992177,-7.002262470357638,0.16069106552129228,-9.918592880197753
5.590305074542131,1.9495253947929783,4.825616111483184,6.281774419451128,1.119984863341727,0.0,0.0,-1.4724394136310822e-15,-5.655589394932332e-16,-7.930271638225938e-16,0.8086907348168171,0.2985976040831989,0.29592370167941306,1.254259419931623,0.10979834192867241,-1.3827995329112677,0.7455415774900108,-0.042466799967390285,-2.692334997429975,0.9057049894815684
36.63925876978009,22.54918830428302,10.98860435475098,14.500289818120965,19.330397596495434,-7.757173694203146e-16,-1.2604315972209763e-15,0.0,0.0,0.0,4.7318591286765255,3.632002087616683,0.6908364288239824,1.267851867027536,1.4440660727446932,-50.52641703601071,-25.345968670093768,-5.7213801293605915,-10.774049715068484,-17.254009593517
16.343331346655336,17.06365608461647,9.871428986745023,9.752468953402017,3.6290550142600324,-1.7390401520691503e-15,0.0,1.7994931045803746e-16,0.0,0.0,1.7160342200642433,2.579524004315611,1.3338940588058679,1.2447743753840677,0.8089886637125628,-14.38590616720626,-15.431533192617124,-5.898593380772902,-5.372050209385018,-0.8390514353742385
80.2173664170102,45.04792538034232,55.58772767243245,64.15604492980259,66.70028845372728,7.08617365537873e-16,0.0,0.0,-8.860181285022198e-16,8.522214847727776e-16,8.210060526443112,8.983601386014179,10.619193123344433,5.750954256895755,11.48246407379505,-143.9992152772761,-72.34753950118696,-100.75095267725298,-105.71075160295,-123.45341165895037
25.970778714950885,20.795768761683128,14.359282663224214,15.507606050223535,5.8479985311105365,6.839828943510406e-16,-6.833531800654545e-16,0.0,9.163796571294227e-16,0.0,3.785961816950185,2.4967386656647235,2.8720951513778865,0.3714301709270582,0.21523677460930526,-32.037616714689555,-20.586023521491498,-14.327459341852952,-10.974529908540568,-0.6319834578408139
25.929500255968392,40.129629412308766,15.929601688740197,49.90078102955126,14.038620616108094,-1.0961148170937835e-15,-7.08247493102599e-16,0.0,0.0,0.0,3.253076197940084,7.4926982308789105,2.932974288830782,4.894012598886688,2.4591809277517505,-30.564656491683948,-60.494998277257764,-14.724412857793846,-75.04310848829752,-12.727312904905192
41.44319148756664,37.48432100330177,43.33821216752133,31.648744711734057,31.239652073109262,6.857992449478897e-16,0.0,0.0,0.0,3.411734871905283e-16,1.7446596699818027,5.098966091399629,9.393711207159752,4.444402975630815,9.40541073550227,-55.015030575193805,-52.62579520814738,-75.6654764656158,-42.44481535842957,-51.96763936544662
26.937701503849496,25.483728108167504,16.852495058235366,14.594572302198497,7.062312728411955,-1.055090369397049e-15,1.6729327814458328e-15,-1.6864986064194141e-15,-1.9474163985006e-15,0.0,2.972244964697261,3.5523050121308715,1.3269539876413663,2.150014507436262,1.5318498717143096,-32.26646085341185,-29.661731120429632,-13.522402083819678,-12.220662875280967,-4.385504667999127
35.929567664033705,52.05852591769449,24.257406114113024,70.40242231286541,15.695003637496024,7.910395609590028e-16,0.0,0.0,0.0,0.0,2.677020793473813,8.359709875251669,2.074486242560566,8.420889555835323,0.4675433581078447,-45.81384484091795,-84.05867224883201,-25.236797903172008,-123.50777891202942,-11.26553603668701
2.5850742062864933,1.7504596546461035,1.5473062921803897,3.1821513023477026,2.241571044566108,1.0307384030294548e-15,0.0,1.1480318075208586e-15,0.0,1.9811516165262707e-16,0.4352831867283995,0.12202122675539566,0.20824149441875922,0.57363732378317,0.5165497701448005,0.43465953984387695,1.0566306456960282,0.8330939440761889,0.0315691127152998,0.40368554784214333
51.21709594569266,31.263148088293473,21.031258707504893,38.8507429447037,18.98909501196028,-1.8728759910426088e-15,-9.091122029725008e-16,0.0,0.0,-1.4967384918819245e-15,10.793685171548713,0.9676012195264019,4.801058133252902,4.930342788819882,1.8776566601994304,-94.21610319926413,-35.83853116876982,-28.304598540686083,-55.083854804929594,-17.176571138548884
37.55255120549249,31.594066937294713,13.097887955652283,14.597512669426727,13.550135874729264,-1.5137032514716073e-15,0.0,-1.0849729943726866e-15,4.867560329290022e-16,-5.243805245416382e-16,8.710443767297916,3.572153564842902,0.6360063759014987,0.7704147916272563,2.197605678887483,-64.83633782369103,-39.53514585951749,-8.087413326343565,-10.040541599512913,-10.97858528387165
194.36346127321588,171.69559733702948,159.27309325801355,154.493405398841,123.18805556260082,0.0,-6.621418340649394e-16,7.137855829637821e-16,-1.4717370936076073e-15,0.0,20.96717148350023,0.6885800967475363,6.934321206966481,12.9388231048975,17.60589897845584,-459.23587998731387,-377.27397151962765,-344.9182011170125,-337.2403383468277,-262.37181721654935
89.8804856157237,83.8398690196561,71.74662182886684,47.02826895161823,33.57795257767478,0.0,6.779998528800323e-16,5.942100555939074e-16,6.043537230690696e-16,0.0,6.115634118270916,7.266305386785525,8.830429161307297,4.376022815148413,5.490698794351474,-165.2271930794865,-151.1689485074814,-128.7939409797892,-68.58026643978052,-46.73828777550071
152.26921527226463,133.11778911166294,127.15164863697673,111.75589967808205,79.48800256446478,0.0,0.0,4.470521575626467e-16,-5.086390877309214e-16,-3.575597387461586e-16,12.120354569467851,1.9027558323862281,10.106849917691141,9.434016137336874,8.681011664307778,-332.7798255358359,-271.64450925529326,-261.1402435977936,-222.23849393639085,-145.1192720535455
140.58119622555176,132.98969572292,125.38615421966419,113.37086115893362,91.3176975064834,-8.086916371035441e-16,8.548544840532541e-16,9.066937129473473e-16,1.0027871056059055e-15,6.224797647440928e-16,10.216061270504046,9.042497815288263,4.865707710109071,12.125285211370198,8.888151721766906,-297.0644683453632,-276.0013105984729,-252.43704903416676,-230.43676426329552,-171.4148045462777
38.93158624917493,29.880032614716573,20.899473653354583,12.652113364293722,10.732949533332565,7.300424197590034e-16,1.4267910847128237e-15,-6.799623258895332e-16,0.0,1.3240400200400042e-15,8.481670935612232,5.318404709826175,1.7747349533525858,1.7808844341362142,0.9830620964136956,-65.44404224975317,-41.63863305292127,-20.12696455863369,-9.427158599883306,-6.159643043639407
64.77916247625045,52.1860326731714,50.25258454725427,60.38252133987152,35.664760613626484,0.0,5.44622918710881e-16,0.0,0.0,0.0,6.884630030533136,4.196911338971567,6.090133184966534,4.5095515356524185,4.7758273344592315,-111.57276491624799,-78.60019329621437,-77.92300623193583,-96.27593206666474,-48.46889703377075
25.30944258918526,21.83909839537475,27.189036550521045,21.39288397291491,27.85103605885664,0.0,0.0,0.0,6.642795208534799e-16,-1.5945159415670718e-17,0.8696794792357281,2.2439557388290257,1.905646074230182,2.4377204733978757,4.849682833073077,-25.737813684315313,-22.85445462967493,-29.87986685742742,-21.796304423534743,-38.5287291911156
126.71753872872776,103.51335849906513,105.0509860886178,110.43230571710566,96.0656139910909,0.0,0.0,2.705515720378705e-16,5.147354163411543e-16,1.1834290439465604e-15,18.120201430230637,4.908838048847068,12.939197817767939,12.74543719860231,6.287573115587364,-277.3852969462251,-196.73810346610148,-210.78763056156774,-224.56561691516177,-179.72642428984204
22.361054101729422,20.362278112129598,16.522674825067043,15.369021833154095,11.762391572520677,1.2710362088076093e-15,1.3958020450311742e-15,-8.600819701203761e-16,-1.8492855133494976e-15,-6.040801578312284e-16,3.842047650626385,1.7338377887468919,1.9880958985709616,3.0258554508043125,1.1060965380133227,-26.563439316414733,-19.38728638510963,-14.302307132594525,-15.666882936031977,-7.05459656255997
48.1997827558594,38.40545357022396,38.45013915696674,48.43172568531315,39.331048806553156,-1.1793293581576951e-15,-7.400435820510547e-16,-3.695917629111403e-16,1.1003263754891939e-15,0.0,7.168978848323369,2.3072635074166854,4.18879342484015,8.979955105884802,5.202423887378577,-76.10277106974173,-49.87246957561306,-52.27404997646073,-82.14807305095142,-56.86639445321285
15.486015140817997,12.049189318593418,15.930468976897153,15.105871796782095,13.505465168780473,1.8353145836394116e-15,0.0,4.460275066544184e-16,-5.879689908988424e-17,0.0,1.358561262283688,1.1334720050671105,1.2546198646083817,3.266177210035977,1.020919896416284,-12.230124865611428,-7.886589630052688,-12.218217108992691,-15.776445699011228,-8.921196266913686
9.735886206322585,6.6028482923686385,6.750847120163486,7.787592347556045,12.24697445318851,7.29818242225003e-16,1.076115494855944e-15,1.5787857207679432e-15,4.562018041321125e-16,-1.1603563614442091e-15,0.5487527111972771,0.7481950555029254,1.0106011886317425,0.8566245232584808,0.8589584558351594,-4.279556617788294,-1.914856905421072,-2.7108636566165836,-2.835609237746094,-7.413760604624584
13.3278170063837,8.98788536085447,7.658819309716359,7.214192843391355,10.06521952428447,2.6656380989466147e-16,1.185834109858767e-15,-9.277444825714459e-16,0.0,1.4118772750972108e-15,3.215818392405988,0.5326128217005737,0.9467666864139181,0.8130972665066964,2.0575353566833128,-12.934259351683025,-3.524414961782047,-3.3467710230616072,-2.763204609982099,-8.023547094844712
36.986689246852876,28.491305044431876,25.773638170190516,36.43869888364356,25.222452689664372,7.684307519582158e-16,0.0,5.513717008582091e-16,3.8999347261493217e-16,-4.049587069197653e-16,3.95384964318588,4.28044555781375,1.2995326428189509,2.701629103066483,6.847548800462705,-51.44307023262368,-36.72202654669299,-26.73876776788563,-46.53137274872217,-37.92788512482627
3.5716467910358993,4.738537972066571,3.483961885017517,2.9139851603053746,2.0866436100909613,0.0,-1.4994978196834376e-15,0.0,0.0,0.0,0.6105372615016575,0.38651433424171117,0.6014583564118157,0.712674308227741,0.2076953779917165,-0.25427216397076513,-0.08894384535084722,-0.04899277948275821,-0.14752567463851918,0.8531631075142259
22.499817737611675,17.268564904081845,22.82473443524569,13.637009658937187,21.87672870501399,3.157993295973798e-16,1.645864007129269e-15,1.245215339132951e-15,-7.164299843623348e-16,3.2479386901993666e-16,2.052524398017691,2.0886945986533405,2.343433908868191,2.336285955643681,5.164800273751843,-22.48706337308793,-16.019023954460273,-24.76029460762057,-12.290190899703703,-27.611504371529094
20.80603908436502,10.42328155753024,12.512888500468186,17.726352432610522,12.958872879256472,1.3660317235375131e-15,0.0,0.0,0.0,-1.096611938986577e-15,3.2770666465446645,0.6767865590007005,3.815393862849398,5.188122993241663,1.0002369452795625,-23.306924638967427,-5.1195725832947,-13.814455815660587,-23.11954707695126,-8.21444963588614
141.90295458211045,111.94359692647566,81.82348011516613,77.57686473113611,77.95742133360876,-1.6023181202450933e-15,0.0,6.947079100131306e-16,0.0,0.0,21.033959380167975,10.713115481245927,4.528139046755861,11.4324861104881,8.325530904206444,-327.08444195082495,-222.94176699695325,-144.00471575161026,-145.24206597308708,-139.8431571351405
57.13524342069093,51.11266098588789,46.531722111947765,42.5402465773682,35.62070579833017,-9.948923896633434e-16,2.780300309374539e-16,6.108028703950821e-16,0.0,0.0,4.330530487101401,6.289179751451356,5.727412997934379,4.688842771957096,3.054188688406942,-89.04082290963999,-79.87548674209602,-70.45899171325858,-62.18446671818864,-45.44163846246403
13.846451756589728,8.970530510119241,6.054525503391299,3.142480054599053,7.523901542940561,0.0,7.920855237698258e-16,-5.867864751433506e-16,5.652722717525393e-16,-5.459700884798687e-16,0.36331998934802756,0.5766499632044367,0.34810926770708683,0.42194277686517784,1.8010932125358494,-8.840349042610878,-3.5662552500392484,-0.8722720558239179,0.3426868543990851,-5.230035496920746
28.602790507696113,17.896266437357923,17.925702373269488,15.751547746469802,23.02302456214266,-9.936691115070265e-16,0.0,-1.1891462676848576e-15,1.409668487814446e-15,0.0,2.8699435549662886,2.8582358372522756,1.8822014835804626,2.4793973482368385,2.678813246623873,-33.493072292355436,-17.74759186359602,-15.879044988486314,-15.349201533827994,-25.260179007671226
34.26971360629106,28.095585809352222,25.12247521740222,23.97416554821218,14.690549693268828,1.6587071463116337e-15,1.0116076462425363e-15,0.0,2.9637850557559336e-16,-4.836733482380643e-16,3.8135893992762337,3.2788380703206927,6.036320049878753,6.8115725947945265,2.380464870607432,-44.23407291569363,-33.531296401339105,-35.68300418702358,-34.82538695053789,-12.195528710156653
3.985256641561956,2.3329722687609564,2.3178354109978736,1.0705813820957173,4.187217592827046,8.91464213809847e-16,-3.807068054743049e-16,-7.663860992767792e-16,-1.659245031819012e-15,4.242332288733349e-16,0.6227536816841304,0.35500991786317826,0.23128602883301624,0.1451389239055025,0.728723506471374,-0.20407770127463384,0.6857265199333235,0.7919785342309954,0.8249934312529354,-0.6446901137761694
55.150025388468876,51.09466668499641,54.38393033593626,40.696740318050104,48.281378203243264,-5.153526082754371e-16,0.0,0.0,-1.3967560648978174e-15,5.886681467699859e-16,4.032297183440328,2.788801893627466,2.9226218185376824,3.6707607222402627,6.319124812270242,-84.58932083840402,-74.9934334548555,-82.05011002730885,-55.88598746466902,-74.67859522152494
45.45038874342614,36.02132454931964,32.64148280278251,31.98883886376471,24.60589850834867,0.0,0.0,-4.3536180023018454e-16,6.663662336599838e-16,5.775385406218889e-16,4.967881602352089,4.012382391176608,3.2664302300439525,4.03506120506262,3.004105254595729,-66.44822203525506,-48.20143777377163,-40.17690086393461,-41.07172703867774,-27.79387321176763
54.15801920533434,49.09222261596629,48.73691593563854,51.52255881757818,50.959780194080004,0.0,1.1578905136456543e-15,0.0,-5.516362168857819e-16,-9.063084190808942e-16,3.0811362425912625,4.901515901765282,1.3761717295860587,9.80692623573126,8.162564333093094,-81.50835566824932,-75.00301056956464,-69.27265653097675,-87.4124002053367,-88.35596493455465
66.22901061185875,52.00118225896175,30.967731122171926,18.981728635253596,21.1623695966951,-8.582857925198994e-16,1.639676726321307e-15,-1.3766770312430938e-15,-1.49731934201283e-15,0.0,12.433822621754608,8.022533353145718,4.858625933207995,2.5768835799074044,2.571441851252522,-126.47645587452665,-87.02378001149557,-41.28478189357554,-18.531673165216844,-21.462633520510657
9.586604209101807,9.61884974773291,6.721233142430023,9.287346487726083,8.199170945626163,-1.4823658518946465e-15,-7.386982377259503e-16,1.0571612689263262e-15,0.0,1.7332062972516466e-15,1.379171494786998,1.8322399916314465,1.2313207431254773,2.5598782379716365,0.955264669690149,-5.855725846439604,-6.814456223426723,-2.7211881254526307,-7.73756520972291,-3.5364538416859777
123.72227927608145,107.32550873110334,91.12564689377578,112.5489301887534,102.82636540265987,0.0,-5.296356805838701e-16,-6.237916634717534e-16,0.0,0.0,22.96514829395593,8.130612274566097,4.13468136993587,5.61620025270682,26.564799127159223,-280.95597925778355,-209.37722402612908,-165.81253581680608,-220.01201770887965,-239.86849875495847
14.963634879868424,11.876993090320159,10.945972810975364,10.190468293900004,7.768439688417429,-9.496926936062048e-16,-1.1965027349206729e-15,-1.2982724295599373e-15,0.0,6.859898167383957e-16,2.154681631342329,0.16969610582667471,1.0198691428504194,0.646829710290339,0.9704312738797548,-12.336487728146254,-6.403557314844956,-6.475798154093176,-4.905602643676032,-3.1528099857164387
121.63306317402223,98.06788689567989,84.48278508490235,93.33885218462459,95.64147769677177,9.346705143729102e-16,0.0,0.0,1.5225015502754289e-16,0.0,10.661527738134618,12.541894705286301,1.841617753711171,11.456341326527093,14.41014097700505,-248.31058499794258,-196.5566250903642,-148.70126155719583,-182.8762927833151,-193.1561876569767
21.54800990041123,6.699043503708884,5.558252133533612,11.599961712481031,21.594520540020714,0.0,0.0,0.0,0.0,-1.3161537612159804e-15,3.8306709210862278,0.6888404218579073,0.8948047172323115,1.7748329043179125,1.9119845605958903,-24.326198068043496,-1.7910860403467315,-2.016611999556385,-7.738708421725238,-20.93461985905496
81.47783189399665,62.702348584136686,30.34331359286979,11.933508467753851,11.614483754907752,0.0,0.0,-4.68335624311688e-16,-5.95418135144492e-16,-6.117729816961147e-16,7.522145086194534,5.126606148258426,4.805418411510374,2.2240468061570717,1.7619562280586067,-147.03447957890674,-101.73591160720176,-39.01741219552817,-9.017898091627224,-7.934939257549517
119.05709967794652,117.34441436189906,88.50340696188863,87.78267004642076,61.85479292737379,-9.548933917350814e-16,9.688304154895453e-16,-6.422737927511192e-16,-1.29509432398783e-15,0.0,14.373687916400021,9.099449222702782,0.288811725077546,8.259158041880408,13.967429276160663,-249.41869492691907,-235.71474310054617,-158.02751394025606,-162.9557937292821,-120.37248583187994
85.2174684954521,78.23509449493282,65.1678594044632,48.3102944893497,27.600441351467246,0.0,0.0,8.722615623755617e-16,5.883157975091571e-16,-1.029755613994669e-15,1.7882667892980428,1.7021294237246605,1.806199495316986,3.8794093003476826,2.5273520469711896,-150.4307059691258,-133.97631283807075,-104.34822311817659,-70.2906651832166,-31.171572243947768
73.16881376795021,66.4187668251084,58.405881408580356,45.029147983711695,28.29619555607032,-7.768804212281335e-16,1.711667396971887e-15,-9.732481984675126e-16,0.0,5.022178577696952e-16,8.221522437510563,3.3134944846096124,6.292732425075193,2.667903212271051,1.8602146445359702,-128.07820048868436,-108.12442532337235,-94.54108166059692,-62.725599681837934,-31.450894789485243
63.449068995301545,51.38868848098224,33.669766793095654,18.093596101803996,9.059078327545224,0.0,0.0,0.0,0.0,0.0,7.681933996712669,6.881019163024751,3.944760374057792,0.5775558901318123,1.4150189450412203,-107.40982457101343,-82.31301158272574,-44.1150058923628,-14.6052196495348,-5.081836682444225
55.96450451349695,42.94630424806245,21.910945140758898,11.507729910646852,12.523311831635247,0.0,0.0,0.0,1.2348964413958172e-15,-5.673760625884855e-16,12.802560482617992,5.402519692953893,3.384540510077035,1.2265433543678839,2.3143523356121447,-103.51362596121952,-62.8306366695919,-25.1543852753518,-7.128738364895678,-10.569043216278454
26.29359104324701,28.464844476608057,10.090443825695983,10.904685955336593,8.741144095237328,-5.404683860728024e-16,-1.9969692406898974e-15,-1.408347834910207e-15,0.0,8.12871550930323e-16,6.7202466304150725,3.9416185442448772,1.3752980114639646,1.2279483121896162,0.5373210746661903,-37.8051405711663,-35.22419767969717,-6.137636183605168,-6.178129411216493,-3.295327732023242
12.116176459547912,9.503970368348643,7.441524479061155,6.795902031496856,7.556013799156555,-1.1728827788739757e-15,-1.4952545267322e-15,0.0,-1.0455458781880012e-15,-4.701835879650028e-16,0.9241706651088774,1.029168307653642,0.5760791257267824,0.8797382261650577,1.2592313704506142,-7.196606572741644,-4.883929868090647,-2.3075324622943327,-2.3865599169330074,-4.223343185790377
56.10818727987309,42.962559247662284,31.204501351132855,15.395431077867485,7.364091440197067,-5.065519099491445e-16,-1.3230920097922478e-15,0.0,0.0,0.0,11.150015158138578,4.598718270221141,5.123709941683504,1.094381038536152,0.5758162083907301,-97.45373324964852,-61.83766287299705,-42.082002438361016,-11.409786741347123,-2.1426968651328053
18.927419559251916,17.821219239517788,11.919743507067523,11.854604858710806,6.5039855776920295,-3.754039125807721e-16,-7.974120358549904e-16,1.1922114520984468e-15,0.0,0.0,3.3701546652209795,1.1752796222106778,0.8903085175277468,1.6170712417987312,0.98887343311431,-19.305837233154502,-14.812805996663363,-6.954713166448646,-8.44627388173498,-2.413645958546232
14.978873700758273,15.741964953313829,13.156614523628154,16.77911689623065,17.98449927501913,9.487265197037218e-16,-9.02737031707753e-16,-1.0801300509094133e-15,-8.469369873926086e-16,-1.5803447733394721e-15,0.8525432164910397,2.537823819533498,0.4400821640451009,2.277712941810474,0.2021932335166555,-10.656382820470162,-15.045848571051,-8.034310635998406,-14.849815833355903,-14.321364223889422
41.38498078317143,38.85231638311321,34.57150358675367,29.57751890015746,24.332185892157046,0.0,-1.4630638312601217e-15,1.6442275563215015e-15,-4.804613518521444e-16,1.1680705365466211e-15,4.517398342009284,3.6359346567889217,2.5257094230364348,2.1917224920686564,2.835449106448028,-57.52598849882398,-52.07209606879702,-43.15046321357461,-33.898489250333036,-26.65432178471986
26.211495407503573,20.488835776069685,18.065580940970676,14.8326524854639,9.765175438230369,5.421611584638493e-16,6.935901517547344e-16,1.5732518939342169e-15,0.0,0.0,4.088145959836064,0.1893904967131882,2.3871576228772877,2.1825774979465242,1.3903117992667728,-30.914619367302837,-17.969161539729267,-16.966865236121453,-12.765511040126237,-5.847662409280554
6.796711841949629,3.657422382205163,5.192645504416704,9.69802700740341,13.91904764978633,0.0,0.0,3.4209091259731407e-16,6.868756029103361e-16,5.104822927817247e-16,0.34685490908969246,0.4503833158296576,0.8694472010433182,1.5362818758710743,2.8144676584305333,-1.436377395290898,0.27074552735147994,-1.354012275044877,-6.643576232894005,-12.77336593418678
16.149027521181843,12.956846858920755,13.692696573847757,9.54211459678271,14.053990854124386,0.0,-6.854896329106619e-16,2.5946048388934394e-16,3.723193263680107e-16,1.0111615172306436e-15,2.6041088355001576,2.5600412847041487,2.0424783311708596,2.5799103290056955,1.4729966776477417,-15.609353814255766,-11.792525979919251,-11.697810682448491,-7.994729851809553,-10.433246818886252
10.558593372116606,5.186399630084775,6.616244293557371,6.257640587290836,5.127039513649503,1.3459041573407287e-15,1.0275086569280903e-15,1.0739366689528042e-15,0.0,1.3858733365882044e-15,1.8962557295681086,0.5769557276265548,0.4227083175488206,0.41824785785373875,0.6130166119250313,-7.60858317347307,-0.6973639504845094,-1.3563567272691817,-1.102645169965531,-0.7608656108268848
27.183236181645395,16.0059059487407,19.62415464386904,30.520958787493182,14.766541709528362,0.0,0.0,3.620755893207799e-16,-2.619054608656898e-16,9.623685081275467e-16,6.408635581126859,2.3407345354154026,5.074228909724501,8.30537699469607,1.2878083794737751,-42.13571865447491,-14.673801605527853,-25.290638376537547,-50.06562772643948,-11.212642248769944
528.6655263065607,439.1009657944001,336.8069833900702,252.1594564360922,176.56860122698444,0.0,0.0,0.0,9.017059231362123e-16,6.438678051001155e-16,41.98530143382242,35.981353495695195,29.861155430342084,23.46568200082891,28.093106801615377,-1557.9775649701116,-1245.8974771258636,-900.3061645996785,-631.3378178936613,-434.64496629586057
39.89039823955021,36.703845707161925,30.97777709473633,26.018414689683652,18.162175141140825,0.0,-7.743523568937125e-16,0.0,-5.461844960460498e-16,-1.5648846687984724e-15,2.8187125353065268,0.9272600069812328,0.8789453000325349,2.3857468895401674,1.4678817408054858,-53.05977634427777,-45.65193105578222,-35.30935375579574,-28.103032610055955,-15.484720884233916
21.001029544816433,17.161423794860408,12.042553939006282,15.051053426507643,22.934437739516444,1.353348385599466e-15,0.0,-1.180053233489992e-15,0.0,1.1618053554935573e-16,3.1739061164679963,2.5398157191993476,1.2253216249644772,0.6679268395167545,8.374162370366843,-22.66801558780391,-16.262097006085327,-8.227863721941063,-10.569172222929913,-39.685129350237155
12.444036724667395,12.588347197960497,12.364509402920785,12.152127156888502,11.8001509586518,5.709905487112677e-16,5.644448191540339e-16,0.0,0.0,0.0,0.10306932871611853,0.9821944302719511,0.6304673877758152,1.1621587948696035,1.0260877064231648,-7.05658785857088,-7.8138952257262515,-7.20088305091769,-7.641069596564096,-6.996125582345951
17.304434182384302,8.784745156463423,6.423045051374033,14.32256606285633,6.0250057945514275,0.0,1.6176741000558557e-15,0.0,0.0,0.0,4.693948752588785,0.753044590935797,0.7692392226026427,2.6644800538847027,0.14670269395187813,-20.739375370406524,-3.6025229476508325,-2.030617564755263,-13.65823582238512,-0.7254584780770517
10.655789159404259,7.223502939315111,2.8241771713250525,2.2525851052813772,1.9662771551728848,0.0,-9.836539719432433e-16,0.0,0.0,-9.034112178575682e-16,2.2850676349940624,0.8455931328710549,0.3209698521974355,0.27983381886808717,0.07374216039108683,-8.449198251361118,-2.477829237993465,0.7239857725217766,0.7931560225473892,1.1180597785097173
113.32091022216304,64.90186961942527,47.045862447290894,17.76536461036497,83.24937424879953,0.0,0.0,-6.041277160610465e-16,7.999191137856448e-16,-2.4538447090366515e-16,7.815183167341993,0.43168754394588366,4.221930063531027,0.7813224022810693,25.72791542849979,-223.89854509019546,-103.39496846862865,-68.78571980299314,-14.29059270052373,-195.65381500970307
2.2174054881150576,2.835090207815121,2.326370519379887,3.575136258551507,3.4411811675882906,0.0,7.832011987235894e-16,5.726807567632497e-16,0.0,1.0324111128651725e-15,0.1595812411094367,0.5862486441246966,0.26755195243856816,0.5393654290167338,0.3958205348977613,1.0248654038303966,-0.012526699571060358,0.8256308933927656,0.04701338479537483,0.30544382395009706
48.052267218519596,38.63016768059009,20.19048108244104,33.03683309689458,58.97764177046087,-5.914748892316601e-16,0.0,1.4076786637402801e-15,0.0,1.20476627147201e-16,5.367532111784901,6.0109092125212005,2.091693504109145,2.7368582697337893,19.476628210324858,-71.53666740392114,-57.92476674322467,-19.329534547891758,-40.625867923143794,-127.73339178624545
118.95837729966223,107.48132350393715,78.55240951108152,52.944932791816605,26.717003655246884,0.0,1.0577357443635457e-15,0.0,1.0736328457403195e-15,0.0,15.117349777148737,3.124832533881774,7.70124457226348,6.446462845707757,3.5681747916118267,-246.69815632242964,-205.6125799962137,-140.70014435680972,-84.9445200012759,-31.516164898433633
233.70329584076686,221.85142637411354,202.36311569820737,186.98284126691092,147.96809234763532,-9.729159985751872e-16,1.02489165456077e-15,0.0,0.0,7.68319952753874e-16,8.970107931848338,17.344420431734882,8.709497009339763,31.8390789815048,3.85115065635599,-560.9240330796074,-535.2282141608878,-468.1561056634842,-453.6707163133382,-312.2821159477746
126.32733559552405,121.31007901817273,86.00523295427696,77.24936736617842,48.24839137587806,0.0,-9.371590443411162e-16,-1.321859540593948e-15,0.0,5.890706118880791e-16,17.89597822813286,3.3906180140167863,4.743293548718751,10.676737161850035,6.708387328101127,-272.1477930900368,-241.13936698461336,-154.16530895810934,-145.13619666459928,-77.32063106497047
2.3571024587316973,3.285173267596743,1.219877796782165,2.3887008079943253,4.16613216416687,-1.5072376958582168e-15,0.0,0.0,7.436497837884394e-16,1.7055213511263927e-15,0.13598769084115986,0.4864456212577642,0.13015897503522886,0.3445481710183202,0.4057441246552398,1.0277465619661246,0.3204184336410246,0.9571660886610445,0.785583850110628,0.044445501646457095
85.69483772882295,82.48431801629016,71.81546571279966,64.85561051146375,62.671314634438886,6.633237236610003e-16,0.0,-1.5830411540637497e-15,0.0,-9.070085603337838e-16,10.434879882377924,4.769723877145792,5.725552374404573,1.2599978147509376,11.085095136068732,-160.46576950537687,-145.77660251944943,-122.43792045122687,-103.46112080141326,-114.19379048168042
28.901036608474108,21.01934613084238,9.007794588681616,10.107769265161336,17.37985128302936,2.458537198460768e-16,-1.3521690567100893e-15,0.0,1.054450369493212e-15,0.0,4.910254903382616,4.466856090035466,1.5768543176546959,1.442929263297025,1.6560660864982073,-36.81526635218445,-26.695911259373755,-5.473837741261139,-6.080642708097654,-15.342334003408608
0.0,0.0,0.0,0.0,0.0,0.0,0.0,0.0,0.0,0.0,0.0,0.0,0.0,0.0,0.0,0.0,0.0,0.0,0.0,0.0
30.931341455333765,22.2818584578678,29.3715452733694,9.8652290668516,15.673970188559906,1.8377288596711024e-15,-3.1888845228222205e-16,6.652671846693479e-16,7.202496069225725e-16,9.06653167273101e-16,6.327696101058568,4.476022215673705,6.637000842114066,0.6734052621083485,1.0484997511656102,-46.31011819286619,-26.363981918560516,-43.241615935771584,-4.514804460126622,-11.731742423274998
24.526846406512753,23.86941407183345,17.732983603481646,17.35711550694686,16.876441231599145,1.1587999924383687e-15,-1.0232721451916782e-15,2.003449480494061e-16,0.0,-1.684105614469697e-15,2.4415528412722867,5.705064224692251,3.5164944124019617,2.921571213157167,3.0796072436683173,-26.499539204818248,-35.66047090298149,-19.837375708905196,-17.338585023882427,-17.748919404655865
12.402892347194792,13.064998342545818,6.823745034343878,12.732566350673553,7.614477869288605,-1.145769415503806e-15,5.438521438202076e-16,0.0,0.0,0.0,1.657925087636429,2.8703530220758244,0.8644556029373671,2.5857013893840484,1.5784391529449189,-8.74489542375325,-13.344682580100201,-2.4219475898108946,-11.720341478233482,-4.692876496619614
8.608031576713184,6.0890455801518915,11.257557391961704,4.829922590416918,10.25827374105966,0.0,-1.9874101464867563e-15,6.311695432860533e-16,0.0,-6.926533193553699e-16,1.35585204179676,1.4170976818917438,1.6568540822707853,1.0450631489091082,0.9801565212754791,-4.618139242643413,-3.6875374518683866,-7.944584901040878,-1.8105929958365092,-5.6942213760001374
4.753112794293386,1.9673566563302012,6.490085539708928,1.572550174356791,5.622750192785497,1.494899798324125e-15,1.8058310207095534e-15,0.0,2.259205293881095e-15,9.477693896197694e-16,0.6493336962629235,0.18973694899283328,0.46421056069622085,0.21728638444173848,0.4466972309808256,-0.7221127915010147,0.9108817558293871,-1.2837792618774446,0.8573492388783954,-0.7114534708546346
27.506568405435658,23.50690720511041,11.379864540618756,13.123974728231548,6.793816101117263,1.5499048633482488e-15,-8.879174397904341e-16,1.2487718693380262e-15,0.0,0.0,2.8746695237432887,5.210400531349875,2.0413026880051826,2.3130221173221583,1.5767972858223778,-31.9989049795078,-32.7576750344639,-8.728443741099937,-11.112046797159156,-4.522548012123387
38.04256916980594,26.339862155338036,33.2632572302357,15.723155015142792,25.251976452295256,-7.471027864480319e-16,0.0,8.544475735998934e-16,9.03816994840774e-16,0.0,5.836018718974077,2.581704242887688,5.652431858731838,1.5767179359990995,2.7858933572029376,-55.561408796273525,-29.245261535832995,-45.450060610932645,-12.536720276497729,-29.160875652207984
12.215635506138593,7.354082934195954,11.394937926540013,3.2494431027740527,10.218328587115986,-3.6354163451168725e-16,0.0,1.2471199761521669e-15,5.466650078851274e-16,1.390722033848088e-15,2.4728202729608038,1.014143421392247,0.7674681473263331,0.3776712514018134,0.3832850092396589,-10.607102990774457,-3.1795498447719037,-6.296515022179627,0.5361656609677938,-4.6549036630110745
36.14376530417117,29.141666542214807,30.87003015607472,17.905279560042835,17.7018676595401,0.0,-7.314709349900803e-16,-2.3017234909317927e-16,-7.936684075525267e-16,-1.605576879063755e-15,7.4022955593400015,3.886638420734554,7.703871148216707,1.647575787183312,2.553690883271738,-57.297098828516965,-36.48234996909274,-48.51626191011158,-15.200132358805748,-17.00237965151422
6.510699874825557,3.9832060842795047,5.818350672181882,1.3525881687765007,5.080523865077506,-1.091346167725383e-15,1.5608654953702886e-15,-1.2212098854015044e-15,-6.566510340716179e-16,-1.3985619487868708e-15,0.45332673934735,0.8504159090753937,0.3524611820358477,0.2366435220395314,0.9770978626401721,-1.341312268935343,-1.025994270607925,-0.7075621711721781,0.8393439161846278,-1.5660853217208872
45.88839682468169,33.86432948521656,35.372331632605636,13.085346091160394,19.93619325403963,0.0,1.6785632470775173e-15,1.6070023161382632e-15,5.430064522634953e-16,-7.128168619815364e-16,6.05711005184023,2.8897252703626,4.426641941490253,1.17354381341871,3.4889236010145965,-69.95840683840343,-42.60726704400822,-49.03920759340977,-8.657493663125981,-21.802504553496394
21.33607863386667,10.106241903478447,25.91647317379545,4.927117354166849,25.19093538266534,-1.332096207467587e-15,0.0,0.0,0.0,-5.6412572615231e-16,3.48749702861448,0.7153176650782658,2.6715929747485707,0.7368877880590777,2.2344979207148623,-24.286640536555925,-4.76164103235249,-28.94420531375648,-0.8243228654520631,-26.873892441643267
11.153680608319322,9.540181387354082,8.335418311181584,11.079485437632375,10.005855501228286,-7.963097123631544e-16,5.585921589776754e-16,-1.0655475064864763e-16,0.0,-1.42025384170874e-15,1.5211192306856647,2.16678711260305,1.812152324348183,2.4645108828725393,2.1405143737156895,-7.320505511512996,-8.11053372567917,-5.9741241388697786,-10.209352940218519,-8.16330195958007
23.043201600525634,12.502440807687334,17.075303212442368,12.366998255737203,18.009771749664807,0.0,5.683232151942773e-16,-4.1612305615887664e-16,-5.745474536882632e-16,7.890635657537687e-16,5.028289415372669,1.884035568396297,5.087536446688794,1.761233623051577,1.5246833255673862,-31.215976202666404,-9.52361339879759,-21.8219040633483,-9.4916649827761,-15.377597473882247
9.590674507338079,8.435063867189564,8.354756298736174,13.600504014683928,5.636117192438382,0.0,-1.6847358762129736e-15,-8.504649451804886e-16,0.0,0.0,1.6207480338294258,1.079134092738534,1.0363407490074075,2.156939543405873,0.7639166646535916,-5.8859685527609935,-4.168865822083315,-3.879734944394008,-11.258537406932223,-1.4313982073058311
13.58629640771262,10.160473547666077,6.841522659158724,4.313269526771289,5.67322093946468,0.0,0.0,0.0,-8.236706880360189e-16,0.0,1.8825565140675622,1.4220143510181849,0.6424318840915857,0.2712163515961844,0.6059538875341444,-10.44481200048138,-6.323251125209607,-2.009630624211861,0.2788672305492093,-1.0173015125560658
25.986486517832542,21.81323230630874,20.682486249061494,11.277807783752614,11.187138395208791,-1.6405666890116344e-15,-1.3029572615051638e-15,1.374192110568607e-15,-9.450543262278477e-16,-2.540570110634942e-15,2.5313055055861295,1.3320937439831502,1.7421906316886904,1.2061475130657182,1.9279691170606865,-28.611697595836723,-20.636718191493873,-19.46360961894843,-6.744510461324545,-8.626083703562774
11.645516142784867,6.096115140790798,11.654521366740926,2.728584985500235,16.495257504151887,0.0,0.0,1.2193426283258795e-15,-2.6040703864308462e-15,0.0,2.4808095231067724,0.5230057119178647,1.443884130024934,0.5852231995902384,0.5707762359728469,-9.256503696012677,-1.221993529663075,-7.5577649230081185,-0.03927741498514969,-12.402923971829003
22.70280602995256,17.849970847227162,10.59856709808608,10.161381704705324,11.092813754209612,0.0,0.0,6.704139617971679e-16,0.0,0.0,3.2505201423457426,1.028384182494618,1.0290344729489618,2.168031394078283,1.7597023475874047,-25.74629570711728,-14.558805637709677,-5.642616778696509,-8.462533157981095,-7.2429115615956485
3.3289350078782984,3.2530842030207356,3.192262553065492,2.133308553879152,2.772286707297871,0.0,-8.190797079971531e-16,-5.564569987184907e-16,8.326769403189099e-16,0.0,0.32085793370518717,0.6463621965360717,0.19979397763480622,0.0651413109491707,0.287241357060892,0.4984608468180655,-0.19372355474850905,0.7865148388906865,1.112178715645355,0.674769479939498
6.845834074451801,4.254386436731843,4.409699527614986,3.349730936036923,2.1572584278786895,0.0,0.0,8.056589018259048e-16,0.0,1.6468651288543177e-15,0.814498505607676,1.0535732507611986,0.7357089279697163,0.3572197832882461,0.264005368153262,-2.457434913407245,-1.2006758120325518,-0.8474134010536357,0.4664867679783151,0.8652540755178801
17.205649006281785,15.707040018935526,13.266474095986194,9.930450640583775,7.6769703301695955,8.259412190736669e-16,-9.047442865154856e-16,-5.355927510347883e-16,1.431038250885118e-15,0.0,0.22488510840689202,1.7722987911000463,0.8052216280280837,0.8863176332232168,0.6332452156101898,-13.233974248467012,-12.728718920457451,-8.435493013990733,-4.917066101968531,-2.602792880956161
89.99767254988889,34.085398450697355,84.16707257370547,45.87104266442108,67.31259402619196,-1.2632197533619038e-15,8.338382627832396e-16,1.6884102393792416e-16,0.0,1.6889385911554592e-15,14.636588908876128,5.434605901938824,16.016581505402574,12.394725855605715,8.677055539710754,-182.05219645050525,-47.574136215429256,-168.31490805705354,-82.56596858998955,-120.2140418341053
31.06815700239752,22.477912813558493,23.52684551642645,19.76002691035631,14.790655533476409,0.0,6.322141576521345e-16,1.2741198833456e-16,7.191718300623385e-16,0.0,5.137831358432231,4.209643013389386,5.772186106007043,3.476024115072932,3.61498351962061,-42.52629967176399,-27.872891970423154,-33.272959638506514,-20.610480346988247,-18.290247481958172
14.97748970960387,10.991385907449024,3.9593775146810493,5.06040352030865,10.260246152685088,1.897628373076393e-15,4.848406345726759e-16,0.0,0.0,0.0,1.6453556477371853,1.983800556967831,0.13016571240557478,1.3413425691848881,1.7365127598358752,-12.339813224271362,-8.348422575403353,0.5402392462494269,-2.119553562890627,-7.032395541360771
12.083655324301743,11.032697517640669,7.361218818422269,4.612421222707972,3.2270723889230792,0.0,-6.440335508373921e-16,-9.652514797982746e-16,-7.702491830775784e-16,0.0,1.38147662411688,1.0248443711562225,1.2850020553220352,0.6929403185675248,0.4931702336870462,-7.986021963555861,-6.145109881748612,-3.244425591274214,-0.4442559103564137,0.19029172703822597
65.01909531535499,50.46893141332064,64.03824680234995,32.607282375679645,39.571672014365184,-5.925142262844571e-16,0.0,0.0,4.358184331792478e-16,-3.591168629428452e-16,16.39199941416873,6.591252315143805,14.116725327166474,1.9490193140383052,4.9371777574615265,-134.57371100630277,-80.11351356685846,-127.93533695863995,-38.887188646490074,-56.44736976274603
47.777102666179076,23.524662235442403,49.647527587044124,12.248192599207398,63.03776443165113,7.436017423709184e-17,1.2081665252385083e-15,1.1449395694709622e-15,-1.8128764968914694e-15,0.0,7.63891969627566,2.5295817004009806,2.67572521476308,2.432777927719949,6.2979276212763144,-78.20585546146113,-24.914957101252,-71.92840862641864,-10.910685904849485,-104.02538842848344
40.186032272915625,30.888860349677113,19.880628428116502,14.242576848324749,12.532914535908796,-1.414506873302818e-15,1.6102242342432984e-15,0.0,-9.977727251563697e-16,-1.1338826794426502e-15,4.036065746602594,4.447491709008751,1.017433752751175,1.7778167982645274,1.7905285803930138,-56.80358422094387,-40.210720641335314,-17.46049733952291,-11.320241214224874,-8.79306353256905
2.6032537832970704,4.785734214341036,2.054656587390191,3.5410168576002903,5.559368033063535,6.823602258057457e-16,0.0,0.0,0.0,-1.5976247919148596e-16,0.2862335106793551,0.3890556539043235,0.050046336205755854,0.21462355283890575,1.1916015612669884,0.6756501341852912,-0.10911420515034964,1.1263710259578312,0.641771753695343,-2.2578036511955597
62.267187916772066,55.67159619458822,47.35543474538399,46.1404775636413,31.59264948752626,-9.128952304187303e-16,0.0,0.0,6.159821252652209e-16,0.0,9.55867925946254,8.632137170744041,9.081899599546208,8.123703864364437,8.757656488618021,-109.59318501911174,-96.07269753555846,-80.42324474266297,-74.25887004891622,-50.60559213285175
6.99140530215948,3.9604779145999967,3.989239165741223,4.846111411291106,7.1629656897319665,7.622316670090243e-16,8.970416589633527e-16,-1.781148500350887e-15,-7.331060673766027e-16,-9.91967247279511e-16,0.8690823921762769,0.32742739446377733,0.2837163423268179,0.6320588000701396,0.9416286829479686,-2.4704789799596814,0.34821956281740213,0.3575346227713242,-0.5533414188335593,-2.6611465833913015
19.482287746613988,14.137363080781892,15.425292859934512,4.988887183466735,15.417126840867265,0.0,1.0051983976078266e-15,-4.60634843183857e-16,1.4242509594421218e-15,-4.60878828522455e-16,3.364139299743176,1.3924067558867408,2.5497285441114625,0.9508403505105268,0.9917149976321276,-22.38985087292758,-10.063900587369217,-13.38711433704819,-1.5526324814877117,-11.302017761110267
111.17002147465206,95.20528346534118,85.3034581770748,69.51097169455889,49.877375084658574,0.0,-5.970615998585988e-16,-6.663671095585737e-16,0.0,0.0,12.920192943096671,7.119282034727318,7.66534844900565,9.436407940240214,1.498088245659935,-228.50888963857093,-178.93456170906478,-156.08577371440086,-122.13674293201424,-71.61408417466873
65.68519579150674,52.576702865165366,45.91667971438883,33.25954644921417,21.618789788227886,0.0,0.0,-3.094922107520935e-16,4.272714523302757e-16,1.3146762473207694e-15,7.134736140147626,8.544828333447503,4.933508509085412,5.216550922629436,1.405375646696676,-114.82005272293385,-89.34000470765334,-67.99833780337943,-44.22901036931926,-20.359532751788368
37.41623376676418,30.709163186657563,30.819588117457958,18.030361849108047,20.71541083348471,0.0,4.627561691871923e-16,-4.610981386591657e-16,7.881624802724083e-16,1.37200800210357e-15,4.55724715045397,4.447155695945944,7.38279013842263,3.414654343558961,4.2678518149295295,-52.4248725206408,-39.610333214844474,-46.17014550313696,-18.558627932016392,-25.956721389525054
10.711344644708394,6.890219875034645,4.790309690266778,1.7004157945331955,3.8237952468167915,0.0,0.0,0.0,-1.8281554893483154e-15,0.0,1.1920007847211525,1.4297237340925726,1.318296660115268,0.3137052983719537,0.30608764040860076,-6.086515992953768,-3.392110769823622,-1.982249294119225,0.6758649586801807,0.4426058915676528
62.572352550583574,55.023025500725524,51.0083420001358,43.920196394192104,31.83565999820415,0.0,0.0,1.1143945604163469e-15,0.0,0.0,7.854034310496835,3.8619356799643825,4.9218329486807475,7.1959561096892095,2.5492382695130615,-106.54579127993941,-84.21558350616696,-77.66747374033756,-66.47684024294658,-38.04227867612208
52.247655598594434,41.85130730472051,33.192978882919846,29.310537471892058,35.43675678706163,-1.0879611383431568e-15,1.3582232556543463e-15,0.0,-1.2120943473682284e-15,1.2030605509918348e-15,5.392157325889176,4.231231822719092,1.2566778832272332,4.348670985132243,4.270307060505897,-82.59736105089212,-60.87973522251537,-39.44823815322796,-37.24467463278803,-47.041251134609006
52.14438810336067,47.839759862273475,33.34714233438553,27.038570434641123,28.893638528157407,-1.0901157522096706e-15,0.0,8.522982013093602e-16,0.0,0.0,5.530524506457663,9.945171116901633,1.6449912171480063,2.0337839716033805,3.721289136139773,-83.24579703041631,-85.16072268583125,-39.9337189894088,-29.621665873657868,-35.393607257709995
17.438650252465752,11.496461436759304,7.310261271161652,6.892442308906792,10.896043089995487,-1.6298113110207769e-15,0.0,9.719799462751486e-16,1.9329398344452713e-15,6.521107982883302e-16,1.7685293290071347,0.7155880039938375,0.5836586817065416,1.192562558746373,0.8415701031340834,-14.91802067781409,-6.360248945404331,-2.224726501501913,-3.1396306873443574,-5.776226372711869
25.049426810480366,22.680424110886346,19.803587124873204,12.550141898970836,17.126666292707135,2.269250282286916e-15,-4.699268842722265e-16,1.0763848962509354e-15,-1.132326218269082e-15,0.0,3.197355084716362,5.045058664428813,1.3022320699229772,1.000437100514223,2.7374712250058497,-29.261144117787264,-30.899305784288618,-17.648127916817202,-7.785501663616987,-16.789983734027516
38.330451731707186,35.03421783700446,20.37825704966392,20.40446467178032,31.881768198820822,0.0,-4.0562785735127683e-16,6.973537864680322e-16,0.0,0.0,3.615255565842867,8.122235036522305,1.4401176759306618,2.296490097083598,5.673327418933174,-52.63483280232244,-58.95722840543462,-18.496181818963425,-20.184276123359272,-44.80461476203021
80.00214266498321,61.10650079917961,50.32506699051307,52.24790639286049,44.27573146882558,1.421047411163608e-15,-9.30235214214249e-16,2.8238123792027806e-16,-5.439779580199168e-16,-2.407219639929804e-15,10.865844861493423,7.019036823439427,8.779791561474095,7.287500958585513,8.898171932767157,-149.38596975663475,-101.81287169063692,-81.54408879824913,-83.99802283607497,-74.60420090684276
100.1049339800145,83.35646283389178,89.05543591158121,64.95706481525286,60.07597915973989,0.0,-1.3638635068784644e-15,-3.191462614210606e-16,-4.375460854217997e-16,0.0,13.982911808179281,1.859470953967487,13.606327847412311,5.932310205967981,4.357352211441033,-203.08570180175948,-146.05123284662227,-173.28335328691094,-107.65031554974128,-96.02779350923677
27.028629923742557,17.018580652048797,10.620382079866879,6.716717666193798,21.787030708631807,1.0515408850020082e-15,0.0,-1.3380737725191267e-15,-1.719041953217106e-15,0.0,1.3663899225708616,1.5081709315545873,2.026220697737664,1.4532262881969151,2.1298485720642057,-28.890969666460716,-14.070202356688764,-8.384245383380055,-3.8833044190912127,-22.636197156428295
28.554482048027644,29.958314697413726,21.164260903582512,19.821407401114417,12.426696618195166,-9.95350200455385e-16,0.0,6.714552792531728e-16,0.0,0.0,2.7808996440040663,6.252250660883349,1.6045445605890558,2.1394918097394666,0.6767973396851671,-32.98269034154682,-42.82795088302927,-19.93059993071039,-19.71347576944937,-7.309331308796479
34.34017961319844,29.456856756946195,14.287378778779358,15.732834577391467,18.02937588469785,8.276517406298102e-16,1.5678956585724512e-15,-9.946439396083617e-16,0.0,0.0,3.993380212769917,6.078377225043371,1.5786063866150721,2.285653361565707,1.731879626476839,-46.59040415287978,-42.89597535399578,-11.369851429761816,-14.277565415814914,-15.633298633012219
12.333140452210507,10.251628473490324,11.691742648242588,14.51394845299841,11.271671578470404,1.1522494834359036e-15,-6.931023081820531e-16,0.0,0.0,0.0,0.8647648294801461,1.4971602069371788,0.886039326419068,3.188770235243233,1.4071326676668043,-7.41210666292223,-6.517353327845818,-6.793598601928367,-15.570542353783752,-7.592367190657644
96.76855626707591,51.6952548530826,36.83917215716578,16.802382825703702,30.688581421143258,0.0,1.099586780689184e-15,-1.5430156415648746e-15,0.0,0.0,11.59293173144619,3.3613791373912596,5.100575778079971,0.10976669935977375,5.139248838652834,-188.05641424458952,-76.69528774891522,-51.14161850885286,-12.659622496469344,-42.525010735127495
19.868948406479056,15.838593877946739,14.894094384461127,10.33528453249225,10.095289405724305,0.0,-1.7944591325103476e-15,-7.155951050989071e-16,-6.874921861379658e-16,0.0,1.9073578753302647,2.9966595360646546,1.9519508424929255,0.46459102475935204,1.8392515325465795,-18.976225799557756,-16.010991237106918,-12.411411043510137,-4.822891318619543,-7.11258650894058
4.7626838606669475,4.5714513546490565,7.01018131201636,8.31512644242423,8.645699377183357,-1.4918956549440142e-15,1.5543044880866889e-15,-5.067934081406267e-16,0.0,0.0,0.6073506544589057,0.1307178824225002,1.4201701128392759,1.1002192326932674,0.28931444189982614,-0.6269695783084593,0.22580529639988942,-3.2083269499751665,-3.6497282884431623,-3.0189410995514865
5.0787769660678865,5.50078775603432,5.572060451023233,7.626861641676798,7.7893936585447525,0.0,0.0,0.0,1.863263735839541e-15,-9.121926133244713e-16,0.4015679670841636,0.9113767794202002,0.25169778669887904,1.4331680939371259,1.1720725386025312,-0.33812164962220514,-1.2612564891406646,-0.465338987864239,-4.200195973565372,-3.943804402323561
3.5910605115060035,3.586043669717629,5.778671919548582,7.409977077202768,6.356203922112563,0.0,4.953528185952414e-16,0.0,0.0,-1.1178727814068347e-15,0.197822144463335,0.824468031516214,0.2793508015257443,1.2148955640199655,0.5514321687674713,0.6558320604637057,-0.37247874129651853,-0.627373505875544,-3.4596371410607025,-1.3114283512638805
143.4303443125498,114.13841966325802,94.43192611894307,76.9924989794624,90.36005883066744,-1.5852550346512515e-15,0.0,-1.2039025612844131e-15,-7.382981409133232e-16,-3.1453841219454716e-16,13.85159197329396,12.033801938328915,4.178208467783048,10.55972189316621,14.132091571685836,-314.32205442586456,-237.64453159759387,-173.8917000960296,-142.1622998398275,-179.65106648098086
78.64518597393786,62.072449152624436,39.397009360459975,20.86756143087952,9.518102731878933,-1.4455663918105628e-15,-9.15759239997777e-16,7.214179424220177e-16,2.3941482704443798e-17,1.3064050920731242e-15,1.874422660565551,3.314949540416509,2.7963404339732683,4.271533894407224,1.6364938645752831,-134.99051541663124,-98.5707066983459,-52.455289939905555,-26.834384141057058,-6.2673614728099984
1.068772505562947,2.138126215028038,0.9111657596107755,0.8635303947108385,2.224813450833288,8.310266357687611e-16,0.0,0.0,0.0,0.0,0.04095353397178538,0.2777190416984012,0.18645248207836881,0.09831199729650733,0.08859815785174159,1.011155010279498,0.8956845842846493,0.6360353659677579,0.8538763338126046,1.0940149946710467
12.13564296562615,8.436370153082528,7.317962500208338,12.180993236382475,8.318197495039634,0.0,0.0,0.0,5.83320852389799e-16,-2.1355069297880222e-16,1.3115310127980382,1.31518668916304,1.1724905427204433,0.7495662048466091,2.1664846592528084,-8.487947321024055,-4.895713386117675,-2.8958048813769306,-7.076139072118597,-6.019786259619848
70.43293596581279,67.58699499567011,37.47111775859091,77.07176686087556,64.08768375781548,0.0,-4.205203890515448e-16,7.110904126924489e-17,-5.531541040516597e-16,0.0,15.094110746453273,12.03459814642434,12.207550752166338,11.810246929685778,6.199776754107442,-142.8806932548315,-126.32098612445368,-71.2183687429498,-145.74864607069864,-108.53799178295252
90.98769061787299,68.3223981523388,29.66500441508933,22.147018368584607,48.8101077878758,0.0,1.6639761014847267e-15,0.0,-6.416599507299819e-16,1.164582940645086e-15,5.192915194152245,11.122717118186241,1.1750311187115732,1.7965897791978287,7.574643938764752,-166.80830389386932,-125.28063729651431,-33.205745705247764,-21.48981882474803,-78.72854580779499
138.3417074916734,126.54998749304472,109.60320924553506,86.91930474471803,62.60327948934843,0.0,-1.796710374670947e-15,-1.0372582929294777e-15,6.539792170192469e-16,-9.079942668255835e-16,9.390532903894055,9.538090580534005,6.329895621779616,3.7196414164435514,4.64825447029216,-291.52179161725365,-260.06058096015846,-213.04216903173366,-155.4170233379407,-100.78192599561861
9.425237636248792,7.292574801979591,2.8917708721005715,3.369723570278926,5.708596374314876,0.0,0.0,0.0,0.0,0.0,1.2694880030435218,1.7190180254368006,0.3995907071175098,0.4574675439222882,0.7754792728780497,-5.095539288761531,-4.112587475232537,0.6324384762640484,0.19465377158445066,-1.569477679073869
25.580750805761678,19.827112697687223,21.60907679011936,20.7182027438774,19.955887344801894,0.0,0.0,0.0,0.0,0.0,9.597962718310322,3.2652141779703148,3.460305316056468,3.262776242280438,1.7351362514192474,-47.6090619221801,-21.174401021233646,-24.5976022651525,-22.289370463776596,-18.760487742384598
67.48773604787618,69.47450533772847,40.59442655959796,47.854340142358005,55.52852134292692,8.422777557759971e-16,-9.20464937570146e-16,0.0,-1.1878424964529681e-15,0.0,6.999389598284973,15.833900904011145,1.1816491807016272,4.774980320843995,3.8283209000253526,-118.55765428980507,-144.95245911941618,-53.10443441676548,-71.19065222325003,-85.36578929192152
12.297763687002606,9.25248848532045,10.827545820702122,5.053942965057906,15.130099052459338,0.0,-5.759607835941213e-16,6.562361845669146e-16,0.0,4.69621998703706e-16,2.461191960859719,2.123978071874083,0.6587916694020794,0.8347947674155992,1.410682841838731,-10.904283808156542,-6.495427734386306,-5.520818918683505,-0.9157782895666066,-11.486623476383945
24.6542699103399,19.775477887543673,13.675319784061791,11.36607648165917,15.55923229746357,1.1528108329212402e-15,-7.186099266988255e-16,1.039160687983645e-15,0.0,4.56669533673542e-16,2.138923394730809,3.120384912702515,1.4773481350959432,1.40630914261444,3.7268812692159683,-26.40667098911483,-20.78606957781357,-10.407274659738794,-7.089375915961549,-16.33119400464533
31.478499608699146,20.961220431200363,10.848532438928363,8.998389886334989,19.966315885480785,1.8057855224173145e-15,-6.779593183443377e-16,-1.3099333753391788e-15,0.0,0.0,3.2367532174385683,2.571376570251661,0.3539357444449196,0.6247993028499144,3.673853087587277,-40.32241647120233,-21.258138639873344,-5.309526268711471,-3.6161005179483734,-21.439720420635584
22.76809545774666,10.439619780430155,20.674805406227915,11.118414121042193,21.856391810990267,0.0,1.1910872366358732e-15,0.0,0.0,-1.3003843304141554e-15,2.474009322080329,1.5517574004380985,5.659068658296608,1.345961040150952,3.3201967541079456,-23.6109301208216,-6.954871550502656,-27.156156354147452,-7.006548897372611,-23.960590900672305
6.508263314300377,5.293665323805972,6.27931827049601,5.672493112088039,2.52072733453273,-1.091754745384763e-15,1.3422509590183976e-15,0.0,3.1315275387727627e-16,-1.4094002275176945e-15,0.7123189053110559,0.3862228454467782,0.5767012951029657,1.1662060756215646,0.04356085224223385,-1.702209681563671,-0.42459837819863605,-1.249768649760704,-2.1031983279988067,1.0668826046396056
4.008196158443253,1.2925528178062011,2.6689677646510988,3.632919462818532,3.567439495000742,8.863622283846364e-16,5.099945718195193e-16,0.0,0.0,0.0,0.17051574068563408,0.2312258334268826,0.4047209873815579,0.21061528340158456,0.38214546951223993,0.49220318822908216,0.6524725525529047,0.5528371806677387,0.6279766613067306,0.41736380619237085
78.11561990686056,75.03718060082458,63.13493922323347,72.0485535871503,62.436910363602124,-7.276831308332957e-16,7.575367092108383e-16,9.003480411982374e-16,0.0,9.104137044863313e-16,4.851991330537305,9.781024558723598,1.820461583536544,14.809478075297134,3.6931662609794715,-136.18830595749392,-138.3680264816738,-99.89296480848698,-138.00251530730674,-99.49326895074121
36.881729934293084,28.362076908996464,18.959785839009168,22.383088088780774,25.20738665309426,-1.541235157951588e-15,2.00420508847775e-15,7.495261199608918e-16,3.174462491242441e-16,0.0,3.9976652876642085,5.021827013565614,1.758704619953732,5.280034078493845,2.036994640978425,-50.81464512998376,-37.882901405460395,-17.02297414812692,-28.107798484658442,-26.55485061415059
59.12465124023058,52.39860457670968,42.96528186716608,54.65427939328234,41.48068204557078,0.0,1.0848269590384088e-15,-6.6150408411782775e-16,-2.6001357758178925e-16,-6.851794143399052e-16,4.6509217433048216,6.414682670018751,1.6231297277363133,15.600893756689137,3.858679832462602,-94.19665045997829,-84.521443140896,-57.91349464245611,-107.26470791131945,-57.216269326979095
3.7090776377921943,3.478161271134021,3.6098017116232524,3.39060465205825,3.75532301443724,-2.3946072485794826e-16,0.0,0.0,0.0,0.0,0.8334295928490343,0.4718677470132099,0.6137324416968301,0.10555745711130282,0.5115921543103435,-0.4609110206270687,0.2743661478535993,-0.10406277015616344,0.7927731416183019,0.06910028285244987
34.81702945600038,21.71712718449003,9.06780845194823,9.130453971623341,15.9142101329551,8.163163220550339e-16,-6.543616287034102e-16,1.1753822428959214e-15,3.8910591848357453e-16,0.0,1.9220102519604914,1.7591437577406956,1.244843392428254,2.3994986742052116,2.9040716159318207,-42.90055345682929,-20.9073654733475,-4.742759157970915,-7.388775286393437,-15.758324405892786
37.34955371533073,26.374821987566804,8.249823450121433,13.301634381416608,24.87623420465665,0.0,4.0410286148758817e-16,8.612823535631437e-16,1.669303174016303e-17,1.142524595828241e-15,4.276824489549413,3.2959406156551068,0.6908383969317208,4.467508186979496,3.624147552202822,-50.46304311096065,-31.141961100525624,-3.007646227008253,-17.16212607163713,-30.068721596659753
36.17785349107743,24.802107493013985,13.218439652821916,20.809554848687647,16.162707725427456,0.0,-7.162120557297791e-16,-2.687695198609963e-16,0.0,0.0,4.117771506842554,4.009041211091949,4.123275600739549,2.893958537655187,2.6628327058926917,-48.48134456148998,-29.50505583042226,-15.444262141172402,-21.85633222498502,-15.263590797543683
12.522686327392496,6.996014226497756,8.830480066935019,14.764807034530044,10.418633315431167,-1.1348088056886612e-15,-1.0156393522884555e-15,8.04647913107994e-16,-2.40620393513567e-16,0.0,1.622489903364337,0.7276712469847413,0.8973309145049302,3.9267263075579697,1.6908175465013047,-9.042011221969522,-2.340817381495786,-3.7134941859050987,-16.070414190996047,-6.464454528505607
20.82518151775189,21.91142960475146,14.622839734243385,16.24040061814662,10.393834037946464,6.823880359980693e-16,1.297117985594185e-15,-9.718259225616345e-16,0.0,-5.981670397278379e-16,3.706507858712728,3.2399931922954934,1.6754031568395373,4.914045001080375,1.8238742702304496,-22.439177177389016,-24.47724766491274,-11.261903159083877,-20.456287387938808,-8.004354376485159
9.818104810835539,5.700031066714323,1.6002871598645172,2.071348917303254,5.26525779636332,0.0,0.0,-1.110023803197071e-15,1.7151691099082795e-15,0.0,1.4967614274272876,1.3117712440005027,0.12004949707676761,0.11950489192771888,0.48363619969332244,-6.208585999163373,-2.406671283479497,1.0646346508082127,1.0707314041680736,-0.5249737706342683
8.162410374160615,7.147908199702474,7.925740124725925,10.700264546415589,10.373869260918722,1.7410120373497373e-15,0.0,-8.965001685374728e-16,-6.640422137956582e-16,3.4246755857860776e-16,0.695596813066344,0.6545689226222402,0.7117906677282168,1.6136530649051724,1.6145515736205396,-3.14933863831184,-2.10309020507913,-2.6915720503059783,-6.7238369629029595,-6.263668777873846
57.88396759710642,59.59143043834302,38.26736331871647,47.263995290624074,45.387121708918414,-9.820235415868344e-16,7.15414344512443e-16,0.0,1.2026790903155884e-15,0.0,4.099814454023001,11.863769219646034,2.041034145418446,6.918100095136292,3.6504083517093746,-90.90692161020635,-112.3125951767673,-49.21663324872231,-73.77483247218859,-64.42360709099613
4.820223211101991,3.0546690725003995,2.2709056729630683,1.1342315200721795,1.3833193268166548,0.0,0.0,0.0,-1.1745993705636093e-15,-1.6051579748835615e-16,0.6265204790807979,0.6066774041976032,0.7300628531708568,0.19359989951699585,0.20134467506695009,-0.522314760090801,0.19125015727328462,-0.25134384641846935,0.7673380724339246,0.8422280365013458
24.976820671436947,23.82838703894978,21.27366180414316,19.009634738690455,13.724136466492617,0.0,1.1927668198416453e-15,-6.680022859268339e-16,0.0,1.03546439879097e-15,1.6991238875663646,1.7837206106907253,1.6463218953481067,2.0495061658240545,1.3013489323896321,-25.98895105834133,-24.23576519213291,-20.08667109055269,-17.658706380707585,-9.579601577427292
6.185256746597678,4.973990332327244,3.4861292712300154,1.7203582675122173,0.9857069983484869,-1.1487683775632243e-15,0.0,-1.0190998102451296e-15,0.0,4.505286161040924e-16,0.4299401621819825,0.5546678909102385,0.37129393764863633,0.6347133238384282,0.10555605808783461,-1.0586836875769892,-0.49125187187034125,0.45200284580840727,-0.2493872257267594,0.9079963384824522
19.481558274123348,18.343732532122658,19.931455399041432,20.649918008844534,18.96075667238935,0.0,0.0,0.0,6.881797162155983e-16,9.368596781725387e-16,1.3608141194696506,1.2115498494030257,1.6707139977830934,4.784219756127441,2.4113261922344464,-17.18153562274674,-15.524466467565063,-18.248396983692043,-24.66527768325347,-18.543936175108758
183.90933402594246,140.53428810309046,125.57559628984487,142.56604006648422,155.30697108526215,1.2363357012165488e-15,8.089615655804924e-16,0.0,0.0,7.320137462419698e-16,18.45532563942065,15.049202250995013,5.857897606119147,27.450340778731746,25.308281253197126,-437.4005467863445,-308.32933318798115,-253.70266890575652,-328.59638181841893,-357.12264791940135
93.3597074882623,69.83498255338456,54.52129453157802,59.566757457875696,80.67723549788344,0.0,1.6279353636941114e-15,-5.212955722088096e-16,0.0,0.0,9.176652326126627,10.851950227472903,5.439765528039017,6.526433288515566,9.340126911606522,-179.15014372473954,-129.95649284385706,-85.28102083811824,-96.3534108479418,-149.28142326752965
9.614631926764968,8.900825849922102,9.1872739998256,10.276147794417064,13.22382470309854,7.390222955723446e-16,-1.5965770991156257e-15,-1.546797746042163e-15,0.0,2.686600706350899e-16,0.5237752646585605,1.0101167560399722,0.9272158083200986,1.4454298753704902,2.0602870374093243,-4.127772309288965,-4.38023781400673,-4.184529889712501,-6.098920692142687,-10.131542017254167
4.6118068007160185,1.6522132361119075,3.620450798372848,2.76880397840259,1.2325651597346168,0.0,-8.735494308283987e-16,0.0,9.623416030475474e-16,0.0,0.7409891856138723,0.2960793591972024,0.33401025797132655,0.33158139566746264,0.2929709122936774,-1.0019415120545685,0.6662179240522935,0.5034552829131537,0.6725411587984359,0.4443882570316874
89.86171607926708,54.97369729408264,11.222004060074134,29.15634292111614,57.03584013876247,-1.2651309443204132e-15,3.8775420104584247e-16,0.0,-2.437009119019169e-16,-9.966263093962268e-16,8.90321704890437,7.2387464370835035,1.4209419471426004,7.826696830049351,6.86465659090229,-168.6593306758274,-90.8520632560246,-7.038082621514591,-44.1986606695535,-93.66251281488847
165.79823472582163,108.71242898192952,53.48831504685775,41.48701024650239,94.44991539800151,0.0,-1.8300756213063587e-15,-1.0627259208111355e-15,3.4253745041558076e-16,0.0,9.58959217845497,14.511637459175908,3.262967381386725,7.838659775968133,13.971075455819722,-365.09724020657984,-222.8111206241041,-80.39239305901546,-63.39580764872308,-190.07834124188295
113.8814987927055,86.73992417424871,47.77893948291939,38.67213766174885,58.55755469013711,0.0,-1.3106633283796125e-15,-5.948585242366996e-16,0.0,0.0,11.499843610109037,13.478610502052826,7.392451479495543,5.536915080993368,10.781782691643686,-235.7975297456589,-170.46076446031418,-77.13179016847177,-54.3119834570314,-107.43360539662027
4.295946180017222,3.3131769354956955,2.5154532150109667,3.9237862216852277,3.7007152191388015,0.0,0.0,7.061776497371691e-16,0.0,0.0,0.37479036100673385,0.36105072812339534,0.36377001879385074,1.10867769856578,0.2734493080859749,0.03291496876254318,0.45326153943336284,0.6645995631816116,-1.286689330816891,0.5262130672821441
21.31917124144607,12.505191852668455,10.570906087261202,30.930375431627642,6.712044394623818,0.0,9.943468298847717e-16,0.0,-9.188931279942236e-16,5.293042581253093e-16,3.205241516384351,1.8249596687595606,1.6171869574440842,4.18005679988477,0.43746094622455944,-23.02436891657437,-9.848407114683317,-6.461915626639986,-39.38054629173298,-1.4648922826750514
50.062738860594095,50.82287382461213,28.087579118171504,54.57040858964358,36.155117174364236,0.0,-1.6776919893483168e-15,-1.5178440251557494e-15,0.0,0.0,7.83998807918305,6.3920685075891654,2.4111315334944305,16.421879164787516,1.9220769772738613,-81.7457386647627,-79.51993338650554,-31.722817594181045,-109.41948890934853,-45.18443551044019
0.0,0.0,0.0,0.0,0.0,0.0,0.0,0.0,0.0,0.0,0.0,0.0,0.0,0.0,0.0,0.0,0.0,0.0,0.0,0.0
100258.91221291215,90417.51389007476,73013.39032838856,50883.62225994286,29424.952551001454,-5.80573433610134e-16,0.0,7.972189847871714e-16,-2.2878741067650075e-15,9.890867421549395e-16,8806.916651972342,8707.603670606837,7847.78789424253,5769.295288012885,3589.740874959572,-623876.4001814151,-557826.0676642722,-441806.74063341215,-297103.115462014,-163152.60001835527
20127.63429244107,18169.46466992916,14582.350107466335,10164.366470347946,5791.085721235532,7.229818972730353e-16,8.008995032446153e-16,-4.989564480733493e-16,-1.4316598354475418e-15,6.282032389455888e-16,1831.1214914234022,1720.8630000940611,1508.222500871358,1206.585527968296,823.5331305235658,-105250.80797026954,-93972.99248453305,-73581.45317877471,-49256.37086665939,-26416.071325245553
2555.2919975432287,2299.3307507558425,1899.369626054125,1356.0099274885638,849.2422709837476,0.0,0.0,0.0,0.0,0.0,269.7388365971541,253.15787120694196,208.75836649342475,105.90681191931895,73.87458221521116,-10154.514667751102,-8987.673934272738,-7187.286727259517,-4787.018522782846,-2781.510351370084
8907.077137066715,8024.250777637029,6420.443388886724,4430.7514337401635,2475.798424480951,8.168737625392957e-16,9.06746039700175e-16,5.666242324305459e-16,0.0,7.347081998112209e-16,869.2439926675568,796.712346267951,670.5071447207398,492.15364747482687,302.0098569117544,-42159.323864094826,-37469.50166484805,-29119.304511181093,-19118.8558747953,-9882.192435099498
27584.489368325558,24727.112565845156,19812.39314447323,13872.954639657288,8316.127576426577,0.0,5.885003835210016e-16,0.0,-1.573411966629879e-15,8.749213558012646e-16,3153.783226493587,2866.903882335818,2316.09396697827,1606.4681870871557,913.1639271202013,-150440.09185056275,-133250.36660149516,-104119.64846987517,-70002.0531175597,-39560.77176904686
2663.726504709969,2223.7803605890817,1577.3961994299502,768.8448457385132,235.36404710874098,0.0,0.0,0.0,-5.914682961159178e-16,0.0,129.33122137396168,30.415048820114045,84.36628632610116,15.347046652773454,27.167836207615384,-10438.349648681326,-8428.26916087777,-5676.353001601522,-2407.7625795559584,-589.6936124379343
6707.130904261542,6022.6126590060485,4953.597070140889,3463.6571985806195,2067.163080439789,1.6272138679059772e-15,6.040532594523707e-16,0.0,-1.5754931558682522e-15,0.0,697.7631606452395,664.4157898884313,570.6609364517043,324.39596922663424,183.4791827916681,-30667.622212216844,-27157.02860102244,-21739.71181882332,-14313.354121789485,-7923.728070447882
1874.5757959985547,1560.3436283665533,1115.4412975855003,547.6095879314058,171.39531640496165,0.0,5.828810303311415e-16,1.2230514107846371e-15,0.0,-1.3266037848199328e-15,87.51600479974283,75.26342632569636,76.50281422937162,34.49452510823817,24.417143625679735,-6938.962746527139,-5595.606070464795,-3791.578616073886,-1612.7670127620465,-403.8725664071294
1732.834335589349,1458.421444286538,996.3784601797508,490.57868186345024,118.69113290264809,0.0,0.0,0.0,0.0,-4.78918833030532e-16,29.7667580411059,54.37093898262175,40.75628858009743,25.46890522232522,16.581923067164304,-6300.456803486132,-5159.058556003877,-3291.283409211592,-1408.6466586834297,-251.65491735395457
2643.3451291953306,2360.9435980232374,1890.303477710236,1279.582765318417,736.6840073713006,-6.881392003849232e-16,7.704501730023765e-16,0.0,-1.4215488461140779e-15,0.0,297.1129845870664,260.55339823540027,204.94340208033572,139.22936869070213,76.80019224976303,-10593.55739757572,-9266.722397670143,-7142.82895937291,-4528.542508963975,-2373.6619113370552
712.6120522303618,592.6294554848988,398.5191928720146,182.92689925705966,28.028615802366527,0.0,7.673384214667201e-16,1.1410927228102344e-15,3.1074390421349836e-16,0.0,16.266089085590774,14.823816146230874,14.314801508919938,18.841804517314944,3.019882796937966,-2198.9765543787043,-1761.2025995510212,-1088.2509479907412,-425.4533948126907,-32.53371630209891
1144.7646514141447,936.7491775637127,631.232411459519,350.26947587454896,140.42441719939865,-7.944818182928831e-16,0.0,0.0,6.49139280194279e-16,0.0,108.24783669409132,60.642247852291526,48.74462253789143,37.12666709194848,25.792919230243555,-3975.342250357039,-3083.1286926876346,-1926.1778121792752,-957.1041170504471,-322.5210513800188
3681.624747529634,3256.929561161739,2548.417872319495,1722.4729251895874,950.6411800988262,9.881449242030417e-16,-5.584982325798374e-16,0.0,0.0,-9.567171303039696e-16,312.760248071729,259.80406947504235,184.43925519398852,120.56022492195825,85.68427201027494,-15318.93032561636,-13276.775377978714,-9976.335277303857,-6322.983173583454,-3178.5243009702667
845.5870223732419,699.8493231782024,516.1892670723205,262.96212760902574,103.24779293453345,1.075577885786754e-15,0.0,0.0,0.0,0.0,57.069704384891004,28.66443915448065,37.39297559636512,14.298733855323436,14.338554783909416,-2732.719106912839,-2157.861261311634,-1509.5696601953841,-653.323154179026,-210.28418310822022
1325.0160519619242,1116.0434945245431,803.5567502295843,435.4853472674572,135.09326811007728,1.3728055602439804e-15,-1.6298552990721768e-15,0.0,0.0,-8.415433227137657e-16,81.18616805467065,81.27234480028307,46.80488349802638,30.543584367983026,8.274059799913971,-4638.019024090945,-3795.223676184776,-2558.4428330373785,-1224.8450136981342,-280.71134558051597
553.3666458546419,446.1273297185953,316.69995410482414,158.31018463710387,46.59470675935274,8.217830877467034e-16,1.0193218854655376e-15,0.0,0.0,0.0,42.76160063593126,8.063030007266203,16.233960703113024,12.999232236812672,2.3618591169708596,-1651.5601411529874,-1246.1130756985858,-822.1951435801607,-347.4186307600536,-65.58047472401485
255.03099631010002,218.37409680418688,152.25327382642644,81.68951402278279,16.48018067660029,0.0,0.0,0.0,0.0,-4.3114984580780613e-16,5.589882204311459,7.982159553544891,4.970361230083472,6.286473721645155,1.0669795174953252,-623.997765384931,-514.9630776602476,-324.5504503574432,-145.56854077458112,-12.76450215195456
753.3066351469645,619.7539999346334,445.60523156245426,264.0202082058482,147.30670715117947,0.0,0.0,0.0,4.3059900033476986e-16,0.0,40.63507039976937,41.7188905452984,26.67189735967319,30.89432264646885,15.682053953020063,-2364.8657921505255,-1877.1908903740111,-1256.104095306134,-678.9355884241978,-329.7887518163054
362.834539857403,309.72354197201,213.46455984199753,111.73092724908884,30.58656767016062,0.0,0.0,0.0,5.087527711470914e-16,-1.858443859206302e-15,14.223383229486668,3.9575980902906713,8.19098528427257,8.338749526948535,3.8184347553121523,-970.5536125626019,-794.4533091319367,-500.4267960316545,-220.77477077096606,-38.601664335338135
301.15172337239807,244.78804157140334,203.9170700971203,177.2034241454257,157.77040660893732,0.0,9.288594082603844e-16,5.575150607424381e-16,1.2831223580455932e-15,1.441168089316136e-15,50.80817317169798,41.39663484101162,19.558462595929377,4.651485895362378,10.775241976185237,-841.9659405258146,-653.9149203142803,-484.2567667454405,-393.767783235195,-344.6518098393838
180.20002842907184,144.01174646365476,98.98878818003297,47.722113848227714,14.846128569279418,0.0,7.894275329152262e-16,2.871204906429691e-16,0.0,0.0,14.72749363310261,3.085996324148791,9.534434488745733,3.0217743005160407,2.4408811473926035,-414.4502246411186,-301.19968891795884,-191.36612407582885,-68.4201269551671,-13.820571745256624
1.1769801811368037,1.1710091319145,1.2317956172530131,1.077372669437701,2.5379588927258347,-1.3205933790439562e-15,7.58472667286573e-16,-1.4420873191298127e-15,-1.2365894061945351e-15,0.0,0.25209737847696745,0.03349095885515519,0.11364939929267963,0.21061611616138853,0.37687303266497035,0.6041067351337465,1.0483280830850357,0.9461942516896404,0.6941388458978217,0.6366724506338972
58.597288758709695,53.821239897078065,35.53163418599359,34.50232515733349,12.973134289993125,0.0,-1.0561521616653432e-15,1.5997974808379467e-15,0.0,1.0954064297448613e-15,7.145603792555082,8.291746793450105,3.643529861405194,7.411313814298442,1.0185418613185588,-96.40651389251734,-90.54272039988724,-46.531896827966534,-51.77841947398813,-8.318094979672647
516.3785085252209,434.685870911308,297.2151741658331,143.8509434222003,43.88701497910098,-8.806473224170858e-16,0.0,0.0,-7.903099904457833e-16,1.2952218073586657e-15,23.601049408654987,2.474095437576467,2.7529455462932204,5.420415564777405,3.561760777519588,-1496.5516521672298,-1206.090377698865,-754.5785694660902,-301.83879473716144,-61.42314495362826
87.93959499705083,77.05486018899005,50.60922512621692,40.82316743789214,9.739663166968246,1.2927832761275357e-15,1.4754012588275401e-15,0.0,1.0443227907404947e-15,1.4590704495200266e-15,7.850208154648366,7.619699244470533,3.8230652314613316,4.106351995412294,0.7076281833680681,-161.57591366926712,-136.78849428182258,-75.79371262884669,-56.64499839527462,-4.429583155081553
4.304328942556937,1.7229705929917292,7.665426281352836,5.443872794090208,2.319700064962046,-2.579317332484448e-16,0.0,4.634724212850297e-16,6.526077689870485e-16,1.3400975910225275e-15,0.8648653406547764,0.4040429695298747,1.0750936452510729,0.5177402300315086,0.4505186583241832,-1.1586063727614646,0.5829725810707784,-3.489034134882174,-0.7676552746520099,0.3078176445458928
296.89207985672067,255.45172088145063,180.5792716926517,96.81993575834511,35.558716947762974,1.5316924287974403e-15,0.0,6.295674838865921e-16,-5.871044885082829e-16,0.0,11.632664494615586,11.187917991658214,7.525556580017081,5.377417180238128,3.2337849948625266,-757.3435644607722,-628.144505573637,-404.9555468206171,-180.53578978951677,-45.84522320660197
605.0409057650903,475.0224616827165,354.4672663437923,195.00629520411331,64.55017409863827,0.0,0.0,-1.2829036530707797e-15,0.0,0.0,52.77150139417719,12.64115500986857,24.196715894619476,20.80847967587364,2.7288694350178173,-1853.8301795835882,-1346.8973454600034,-950.0986373805553,-461.1696695008502,-103.52510060576263
61.05105583466599,36.03965868656272,44.22698132591366,17.60177964889374,17.59804889771813,0.0,7.886231575495181e-16,9.639492198538668e-16,-6.055149677476709e-16,1.6150488952266373e-15,4.630403401488286,3.533259648876053,4.815204557866721,3.124638932826965,3.1684145284374825,-98.58360642627227,-47.1272875115551,-64.52345336225775,-18.295293983484502,-18.327788401345668
13.49276008382262,11.668027903278151,8.06227444466619,3.8785320484878483,3.9523013494919494,-1.053220736670502e-15,-1.2179311562333032e-15,0.0,1.1449930135892597e-15,1.797794937502519e-15,0.7449031853737818,1.662752040112775,0.34073144270495337,0.7407147463666286,0.8328220059122237,-8.700959556482767,-7.95742776885334,-2.4960550575297584,-0.5495775098412727,-0.9392481842117455
29.004261797433898,19.488414458032164,8.043948598099213,7.371973683684139,13.421812610639051,0.0,0.0,-1.7666516067196193e-15,0.0,-2.1175760871430293e-15,3.641021758434841,4.2686629453566125,0.7622412731045416,0.5955283726990146,2.657132004032774,-35.29137217079279,-24.251784468162732,-3.1673129942194893,-2.1690413727823135,-12.849651182979104
233.1452216583201,173.5412262870727,95.35058464523829,44.74376623789912,42.50236341227176,0.0,0.0,0.0,1.2704209690032792e-15,0.0,26.210060081981233,21.158518931007325,9.624899859859195,4.905011972036828,6.137556965052232,-583.2763295641595,-404.2977291586787,-181.3302522123087,-65.07698791658466,-63.33600033147814
610.4219374836055,374.04413120405536,211.9542598827956,236.8877357456072,335.4358478482517,0.0,0.0,-1.0727487882006378e-15,9.598372610028565e-16,-1.3556909728151296e-15,89.08501596018459,70.62708385279662,29.516872367988917,29.185043382318234,46.91538350476269,-1903.5641550556154,-1122.81770396653,-534.4727761913706,-600.0120010668295,-929.7449576565122
147.06589939131368,93.73531592596933,76.58755874625768,59.32993127412473,54.293546855999814,-3.8651665067208245e-16,0.0,1.4844034668642724e-15,0.0,2.0939291003246153e-15,25.25780283870416,14.2746375322554,13.982168692925258,3.8382211274407285,7.996412320716536,-338.2767977618207,-186.4876732534581,-150.2657569015353,-93.21725859117225,-91.87436664666048
14.165758628851469,10.395792081207764,4.406152880319883,6.8781966019431175,7.519533860375857,1.0031834572035335e-15,0.0,0.0,0.0,0.0,1.6145882423135647,2.548277408765302,0.659174985272983,2.2188605864642965,1.5208936563701763,-10.423119871433544,-8.403555803047519,-0.6300990814869689,-5.535149850759588,-4.593076007957229
98.86765948777871,57.435696742824526,64.39348421621287,33.85397457878718,41.72182482035045,-8.624167774675789e-16,0.0,0.0,-4.1976916719570323e-16,1.3624384624970138e-15,18.046940070902185,8.08261425090378,10.004684289112364,3.1591761569582424,5.312878756626413,-207.40653051612045,-95.79584019177723,-114.29693844142676,-42.29355918445584,-60.91706807709859
92.4555967121836,54.81877994088117,21.34164223635962,49.76096762907848,53.54597283856124,-1.229637163832556e-15,-2.592333271650258e-16,0.0,0.0,0.0,6.973149230880461,12.707755277010307,2.6501943384439093,1.3073122495829856,1.51754165329027,-171.92012139644564,-99.75553964015647,-21.762168099627733,-71.30938630755227,-79.22772894147414
139.10594902544634,77.47769409419891,53.702721701071106,62.32163937813044,90.13234312113867,0.0,0.0,0.0,-9.12097618548128e-16,0.0,32.61149646645768,11.322459163734365,8.105931845012496,1.6353726301154896,12.584822965238791,-332.4935647379307,-145.04418663534486,-90.62110549211603,-98.02878187527148,-175.4335735200646
77.84537015380624,62.139145890956144,44.62302815737408,19.659494294848745,16.77983038415239,-7.302093720987806e-16,0.0,-1.2738583912399608e-15,1.445698907822424e-15,1.6938019503014e-15,9.664524269502529,4.668175698942636,4.573250051169058,1.385568572569454,1.2618079189437441,-140.3808606980724,-100.0398085304865,-65.02406039246476,-17.513905618550492,-13.595529145918812
114.33366850562794,59.61386895158317,55.767759362919094,71.97286838234675,87.37597487636056,0.0,0.0,0.0,7.897895434545494e-16,-1.3011223952864167e-15,20.215675727382333,10.522279177724334,8.083591773826903,8.401756542234537,12.475583590449665,-243.98682238892522,-106.24600532240565,-92.68005336424245,-126.12015969746022,-169.83869913737433
120.57607179329398,51.93004240207976,17.419016800855495,58.51720497708921,99.76962328100197,9.42864003037947e-16,-5.473076492089623e-16,-8.158241580261907e-16,0.0,5.697467524830484e-16,16.793166663827712,10.796973465172167,2.111267473150092,2.2988298591126815,6.877702622160878,-261.61238552540186,-89.1852422967541,-15.484854222929883,-90.15667265375012,-188.81755056055076
47.61487841576273,15.087419028906677,18.63649410452853,22.199384061398522,39.50465745591709,0.0,0.0,0.0,1.2802927032477986e-15,-1.4389042336144567e-15,14.86303929466696,1.9059536480184396,2.5873132793364357,3.1640373277125717,6.419931619556609,-93.85507004345187,-12.296152493579696,-18.80466535723089,-24.782384140624167,-58.86983820342328
25.005215319377196,12.79937061038653,13.254750201264205,19.48269309151464,26.34062299407509,1.136631261414465e-15,-2.775694045391199e-16,-1.0721329711552473e-15,-5.926449388627096e-16,-1.0790067280032453e-15,1.7221403734756067,1.5356500568471767,0.19337016266413184,4.760105749034556,3.057691232736221,-25.90285484801511,-8.903301249794593,-8.050791416981465,-24.398773180335194,-30.099918797760697
71.26573593458873,24.604354438112008,38.2865987768297,30.44404633679276,50.49540839932186,0.0,0.0,0.0,0.0,5.628573038887572e-16,12.27974315110905,3.679699757746034,4.679920347178711,2.3342841243494625,7.317290388099896,-132.30490833035034,-28.17556450380645,-52.78071306624323,-35.49138425795424,-82.7746747739067
24.39312574166278,13.449471315935309,24.81483329717109,8.178482394828213,7.362321678130359,-4.0052114354555855e-16,-2.113221312776003e-15,1.1453516165125357e-15,-1.737590671368132e-15,0.0,4.836137402092757,1.3568411200431592,1.8940997904762216,1.11968017149874,0.26014658290484644,-32.11951699830833,-10.131513116568508,-25.89715037488255,-3.9560134558524815,-1.8431860536373688
39.567804095220986,28.069790844621966,18.45643432358686,27.234830477930252,20.12902245277967,0.0,-1.0125372713936508e-15,3.8498375325511517e-16,-1.0435794507124082e-15,1.0589824778033066e-15,6.836700962859077,4.457832024075382,1.4055967439958283,4.10099161978555,2.677764911552426,-62.16968770031129,-34.89327095042096,-15.85961628763703,-33.47092102918349,-20.24234009183932
50.86106418188878,18.171632069728627,36.042194313054004,21.62219981494552,76.52227702689112,5.588107501794025e-16,0.0,1.5771353532773136e-15,0.0,0.0,5.713202039031556,1.9408880835710405,3.467972589686339,2.2803285478672906,12.66846813659475,-78.94842549928796,-16.815407308277734,-47.10944556986385,-21.44359614368441,-146.49786861538087
13.671586714681407,11.524841434201921,8.702078384537998,5.274257523719873,6.870218842058535,-5.197222170247985e-16,0.0,-1.6330414513907499e-15,0.0,0.0,1.7168396865238404,0.7237890488664056,1.2453425404186798,1.2572090943133054,1.01005987681768,-9.955955268995053,-6.32449475441211,-4.505022129211308,-2.430318875719564,-2.8729854516822178
18.3874876054764,15.185596787025908,4.642042506282717,8.739579788473096,14.424367337878614,1.5457092366408494e-15,1.1697642603798841e-16,0.0,2.0325426192036635e-16,9.851977824971275e-16,2.7430627914395758,3.0365957655864304,0.3405046355449072,1.8152216291821057,1.360490195974163,-18.735105584096395,-15.06907632915928,0.03593087960436926,-5.691222501786964,-10.34390809916914
41.847491227430496,20.55552162394558,5.5642692414396,40.358794673010195,47.685680496595985,1.358347112181193e-15,0.0,-2.3943263198484273e-15,1.7605648075393916e-16,-1.192043780624369e-15,1.7498466739662726,3.090403491041119,1.1265173291411947,4.682450481366727,6.007193460732635,-55.81648739048577,-21.07579134837167,-2.3640412507398096,-57.32924982288859,-72.62905112649266
56.02240135218614,22.828570236830103,18.929865672274296,32.15478152176179,40.43668304366645,0.0,0.0,-1.5014216118834894e-15,0.0,0.0,9.43230425840601,3.8680590443427048,2.0668938854385557,3.205011711585625,4.089591647244596,-100.85876350715962,-26.40859565333935,-17.529533273573467,-39.91850932595372,-56.31548113115471
46.012881253990464,25.177644814191353,35.80448420892779,20.159542135730824,19.707137072426377,5.64607520072993e-16,1.128847024420018e-15,0.0,1.4098390349862805e-15,3.6055096848860397e-16,9.06005452822816,0.18272216614730735,6.6640719012860234,3.4905173825731057,2.0630451812479484,-80.37155438280362,-25.29888710066366,-53.76298897722763,-22.641264041047584,-18.510189187104885
74.02390562776289,49.99285407813794,44.19971082031866,31.966123978512154,24.951706311271792,-3.8395311878470193e-16,0.0,0.0,-8.891196646021043e-16,-1.1390687705219047e-15,13.170105057865475,7.499522060362873,9.198518440762046,2.037559775161041,1.5445363279387947,-140.0497280576136,-80.30682516671652,-76.57324010715172,-38.083209381521065,-25.750800607579283
9.63124749014754,12.012736728697806,6.398069265984839,6.397708515495082,14.020911595277784,0.0,-2.9574557064197134e-16,-1.943476595651976e-15,0.0,-1.0135471305580581e-15,1.6130418396859745,1.6600496262299926,1.0870263647167577,0.27573237480888085,1.0208393129509734,-6.093300736223302,-8.342429673883677,-2.578367545580168,-1.0729880346548537,-9.653108296825593
39.82130459856164,32.404478411993836,31.911811762386023,29.115448167686665,20.736980603109185,7.13731248057368e-16,8.770920200920225e-16,0.0,4.880864149284744e-16,0.0,3.9252863648617233,1.1427761899975406,3.649485387641127,3.991062111950051,3.3071339578397176,-56.359318210071734,-37.9499783510212,-40.40424149893658,-35.610800974737714,-24.232305392488772
21.967967232199697,9.754899935526215,14.861920355365498,15.448212984119712,15.745662513024488,0.0,0.0,-4.780961805542026e-16,0.0,-9.025250416390595e-16,3.614014348567905,1.6852744790657745,1.1558552484083051,3.539103178818659,1.5202205584973643,-26.660845160469105,-5.831199325825931,-10.66246329518803,-15.606405745669056,-13.080548374500145
32.436068155337814,6.596678947455975,32.97898393954088,17.63024941475194,34.94421345372578,-8.762378132359058e-16,1.8849633239460818e-15,0.0,-4.0302477806443305e-16,-1.2200178493661442e-15,3.161538055391438,1.0580840326124552,1.0733629106535114,3.20325789513957,7.243715059137118,-40.33666514602433,-2.465114980641704,-38.92825428324006,-17.39305382142625,-55.02920032069502
22.162370849808806,18.18754965465427,18.506656989986535,10.900108617704559,18.13104444290112,-1.2824309106193484e-15,0.0,-4.79923748616887e-16,-1.303735147383756e-15,0.0,2.5287903031134427,3.112196303743631,2.8702902345531327,1.1569648826719332,4.292607091162526,-23.989700077239547,-18.818069383053995,-19.758097115013854,-6.378873839519919,-23.694466167510825
60.08107881336911,46.35701162237613,34.61026840205129,24.802760934333406,25.372084986395617,-1.1826397757724546e-15,0.0,-1.6423859590016646e-15,0.0,2.8004901297669845e-16,8.421490791523516,3.994713457516415,3.842840539262425,0.47933424421315124,5.757084005541888,-102.06846770575218,-67.4466446076992,-45.91822124207176,-24.75523732156319,-33.25147264058592
46.543776759128754,41.47605798767618,30.788314688097703,22.07164531801734,14.27936673855917,1.2212893499163487e-15,0.0,0.0,-9.65776758627155e-16,-9.95202026489581e-16,2.652168782001921,3.826272641263771,2.698028821643365,2.7471510052753145,1.3675917564613578,-65.7110076499935,-57.50000718321044,-36.558189292525185,-23.031517850948248,-10.896803144787617
10.935990939800407,7.664738986223405,5.107040708473325,0.8154278939350991,9.721068288701677,0.0,0.0,0.0,-5.44608803737352e-16,0.0,0.5854398227564919,0.7568119223878925,0.7937629738172798,0.03556449857253841,1.5772720074452793,-5.572725580259066,-2.601885689881176,-1.3786024748926498,0.9069670010720914,-6.036653065734291
10.678779812381105,7.501726132993911,12.07292329101435,4.005461908867765,11.224315215572098,1.3307564127060442e-15,-1.8943446432548593e-15,-1.1770848180389647e-15,-1.3304509291182184e-15,0.0,1.2597424076373636,0.6710528159656974,1.7571262852049279,0.3939465068066206,1.3671150581841958,-6.7378944184465155,-2.34670115428912,-8.988756502089924,0.24419085160953705,-6.913125376700738
11.928458444066413,7.772026492322491,4.908257397862542,7.149264561510816,10.534124325744237,0.0,9.142309749741613e-16,0.0,0.0,1.096087258803629e-15,2.7297492658011056,0.3146680812676233,0.9440170657919733,0.8092185752645552,1.8186372514933526,-11.38156825230517,-2.2418086730638063,-1.4673230352740274,-2.2984788240772236,-7.796277071296036
6.315719266781441,2.6366346284611932,1.9077511204753475,3.1732020873161515,4.108478853573158,-1.1250385043193987e-15,-5.052909550564967e-16,0.0,5.597994677050863e-16,0.0,0.9625964434343333,0.6256478254890033,0.13745461920728697,0.8932657753354752,0.7206740199278535,-2.080715295249602,0.12761822203412126,1.0654811430057385,-0.5992660790768156,-0.32833448709929913
809.7605344088188,785.7143039780415,665.1551883352021,604.3755663392961,422.8396929138191,8.423737603212432e-16,0.0,0.0,1.1286376622756351e-15,5.377302066331179e-16,91.43401853851023,49.675733828253875,52.06534395882705,57.28112318384566,62.32905696121897,-2640.7705259172385,-2492.6510823394115,-2054.4323545466223,-1841.7650819709065,-1222.7378140708704
124.61166927685285,119.10487280514249,108.73761175481626,97.11502272332937,83.88334365165697,9.123289847681532e-16,0.0,0.0,0.0,-6.776484625703779e-16,13.522978136897656,8.051877411794264,4.535562903622835,8.817365244056623,19.856810411076594,-261.61236621394073,-238.9900864533492,-209.69104875165985,-185.1067950729535,-174.3433392019659
42.33149842160786,42.51303331256941,37.1112568625077,34.02608192018713,30.606706156632193,1.342816129366983e-15,-1.3370821706105285e-15,1.5317028757987196e-15,-8.352918651366045e-16,0.0,2.55954447956021,2.609999458470465,0.6095049910429299,0.8480069954275264,5.164405915687687,-57.49230355020469,-57.832360889282945,-46.29894996956765,-40.70671160160232,-42.20803085440587
138.5275435507115,124.05572598588732,118.53780007390586,96.1714261766565,76.68981387556238,8.206803846196702e-16,0.0,1.918153325786958e-15,0.0,3.7060605566889685e-16,19.821268742016194,9.769937698169644,15.459278487873476,5.3300620883057555,16.713339256547485,-309.82848065534165,-253.40809203298497,-249.90847005545064,-178.9158717885026,-151.7122417373905
67.17724611493988,59.07490883613302,50.61112413515487,59.78430366806538,51.37145131565182,1.4279130937205936e-15,0.0,-1.1231408081158219e-15,-4.754042062312396e-16,1.1065176747982785e-15,9.974393713893605,2.6605229312876326,6.2214275883379,1.6660416777894744,3.764739780895486,-123.85126553827872,-91.6919180098394,-78.91201497396271,-92.5387599561984,-77.18989281419027
100.69343382380335,55.869829239260476,67.43719296977974,28.10656634877327,59.39044250861847,0.0,-5.087130176949188e-16,1.6858180584794193e-15,0.0,1.869363112531189e-16,8.02442182872909,8.491867006447851,2.6874807332986763,2.6603640464616354,19.122347370024016,-193.84402942130313,-93.76901651172336,-109.91996279192212,-32.34984165092979,-129.6313602084815
60.099330788593946,46.921559999997044,69.89633424021824,46.195735528537355,61.06854841142876,-1.891648978946572e-15,0.0,8.13253219624505e-16,0.0,9.308133292745825e-16,7.485598250966122,5.256091545228979,14.480034774709946,4.926427759820187,5.434193905389234,-102.75878529610324,-70.30337716843685,-138.11216023674024,-68.13879145614416,-99.70213742401035
83.67467773033309,45.70837589885708,40.38323034149898,29.890193211688363,60.165857662418055,-1.3586767323802093e-15,0.0,-1.407599599638617e-15,-9.508707163287885e-16,0.0,8.635752634438134,3.949918670208633,2.5769122893431358,2.5595099669186534,20.55178336079235,-158.1198354775115,-65.7254146710011,-54.0066057870576,-35.03112850879368,-134.6411264407466
23.0346597283611,25.94979281929645,15.768568031825518,17.31525748672607,16.190258751332333,3.0846678185797313e-16,-1.0952576626842824e-15,9.012140282186943e-16,1.6414257455999243e-15,0.0,2.7451625100949624,2.6271863809070357,1.3526059975705984,1.8249223461985808,2.7987500853076632,-24.350558069401888,-28.62421180825254,-12.265684934794386,-15.836622767447784,-16.290410749275225
79.6526183854876,65.78790049494134,56.21775202631742,41.5240392330367,52.001462973435416,7.136415602272865e-16,-1.7280812560716664e-15,-1.011129346370835e-15,0.0,5.465559583376153e-16,6.42019745141366,8.722355636853356,8.589573509059042,1.285773480901098,12.406262505802491,-142.57267585968546,-115.79088600441935,-96.2229548418622,-54.91609125415259,-95.54595686859663
103.90696164395844,75.58527370710284,45.08895036763194,63.48598278071844,67.10174558508784,-5.470607355028278e-16,7.520435671249857e-16,1.2606951015123712e-15,8.953695976818388e-16,8.471228038133251e-16,16.745120291268137,7.426999944841786,3.189231055395694,6.162351947507461,12.093454929054541,-220.9300538732828,-136.25506858194512,-63.42682750001716,-104.91157703278601,-122.0511316179567
128.01046314393395,111.85149678683644,95.00853953612368,68.55991260741942,47.93699689965405,0.0,0.0,0.0,-8.291057660224691e-16,5.928971622878012e-16,2.711844513178756,2.2614691187390368,3.591490667212024,2.257475732084904,10.59918833767638,-258.36593847553064,-216.32987279090455,-174.99048253351975,-112.08305980814917,-81.10111982443355
13.609532045373403,5.8961694771809485,7.271481774365652,16.40515226687367,19.12875506694077,-9.136609425177771e-16,0.0,-9.771636068249465e-16,0.0,1.48581072479326e-15,2.4853033324857785,0.3916605915728908,0.6334435042992691,1.9063892900803256,2.8420408458835595,-12.089021894700817,-0.8082181619108743,-2.2331602835566597,-13.801746411437586,-19.3574631670859
12.406924270757086,15.437091434768442,16.212684202552047,17.016293491260825,17.86742808893212,-1.1453970706258562e-15,-1.8411311191945618e-15,1.7530539098473361e-15,0.0,8.947684845870708e-16,1.6081128669767595,1.4232493524399747,2.53355192358942,1.5495638786869792,2.719246873752184,-8.707883355456143,-12.266424254720517,-15.574963469565024,-13.973052860455345,-18.54265159942285
24.10645036886863,21.482508249305948,15.36789194509852,19.44142459240394,15.038287257846914,0.0,-6.615081698228197e-16,9.247107388554e-16,5.482181095188776e-16,-4.724891362806905e-16,3.6772914583209833,1.9325683194596437,1.6107019461960081,2.4184122212948127,3.194119576297993,-28.04685388348149,-21.273717384442772,-12.106097516555227,-19.10031966930259,-14.517990304371663
74.52326116955025,59.039011827812864,69.45238679208265,37.259402716861096,36.413234872105996,0.0,-4.814055748984393e-16,0.0,-7.628063618299027e-16,7.805323951642699e-16,7.742985533443196,6.9914611967885945,11.100417189544293,3.658788657129917,5.0437224777053675,-135.74758249182278,-96.07417291663862,-128.35919251079653,-49.713807406892826,-52.11507318291865
46.49657969022185,40.821719735107735,29.83776490611462,25.606167306502876,21.096485133587503,0.0,0.0,0.0,0.0,-1.0104186521035944e-15,5.836918241263405,5.757209853967279,2.1007605228814814,3.4333488192227257,2.5203660111170216,-69.42210237447499,-60.52416073910245,-34.33473300138832,-30.192523612386584,-21.245718972093737
76.7645247240357,38.9395376942553,28.963827545454336,28.087152418504974,52.00292440503973,0.0,-1.4597866905131246e-15,2.4532073140023055e-16,-1.0119113894820685e-15,1.8616539137928064e-15,9.807653367848685,1.1212123643356147,8.146123768475105,3.017019566087311,8.893359938362519,-141.45065374283192,-49.914746449167716,-44.81654079216069,-33.03226143999856,-91.6913118897006
19.231450904790943,12.176942548010318,16.78356960559478,17.303597687941025,10.536721889539546,-3.694691260049909e-16,1.1670297908668396e-15,0.0,4.106329496179176e-16,0.0,1.1777769800220599,0.9560359926971721,2.9750339788692903,1.705117368953462,1.5204801483594133,-16.674051868525464,-7.241691514556014,-16.941192729019654,-14.68096088699849,-6.59252533855544
60.032063866732045,23.021756562731927,73.04556132664172,19.372906150551593,43.07290124663407,-4.734421507396226e-16,1.234558681608754e-15,-7.781912799138921e-16,0.0,6.598512895071126e-16,7.372309025735926,2.9010917423041374,10.907640304613293,3.518459454831334,4.336921440869193,-100.05650904117257,-25.07503088677655,-131.76608093620635,-20.70394436530373,-62.31702677464526
31.770186247470946,21.41225687940655,17.821870900560707,13.093475676665957,20.859213042416172,-8.94603173208231e-16,0.0,1.5947657565800127e-15,-1.0853386118498193e-15,0.0,2.699774410167969,2.5814877167091823,2.4630669889256005,1.5807499368447395,3.109658795355355,-39.065090195177106,-22.370175439020972,-17.396353573308357,-9.046049155468644,-22.42719577692403
20.966494051677508,17.526335100760633,18.108453116021515,13.834323503605347,10.540065319052744,6.777887938811119e-16,0.0,-3.923817960637649e-16,0.0,0.0,2.0803219153926227,0.655073371274618,3.1371016228619677,1.8482335300193649,0.4244590520923196,-20.760922971858285,-13.851188803904911,-17.804281458981478,-10.300460344201998,-5.013958202945588
56.96844678532552,50.58751180398038,46.85504479504053,47.75750918624874,37.59350172033003,9.97805312737617e-16,-1.1236650476320798e-15,0.0,1.487813639922187e-16,-1.5120543780061834e-15,5.011175278971822,5.2046085587793165,0.7232535471981185,7.3181841571329755,1.9204317483443947,-89.55706307895446,-76.83728712540328,-65.2323928611084,-76.97850054962754,-47.921741538355754
87.2694727120318,87.489015179031,51.35495736377214,51.09063954161096,38.142104791874615,6.513551313456148e-16,0.0,-1.1068730611177114e-15,-2.225198955065406e-15,0.0,0.6092431556783727,14.36717353529657,1.8782529082009853,9.244516114962,2.928283276963768,-155.08819853024804,-177.0593817448988,-74.86686367637367,-87.64189397647827,-50.036109016536145
139.55425508401743,117.61361438201817,89.05125712568733,59.61907694106414,34.90616533232392,0.0,0.0,5.385845883805268e-16,-1.906886915307328e-15,0.0,29.10668618523898,25.468979603336116,21.329929469617017,6.067783259727827,2.0400661586822664,-339.1246154261741,-266.53721005030366,-197.30236866902038,-100.01811914617174,-43.05532969509217
15.318474869222861,16.708031245159496,9.489237045997914,25.404319383567373,15.208509611453366,1.3915407542059326e-15,-1.701080696664252e-15,1.1231820835265753e-15,0.0,-1.8688030685794435e-15,2.000581468332067,1.687110511768585,1.2304637541611534,2.1960457020019035,1.6713746583816844,-12.90783640620807,-13.999225800000564,-5.023635610943666,-27.27432211675691,-12.76569961612696
23.886516068673576,20.344843535830403,6.1836944087446435,13.197946948400153,9.658764872682474,1.1898641622198808e-15,1.025920539825917e-15,-2.1006227878507604e-15,2.6918684343030783e-16,0.0,3.508576829721842,3.7537152898463586,1.3503111880631244,3.821291458449134,1.200984665891367,-28.234166877655674,-24.567394165803062,-3.44594622767835,-14.378459597996956,-5.2780056494617735
53.66134934872832,49.42756580542213,36.97439966871556,30.640332607149766,19.51731031168746,0.0,0.0,7.686861635363325e-16,-9.27591413409525e-16,0.0,2.946886961935387,3.8475152036409166,0.601024561121339,1.2124172627528278,1.50802896344875,-80.37293303674605,-72.64723548889052,-46.04035689631169,-34.88996092656345,-17.68326850220487
4.1844932133295645,4.149088377564348,4.231571484138125,5.803012737855812,2.155086470960934,1.6980377301047827e-15,2.140659197579e-16,-4.1978656063329013e-16,0.0,-8.242624429859599e-16,0.2914458216679908,0.4927208403938933,0.5516734671990079,0.9422744339330632,0.388561063746435,0.2636410279975656,-0.05605014243710337,-0.13312209559141056,-2.3242939457493863,0.6544344574309648
15.082966353197984,9.654766789789688,7.492401010265462,10.322772577957586,6.880153793436481,9.421790370956394e-16,-1.4719003601651534e-15,0.0,1.3766509537899454e-15,1.0327425186889611e-15,2.3630824008564217,0.8307256012642787,0.6363348209845519,1.5262603150052905,0.6800428381436225,-13.274652779544931,-4.528233504685062,-2.296032350814126,-6.456565687220791,-1.8712963901490864
4.706358545393109,3.2988563079073776,2.593371455122843,4.2834814214463535,3.729166707080238,0.0,0.0,6.849604347619798e-16,-8.293986431254083e-16,7.145122405070975e-16,1.3620629356700993,0.7776430865230314,0.16101695450677775,0.18903008974011706,0.6274827086866274,-2.099344814312454,-0.7901841388369901,0.9616740946948518,0.3460093056153254,-0.14829978681162695
5.705224149981187,3.066859416414159,3.9835462096163514,3.4485669656605165,1.0578217336780695,0.0,-1.158420780485078e-15,0.0,1.0301999973255665e-15,4.1981479082109104e-16,0.8567986116404028,0.3138050085515531,0.7816560328289698,0.26218456096818804,0.19501483051484308,-1.372758799742219,0.7073908868291054,-0.7394481217806145,0.6408940575421918,0.7339873742076858
0.0,0.0,0.0,0.0,0.0,0.0,0.0,0.0,0.0,0.0,0.0,0.0,0.0,0.0,0.0,0.0,0.0,0.0,0.0,0.0
76.92424214191355,65.28526951698998,86.92517870983815,57.0686299031129,101.16179823631407,0.0,8.70692872701015e-16,0.0,9.960536805827083e-16,0.0,13.18985678455406,8.20157598817199,1.993805393257791,4.5142619970123565,11.590258742076783,-149.89526479814916,-114.43188450589113,-154.59215609800586,-89.093551151234,-197.5312024526725
44.76473616419701,18.484480732524396,54.668249434293486,8.320592137282631,51.673350048885695,0.0,-3.843996193573691e-16,0.0,0.0,0.0,2.764914570536961,2.2870047726690355,3.9233591691145677,1.9050824818924348,4.827976571325457,-62.53348968742239,-16.968210583375328,-83.48694498558099,-6.493317804373229,-78.91061325106483
89.27896637763315,66.06565995808793,35.92190910875482,62.96388347442575,79.77869918053626,0.0,-8.604079471372797e-16,1.1868123160307113e-15,0.0,1.1133027096496148e-16,11.689099524412436,10.385584619331445,5.494810023309933,5.392386446869191,24.795489631923274,-171.68346372237565,-121.27517789558215,-51.3878278173872,-104.27542814417963,-185.6011281832391
30.055458880811088,17.39395101817518,30.61243623738792,17.28153851693989,27.82183957001824,1.3002579871357761e-15,-8.169998121963713e-16,-4.64218352469636e-16,0.0,0.0,4.594696041889667,1.939214741091419,2.1039884863471445,1.737668982529769,1.4075219523350146,-40.86917868031675,-15.230106805053648,-35.67188520279865,-14.564396595006118,-30.250078686029948
115.58823125439349,65.1651595117515,42.28280418402343,31.621661235946405,96.08360163115051,0.0,-1.3084465522690206e-15,6.721812798107453e-16,0.0,-1.479009370376767e-16,14.929400399111953,10.525813325215347,5.163846806920863,4.199348834053369,22.111949339003864,-242.0291438610934,-117.87212562886046,-61.06822752961888,-39.85432015079566,-210.11393389598695
131.8458605578252,77.05964563182751,39.86250219795726,27.233465443405088,65.93328550879764,1.7245416312748786e-15,-7.376548178328282e-16,0.0,0.0,-8.621353906779491e-16,16.820294023411932,7.933851850036046,2.345857218467607,2.0419051858425536,10.133485035136442,-290.4974576518455,-139.25708739837006,-52.45211640724463,-29.838728359756328,-122.3880128825345
39.80832642004171,12.64149721678878,16.481005475226116,37.18465930546898,35.42394637187084,0.0,1.3349201985260652e-15,0.0,5.732547365216248e-16,4.0116520519821145e-16,3.6049621436156505,2.6906216398072176,1.511351643384654,4.419489713347283,5.853461963647435,-53.804277462657296,-12.235878480091955,-13.327101760813658,-51.181180908278684,-51.98186837570372
80.98123070483211,47.8094399509132,23.53520122203458,15.147829904278852,40.94628297560347,0.0,0.0,-1.2076255121963642e-15,-2.345361481644942e-16,0.0,2.6375003937731676,4.712585761109212,0.9922077776703677,4.628682615522587,9.123821301096582,-140.74802976565692,-70.9617616695073,-22.986117734186152,-18.55652395037421,-71.37028280355985
11.236265417237698,10.40141131152511,7.079023397079072,16.018212704919733,2.013909863092278,0.0,1.3662429346925166e-15,-1.505594831173921e-15,0.0,-1.3230657974975545e-15,2.3841144030269152,1.7413904373241182,1.08140631614494,1.3392238144302655,0.24348342894891187,-10.064703692053143,-7.141708668846267,-3.0177941261172863,-12.332365791463086,0.9127348776641693
24.835950369660594,9.159420342457135,18.523835863207548,15.89531714024589,19.84004825682583,1.3589485985539112e-15,-1.5515015343634458e-15,0.0,0.0,0.0,5.562253087556867,0.9880106296885823,0.4228640629596633,1.6338820462613215,2.9196439043418736,-35.489961403431785,-4.748741156982611,-15.151800075067737,-12.708287582675101,-20.111939506448337
71.11069253718243,40.054219333586346,9.759064760459204,22.303817186477794,46.50962686661108,0.0,1.2417665936507371e-15,-3.640424329588455e-16,0.0,9.16639565135097e-16,7.909323475434883,5.649772336630905,1.7394309068868383,7.874750147911039,7.266959564323481,-124.3974283194616,-59.72673565434298,-6.732743151142632,-36.97350946389365,-72.40217663907472
25.477216164236697,19.695225434956505,8.777379849285504,4.644591588266083,12.223336900584592,0.0,3.6076902907593925e-16,5.565420879840737e-16,0.0,1.1626002646235135e-15,4.72879273565245,4.937687199295302,1.4705812802213685,0.6004299302728863,0.8099439165215853,-33.039481605041956,-24.28226882166308,-5.460257736663227,-0.5042656972171593,-7.164221429117271
262.52602606929406,135.95051250652597,268.35614773464926,133.64131627970016,317.02738839257864,-8.6609955914701e-16,0.0,-4.2364163698619514e-16,0.0,-7.172051493597538e-16,28.574733174612096,7.0556153942441275,28.580280325349317,21.418891261337365,49.33788330899778,-679.5137131938336,-281.79420196305074,-687.1790148578436,-304.18653932959006,-869.9584573473678
21.339687580734285,14.43481659399188,13.123764691705556,2.734695941537855,18.964753451299202,6.659354623369334e-16,0.0,1.0828337027547826e-15,-4.0597676976140284e-17,0.0,2.875726475929847,0.49282695802414817,1.7614379680501786,0.8507592416287038,4.290941269927621,-22.477359092082523,-9.631626079154813,-10.097346475889854,-0.6431000403272401,-23.250186914524367
21.720880053757817,9.904537716165052,16.188154923241996,19.948909407016803,21.612694577749902,0.0,0.0,-4.389275610032277e-16,0.0,0.0,1.0840331712167837,0.8333992743743902,3.7425653003788497,2.332761188972385,1.5864546665428454,-20.242521372805367,-4.69373012416083,-16.86590846773094,-19.640025376896418,-20.836449915807414
11.787058434082686,7.435912791238983,12.198294828788312,1.5604457689695792,11.76329197859867,-1.8837999842520648e-15,9.555554989795791e-16,0.0,-1.138364994621534e-15,0.0,2.5624410481142283,0.6478291929930408,0.20280534743986017,0.07071717706976066,1.5778502744600658,-11.247954364335946,-2.357792607523644,-6.786038088651791,1.1003481385315843,-7.89368238115011
94.65463526819059,97.03565385095841,76.1803196289294,54.44441918481773,81.25160109703609,3.0026748663575846e-16,0.0,0.0,0.0,0.0,10.066901728089727,5.494514671108793,15.98473965789453,6.29826810968901,19.23965267198315,-181.89616627694747,-181.29280451831588,-157.83376101615514,-88.775009151712,-174.49402155198607
143.23410614414618,102.78032581267539,153.32607009352694,87.36703984456577,123.00546821651376,7.937134582122869e-16,0.0,0.0,0.0,9.24242144434627e-16,28.771967775848363,7.874267387422746,4.922189927735035,10.757197465183673,7.015526039242298,-346.9578363383342,-197.67492555368872,-327.3714449206401,-167.53737628160587,-248.06265949963765
27.73514673239785,10.277155782343407,30.580753498965866,12.02074045502876,23.488545194022606,0.0,0.0,9.293985980876871e-16,-5.910973108672782e-16,0.0,1.3133678229173666,1.6051743725943255,3.1817213445138486,2.302472983171545,5.908828206382293,-30.04847042464925,-6.570154488543615,-37.35374486752118,-10.10976700629021,-32.72757397950846
174.1498617491222,87.79366012915864,162.0229798761487,28.97869778458152,187.18183959626816,0.0,1.2949322030128867e-15,0.0,0.0,-1.2147208080316633e-15,13.083100275545267,3.731171452825921,15.002797997658128,3.8861519510510303,32.44511373011203,-391.73193694949083,-157.5746750369926,-361.07112207875315,-36.32917255273532,-467.37060413838054
25.534888270108073,10.394192230194902,5.801689965628871,13.244028466930853,24.914584547071616,1.9478444932704813e-15,-1.3671918317923524e-15,0.0,5.365004594593416e-16,1.1407659387900413e-15,3.982070354518374,2.1682484482699516,1.265903883885484,2.0013794885299987,4.869418328579876,-30.69435914826434,-8.644076019385311,-2.884712994190717,-10.956780723352896,-32.58990293791475
294.81079945697064,118.65494615559129,321.6885085402448,163.02530199446798,345.8948159884286,1.5425057417302556e-15,1.1976622277985295e-16,1.4136263460265103e-15,-6.973570134866171e-16,0.0,40.01871763207273,27.59366320090872,26.731317348962733,15.864392403992726,64.52502082189281,-795.6210151040827,-290.2647079220767,-854.9327807005427,-371.40425623773797,-985.4226609761217
30.507862001348077,31.970246058326573,30.41825925186934,33.54215321046156,57.054726734929076,1.6303335678196393e-15,-8.890050260655295e-16,0.0,1.2710145314198022e-15,0.0,5.421460742527658,2.774216246257329,2.5854118055475768,4.9214119335477395,9.345837476533143,-41.90646465590209,-39.0085315883698,-35.91672876213869,-46.19217009799607,-95.63962925599125
13.066819719097747,4.560762791129726,4.428330831623589,11.136764218269054,19.843173510837307,1.0875526731598046e-15,0.0,0.0,0.0,0.0,0.3410696144130965,0.6032573388912464,0.43355581987091407,1.7933938925871118,5.058228945051393,-7.870610228061762,-0.3745962680374044,-0.21829709953477414,-8.769242663289688,-25.295538635389274
12.99915636894558,14.415385691342284,9.017889151038663,9.669389692301824,5.42206220982273,-2.733034035414621e-16,9.858116195764975e-16,0.0,-1.4696744228351677e-15,6.552329245437879e-16,1.7174120743682644,2.0596983465980587,2.1093939297042765,0.5895281743449433,1.188656020445979,-9.6072690309337,-12.028793832002469,-7.702577966481248,-4.295434401005227,-1.9574184610669745
132.27399950160031,121.70872577798272,53.28198766428007,100.83565384785521,29.33329154762519,0.0,-2.3352236455297384e-16,0.0,1.127446824445163e-15,9.689232926437476e-16,22.217432320678412,34.472997368611026,3.9522857526140323,10.167661194380432,1.7257691666033514,-299.2816635410661,-298.2804754020469,-80.57230529194293,-195.52567492478155,-33.097646191418335
871.5613847657314,516.9147162965132,145.3959142739185,164.21715614998953,382.06265415464577,-7.826425519219679e-16,-8.797338062737827e-16,-1.5638243796512166e-15,0.0,0.0,139.5861646288743,50.82238046533685,14.904653196584114,23.206446713404304,12.251057909248287,-2968.758316706694,-1552.7547732646428,-321.497982404676,-387.07914428683705,-1032.6302548360009
10.151895660066472,5.674627202611103,10.025308470079331,2.659344066358173,6.59604352598261,6.99911385570178e-16,0.0,1.4174980009457557e-15,-6.679680383865765e-16,1.077225662567548e-15,0.7206026250156399,0.5672690994942501,0.997689833701107,0.3862537750960037,0.7156032819510194,-4.846637308153181,-1.2134271593463264,-5.381307550450711,0.6956005841121966,-1.7756887822785339
33.35418060512461,32.30813542368308,13.89826292248163,29.189908294087907,26.466402278535277,-1.491207117094196e-15,0.0,0.0,0.0,1.845729259663107e-16,6.748343101576273,3.757469027351378,1.3476316758609195,3.8760080090558278,9.034343212630112,-50.55688892799058,-40.79824277739606,-10.064580319287183,-36.78015727732516,-45.993371576727455
285.9152318176151,147.08175397236232,43.01528888793729,81.08764658150479,191.69393821526683,-3.976242783530214e-16,1.5458999454545337e-15,-6.607350587473159e-16,3.505060342556136e-16,0.0,49.76526125799313,17.616244011151384,2.9607932981130762,9.80717608912795,5.575014863024442,-787.1712468890782,-331.95677216031453,-59.49552793468675,-149.48714742489935,-435.6602328022341
69.99871018909796,27.38490860650219,15.590197297315907,24.738090987838234,67.18051110191003,8.12063803850791e-16,0.0,0.0,0.0,-8.461295981297154e-16,4.74141106267051,2.7165365294964885,1.5691408778131262,2.157641992444076,10.572876269346942,-117.7359767429763,-31.1606279923331,-12.297494782725412,-26.21614139269406,-120.57193233790917
20.26851962818162,12.746578736187443,14.559019162845914,4.540491601221763,11.77079637375272,0.0,0.0,-1.8301612418370687e-16,0.0,-1.2072976427398135e-15,2.94739995078551,1.5157976854182456,2.337583845607936,0.6192350566203302,0.4922611936987601,-21.68601446364286,-8.56134070731742,-13.846988328349823,-0.47727276937018903,-6.4418283567688785
76.39926783041011,64.39493986336164,66.78748424811484,61.65744199738609,85.87446950379746,-1.4880618748071811e-15,-5.5170696429547635e-17,0.0,-2.3048077012024696e-16,0.0,11.791432124061686,15.448089156355257,7.608505206661334,7.975894724559095,12.953465232799282,-143.5635121876095,-136.15468561552385,-113.80332864762843,-105.7694480595263,-167.13609877779362
58.2880306201446,59.95010002474196,46.12651868802486,51.25370549256774,34.61162247787726,-1.950431958535332e-15,9.481788827266046e-16,0.0,0.0,1.642321705581432e-15,6.489434717086695,7.8812418255990835,2.3305421445027026,5.118812090862014,3.208014905846064,-94.9828055407759,-99.44560327210485,-64.58183360657986,-81.13908874356795,-43.866801395214885
127.13220137204254,40.39576088012983,73.82172875333106,95.4720700306689,53.52276844466594,4.471205426110742e-16,0.0,0.0,0.0,-1.0620418284150436e-15,29.220051916463984,5.851464188837998,14.909293179912368,5.156667673613573,5.3574429896509885,-296.2347747497053,-60.34033836002201,-148.8680056321487,-177.28388062709035,-86.2049355663914
68.22812491234409,36.37919545660885,18.20667754743206,22.868913165457357,27.544278106067388,0.0,0.0,0.0,6.214049007220409e-16,0.0,13.479163284186216,7.979574367516812,2.025917000522886,1.2636371321449664,5.317882237332319,-134.76554228973998,-58.34937829567453,-17.21098586439808,-22.160816946512657,-37.78383217697367
51.278660239223115,45.83376266905931,57.221849366948746,57.572309760344,59.27517731530139,1.1085199690402288e-15,1.2402084304368256e-15,0.0,4.936697789043888e-16,0.0,7.369354001455136,2.3076961809732217,2.9294593706345293,15.31275965379419,17.21764194118974,-83.65028449104737,-64.14983703638418,-87.80376363411399,-111.35789944059844,-121.38033700352227
38.23477309879264,7.295830540884245,31.127341918559377,45.160126028269,13.275671570036016,0.0,-4.869512331587017e-16,0.0,0.0,-1.0704433775897825e-15,2.4979199217452734,0.5269925667938019,3.7171442565441226,4.739433920853874,1.7116391238776854,-49.44699393808219,-1.9726768838110305,-39.00734415071284,-67.3749875634106,-9.829360819168006
24.421800729807448,8.444625156536745,26.015609767244808,20.077512857689943,23.83277221072996,-1.745676521452075e-15,0.0,1.0924867679322521e-15,-7.077995574416513e-16,0.0,3.2543618546165156,1.4819930615333259,3.1326592507728246,2.4884403039969314,5.197388403466372,-27.46519457629776,-4.9240428968767995,-29.537966425574158,-20.44913488757715,-32.88877493945214
46.18350045282931,24.233368886752388,16.09923255994922,21.05581001125148,19.70629798009536,6.15408298455706e-16,0.0,0.0,0.0,0.0,10.515616713456273,3.912946190032956,1.8675144142741436,1.9122983903583433,4.349462318218138,-78.59609866557804,-28.80435279952619,-14.09493478865145,-20.723444797701053,-25.138128579007947
79.95930529549707,38.31788156422664,36.684243221371666,72.3589493615851,31.277590443390288,0.0,-3.708674419117465e-16,0.0,-7.855755143258868e-16,0.0,9.416804365676368,7.854737893509612,8.033782738716463,7.944671198536608,2.570609149239794,-146.41026788311888,-58.028268321645164,-60.466882073584486,-126.34517276866714,-37.738924049832036
49.37260273378919,30.625324296768014,52.55921793559638,24.685746714069353,52.26477469339645,-2.8782875376907166e-16,0.0,1.0815118849458776e-15,0.0,5.438023907523901e-16,5.443393396458674,5.885486667244839,7.346278808851575,5.265978531568323,12.482302795104095,-75.48794429580614,-43.6007959941503,-87.22081699110625,-31.265840268955888,-94.31887417802335
15.033358318620554,11.75546894837225,8.286506412182918,8.276116041961963,6.77448463634879,2.363220248931374e-16,0.0,0.0,1.6097739843125208e-16,-1.0488513501789531e-15,3.2352347980173377,2.2897587221825915,1.3621506256058857,1.3526352798724026,0.42645829766377996,-14.702454266857675,-10.114572850060648,-4.3740182684474815,-4.909482669755879,-1.47174002968808
10.884653868220363,8.008275083497782,3.2967496511520773,7.2536211172686835,6.992721765706929,0.0,0.0,1.0776413300169683e-15,-9.795696856408895e-16,0.0,1.846393520975304,1.615739375767261,0.27492024782694463,0.0331950040539878,0.6732072300034156,-7.163601637154949,-5.284607343172074,0.6413474848151464,-1.6780374591229759,-2.1805890507912324
53.81708532595722,50.06491049900049,64.31959427427316,83.13542376575164,72.52060883840244,0.0,2.8384859921972123e-16,4.418825981583073e-16,6.837448621296997e-16,-1.5676486938346621e-15,10.929284272793787,10.038363205297408,7.908630240699737,15.391838897900326,2.583088713654501,-99.02137627809704,-83.64393666249204,-109.22557748015012,-169.30794492118986,-121.26295777601422
9.375548191523178,3.3751041936569974,6.042820395859938,13.561667225821042,4.148478271893275,7.5786793608776e-16,-1.0526234080350152e-15,5.879230965121087e-16,-1.0478692979683889e-15,-8.563896074545715e-16,1.1295121369219865,0.5251010987969171,0.7733466416715362,1.3884718457251797,0.7328156108081507,-4.538456952836279,-0.004729590047750716,-1.3465367650094167,-10.283499512736027,-0.6833202076398821
45.043536437744805,36.92363745264877,39.55285108377532,21.71226912747295,33.992078026323234,-1.2619661633222774e-15,5.773072086990133e-16,1.7964387301818719e-16,0.0,0.0,7.34158378757045,8.588878322050748,5.344196960957827,3.571023760003658,1.6042191072237757,-71.65720556119213,-60.15063672676621,-56.88932502897195,-24.867295483286835,-41.09535349736024
21.787675570604424,11.124759011608784,14.617938308635242,18.66673584919918,16.44001802156585,6.5224280897477e-16,0.0,-9.721517778473068e-16,3.8064648340249753e-16,4.32203136777598e-16,1.7804941439409674,1.812740357469383,0.559349146108952,3.175478878403252,1.664615367886388,-21.02805142278763,-8.999816004210862,-9.91083174914053,-19.576724189917613,-13.455365639418256
454.562818654851,298.7209896522365,302.9429362708172,151.84591951366048,234.80280399061058,2.501014888504075e-16,0.0,-1.5010990402494174e-15,1.4973973365334779e-15,0.0,118.40134314256392,41.92370246917348,60.941992123764706,13.190284109213735,8.60605572839261,-1454.797095210172,-814.0971312481959,-879.5932887337777,-334.609535918618,-563.9838240787748
121.48323114247712,177.62429604378207,97.19857838190794,179.74776036714647,165.68593037181031,0.0,-6.400410318506974e-16,0.0,1.2649597134273415e-15,0.0,17.112544653761482,22.49044459232767,2.493540482937394,25.972052936834555,25.65386571011958,-257.3255410402681,-425.422670268566,-179.7386171812978,-436.5797674490322,-391.5679021737033
35.69050205350068,35.49094712542097,39.59341035038763,28.32381402429691,32.56181260433387,0.0,1.6016314994336396e-15,1.435678774769941e-15,0.0,-8.387581716548476e-16,5.19639573089844,5.671139603988975,7.387105765397501,3.1156369356695413,7.476879279948473,-48.894999690348996,-51.044712182386476,-61.96392737162076,-32.85506762753577,-51.61783597952618
563.4538592719746,468.8531214525323,355.8597263420588,300.1214454880351,245.43365444306048,0.0,-9.699143080835897e-16,-1.2778837199727195e-15,1.5152111177759655e-15,-1.1580200561695062e-15,82.7070382224632,25.593093106765707,17.93047865686977,6.302333194367667,49.10165615907375,-1742.1771174697108,-1333.7844248939484,-950.2005395062995,-764.6598071443668,-676.140002687754
54.64764361045104,31.850219227231232,32.3004769376679,57.445210599552425,37.055888467279644,-9.101580272656974e-16,8.92355221407835e-16,0.0,0.0,0.0,7.877815391553034,5.147129274887101,2.1634231683610587,9.922821228858275,5.1450100146283075,-92.34828990223889,-43.2557794071143,-38.753663753264895,-100.90172482607576,-52.01479565836952
227.3354178016894,133.51212776165346,60.00707563091322,88.04345410201852,106.52709670636219,1.0001682872027272e-15,0.0,0.0,-1.1298509812114857e-15,0.0,31.384715103545734,12.377479176807348,7.950254366966173,13.587064282001107,21.92436558344361,-577.988438556049,-280.1467882751198,-101.08683976685131,-178.20498282859126,-239.6358389090674
134.10029207073927,105.67686712579038,72.55835712830611,93.61564397859333,95.25893053652572,0.0,4.034238079262813e-16,-3.917082822058035e-16,0.0,0.0,14.27720907553229,23.991526859173117,10.773058966789717,12.513646799789242,15.214405185721027,-287.3657296361082,-247.59815901499792,-137.22001451736492,-180.9974340627607,-193.49231112370623
36.75712960446721,8.451943681452455,12.054491025732613,30.408992562524723,15.580312593943107,0.0,4.2034280074497276e-16,0.0,9.346481759290575e-16,4.560516558803356e-16,4.817776278770522,2.2938200648730307,1.1745132835199565,2.0529878132849153,3.481060550178921,-50.97658478423251,-6.678725047215913,-7.85187593436527,-35.08948269472668,-15.752000085136638
29.530188260920553,26.464685314687763,24.3266058895816,15.377039688691225,12.118059798174794,2.4061571483457595e-16,0.0,0.0,0.0,7.329378089336558e-17,3.2066664995173957,3.425263616853804,3.984859167612141,1.9357260428351357,3.6908193011127315,-35.562610897295095,-30.869655160142912,-29.00834837587015,-12.275281486133867,-13.372566865330354
150.19141637631841,57.59526464185479,108.41266847597832,65.5111182503202,63.65333118205431,0.0,0.0,-1.0486490123320444e-15,-1.735382340555e-15,-1.786031235293269e-15,56.099720333364075,10.298455424595089,17.022901118803386,11.753989746332781,6.370013613199852,-441.6306751129215,-102.92558455947656,-234.49344117586637,-122.69110771185385,-108.24866090251237
449.55771848991657,288.6667615896645,353.5113973241455,417.46484006978255,258.8653895603461,0.0,0.0,0.0,0.0,0.0,41.37507077324398,28.845729269522675,20.433532584834293,73.85266804808768,45.062162981551545,-1287.1334539051488,-749.2790107606712,-945.6142020090725,-1264.166884998002,-705.7172864074381
95.76365712845637,81.13593373875113,56.6005697005865,48.47608391061052,35.23560180917057,0.0,-1.4011897378007044e-15,0.0,0.0,0.0,13.567801279228748,5.123643334727572,3.01009367431827,5.3945831333398875,6.094836706210287,-192.61454437587133,-143.02616163688333,-86.5163031916707,-72.30818377066834,-51.09334404314794
90.06242179096198,67.91277015261974,52.420133151859275,46.79601546210568,42.044119291680445,-6.311557887344354e-16,0.0,0.0,-1.214706386846942e-15,0.0,15.355076874295282,11.873746688876013,9.01290048807955,4.6947642520544575,3.4116969546785034,-178.44354064863688,-129.09282986245339,-88.7566828350733,-71.52949368282556,-58.31937201044991
117.34880281053701,76.85285873721108,102.67907978943997,152.36644953993473,90.3470330706561,-2.421985461265563e-16,7.396396151661334e-16,0.0,0.0,0.0,13.530389896266392,12.291049379119686,17.633431550567103,23.547623637644524,20.615401393854793,-244.23133276469355,-146.79740851647583,-216.8070294439933,-352.75250552064944,-203.46613340868547
50.80550468212074,40.994424476147586,58.01122997600021,36.18780052727499,61.617289875913684,2.2376874008619824e-15,0.0,4.899346116633337e-16,1.570789548758697e-15,0.0,8.19619470819272,5.76283484344816,8.544705002455398,4.633825284384047,6.292652901200212,-83.51953279789355,-58.638609765002016,-100.4546538383664,-49.14994547627034,-104.64409701103756
31.985008704325168,18.55874166099059,14.807826581599397,11.374498812888708,24.26441377885815,0.0,-7.657229662866855e-16,2.399213455953893e-16,9.370207172842214e-16,4.392498880680999e-16,3.938309858920096,0.957227060239646,4.271872894872177,2.0296604940106158,3.4369731860173833,-41.15807675524849,-15.50015499211123,-17.087455364532214,-9.143149937435922,-28.504858483959044
50.182539136522195,36.43130131661402,29.47425602421417,8.564824488679838,55.6978728120606,0.0,4.388317456920348e-16,-1.3560318148037546e-16,-4.148028583068032e-16,0.0,6.063425214802577,8.725518037733899,4.937395210129808,1.127625598046782,3.5814667560924494,-78.6122125982508,-59.50807025011998,-41.50810386451393,-3.9251762516301163,-85.27978775112845
67.33172889397159,50.43664367435188,60.35684087781455,42.09385825854661,92.97688359402079,-8.442293075575159e-16,0.0,-9.417891664655038e-16,-1.6879962188209102e-16,6.113715222916283e-16,7.6315807049840085,3.3799817085496917,8.236938370365511,12.711564393719886,10.737206990886987,-116.67399786180582,-74.64757594283311,-105.06882884011853,-77.76967456991775,-176.79625581442522
70.63638033298955,34.000117101865506,14.47715157159734,31.391093006921007,78.37016314078812,1.609465790654628e-15,8.359297512197267e-16,0.0,0.0,7.253196443995099e-16,7.591706122865523,3.3820770442178603,0.7607723725270708,2.368615934173831,11.8580352097603,-126.66353903016876,-43.257541233314676,-9.9274634380443,-37.11122217026445,-145.54780941385368
53.71017898702347,34.243344610982945,32.327491071787456,9.651120516909145,30.114762533537686,0.0,-3.112470804905866e-16,3.2969279962783675e-16,0.0,0.0,5.763819499039386,7.1250935410958,5.974273528992927,1.3326609485699235,1.4967997030684457,-87.18594819973096,-51.46264562868807,-45.801680934745335,-5.7408454545496586,-34.18831748729642
15.425810911426723,7.204146882339805,10.975236183606329,13.518320609345874,10.511712896730494,4.030419518040007e-16,1.9725936946175252e-15,0.0,1.051229300285817e-15,0.0,2.621215952733457,0.7285400034653047,1.1947266631507087,1.5396243187942447,1.6947992589232452,-15.129258969975531,-2.204915367164285,-6.965285773434632,-10.454178436577022,-7.066019510214558
103.49667739449741,70.95269215306463,54.016176829116276,69.56482780439634,118.40733388736496,-1.6476882241583013e-15,8.011453425640425e-16,0.0,0.0,0.0,14.189157939560989,9.734740290154699,7.749541457320753,9.603990433312807,14.373278400947397,-210.39927088438392,-130.22228520759455,-88.47818891530132,-125.0575503664573,-247.81710897836578
113.47314111852695,84.90679971440503,69.34453131019652,75.24121880851075,82.22366330316842,-1.7532956614377604e-15,1.3389603436240251e-15,0.0,0.0,0.0,19.183857651645567,4.017087523659969,5.157579360040703,7.101676907340976,11.77992701639312,-246.4001968346688,-150.955926118125,-116.51667975134512,-132.23464245694635,-159.7091319408176
84.63055189118629,45.02899149026775,31.288941383593887,21.65900767549392,23.04070654055917,1.343330926965818e-15,-6.311868973691511e-16,9.083627688761214e-16,-6.561175344741611e-16,0.0,8.62979244134805,0.9067452020649197,4.968830555128588,4.297223706484973,3.5830570560083963,-157.56076822063926,-61.63929243698219,-40.511735834242316,-25.895841580725467,-26.540647566727316
50.932909482764416,48.28180929662805,38.11492999923319,37.950987273473636,25.504417753214007,1.67406749697002e-15,0.0,0.0,1.497811333633987e-15,0.0,5.941399423536372,7.197175775455333,3.9159779074046024,1.7935323642150105,6.696679861738885,-78.86345671207513,-78.57014102358649,-51.230822361454294,-48.51268183176002,-36.98117394444913
44.895815876494005,14.331157060065882,58.1809461536586,19.193694143342917,24.856261579360577,1.2661184066056674e-15,-4.958027692963082e-16,-4.88505452546972e-16,0.0,0.0,5.482873876110888,0.7424233263985885,5.6351916108017255,5.477212605535027,2.479956530506105,-67.58162286037256,-9.663164855577811,-92.29162010037051,-25.22931328133227,-27.51213983027343
45.84287181207351,30.745827034979243,33.363314894033905,32.10992342457106,42.05452585683238,-4.649857487154414e-16,-1.8488173629591352e-15,0.0,8.851378763692484e-16,6.758299814664652e-16,7.508798949320043,2.503129513473206,5.79607449097301,2.8268111084116008,5.609824972608841,-73.86116649746624,-36.70669040672011,-48.357467003470454,-39.95859799790366,-60.726906174379145
8.503962445659026,4.758567704096881,11.100970767078561,1.8369734612950852,16.13578949123726,8.355431251025895e-16,0.0,-6.400726122685696e-16,0.0,0.0,0.6010535268291478,0.2895104405070641,0.7994395218559871,0.38953763756224197,2.4524483846840464,-3.133786392621899,0.025217190388702192,-5.900429128771663,0.4293215322401664,-14.939046896594386
146.48466235827502,57.09279156170511,181.8609205552256,29.68965313275304,167.07459056494974,0.0,9.956321508534475e-16,-1.25026132469282e-15,9.572934147569995e-16,0.0,18.653957390200812,6.08657408470968,17.26275965271415,3.391607881726116,20.124663418550398,-326.57003105033664,-94.44133606659261,-422.07060455625367,-35.345914883609765,-380.38956820866656
31.074139236504543,19.950508106375267,29.013836320434173,24.359133094536197,38.34010358694137,0.0,-1.4246108058431721e-15,-1.9591831370735945e-15,0.0,-3.706524861879147e-16,2.789745775971046,1.2212723782331412,4.590859951420777,4.584116351226967,8.04196994958691,-37.256880714248396,-17.83939356401862,-37.689160314408404,-31.80518397205305,-58.84562903881395
63.901894594716126,49.244716066278095,44.725419733035565,28.234668940282564,27.30530777855093,-1.7790839918385845e-15,1.1543049366819961e-15,0.0,0.0,0.0,8.09258748970635,0.9868770455941139,3.406748000242559,4.293897592300306,4.146964569640846,-109.10344988539515,-70.14280216565156,-63.416864991044754,-35.418787883129205,-34.87930898283595
27.723079166895552,21.89828636984177,24.77936268904418,22.40384431618062,30.74311008583183,0.0,1.2978965089042889e-15,0.0,4.955502318962846e-16,-4.622451884512221e-16,1.116971529436071,1.9892707663880047,2.5714710320166705,6.156510586790304,1.5309079174226343,-29.85489340036024,-21.510834766838496,-27.60949455517782,-32.04306926247306,-35.26733678285548
136.5927353627208,60.18611768273924,67.67995292116207,94.21666224439251,31.41550255256962,0.0,-1.8889212678727116e-15,8.398856146815418e-16,-6.033266038798903e-16,9.04703319096809e-16,11.479251149387368,8.98216502289384,8.18649887611534,17.474449830422287,3.384223334930346,-291.12675802279057,-103.49182071262197,-118.42882939992677,-191.29486634184124,-40.297306923286634
194.60824877068205,143.35924804986698,146.47415908125382,196.28666954133251,167.51926966056317,1.1683660732755443e-15,0.0,-1.5523125503461722e-15,0.0,1.1028051380116374e-15,24.080392685196088,33.56585168763427,21.86350035403859,29.631088247123,32.826204223912015,-471.9533002922974,-349.3477118994417,-332.64946980723613,-494.87397616075003,-428.60743920076493
21.014330024175276,8.006420313800907,18.02144125900793,8.69975767140735,13.664908091701793,0.0,-2.2186654831726618e-16,-7.392680809501074e-16,-6.636000617609039e-16,-1.0399524548453965e-15,2.2522449338829067,2.2021224306246894,3.5045475587880484,1.4733654589584622,1.6981967824921567,-21.848772184084268,-5.83030568350514,-20.376323939063003,-5.32137179250368,-10.33922478935877
205.2698540508432,104.2842253600381,67.96140923257168,59.162973599223605,64.59766171154416,1.1076817708795854e-15,-1.0901633236389845e-15,0.0,-9.607938107687334e-16,0.0,13.848331521992497,11.652804418478276,14.012554858378012,2.0980505127890354,6.201596224396755,-481.3090229432779,-207.51688159374876,-135.71512839145134,-91.40030902755686,-110.18495396992117
27.672174191777074,19.36604351687148,19.015046374739015,30.04367946047764,40.221878340214374,0.0,0.0,3.736739431275e-16,-9.460129365243917e-16,0.0,2.772552174008057,2.019952700641735,2.7848743215368112,6.156528339438835,6.578303041316901,-33.25031953273074,-18.251378658365883,-18.346768893041357,-43.23944944936002,-64.72633759599199
267.8251216880269,145.27404279445972,124.38060627473078,24.144404421800942,122.82780096166356,-1.6979264231089251e-15,3.9128407090062645e-16,4.570119133786242e-16,-2.354310252088133e-15,9.255790369242174e-16,26.15980260724784,22.212603949513287,32.105661706376885,4.3281932494539435,13.171238589611363,-692.2152029233442,-325.0586607568345,-301.28720370848544,-29.772614022044934,-253.8744197192414
34.56223142415925,20.699515653021702,50.725446330451746,7.02044052825967,60.511856834414345,8.223343302578845e-16,0.0,0.0,0.0,0.0,1.3165864381088528,5.331548993762835,5.6217497507759235,1.6702691298414245,9.929484680914854,-41.89514397085601,-27.48148400746287,-78.14609857463986,-5.088633527178982,-106.59240843015404
15.76192376389783,9.033375152325515,6.997291210094395,8.332076205594792,12.860624540060432,0.0,7.865750328958507e-16,-5.077270006535249e-16,-8.527799293086009e-16,-5.524947358091222e-16,1.8415732895448897,1.3817547192581499,1.240850811403025,0.5681570849939603,2.0437244622038317,-13.263315491643331,-5.217644108987032,-2.787941194702131,-2.938413389199083,-9.542292135697284
84.87102682734287,56.865743730551145,77.35072425953277,41.69805880121083,34.55362258200756,-1.339524711452997e-15,4.998037054623877e-16,-3.674394739348713e-16,6.816074955887083e-16,-1.6450784205302683e-15,9.042921702663259,1.716565133337942,10.648317911329695,9.066452469693266,3.8909727893463404,-160.74618570600347,-86.29993873396815,-141.75856210156525,-66.58843909793502,-45.36977946820869
287.4344926702614,135.87158766357408,144.0129164214125,161.0232206285815,172.9185744831729,0.0,-1.6734453416870527e-15,0.0,7.060275982421674e-16,-1.3149175912582966e-15,49.98125481395384,14.457193008128577,34.18246953737617,13.565532940336869,14.765414929900794,-800.111901225331,-298.4986772827064,-374.88759027208494,-356.0432434594832,-391.9776042973965
120.01963000276069,60.957183622861,25.02445771520211,81.88473756308989,155.23664810462054,9.472353624069746e-16,1.3987707965437354e-15,0.0,0.0,1.4646907042852106e-15,11.103836986399017,8.400160674471206,1.4526870604987077,17.220589815090957,19.024617297392098,-247.62750547972678,-104.3216535101706,-25.665357761389128,-164.88135431762302,-351.7732082051387
29.804072668934996,15.463142403116517,33.847254276062905,9.506495112850345,13.711728484937836,-1.9072366213915566e-15,9.190146701577216e-16,4.198525115005282e-16,-1.8685717694201212e-16,0.0,3.4444492394094297,1.3627887773574243,4.858832070542469,2.5103410263675143,1.9422858469188382,-37.67088429839063,-11.76227502836358,-44.56423745118566,-7.803260929359223,-10.719928950892287
26.029094036260634,21.422880491989307,11.930247586146617,15.97426954390778,21.221633457249098,-1.091920809491497e-15,0.0,0.0,0.0,1.339280008188787e-15,2.796214378616466,4.384969726803039,0.7994533154786306,2.6790886953900723,2.7229649048746767,-29.53563707738761,-26.971249305239212,-6.949002006481471,-16.499535581919098,-22.1557664779584
267.25728516321254,205.76669241292302,185.9029314025347,206.6117535230482,198.58080237918304,-8.507669877151383e-16,5.525035971005189e-16,1.2230774078053722e-15,0.0,0.0,23.961574402193172,26.58811900264047,17.471488897111954,42.06475972359543,30.524847212887888,-676.9458860673452,-503.60074925189605,-431.524269810436,-548.7842501830403,-501.0939208475952
99.92054478090499,53.92409458692797,92.53764446839581,76.9092055118068,99.13607150339413,0.0,-1.0541376595424142e-15,1.228546915957465e-15,0.0,-3.5836740602323204e-16,10.138265505085437,6.2889137206910535,7.57821086676506,10.104420432814349,27.498160177101706,-194.97182449481505,-87.041703220031,-174.1011959201136,-139.51705006210278,-231.08493812407957
17.455453897086002,6.098915176366537,11.36849462960339,15.033828382741216,16.141749840893254,0.0,1.4562891826104433e-15,-3.125051991975514e-16,4.72629271580485e-16,1.7607576446514427e-15,2.0489327356160456,1.1731220419705837,3.1946710524724238,3.959113533687357,1.7619637839851618,-15.387191095575595,-2.6791307112248863,-10.964502732930596,-16.660613265680627,-13.425098348604445
0.0,0.0,0.0,0.0,0.0,0.0,0.0,0.0,0.0,0.0,0.0,0.0,0.0,0.0,0.0,0.0,0.0,0.0,0.0,0.0
1950.442188800936,1712.2109436027226,1498.2137224766302,1044.565242941491,765.9839028408609,9.326035982969112e-16,0.0,-6.070527109239683e-16,0.0,0.0,34.56236864661505,77.6021227254431,118.12733329784353,19.209726305420354,131.23409605499998,-7235.083943186852,-6239.628814915808,-5400.210860643716,-3469.75634822485,-2545.1555656724076
245.3021925844936,193.1066391177375,174.69789159938085,98.34498355013268,53.10255254928339,0.0,-1.1774513630502464e-15,0.0,0.0,5.352230366709096e-16,39.42241314033484,11.5061691867359,11.157586537030422,3.7779820473246755,10.227247311752055,-644.6209602616058,-444.04393437206335,-392.6633342189117,-183.18061561402632,-90.23691656252527
130.0043396548284,119.29863118847666,101.43351017578647,80.27063948052661,56.14469222395483,-1.748969888597002e-15,-9.52960118561673e-16,0.0,1.4162941575816905e-15,0.0,2.882314283978423,4.616351657723172,5.906751313883669,6.917613883292767,5.840120206708504,-263.67677925317986,-236.5321981965822,-192.64602935431918,-142.98637528185094,-88.30431614193131
94.29512507288963,73.68855676041944,63.450098094732574,51.09608200803959,48.06427983268334,0.0,0.0,1.791751961547463e-15,-1.1124809697123964e-15,-1.1826541260721216e-15,13.718720250192764,5.293212483762597,6.227941376407806,2.949246232033214,8.16531728658855,-187.62805583868786,-126.80224107618147,-105.55451310055747,-75.08727499962292,-79.5567300375554
60.361922654070646,54.40138180414347,42.19129907134591,31.128448407760068,25.947711885793133,0.0,1.0448892468477436e-15,1.3472782329997761e-15,0.0,0.0,8.411455722108613,6.17458709679015,4.801719951685655,4.917504782121609,4.910834645925968,-103.73299120866733,-86.3752997365135,-60.90721481587752,-44.000256613784266,-34.991529285497194
83.32952831029515,74.86373815560562,63.79026622990766,45.51496140639072,32.68548539418032,1.3643043471730575e-15,0.0,-1.7821972605017078e-15,-1.248895244648646e-15,1.0869392441187564e-16,2.9641925179457744,6.185010185444897,5.693459780778719,1.5964791878612552,4.433546002578055,-146.48689658049136,-130.9232851700516,-105.75305410645888,-62.8871076295107,-43.95449117170779
114.30773289823371,98.79185272422025,86.12902463997732,75.0769114422884,42.84074370529968,9.945682137080748e-16,1.150771390419972e-15,-1.3199596558399617e-15,0.0,0.0,11.526766797920546,6.195967257894753,7.068178529045476,11.622213386029486,2.559721021115568,-230.57727519941673,-186.1164562953423,-157.11904132889526,-140.31929225936022,-58.63517970788633
146.93486064709398,109.76322102177224,84.07748914437255,74.98328681916347,85.99518105921341,0.0,0.0,-1.3521673741517206e-15,7.58081184116359e-16,0.0,23.50135732457024,10.893306446435284,3.845845513227123,5.774796982552185,14.981703757242062,-338.07910806235134,-220.51563472358285,-148.8558351510949,-129.17012132750205,-167.8177419634182
108.15284726331282,87.82104941289461,68.66217778000856,59.401517770717966,56.80315849717616,0.0,0.0,0.0,-9.569354621579893e-16,7.505315773545479e-16,10.759156904662781,11.841212614806597,6.747115008035798,3.2356327570213934,7.516666295994058,-219.76982193949058,-168.77010324591956,-116.82969239882836,-92.72969268889807,-93.16840352354964
90.842318689192,74.67607916424932,75.59839580703209,55.18010326944099,38.708723842470235,6.257372079558223e-16,-7.611998312844125e-16,0.0,-1.030143393955701e-15,-3.671227905377292e-16,8.153980858711613,3.6809168823870873,8.35262689270639,6.747089823491236,6.808268668599681,-168.8216861749297,-126.92311698660463,-138.1392999339383,-89.48157375506972,-56.50636994121109
68.05070186317822,54.49151927444149,46.01658081946773,28.26006510011969,34.5633307648833,0.0,1.5647412556398382e-15,-1.8529218549662397e-15,0.0,4.111540873149986e-16,5.60438431434081,6.814054326474225,7.235226523209525,2.0400170545304035,8.632074958145605,-114.59591854173303,-89.98860330694635,-73.67760463166677,-31.507874353068356,-54.4479153252475
22.35128883282725,24.01640486282827,15.537984679188966,15.305347064798575,14.02991247428669,-1.2715915240046987e-15,-1.1834289766822723e-15,-9.145880246770694e-16,0.0,-5.064484451077987e-16,1.4313006327387792,3.889532064897513,1.570056928376482,1.521789887582671,0.8878431476109484,-21.633659608970607,-28.57407463541149,-13.035210341264234,-11.970108909759118,-9.449670386888796
56.23595319533011,48.988155090426375,40.20700899292885,42.1782879031535,32.79727965020797,-5.054010435580947e-16,-1.1603502674448905e-15,7.068844498083032e-16,1.3476938417066013e-15,-1.7331748080041622e-15,9.175751922144073,1.8148177472119702,2.142745165166423,6.372526382113828,4.11728679236385,-94.45201840373959,-69.98682581138831,-53.081464279794865,-63.51586206445814,-43.880484789104415
44.57407560854881,40.98645307409069,30.87454002041327,33.45512921700659,31.386667466027475,-1.2752573796484089e-15,0.0,9.205549106678988e-16,-8.495471425636014e-16,1.4148976164186244e-15,4.238864205133114,1.8549065267718938,1.922328569293778,5.841080102400308,4.829206299679127,-64.4438540617914,-54.215856636145176,-35.99420317560178,-47.803105083304914,-43.23690760665905
41.66295698412084,31.66574981561701,27.846049717873115,22.599641337022717,26.16887652291792,0.0,8.975536532656778e-16,-2.041345879818738e-15,1.2576177208548696e-15,6.788051591915191e-17,3.888274662381012,3.145239619330875,2.838517461859894,2.7472339784129396,8.629762489381774,-58.69635148324218,-40.45133985024988,-33.06729356388139,-23.734713359253846,-43.57482274383806
33.08110382827593,25.671543096111883,31.558985601547967,24.497730472453135,15.027391439158032,0.0,0.0,1.3508851229842725e-15,1.1601772442701683e-15,-9.45663442170787e-16,3.1467935662265663,3.731875181813534,6.581513286199192,2.4669594881760792,1.3053542565793592,-41.25228812943918,-30.933382980021943,-47.679579852016445,-27.34740634442948,-11.171850021951641
30.456727803060264,23.582527283237063,25.876369826221193,19.373178713409676,20.23914082875184,-1.1664791115359174e-15,-1.2052020162659468e-15,2.1967308104866826e-15,0.0,7.021471333908592e-16,5.050422168662007,4.194344743668286,4.592924259062251,2.1338488527232458,3.7474497178983084,-40.848609807836276,-29.272762047640242,-33.00141280881768,-18.52420900904551,-22.52815711871312
35.143769465034296,14.257152459791332,37.26638585482665,32.51250536516987,15.031900418043186,1.6174536689174284e-15,0.0,0.0,8.741777697898278e-16,2.363449450833299e-16,2.95759654491814,1.03477688277155,6.162053109875118,3.145696155608561,2.283509785497416,-44.57688533628144,-9.86337341183789,-56.456803878808174,-40.407615824128875,-13.105134057884227
81.68062371546927,55.26852503129521,35.82298231677226,25.107276947873203,45.10412809720838,1.3918458570742426e-15,1.0284953113661173e-15,-1.5867863361614653e-15,-1.1320108305417631e-15,6.301354361434404e-16,8.195421548581777,7.481788189062013,5.715471990192552,2.3784395514438392,12.65953505822757,-152.49227400712346,-92.19434940438403,-52.42826373944382,-26.726695231750547,-84.4430075153059
75.06111078750531,58.26852752218501,50.22505199428216,43.340016194208545,22.981064745816912,7.57295199397318e-16,9.755423944626986e-16,1.1317742163269302e-15,0.0,1.236744674137756e-15,9.347491117862296,6.680578233793082,4.366132248724566,4.366267842954416,2.0864078421653254,-133.75411720434653,-94.95760434762038,-74.87012563382818,-63.721258434933894,-23.966968121982173
28.361538308751857,20.40692419735489,13.719123786436242,13.677805224149795,22.86235382070341,1.0021215746831892e-15,0.0,-1.035842735762172e-15,-7.792288939444235e-16,9.323747782041439e-16,3.482448705301593,1.4609071596265022,0.775899827724621,2.096848540771473,3.619560596160397,-34.565817728655254,-18.623938585424426,-9.010636148557825,-11.365427443192909,-26.995713324831137
261.79825336840935,207.20908418435033,186.30507453843416,131.48786754950657,98.11037226689143,8.685072284392435e-16,0.0,0.0,8.646184613102173e-16,7.242279479148218e-17,23.33864978309591,11.794533328802277,19.238484829988,3.261299822622361,14.658459718557836,-657.7375094848169,-484.962723794265,-437.7615759091183,-267.7291565716586,-204.26036346897683
23.17008906466991,12.225602043217897,12.48551688218342,14.131391596447427,19.820386577516075,-1.8399827478700877e-15,0.0,0.0,1.0056231630276633e-15,-3.584908563620693e-16,3.5356024756248154,2.811169410131851,1.6022946783599916,1.1065239736123387,3.3428203582410667,-26.97253575568471,-12.560824789498401,-8.906866291356296,-9.864149574846005,-20.386752653404145
388.3119538382427,342.63821972849905,296.069305450255,237.71335211099782,176.22696063134646,-1.1710876948070883e-15,6.635969438067921e-16,-7.679744953548889e-16,0.0,6.451160328381327e-16,36.282194249783466,6.485656291969187,16.107718084085455,1.8601276736312469,17.651874864296595,-1075.7625216323647,-900.9309204448022,-757.467412262479,-570.4747383292587,-401.8384597374535
19.057003004062288,11.944898629712393,14.741399942344877,4.803709139589178,16.685281199811406,0.0,0.0,0.0,1.4791543682448415e-15,1.7034000859826838e-15,4.577851807122478,1.8075131574465846,2.9313673675261764,0.5546403966420121,1.8663170444471824,-22.52115258523129,-8.927761296104869,-15.004234709154634,-0.543213042183923,-14.307165551209662
369.605308273586,291.1666968456513,270.4439781233731,210.46881425433847,149.18241544942006,1.2303593609371406e-15,-7.809055015785813e-16,0.0,1.080320028640752e-15,0.0,62.43060919672948,0.20865804168427318,40.33848405576113,21.438433532823243,2.0253367476684248,-1072.2498807698814,-735.3105575268562,-717.2074089794409,-512.9708509092858,-314.97373665826865
69.47388990185257,43.94316966768337,34.212808154571015,26.923273517135232,39.015801889463,0.0,6.467833259489669e-16,0.0,-2.6391394616552755e-16,1.8211665564971933e-16,6.886648385510784,4.43693489379811,4.020677998450662,5.458617847141843,11.734563428034452,-122.753824216391,-64.20260550133047,-45.637714215787874,-34.99712858122999,-70.1939365822218
377.34753793754015,248.98207469504862,200.49247007013068,83.39885708805473,173.14348052776512,0.0,0.0,0.0,6.815851061458939e-16,-6.566047845121452e-16,59.65268417328166,39.589460069200065,44.986619035445884,11.56602684122814,18.486743874252785,-1071.8138933214634,-672.7527304653923,-546.8393655191151,-161.70784014282341,-397.3640241293218
186.12812855181744,148.9104298720294,158.91701271809796,140.2229115995074,89.48682664052009,-6.107988008377036e-16,7.634578573127227e-16,-1.430769881425905e-15,-1.6215158624906975e-15,-6.352154947806477e-16,16.3703368163118,6.001852293880194,16.487039643328487,19.46211505000763,12.407685057353433,-428.25383031794473,-315.8917255414055,-355.3851469884757,-318.2385826226637,-178.0928409753054
33.13520531316007,19.468342166376505,13.619581831679747,18.92317754187998,20.513371766442255,0.0,0.0,0.0,0.0,-1.3855211007728613e-15,9.430474045999134,1.6711552974990247,2.6184033423359976,3.5621775555702055,1.9280550822753952,-56.28048411953858,-17.674686710921513,-12.598861102430877,-21.16638058685831,-19.413607657928658
19.487109193079863,10.908483111009314,4.28503708399802,6.11231062364412,19.761016386491892,-1.4584877186656778e-15,6.513671319186347e-16,-4.145487669252272e-16,1.16247811917726e-15,1.25848768429762e-15,1.617031471687112,0.27212697360707266,0.4341160687817442,0.638502529851086,3.2610623256792413,-17.61779123289348,-5.343430790220739,0.06132118458905795,-1.314440455347697,-22.23198685575021
193.0597792148866,131.51662405546818,141.283978054974,98.64104161583262,63.874369064905764,5.888685783436853e-16,0.0,-8.04669002718625e-16,-1.1525307910309864e-15,0.0,35.92508881086036,13.136938178015244,14.053588705672936,10.253047692960166,10.324802160596231,-478.28408356779113,-275.73446111568103,-312.2683235903277,-196.59520633392484,-120.36631106301779
854.6875597709407,655.5134433653773,737.6063453495722,730.7435364256401,401.01294061042796,-1.0641253536165615e-15,0.0,6.165176774217508e-16,2.1780770527069673e-15,0.0,86.53701906209098,107.32806580224556,116.25762008771027,131.90439504854035,72.89235510982162,-2849.3176499917713,-2110.116972671808,-2407.0520776746826,-2464.998760185254,-1201.9080692887055
193.24984363086327,174.32872439887257,140.40559964455977,125.31114512747061,75.8036398235989,0.0,9.78210889630802e-16,-8.097030176105301e-16,0.0,0.0,23.91133823094318,12.50834349819332,8.335088188640757,21.800205760042363,5.872995995395386,-468.70964064315325,-392.16900753838246,-294.86431925014165,-281.9654840329005,-132.05818826643997
76.69610146337995,67.19900576954895,64.57458606213041,56.30213954094452,33.48305320608238,-7.411513463686159e-16,0.0,-4.401376944647864e-16,-1.0096138321612069e-15,0.0,9.964966807717541,5.24628773631451,7.56711235695346,11.255411668516787,5.3213115998933755,-143.96357703273347,-111.26694615585023,-108.30423945137447,-104.20530915174812,-46.31590433812631
82.98995633270826,84.23080063826691,50.06173537060455,98.25504859429151,37.353096070142335,-6.84943351854792e-16,-6.748531229677457e-16,-1.1354664084254969e-15,0.0,1.5217860054777357e-15,13.28533660009646,10.432822211412878,5.340006087196446,10.44732626453247,6.135903620971041,-162.6493292436495,-157.0248754479045,-76.59273346448009,-190.26588020215155,-55.808166885370426
20.996992494383154,17.356244886947668,19.6001060396131,15.434659106486416,15.458213208780954,0.0,0.0,1.8125992133002922e-16,0.0,0.0,3.0690026806665593,1.9405257688055926,2.574068123883484,2.9321938972613357,2.0894028786954864,-22.354523979939522,-15.239869885424572,-19.375138314129728,-15.49223958410556,-13.231848452208935
111.55230434893042,93.02022890958763,97.26894762034433,59.57038440478242,50.877169697177976,0.0,1.222173274074778e-15,0.0,-9.542227975994817e-16,0.0,12.69704826916737,5.85175272891443,12.792950282064082,3.928881016312416,8.022510003157112,-229.0358853408395,-171.86310527920037,-189.93534399810517,-93.90470236106438,-84.68278368755325
198.0030386620531,190.08701655944014,161.91449919343222,160.82978928173742,94.33173196414984,0.0,-1.1961557372969362e-15,0.0,-7.06876743601662e-16,1.2051812826337375e-15,21.58121254363586,9.218789847700295,8.446570593952556,21.43739615994403,2.0195505271411633,-475.1679559304271,-433.2669674758337,-352.94918872511226,-369.273989077051,-172.50592460924278
19.280535835580068,14.936641284689237,13.26531562561174,19.993807523549616,15.021502587248364,-1.4741140844205652e-15,0.0,0.0,0.0,4.730170844315365e-16,1.0757573357335086,2.75722892594585,2.603296306178689,4.926059999100258,3.981740156399195,-16.64653436358209,-14.973576382369064,-12.200556887366648,-24.55162624628448,-17.216648811916215
64.12290611804482,34.32948879731043,67.3715212767647,32.82245882307288,69.9232163159676,0.0,2.069773715406354e-16,8.437306711138843e-16,8.659226166939291e-16,-8.129405633165549e-16,5.234395301196107,5.5962474249439245,8.893865085213191,3.2637694134195803,8.819381085047533,-106.09819111618954,-49.591847861175104,-116.2371722728978,-42.74633444063397,-123.77729153583392
17.81338587882526,16.362613539155884,10.883278347874384,19.180788612913016,10.154561375894385,0.0,4.3424770380340823e-16,0.0,-7.40890012501096e-16,0.0,2.6953082652036424,4.5072212288571585,1.882109195639485,1.1601438965988713,0.7025061750871555,-17.944601862159914,-19.404799336623558,-7.255187822268348,-16.596791673364695,-4.80597412972779
16.07210879029408,13.906204611484851,11.192773047168288,16.036871152979977,3.7790860400243176,0.0,-1.0219074946923726e-15,6.348227849932718e-16,-8.861363653571126e-16,-1.880197297004458e-15,1.426074461776575,0.9576625579184719,2.155397168246601,1.608291007512022,0.7099813988178396,-12.840158810202444,-9.374089640597962,-8.078689165280096,-13.702436668657551,-0.5026382172831441
26.770727381708127,18.615548546859294,18.038974959313233,12.68813801545068,11.85111083594061,5.308355844268908e-16,1.1450794489963802e-15,0.0,-1.1200110447960978e-15,0.0,4.996482916024488,2.062027667751049,1.4171782521562224,1.2661927669498352,2.0471178276188686,-35.38045422132659,-16.93742111372027,-15.308263674597361,-8.859749251034645,-9.13758345089857
80.29535804317567,66.13477895210119,59.34329795706607,47.81582698906142,37.56819957286933,3.539645394584498e-16,0.0,0.0,0.0,0.0,12.968927856323822,2.2223992736485005,2.6080896188587412,5.796532770695176,7.715645262677688,-156.9846011073189,-106.70144381503026,-92.1015300195036,-73.85632833240753,-60.15425686193078
15.514816882815442,12.304512069085263,9.111038493932625,16.835645602936324,5.705615938031162,9.159537506976486e-16,0.0,1.3647728394608739e-15,0.0,0.0,0.8110934351635842,2.8378142341476784,1.3596211737130912,2.5248107938857736,0.33309360227617907,-11.238249016509217,-11.10534345482174,-5.111442444333699,-16.09313030927096,-0.6248223000641719
23.848338348773297,20.1393479281241,19.0847237725183,25.237208715239717,15.08493732742364,2.3835379232504016e-15,-3.5281317860735943e-16,0.0,0.0,0.0,3.2703852887031504,2.290487738701121,1.2520070805983559,3.833059534667832,2.351653616047775,-27.526557043794664,-19.234875397229434,-16.507258267630704,-31.146122158089938,-14.013087219143422
32.936507334896866,14.072581639166643,4.101347923150676,25.828072359490083,24.687416414948473,8.629242056971432e-16,-5.049128539304587e-16,-8.662307478833174e-16,-2.7510482620241827e-16,0.0,4.035915905456676,3.6340151708154065,0.5631525728343826,7.464077593338703,5.851016446076114,-43.213487955165036,-14.952086999381843,-0.2859909641325185,-38.76262558761085,-33.637341825537646
27.749412204794538,20.680310284631506,12.517796882546545,34.321906113324054,20.692891451128354,5.121137201150032e-16,0.0,0.0,-8.280923948850981e-16,-1.373501112569467e-15,0.6356036060658791,4.607483781422533,2.0627486911529673,1.8730254324390547,2.7258012849061033,-29.661115381594858,-24.268239629594248,-9.990312291197897,-41.8949103638926,-21.265647599019033
56.337116729759686,50.471716866676495,8.357472035764136,35.96764252619241,39.76195611015331,-1.008987008218347e-15,-1.1262430206399098e-15,-1.7003771779779199e-15,1.185303265693882e-15,-1.4295931191949813e-15,2.5511716335087837,4.384580514510757,1.3564314421234704,6.5822188576443725,5.4245855504223375,-85.65155261878708,-75.29740901212071,-4.503406788937675,-53.6865434453461,-57.27514893564696
13.535586925877785,7.461392629030822,7.784637235154511,18.232653918854147,8.471691461031636,-9.842703067445965e-17,0.0,9.127499641876339e-16,0.0,4.1936296843934764e-16,2.877335344734122,1.1077117264075194,0.17537779292487318,5.879580234922016,1.512665588006758,-13.756482493512612,-3.2720264011698013,-2.1721374152035273,-26.254034132723927,-4.469932479265759
55.25496350355959,54.07659864605128,45.30936668406528,47.69753518734025,23.787958289862335,5.143738702962504e-16,0.0,0.0,5.958737557144802e-16,5.973969914542104e-16,7.805193873050845,2.995733018249775,2.400611197489439,7.31920093296716,1.7720440735107033,-91.61302920018463,-81.35793904784721,-63.03478587036796,-77.07916774774752,-24.063301107069492
37.27397654673642,36.72102815075457,21.38510624118053,27.34592606030012,8.891739717887743,-1.525016221157252e-15,0.0,0.0,-1.039339803952212e-15,0.0,6.550500231156461,4.854812887835021,2.473703088430744,2.7737343400798613,1.0962999689407351,-56.87478283953331,-50.67097326274174,-21.48870681397713,-32.221839847743915,-4.276909831928301
349.83936942114525,271.8157645519707,310.00941461285345,186.17912939621687,180.24531584573936,-6.499373578778494e-16,-1.2547488322725222e-15,0.0,6.106314821124421e-16,0.0,33.040558632921524,13.782740626521914,36.75761190317209,11.483744490246606,38.56481775474548,-959.8386941090055,-680.4246983194339,-824.3635001070263,-424.2118057625678,-473.3960839474121
8.676633258257173,7.305530659941973,6.414152067633115,10.86563365638813,6.966058911679374,2.047288143370321e-16,0.0,0.0,0.0,0.0,1.7238501694060329,0.9507111323134244,0.11075353898508909,1.290287507121118,0.8646721442412935,-5.8644144605237924,-2.7615347012996256,-1.0069651942525373,-6.523812197188407,-2.252919669381459
377.60898857415896,327.64800721408074,264.57174514678354,270.7982410271461,167.47785980077478,1.204281054335008e-15,-6.939571443652004e-16,-8.594027125499962e-16,8.396423646652824e-16,1.3576342312572362e-15,66.29849628897377,12.653171686581052,14.674275778241123,36.234228983581424,32.128118304598715,-1115.4949413346003,-854.9631018646289,-658.1765366365898,-722.8060371253164,-416.8823138358498
49.970318836756604,44.08161076481999,33.57719401213115,62.47940741709863,33.876373435096404,0.0,0.0,4.232293714021411e-16,-8.529323081803676e-17,-8.389832366459484e-16,8.585019316527026,4.596091433139089,5.467189723720215,18.853610217808637,2.7659402512156457,-83.06996286119866,-65.42724862428956,-46.17598073166358,-133.66549713915356,-42.19629589237923
167.3176278002456,135.0075409164286,140.80595237225515,154.59427990672103,137.9933097512415,1.3589343719042276e-15,0.0,-8.074007938319037e-16,1.47077676858694e-15,0.0,17.551423522363294,20.994882678102602,3.268626129113294,4.034085572887974,19.108323965282818,-381.73320749666476,-296.89782482594626,-292.6269132688715,-330.44845653889007,-305.8556627975126
8.51542470727957,6.025797692506784,3.2652652570493492,2.0554521980733678,2.32031133914525,-1.0430230437488918e-15,-2.358335848691622e-15,1.0880321808865549e-15,0.0,-1.531136627599829e-15,1.7985678114715797,0.9848725486415288,0.13477224713709027,0.17944926764433927,0.2716172602811265,-6.038924329041564,-1.9652531756069964,0.8158351143182774,1.0074727237803753,0.7956914462589018
298.75033938557675,309.15130590930715,163.57319645370615,353.30974162209304,121.1330154833495,-1.1891915122530638e-16,0.0,1.3900423808590332e-15,6.435533716090833e-16,4.692644580339165e-16,72.59694420400393,23.18379134011709,27.44617448346318,41.938084252290125,14.079147964286085,-923.4525794931488,-805.4322065285319,-391.1136370081198,-975.0278210147007,-251.5996683875999
302.44876572258545,262.3287787049954,249.23459111764214,200.66009481331014,151.01987077857893,-1.5035516835389279e-15,-8.667507871827038e-16,-4.561438972488144e-16,0.0,0.0,28.854267150297954,25.397049360153794,19.14973298572558,23.276948620833963,1.8955703891467919,-805.4177202744951,-670.3747151488667,-615.3381106868356,-484.6475392105297,-319.97411723727475
10.13927099901094,5.29613584224599,4.835338613937808,6.9947326919328034,9.47708385431794,0.0,0.0,-7.347393765888172e-16,5.079127159352255e-16,-1.124622426079458e-15,1.6829109442870946,0.6703861232087788,0.443742928880127,1.639279382752466,1.4250268773621206,-6.9481054901563155,-0.8366734110696876,-0.2987078942541435,-3.7100153782970957,-5.853876725407593
12.05084933742907,7.0427073715346555,2.2692618039983032,3.963981645167015,6.789971049172007,0.0,2.017811328160488e-15,7.827906133485419e-16,0.0,0.0,0.6706464058932432,0.9908496310068409,0.17074574374148327,0.34108350357681844,1.739139104428044,-6.888727294886206,-2.9029945698320185,1.0151251707912705,0.32499988171615896,-3.9325651690379657
166.10933950528545,38.27998049973817,165.50188362517306,111.02509550387978,59.993126832654916,-1.3688193338219687e-15,5.568519574598217e-16,0.0,0.0,0.0,30.23767228082731,4.463755425857648,27.872499988045032,14.655591090678646,3.704019371209257,-405.33831608625263,-53.1128275446952,-388.4743238607622,-232.13574315220146,-94.51182278943801
3094.1471718867633,2193.4082594277643,1550.8532887688355,1104.580314513332,709.6262186385784,0.0,4.146490731325163e-16,0.0,0.0,0.0,403.05330785780393,495.1684999457289,422.2283215835438,158.90554489882328,112.6832203403828,-12846.844336620798,-8990.7159302613,-6299.509350921427,-3911.5738402312677,-2351.4722695902306
695.0835735526289,464.13530100549144,274.3868199997625,226.5763273664314,299.690195641034,1.3084681272561608e-15,0.0,0.0,-5.017595573334349e-16,7.586957423044231e-16,69.30470258748456,66.88911240949385,54.14749459488964,31.24192699330431,52.84111605912176,-2190.621115661485,-1386.3913508964274,-748.2416148824202,-573.6239201232264,-844.8561464841107
159.615612207995,113.39366978895092,70.92524839372041,44.00368965928344,44.79658362998576,0.0,0.0,-8.014553371072977e-16,-9.890248500133349e-16,0.0,29.463774030722572,28.825408258964824,17.12974622129543,8.969065266410206,4.839128736865548,-399.106691721063,-271.61387935153965,-143.80118765841794,-76.05247283060687,-66.1777451148256
212.30560328466072,186.1537689336816,165.13503586807832,137.83606106421965,90.87330243096024,0.0,-6.107146708489027e-16,0.0,8.247974938042362e-16,6.255238594855077e-16,26.195476445696755,16.094403554535006,30.770807337026252,16.15081701854632,8.476438896666295,-519.2608815314526,-428.5672380025173,-397.5120272807952,-299.3005321713074,-168.9355978446893
312.95464143219834,185.74356701297484,102.49188787897025,87.08614197715545,122.57747031141884,0.0,-6.120633922878988e-16,0.0,0.0,0.0,30.39120151838912,37.134337727226054,35.05220465259334,13.568859797793671,21.656838050928158,-830.2084753773374,-465.28503995488467,-264.5448051501539,-174.93319035041617,-274.7697995675942
310.66097570992287,244.31461443904087,158.9075385796763,127.44038769338484,117.90431469645998,0.0,0.0,-7.154275922826242e-16,-1.3381178421452332e-15,-1.928459327621696e-15,43.66188628933913,38.32070737781919,21.89725416152504,9.449848366659593,16.523316301651963,-856.6520939087195,-629.221479587259,-360.3420251141143,-261.8476447748529,-253.28161029451192
379.12451231691523,244.0558752058105,105.07429007179155,82.81639337669614,151.04567119102884,1.1994670249818476e-15,0.0,0.0,-1.029568239024581e-15,3.763326576166332e-16,28.418688455570965,36.667066444163595,24.012355816220452,15.48969392975826,26.35471295181416,-1036.5011070968978,-629.9005882437555,-235.71190150745724,-167.86611001372984,-359.1945784371782
249.19795565439298,210.11756876346433,191.9466904638508,185.40440775372625,148.520526124574,0.0,-1.0821259582495619e-15,0.0,6.131830364714248e-16,7.654621262670411e-16,30.795867816742316,12.83243236025128,32.24881713264656,19.082404956681053,19.787606796452497,-638.8047960964609,-493.77691971433694,-470.8978737303893,-429.1398712336107,-331.6261793865606
97.69183161496164,67.9747741652826,76.62415901983066,64.2016544271109,21.31057206107232,0.0,-8.36242849775295e-16,7.418472135674168e-16,0.0,0.0,11.617957642690795,5.953166233998516,11.78790687909075,6.475241672560597,2.074731125705175,-195.52143439754062,-114.46512875602428,-143.5415864883186,-107.56266552085107,-20.539160075146928
167.77870798784951,122.73586528724977,112.45814576902431,75.75113986852895,52.69606199246636,0.0,4.631361723630844e-16,0.0,-3.751984389902481e-16,1.0787033548908184e-15,20.156151281917975,28.373925376448508,27.656356120606308,10.149482739154479,5.380488283317539,-387.1104201230604,-287.16361780721434,-257.0869630218288,-138.3723104718834,-82.18356890882586
107.29795713199137,73.42184081724932,55.92642503774188,32.15761771891266,19.079873838665524,-1.0595433572119686e-15,0.0,0.0,0.0,0.0,15.804466354519647,15.339280606832272,16.6481776429586,4.689276336815686,2.3884750269596573,-227.09011716055244,-145.2133501585479,-115.56815741306913,-44.20405486000426,-18.676327896516977
267.41574261676817,195.69356576946956,129.6800474389765,96.28133228542438,99.75733359878531,0.0,0.0,-4.3833588885411854e-16,-1.0331803751065592e-15,-1.4245423571921776e-15,25.322822791142144,31.793908455902166,23.85643444177144,12.77173306017405,17.07582484575681,-681.5452153530598,-491.8712004661463,-290.1914779050787,-192.31409288402034,-210.64095453368284
216.72061421163994,117.9020358908501,21.890855419288688,14.666909838161061,101.959241911345,-1.0491557356938312e-15,-9.642483004013911e-16,0.0,4.844529240313297e-16,0.0,2.680622166801146,2.5274233072620143,1.983065881045475,1.8399734855153307,1.6880764325453184,-507.79925028720606,-231.94124854049025,-21.581737802106353,-11.583185623232511,-191.22759863722777
280.82909545651216,218.48011822798432,183.07681485554474,134.5577619306425,71.84034145256796,0.0,0.0,0.0,0.0,0.0,32.45736098358504,37.56051970052042,43.69369248941724,23.487626396240316,7.710189209671278,-737.2057163946971,-563.206670810253,-487.9791964221999,-315.87645598350684,-125.24041644624413
127.99500301513461,111.10472548445014,91.95712129583366,64.87513730125,37.31987530667874,0.0,0.0,6.181513520626427e-16,4.3809864013738866e-16,1.5231406427190113e-15,17.89925504296022,21.821487003383332,20.249466310057247,3.4660314362469484,1.036780741733527,-282.21232645465903,-250.07731831016736,-194.83731249206133,-104.66624198141932,-46.836128260177546
293.77242875292905,240.13913659998303,185.45453555420696,157.86791517826506,157.9585991964679,1.1609684224372521e-15,-9.468413964608554e-16,6.130172949498246e-16,0.0,1.4394510751543581e-15,38.263441715056764,19.4517452073963,14.971737245698725,21.33606212251223,20.385456649125686,-785.2716069973862,-589.8681398985631,-424.44856806684516,-366.80146805874455,-362.9320515359806
151.6089046686754,135.87826903851217,119.21039338958438,96.52061663294782,69.36242209609738,0.0,0.0,0.0,0.0,0.0,13.286300421380792,7.102634623571619,15.960217599713177,11.125947308352123,8.4371058072027,-331.28617792488035,-281.6580808242772,-249.95184724568358,-187.92396346315135,-120.62708218552406
219.21233477895777,145.10422453769306,96.48714016553373,82.60981755560157,119.05434719788013,2.0744605970508345e-15,0.0,-1.178258963076058e-15,0.0,0.0,31.650156511123363,14.711964759594975,9.328844192993465,13.679344891783144,15.907055554669727,-552.5489549825488,-316.9968359974993,-183.54782046614253,-166.23675065982397,-255.1933989640734
376.94597006354,304.7913565460944,232.8218715915424,182.75268651860512,154.07545722302746,0.0,7.459977803171257e-16,0.0,6.220802543991174e-16,-1.1067970178766234e-15,42.68776645317223,28.970385841041914,43.44755263588453,25.264208134621132,16.28307785203609,-1049.1795822555289,-801.8020441461197,-617.419139055064,-432.1472065601593,-343.2003061206179
101.13964779167665,59.5322961557992,10.3028282612988,11.24944986128402,45.26169819968336,-1.1240580741964177e-15,-9.548333011050969e-16,-6.896579441483648e-16,3.158122150512871e-16,0.0,9.073003520924619,6.749756939248483,0.7534538414153981,2.7241222637314033,5.180219834076418,-195.7711374147549,-96.69184162783033,-5.091143704483685,-9.995846891307684,-67.23565830306362
103.84368301860756,61.88644431939616,38.62924921500948,41.37245628297484,48.60758557421977,0.0,-9.185116302277592e-16,0.0,8.157789742470168e-16,-1.7541527167816063e-15,10.846508829476432,7.928954826035064,7.087210523658852,8.24753517549712,7.487766629204838,-204.8621786858635,-104.26860916722451,-57.08391280759248,-68.59751513630596,-79.33458364395742
531.9907979065841,368.313489077674,356.42603429283156,310.8756339474359,256.28924963981194,0.0,0.0,1.5948166910306767e-16,9.142469311444867e-16,-2.2179400400405233e-16,70.91432582483132,53.90906994934328,81.70813655599628,47.15967066530122,50.04403914733459,-1615.2046066309465,-1036.19328961388,-1060.8035657516953,-857.5862038604863,-707.7751553626289
250.60997524564536,214.03566554180145,164.47949895160806,117.4285485356566,82.26651041803386,9.072810259063419e-16,0.0,0.0,-9.681362763936027e-16,1.3819333911687889e-15,24.599145058697275,30.049848605848393,31.570163749659788,10.420315797644344,4.369881066717529,-628.3393688169062,-538.2248778469699,-404.1271565590945,-236.85463729436702,-144.98526605728193
282.03087420579465,230.25546272576543,178.58355552278135,144.54427848421685,102.9263522825945,1.6124027277759678e-15,0.0,6.366030589368199e-16,1.9662977828283563e-16,-5.522727425988903e-16,27.817099015640867,29.680896396915927,18.76455424656453,19.482684710796036,11.194515146460423,-729.7454279511011,-578.4775562843337,-410.4033451957891,-325.7853602839468,-203.33364563189664
172.49355822821173,75.94245786093987,106.62167858662167,182.53385648087095,98.71779599193678,0.0,-7.485064410858998e-16,-1.0662638145323747e-15,-6.2282603300791e-16,0.0,25.761413956996837,5.648989084316346,13.69252394122395,28.800887501786775,15.07476200508587,-414.1280143410664,-132.6244582953409,-217.3083698077516,-439.87209836310086,-197.30770756311844
511.2727993800071,356.03310210085345,236.06055470847517,152.75036877688333,186.98644778984038,4.447208529750768e-16,6.386307174854319e-16,0.0,0.0,0.0,85.66684632231569,43.35277807092725,11.818118901240107,13.733724128798968,29.102736832944707,-1587.0234724285017,-994.5882362962817,-570.0531669083512,-334.60783630488197,-458.29403568914205
45.32059257769004,37.40126408704513,29.505539046727957,18.117267314151967,10.218357548669745,0.0,1.5198261408629012e-15,0.0,-3.921908991236625e-16,-6.953590460852495e-16,7.117102194423084,3.206218433862762,6.492899040868166,4.999070687895247,0.9807239232575368,-73.01352656476094,-49.123077593119675,-40.949944465410894,-22.4329953539198,-5.254330384082623
1707.2051162061177,901.1789167676702,179.39586069414955,266.17246617136504,985.1981962530298,1.0654779477161797e-15,1.0092276737177617e-15,1.5843012943793579e-16,0.0,9.231591219228557e-16,33.16018553521763,44.61186064506388,36.292156542953194,51.78713770616614,140.84380794771542,-6192.791043077688,-2927.0407541038026,-461.94691098168175,-747.2527193142326,-3372.7427107230906
661.5562641715082,376.1832899447969,160.9748523080395,184.43569159255054,252.71346501093134,0.0,6.044225820785343e-16,-7.062397392610512e-16,0.0,1.3495937509704725e-15,46.68730842642832,45.31721357575279,37.116454159565066,25.329799711653163,43.89875802744415,-2038.6445869124964,-1045.2763640914418,-407.7185277608585,-440.11777333876404,-684.9576842027096
153.96813899676445,79.2820001655627,9.809165100728508,27.74982532573926,104.00480362165251,-7.383789819269368e-16,0.0,-7.243661702740934e-16,1.024212192213028e-15,5.465460909631862e-16,6.6203597923819615,6.415194134650729,1.6651916036461833,2.8376444149456295,4.190657833759367,-330.1005106770807,-141.35315199358894,-6.392916785793561,-32.04727670206926,-197.34661594774659
14.352982125626895,12.225427225181818,6.219162754824585,3.26867705922711,7.584842689705634,9.900977086726022e-16,0.0,1.1425054525368206e-15,5.434482535941547e-16,-9.36792976239928e-16,1.0815802971723316,1.2829197563396137,0.6239599740850971,0.3386495151996211,0.07477243018938577,-10.122770467154291,-8.293983656002347,-1.5828152133917137,0.5051090085585209,-1.9695487332911001
180.89923751810522,85.44667172403787,165.82814386847747,49.8114823394329,66.32329667149982,-1.2569078707171193e-15,-6.652502398734955e-16,0.0,0.0,-8.570656422939021e-16,20.707074980071294,19.43391698699087,44.02991780879489,8.322962777162845,9.935257689504668,-424.3736466818676,-179.13097183514617,-442.91454899374753,-82.07294977609818,-115.76485740739241
0.0,0.0,0.0,0.0,0.0,0.0,0.0,0.0,0.0,0.0,0.0,0.0,0.0,0.0,0.0,0.0,0.0,0.0,0.0,0.0
123.77865202419518,68.21861362980289,144.37827092565865,25.372266547209065,167.37130872807705,0.0,-4.16626898703015e-16,1.5748469211153548e-15,0.0,-6.79249260733926e-16,5.584219541742226,13.069261944205692,2.8580851030117316,2.6488249373081567,2.9368775305888644,-248.72612162181275,-131.32926669211014,-302.12994110659537,-27.417525096815456,-365.4954789648937
130.4782896457577,95.98130141745133,105.57388980786092,33.17072231642079,130.12007892721033,-8.713084608195764e-16,-7.402928750358757e-16,1.0768461589178939e-15,0.0,8.737071069962452e-16,12.265729375254484,12.683810941918356,11.405261581569054,1.4805492888236582,8.137401369768941,-273.08320400953716,-191.74319578319523,-209.6634164182192,-39.466192515758905,-267.5506856136047
86.20886227146096,43.73987995144236,60.7678247945284,14.435259674382761,111.51490098863906,0.0,2.4367101711832754e-16,-4.677098370149844e-16,7.383407903160727e-16,0.0,9.105579216832295,10.493984243731433,3.676138385539682,1.9412500229383904,11.543732014442845,-159.8042612753519,-81.96689911530271,-96.13432631565165,-12.04847348111499,-225.2760065283133
25.651023236938038,29.699014750398923,8.654702561029971,24.123828310347598,30.303031544189942,0.0,0.0,0.0,2.356318330968463e-15,9.37916372787902e-16,4.566658081696996,3.7160201355283053,1.7124455753043404,3.4013648511548293,1.6916368280006027,-34.25569789508917,-37.09490277594204,-5.704022596717717,-28.347217410872823,-34.674256637956184
23.658113999925963,8.49249446529939,20.34087148875058,22.732196316585796,42.64338139502625,-5.631334896578641e-16,1.673342829161446e-15,0.0,0.0,1.332995109703894e-15,4.242123095908714,1.0471441351318633,3.8901324738242864,3.536992338073053,6.981946347217086,-30.045602992229473,-3.819584229447884,-22.641934185499096,-24.946649565124066,-65.71512177529252
69.82977878409659,36.427085218173076,63.31220031106109,7.8621812304228875,61.889036615130856,0.0,1.5604712405715473e-15,8.978272525915841e-16,0.0,0.0,5.919406782208316,3.2856267385750115,4.320398337811134,0.9545712294314918,8.321706567359552,-118.65973970537085,-47.200559679738454,-102.78884426327969,-3.225925181922622,-105.35023370268327
35.896916309042076,15.767932329960237,48.40491074653755,7.8154943577200715,49.044092376080215,0.0,-1.1098405332703607e-15,-1.1743316532171083e-15,0.0,0.0,5.043553768970623,3.8428384761526053,2.956858798945288,1.506204857194589,3.459559662002516,-49.59402537142765,-20.031044728959937,-69.6874481079956,-4.276420348749207,-71.50445392628346
9.155535011618621,8.621796015241694,5.370258644572134,11.42770827902279,11.83304432861437,0.0,-1.0301547590896316e-15,-1.3231071030038096e-15,1.2435437069467446e-15,-6.004733152582582e-16,1.6650253363682896,1.1276712625643193,0.6148411824318111,1.834578347117431,2.2776890275520265,-5.933925131594135,-4.339680240414628,-0.8718302330709924,-8.263309274117162,-9.476183838640143
213.69881604197843,114.33898408535161,46.97376705597549,56.46294370901987,126.20315427148542,1.0639912735808857e-15,1.4914445667553496e-15,-3.781593324809324e-16,5.033692465074874e-16,9.00824059254933e-16,19.944080708666526,20.267078881252687,7.004596107833617,4.74526351069934,11.240273241216334,-515.576263212309,-253.6692196688561,-75.49788738236234,-87.72858295834662,-260.9762095198514
97.15508827200712,38.3170882552738,17.298633213792044,43.02828499883159,80.70334896011883,0.0,0.0,-4.107507957296828e-16,-6.605354926689685e-16,0.0,3.941589787072342,6.611401409692552,4.2029906016724965,8.143740916558762,4.949111381773076,-180.41649994510064,-57.988692832225084,-20.050844550144415,-66.8245683249583,-141.80510829398523
118.33576282823131,69.86732533694877,49.1638527326361,36.59436440853992,67.68126459989622,1.921428231068855e-15,-1.2203863233636662e-15,2.8905087631117466e-16,0.0,0.0,10.624870896575175,9.941695741417714,8.632944202764138,4.770342573951511,5.601093716920234,-243.74940849860022,-125.35648256036853,-81.51672760752132,-50.24037523328947,-114.22173229953961
113.24641251206009,51.53827288856253,10.889539191892702,37.386324220241505,83.1181624855192,-1.0038890875197397e-15,1.1029360449023276e-15,-1.3050005573956731e-15,0.0,0.0,9.628417313082402,5.719643023355778,1.1273189134940385,3.2178361941745783,2.439842822373786,-227.8388565396733,-82.48218734618511,-6.297542936177831,-48.75944145060711,-145.69118160950313
190.05883079075255,108.0755772673086,26.554730215862577,125.83425394012787,235.10097376278395,-1.196333127470208e-15,0.0,-5.017063320622072e-16,-9.034649482302998e-16,9.671320020675512e-16,17.82235964528062,13.466030774875227,4.847622891995283,10.516034332861494,19.33972456163047,-450.0472691370481,-221.24847915164622,-35.72069658284642,-259.0359431879138,-578.1022681486471
64.94195381336735,23.11039152476946,55.28596256795129,23.209978104942014,67.80040926123957,-4.3764789572059067e-16,0.0,0.0,0.0,-1.676786894951813e-15,9.52835529630766,5.1054072511933235,4.393521718620196,7.37022220780271,11.703110441864045,-114.56431176087119,-31.808757115868058,-84.89001444889838,-35.70276927213543,-128.12388884464966
22.41801048402152,17.150533576983108,20.57663854870483,20.121549207235958,35.9745657385406,0.0,-3.1072330748663334e-16,0.0,-3.531252630908659e-16,0.0,1.8483362240689387,3.6092744052662513,4.262040266477797,4.914840827011711,8.091357355717063,-22.140454750784247,-19.466089766063515,-23.786657440841058,-24.93622032533395,-59.78109214443357
7.784554475940951,4.764133544384663,4.702568405937405,5.056774463227221,6.460264661911158,-9.127596678218558e-16,1.4914416842861068e-15,7.554836787307311e-16,-1.4051303670494996e-15,0.0,0.3010379738875595,0.05249292083340853,0.7262694435103056,0.2109395563159946,0.4983502407773044,-2.241330200683791,0.13853447257739915,-0.5957860632016057,-0.09903903592563282,-1.3537602536610018
524.3173991289698,223.28620985237936,194.22801030172013,180.0798486413796,517.695124886661,-1.300969655904763e-15,0.0,-5.853266866350079e-16,0.0,0.0,60.64287695822604,22.152623055263895,29.99412532483234,25.099160852480743,76.7630561015893,-1569.9356122410813,-556.4330613933932,-477.29748289665633,-430.02428522951345,-1600.261364133758
213.7862918832737,110.55570977170936,30.750970947522482,51.287599501050536,128.67961112242986,-1.5953338736567148e-15,0.0,-9.242540496983515e-16,-5.541633788070319e-16,1.7669751521622297e-15,21.97560847655665,19.69811530420089,3.813153496163491,4.017874131546864,11.979439001634637,-518.7250701249643,-243.62662887865613,-39.10784450468383,-76.69580571842624,-268.1155481330202
430.6721268649932,159.4989873429937,381.35199741012724,129.03324847125083,472.5193726311725,0.0,8.909683347796028e-17,1.1924609126864056e-15,-2.2026655739614654e-16,0.0,68.15469132366762,35.66094154572137,38.58933462708345,35.5265292274875,46.60662887375957,-1278.9949917979013,-413.4287433190061,-1054.684499389706,-317.2378976618493,-1386.3662660932125
182.00633439859791,65.13190105838588,130.93723754330787,179.30875542103604,327.1537745473824,0.0,0.0,3.255954146085079e-16,-6.3402836885832615e-16,0.0,25.234906361935515,12.847668047882651,30.350042642719206,40.46828838740787,48.818382638562746,-439.78241535400804,-125.9539800629292,-314.4335616750437,-455.64865532749945,-906.3819970488739
130.58364893991464,67.43069300207416,91.88661074915497,6.558034231356364,158.96602831877885,2.176513649383597e-16,0.0,0.0,0.0,1.430328717701077e-15,23.878753011047326,11.96539291430653,9.436368756295392,0.689321076754151,25.484156852459954,-298.9784550369452,-126.50299363945122,-174.2939127088379,-1.7069381134089998,-378.85302559800505
24.612321762948444,11.74200922694292,3.6311295078630184,11.382815032066727,22.068935762403022,-1.1547756324716282e-15,-1.2102574985713801e-15,7.338034221391625e-16,6.242240902258517e-16,0.0,3.378424474740469,1.4258047430432137,0.5951934574287413,0.8430200779630567,1.9637165482154613,-28.032648117373682,-7.564392054919486,-0.13609779314923998,-6.26443447800841,-21.85020956986662
166.92273374048114,83.10761230055157,13.728049693342623,92.10432448322057,163.4918699094316,-1.3621492432345104e-15,-1.3679473465135458e-15,0.0,0.0,0.0,14.776870345537333,10.389023496132625,2.9981967367849496,10.716311405642282,21.001752115994083,-376.9331725867399,-157.02882095886477,-12.46562858903786,-178.2108888314196,-379.61661464358536
10.691030169450887,8.227768924240102,6.8421102540088246,16.914108894578455,12.248598619722973,-3.3230789011822383e-16,-8.635910199990506e-16,5.192423896880278e-16,-1.6803551169943177e-15,0.0,1.4042994748981865,0.7976329612740881,0.5051681437037535,2.1743631482261443,1.2586208791379054,-6.59965018486581,-3.228463664633171,-1.6273640891433676,-15.091781998361755,-8.042572919920286
193.77662708100394,90.92370620242735,102.87593393407452,65.97198473327727,198.25762776620732,1.1733802929090288e-15,1.2503541977106623e-15,-2.7627170265707965e-16,-4.308148306483747e-16,1.720289489023036e-15,25.355195416519624,16.42496701055201,20.39572010842711,13.210070249436777,24.625831007347948,-467.2762404306495,-189.03135414751233,-220.76006481511658,-122.13505822545486,-485.29438142557996
14.278301823420005,2.69056027338788,7.951755038815287,14.067474697378307,11.30119852732701,9.95276251402154e-16,0.0,-1.0052630819588319e-15,-1.0101923067862648e-15,6.287321951224581e-16,0.23138411815443818,0.7673519122033713,1.7613737130956109,1.1159342255632727,0.2678279004623317,-9.338604385039243,-0.4153832110635785,-5.687800293673865,-9.713171600774107,-5.774132053348569
14.80762257711004,6.987745572154452,8.029980322106795,5.917941467826929,7.162147936029481,0.0,0.0,0.0,0.0,0.0,2.725147274640957,1.1505200747490174,1.1316718773377683,1.4534966616172618,1.0687646008526868,-13.983263692028707,-2.6061460369575324,-3.9378596613032837,-2.8247601136869847,-2.910989666127977
9.937660975244716,20.632728126914074,13.646298080962078,21.050098228232677,51.93562848857428,-7.149999758797396e-16,-6.887530639569109e-16,0.0,6.750968361820855e-16,-5.472487819543132e-16,1.0974333850054467,1.815805461744026,1.3368208901425371,2.5957367033081358,2.4428116746680306,-5.751000676926961,-19.401674133550063,-10.228071590988762,-22.348999242811626,-76.41454082554402
71.71439558061994,25.489651414692855,79.02335318024784,29.913378301156584,74.19640638015115,3.963180502365508e-16,0.0,0.0,0.0,7.661209165517568e-16,12.61162139936892,3.3677611988123406,11.801635257696933,5.316610160767997,3.718389588620397,-137.71243660662515,-30.401158240453423,-149.5871264771911,-40.786315028332474,-125.76771975587502
62.07664871395116,29.08726856670092,78.01588089382591,8.47079887109824,95.79129125190428,9.156972877634255e-16,7.328389059262122e-16,0.0,0.0,1.1868180941694529e-15,5.096120217823946,4.22900148993747,5.423883445220496,0.8511359306704952,6.268810833030117,-100.14208106823679,-36.55763284235617,-136.3228023183548,-3.380977856665541,-178.95343289431761
54.99865124682526,40.83978915936331,33.89507581303992,28.093333874951327,33.248401021286746,1.0335420518896678e-15,0.0,0.0,0.0,0.0,5.299654964937798,4.121614002637254,8.258598881755981,4.000432894318394,5.120374471166607,-88.43912701578121,-56.586967363113,-53.93988109256418,-35.8751456811252,-45.245007322680365
13.51585961922447,4.253473838600954,8.942880314490756,5.020361162980217,12.164783148200586,-1.5771310647887683e-15,0.0,0.0,-1.4153219513360737e-15,0.0,2.1800140271148902,0.43469613512423716,0.463517785031012,0.578122310765314,1.9762652359991713,-11.291400434876904,0.03263168943309116,-3.398803911124654,-0.8067471959816938,-9.601313722292547
205.2174190155382,106.05561876535825,36.366702350653156,57.90636149387354,143.33070700382916,1.1079647942849152e-15,0.0,0.0,-8.58938296588869e-16,-1.5863570353919879e-15,4.931222242597388,11.29390459086521,5.086557235236481,12.359263664375208,13.870693225848772,-474.57560612186825,-212.03327824573665,-50.3886532362551,-111.2071158144629,-315.9802241091459
167.402257539299,96.78602168431271,52.11702613730074,53.2121785770286,135.1652956090978,3.3956184161652406e-16,0.0,0.0,1.3353009682389464e-16,0.0,11.200177891723586,11.491428528744141,7.886742638687393,11.053367710468963,11.957262575950699,-371.4158669621988,-190.75942229806915,-87.3968102957644,-97.63328781914515,-286.0937994869301
300.5977669690755,174.8841357680946,79.01118711489627,73.62974692303031,145.5137736804301,0.0,0.0,0.0,6.755149050722826e-16,0.0,4.54628543237921,19.96131186715487,11.216330714894228,13.244648255218157,14.92276899591277,-765.5956338397671,-406.50823152805316,-149.0117328025507,-144.31317606806095,-317.3374766397035
360.867929446944,223.85126353018092,83.0524703492641,91.37079130866812,175.79609410602384,1.2601489735687986e-15,1.015735501589323e-15,6.844277915125457e-16,-1.8663541613242684e-15,-1.293394353267607e-15,24.565796227146503,36.64584763147972,8.477225820933615,21.054140944070486,24.267186277911687,-973.369495253122,-575.0215225798332,-151.86475219999176,-207.44394314673713,-423.3220101104507
82.81667164022596,53.56168709540991,25.99137395819654,18.850876551525115,35.17487835192631,-6.863765197875672e-16,0.0,0.0,3.7692822072118144e-16,1.6160231825704396e-15,8.054817094030287,7.956224120605939,5.089453741413578,2.794394431265009,3.316740802369524,-149.64114409898983,-88.44134901765317,-34.691731627711974,-19.38683803487362,-45.33343977745974
43.28210147926131,21.9424062780279,13.679371445616379,19.938814143190005,38.15149026998884,6.566619563059413e-16,0.0,0.0,-1.4254463292698522e-15,7.449698354971317e-16,2.333656952933758,3.0930421506831394,1.310444559590679,3.5556715017690226,2.6865578971933526,-59.00380709772529,-24.28810588575645,-9.778451927794327,-22.162228348180562,-50.03239202133365
142.59305843123934,83.68595453257007,30.81810971981276,19.270841702434538,51.77724419980407,0.0,6.792468243722416e-16,0.0,1.0139632474348135e-15,0.0,17.424525452821808,14.990009870668175,4.780093893428707,4.11728793706019,5.143596141716357,-311.0476489377059,-166.51528153268916,-41.1506075630516,-23.518341930669262,-80.09779535275942
179.19209285602335,122.42526412565962,57.61694719757577,43.82967588275021,70.8254963871683,0.0,-9.286223602092922e-16,-9.865746386368714e-16,-6.484581247289071e-16,8.025841223910791e-16,21.669501497348456,18.098681706432455,5.895081079065536,6.582948370598181,11.68813594249873,-422.6439797209071,-262.8922318814574,-92.39544887996108,-66.86593978966066,-133.86594216408568
41.44325629676683,16.242672381948466,12.604497250521746,31.005889161788446,40.06633058266997,-1.3715963449822501e-15,8.749086591807052e-16,0.0,0.0,0.0,5.012529776380342,1.2317748610966492,2.3467543193780505,3.449294786513854,4.357601816509419,-61.41346497927014,-12.67457424120726,-10.88382408814537,-38.59784785162725,-54.94000677168782
54.7598810852774,36.412348014116276,19.426898526472094,11.371605333722577,25.333676677615145,1.3624388106070809e-15,7.805514057864527e-16,0.0,0.0,1.1218943776730778e-15,12.244696297818258,4.527465180664457,1.5221668835700375,1.4703778742494826,2.3017417281636945,-104.94798846003869,-50.01421634185458,-17.327973568142752,-7.268336641644102,-27.326020032141873
142.14350414234306,76.11253561371969,47.02648838091184,30.247674747577296,58.913309616313924,-3.9990162901770587e-16,0.0,0.0,-9.396328698846665e-16,-1.9297309633769843e-15,11.68594985979513,5.1620555184586046,9.337545280463946,4.431640524401705,2.7335263655092388,-303.83906216675945,-131.68112808011554,-80.57370376902277,-38.85231566902112,-91.40893029025493
27.49432242191325,22.08739497954828,13.534240588115697,28.89564546655889,13.53418151539074,-2.067460255558189e-15,0.0,2.0999855326467944e-15,-4.917991789333211e-16,-8.531228462520202e-16,2.4704541763769705,5.379868039779103,1.8955250166728252,6.891108095887378,2.1978216404032898,-30.81997748616027,-32.652374984797476,-10.429015197151395,-41.21803911364705,-11.791245406996453
2466.376448866682,1505.6198083703864,622.5710098975612,616.707286035861,1147.892392524508,-1.4750298190543422e-15,0.0,0.0,4.608622287097693e-16,3.961585196033565e-16,109.428337449739,205.9805314337819,69.34192294770048,128.18081673544185,160.4267881085974,-9541.840086356378,-5575.562909504411,-1936.301968744291,-2070.7922485983777,-4073.9913667772016
146.94909162585708,86.40899345728577,33.96522959623077,22.226548344461715,52.0278487079008,0.0,-6.578414651815983e-16,0.0,-3.1968199683922095e-16,0.0,12.247959017952194,10.788257622011177,6.230982520338852,3.9600714852830765,4.9812588661287025,-316.35334618252256,-161.6172177811148,-49.64275636843525,-26.921387350906397,-81.5654362358677
157.98942916755448,112.00772815677574,61.5870634544783,42.35566143618241,58.261355565113206,0.0,1.0149910152850351e-15,0.0,-1.0065375607424008e-15,1.5854515356337563e-15,12.33741192299433,12.440221406386351,5.940903148975164,6.292654360142655,9.13386394718016,-347.1298887865765,-228.5071141523031,-101.11550260801855,-63.206906343437446,-102.34827526403129
88.95458575998754,47.23474692018292,19.800676433972995,10.86569164436677,42.337071872717615,0.0,0.0,0.0,0.0,0.0,13.38297363118783,3.482446446043762,2.181605650769341,1.1138630255998185,5.918590493645568,-172.50554153351737,-67.88038916450783,-19.56193348648498,-6.132572364602442,-64.09209013611661
1294.3224178841817,762.4894535509778,381.55021043022725,332.37841228939993,578.9761469120721,0.0,0.0,0.0,6.840807556576783e-16,1.5708673088237801e-15,23.87334563648911,86.08708572385585,53.798534076077466,53.670366289192614,66.88507400788258,-4471.701746820386,-2470.26731359743,-1094.7102579410287,-949.6474114720036,-1769.504624800913
16.484561628431877,8.496283160278805,8.899331698803532,7.355364360349497,14.940969018292915,0.0,1.0453729035920922e-16,0.0,0.0,2.3778335089583215e-16,0.23847692716909932,2.325278748470178,1.2322502644961113,1.1754990865081538,1.760227677377595,-12.245704218566532,-6.664577054586463,-4.881198860116015,-3.2400653633113197,-12.079189118651845
755.6440853172622,429.9400027852917,228.93620257264234,109.82703624966418,276.51196169085597,0.0,0.0,0.0,1.5527165478158433e-15,-8.222923668576726e-16,96.89077841406466,55.469757236887006,47.24306388224433,20.63110668280175,23.625752250235397,-2434.295642939641,-1255.6248497022543,-624.3299831735927,-242.0393632141947,-711.6292996666219
271.399895205097,130.15434380340875,123.5761533741155,39.76242321211824,195.3004526939328,-7.854196869418201e-16,-8.734770918851082e-16,-1.83994783164094e-15,7.147881626525728e-16,0.0,45.23534537296372,14.015416824549348,16.526767292044926,1.698642436446626,21.733531286291484,-748.2911404336129,-282.0753643059738,-263.28398399474247,-51.80352508274638,-463.2869215765032
1161.4670368903053,679.7443056361686,284.3498060248604,284.09123630911427,561.0651948188234,0.0,0.0,-7.996266240580907e-16,-4.986583175977578e-16,0.0,84.30617877970602,68.35187400074757,21.399019389080003,57.87851375093902,86.75750958038017,-3982.487373034953,-2134.3443229213526,-727.4442638912085,-825.8202302258461,-1764.0604533539636
52.17129653304691,25.005103023035893,27.812776739628607,44.33820783207299,40.287978367025495,0.0,-2.2732727319076087e-15,-1.0218939912571826e-15,3.205103546138885e-16,0.0,6.487600981934122,2.9027315537400975,2.585812368900418,12.55813962707406,10.868061283003724,-82.76197801200894,-29.014586749096832,-31.74514106959758,-80.6811516263798,-72.63027028440614
1316.785957240657,760.0116222027543,308.94862957234824,239.39261464734315,530.6625293851797,0.0,0.0,0.0,7.717076467449676e-16,1.7138852875605514e-15,78.78698868996109,78.62897689651304,50.545949663129214,48.05804220005536,67.57816634197447,-4592.532794087418,-2442.80777857295,-866.375400798604,-659.941054677049,-1624.478682695976
41.8249376417065,10.661189832905976,21.41948344730112,41.77246387291723,14.60273657007101,-3.3976989605912506e-16,9.997140284947312e-16,6.634545949796277e-16,0.0,0.0,5.270160485553435,0.7889906129780467,2.5884859843951866,7.297082043927266,2.6860532710490914,-60.03190953911379,-5.503565951614312,-21.986319783505568,-65.2130845789945,-14.71346402573933
294.24058901791767,139.8363844473886,67.69824937253192,83.68158683173164,227.70507344788362,-1.1591212290024315e-15,-8.129989785626147e-16,0.0,-1.3585645543531513e-15,0.0,35.16968342458881,8.556337431098331,14.06539457789758,7.386152519583545,12.959514672270345,-777.3416745560465,-293.5754331927816,-134.27503902083393,-152.50991592371105,-546.7235584193681
128.692629025613,83.38704424529703,35.440837775987674,16.552545452890495,31.86526142825501,0.0,-6.816816614052601e-16,0.0,1.28779480675467e-15,-1.560884463954349e-15,12.6791651263694,11.592072603688134,5.678952925118492,1.8637510169262022,5.668452248918196,-268.32257448839823,-159.0146294319411,-53.35542676126618,-13.964648473417704,-44.994148591465326
12.33627096083997,11.636964842841664,11.311863122400709,8.962070812451135,9.646015158130373,0.0,0.0,-1.2562788783273435e-15,0.0,0.0,2.0173196008723067,1.789291725947118,2.245059661907745,0.9802451619633822,2.093046576800543,-8.938607741056613,-8.860025813390928,-9.644029281817506,-4.433814665352775,-7.82260523269393
104.02127121581852,60.65402645559027,17.18491069946701,4.0185216761078575,47.08808841827172,1.0929191346426044e-15,0.0,-1.6538758872506394e-15,4.4204236845643754e-16,0.0,8.077424411197049,4.606462869343631,2.157944972571312,0.5118396003149789,4.589759934224444,-200.9332231073593,-96.70898293410814,-15.392298480627954,-0.09711882053424097,-71.05642667559631
285.61521155242195,171.63572265955258,48.86867077479039,36.90671224537377,124.77159534458332,0.0,-6.623728205294369e-16,1.1631873337167075e-15,-7.700959446466719e-16,0.0,32.42399075935967,24.87848571481097,7.196404767566127,3.9124939892803696,9.461236415543297,-748.5711463761884,-404.02502150915257,-78.59603285108672,-49.06657009148405,-256.78530872525454
96.56319308930667,74.38655873836527,41.940622553951854,50.34534852666151,68.90160954750152,-1.1773309693318916e-15,0.0,1.355330832003874e-15,-5.645349622587806e-16,1.2374910956532781e-15,1.6486798559331122,12.026778056910493,2.4140904056527734,8.758625804500847,4.206515851107196,-177.8633513696412,-146.58161441487127,-56.480531517632976,-84.3944736605204,-114.41935242934896
90.27563464908147,36.68950565181741,41.9282924551905,86.28770818949803,98.52894428286291,0.0,-7.746550117116702e-16,1.3557294020870889e-15,3.293830607713739e-16,1.4423025455752997e-16,14.663218395399136,4.583159911903636,2.9995549632900365,11.58689364520304,26.607021698681468,-183.54867344354818,-50.05889533938568,-57.12539213542993,-164.24780998290598,-225.9817356652651
14.18148629031906,14.121441854202915,17.275161118570566,13.176089953396538,11.041483969063599,0.0,1.0063317090366715e-15,-4.1130889077281964e-16,0.0,0.0,2.2299075300384494,1.8175636872412508,2.820663854537123,1.057913633656921,1.5949470194584756,-12.60369407283952,-11.1256296597012,-16.119024705267453,-8.634247036672903,-7.25388405263911
166.93278372177184,111.2789603674531,39.57195638071381,23.15874216825841,56.29784048444177,0.0,0.0,-1.7955714115423354e-16,-1.2272561792824427e-15,-5.048454645122402e-16,21.251652638290288,20.163885443956744,10.276796001887638,2.9649063573081773,4.859732802485961,-385.28836410980074,-236.74720589268284,-66.31287295518118,-25.388656210337317,-88.12630795936356
111.65479169754975,73.32818853707698,16.76444235941392,10.655469892221209,58.58478875593711,-1.01819936245612e-15,-3.875959572631897e-16,0.0,-1.3336675772108676e-15,0.0,6.136724634695593,6.348175070532757,3.4727583432820435,0.7727672270958802,6.946662911668362,-218.24068209461265,-127.0847996716323,-18.876129017697227,-5.572561367190229,-99.07294349642233
223.1980352654511,152.36660233887855,55.3368545006875,31.399444575497533,65.10933834795978,-1.0187082299932204e-15,0.0,-5.136126671249609e-16,-1.584040487837798e-15,-1.7460911231204124e-15,28.191131388867213,30.417300867006123,10.973408390953033,5.936595905919729,5.476518624794566,-560.5645877425944,-365.60492155288784,-97.5305469256411,-45.767684784019586,-107.541278729531
66.02152245898287,47.01615564781174,21.129869358004967,13.849681246353748,28.354331306808774,0.0,-6.045094295523677e-16,1.3450963159711424e-15,1.026078106955952e-15,0.0,3.242585460317351,4.20786538869846,2.119506394904611,1.897157329718032,4.009542465881378,-107.30109703233897,-68.31584039413337,-21.45933583504118,-10.42650783825271,-35.73604606056391
128.69464902344995,97.834728315158,49.00738588693727,42.384890858643885,39.01980778150514,8.833843410296003e-16,2.9050736808762105e-16,0.0,0.0,1.4567836720034029e-15,21.0918433855499,23.19540416862533,6.823148619904337,8.05964237075043,3.0519365454111593,-299.42118040276586,-213.00945887869332,-75.68740317599388,-69.49181831171566,-51.96344391546437
96.13471166405895,67.1295741777278,29.514613480527608,14.354131199129446,29.944558146938263,0.0,0.0,2.407426870858003e-16,9.900184496059132e-16,-9.491443918103041e-16,12.236605232355787,11.94072518677186,7.530664895593793,2.344761507377522,4.180817592817015,-188.4955126634632,-121.57459152842647,-43.71073586400491,-12.44325382263122,-38.762867784728435
73.01113410557956,48.92913410085187,18.530031966275768,3.7559098977558216,13.894400056028909,-7.785582234431283e-16,1.1617499452093994e-15,0.0,-4.72949801181768e-16,0.0,1.950191048741533,0.40136220577654047,1.8777162598510735,0.6893109123503895,0.4590477894843436,-122.03783360581716,-69.36909171408202,-16.708267693438938,-0.37030441734744685,-8.952993811541678
55.009660211664816,23.54653226237098,17.219644989794645,40.38977600343705,45.47094331043756,0.0,0.0,-1.6505398019092933e-15,8.79607175463953e-17,6.250521181486021e-16,0.8379411057904479,1.021339970141137,1.842228713069625,13.168392108335704,9.6903730219111,-82.06488439571933,-23.007540513560112,-14.972260167077403,-77.23064266232947,-77.08884456982432
236.46898755115114,175.71969271732246,104.76954116232852,69.41377646007945,52.046196734990524,0.0,0.0,0.0,-8.189068764108985e-16,-2.1843447716360157e-15,45.006216425155024,34.08400752403309,7.194032233229758,6.536215015592204,8.147191910734099,-645.0892327757776,-433.7310164965817,-202.10694082271033,-120.70432880480266,-87.57419861779776
107.22633151335225,69.25162687506665,20.864540415640757,30.987329463209356,57.09478516711533,0.0,-2.0520607755308171e-16,0.0,0.0,9.955973858983518e-16,17.580850267226776,22.006081784261276,5.727273330173273,4.514340537684357,3.1470015415925707,-235.4491487341943,-153.5918005195223,-28.422790679619183,-41.06740069842795,-87.60816015436963
217.9961973948109,164.08769953318227,92.92639904519301,66.01183687828275,56.38473279505951,0.0,0.0,-1.2234073297764027e-15,8.611094850400829e-16,9.293743920499513e-16,6.966441921644167,21.80070263445765,14.297393791449162,3.2376452728326353,10.61981684817754,-513.0998092310946,-381.439216907857,-192.41660242793006,-107.24669948727058,-104.77624905538869
106.42193398010699,91.8759389898519,53.57468704770693,50.253540072242075,32.582750791538544,0.0,0.0,0.0,1.6966989423757804e-15,0.0,9.77293014762518,21.59683182739046,7.8889398993677,5.9853942348437466,3.1125874524125408,-209.96465499339334,-205.6276159538335,-88.93941857748078,-80.01768645047333,-41.51372735514871
624.925824160282,399.4157110924722,92.4899413453472,25.606447682122376,165.329121129253,0.0,5.692657277334561e-16,0.0,0.0,-6.876395213686315e-16,50.06348745860738,48.63598639414975,2.59604719008943,7.547833154266974,23.633432243728404,-1908.6735778887619,-1124.7477213719146,-168.23844364155502,-38.7819368722487,-383.5449127936856
21.00353183079104,20.7444120000745,18.09851624618524,15.449160350932392,10.636009698676542,1.3531871524929901e-15,0.0,0.0,0.0,0.0,1.4479309638230837,3.4582859296887922,3.31794713517082,1.9180587025557763,1.9977554659221226,-19.579191967144233,-23.049044617719616,-18.618524721708468,-12.68636087251746,-8.619329084799338
37.97899714190909,22.27777999216498,11.813222084913138,10.128886088518893,10.445093436003315,-3.7417667091374035e-16,0.0,0.0,-7.0150135913316415e-16,0.0,8.151884141818723,4.808738396580262,2.457437920991001,0.3513422454455474,1.1362431429364102,-58.39331703645618,-28.093213179888473,-10.552027369877196,-4.541971329101396,-5.83625027894335
95.61142481255938,63.978422592137804,14.127694266792636,8.705035991511677,33.39365404755492,0.0,0.0,0.0,-7.142128928545897e-16,-8.511110940398882e-16,8.209948480232667,11.762784753834389,2.4758027960029234,1.4039776485483153,2.528627914764998,-181.29840837267992,-114.505016441695,-13.307325284135672,-5.118240716336154,-40.847738461945475
561.5737803445286,387.36815328981754,89.721741998957,79.86717409208707,125.22932242659081,0.0,2.9348524589877386e-16,0.0,0.0,0.0,71.9035624394809,91.48823442291425,11.623990905292922,7.661776265803562,14.211490486703292,-1731.4655242842366,-1173.1317179846235,-175.25965116422236,-142.32910465149408,-262.7721916377747
109.17763194464695,90.50099745473442,38.52111408511391,36.885961987595365,34.510474927363404,0.0,-3.140485765874525e-16,7.378215844849432e-16,0.0,0.0,12.397821909008258,28.643401741406485,8.326610884076826,3.7423165370111864,4.327707293890735,-219.6687087707433,-214.96500897288595,-60.171929258179055,-50.302234040454515,-45.56870387269783
542.009609582967,415.0722154978857,237.06679224635047,106.51425510571943,96.11011719030954,-1.6780047543302999e-15,-5.477930513139593e-16,-4.795561480558489e-16,-5.336695900880945e-16,5.914405321996564e-16,78.83965325510309,83.81526175813411,55.43448918225723,7.235609196066596,14.25176149921407,-1689.5188447886821,-1262.0989732100084,-645.9951926545375,-206.25829649352087,-194.9390643448669
777.2750214269221,511.45739676386137,150.82840443201846,181.8757468581134,299.08968666936596,0.0,0.0,-7.537495218472398e-16,-6.250797024097252e-16,-1.520438086483312e-15,124.96872858575374,138.32698009589524,27.945213637415453,22.334728948376778,18.741151591542003,-2658.888564758031,-1705.296016696602,-360.2133466413634,-427.01260524190246,-769.6999944427666
519.2543423427855,295.3302876572984,63.25736730603477,62.256912493516,275.6377608062879,-8.757699528033274e-16,0.0,-1.7972110216286263e-15,0.0,0.0,25.15559011945567,17.751978878995285,7.0281093536852515,13.303356078895675,49.07754156934332,-1507.276254287363,-756.8627680697099,-106.17522856351273,-114.59170862259313,-740.7791254768673
46.15003689715184,40.4510055726001,28.67853640621694,24.01071015692727,16.456797695606593,0.0,0.0,0.0,5.918548273801083e-16,0.0,3.3478441423164025,6.260673566544145,1.753796300214103,2.59984830280591,1.5623210760928463,-65.47241115371568,-59.51178899561295,-31.978306674214043,-26.021682936751986,-13.706940730385346
495.98915979890194,331.36763177380556,122.30509361058668,30.39327956057858,99.10996529423628,9.168493744315717e-16,0.0,0.0,4.6756568954256935e-16,-2.2941555348971043e-15,38.65916771309361,35.21285669360113,26.04591476492361,1.7256894508117946,15.942015698335474,-1439.837447781805,-889.0736195920705,-277.4714264976987,-34.85972303120783,-203.913291153683
10.331651341341454,6.114521925854284,5.293410279250309,5.838563747662197,14.927830838569992,0.0,1.960972388577454e-15,0.0,-6.084910317581157e-16,7.139778814255707e-16,1.2406474835030028,1.0891186009337708,0.5763545334484749,0.5097004296891818,2.4300864889714897,-6.188029238982279,-2.5044952502374875,-0.7305885623420958,-0.8728370862054678,-12.68993239411735
170.5860639488462,143.46485947726822,90.97795953519284,54.66625906798501,53.75059609759008,-1.3328971322734476e-15,0.0,6.248042839301026e-16,1.0398263907196469e-15,0.0,25.722519076578752,30.82735893132304,16.9659139139566,4.707056439205933,5.332790036835315,-409.74939061836443,-340.73084514485987,-183.29238535120166,-84.46971097936851,-85.91831519171137
31.266120190962475,23.90089620381795,20.70662218624906,18.147495793800626,9.622237131324939,0.0,0.0,0.0,-3.915376225092329e-16,0.0,4.766407680843009,2.6199374566036986,3.4648442480653783,2.449428780131592,1.0533817935663448,-42.24505708990506,-25.639936874795822,-21.805003733826354,-17.671212816116284,-4.944676853928745
8.234308910483685,4.893962117249111,6.187647666600929,8.559720298015097,3.943025466888213,0.0,7.259381240975924e-16,-7.177028069117821e-16,1.2451506200352138e-15,-1.3515181585693353e-15,1.5208727766741215,0.6899726653528123,0.7919814056015263,1.473803646918649,0.604231999375327,-4.907357917042949,-0.579734072006375,-1.7865426056964508,-5.054416856640786,-0.14772321162130905
111.7202038122362,59.84366019869298,61.61970656848604,39.72968525025446,21.366768839606582,7.632024054889284e-16,-1.424798015497626e-15,0.0,0.0,-6.650914240650185e-16,18.455981045024824,6.834745496470132,7.778937238066582,3.8836870195297073,3.4415121805532927,-240.38299077193471,-98.2579222339073,-104.16595930437752,-56.11636386138967,-23.02828674335905
108.34427891742476,65.37889477095686,16.562779806693623,8.35253017720983,60.38707322729474,0.0,0.0,-3.2174976546189906e-16,0.0,-4.706588332808535e-16,10.962071672338265,8.233549072172305,4.839051190573173,0.8907574895231417,8.11054261672232,-215.47926301800032,-110.97872734599187,-20.679459201155392,-3.389589944703608,-100.93437900565438
77.83326249161931,57.83839442487645,61.91662126445381,70.0814222758924,48.912430563987165,7.07500370132077e-16,1.9655946340156187e-15,-9.180639657003005e-16,-1.6222107661294374e-15,-2.3242933628679748e-15,14.243310733408542,7.870616903466973,6.52658292877805,6.849889324172688,9.029105997926331,-158.4199919880268,-96.20224449036107,-103.68101144602225,-120.43292909755613,-82.68253601428216
274.49537941317794,238.8716613938781,182.57715285422208,135.00201873256717,74.88854333683203,8.283333436406702e-16,0.0,0.0,-8.421121312772697e-16,0.0,24.83835373404069,36.129861600451044,21.53563618212987,11.501228115367288,2.5948093106434076,-698.4053080212645,-616.2118086957313,-431.5841508409696,-284.91156313043854,-126.67663496166918
24.740218627192384,20.831539691697646,19.279360443970255,17.029254829332928,11.786610864872221,0.0,0.0,9.213774723299069e-17,8.344965682657926e-16,-6.028388854999356e-16,4.962099005769906,3.328660963399399,3.8000937833751047,1.542262612486908,1.2560555284879933,-32.71397530741402,-21.97481460050175,-22.66706411328797,-14.093375615902103,-7.9577863671490645
0.0,0.0,0.0,0.0,0.0,0.0,0.0,0.0,0.0,0.0,0.0,0.0,0.0,0.0,0.0,0.0,0.0,0.0,0.0,0.0
94.48550215309344,51.93502938700886,34.183756103755904,42.27245586146985,46.86977014069929,0.0,-1.3681377369892023e-15,1.6628780842068552e-15,0.0,0.0,15.540261902161648,6.606847803755121,3.3574548962760953,7.7653938281321535,8.654821934680221,-195.6349920556593,-81.93842357096035,-43.3737952189432,-67.56343618373214,-77.93445560881878
4.501949040311089,2.951698598201497,5.596488454324444,9.948529408748803,17.774436804865513,1.5783002637253329e-15,0.0,-1.2696224455016237e-15,0.0,3.997554147907509e-16,0.2704060652556939,0.39782193877567446,0.6672847608995857,0.8861363186027448,1.92398555431927,0.1700832749860318,0.5577371173195476,-1.2034849120924718,-4.849838646882903,-15.598063971267456
452.4705286910707,266.57594093228056,120.00344556939314,139.39914937848022,211.38350832311247,1.0050319789931511e-15,4.26470735971242e-16,-9.473631126355913e-16,0.0,0.0,75.74559914731209,44.30269263280015,10.057293494131983,27.570282708096585,7.614211511761424,-1383.1571806755626,-720.5627133380641,-244.64970632593577,-332.69361835948695,-493.8800661118759
19.220730894865376,9.763062377686655,23.78718123336551,11.627528331845138,33.05863208296827,0.0,1.4555734835496613e-15,-1.1948330132759823e-15,-6.110866518502357e-16,-8.597364028576005e-16,1.7794479975929036,0.023863183713627684,3.2107824029076477,2.362614799022165,6.2365359911946685,-17.358676437987913,-4.059716418274374,-26.40905249841502,-8.940401162009106,-48.306550822629085
84.79625821255601,57.103879936844514,15.756643077383082,24.454986278887954,47.262980962215856,0.0,4.977194099917154e-16,-9.018960856960779e-16,0.0,0.0,3.9869244160786974,4.392430399399786,1.4912818602044289,2.011568112153124,9.573315165598416,-150.59363725441943,-89.07059909647485,-12.98623683160167,-25.562098531758963,-81.8447375100708
28.379220613074374,11.658551615868943,3.7039392349897673,11.877807381828163,27.16316651114682,0.0,-6.094605566552116e-16,1.0790681582716639e-15,2.9910517695680026e-16,1.0463327027333402e-15,1.0509165270007406,1.1096346138164337,0.602299813853221,3.469493154046511,1.0301378343953118,-30.924727323782623,-6.958810908884797,-0.2567582267492396,-12.55751937513154,-28.85229643888155
13.727475377114864,5.998095242348926,15.574908347602678,14.562261392772488,8.59343375106335,-1.5528188168043977e-15,2.9615349000437143e-16,0.0,0.0,1.6536875859947783e-15,1.338636040958722,0.8681945601407388,2.330924935456054,2.418125558948782,1.0822637254834295,-9.641466636366664,-1.7168297189818715,-14.642469625131314,-12.888963029364838,-4.127289957178824
4.581594886123313,3.485312551021105,6.411698526434814,7.800765133526788,3.500634492467789,0.0,-5.096693089633595e-16,7.618856825863509e-16,0.0,-1.5223156058329293e-15,0.43983993400365745,0.45615203657403897,1.0764488516791688,1.2792578868609281,0.4819422992598884,-0.1016569684797424,0.372472561259224,-2.7228557580603563,-4.084609761763965,0.25295677515094867
23.258148106394167,17.799140067345487,13.431492974861648,12.64216619777169,16.251357748367223,-6.11005427009691e-16,7.984011958686367e-16,0.0,1.6861257587770217e-15,6.558308051197955e-16,1.8407884538822838,2.0665937493125512,0.4980499985132433,1.9207929847445064,2.3325458588884826,-23.27049848722933,-15.596216746486514,-8.39208888129097,-9.614392295661137,-14.919792855621145
58.01175035678115,57.62720970260709,33.656483896052926,32.134670454402574,24.15597124982738,9.798604336399484e-16,-1.232998681398858e-15,4.222323032641145e-16,0.0,0.0,4.13413286961893,10.770178940739749,3.412994077537929,5.8971282441943,2.338361119950076,-90.78121440567422,-104.21361116615542,-42.55057175996109,-44.539881812598,-26.30010033369406
23.680972266479998,18.522034740465852,13.339736782211144,17.37869112985993,13.691133165644928,-6.000959147829086e-16,0.0,0.0,4.0885860186516074e-16,0.0,2.9134710551991296,2.681631781231829,1.9730872988050916,2.3210303043889646,2.017956723902614,-25.21866175073167,-18.40047767475861,-10.975250391874964,-15.830930430169248,-11.303356894153312
14.049016255190686,5.012046068623903,3.962915713983289,8.128373968253632,7.988609141272175,6.321997238575122e-16,0.0,-1.5688572219598546e-15,0.0,-4.447224311483508e-16,2.057012701640784,0.6390043702925264,0.5432919935420474,1.9378665458991116,2.018021813033389,-12.057792608983583,-0.710098299665545,-0.02680260517548753,-5.35675915001849,-5.824965313688661
19.358275118365267,23.194919294408393,14.467695279109506,27.351660096655618,10.980736111534172,-1.4681943125934928e-15,0.0,-4.911236531129334e-16,2.597804788627732e-16,0.0,3.216492392380543,2.724695552763915,2.511881387764136,3.932772280268537,1.7738948787981164,-21.14478285706898,-25.33274148697959,-12.458966142725933,-34.419427597430406,-8.669247670473716
361.25204185137613,236.55726069514444,200.2977530184892,209.15603120941103,103.19790588865015,0.0,4.805890860738631e-16,0.0,0.0,0.0,56.19371139901689,8.87342086152672,12.494993412589716,35.530521901346404,20.778928882285562,-1020.0580258315866,-569.501352305708,-466.3265836561629,-533.1413304565255,-230.1868330015972
80.85658129973761,56.49711435838001,36.420461642173265,11.659036465651205,19.041799435207516,1.0545230446379102e-15,0.0,1.5607550343344874e-15,-1.2188704235610492e-15,0.0,15.572514445509523,6.309780958035649,3.6054711130489077,1.4639541564391856,2.265458478662289,-164.68406003229063,-93.15572774172927,-48.11421016534073,-8.175656375288536,-18.805972045845035
48.40020748886511,39.055699578345624,28.764686150444753,17.070706136400883,14.462855965446408,5.872228840535998e-16,0.0,0.0,1.040587791276202e-15,0.0,5.641620255832348,3.2762727208591262,0.6794472867038973,3.552672262226839,1.6506952545276765,-73.54500556874093,-52.785792538624094,-31.395412007080267,-19.317668613584853,-11.79126334442045
86.3362930348996,26.097026589092447,95.95619047109886,39.538650457084486,106.02691019232259,6.583954078017953e-16,-2.1781569125030656e-15,0.0,7.188335742832983e-16,-2.1444902528122168e-15,16.450993847179117,4.439051668287571,1.0253459338611028,3.0581476083756476,20.03921183287285,-178.35716907766098,-33.14549841045948,-176.23473070225998,-53.15086044972625,-233.9648013312164
59.05488763931529,58.304562416031814,50.41127802817335,60.74956242276798,19.52913017150753,0.0,-1.4624091967761164e-15,1.4094916128946368e-15,-7.017756580519499e-16,-1.4553494795108956e-15,10.175053847912285,5.031024043420213,9.441172360512635,8.827896518249496,0.5024122331402976,-105.08399541999684,-92.41241867032798,-86.54612137594579,-106.44238934508145,-16.639984821969886
3.13630985159221,3.1909082214469113,3.4810258836812853,4.114531086580403,4.0909777603307065,-1.132768714480457e-15,-1.1133863565619978e-15,0.0,1.2951829518512048e-15,-6.513199081495324e-16,0.40143506561831815,0.448300331889049,0.2514323282191106,0.6084004473039026,0.8736194538609131,0.48293468690448,0.3967729703363849,0.6227020756681285,-0.33587237466773107,-1.0820332369935473
6.766775215222871,6.141631143676434,0.9788141168022048,3.5704682785277355,5.413993829563755,0.0,-5.784641890222368e-16,-1.8148050880218458e-15,1.4925410625404482e-15,-1.3124188134092385e-15,0.42299347281538074,1.2889881031874502,0.10555805574196767,0.507870733579502,0.9854827510203095,-1.4896988454567492,-2.4243778193245813,0.8866820204506985,0.041891360852536204,-1.8557422384935385
56.0074256463368,45.093538178650654,19.35275859837574,14.18383445620137,19.77042105175084,2.0298529419920192e-15,0.0,-7.343064113037977e-16,1.0019050038326427e-15,0.0,5.224004150341051,8.64569677497585,1.6802262713927227,1.5723978392456195,4.461642262974675,-88.85704924601639,-74.97110878169084,-17.559483159679857,-10.551793671591447,-25.73711323889928
35.02243041788004,23.067385475208688,9.988617424422266,5.80477139573141,10.369106882746063,8.115287571788234e-16,0.0,7.113524380489499e-16,6.120333492225069e-16,0.0,2.148714659488003,3.364188318345933,1.6003393538612383,1.0737180675398665,0.9268733766863175,-43.39424634560968,-26.099061750620255,-6.578022432997363,-2.2884804587111693,-5.662759787608258
58.4176996612352,48.37595294938605,34.19284669660702,18.078064843125848,12.108305026503743,-1.4595769567385454e-15,5.875173034863123e-16,0.0,-7.860827383084454e-16,0.0,8.501580166372243,4.960419128072338,2.9934319636176006,1.495591160279864,0.3229259965097548,-99.34084112161507,-73.00121142815664,-43.63942233136476,-15.778189023034694,-6.721302447925245
81.49495628483164,35.46794917332076,10.30976546670315,43.38186230531026,61.93540527346892,1.3950168563103596e-15,8.013350107026491e-16,-6.891938890898137e-16,1.6378797451328514e-16,0.0,11.662889569644461,7.585383212295236,2.196347716992728,14.37675722490146,17.249104367640175,-157.0702606055394,-52.80264845741374,-8.724014666226136,-86.20108896622575,-126.55014208359869
47.443804057635546,39.96717601870653,12.208146770114634,20.101111591220242,26.63475492546729,2.9953025473965816e-16,0.0,2.328093687403885e-15,0.0,-1.0670910811808555e-15,9.061644960621601,6.435652260579318,2.370550833677658,0.7933585755126525,4.199032372273476,-77.53474958958468,-61.258586501197044,-10.811253769949506,-17.627472117560544,-33.97299978616152
4.891871600998613,2.42930482725252,1.404888667993785,7.166901163237188,3.9275162166368904,0.0,1.462440464014772e-15,6.322055547422597e-16,-9.914225403370262e-16,0.0,1.0161514051108247,0.2879767650751575,0.18942106729047684,0.6831354972038522,0.5671044104761749,-1.5644862783741813,0.6923271249755564,0.9437328555006815,-2.2216853671856844,-0.034578337225968175
21.246411465636694,16.36661527372464,13.76864106225753,12.278751614734135,5.01312213268843,0.0,0.0,-1.032117450875865e-15,0.0,1.4173656993651805e-15,2.1445992828778255,1.981266457434498,1.049789560376301,2.638774321996336,0.5211447093389013,-20.68504299381711,-13.90656781900745,-9.458242166631997,-11.712333592503025,-0.7132458889010762
14.838231789852587,10.757592638378313,8.42842651868879,5.192930191999991,3.43658549524896,0.0,0.0,0.0,-1.3682886337558175e-15,0.0,2.2841721304160627,1.0825496515344148,0.4574925822561072,0.254796405371534,0.5619994880608994,-12.773705834683424,-6.276333149167814,-2.914904255073996,-0.22365898935702125,0.00498372811183449
581.1068714586679,390.75690447418964,369.3346521435036,504.54783404551983,176.82944890763775,0.0,0.0,0.0,-9.01296805181483e-16,1.2858360236251982e-15,55.824312252426395,74.2234780312215,47.06351080286685,53.53093118454894,24.927014270840594,-1760.4909630990285,-1161.6368222649091,-1041.284615764608,-1493.9573814537287,-418.7511152880025
27.899031443695318,10.966290918295305,8.498305786786668,9.767814472027982,8.201508810179282,0.0,0.0,0.0,0.0,0.0,5.0049707109057975,2.0800573783974214,1.0861421882064959,0.962969026952862,0.9433032427990558,-37.835623566140654,-7.965297545092171,-4.218081245171261,-4.900606751666564,-3.2758357494512746
3.5893887346190154,0.6338386872280898,1.9921624559622093,5.49690450748942,6.885029930787719,-9.897823672691703e-16,7.006344339632508e-16,0.0,0.0,0.0,0.2842268872202911,0.060205867520061115,0.35101589721485393,0.8791479225110093,1.4356554791099412,0.5686544151763323,0.7600697099296976,0.5707375894909655,-1.665749959574803,-3.2368254442280375
27.333199039956313,19.906802315119972,9.955340006930962,6.781168953705988,6.477569272972928,0.0,-1.4277385679776727e-15,0.0,6.548859243617027e-16,1.0969280386159288e-15,1.767580471086378,2.540461937502365,1.0770002047343041,0.9734435163937527,0.7684740602826166,-29.71774203637928,-19.643320666909162,-5.256947726008575,-2.603492837971083,-1.756409560945312
152.82505927512045,155.53468098797617,112.3737925524363,86.12148859580519,106.10318740444532,0.0,0.0,-1.0116846209365679e-15,3.300187896634705e-16,0.0,5.861819661308329,21.864571143835356,7.027931143800209,15.080113857840495,16.409665765879453,-326.4883250828083,-355.3881938658001,-220.98079296023153,-173.29729873746518,-222.1822260002838
13.703666774445516,27.899684608992114,5.469096804897453,21.990125568534495,18.86421280514551,0.0,-2.546776946471614e-16,0.0,0.0,0.0,1.747930182888469,3.2939355849746503,0.5951764915988953,1.7895582616516308,1.4335251680408072,-10.500716131089126,-33.2881709140657,-0.9600273384714871,-21.686294052685767,-16.39953646421289
441.4982061109168,481.8634176176511,281.76975876776896,248.79985195327387,213.67809382653013,0.0,0.0,-1.613896937965089e-15,-9.138818759664463e-16,0.0,16.373913841473502,75.87271994406748,15.281483151812015,38.15889951136114,31.967874309836578,-1234.000096210384,-1465.7937899565543,-712.6979684537098,-650.5306776183969,-548.6664972516575
60.25905886470046,52.875646787174915,42.96340172195824,50.57213861308236,58.131630148518376,4.716587010464138e-16,1.0750396886794298e-15,-1.3230660651285397e-15,0.0,0.0,8.301820601438338,4.264278138159751,4.2859949315474655,4.99853208582775,7.165279595923438,-104.46264309897045,-79.78072381305209,-62.07259050814418,-79.16450943910597,-95.44961115789077
51.429924274179825,49.318200667724305,37.65008967274093,34.939691983717175,32.57251473878432,0.0,5.762925055172228e-16,0.0,8.134504861591018e-16,0.0,4.583446069185568,3.345797030010973,3.4993196187017475,3.964927404683587,6.0980838176896235,-77.83453381621761,-71.7664527466413,-49.94085269257714,-46.32402453114295,-48.22369946001459
50.754167159268505,52.692728974941325,29.544643028746616,32.793906097704685,25.698507170619617,0.0,0.0,-4.809959863578313e-16,1.191680257617765e-15,-2.2119346654421818e-15,1.7553260020122758,9.3815743079452,2.18726474968966,7.116732166208764,4.603624471949024,-73.54815753203043,-89.6263550836957,-33.94251337500965,-51.7652904027273,-32.70841804706919
8.963709893058883,16.522569153226474,2.7651245621277676,13.115479524646455,14.63204799750321,1.585376466300665e-15,-1.7201749417313777e-15,0.0,5.417588693000944e-16,0.0,0.8944236617133227,2.0519649875920685,0.37206052173586585,2.5742113738084402,1.990107784086308,-4.442892543474403,-14.213104221133406,0.6055278705853313,-12.08465171131977,-12.11881117492289
17.164851037878858,13.222931536559026,3.571122705643095,6.609835475962563,11.572346568319876,-1.6558086853002024e-15,0.0,0.0,1.0749779451305128e-15,1.2280011345413066e-15,0.5398030510057934,1.1450186082096079,0.5835007031285484,0.9697283179519732,1.9831263200709985,-13.286424979577404,-8.699621895802478,-0.002482759479478269,-2.319623125357089,-8.733423832999643
60.15222904404948,39.85208057039803,29.198731734409158,29.53268253187609,34.85365949492354,1.889985450719759e-15,-1.4263601309446082e-15,9.733884912854119e-16,4.811907858306986e-16,0.0,5.1838518918691685,3.923703263011908,3.0112681284467677,2.865291767333907,3.13356753366296,-97.99999481645996,-56.06436440530837,-35.63505167003901,-34.706650910851536,-43.938168095189006
13.09196618051337,9.17643432406706,14.062140689616221,3.586502489775101,20.54389413203531,0.0,-9.678905643891519e-17,2.5264387245278376e-16,-4.952894482757324e-16,-1.1240633720066509e-15,2.595491434920848,3.304708541671987,1.6741952428205225,0.4059883667558335,3.227310598430483,-12.18420506968582,-10.42584195839354,-10.506303408771112,0.44143160787793767,-23.62505955027875
19.949736789980427,18.92896033734565,17.680033411199968,17.050614541443267,16.37775220773894,-1.202061840933537e-15,-7.507467109625076e-16,-1.6075597126643092e-15,1.6669023489635595e-15,8.676926195334048e-16,4.152300669564412,0.7791511288473744,1.297624395965133,1.9169810243065877,2.6523498424747474,-25.10157192700823,-15.907748099904563,-14.812203126052637,-14.87087030255164,-16.664979110806115
52.3086568167501,46.24111775947083,44.18399542550952,29.83346367302561,33.82896716431677,1.0866923817207595e-15,0.0,8.040725254894785e-16,4.763394177408562e-16,0.0,5.046088394878681,5.659541224108932,6.409639846839647,1.7130458213213262,5.55647664160982,-80.18241159376298,-68.32794373924888,-67.78970466915177,-33.85816528441755,-48.46479117623874
4.683925302714689,2.7727083559510595,4.134315981726601,6.82807212709556,10.534302465793086,-9.481133475648711e-16,-1.2813153143839731e-15,0.0,0.0,3.3725191490721365e-16,0.86199724289865,0.3453101854495059,0.9703711124059149,1.3448342281165349,2.8261749210253004,-1.0821103139913755,0.549102881329462,-1.5384644515379553,-3.773345864535744,-9.360360703413782
179.91455490004506,226.54471322536236,143.22678658189443,172.394293558567,179.78943299984277,0.0,0.0,0.0,-6.59458241771753e-16,1.2646665137624129e-15,14.067423839830019,34.879837968779,19.856121510546526,19.3849567062519,34.69313944445343,-409.8990519800454,-573.9013358904172,-319.8642278703913,-399.6137882219847,-455.16341060491703
4.853457270546032,3.1276022516669744,6.6342310889878275,6.997932248600035,7.742538427357367,0.0,-5.679612356249819e-16,0.0,0.0,0.0,0.443006310843011,0.3359783770785646,0.5871758302647787,0.9607376369615043,0.8264184124902237,-0.21912268426519751,0.6045416192992642,-1.6775955205336306,-2.6175579799513153,-3.209055900529995
15.356871994520485,14.215338009723169,11.8937955874388,9.029363709047047,8.245902534430776,9.253743028054545e-16,-9.996846156934082e-16,5.974062111093569e-16,0.0,0.0,1.355707675739329,0.38651689278729634,1.4807190257676506,0.2176600594893404,1.016271896783337,-11.855835201147528,-9.314958825729201,-7.942730284556105,-3.356350084136018,-3.402524915868113
107.33385013457536,112.21773731967232,69.26277141064517,53.465801144977135,72.98975172614837,-1.0591890403546998e-15,0.0,0.0,-2.126346847648357e-15,0.0,9.941020848056446,27.896558083425997,8.071624575027295,5.114384722486553,14.158964636539105,-212.43033225632084,-265.4036390717419,-119.8718277141578,-82.49981985490356,-143.91117207260658
74.62592416729694,59.85524467137127,37.050009455223794,53.08428295688091,33.42592031082688,0.0,1.1871018816500676e-16,-6.712277842103803e-16,1.8739253403350285e-15,4.2514475541901567e-16,14.256192259037668,15.64209762642006,6.450492905723141,10.188015800189325,5.711578076648947,-147.4896299894468,-117.53157863536515,-55.14168033789833,-95.01242478319327,-48.36452113087779
6.498728880279865,6.134943742561965,1.146210105802242,6.051805965808761,11.106902933764038,0.0,1.4477368611194797e-16,0.0,2.27481938170702e-15,0.0,1.1070468305898669,1.4819762413627935,0.13918243678927467,1.1123969592925125,2.5854664282036453,-2.966893914219487,-2.933036601518401,0.9150815493767386,-2.63782041150671,-10.97620629618758
10.627896870005635,5.313874805452269,4.164677203586999,7.821080914005466,11.881735712447792,0.0,1.3371461725651725e-15,-8.530585937706242e-16,0.0,-3.7375785878221193e-16,1.0656666723467012,1.030721773269696,0.3946555259830178,0.9159388953173234,2.0354294261028048,-6.456158095139349,-1.8415308046811034,0.00970642349207233,-3.1466803848302867,-9.354320086930619
25.235244016949395,24.057489192764166,21.555892677211403,22.429469898331792,20.23912244135655,5.631352209496053e-16,1.1814079683324758e-15,0.0,6.335796066343479e-16,-7.021477712968223e-16,2.5886176102120224,1.3816153450518782,1.022426959874931,2.1200454352744833,2.257385719191431,-27.39283927184547,-24.229286569172487,-20.00103048992601,-22.252542410964192,-19.47848568176578
39.21660468642969,22.161088656239055,8.782955186429808,4.515824110900916,16.218303411227396,0.0,0.0,-4.0450094568279894e-16,7.867254329557417e-16,1.3143348926402775e-15,3.708093252206848,1.9567319234367717,1.1863608084714734,0.28099773461860583,1.4056950553808383,-53.24987778064348,-21.747270698357937,-4.486051145710512,0.1503289805184559,-12.905502846631913
22.605360983114547,26.253055455965598,15.651418114821517,21.661395867951978,17.789713831878366,-6.286497581621032e-16,-1.082605774328855e-15,4.539797803288082e-16,0.0,0.0,4.054241084963551,3.402387207637009,2.1387353881208195,1.3515945184196103,2.366203854971345,-27.25235744595358,-30.976951316430004,-13.526292099347275,-20.39670912153278,-16.676298408094002
75.92023325153919,54.19444376708404,30.21003051607723,22.421631368017643,23.640799215498532,0.0,0.0,0.0,6.338011040299439e-16,0.0,10.608004810570725,8.661936613195877,1.6887014902815465,3.5775127926207633,2.5503364602239027,-139.7904757494819,-93.20110312476527,-34.41755498515726,-25.454807769831916,-25.75715253149095
98.28538703353989,104.12474591006591,64.94263842279892,54.52099613739558,56.55319486996096,1.1567013281722174e-15,0.0,1.7505731285734898e-15,0.0,1.00513187613033e-15,7.111787431965945,12.466681484914417,8.371872258314696,8.031307473838456,5.807588893450655,-185.91565786090212,-208.00531088562127,-111.70967100457116,-92.51313940636773,-89.84719897487916
2.503907929655001,5.725369865864674,0.6373728789016807,5.096922792289856,2.495504196906988,0.0,1.2410425045138817e-15,0.0,0.0,-1.4236456437155482e-15,0.1609532585843621,0.10584460066072775,0.08303575123181202,0.35085203857446184,0.15111949161024496,0.9973059814715931,-0.4973070265628788,0.6997847165218797,-0.2487667650085838,1.005619277147436
14.928347743746814,20.709360436281717,13.54980640104462,19.988289252557323,20.47034227898047,2.3798438646960524e-16,-6.862044223396358e-16,2.097573100986361e-15,-3.5547951442077143e-16,0.0,1.8234609903973162,1.8098340182451722,1.3741594700600344,3.6786729934585405,2.862014074722254,-11.978027735834512,-19.58017642227475,-10.264433708439888,-23.149767003038765,-21.539790473224528
5.799218830510736,4.782832856357892,4.611830798252271,2.435192101706273,2.9355260839804007,6.126193514390306e-16,0.0,1.540695586727449e-15,0.0,4.53842885886986e-16,0.6299612730890003,0.4146216931712889,0.7926409983509246,0.2295827867711536,0.6228070143283482,-1.0916330441866413,-0.1757949817713212,-0.9981025996528075,0.8440680590145805,0.14014371624412333
771.3772968259223,326.0631946416599,670.3182283810812,412.7566861876232,564.5718965160006,5.895264908076333e-16,-1.3946601712782296e-15,3.392025844088613e-16,1.9280314303365853e-15,0.0,41.92134458357151,37.67133520014082,100.14513783756875,70.25483173255117,59.5156622615359,-2432.5563857317707,-884.7944001531611,-2157.948284763422,-1227.6337029119454,-1732.4270748000479
21.429970257891675,16.4991891098579,16.818461436724444,15.23014969742434,8.154411531176823,-1.3262598635636275e-15,8.613062509060722e-16,-1.056194614521299e-15,1.3996108046402149e-15,8.713599173201853e-16,3.840817819239641,1.3915383780254824,1.9322981260852403,1.566482327594784,0.38784776599923204,-25.150236271131586,-13.222245127175636,-14.636605843128748,-11.873608480163925,-2.627386354255467
12.87880663184524,11.445778170065246,8.903563225433661,12.554341139159945,12.361947089975134,0.0,0.0,-7.980431179849258e-16,0.0,5.029344400723675e-16,1.602260300980537,0.9826941604969724,0.7421422011318416,3.2047093498592187,2.6420239284656413,-9.26570625638017,-6.832587997381867,-3.870199534949397,-11.969687655774852,-11.386039246189673
22.219157336170248,18.97778208758973,15.56915753442193,10.125174686126172,10.60212356472924,0.0,-1.4976307188704631e-15,4.563784098074399e-16,-7.017584958150972e-16,1.3403781448537498e-15,2.282749416744512,2.917275438374576,1.4424744143137935,0.1213491798166686,1.8593925735137073,-23.557431911764592,-19.2373524920641,-12.150382923239897,-4.4500207157683,-7.525706732718968
463.86654036029336,412.4016693950356,358.09929062730805,292.8780540636028,253.76558459014223,0.0,5.513403371445449e-16,0.0,1.552684964192329e-15,-1.791997727433877e-15,23.27575321277016,46.637338752143634,18.850092663713724,28.118877927878472,18.884584053084982,-1314.9362446317966,-1167.4642707041105,-959.4383757975659,-773.3225871405871,-630.8586760872606
380.8852642923614,301.37641427205847,274.51228785233235,257.504028371769,172.69226140370023,-1.1939221427516487e-15,0.0,0.0,8.829907511775446e-16,-1.316640789778668e-15,44.32751562809868,37.23740827897241,31.394395239350445,27.25415299757825,13.728479190108015,-1059.8401158428055,-801.7397545268012,-716.989818330062,-667.6482161632483,-388.3392519113347
2283.4626206625535,1867.8896094668085,1667.5244612817198,1375.1936840974158,1472.7539338184329,0.0,9.738206124852793e-16,0.0,0.0,-1.2350939025025948e-15,232.4687586523265,266.49143947447834,167.90051372856777,152.3414786660059,139.31259430346307,-8857.008042125597,-7195.414458528371,-6210.3427987460955,-5008.690931013705,-5308.296110699453
391.4258388911722,350.04858934876205,299.80120544649753,238.13430008492733,157.924029452205,0.0,1.2990977959159495e-15,-7.584148139251199e-16,0.0,0.0,25.667302821059124,18.072180837599184,16.72145052771908,19.248161021483796,1.7685642661544976,-1071.9860584652608,-930.5804173727698,-769.870038594181,-584.5490106959204,-338.9437486969134
198.77417953912638,178.72668985228384,179.2563007447138,150.18267932652145,153.2347027562812,-5.719396653288064e-16,1.2721864632034228e-15,0.0,-7.569903415722291e-16,1.4838262570644223e-15,24.544283157123942,8.653872420069614,20.65436154794312,10.955449952478757,4.948368773209229,-481.45803409233474,-400.5457111227082,-420.85259474317286,-325.64040641294935,-327.0209992684296
120.20874813711752,84.3350499592915,99.41425824371375,86.5335274436645,74.02987974382475,1.7732721123165127e-16,-6.740189148906216e-16,-1.1435667250356896e-15,0.0,0.0,20.658555796497915,2.028938588955555,13.045622430611155,14.302237273235637,4.772694744096901,-272.36866248752614,-148.42990859830425,-201.6427616989374,-174.59158433520133,-126.39805784447128
401.89835865758596,382.91631657401075,202.16777417689562,261.9307006286475,230.12915486583634,0.0,0.0,0.0,-8.680680611227444e-16,-9.88026378386473e-16,31.175533969834746,84.27523927136062,12.290908179643527,36.59213842921036,18.146401686145463,-1115.863162128364,-1186.2087429866433,-470.3922142341904,-689.1604472299847,-559.4259937088059
67.75255446540109,43.01373601048586,59.171629210602575,32.32938023603975,58.53190306735695,1.5730980360075207e-16,0.0,1.9213065321724357e-15,0.0,0.0,16.952949976785096,4.138606941971069,9.701353411609054,4.585872343025117,4.52341425637564,-137.80290764679697,-61.00860925229538,-104.0278584270581,-44.00424886380133,-92.54498122002336
149.70309611678704,89.41810339748105,99.50106758813476,61.5372597662684,39.902517628516236,2.8478077776258756e-16,0.0,0.0,0.0,1.4245572018790364e-15,42.24485788511223,5.558735190907984,15.63281007115641,13.497999923274753,4.667849491991826,-386.6514013240425,-162.9109007971092,-204.67830270318981,-121.59430680053842,-55.644154687332886
252.06512130474226,204.39786245766774,190.65423451540772,146.11800206370572,84.29162353527602,4.510216928591666e-16,1.1124073055818906e-15,0.0,-1.5560962525623629e-15,-6.743661644744458e-16,43.720757485201396,14.251429226996697,20.42692422998172,11.1216538364203,3.701550379374931,-660.6320234991521,-479.32435548387735,-449.5259929744203,-313.7343237324201,-149.1766702114214
50.23207600127945,34.80235822769166,22.09919364397395,15.505661857468937,18.91597729694091,-1.1316159590808106e-15,8.166604471012347e-16,6.430485629541079e-16,0.0,0.0,6.924477411621114,3.2030157330562936,0.9965069460043567,2.0799663758515536,4.037314889020217,-79.73397674738989,-44.53721909350381,-20.75167101135263,-13.118269286891621,-22.9124421031555
152.0103918260236,109.6888846838191,116.4378806419929,99.53376523463706,71.84001053270461,-1.8697214768667096e-16,1.0364481145862786e-15,0.0,1.1421936812459074e-15,7.912501465312354e-16,25.68835410152321,3.3830178295687445,17.023857985096377,13.838222477262688,3.352143527366293,-358.12233462081264,-211.26230019109764,-252.19909995814152,-203.5519301349198,-120.20046741785676
606.8577334578688,566.8607333247031,502.0085628162859,339.6005380120576,213.43424286480186,7.493475419606481e-16,0.0,0.0,0.0,1.0653101976108867e-15,69.711675355235,78.89561468436013,67.33888196782583,26.079117978184076,22.69067401637548,-1878.780680580256,-1767.6396166148413,-1525.5707908240433,-906.7772070193831,-514.4190452377406
396.1130256785048,276.5127658172957,270.6528349767865,313.1750221800003,447.58452623803726,0.0,8.222899755502354e-16,0.0,0.0,2.032006578550115e-15,92.15159189183457,41.40317110726156,46.64562557502999,35.92830935529508,42.01755032477148,-1201.2607224763162,-738.4960475030165,-737.127744502953,-854.3204306895126,-1297.885255270002
116.53173656840812,70.33569082480878,52.950671154839995,50.96676532343579,62.90234151165978,5.792547325301703e-16,8.081731791387797e-16,1.0735164941457443e-15,0.0,0.0,21.47314080412517,8.815988222314047,6.48465554599133,10.461680198535605,6.810646802483148,-264.0868966129106,-125.36596992241358,-86.43062274549847,-91.27622615399662,-108.05686293072384
137.26733124889478,64.61089744408528,44.45222184617804,82.28077665989196,102.20593691607091,0.0,0.0,0.0,0.0,0.0,11.309189524942855,7.181248347560908,6.700915015355126,4.629339384003831,6.248666154308529,-288.8187104175669,-111.58988072725502,-66.57042261731804,-145.2729779261518,-194.52014463454518
1836.6639722016762,1521.0792848926624,1285.9835100822415,968.8080260999488,651.028826670635,4.951884043779025e-16,0.0,0.0,0.0,1.3970114141090944e-15,214.3098291092062,144.39472162529185,123.92529646771857,94.26905512843008,29.050497733526708,-6900.657875730096,-5510.337315356914,-4540.8941988644465,-3260.173901659847,-1979.7076642039492
847.8659412246034,724.6274431636227,613.6797701023678,562.5562038055599,528.7151032192905,0.0,-6.275602106664639e-16,-7.410173400544193e-16,0.0,8.600990365464414e-16,90.25446831365302,93.13010591080648,51.16868506509033,56.17089541594381,44.529637019633945,-2766.5422838716986,-2333.1063513497015,-1879.7333405733855,-1723.2311171894153,-1561.138523341238
28.249209415535816,10.794551730062228,8.25346533663677,9.934201419330558,15.037897272968747,0.0,0.0,-1.5065790390620001e-15,0.0,-4.725013895641717e-16,4.733696806756677,2.1847446160818444,1.8249360508765227,1.4004587770482024,2.4511004965386713,-36.86162876854069,-7.912821298675612,-6.1154928269108275,-6.079595249919466,-12.73596595704061
10.305508073337796,6.522393822468258,3.0293395554240474,5.331343331889788,4.386550451263716,0.0,0.0,-1.1727683918560235e-15,1.3327649178208823e-15,0.0,2.4044876623413747,0.9999572510604433,0.2480626488272306,0.841096873100009,0.7305295898346119,-7.907013863462435,-2.263900808189466,0.7258581193414348,-1.331256159811814,-0.6386245139799224
3.2785999285612104,4.946088186054235,3.1179582767277085,8.632836439614874,8.564958604428984,-5.418034765162066e-16,-7.182875729586809e-16,0.0,-6.173023843874066e-16,1.6591854522044622e-15,0.3432971513630404,0.3665153602575628,0.29607776283108045,1.7686008758227376,0.9670949397554732,0.5561646690345681,-0.2467056857417895,0.5956529944508249,-5.955460760165943,-3.8439846183713047
196.93145231882923,149.26344198224496,167.70489548489866,95.6555470513144,90.7010460510351,0.0,-7.616522586631708e-16,1.3557962919675557e-15,0.0,0.0,19.015929097227772,10.803957442772822,17.099402085835994,8.77661281925197,10.085332945055221,-462.467260643755,-321.539909269069,-388.08564619051344,-183.30128949515637,-173.20516526703253
137.22219353539657,153.61433696723992,137.30060327982457,161.22871416046348,140.18899420767775,-8.284872497122006e-16,7.400796043266527e-16,-8.280141165142395e-16,7.051277330691156e-16,8.109540864042359e-16,8.44578303563157,25.367771629300176,13.193722769164971,11.606829633396236,3.3500272416409804,-287.18258792363633,-357.34979378049354,-291.2009818348544,-356.3841073447255,-290.99950849656244
123.47986697694485,81.14576658665374,115.16172581087572,62.19481370819598,66.92318879736553,-4.603456438078392e-16,-1.4010199484678282e-15,0.0,0.0,8.493829998585736e-16,31.89910386161886,8.856304787129108,18.882955054883794,8.648052960544215,4.818879005263602,-299.97471530886503,-147.94722993705923,-248.92475080688718,-106.94514546300225,-110.35291911743738
479.52776757496963,399.2461059550143,418.6050803997453,359.04474696728744,323.6654244609478,9.483232914460343e-16,0.0,0.0,0.0,-7.024960291075702e-16,71.1382619083018,32.69696754864705,64.84035449970187,39.418348234019675,13.114506460532095,-1440.3281773183057,-1107.9390796190403,-1235.8962199529376,-996.2635606678217,-842.5819392372977
81.2932783182307,72.78570677715152,82.05172331034102,63.06996220596572,84.42133947358539,-4.3702428445474256e-17,-1.5619390503370638e-15,0.0,0.0,-6.733299804914108e-16,12.861617953362106,4.830111646724859,12.468221198794238,10.424519700471949,11.031133994193576,-162.71703555256698,-123.53952152530753,-157.33162719758815,-115.02318049390121,-157.46421060001094
160.67005234587316,142.34448200628094,150.8709610366005,113.30118418820803,122.9399310514242,0.0,0.0,5.651526821687518e-16,5.017018954222375e-16,9.247348420429997e-16,24.479192862469002,20.49387663718804,23.30591693512349,6.777903207912832,12.071100021850521,-375.2601001532934,-316.1706631137344,-348.6461924164054,-223.00597092479993,-253.80302416366635
19.42371957152276,10.712228902699355,16.360108325552247,11.336093848262657,21.509517223679925,0.0,0.0,7.057605748287045e-16,-6.170031007824122e-16,-1.3213550604062103e-15,4.704541116911249,0.25121904298325454,2.7713186762337974,1.951279431706163,3.8320458477400914,-26.92176905520621,-5.117725708198085,-16.94432123411993,-9.35958409921062,-25.0360484579442
88.93067602368487,105.53897397680207,16.728673014233898,88.23307118569367,202.85635356374647,0.0,-4.0395090589924475e-16,-1.6989817068108674e-15,0.0,1.1208605076881715e-15,16.94161854717914,26.984545691303655,2.7489190288499237,18.300682171260235,25.409526504026882,-188.8643587924077,-243.5001232107613,-16.688521290526886,-186.9654954141192,-491.8560399034752
86.52452701499372,77.91972511463194,63.92199887490476,54.45866751302267,48.952983974533446,-1.3139261391387368e-15,1.4590251384275952e-15,0.0,-1.0437901156361397e-15,5.805919705566812e-16,4.501028537792193,4.075339132022567,1.7341816417272324,1.3957447262530271,8.667426603627455,-155.19597413110571,-134.60272709985162,-101.56858725343005,-81.06540835211553,-79.00729809909102
14.38569508978623,5.434565017738669,13.394670034376546,13.412545568495329,4.922188962206605,0.0,6.537254899342046e-16,-4.1442716460198036e-16,5.297597925252094e-16,7.217751504622911e-16,2.170681439806157,0.46501312795060273,3.0594579650550378,1.7965778206007892,0.29431208031663136,-11.977393996335094,-0.6306014099540619,-13.678194189361013,-10.259017450824306,-0.10573657509365689
32.54652530607585,27.256858061066723,22.786900531195922,25.402958401614356,26.119448798832185,-1.7465280341369151e-15,0.0,0.0,-5.594173123670078e-16,1.3601794226834315e-16,3.2970648505029128,2.728031824107654,0.2318724130789348,2.0915928764157368,4.492030686764362,-42.29958835916698,-30.810334124917564,-21.49280916892081,-27.051905244834472,-32.44629824037512
0.0,0.0,0.0,0.0,0.0,0.0,0.0,0.0,0.0,0.0,0.0,0.0,0.0,0.0,0.0,0.0,0.0,0.0,0.0,0.0
2760.920539298204,2238.0931380014254,1708.2742072523074,1335.4006729180687,1075.681390030341,6.588343915208164e-16,8.127407088921149e-16,1.064811138530055e-15,6.810650318046745e-16,0.0,329.15501221447386,178.54363445832348,100.23672056095003,112.79133165792868,176.07357708521866,-11095.715035252519,-8600.518947986775,-6236.686516252086,-4740.112821352591,-3846.174431978182
6906.123566801926,5820.834585810641,4407.311554781442,3057.4479165638704,2075.260590914307,-1.0535516116681302e-15,-1.249985291098963e-15,8.254417147217358e-16,0.0,-1.0956391522042877e-15,554.1400109519889,483.8282038031344,329.49617824508044,289.8288230801042,380.0178934326896,-31389.32811655887,-25836.989602155973,-18789.150852345796,-12448.264593182968,-8351.773610628408
56.17636362054664,26.72151372423106,13.089522354027586,6.9037810037256335,44.69027829410213,5.059371521870579e-16,1.0636264742977944e-15,0.0,0.0,1.2719414832623623e-15,8.100878309974235,1.095361946093486,1.5573335484794517,0.4873455843400079,5.331594416470392,-93.0523674672872,-28.170617975422694,-9.871466081123215,-1.6753923122985077,-67.43260780786318
84.47738124441014,62.91592672104398,71.86385455962021,33.88711300127974,44.47619117312758,6.72883297558059e-16,9.034821836581985e-16,-7.909876141370788e-16,1.6774346890707787e-15,0.0,12.664562283676766,6.582738621942465,10.698043750424445,1.5891497288998888,6.240821213490326,-160.9742790313786,-106.08207058382955,-133.77863161543007,-40.878689341241646,-68.51219350861928
572.003752900246,416.0805053505396,316.1838264234495,285.61828705191476,251.64891715933098,3.975038175717785e-16,0.0,-1.4382372306338126e-15,0.0,-4.517676412238859e-16,124.03207349568297,41.641974549927895,36.496376125464565,26.852581108161196,39.508271927181234,-1843.4940179741086,-1177.911937310116,-846.6956318720739,-745.0984020004921,-670.7686486156758
6.142802437529669,7.908668503852619,2.7897148287098354,8.015268921793796,2.213079839644838,0.0,-4.492176751459284e-16,6.367521228762173e-16,8.864864581500312e-16,0.0,0.7883799045970171,0.5369066533350635,0.2954998741883574,0.3743802748305188,0.12391971949753937,-1.7446113454318253,-2.5571186860127546,0.7956507929568148,-2.4948195875132315,1.055868065352089
200.50779874811315,149.50107000920656,81.04603771618798,77.9824112580545,108.47126022026153,0.0,-1.9011040809710422e-16,-1.7534299165822828e-16,0.0,0.0,32.755679041120914,48.78555326839602,23.99786583755638,4.69313156716785,8.873635544257409,-502.3859476479953,-408.9626374083975,-181.34128679609302,-135.2429781872775,-212.69966046873654
35.55863154793871,27.365417478312562,19.39597665327712,16.328244678313556,13.297424089639895,0.0,0.0,7.326702320401564e-16,1.7406469580990814e-15,0.0,7.683567416529064,3.925059672488529,1.4739566705789384,0.7767991367415567,1.3803996696028302,-55.70210946914582,-34.07741065628483,-17.257476800089584,-12.312307297558538,-9.940727177513983
85.9291072454384,56.539709975027634,54.750647368999005,57.1997827115293,46.65627184437546,0.0,0.0,0.0,-1.9875396781656144e-15,0.0,31.345323640321748,9.812953366238414,11.2949643078408,7.441754175875896,5.883542698214751,-220.0797667730486,-101.79800518123459,-101.14997484521662,-94.06819790296115,-70.39972473457583
155.1131817205735,107.02596320083612,77.71047427491214,75.15704075477339,54.64742053945764,0.0,0.0,1.4629538525197035e-15,7.563285926368484e-16,1.5602772729162423e-15,26.710222616938378,13.824688134821914,1.0760491200129423,8.402900039998435,7.739118621517943,-370.2568210461753,-218.13174461805977,-132.5886670867455,-136.77706027239952,-92.12004314502096
20.444476716816983,10.338400758678478,6.48499878650943,3.359921389511132,12.738966771706805,0.0,3.4364248027609175e-16,-2.739178368229703e-16,0.0,-5.577710881059937e-16,3.0050744996334053,2.901154652348145,1.7374782161643623,0.7589151408023926,2.5145934620955233,-22.054047687059512,-9.671857643935644,-3.7644142483357688,-0.6500937468057568,-10.351900264683636
705.3226747437087,618.961301278088,473.8988828305313,322.6167254357486,177.89938098992687,0.0,0.0,-9.595873030346098e-16,0.0,3.195256697606308e-16,23.47679968897085,27.928984561404622,32.5302120645691,32.781964402181714,29.21794525345951,-2174.9157426518427,-1862.7858803404165,-1359.8339101331514,-872.4101861239,-436.5997238880938
122.08329614083401,54.93315841023702,48.53489782843357,70.17221725229568,59.48683600774001,-4.0741029342646344e-16,-5.173871347092889e-16,0.0,0.0,-9.555629896572738e-16,34.53070315666284,5.052229658806305,4.886332244822396,9.875969790328563,8.405035791785956,-302.74032594892446,-85.1162891357565,-74.97871628711619,-127.35088300018151,-101.89380053046575
167.86228198929368,86.25236163918362,29.545739959075398,41.1300841107859,90.86701299039348,-3.3863127670594584e-16,0.0,-9.619562573072018e-16,0.0,-1.2511343113439315e-15,32.54673516949652,13.768561754803912,1.7396737235407556,2.3725538550235066,5.104394236981166,-411.4350428608726,-168.36562186122498,-33.528632940302046,-55.06407883983087,-166.4060922946415
16.317079876650048,9.546337066084092,10.473377689837779,6.961387942643338,10.892388886344673,-2.1772974733576442e-16,-1.4886185787101373e-15,-1.3568549837547312e-15,1.0206911920646346e-15,6.523295699172819e-16,4.4732236247860415,0.821905960494351,2.2469848634176017,0.7272163508305254,1.6151167918126592,-19.642006500335953,-4.393668568954625,-9.01023997777603,-2.383624969557805,-7.565743651448447
221.3988772179859,122.82679255300063,51.87598589894462,56.734376076383874,103.54560748359152,2.5674664467625493e-16,0.0,0.0,5.009609939508044e-16,0.0,61.813347070564234,4.938006874653727,9.965860509909719,11.98759388589221,10.077683601244532,-620.7147607484816,-245.8466595132545,-91.74748110407634,-106.91626568463674,-207.66664249541103
58.367858759243134,34.877553392064215,18.095749619013983,18.958883861358743,35.444649389154975,0.0,0.0,0.0,1.4991235580240051e-15,-8.018617737858121e-16,13.207073926679087,4.63986345881824,1.1980445410126246,2.0745479865672154,3.1015084516606883,-111.0510122076078,-47.890686366427204,-15.220455257814839,-18.553285712786295,-45.965249759957835
156.74215333993632,118.24031508160024,83.41369532586147,48.476712837163475,31.208712280384013,-7.253111897413864e-16,0.0,1.3629277216108266e-15,0.0,-1.3660468834019265e-15,34.76323319605706,8.646803788336088,11.218030111233768,2.277583427511992,4.2841345940958195,-380.744483982941,-237.6209047571815,-157.5926583929736,-69.24015528703933,-40.21116372314022
44.35026294798532,38.56562762414252,28.526302846297085,18.34739718725198,9.96859183318259,6.408464694727387e-16,0.0,0.0,0.0,0.0,3.591181814954524,5.483749763822963,3.328233053649807,1.8791984470367729,1.0863976437796845,-62.38520134077721,-53.804506344591005,-33.40952316747087,-16.284465851583747,-5.40907007779213
120.8522892679219,62.85455220958619,21.058664746365316,31.920421889914152,70.44426336039614,0.0,2.2609109787015e-16,-1.349644422983159e-15,1.780785324731837e-15,-8.069275786162236e-16,19.919600867602732,7.95177839516312,2.1547804698359885,3.0819679268602553,4.896644230470285,-267.1837057096675,-108.40493957817473,-20.546642657883954,-39.981063564306986,-119.06390409053164
18.680303292540984,15.928046775042988,16.205918674087222,9.913590293074634,13.79070941469772,-7.607400422067224e-16,0.0,0.0,1.4334720615929954e-15,0.0,1.351103502038163,1.6943067549660518,1.9056931196362286,0.14642611079772794,4.28508896635214,-15.97996767775762,-12.94626545270522,-14.44251751515112,-4.232770320576782,-17.281987821602034
10.582536926068617,8.231056511652866,4.854400429610952,3.0403769999957033,5.189340625414284,5.035721165378902e-16,-8.63246090892671e-16,-1.3722267547435928e-15,0.0,0.0,1.3966818739030171,0.6750456601605782,0.8055660508481014,0.16583615963826892,0.8431030201252945,-6.532155807827727,-3.0161824919923372,-1.1717002348937415,0.8769044417302819,-1.2646122536411826
76.12059873681378,37.70916518484122,14.177319444286914,28.92273316734805,48.072068522888664,-3.7337737619053403e-16,0.0,0.0,0.0,-1.182462511130409e-15,17.108696572470407,3.5619395465816956,1.7469143518885089,5.564169063303818,4.416134950459226,-152.2302481136566,-49.54641640405223,-10.935157624955924,-40.910780841239074,-71.05130737442528
136.5030700541144,83.72023883895915,52.15499568183984,30.182746648013353,30.0850247970966,-2.0821296853716687e-16,1.357937331501161e-15,-1.0898940382924941e-15,0.0,0.0,43.16881361182469,8.870891219455315,6.869372435059903,5.059622242548981,6.056839135710706,-362.4490708426952,-154.70069839352695,-83.01753127729489,-40.35793704155773,-43.864564915976224
33.54502072466153,25.68999517742361,16.666945896170148,11.823915186797581,10.196367086574789,0.0,0.0,0.0,0.0,-6.968587240210759e-16,7.989593190227027,3.8504333784006533,1.6312545663147644,0.14842478744972198,1.4180571358221592,-52.17341055072617,-32.11217649155178,-13.872840913888016,-6.337702749372692,-6.5390412967315585
190.93293909049095,131.74564877928356,84.61035051684735,59.952598382406755,98.24875385912593,1.1908562059869112e-15,0.0,1.3436516575945288e-15,0.0,-5.785663087626842e-16,29.03073671410955,17.86741471336213,8.30201827876925,4.5118726095223805,10.565095458813888,-470.9800207117577,-293.01911131825943,-158.18034023563948,-95.10370146353658,-189.42856440191127
448.1734614895895,271.4793841706085,103.96599042594981,92.49287110849937,227.8829010708593,-5.073340904379133e-16,2.0938392443488576e-16,0.0,0.0,0.0,36.418316980459196,67.29505650964988,33.91285362268881,13.837056051919008,6.852235962137944,-1271.7870432903887,-771.3529703327582,-260.86991716134696,-186.33972307646752,-542.37003518445
41.95279819142433,28.40260859254544,27.168354045775843,37.1975523514525,31.157686369596963,3.387343711940263e-16,-5.003362514713451e-16,0.0,1.5281494417626212e-15,9.121893420859816e-16,6.957392353934373,1.4719263975428678,3.2502118366702937,3.9208623455718254,2.620528557416439,-63.4248679892002,-31.26875265438471,-31.844675703342187,-50.35528395195636,-37.49688150884512
52.052540829080634,26.108534392106144,16.08015059532145,28.505278567026963,32.56522623136857,-2.7300981832692217e-16,-1.6328976381951133e-15,1.767502689848773e-15,4.985341462910729e-16,0.0,10.853209250901397,3.4328908582320468,1.4509081753964348,4.09085244192018,5.531377908461834,-89.74439431140848,-31.437455216084377,-12.738789444309353,-36.602146313774846,-45.357722179162565
50.448972637640885,29.976315836058344,9.924697166500367,12.802704207970809,32.868473325666336,7.042192324348262e-16,9.481388435404624e-16,0.0,0.0,0.0,7.195736665850755,5.274234354511528,1.685743388152536,2.139938261726994,0.7582781097943387,-82.36189324036278,-40.96801436832128,-6.5087611426786935,-10.698885251055925,-38.598366505813495
7.504688714938577,5.230101541946564,6.439164015592161,5.8311312944487765,5.82367592577967,0.0,-1.3585639400332694e-15,-2.758676180788186e-16,6.092666241596508e-16,1.2200931933982454e-15,1.1592353782188112,0.14197488624896823,0.9693647899286729,0.6429609909791503,0.572325576973931,-3.288475798654234,-0.17611753680391654,-2.4274884875818,-1.123918739671319,-1.1071192844029845
70.60804959509426,44.024449085497395,49.87577312850068,37.283481056908194,54.31990281408273,0.0,0.0,-5.698500022681933e-16,0.0,1.0464565640951599e-15,19.479534314772845,3.0525643788780847,6.032744528418273,5.065812003468591,7.187541223190454,-151.1233110117258,-61.62408608700036,-77.33328811627587,-52.74733997014363,-87.87469420120867
268.4804144004596,124.44786021099843,19.618690339646367,96.70792666375603,209.77707359601732,8.468911073121572e-16,-9.135298712960004e-16,0.0,2.0572456971863797e-15,-1.0838823878394918e-15,15.42627205421808,11.789645656966865,3.6256457446307953,17.172784072425863,8.421799331282969,-671.8327848330788,-256.66443309429405,-21.466211875852544,-202.12478171785077,-489.99267833932885
173.4339435812518,108.54257992237659,27.843910320869238,32.51342513203156,95.12678752136311,0.0,0.0,0.0,1.7483060806413486e-15,0.0,7.6428758733863225,16.979582556552764,7.811453571488423,2.8440221966149624,4.711909911719852,-384.79506430999606,-228.50538269201502,-44.58617770985154,-40.41162984323863,-176.0719268729385
38.62788523473968,23.208199802498324,25.936564979770772,33.8755928823406,35.7580376332765,1.0576868771853463e-15,-1.071560739878084e-15,0.0,0.0,-1.589668299020677e-15,6.139669709563807,3.6690671650552322,2.841062259596061,7.127288540913977,4.355769032535992,-59.649482898802475,-26.762379041119907,-29.709065359763375,-53.339943717783164,-48.01030022756274
45.07425465744702,19.44390372555245,23.98168269885864,31.393617911175944,20.758259267500545,-1.2611061301579733e-15,0.0,-3.7035700574188494e-16,1.1316674901416047e-16,3.8508073698723095e-16,8.086471617390552,0.5716577121611558,6.005196334596419,4.401153227899529,4.218355276682499,-73.84489144169551,-16.544363465466816,-32.903565001603596,-41.976597448479474,-25.743824963861343
121.58307845737228,82.15450527678354,38.047878137104384,16.726442304774633,47.45326122475144,-1.8701095442566094e-15,0.0,-7.003111315429479e-16,0.0,1.1978822402022541e-15,12.063177570662559,10.190242448682461,9.28636497568684,2.9864530701536927,6.818943181723489,-250.15435715517455,-153.0735274174313,-64.02668414765074,-16.809888750261823,-74.16146303163998
21.441842984118082,16.017246598984404,8.926939252905582,15.45213840815872,20.177687212167275,6.627627450554482e-16,8.872220719947624e-16,7.9595336725163605e-16,-9.1966913185936e-16,-1.4085712168868162e-15,2.577725350318483,3.4585700261114405,0.6125389089447244,1.93897480081304,3.1653541711532167,-21.922692498185476,-17.876696295612376,-3.505649356659812,-13.133931792101858,-21.605139727359344
243.84830858459247,127.23326703820884,139.16005663307084,102.70549036259148,103.13150531368659,0.0,2.2338268985790337e-16,8.169502116643922e-16,0.0,-1.6535224232763425e-15,40.545246646371254,18.342199905717173,12.682800892794175,14.828856103479614,11.197127912817999,-644.9489288035463,-274.7517254556124,-300.11039749620704,-213.0295726108491,-205.71122569364886
20.300935090182396,13.51605628751571,6.3833399165651326,5.323614714312199,13.34406565608726,-7.000098592539426e-16,2.1028108218708816e-15,0.0,1.3346997742902981e-15,-5.324784470285986e-16,2.087420613011364,1.3519847015689783,1.037846263669628,0.5340143160550328,1.4550171088162116,-20.48186093501575,-10.225493143932978,-2.4684898437523493,-0.6789159212939266,-9.359065166337672
98.48561470500727,54.8595158427988,13.72667374809708,28.10648042556036,55.81448916850552,-1.154349679007851e-15,5.180816672142545e-16,0.0,-1.0112155275249965e-15,5.092174066952054e-16,6.470072972812592,6.173539510123081,3.687957790842978,4.5029364439867114,6.640229342306847,-185.9166715808338,-86.19889804087624,-15.091686884101131,-36.78822596150902,-90.64824507420042
57.38165247330729,31.826178577625132,5.584560393470767,29.139288974123826,54.45857613434073,1.981240219153687e-15,-8.93029282830249e-16,-1.2723342316985896e-15,2.43843539350282e-16,-5.218959335310591e-16,5.574389666871233,4.057197244977567,0.6739407814109792,9.651470289773583,6.097612319070926,-91.19784684311512,-41.391923688969904,-1.0066823596005345,-50.7565991596554,-85.18756992198878
15.715547768898285,9.98027559436334,5.287378675551942,2.66535787949928,6.933798388807081,0.0,0.0,0.0,0.0,-1.0247525179086507e-15,2.598318535318499,1.1755545620138266,0.983647199406328,0.3454832688528845,0.9987308378510439,-14.221312146999308,-5.5474700755438136,-1.6979963914386305,0.5783980058297284,-2.5257653592485996
34.93398280673851,9.829608224053908,12.123391093178586,20.250309452397065,25.207856280678264,1.6271668528400183e-15,1.4457193401082663e-15,5.860923979924215e-16,0.0,-5.637470539727956e-16,3.2048073634794356,1.5387515268744942,2.9820537270714125,4.486392616022684,0.6627560595188853,-44.5503883139437,-6.287621101835674,-11.037563622016762,-23.535742593134174,-25.474144111324193
94.9989958474267,44.14839536982179,25.917506628732767,41.50225005669285,51.05762534208542,1.1967162042870744e-15,-6.437767260241589e-16,1.0966220569572468e-15,-1.7120583457270039e-16,2.226637783483186e-15,7.153996086939085,0.7526334441245652,2.5097451512549003,5.5189781536287414,5.257624435103027,-178.95719904655098,-59.84746027303944,-28.62950209016451,-61.1675719156311,-78.01299554113601
114.03125306552634,92.28384980792643,66.67607519430595,53.126946951324356,48.31464108417222,-9.969796408032769e-16,0.0,0.0,-5.349772772834918e-16,4.4119715254981323e-16,6.646220727778919,10.29717328131547,4.147850566019686,5.325456726843484,7.364984257097638,-224.73638636910795,-177.50167183787372,-109.28619462117824,-82.05139058492682,-78.46545861347454
25.76053866435039,16.847300165365905,5.314979718753924,6.597043594978137,15.128092865036097,0.0,-8.435093205269878e-16,0.0,-2.692655905370195e-16,0.0,3.3655006045818823,3.059486437574599,1.1079620466947697,1.0476780211704355,2.985026852221248,-29.400258910724688,-16.27256580144052,-2.1528807135701054,-2.9915192775030097,-15.203449773912844
33.84039412511605,22.326070801535696,14.212287897532415,14.360794875452633,28.570971167096104,0.0,-6.365139142273307e-16,-6.249369743307365e-16,-4.947795313020268e-16,3.7304090834252083e-16,5.219643445968592,2.21415393813874,3.004516738546772,0.668850849133701,4.195520449907803,-46.509215868064715,-22.966809127833823,-13.424669905361315,-9.63952807710453,-37.0404702827916
40.802533974469064,15.377390001284517,15.758254916928125,22.79426754133134,22.845645414922778,0.0,9.241395785640431e-16,-2.2545095872158017e-16,0.0,5.831604252598399e-16,5.157354621543343,1.2964270648736276,4.72779125332381,2.4964748369233356,5.536848910514219,-59.995201198192824,-11.465025279807836,-19.388518112998852,-23.754600193684045,-34.02480780552604
50.64914181366207,33.092560020091135,22.192041317798175,22.380634382260315,22.933603402478997,0.0,-8.588549635672984e-16,3.201790793306787e-16,-9.127580257195445e-16,1.5491301634772631e-15,6.391026697743079,3.6435494825748105,4.042616520575153,3.6779717834275765,5.03792102801754,-79.0166230026722,-42.01493703679482,-25.00004617099382,-26.80743665248735,-31.244339533435873
59.447891511543276,39.20081368673508,20.510415120803405,30.707757162189615,56.74356417373116,2.390472454761935e-16,1.3594285467610133e-16,6.928604141604208e-16,0.0,-1.0017597535250188e-15,7.479553324369886,6.009988355702519,1.8497112532221245,0.31111844700370517,4.51476110549649,-100.2032158987096,-59.90807263541933,-19.836637657092382,-34.65622790338947,-88.72702768819663
55.45000463924768,20.694876768894307,19.40310626351559,40.38302421046123,23.778822060677882,-1.0251291993684357e-15,0.0,-3.662005073363749e-16,-3.519016961468844e-16,-5.976265215719808e-16,5.920015627336538,1.7497508718445383,4.615788398780323,5.409561970106363,3.3399547718766485,-90.89834525831672,-19.808223743378257,-23.06796781649509,-57.84274653118067,-27.29603165317522
2.0596491472502167,2.090692446905394,3.344104445250756,7.158694869125057,1.504896630438312,1.724912072303011e-15,8.496500009026113e-16,0.0,0.0,8.852884660670383e-16,0.4849615481978061,0.15839844466525538,0.05967945996349651,2.20242128055414,0.16382764078510836,0.11259350949141256,1.0181179075428997,0.8275853700975877,-5.672315355566477,0.9808459755086166
5.784423380530543,5.222113216885345,5.543471525770492,1.9813643006307335,6.303386726142165,-3.8386644669267887e-16,0.0,0.0,6.723991287851927e-16,-1.1272396358187128e-15,1.1659590933415946,0.37688707885190387,0.5680761666949432,0.2970694175078048,0.8897131236629463,-2.2374117053481637,-0.3471124572273936,-1.0462714589809439,0.7317322287933767,-1.8718126463106521
65.09403198064825,30.3873785704657,12.006605802304538,27.05028592034478,40.26244587596068,8.73250851594305e-16,0.0,0.0,0.0,-7.059111490137669e-16,4.873773077180705,2.354513820431159,1.9120570509739274,3.172139788901904,6.323564231755702,-107.57645973670378,-35.45098271348355,-8.794663934502179,-31.803798097525792,-60.49482510749304
62.95630321797313,29.60833719674517,25.96100934960934,41.37546896705316,33.09780268106473,-9.029027429390108e-16,-9.599225124174956e-16,0.0,-9.015847930837867e-16,6.440391913085537e-16,7.102537208677355,2.155956996900775,5.057359255887688,6.907222437750492,6.174295507076519,-107.73625170604797,-34.03623079803048,-33.10236709635189,-67.00402093261256,-48.541225659515455
5.847896456673151,2.3132449174629146,4.795913551341883,5.471254691574247,0.5947895462129719,0.0,-1.5358138915515232e-15,0.0,0.0,7.466325067035575e-16,0.6524401871675473,0.27444686426715986,0.3986454762730414,1.5077127092385478,0.05368228893311668,-1.384455248220806,0.7293405620491387,-0.1039259531412976,-2.816912970307404,0.7509716891894183
31.644420710945433,10.029235478080654,17.466689438004117,35.96685398042681,44.510510085338765,1.7963172522588335e-15,7.084714855015852e-16,1.6271949834159127e-15,0.0,0.0,6.068954647609499,1.0019076130647224,1.6948181859518652,3.925520332973922,5.353105047433984,-46.54676588937784,-5.716601512396986,-15.338153541682502,-49.496578638230375,-66.38519138819667
132.78925642237,53.97953963172148,54.02733958447777,57.5486630323453,62.92836833747953,-8.561448477428485e-16,0.0,-1.0521232268327221e-15,9.877452553304166e-16,0.0,21.910628545576156,8.780518216250826,5.56728699094864,9.138861696099326,2.53849549698059,-310.31567494841687,-88.53011810261535,-86.78439505315555,-98.89746297216486,-99.76415703654557
48.95646358454342,27.408396014407437,16.845414179474652,18.736494776929675,29.777308338329224,-1.1611014092683499e-15,0.0,4.218018792472691e-16,-1.1850914889290592e-15,1.4317131575901895e-15,2.253038851330669,4.251945080099082,2.7201283901848683,4.419440669709382,3.6867361476974003,-70.23888478964264,-34.8889192838746,-15.429776804719861,-24.75754704812181,-36.51065571658403
32.44820394220521,15.50963551658414,7.374323666967646,10.813863299107641,18.63861777344448,-8.75910096011078e-16,4.58129873523031e-16,0.0,0.0,1.5248828950662889e-15,3.2039849462558108,0.8004821772946706,2.173906370695725,0.6927404109182383,3.084108773469326,-41.543584125670904,-11.227117003639481,-5.912721454608635,-5.534255087789241,-19.41798254949758
11.243209182380152,5.994492960147416,11.587046424660992,12.441232063736592,9.835483156507596,0.0,7.40828645228973e-16,-1.533054045265226e-16,0.0,0.0,1.7393623480968186,1.0653104068617523,4.041742388976594,2.0522681949760218,2.1843084261161865,-7.745708192050357,-2.283131352772491,-14.279541140400461,-10.277044121800024,-8.322660013322372
11.485533571545343,8.25469252989658,0.834377507875135,3.6262818038156373,8.357390651498699,1.2372829374168968e-15,6.455807407604941e-16,0.0,-4.89856259249112e-16,1.7003937362499173e-15,1.1219414774195482,1.8598587024546291,0.1473236259531221,0.8479164031528462,1.3136143655587762,-6.772404209011985,-5.2222132396228655,0.6842623162423599,-0.7374618837281792,-4.410305633350714
36.39656690965725,32.93649924142357,21.540640426864446,10.512632964802922,15.312325003642933,-1.5617796865815253e-15,4.3146220887158823e-16,0.0,0.0,0.0,3.6594026252653378,3.3164917851364284,3.4627486123751456,1.4056072055041144,2.074990562769979,-49.060074482938326,-41.118388704849195,-25.29821697919773,-6.678319353619339,-13.23566143855131
316.5528316582297,280.348876318989,214.95251006876327,160.76032056014014,76.4871580900818,0.0,0.0,0.0,0.0,0.0,61.012642759545,58.93130004526625,54.61387923812914,29.35888507864139,15.96070868932073,-927.3881793346166,-775.9828782356037,-583.3793439471052,-390.67463356961866,-157.23077580485526
87.22950799277996,67.51463552883395,57.906779494095346,74.30958524792621,78.3403964284511,0.0,5.262138573321956e-17,4.90818340766164e-16,-7.649540590376847e-16,7.255952414374563e-16,8.791875860599541,10.247394303676357,5.6497196374219945,7.986356825624754,8.364519813787696,-166.72142618473126,-125.21220707965334,-91.93660828110006,-135.2915687507744,-143.0049502642539
19.691935435046467,8.665426957751482,23.06399911605464,8.803740041418967,15.643130912046622,0.0,5.124839341618495e-16,3.080743856192302e-16,-3.0265946592749593e-16,9.084405669876714e-16,3.9939710686563514,1.4856549150168967,4.791910103703968,2.3983816033798373,1.3804444634954354,-23.443326274534797,-5.3992318530033545,-27.90576677646298,-7.528345316721122,-12.283522312281116
76.48356842722976,74.29527246637477,60.36222816906417,60.56963860267012,32.37402316531131,0.0,0.0,9.417051123692688e-16,9.384804032544146e-16,-1.7558342554630533e-15,8.282001838985956,7.350348109889673,5.626243882923011,6.6320641494838455,1.8270673381536613,-138.6264220182283,-130.81340971877088,-96.9500369113895,-100.06373085863665,-38.41019283169576
63.096434726587376,53.28589160639628,40.86675597280154,32.34786145944544,18.606702993037516,0.0,-5.333815119458816e-16,-6.954726097985314e-16,-8.786271533293274e-16,0.0,11.1209647872876,6.202436206810304,9.16879238308502,0.9223296617403349,1.0792438641268438,-115.127937828316,-83.68004019605883,-65.97192667858975,-37.72903922577665,-15.6665048634812
4.810735756205294,7.144782571505784,1.7240487114284915,10.073764639259334,4.4990368058171395,-3.577094597119163e-16,1.988983509711902e-15,0.0,0.0,7.896609501409131e-16,1.5912699622614854,1.4760829673002647,0.3290317047204102,1.66834901380868,0.5731750617303216,-3.103513433261779,-4.10815418716789,0.5902977289893383,-7.177665796938322,-0.43555545059178163
113.56752426546733,90.2898772203821,95.95131265875595,79.70298193784609,56.225218957634205,0.0,1.2591316016980063e-15,-1.184838795545562e-15,0.0,-1.0109950643969858e-15,4.997360315455787,5.417069362465315,5.5432292829231145,12.660411742908442,10.177780589636294,-222.05577284404868,-165.43081268931164,-178.61375996272977,-151.731862418373,-96.50322819603386
11.480654861569985,8.313870462586891,3.943487838880297,1.0419111654919493,4.67730392944295,1.2378087214145782e-15,-8.546473498205218e-16,0.0,0.0,-1.5191288538838296e-15,1.6129176162372365,1.111160590758729,0.6828286675765656,0.13370221172104643,0.32938002460741284,-7.6990721783885325,-4.039874323266574,-0.35033588014411104,0.8837881957900385,-0.02246204499522973
55.65725464029679,48.751579811937646,41.003884593714325,40.580901717167706,35.0614702653007,1.0213119426780426e-15,0.0,-6.931467521192103e-16,7.003715597177141e-16,-2.026562863404229e-16,3.2568874419983933,3.907870549325012,0.5754244963493184,4.620702304762812,8.571957218960868,-85.13610107912854,-71.35740284521131,-53.67214759784949,-56.6833112369957,-54.8414258789961
85.58647679481237,72.60552914320435,48.52150909529428,32.582897677957945,15.783192583987109,0.0,-7.829075764834968e-16,0.0,8.722891902162236e-16,-9.00378972098438e-16,10.436226527671364,13.471304951924587,8.48406160620736,2.8332822109160514,1.3571468691919606,-162.9263661898763,-138.81361397753338,-80.05830023100187,-39.81937924134841,-12.155289172222801
23.169963844841938,19.103919181757462,21.626175110633362,19.378443256430508,16.194347973131258,0.0,0.0,6.5711364318948275e-16,-9.166664297508973e-16,-1.7550388245059136e-15,2.301408939031606,3.045861224750478,3.9541243062946703,3.1501891472792836,2.01957044977757,-24.3089701335652,-19.19996494150504,-24.11268493569309,-20.36704023521273,-14.437521097165064
9.224833749342242,7.8347135186515855,4.181615887209107,6.292588944187265,11.529032462151672,0.0,1.813832079676067e-15,0.0,0.0,-9.244610136532104e-16,1.4422017408263188,0.8458566783147082,0.6136387932103952,0.526656825657144,1.8370479661317942,-4.946334091417571,-3.3429783583892134,-0.2840494349524484,-1.272914707753909,-8.384901273954727
123.00900379897332,92.7569730045323,69.11230364772067,63.37106371144201,62.8100866034642,0.0,1.2256419548755763e-15,8.224790067851069e-16,0.0,9.050046248093042e-16,12.731149413101253,8.835394732202088,5.837334060431174,3.0022424971571136,8.471102028525092,-259.8994231725112,-176.80398074666243,-116.96724218392977,-101.0171091470592,-108.39336795365219
54.62190727019417,40.20532362844439,43.142507109675485,39.25552013242894,26.788398421236547,1.0406707070777455e-15,-7.069140816540093e-16,0.0,-7.240181593448016e-16,5.304854172967774e-16,5.644137885532916,1.1462503910584432,6.154671189433066,6.335735683721948,2.9182987162152862,-88.95031369362833,-52.345970172573544,-63.782813271543866,-56.530344221554365,-30.046140262101144
42.55077319114643,38.11636957330274,34.07201671960132,28.924624035841905,17.3715877471573,-6.679481311121681e-16,0.0,0.0,1.4739193876047596e-15,1.636103149814556e-15,3.9700978916788516,2.414333505454317,3.636102358971753,3.3456358912557023,1.1411188349941697,-60.20477103310162,-49.18968325822802,-43.129780063985194,-34.48462204071361,-14.0238426139981
35.45241919497048,8.267545310427986,18.922397663152292,18.51330508537386,28.792490696857357,0.0,8.594361555707247e-16,-3.7550354263178004e-16,0.0,-9.871222927409396e-16,5.634998536898328,0.8621020557702272,4.1364467422845905,3.9459587600514885,2.7928092745108146,-53.18356444949341,-3.7744666399199476,-20.96545477367069,-20.15177695349556,-33.647765813989665
37.197744401478396,26.142222969110236,25.00524156307501,27.549513766954227,23.43930552212125,0.0,0.0,2.841575171220707e-16,0.0,1.2125661915870558e-15,4.448799046552158,1.9450877161054965,4.817583627885744,1.5796185983941198,2.500455690038339,-51.70533296422081,-28.026739789132826,-31.128084989128407,-29.889004736522214,-24.883142647005183
72.45514580244235,64.75241415831458,56.49555978941297,47.64362139375524,36.4769412426965,-7.845325301780279e-16,-8.778579084608384e-16,-1.0061572816110096e-15,1.1930960997070347e-15,-7.791692083308842e-16,6.222552525449167,2.261850347486913,3.555066046228981,3.5360411358862573,3.2044105530462907,-126.36623230892053,-103.64445438041169,-86.65173386985396,-68.91789963435126,-47.268004306319874
73.73053730081975,70.10209537783037,60.827154817945896,52.72592742611563,40.110229838757505,-7.709616794041187e-16,0.0,4.672536388635873e-16,-1.0780923472699876e-15,0.0,3.694077482067231,7.656472241647661,5.001847024037723,4.843920300092372,5.439508652991809,-124.96092541394377,-120.39021194727964,-97.4546790700368,-82.4805489767392,-58.010517836094365
44.60260239140824,28.96182183377084,31.645842193294474,38.58047907776719,25.40288900832735,0.0,0.0,4.490591411156434e-16,-7.366862752822221e-16,2.7970942026600845e-16,7.494384027374724,3.706682717037294,7.095565070203161,5.523623361218289,3.3492888133928447,-71.25119172038502,-35.431547316208544,-46.008647464039086,-56.00111243153197,-28.768876720575367
32.96417182312608,30.287477406055064,31.62749129001341,21.642678485881852,27.262174688938195,0.0,0.0,4.493196942145447e-16,0.0,0.0,2.84295850773778,2.82368833024753,4.449455815501574,1.571291535946286,3.453613463236305,-40.510927368762395,-36.158415030484306,-40.43622091460669,-20.58931745202896,-33.159430571179975
36.47470896847779,36.25860303565346,30.84009434766745,26.55473017590548,23.905371236433936,-3.896084469785166e-16,-1.5677222535273434e-15,4.607915447663611e-16,0.0,1.188925666508235e-15,6.157514840124893,2.9416909767052273,2.2579187289915033,2.971498232900602,3.541614842248425,-53.1896036899412,-47.18811682586278,-35.97956125182705,-30.154831798259977,-28.249127374971213
37.47087817632702,16.818226197808343,7.954605965331798,14.960882241220752,20.962230271974036,0.0,-8.449675101321852e-16,-5.582793312271113e-16,9.498674266713867e-16,0.0,1.5017074574790972,1.3890490434860305,1.3368588755991437,1.7882564551619593,3.7437355209723595,-47.37464869041284,-13.904940033475503,-4.716584125570668,-11.95028718821658,-24.010843002089867
349.34626077017487,311.2292328346947,280.89254641092424,261.08746971808176,227.35429492952215,-1.3017095127450919e-15,7.3056657747827495e-16,-8.094685257707117e-16,0.0,0.0,33.75737375129101,2.7359843545343367,22.717011326397532,1.716214820746614,8.7136921698841,-961.9732316213544,-799.0464764897605,-715.4802297556374,-641.7462060780283,-541.6603052469496
17.759776990272822,17.798085883020875,12.87187379671132,11.90624987338927,7.85148790561092,0.0,1.1976727280060179e-15,2.7600594403809305e-16,0.0,-9.049784503295534e-16,2.825857040140953,1.6111314401266732,2.3117818059347526,2.1173230225844453,0.8507226005866021,-17.847865389927257,-15.145998443199634,-10.211047928909938,-8.856017581089079,-3.3635281062058056
310.81834202988466,264.39963968812356,221.58994415547403,155.04513125826173,109.99742769249845,0.0,0.0,0.0,0.0,-1.0335408755142116e-15,47.49519499760182,36.84684158949992,40.70886750114833,6.619805176534897,11.178590970882649,-855.3632548569344,-684.5131550598766,-568.8665615810678,-333.1029458856071,-223.5575535342914
62.347206632909106,63.019820569769706,40.04925102619929,57.29939329160643,19.552743627181577,0.0,1.1274908899073318e-16,-3.5483446883702247e-16,0.0,0.0,13.67635311443823,10.526407622811595,9.172745316599519,6.060181990415417,1.6517189773024983,-123.97696768131125,-117.70592790561678,-67.20258665613852,-94.57775323775621,-17.67333551060027
76.4050097787902,55.46640523352876,51.34029776233765,55.734489627647555,35.13232242877719,-1.4879500447780213e-15,0.0,5.535945576703234e-16,5.099483214125493e-16,-4.044951694842061e-16,8.142379834117092,3.152903721799321,4.1367216831990365,8.295453480240369,4.652228751007384,-136.9075364504263,-84.38050743435512,-76.87836879046554,-93.87607630506074,-47.76479885700512
29.34133344130497,24.434512614070506,21.119325235503663,21.27408241831339,22.946739374946354,9.686577294538916e-16,0.0,-1.3457678743743347e-15,0.0,-6.192973425548058e-16,2.363133845413194,2.219202570534751,1.4674976011302867,4.158367375287371,5.747620320796834,-34.029727174199216,-26.470081570737896,-19.707262060695257,-23.981847976961888,-30.07010060162149
16.909878400275645,9.177355768607343,11.853642618227159,11.75923735706916,9.6526358291138,0.0,-9.677933841665873e-16,0.0,3.3988623303430927e-16,7.361126518592948e-16,2.6873580177285996,1.7800938414033567,1.8991415954143742,2.8005666060717838,0.7620572552185834,-16.30361980732478,-6.3349263593360865,-8.57417483667625,-11.238225742046673,-4.579424047147587
8.735601476148481,9.073971244132812,5.858833198946919,4.986846710533142,4.314493422209155,0.0,-7.830559703608647e-16,3.0319293604732375e-16,0.0,-8.234370367822697e-16,1.282514074534111,0.7986917014026718,0.969095926073239,0.5380322093842697,0.28808362285107075,-4.912285079268727,-3.8927533179518434,-1.6326322479237803,-0.4941786450921872,0.20531490105879685
21.199409318581065,8.973506753000553,4.183650296383621,11.469366937757911,18.24105188046809,0.0,0.0,8.491899243757284e-16,0.0,0.0,2.6113077144775487,0.9859470552827612,0.20757786666100422,0.48104598408771987,0.835573587363153,-21.844667954659656,-4.095189470828933,0.39118043470370867,-6.077173922399266,-14.977004843640804
0.0,0.0,0.0,0.0,0.0,0.0,0.0,0.0,0.0,0.0,0.0,0.0,0.0,0.0,0.0,0.0,0.0,0.0,0.0,0.0
213.90599639693036,120.26406456890275,94.79353859159896,115.60198076364745,116.33360305377077,2.6574018409155613e-16,-9.453101234282794e-16,-1.199309988958377e-15,0.0,0.0,59.18959199544996,18.63942493403354,10.693687408515402,9.304744761869848,11.218974293220342,-596.7403112601197,-255.38598865497676,-185.72897026071664,-233.45801066368293,-241.02421397272093
274.25658097008323,181.17912663086815,105.94763333459179,84.18054103173422,89.70128389397647,0.0,0.0,0.0,0.0,0.0,72.7328588631048,34.99273795123224,14.230181016119733,10.20521579908321,9.490846322271477,-816.9527742617303,-460.24696562307446,-215.98183770145488,-160.7315726204961,-170.46533161733973
4.609074027101445,4.958973368321763,1.6376607473427014,6.995468000513893,1.5994274269341637,-3.854042762071595e-16,-1.432842411090756e-15,0.0,1.0157186562899052e-15,-9.370860209124422e-16,1.28002287454214,0.28866173746444285,0.25085304800227876,0.7061143747066828,0.33919071497871334,-1.8120419311017382,-0.11860308010051407,0.7318951668505629,-2.054689757471806,0.5008765381978018
40.42575372241006,28.990595209363054,19.026397480342766,12.094693072783471,6.198136830641445,0.0,0.0,0.0,0.0,-5.731905854735431e-16,10.382202864510875,5.25076604722775,2.149778643329731,1.2106038782854704,0.8747108956592761,-71.7154020285104,-39.95750784837131,-17.77835302043804,-8.035612653518118,-1.964086863315842
14.421545051759454,5.585675776941208,8.15230076357794,6.275381124785975,10.368214275618765,0.0,0.0,-8.7158552703869095e-16,-1.13227025041341e-15,1.027963037132104e-15,4.533259444555127,0.08469056340693494,0.7061601876444671,0.36577801162983214,1.6721938066059174,-17.681795439680744,-0.39441181479209714,-2.9448162560317988,-1.035499943144176,-6.816995877338074
22.27270909643004,16.263642288053987,10.803988891212825,10.856133844975602,5.075110201129245,6.380388956581746e-16,0.0,0.0,-1.3090161670933176e-15,1.4000538069143795e-15,5.018891178024301,3.261495637901809,0.668884549475004,1.7713711075046101,0.6026381195127106,-27.688127287069477,-15.8055875171835,-5.501610040542213,-7.561910846293006,-0.8809502618417369
9.552463904819833,5.831322782762833,1.301863222576324,2.0611410145412252,5.3105897638601585,-7.438318980735281e-16,-1.218493234263137e-15,6.822363550162077e-16,8.618317848551654e-16,0.0,1.095943544984381,0.7781285465488883,0.1316936794981262,0.36849806784247846,0.19414395805354578,-5.0005189342970615,-1.3861969915547079,0.9195171900012784,0.7383951349743336,-0.25045373617791855
40.170926040026956,16.90182056687126,11.681423952742671,22.665150811478934,30.297714539817655,7.075193985342573e-16,-4.203942012926188e-16,0.0,0.0,-9.380809695415086e-16,9.321299916119653,3.734464540728707,1.157369519090365,0.6712685657002929,2.81186605762389,-65.58607974894794,-17.637112666134083,-7.677659100419203,-21.441978990416782,-36.167080797023566
23.323775213924243,19.024029423449218,12.787839681629663,11.845006316019656,9.999141257423991,0.0,1.8674874810808424e-16,0.0,0.0,0.0,2.2904337103657095,3.014653516249182,0.39973431811094196,2.667896305503768,0.413333294416328,-23.828846283522413,-19.560461745895115,-7.565804118252237,-11.553501067933146,-4.443700351648963
45.107490582834046,34.58503891556938,24.739059587627843,20.403597022748915,15.632574713541217,0.0,4.1089601633510405e-16,1.1488597345316181e-15,0.0,1.818108018110709e-15,9.2750385409357,7.305821467885115,1.3570880717054004,2.9292797258476435,1.8454007355489288,-74.09903451630232,-51.24686913717281,-25.187075162313086,-21.70051665835035,-13.450919607557417
8.711623949956593,2.2279760711650236,2.436673450332971,6.1564758438671285,7.601752577435479,8.156260415299958e-16,1.993240482236622e-16,0.0,0.0,9.347091062516642e-16,1.1808262019333715,0.31429843849949207,0.43456439252268864,0.6667289667707248,0.17120529227753603,-4.014840792764225,0.7368955205306559,0.4707557922849492,-1.4384141667675265,-2.0093704086523427
15.855475548680968,8.163789026609457,3.296202228111346,9.28749881295207,10.769830072708622,1.792548532722403e-15,-1.305538519143725e-15,-1.0778203013460527e-15,-7.650528415349011e-16,6.597529682113156e-16,1.5279661545239365,0.8771242044259023,0.26597339265848247,1.2567511328428675,1.3344702712618812,-12.962460628907433,-3.202329859576041,0.6608588204460351,-4.71665624552154,-6.4755443067184935
53.80546733762121,39.32636597150737,27.0718819419304,19.538174238473022,20.269288231772478,0.0,7.227138518467743e-16,0.0,1.4546758096996716e-15,0.0,13.465564594595827,6.240149862287263,4.5830331432119955,2.1961487205756276,2.019377591721595,-100.03183239143229,-58.6149936659882,-34.6454571350391,-19.272956211005845,-20.303389709487128
119.14326147434194,80.97278068411748,39.66435603610389,36.890406922753144,38.00224378285687,0.0,-3.510032530719156e-16,-7.165554233260101e-16,0.0,0.0,22.860612572391837,20.27479886207775,3.6229773576022417,7.62833120671798,4.376837616598497,-269.12221141920804,-171.38381219998104,-53.71778783822926,-58.96738175160936,-51.82157974018823
49.79486819522406,37.837158341796766,24.92556742407369,9.79410134875115,10.519698644919634,0.0,-7.511586671932497e-16,0.0,0.0,0.0,8.519966211932275,3.127873912406672,3.6325252777176713,1.54372642836395,1.4580214882366898,-81.11618295806066,-49.52074296164579,-28.994037307403552,-6.126709471290982,-6.835975127038283
47.36350860271833,32.21152213246222,20.39330002126881,13.405790486647469,14.84641957500786,0.0,-8.82346053487522e-16,1.3936787768905531e-15,-1.0600534693837264e-15,-9.571906979595436e-16,13.359327467058442,6.538771219709657,3.550180634896308,1.3090295194442543,1.7512977519435617,-91.84456516530744,-47.8358696880574,-22.6945097832591,-9.560090457053887,-12.39594831146986
26.0520295615796,13.403566410336964,5.688534267013276,6.930623867080294,5.7027159918565165,0.0,1.0602293658382183e-15,0.0,0.0,0.0,6.6453764540465485,1.829188007101237,0.9706818295631132,1.1695689378597096,0.5757500673001797,-37.49975682261847,-10.613225353883992,-1.9697297630937807,-2.985473203659523,-0.9732569413010641
15.429263672516543,9.49209588716947,4.955305127295259,2.637252021793514,3.9534502927574318,0.0,-7.485625347722684e-16,7.169515473893066e-16,0.0,-8.98636233092126e-16,0.3258516231319014,0.41290246965361765,0.2165250610837644,0.269461981833092,0.6565635931840925,-10.855859786459199,-3.9226205179156044,-0.04523937280938159,0.6862290093816871,-0.3884130334113076
16.883969865927288,10.882394573538154,7.205880594558867,7.761609576880966,9.874514209329277,0.0,0.0,9.86059547387766e-16,9.154579713421177e-16,-1.4391446924827779e-15,3.4079572325807623,2.5906223704387084,0.7122915601387232,0.8031935967110323,1.472143590230313,-16.99117317997498,-9.249308455713798,-2.235971083572447,-3.215466839480471,-6.077697203293031
10.163122777101902,3.955056871450736,4.281739723922902,8.702324987886316,10.487794080575322,1.3982763985907828e-15,0.0,4.148680101864678e-16,4.0824879371270295e-16,1.3549898678428715e-15,0.5814814557970952,0.7931642118262396,0.5833443536254288,1.2485237712309405,1.6506073924011833,-4.791611104038551,-0.7721879536131155,-0.14193276995791526,-4.8138406441022665,-6.887219119698568
3.977838482866991,2.0717043149623917,4.777567212824978,2.220582917560045,3.1967788002524644,8.931266802567395e-16,0.0,0.0,0.0,3.9341931321111765e-18,0.6214744414436931,0.30684731704296114,0.9540974099455417,0.26166021189045174,1.2669983364911268,-0.02993320864865067,0.75585038631188,-1.5842837282217883,0.8356324372493359,-2.2118191160032503
64.86448080290026,36.534695215912066,24.063657434914976,30.088718195325328,34.28272452051557,4.3817061477401355e-16,0.0,0.0,0.0,-1.6580776369390246e-15,13.1430193099357,6.618982885248988,2.1817938360186595,2.819721111391691,3.6998896742943455,-121.9849514714981,-53.47504394969233,-25.618047946811892,-35.6946841466782,-45.10681158889115
19.931562347923347,17.241164060520877,12.480654218595278,9.22407361762345,5.128294410103997,0.0,0.0,1.1386305931005484e-15,1.5406267669038161e-15,1.3855342126227324e-15,1.9033150877069753,3.3319869706231637,1.456373856540139,0.7828423645379284,0.9983194119764904,-18.50688722498227,-17.703513345911784,-8.383333273159758,-4.15893201910789,-1.7289504093720682
21.833325828146197,15.472001050954233,10.152679742185283,5.66500860901844,3.4985010415683746,-3.2543953282834797e-16,0.0,0.0,0.0,-1.0154959614383374e-15,3.863575354164248,2.14486791238382,1.3744053621996313,0.6907388105169746,0.3256782432676417,-24.25321600524683,-12.899367020976204,-5.9105060187092615,-1.3893768701311915,0.4085760686076514
1.832521010479936,1.1299225302155786,0.6173395823973825,0.6655006920794642,1.4329591522688967,0.0,0.0,1.3445844182409607e-15,-1.16777657256713e-15,-9.297317564431077e-16,0.20240777557821762,0.23807330950479258,0.13652924347274953,0.10562428955990698,0.2709768721003821,0.965817254496063,0.6261693290021513,0.5244588271440304,0.651440937768777,0.6411952323866454
522.6457511027631,325.5590514222959,179.75056500944123,209.7172941238573,256.0041640223526,0.0,-3.4920496673320317e-16,1.2649399763015458e-15,0.0,0.0,103.01716185263575,62.0641725974515,8.011101957175173,30.06504768411455,31.08179636224736,-1632.8897551418488,-915.9891188863767,-402.8234791073592,-526.0200341302726,-660.2993547449123
6.711876872459419,5.832115789358308,3.056536970716147,1.806152400484459,4.4103607201160555,-1.3232936726604044e-15,1.0660366087458876e-15,-5.811664823357428e-16,0.0,8.055381190468733e-16,1.2497091898869914,1.4169060803691724,0.24312917802073894,0.28519370570896063,0.6919546584391731,-3.096314570238059,-3.759345853857351,0.7865779778788233,0.7862891221124545,-0.5352477228362242
59.73756706561599,27.568495735815773,17.122062770599022,17.88368064188952,23.827050597677292,0.0,0.0,0.0,0.0,1.1928337212317253e-15,13.306447750585974,4.249661889770868,3.361448581686836,1.0989985385506822,2.3935452364010734,-114.40908483418306,-34.201424706359354,-18.7094622695118,-14.716844089322189,-24.964926828938978
7.224318767405625,4.229104236183494,3.2406006927152182,4.069024547501502,5.410553397175231,4.917714449187214e-16,-4.2003146297555043e-16,-2.7407832803860283e-16,8.731118815643345e-16,0.0,1.1039048715173982,0.4054350382385797,0.42799339003447057,0.3700029965213574,0.6945289878434335,-3.3714701088864394,0.10448005814151051,0.39682293989451944,0.12825212481658116,-0.947451303167638
102.42745557361661,56.692448140785835,37.7811334843441,42.75910473973588,66.37866815954558,0.0,0.0,-1.1284088171487036e-15,1.3293874885080003e-15,0.0,18.867606487011297,13.99775230966251,3.7941657596675546,4.514946425322102,6.842733479966304,-214.20143897543522,-110.19393358534877,-50.60511034223222,-61.09653423506764,-112.54467919405796
285.9577000398507,205.08784986656084,125.84118119935182,103.51005921004236,112.03215938316622,0.0,5.543323887572359e-16,0.0,1.0983168069774067e-15,-1.0147696728114521e-15,65.09556017422553,37.472095915325966,15.866240670328049,13.771646089906893,14.713095561996207,-813.9094273608279,-522.5635893211618,-269.112219086707,-210.7103080261705,-236.40995539922116
241.68009485646186,106.35485758241467,27.48725212532338,81.7914635730024,158.5500226610498,0.0,-1.0689388365126603e-15,0.0,1.0424697708839654e-15,0.0,38.008413594430124,12.16841581496711,2.7464285915247952,8.362940641664474,15.89101471385418,-623.5458001272973,-214.04597142933633,-32.859033100601025,-149.37025729773194,-351.39839262388404
187.15395620129098,94.61649592326037,97.44682187158897,143.76081763059665,128.83424893726615,-2.1260781236048024e-15,-2.2529139200094436e-16,-1.166655161637056e-15,0.0,0.0,34.448265371423815,19.03435422610408,6.315395120214071,29.63592461729688,24.700868194487708,-473.6885686375971,-207.6212446391132,-183.02602120151428,-353.4920051341479,-301.24234765858284
208.34999430949424,99.86644352423544,64.09611606680117,101.27102869491891,132.38604982284332,-1.0913063674265287e-15,0.0,-4.434232707763886e-16,0.0,0.0,15.005465429546621,19.10569130098111,16.439777579075983,21.553350657487076,22.285106752387257,-491.08644505493874,-207.65236348750207,-128.80648929466892,-228.08425485316027,-299.00177671756944
134.52947209339172,99.51670172019062,61.84382826614135,49.485266034601956,61.2436356303935,-4.2253506221556226e-16,-1.9991816707532955e-15,0.0,0.0,0.0,21.805534849313997,19.25200797971311,7.261940580533965,1.9066359482948791,5.76914329719538,-307.1312164857746,-216.28302432110286,-103.14330955146909,-71.08754276237711,-99.66383096576396
376.1978542828904,167.31913693157992,100.36898893707539,170.96398516323418,279.93631208756454,7.554989776478541e-16,-1.358922115025071e-15,0.0,1.3299507216454894e-15,0.0,82.90779583133389,21.050983317348106,18.96488609338268,11.33204100796978,15.287021193012965,-1169.0464139166215,-391.39158178533796,-217.9296264704911,-381.9572795117556,-707.6143646113284
145.18470268884835,59.946103110380655,45.69519715795734,123.35961916749858,128.86700203501528,-1.5660993977480292e-15,4.74121051339571e-16,0.0,0.0,0.0,10.773768559752599,8.659715094403298,5.924261899872298,28.71214756227824,25.166229910139176,-311.0357729441081,-104.91667256025714,-70.08192898201168,-305.43616404928144,-300.0056847346705
272.79559330071345,139.70093458453127,74.41812834796491,129.72643836904865,176.91929498898764,-2.083736697247424e-16,0.0,0.0,8.763582747735446e-16,-1.2851830291172309e-15,55.61494271511991,22.994277904236593,10.167274653299728,4.902671265140871,14.57410663642927,-774.2393088840272,-322.6988665993596,-135.82550098300692,-264.0379529749014,-404.58781692523627
22.908921991512905,15.472934727750626,13.085306895625774,22.696500528506327,9.505325176293502,0.0,-9.184330552183428e-16,1.3575201969424658e-16,6.261253666552458e-16,-4.23400398158238e-17,4.434804791091381,1.586703059114744,2.030306060180048,5.2482183493947066,2.2447550268882654,-28.64866325101437,-12.984264056378066,-10.709670609847056,-28.460576461389152,-8.647492404874171
60.79769088353078,22.622391695137132,9.483249726082505,38.60976044942877,47.32361766174208,-9.34960161064375e-16,0.0,-7.492608085663296e-16,0.0,0.0,5.958475732866454,3.1268368130919906,0.39824409261622956,6.991431643037917,7.159017053579683,-98.78660486622088,-24.12099843944721,-3.9040972542206505,-59.98799455038881,-75.15024284429063
390.1217314664062,245.9458514663682,207.45060432057505,200.92316064477177,121.85082403427471,-1.821335953496571e-16,1.2711692507535375e-15,1.0960376624975733e-15,0.0,0.0,92.91383502779148,56.047555239079855,25.07015720067061,19.30266467559899,12.709537187509746,-1257.4681219647318,-708.6296531456811,-508.9373988166748,-480.44759058633707,-252.98552940750432
166.53593168250714,85.89368153846155,76.86365565624249,129.65210817410792,126.61293629374006,0.0,-8.27235162160249e-17,0.0,0.0,0.0,22.601515452735647,15.672115621933981,4.576072406144599,28.392248595291502,25.866405903467093,-386.24518435794675,-177.8147447289834,-132.59041756155287,-315.02112268535376,-298.21858509281054
7.896532326224864,6.03993363004681,3.6022624858380494,5.00711664082853,6.095229029178618,0.0,-1.1764081847280057e-15,0.0,0.0,8.743019323293397e-16,0.8084372648439987,0.4213263755332432,0.4408200163689577,0.4015429393987993,0.9889032913438368,-3.069778219593205,-0.9422145847548091,0.38720721111779466,-0.27269302185423544,-1.872844357674561
1.9703067212033536,1.6854752787020335,2.391336967520493,4.625080902230612,11.687582983138881,-1.8031272190101964e-15,1.0539204352900412e-15,9.285374999043437e-16,3.8407043616113577e-16,-2.203806741604511e-15,0.3166750501615305,0.19247954960436414,0.49190125150895325,0.6709294510749128,2.6007287358473286,0.6699002185896463,0.9437208688030763,0.2535957310602589,-0.7456000644620107,-11.210909518201682
140.10068771845633,49.88786405963585,24.30740061162004,84.0401485332629,130.40535640565741,-8.114652367023274e-16,5.697118921834127e-16,0.0,0.0,-1.7435915341999543e-15,2.5132490810080523,4.760206678077097,2.5874576005914594,19.471291969319932,17.513666813601514,-290.4867202926222,-74.86421171986538,-26.28070243071811,-187.52920690312826,-282.2391040587076
32.37565085200284,24.37783248512317,19.127015086279865,23.719833789950407,27.180293519933052,-1.7008789189484718e-15,7.286771046951327e-16,1.4859458886918213e-15,0.0,0.0,6.625792388556941,4.131832385475652,1.1685518561947692,4.558978783548082,5.716186702867558,-49.02661706094389,-30.488606779494045,-16.496933220941614,-30.548919220041842,-39.10304124552491
14.45891574249356,9.291279075277995,5.076034244939352,8.45662642099467,18.003172512600557,9.82843732427147e-16,0.0,0.0,4.2011004175145174e-16,-3.9467640231897234e-16,1.2604665017660455,1.2507360023061453,0.4179371441312275,0.7160259004051034,2.6385631094168875,-10.327238221793362,-5.054500080918363,-0.27747179280280165,-3.2205363238522433,-17.3773908488382
94.10848963773135,53.137286954600725,38.312648013833595,61.73988038776279,67.31040286502491,1.2080401902022986e-15,4.011548819008232e-16,0.0,0.0,0.0,2.126527690937398,9.267048845404926,5.431522167907303,13.584697559019348,12.61902968213592,-172.00704591889053,-89.87768529473283,-54.184725545043094,-122.01144225221903,-129.53382106267742
42.69808506626315,25.330474425399686,10.512756055219047,16.979342952302968,23.503112084923398,0.0,-1.823308835388217e-15,-1.3517725171742227e-15,0.0,1.2092743006844509e-15,7.304267592053322,4.140670924269973,1.2791074239171711,0.7244074883339802,2.019371374349617,-67.03396788034422,-31.40480871223599,-6.620957706165649,-13.117298669093344,-23.91358822266362
4.068066139609309,4.379241474093582,2.8037184451828807,7.877036499645826,16.624288659281078,8.733175806088782e-16,-1.6225246768498162e-15,0.0,-1.804086437309382e-15,0.0,0.3239630180044863,0.4791121388243962,0.8328783036345269,0.3514744000246689,2.9341293398920905,0.24501161648773603,-0.057588649731154906,-0.42509641966355743,-2.3643870426458715,-16.77617810375808
62.31497491873868,30.832736061988513,13.91615842324525,22.297735648024968,49.54712801998077,1.1402439569087166e-15,1.8436060538554093e-15,-1.0211765548360315e-15,1.2746455460342437e-15,-1.1472596118565115e-15,12.399430184110678,3.0738031457485033,1.372234310460398,2.2742172113676222,1.9791923112021816,-117.8359811205088,-38.686223753027875,-10.188946207877748,-23.22609553913824,-71.21212412404593
43.65239027284582,22.516124201279766,12.566945314238616,28.72406997097461,36.23182140367305,1.3021834200948151e-15,-4.733559355564275e-16,0.0,0.0,0.0,1.9322225333401066,5.690589331812072,2.463374605717774,6.823757366656381,5.459654272100196,-59.42414912962126,-29.74040279056157,-11.037200735503516,-45.81298773396463,-50.976286957606554
43.895124448700514,18.861917959989107,12.306924785847473,19.597421999810287,25.782838755170687,3.237456299232045e-16,-7.534151482021508e-16,-5.773519771382687e-16,0.0,-1.1023498886329613e-15,7.890071018484716,2.7192758932693857,1.469958426867602,2.2774498286400804,3.606413995805729,-70.65103103355696,-18.584377137424138,-8.559561488278726,-19.681816704977997,-30.148183318126158
22.067678414866077,9.655693692543387,7.312960463106707,14.733907319131616,16.929283262152317,0.0,7.358795322068025e-16,0.0,0.0,0.0,2.4913336349107347,1.0542834721985666,0.7807344170338583,3.0248451858192014,3.062533646404103,-23.443600674734522,-5.069345422786041,-2.4625966809427546,-15.060082989214486,-18.09507267254778
67.99862625078184,34.11719024998423,37.27376420107202,60.64003016521244,54.49764332747661,-8.359495183206651e-16,-1.3537245443131958e-15,0.0,0.0,0.0,9.449367015957089,5.260423791620692,4.252753512010445,13.468809903027578,9.435771077295685,-120.35239689278905,-47.814325553930885,-50.332307253202515,-120.96482929645337,-95.29045656020453
23.45670079947709,16.989811350663874,9.748569428642076,7.592034283884628,7.82173633444146,-1.2116669634562418e-15,0.0,-3.644343618626077e-16,-1.6378347898396705e-15,-1.5897362611225995e-15,3.324477824994805,3.0815911042750135,2.494755703125752,1.3516564211865059,1.7520370873688103,-26.535998089142126,-17.293492593825864,-7.852408900261848,-4.006378262857188,-5.631247030585672
8.427284305146763,5.324793415578262,5.99253692090481,6.707400046533143,3.5606652331475233,-6.850557687397581e-16,-1.3344043238960787e-15,0.0,0.0,0.0,1.3700884268288147,0.26505619473296477,0.7827703898802948,0.4836700725117532,0.5225998713522911,-4.8906570297133936,-0.3083588340921261,-1.4563391813830624,-1.5338114008157104,0.15175472451005062
320.06067627216225,215.79796392031457,219.51649711819732,318.22541174149,292.59658141347785,-1.4208160658255049e-15,6.255995994673528e-16,1.0357931108968274e-15,0.0,-1.5541786192089705e-15,42.376884137027275,33.43493898594534,23.032247945836115,63.83148054489177,57.42992379514927,-875.1433336557939,-560.8550902900391,-534.1081127906752,-926.1954949538065,-833.9055698903809
52.359826438058704,44.64748647268072,27.583480970064883,15.86033570627942,15.179208303724764,-1.6284455868485364e-15,1.2731605595667709e-15,0.0,-1.7919992336070977e-15,7.021539478963567e-16,6.540579189471312,7.180804720214012,2.793133289144258,1.9273792042714977,2.200504110823684,-84.23018308543368,-69.88675305608905,-31.90994048264413,-13.376160949060504,-13.409686343622361
25.339538579018306,15.95610030161535,8.564454024329143,3.6102147704490757,4.086334889941544,1.1216348451560917e-15,0.0,8.296416020702e-16,-9.840726673329127e-16,-1.7388264909689392e-15,1.3722544748942236,0.5658926388670025,1.5563513597167458,0.36830632949053926,0.20290155223829062,-26.218991198940277,-11.654177092270222,-4.642778004050222,0.443334656733934,0.4298374203528756
48.281846384881206,28.521191946488095,3.7548564146825854,14.86619857848894,43.21185519553764,1.177324877091025e-15,0.0,0.0,1.7923447241959348e-15,0.0,5.322557572119286,2.01407619378806,0.3469888722268659,2.537424845602365,3.0715145963541923,-72.51310046706234,-31.99892884262022,0.42819547708190403,-13.785930569240719,-59.73929937291095
182.75804396002707,99.25960633233302,63.394528179450106,118.39467889101292,125.97730381765695,1.8661860554791505e-15,2.2906969294433613e-15,0.0,0.0,0.0,37.63364415367296,16.064730273203654,6.81668133851399,4.061887401133501,8.51268530351818,-474.103693330848,-208.5293984224355,-106.3305841617937,-233.8633951812274,-257.0736499757743
95.95113687923003,49.39590641921591,23.91725357547574,70.11919365416135,134.17787123607326,8.886307246002923e-16,-5.7538592751377155e-16,1.1883349959356137e-15,1.6213369235581488e-15,-8.472845535132601e-16,12.700258399580498,9.020220048107356,2.171978165262842,9.07206056659206,8.225346031238278,-191.73867154919228,-83.71679435457833,-25.548865565315612,-126.31077071566084,-278.3283793909339
104.43638276959945,77.75539985914762,41.30485167514163,24.964082098596112,21.699872490924175,0.0,0.0,0.0,0.0,-1.3097638911146227e-15,19.67185770109904,15.219577225818556,5.891533940307959,4.781004165605697,4.207554058519531,-234.2873217964178,-155.11415845247186,-61.99381397205822,-33.35218101588433,-26.420451711982505
933.3239342302511,804.3505299770342,779.4092829505357,612.2332473319451,469.1252286051663,0.0,-1.6960790125896283e-15,0.0,0.0,-1.4540275916471661e-15,133.5043941087057,99.713642183702,51.49497192914049,62.31353653912833,78.3464637796758,-3186.8581698297303,-2675.761892008054,-2475.728713105226,-1877.6478465371904,-1431.0494050987047
122.58263089957961,86.6686443755637,104.95419443674791,82.1750009943991,73.47976567399294,6.955726734325167e-16,1.3117412709142378e-15,1.0832043286286282e-15,0.0,1.1603892242866846e-15,15.77812600735688,8.115008150310343,10.656351988726046,8.912537545057372,14.403604745228053,-262.6069535505368,-162.90594939606243,-207.72821786913286,-152.16658016677525,-147.28419173173168
43.33035182867582,41.92618380699054,32.414445019612856,26.886174017619435,20.657007947799944,-1.3118614657356488e-15,5.08424095332255e-16,-8.768223368688563e-16,-2.114224910675523e-15,1.719858794544773e-16,4.476144999729307,8.099321030932328,4.401196071073523,2.861900515192183,4.611392330888156,-64.29313523602342,-68.15364156370272,-42.89101520991353,-30.415296545486903,-27.04031068176678
6.870341004949237,6.884082080531451,1.5216316715778346,4.869993761786846,2.824695604874097,5.171087834273738e-16,-5.160766006622384e-16,1.1674026458441694e-15,1.0942663951679203e-15,0.0,0.8959984052261002,0.2766521512070581,0.10201448000988116,0.37816993180698816,0.34987445615062457,-2.528153789274008,-1.4545552776866995,1.069638415623076,-0.14515348362284597,0.6695095078611246
99.1110558554295,57.26749723124833,43.21541445922173,48.77097689128101,57.28875299046461,0.0,-9.925947807928838e-16,-1.3153505426737427e-15,-7.284483324416727e-16,0.0,9.190939875514047,2.589087160318663,3.1124602143511493,6.632621026329838,5.020866851946244,-189.58911185634648,-87.70589760824136,-60.19176044412272,-77.1287213545308,-90.14664777749553
13.944970739674972,10.088755031032653,14.285780924857562,10.546022920334588,5.933332113296241,2.547666642779422e-16,0.0,0.0,0.0,0.0,3.650973726806471,1.1728981736635749,3.049778875477844,1.1720406103262406,1.6977364068270293,-14.430852256970175,-5.861244844366476,-14.768604304387116,-6.066646325956682,-3.620439769135829
37.287497278701125,35.702127532570294,25.280317335394813,25.76731434146654,20.750901089245534,0.0,7.960788724558637e-16,0.0,-1.1030140376199716e-15,0.0,2.7950259052704327,4.271976749303472,1.1360680681302586,3.6776670008411005,1.700106814574838,-48.13361823555629,-48.52766282169491,-25.91141464165986,-30.244834804418485,-19.387969021600124
75.5716922059967,41.81038660652038,56.029707160579946,59.212808596387156,67.78470650890121,0.0,0.0,1.0145228619149479e-15,1.1999814779997677e-16,-4.192938332877754e-16,5.870152413977583,4.984576077335252,0.7592731972842615,8.13133483929278,13.044862698156033,-131.15702370597987,-60.91937237084256,-84.20461825077692,-101.91884124812906,-130.03688159944124
7.703733279010879,6.852360293578933,5.083194257008883,4.531031047090309,8.453419105005601,-9.22335587209388e-16,-1.0369313715537125e-15,6.989136159614394e-16,0.0,0.0,0.4140814885559564,1.0674179083288096,0.6538537847312506,0.8237190206008281,1.744135376104794,-2.271445615118998,-2.7859481292944333,-0.6277046037881538,-0.9640020052497162,-5.774890468924682
54.471576243875894,35.33212103802276,31.34043080512066,13.794651440471783,11.092204795334414,0.0,0.0,1.81374082616377e-15,1.030171351304255e-15,-8.007230628068727e-16,17.884046597050126,5.369030335043901,6.49208541912232,1.2619081839849315,1.5444997267922802,-115.95373056725033,-51.078568353638765,-47.16700219241343,-9.575110974674121,-7.34229888193304
21.866263110376195,14.335754017115539,18.407035745564446,10.943370711728244,7.742649743692223,0.0,9.912875666139069e-16,1.2063028941449062e-16,3.2464528273660524e-16,1.835399402740553e-15,4.980310329445312,1.4726718040171614,4.984286346724195,2.944821744262315,0.8592719844943549,-30.262545865135227,-10.432995340968349,-24.017089597773545,-10.466026599333539,-2.909252852551749
26.462926802051868,18.37351840877269,21.67989044697373,26.36435899021442,33.840665736758744,1.0740198785646136e-15,-1.54688442344465e-15,3.2774277042496955e-16,-1.212789702987748e-15,-4.1993425382780656e-16,3.0702825923451256,1.788419835907413,2.347377349569204,3.9820346958402646,4.061302876611914,-30.135145946585666,-16.212851434306593,-21.703612428524924,-32.73142095010501,-43.96806007474182
45.12635786038569,28.50329074496179,23.022649868974874,11.314875187326178,6.6009223818681875,-6.298250241762607e-16,0.0,1.2345107792611163e-15,0.0,0.0,7.554825330008648,2.1787234166756546,3.346760761784373,0.7497652997357456,0.979569372123928,-69.53110793851795,-32.07210019572973,-26.604613625009932,-6.216895473869066,-2.4988243840252125
20.949708662550236,15.518187799239723,16.056162218582557,7.984047439709734,4.885729632494586,0.0,-9.15754783937995e-16,8.850716953242481e-16,0.0,0.0,3.591258566137339,1.7389648075430404,1.1224863348738554,1.5219463357060645,0.6476016217994738,-24.736947549808317,-12.171316349529597,-12.325937401638932,-4.849802172509217,-0.6469046440414687
16.20969809661521,9.774996022347828,3.725908467335443,3.155260040584031,8.877752342096858,0.0,0.0,9.535160914302329e-16,1.1259654142936828e-15,4.00181661066857e-16,2.013159959392247,1.154236740122053,0.3372042026816543,0.49035268997886733,1.0908490867695417,-14.043384065784831,-5.047536155718201,0.46373514009753214,0.19269305826281227,-4.015401152335503
76.85411302449198,66.38590411818049,67.03813167978075,53.955599605121556,54.40445247571148,7.3962754397663885e-16,4.281286789407515e-16,1.2718899849192649e-15,-5.267610709251792e-16,-1.0448302716801607e-15,10.19089485722524,7.830696380929389,7.482410208880752,3.1257765727008637,4.735487599188446,-144.2159672855334,-114.58613018996589,-114.47157632459516,-81.21448448735273,-84.0270408116246
9.376937179598144,9.986999797643923,3.630170051576061,6.378136977719462,1.2584382539885053,0.0,-1.0672014871689405e-15,-1.957326311618966e-15,1.1140286548285432e-15,-1.411556612944854e-15,0.9104823773169753,1.4852338672781873,0.42993769002031584,0.6170727745717496,0.18470046669826665,-4.566689378032581,-6.576175729474567,0.3296103341156677,-1.433413103182507,0.8344809246792414
12.079154037981105,9.277294150558888,7.356935858458039,4.422554168772107,2.8850253702567503,0.0,0.0,0.0,0.0,0.0,2.694846409692824,2.011364841888408,0.8410847065260165,1.0152363777637066,0.5520811671442062,-10.338109181633122,-7.27606216356986,-2.5615866717124396,-1.3116090880949982,0.34466103380754765
7.315917512612032,5.451177288401078,5.038104740246995,6.396430715196818,6.137044159315023,0.0,1.3034665690877105e-15,0.0,-2.777106355861766e-16,0.0,0.549818811974745,0.8380598905898449,0.5063964719831018,1.5747497917368973,1.7672310649674268,-2.1055420193392593,-1.3009037181878285,-0.4737302482124255,-3.2432792677238087,-3.7304390419553837
19.397081511915985,11.172341711479149,13.101615986576402,8.692740076110544,17.179496617665592,0.0,0.0,0.0,0.0,0.0,2.620243393921629,1.4492096034643573,1.9012614826975691,1.8740380595580026,2.4981123550693085,-19.051559148587422,-7.152622910382904,-9.79402102349095,-5.362544104512986,-16.0177700446289
2.5375345868178476,2.789496880061402,3.5381984318458466,4.567066302510475,5.9141996787413795,1.050048843843264e-15,0.0,0.0,-1.5557968479010722e-15,-2.402836476130996e-15,0.40258405699335953,0.27871105241875277,0.3606507041451392,0.6742335436038263,0.9240138203622669,0.5724614850946855,0.7327798520492651,0.2637005717978733,-0.7133552832904122,-1.9758879387868598
37.58654374470566,13.998323277065044,36.305932005254995,28.300993925742894,29.942794932953028,-1.5123342876881259e-15,0.0,0.0,0.0,9.49200283208198e-16,4.07229660153835,2.3670858465237723,5.855899282807793,5.441357723142151,5.3202668809522295,-50.5803470501095,-12.22188402787435,-51.27292462626991,-37.18879169584612,-40.79009464664947
32.83832669666399,24.830507018587454,21.9005570601824,10.95726275178999,4.4530279005876245,0.0,0.0,0.0,0.0,-7.978197662609934e-16,6.686495483211203,2.3427784729468892,4.544577597355761,1.7379433398847597,0.9456672447754935,-46.483377457071974,-26.51319696641142,-27.89491218058975,-8.027471146604414,-1.1194871298198583
11.856186648363865,9.190779326071448,7.054620741461957,5.852505484354332,5.1073266011446155,-2.9965061989731495e-16,-1.5462078036070485e-15,0.0,0.0,-6.956112182064671e-16,2.353500741137621,0.7492156004422136,0.7542697911424082,0.5586957910396838,0.3393833425655076,-9.279258257702653,-4.0176212194789365,-2.2328986951304874,-0.9291377356387313,-0.22147534344930353
2.5596036614506423,0.7936085407455397,3.022924139856216,2.403286099595613,3.2182966539707447,6.9399683480430295e-16,-3.497388723860569e-17,0.0,0.0,2.2078223736255957e-15,0.10542819626085086,0.1413881479227206,0.2574864511728805,0.6073872456908956,0.3968484498166887,1.0299197663270785,0.6669686230950304,0.7777481106494508,0.15039690794346203,0.3517122655023919
86.99704078760021,47.56763801170118,81.69265913454534,90.77301308649047,121.08818199068708,3.2669742755727143e-16,0.0,0.0,1.8003680132233615e-15,1.6430337192454462e-15,20.43500501081234,6.804736576912364,8.526827715657639,20.66331897310523,27.83409321519958,-182.9759031799704,-74.70151370979703,-149.29863450393216,-205.18543302779253,-295.99395628541674
1.488283972831034,1.7601920838625285,0.8230208810717027,2.4322664157615015,2.1640919685814524,0.0,0.0,-5.395843775819984e-16,1.460659759875937e-15,-1.0773425462324924e-15,0.22317998960175822,0.2780286931980359,0.11900495007559012,0.42652140439533837,0.4043148562508463,0.840418813769117,0.6551027534044767,0.7901108617181588,0.437437671541036,0.423128467775755
55.8050857188128,45.92251911283254,37.24743669804506,31.756429450729616,32.02832870934878,-2.037212849998192e-15,1.2378114258310309e-15,-7.630514191033106e-16,-1.1187383910123044e-15,-8.873928355215103e-16,4.362492284097312,5.044349449004365,5.5097645206802515,5.485817103095798,2.6416703823613488,-87.2378092578699,-70.19347330000352,-52.99294465761322,-43.98890549528259,-38.8577752104496
70.87325225248262,57.728703402004165,43.5798716613238,31.679326500104498,28.490952845711035,-8.020433245860656e-16,9.846647423374243e-16,0.0,0.0,-9.975696349756357e-16,9.444114546813909,4.7785123975303385,2.9016937354773313,1.9206167713245386,1.800227317563125,-126.80138068126394,-91.12024980763664,-60.18988085991849,-37.21166460301008,-31.747065658650623
66.4569752282209,25.58307011751829,6.4171200222929645,36.06052278115487,77.98986077028236,8.553416502271007e-16,1.1109577271158683e-15,-1.1072610973328954e-15,-7.881668716477153e-16,9.110706555214788e-16,8.100451239038872,2.557597566994992,0.7127191296556653,4.6674392322216045,11.492226834050626,-115.94922210078622,-29.470671004669203,-1.7123720486034206,-49.238526901607095,-147.99646568739266
102.99837685016887,53.99251263649363,84.9800548993918,38.92195281229802,74.12386310289773,0.0,0.0,0.0,7.302231100137327e-16,2.875765128864376e-16,8.274434226600572,10.400399274027624,13.265791648449143,5.2477716970662796,23.05444252029145,-198.8166829059362,-97.40431944551726,-166.3163019057314,-54.388790832031944,-166.11619074332148
146.7185470591543,98.2233666531659,54.96473752542782,32.496261629476265,25.742353638525415,0.0,0.0,-1.0341797563303396e-15,4.3730737022106617e-16,2.2081671186327525e-15,19.670964114070372,7.314795810570718,4.608039250611456,5.0198113873041486,3.365003177448045,-328.19456809594203,-186.23809487533242,-85.88371701579075,-45.22655594130719,-30.8570719287747
0.0,0.0,0.0,0.0,0.0,0.0,0.0,0.0,0.0,0.0,0.0,0.0,0.0,0.0,0.0,0.0,0.0,0.0,0.0,0.0
33.259207698460386,6.6336380345538215,31.66749649922714,21.754888019579685,30.397378694917887,1.7091032166541771e-15,0.0,0.0,0.0,0.0,3.7088132926535597,0.47417496553662203,3.8138900500856865,3.5295988976258585,6.607080504785947,-42.52840151083795,-1.5059315152671944,-40.07659556868531,-24.349235570296184,-43.1201361253424
39.390549664256795,18.12220011346387,20.505932599492343,10.927173215222988,15.211604266386257,0.0,-3.9208414613643035e-16,-6.930118708940756e-16,0.0,-2.3355285981578466e-16,6.902343666727916,3.1652312130005957,1.1649086822134624,1.0927819482792043,3.030748052603526,-62.35318995047573,-17.898232110275718,-18.52069738853455,-6.8161788169009085,-14.673002566731197
5.55987619409029,3.5569258676402753,4.236618203590489,3.7959820144123912,1.3026270050978097,0.0,0.0,-8.385730099043651e-16,-9.35914254944238e-16,-1.3636726648906454e-15,0.6470406096813391,0.38839015690453804,0.6839196498558527,0.2667185633298099,0.26683636643392294,-0.8631178771651441,0.41727737353314076,-0.438683018197931,0.465879491795109,0.6146034212947423
15.244878570351684,10.002822297523952,4.20959498082589,0.5438027346496418,2.098242054949998,9.32172378390691e-16,-7.103422560410618e-16,-8.43956175114853e-16,1.6332731762968347e-15,0.0,1.543826094892817,1.0970233386091497,0.7056677352886614,0.033714982725371496,0.07780541220393086,-11.814868495189538,-5.321241725394906,-0.3536170980467786,0.7321851202638576,1.110626562770305
13.406582947944953,13.950392673464416,4.6093623907071875,12.734127063443152,5.474766762466612,1.0599908097671028e-15,1.0186705885514622e-15,7.707603303144557e-16,5.579830735315265e-16,-1.6223128002259654e-16,1.345650935548415,1.3230494425819816,0.6965057437752188,0.7138419508284772,1.377768687850938,-9.375252619418998,-10.452684056535066,-0.5828138923177264,-7.718431743784233,-2.488918094559549
17.584296911784662,15.751866738604377,7.575959582277674,16.6749164264771,11.531279987520062,-6.061169855053243e-16,0.0,0.0,4.2611472081015766e-16,0.0,3.682316060254236,1.0449707570840367,0.7876400698229713,1.415770304821739,2.5709482461967483,-20.410459385240678,-11.757385742928438,-3.0183186437348026,-13.397978577186569,-10.895602315488844
24.994175765417303,18.638183010422445,23.028124406148432,15.993891734888724,19.91391878283156,-1.1371332944585091e-15,5.71844424450682e-16,0.0,-1.7770352520522266e-15,0.0,1.7326214606897858,2.228990647550452,1.4087586492507207,2.042036627960951,2.4216538061226722,-26.120278947933357,-17.53389914444277,-22.471475626747562,-14.408060798245279,-19.349917178338814
43.957129368504624,22.097076975612435,21.879463273845225,14.086892239843756,23.10230835189244,-1.2931558470134413e-15,6.431101602662604e-16,7.306948691796025e-16,1.5131997682577171e-15,-2.2106128251280893e-16,9.117536372889655,1.1440443238193103,4.162524181139238,1.5703656392505734,6.72687810155548,-75.01992693327699,-20.86042501288382,-26.60956087110706,-10.405971639991202,-34.73884127113103
22.61266764751624,16.45632396772105,11.954083519387229,8.691262949866658,6.489021197696048,0.0,0.0,0.0,0.0,0.0,2.6820386751728553,2.2933262953539737,1.2398655812092763,1.5901264461723104,1.0675989717519963,-23.4150233732278,-14.274873740462757,-7.377324111695773,-5.356177005646199,-2.4888695352419807
9.5898700756597,2.8218277577371493,4.851221095589963,8.672893858698771,7.396121209665361,0.0,-6.295057643152281e-16,0.0,1.2289025105168976e-15,-1.0507617374117807e-15,1.5740210755113826,0.3627661249152617,0.2802355177427033,1.0334421848530884,1.2774069207188203,-6.1227948118232405,0.6359463683576652,-0.031705470067766535,-3.9207416601177507,-4.024291043454946
6.232630620352554,1.5149834625208152,6.1563006486156,3.7302754185641716,4.857954028856527,0.0,0.0,-1.1541715980357193e-15,1.9047996623091085e-15,4.570743230711397e-16,1.0122925482696647,0.21046211967071518,0.6101957651609583,0.5456929347782002,0.9765811274714717,-2.207067235438722,0.8635688488198213,-1.5929002914804091,0.028877512881313613,-1.6884253721041758
8.95808059811151,8.69363426854435,6.946186068188728,4.635166548886236,6.069570920121747,0.0,-8.173138112457915e-16,-5.114624981140043e-16,-1.1497042149394288e-15,-5.853319329415198e-16,0.8599959480631736,0.6666321212691455,0.5459234378556835,0.7853304205546329,0.6493756551707306,-4.267016319108237,-3.4202225013609295,-1.775994604804621,-0.9805141391549606,-1.5793147564150731
7.353920861169916,3.988638417739092,5.626193370357166,4.105507727494739,2.474002645436045,-9.662093856787327e-16,-1.7814167676870096e-15,1.2629191515239246e-15,-8.65353060964383e-16,-1.7529523252298914e-16,0.2769375621220287,0.45146187545069966,0.06311046588546658,0.5026808851655712,0.43567585263789826,-1.845085901025924,0.14687541320449582,-0.417848306042516,0.01731710406920666,0.2501226722479335
5.020464728533805,3.281269982670446,3.436474068148992,5.668430395356846,0.8713549403204051,1.415292755114345e-15,4.398571100931137e-16,1.0338252547076893e-15,1.253508795560273e-15,-7.644804475775974e-16,0.7049095008395992,0.5770070209520941,0.23871413023112842,0.4173784163910379,0.1563682723603557,-0.8890560142193651,-0.1352406292687659,0.6843274276949793,-0.7481186562884468,0.7179044285009871
75.27014369498052,23.30706863875714,24.917719180624754,42.45041041298464,90.26614386514157,0.0,-6.097229529573224e-16,0.0,0.0,-3.1486566516972625e-16,7.878618629237332,6.326639736165598,3.529212563177079,5.010587678578496,18.981953205696957,-133.55584845456386,-32.40662352467411,-29.430319425457572,-61.617907016812204,-186.0090387161245
6.66114214194283,6.375587532399676,4.703353267342992,3.280553041176814,3.6580797408891272,0.0,-1.114474128304631e-15,1.510715218211747e-15,-1.0829618159522447e-15,1.82099314929965e-16,0.6053864591887288,0.41989471620451957,0.48638527776714197,0.14316639382883245,0.9838145898918002,-1.7753900986575635,-1.1791694272267257,-0.2969631821236493,0.8088625396447021,-1.0086749687743974
35.25460580305438,23.747106605279917,25.649194933190266,11.630748178206089,12.852526739397376,0.0,1.1968493637066817e-15,-1.1080936265031105e-15,-1.2218349582901784e-15,-2.764214189813916e-16,1.453429397858549,2.3556282186712436,2.5847216811952682,0.1065239572099609,3.334332803408537,-43.30970531917295,-25.5726385557871,-28.74014772669019,-6.108324716855669,-13.17505379383908
12.8380260093652,9.452353820766708,5.848464737647145,6.20053330349658,8.95873722576234,1.106934563369426e-15,0.0,-1.2149218087719097e-15,-5.729690503874995e-16,7.931282253896412e-16,1.4306152184828236,0.8314435780451158,1.0390547662346716,0.9788240131017468,0.42675844693247056,-8.739412772540755,-4.503803281442056,-2.0871261141267192,-1.7790628090299443,-3.4016425699824153
4.126281027453298,2.4436480756366734,3.941804296648908,8.897584145577827,0.3772499395210629,4.304982689210098e-16,3.634641291253518e-16,1.802582478191934e-15,-7.985793942878818e-16,1.1771750325894164e-15,0.47399590700415384,0.19216827692989305,0.24476721056841316,1.3635126559638902,0.03898590104007258,0.06986513165858314,0.9639929064181056,0.46488386980523494,-4.933171943792714,0.5709789077745945
23.37706380004085,17.629887479607657,22.283148557977587,15.763686361219046,24.98950016495167,1.2157946640995326e-15,1.6121322080631065e-15,0.0,0.0,-5.686730275274991e-16,2.1001473305362612,1.9519815682485313,1.0735963911415265,0.9677047971650071,5.554383884324047,-24.161483962720954,-16.359789661443806,-21.054699406276708,-11.713363586542872,-32.7849636687588
8.173136157524706,6.331791175124625,6.547854584831774,2.76576459673651,4.374944595046897,-2.173409086993888e-16,1.1221828328002542e-15,0.0,-1.2845321987968749e-15,4.060295623883687e-16,1.9365622452712123,0.9857032019718018,1.3566181688404169,0.17282169856774918,0.41556117404890247,-5.212256605646784,-2.2317632873408324,-3.420592468260413,0.9314616498597458,0.10310658553829918
26.9264276788994,20.532309729502835,14.148413513450922,10.161212189384056,9.063169976687261,0.0,-6.921215831252757e-16,0.0,0.0,1.5679783951703294e-15,4.3002616080629785,2.9859963940693888,1.2963304960303688,0.7754876952952754,0.8101198033041112,-34.04217663213376,-21.410042286581902,-10.04433189817567,-5.064131400530359,-4.116320746922197
135.41119482052898,66.86517709918756,62.48660731782334,36.55676761720797,74.89668392623459,0.0,-8.501199178233939e-16,1.0234008368088917e-15,0.0,1.897394379863094e-16,28.08981844633656,2.2788273759431332,10.792404788307703,3.606445902885905,21.971322499282497,-326.23182556812594,-108.33141986151223,-114.10200524762362,-48.41020235883813,-165.7147107989128
34.05328637759693,22.06404077515037,32.088025584081485,20.680329201806256,25.822002726687906,0.0,0.0,0.0,0.0,-3.4396186426785675e-17,5.543778339305524,1.0015394981646577,3.2961149888722323,1.9369595426742159,10.109715173923425,-49.104480300018395,-20.69687465750004,-41.33172223369791,-19.62289518202385,-50.42497703477202
2.9492044253565295,1.494665135865696,1.0031734171321178,0.8599163723257924,1.9608299392225208,-9.034759463234767e-16,0.0,0.0,1.032866041726701e-15,0.0,0.364026088594936,0.19185629717214273,0.18008953078741427,0.12192436504184397,0.050317570635306626,0.6134682703389556,0.9012794366329149,0.7385374534401283,0.7788017803317576,1.1304666607412788
37.631335798838414,17.08684396969205,37.30727111475152,11.4575185338425,26.840155800430093,-1.510534177278996e-15,-4.158419992717391e-16,0.0,0.0,2.6473122624299905e-16,4.748338813757901,2.6389904173175918,2.7213556349180283,0.6318449476480982,7.460412787835548,-52.03974540703606,-16.375426356771275,-48.19284222631474,-6.202061684585563,-39.9778302611576
15.621672198967065,12.513774594014963,10.039784240363375,12.16981099186561,7.4945860973891225,0.0,0.0,7.077270972651731e-16,7.298210467638242e-17,0.0,2.3451046417838293,1.1569394454899373,1.1990048108236002,3.044019792766221,0.8516679477040398,-13.77626455651446,-8.257521797863182,-5.258722777864387,-11.636540409941267,-2.767256585889446
1.4018860374719693,1.1562400887171604,1.0839679125661048,2.6325012392642004,1.02524907292264,-6.33559644621173e-16,-1.5363217870875805e-15,-8.193770400431115e-16,0.0,0.0,0.19003798443977815,0.23125378076276942,0.07665478563132506,0.39100663908616745,0.22690018895255895,0.9047310156199299,0.6722923147527381,0.9864101855108196,0.5107658077966395,0.5753172453072195
86.90072374392447,50.52786575055932,50.34310954430796,17.25767963166267,20.319970863745347,0.0,1.124991487695654e-15,0.0,0.0,0.0,8.391119585395236,2.713851595355402,4.096396929352245,2.1429043718225627,7.1377499870531596,-164.486271032064,-73.91202937419143,-74.81549115968362,-15.745192215019598,-32.293127161577765
63.45434898943559,43.27958348094592,20.607632222367958,10.322371724709331,10.16755877718591,-8.958159648012745e-16,9.850502411691471e-16,0.0,1.376704413888192e-15,0.0,2.797632905473245,3.598630365018284,2.292141983477608,1.4757831145401101,1.2271676112806815,-101.1674287358389,-60.51551228622702,-20.929312974339126,-6.490883914469538,-5.781083235089544
0.3577964162344573,0.4507109557837775,0.7518102990409701,0.6255952935517873,0.4030836880421942,0.0,-1.970616441208092e-15,5.906931714244339e-16,-7.098666093358334e-16,5.508647745174645e-16,0.05285106915738919,0.059425999418606636,0.06859801071427678,0.12853060199559513,0.07150779868119793,0.5137620773432298,0.6122049122098473,0.8371881837212537,0.590272072073119,0.5365233569441634
18.511828796375116,14.501907956593282,8.410871839524663,8.21178217043606,8.743458101192168,-9.595793365094684e-16,-9.799300035372966e-16,8.447908246813284e-16,0.0,-2.0316410496186226e-16,3.8296588423532714,1.7129104930845076,0.6511631300179153,0.1355157188655946,2.4143516325950767,-21.942541114736095,-11.628151255748595,-3.1436585597731006,-2.5488143193215613,-6.919387439621371
80.58444029868986,50.965369675438595,24.5630259924468,30.56640496615266,52.33039294453815,7.053895100606932e-16,1.11533418128432e-15,2.892732906680936e-16,0.0,-1.0862410095229546e-15,9.153087422177876,4.915310047700299,2.8812835750683297,4.971844075283561,3.634405437426358,-148.1545008609326,-78.04455548698421,-26.93003773916536,-40.775775400246545,-78.28658000065812
23.838338469726448,14.26269977440133,7.879175744213583,4.351958096776229,20.15877572232206,0.0,0.0,0.0,-1.6326966389829081e-15,1.4098926354407674e-15,2.664263553422029,1.8536227408685495,1.6369007618820965,0.8927252091535279,3.273256925989387,-25.57218167174386,-11.53491290658594,-5.067073133727095,-1.1349505275432208,-21.644543561788744
78.01796099389334,72.39818405851126,71.64437589195994,68.64365562199838,78.80879498281553,0.0,7.851497879403703e-16,-7.934107618793157e-16,8.280942841073179e-16,0.0,2.4819852524530956,8.198713835684385,6.57020970637853,4.55683576196851,12.902228601657747,-133.8557927949363,-127.9904126758368,-124.05534897251805,-114.03861374819432,-149.8213607343743
244.93467087438418,233.614207913024,220.7707709034523,207.64612238585525,189.63924597012772,0.0,-9.732870165494587e-16,-1.0299084181876022e-15,-1.0950056414765039e-15,-5.994900324562784e-16,11.117374328200514,1.8459822003542776,5.699716199570156,6.528168901050071,13.077144524508725,-596.2182511902513,-558.1138858562846,-520.6961349286803,-482.40705413643326,-435.4213430993918
28.370978589772726,22.651880682472324,11.795297136741251,12.866026349555362,13.371740483912298,0.0,-2.0389158177115054e-15,1.2047898879068097e-15,-2.2090510821459834e-15,0.0,3.8450265905899825,5.0841789043782715,0.4316508565211808,2.392750489191839,2.509691232385817,-35.82923886351682,-31.27775323190974,-6.42683698684465,-11.709265578507976,-12.127846302308892
38.86037270535441,33.6832530521351,27.095243502389284,23.84630383741647,24.90142763840748,0.0,0.0,-1.048955674744084e-15,1.191870640589944e-15,1.1413686734397072e-15,5.162208242664025,4.915507702830791,2.4821696094519616,0.5224495283574289,1.3397194807506183,-55.847000533874606,-45.879723651783934,-30.091367981409938,-23.236051265597386,-25.4558431944515
40.66440268341911,27.379823618867036,17.7446728138857,19.60896184485201,37.077466192007215,-1.3978668100290549e-15,-1.0380530505250962e-15,-1.6017037749021346e-15,5.435341820097228e-16,-3.832746995603879e-16,6.295804349791191,1.988038230430622,2.799406698850767,2.528075525873793,8.673743588622685,-61.2321509247451,-30.297393915983278,-18.158844484382605,-19.33754163722453,-58.06429759810981
23.290556329576557,12.23065617431114,6.745944867920117,7.707378187382739,16.64076139062785,1.2203104566596989e-15,1.1619045219380794e-15,-5.266443394305206e-16,-1.843798808064939e-15,0.0,3.044725758718061,1.282776208417904,1.1435738438228757,0.28522446111702954,1.931553490317692,-25.666789017347593,-8.137424964143086,-2.430682739658438,-2.152801754335624,-14.374874912612688
5.401892652574694,3.436023951844281,2.6651387455475914,4.887934230679782,9.024959718208905,4.521546078875123e-16,-1.5509410274455101e-15,3.332578542801666e-16,0.0,-1.5746169688192573e-15,0.8872849717258714,0.6188666370910952,0.5017731529841382,0.6446104580771426,1.4361951561686592,-1.7105578103122607,-0.09977037931019644,0.26114672741182104,-0.8033732187789734,-5.09233300476478
61.42866157472411,39.651353252543686,14.29076098548724,12.66528157737377,27.006173783550754,4.626783117491626e-16,-5.375928013613392e-16,1.491612804556064e-15,0.0,1.0524152609769343e-15,8.033584044393452,8.00761012418479,2.076801669419701,0.7375683825040428,2.2968654305150698,-106.79169298623677,-64.95609613408288,-11.727837806385294,-7.696933838569446,-30.099379878132435
30.28499428891047,28.29364990360719,31.903352297414703,32.70548157873695,34.79684046023699,0.0,0.0,0.0,-8.69019750159619e-16,0.0,3.190077966186988,0.37667539705067654,2.697319317056415,3.5003992366723216,3.673184026582526,-36.47406796661989,-30.50798997425547,-38.624990257245464,-40.742273889553154,-44.62654410213325
4.591268512020179,2.399126137694718,0.9532285270388337,6.3402704890526485,11.429518403785947,-1.5475956892955891e-15,1.0180751298563629e-15,-1.3976371790811004e-15,-1.1206820544753575e-15,2.486693526910943e-15,0.5197415918315164,0.43507757663809665,0.12896370557016584,0.9732189917829476,2.5371667452970037,-0.46910289736982375,0.3293598568614442,0.8477947901398981,-2.1010010495152867,-10.775100983565084
20.355467789647655,20.537190660062404,17.898352380961782,17.01536008755387,12.52827794142189,0.0,6.919570914261953e-16,0.0,-8.351780181012295e-16,-1.1343023184548817e-15,1.445226265096244,0.9067461978628626,1.0381813065760102,2.393154465864103,0.45243150265619286,-18.566140141218884,-18.33772820954824,-14.604701791878247,-15.769412027510821,-7.284460219529663
49.865896571038256,44.22285054280767,40.31539388347572,39.005738439475095,45.157349535169644,1.1399257362159263e-15,6.426928405009041e-16,7.049840443715312e-16,1.4573091328346856e-15,-1.2587855453415613e-15,7.941775245914724,4.528830959346927,2.294989210473594,1.7102206427850968,2.4888953209893043,-82.88938397545428,-63.431218939848435,-53.46772898150344,-50.38988906708829,-62.86689877982557
301.409601669025,241.07769884514238,207.6848168712695,198.7994771059968,312.8076059716577,0.0,0.0,0.0,0.0,-1.4537605294919427e-15,34.87448806319935,27.72779626199319,31.112538482594776,13.774802524850749,11.671478151008046,-795.9200655201197,-609.7924966759462,-518.1830910794384,-462.84945157886943,-807.3785474868216
36.49220773834392,33.97512644132287,30.665730160357676,27.606277302410778,29.087269037399178,7.788432433080804e-16,8.365446256540073e-16,0.0,0.0,-9.771185254229463e-16,3.8749421305285088,3.196970176710914,2.5319263341566183,1.102177222325462,2.353226320919463,-48.88332968939181,-43.292595824661156,-36.84244095988736,-29.669841157728637,-33.17222898194568
65.3567992951156,57.78297078743398,54.3164449368508,55.78507126372604,60.432755061867745,-1.7394798849966381e-15,9.837399857808921e-16,1.0465231832991852e-15,0.0,0.0,2.627617723451044,4.976784123997735,3.500498306793421,3.2304267827182356,7.4893228642673435,-105.23106846665706,-91.19008164472397,-82.35810892294076,-85.03601651974523,-101.4962556794506
11.869096662119631,11.04717005583663,5.4429854440174354,6.1961569326712675,2.351945730522936,-1.945610484907727e-15,6.431898234287559e-16,0.0,1.0034040463240036e-15,-1.5105423703847894e-15,2.755843277235251,0.8262983040519724,0.5693151415981349,0.9419676371063519,0.028651358991611343,-12.060525267674297,-6.04488043697147,-0.8736972023956634,-2.067658237439463,1.099416606194656
131.5610493552965,130.5962994190598,112.799863015919,107.42779022117284,93.0359658010784,0.0,0.0,0.0,0.0,-6.10983272666248e-16,4.469510015013007,16.0354533933614,5.371757769799006,6.326522260141718,5.736875219475557,-268.50716362836636,-281.4044445608948,-220.30275899504662,-207.7109826630438,-171.42917909042188
44.64540493725937,23.922142572555064,43.81326061612191,14.937172817977373,77.08878509755347,-1.2732199190642493e-15,-1.1880921344817633e-15,0.0,0.0,0.0,7.119894650403453,0.31790048994103837,5.058226343720005,2.369592231207146,8.146850704431152,-69.8199815373568,-23.30024969565387,-63.30022271045598,-13.660859833484224,-137.6286716340673
17.541001336008467,15.112084265036863,15.125925876065324,20.2394913000775,23.946747902219727,-1.6203014232750462e-15,-9.403636497766272e-16,0.0,1.755337437155299e-16,1.1868713675216616e-15,2.120904161084756,1.2730758113878209,1.1970652901366843,2.5085451189316927,2.6637712567542553,-16.27421181915451,-11.219615554532924,-11.142147486312261,-20.476176552267315,-25.969549727707324
47.332702595363074,44.31892847615222,41.320453436114846,35.37976728063997,30.220799641242934,-1.2009333028529973e-15,1.2825991244665393e-15,-1.3756726786334297e-15,-8.033322889027748e-16,9.404684775983336e-16,3.5861996106979124,1.5340103020835483,1.2235983597943494,1.5334734671985628,2.9398778037880313,-68.34744756807186,-60.49422951066575,-54.51467122962354,-43.48716634778718,-35.713140051617415
287.15836424796123,157.30359525552728,69.00234704683632,84.83936886333429,166.43133026898983,0.0,0.0,0.0,0.0,0.0,36.5533409662402,23.101519883227848,6.233862717270603,12.888087986804477,36.395749205528034,-764.6864235640376,-368.65051823575084,-117.27036060567842,-167.25367180647473,-430.89761488284137
171.28442836102195,170.5949563265394,172.94221077462632,184.20903839938603,202.02433844417675,-1.3274626165315443e-15,0.0,1.3147378793459475e-15,0.0,0.0,17.927620703219123,11.342214826263785,15.644918876531936,10.11201858271026,32.56488951575551,-391.11108844232945,-379.86753927470403,-393.5208018283162,-417.95355360706867,-496.93611804714243
13.812566481351595,14.199587080160581,13.459787620292532,14.119326043340095,13.594466355218811,0.0,-2.0015870370001343e-15,0.0,-5.032412549855764e-16,-5.226705610899749e-16,0.39293075398127963,1.3087151172814875,0.11369367066880333,1.6562150634002732,1.2139696013565733,-8.807430725271095,-10.285865062621573,-8.28920723406734,-10.35624155175802,-9.373663191722844
126.47036847992453,127.94851503262845,127.14271696832755,135.9677954897078,149.2912066761336,0.0,0.0,8.941671251994442e-16,8.3613062425669495e-16,7.615106090490897e-16,5.655639558414354,5.490218658608197,7.212051629165267,6.644039189188128,12.96479563812346,-256.1146690612793,-259.5821035145654,-259.272614493608,-281.579695877085,-322.7144845393792
13.706880158786554,7.636092446316654,4.48167262147011,3.322049193516892,8.494252513377273,-7.77575999274298e-16,0.0,1.5854409631710737e-15,8.020757983657556e-16,-8.364982494234704e-16,1.7321721422570486,0.924553164106911,0.7751155777176464,0.3894440948953281,0.44099334637977516,-10.55144831049621,-2.9142971386182546,-0.8537759925528748,0.49967524940389213,-2.9913898092187416
5.605578146161037,4.2368402512159955,2.4068407969661414,3.2062836754823625,4.434898926783356,0.0,-1.0481613266457396e-15,0.0,5.540236046434694e-16,8.010810928169886e-16,0.7041780239934702,0.6040930062681044,0.24564213947613298,0.6820631809039638,0.614680435434231,-1.342962733561307,-0.24542454180724219,0.7834378897380213,-0.007930802666525434,-0.20366375600844788
84.30945856596635,65.63698310351857,36.537891600586654,22.13963869828651,40.246478135359965,6.742235073936805e-16,1.732054587919073e-15,1.5557388883351806e-15,0.0,0.0,13.790168687914484,9.200421884672938,3.555025786992782,3.558981004630906,7.309573358451276,-164.9962495245988,-117.41904891939814,-47.98711750280729,-26.371393332386024,-62.939799312117835
144.71684446361976,133.2802107514057,111.78594560946614,89.67219896387967,70.32617958536738,7.855812372290612e-16,0.0,0.0,-1.2678047269411734e-15,8.082824802363543e-16,9.939922259975493,3.2131026979597053,4.736985738417266,0.7325700125318421,6.690496400578834,-307.7705713713883,-272.4715877445428,-217.35832367980342,-160.8843681067679,-121.06197760484801
13.747775735885787,11.460941712810158,4.803823522795644,3.8852298013120032,0.620198016278829,1.0336839200909745e-15,0.0,0.0,-2.286038317219219e-16,-7.160442281234398e-16,1.104468050495937,1.4558791292306013,0.30439046092493627,0.6782311069500105,0.10073933721121177,-9.299548401060296,-7.378221019786139,-0.026515668266655405,-0.31955948840533527,0.7011657603800144
5.226353027201065,5.825411738800284,4.716021282141939,6.631242126217623,9.745531368208562,-6.797691737068001e-16,0.0,0.0,0.0,0.0,0.44764235546633785,1.602476489299199,0.6361506570892395,0.876012964842928,1.0200434308119004,-0.4005199599526507,-3.2971080026302295,-0.727482316747118,-2.2511771212546514,-4.944727323541234
398.732620768036,351.9189385646875,277.131605676051,194.28603469951236,126.99411547600228,-2.280963870026651e-15,3.2304836501636255e-16,0.0,0.0,8.952134301301474e-16,71.80934377869372,56.99482040550235,36.200137816743464,19.673812603173328,6.947515983534984,-1195.873705636268,-1011.647672687267,-739.3938520577195,-463.14710970656444,-258.7529751549685
185.15135166646624,158.08183441371318,124.1299997276025,79.46188418711758,49.55342226827981,-1.228042211934945e-15,7.191644640464395e-16,-9.158691530741683e-16,0.0,-8.603354156811893e-16,15.106675656426672,5.172046297940478,11.595950005729055,3.757942849012792,5.8391537092152905,-425.25426941777744,-340.5809725667385,-256.38478972808724,-137.9492124147817,-75.39579914890878
80.30453349343226,55.61137886080163,34.485041534924555,20.65120114304043,16.686732537098674,-7.078481922251249e-16,0.0,0.0,0.0,4.258129829673907e-16,16.141016885665707,9.05596387111934,6.22420878870324,1.2351779078591345,2.8249034286429606,-160.0207661988648,-98.96341251380393,-52.48052729845611,-18.902341160207715,-16.452013338175185
50.65397360714293,27.218558762827406,18.521652733941167,23.299033833120934,26.099468569887286,5.610953575100403e-16,0.0,-1.5345125966173018e-15,0.0,-1.0889765572926665e-15,11.359052305277817,2.74996875846639,3.744705034742687,2.7774102008970694,1.1681533564945525,-87.81287241121954,-30.788413794621967,-21.26660775020121,-25.640180128390075,-27.221799134301072
30.673400555527756,25.798283469176567,16.044533841231047,15.778100406027354,4.8041493723208095,9.265914087012447e-16,0.0,8.857131566317697e-16,0.0,-7.395094122737987e-16,2.394290281244609,4.795268344846806,0.4221823944982651,2.8330866970657254,0.4999049808545336,-36.058994920067654,-31.991072309348766,-11.704532021773971,-15.342873556645834,-0.5183276012403661
6.487446073310014,3.5769260226420134,1.6011905586035542,0.8718237514249794,1.8082905563155451,0.0,0.0,0.0,0.0,0.0,1.4455027576582573,0.5603394386858992,0.28873873855505305,0.12847816791781838,0.31462197197168096,-3.2714506270449726,-0.1491932274991261,0.7092242575898083,0.7603992549282521,0.6713742844935816
21.621970182498746,17.749306012659417,17.65807226129008,10.568327182924858,9.793966860518228,3.286207176139886e-16,-1.6012856733740837e-15,0.0,0.0,1.81372559729721e-16,2.5805001351527657,1.4230695745083952,1.7832762198714527,0.9590472468955987,2.412539727915439,-22.044909166594895,-15.173962127031183,-16.10216144699531,-5.940629013615073,-7.617145765870265
49.8358087688225,40.11570483544421,24.91835089987743,18.399859101301523,13.886901450672198,0.0,0.0,0.0,-1.5446699495863848e-15,-1.7908239530568367e-15,9.494059800642761,10.108277396049736,3.6258264869313046,2.837883767284293,2.334742073143589,-87.33449613680558,-68.38099733274457,-30.14563880344807,-18.598494530901547,-12.096799094231766
8.941961204781473,5.8266971725177275,11.084394157377933,14.743978583296876,10.076762000316648,3.9730810696212627e-16,0.0,0.0,0.0,-7.051300167035525e-16,1.7642406082531639,0.8994887667074913,1.7624992440444536,1.3506272118387548,0.9025685155480082,-5.382759870414662,-2.021216975393396,-8.130001884830996,-11.149735899943076,-4.9920263896589265
100.43355025509615,59.868446948380054,22.048992482968856,26.532975190122766,45.66528640386314,0.0,0.0,0.0,5.35592206052044e-16,-6.223920108382287e-16,25.974282515752503,12.820550908755605,3.2412265544820773,3.2916812046739725,2.354514752868728,-232.2315994088435,-114.24560199577832,-24.698734887162768,-31.025472318155987,-63.73963915856839
86.24693050060215,68.09053024196972,51.16827982642618,27.4534365481012,12.714919297367235,6.590775872355382e-16,0.0,0.0,0.0,5.588259894871892e-16,5.769809474080308,7.529732059806554,6.789513066061877,2.7960783576779886,1.9611512158362063,-155.24947869132228,-116.74203867871383,-82.66482298754686,-31.343222925749494,-10.199937191186754
44.910357980796256,41.255668543083104,31.762893005147127,21.71209598544686,12.453440275772294,0.0,-6.889164673388664e-16,0.0,6.545132595548226e-16,0.0,2.888755956250525,5.261208891279666,1.2014492693560999,0.3244446993154811,1.4581719575620473,-62.78587416316602,-59.50249105980779,-36.82325037993156,-19.847219768726656,-8.394680290160302
106.61785248510859,85.65113529810422,58.39903926770792,37.22048729717028,27.273216566517362,0.0,0.0,9.733622260501793e-16,-1.5272078091554053e-15,1.0421106495116026e-15,16.02637280131144,15.021728163005951,7.856194659726768,3.3170611034544826,2.885441773393877,-221.3680150054835,-170.27978757601963,-99.00834727482851,-48.690886007544094,-32.32942774762903
48.46403524687893,32.05152906713565,19.076367112563467,13.592279674183743,12.649852617663278,0.0,0.0,0.0,0.0,0.0,10.430083810195322,4.454980489899379,3.200684849834706,1.3311852558560184,1.2174024845181675,-81.76865577971444,-42.00149354326646,-20.355568665687308,-10.00460356453155,-8.27285201433114
544.8189897841522,453.88482488373427,313.2517843185807,196.30556953645802,167.41590324548122,-1.6693520578885369e-15,-1.0019003191017696e-15,7.258495779611918e-16,1.1582640063658715e-15,0.0,49.00064011834711,26.140002302662257,13.689883878822537,6.75907996288238,15.800641815127502,-1629.1867627020424,-1284.8763712749962,-810.2886917208075,-449.5238722535855,-376.09990237352935
48.73356574957109,40.437635008207145,35.31407636173779,30.517540673371265,17.502283131203697,-5.832060304484112e-16,0.0,0.0,0.0,0.0,2.645077536702059,4.754376971679098,5.250972418621135,4.263425380352421,1.4045795145263609,-69.94302162055587,-57.546108610608435,-50.098418678290464,-38.909816518807375,-14.522448848920824
8.275259496347491,7.320188424031516,6.498561220157311,7.313319405516558,1.6805359175334782,0.0,3.6399817938469286e-16,-4.1001925946861747e-16,1.457360255366652e-15,1.0570180743339355e-15,1.4162293087014488,0.9950237500946346,0.9307923802128569,0.9743121555753987,0.1539426152386086,-4.496088432258169,-3.059910561629225,-2.4050154855138244,-2.8961177294909857,0.9832788238433385
54.81169391460908,25.19857607801187,16.201751538082817,41.53011307835365,59.47641169490971,-2.0741347256796754e-15,0.0,8.771184203015867e-16,-1.3687277651655607e-15,-9.557304692891042e-16,7.462265865099524,2.5047123381430434,2.9630610779307403,5.2264653788999444,4.658650314043952,-89.48708346587318,-28.40089261615914,-15.182860450310042,-59.35476996795774,-94.21477159935343
34.91027199150482,23.8807285088807,13.681767006396662,6.760060233335505,4.115677659496953,0.0,0.0,-1.0386710070824898e-15,0.0,0.0,7.721255538672281,3.4828051526452963,1.3286764306854573,0.6643589977415835,0.49329848649155456,-55.449633570441,-27.582875179331904,-9.535410475840647,-2.0463282299147703,-0.09020959621723272
301.78174038617846,234.0054524058771,175.7880233253108,126.26700439213309,71.52129010834749,3.767187424134256e-16,0.0,0.0,0.0,-1.5895523913144187e-15,38.124116087116214,20.420222667929746,20.209810668391757,13.574276384483818,6.250875303205119,-799.5465230079487,-571.9695529416477,-407.8499903483192,-264.4235168555819,-124.0509303852859
42.49234573657817,24.733553500025156,14.797268291771648,13.450711168831328,8.310182146976786,0.0,-5.74557744611487e-16,0.0,1.0565132606617946e-15,0.0,8.960623093041546,5.03375694884342,2.9957043348311694,0.8890069065172503,1.1180560470578649,-70.9561471385009,-32.44696556473347,-14.965406909443235,-8.848174588677175,-4.2047736538095535
14.7489993970395,7.038298014087995,11.747285419631057,7.201463213698808,5.150714611947406,0.0,0.0,0.0,6.166652479808613e-17,0.0,3.552524135388983,0.3049663552920932,2.758316464890281,2.09486881470607,0.5861236578609139,-17.76037666387334,-1.6108337780729391,-10.585349392034685,-5.428778597095022,-0.8374317084016483
164.92912937392228,80.73687626107473,75.55582968691849,99.18693451766421,86.57404745002748,1.3786144164245082e-15,-1.408115386505575e-15,0.0,-1.146187633224712e-15,1.313174572174631e-15,22.199397428578965,11.74946636034445,8.246809169198714,11.989023291680859,16.657764386751204,-384.00042852562126,-156.52291192970767,-134.5652715328124,-196.18621780825174,-180.57349973663065
339.9910895096323,291.7312467349883,247.67293147317284,192.08109926285198,130.6035631357156,-1.3375272615007185e-15,0.0,0.0,1.1837378915251012e-15,-1.7409454228056442e-15,20.439587888994765,17.308245857872596,23.54062157264486,19.719298027269748,6.496265971716481,-900.9993353616185,-744.1870627208908,-618.0511795310568,-450.78504757618396,-267.22909002722645
3.115617902074199,2.981987669591981,3.2457695323794917,2.864692222290077,3.475784829102508,1.1402918427305571e-15,0.0,0.0,1.2401729062399624e-15,1.0221327997791673e-15,0.4144385243094314,0.16823600664153848,0.475932710751397,0.41225479337651844,0.3955588376282718,0.34661788918115466,0.8828923883093267,0.300585812422752,0.5308863426621253,0.38876812070392963
117.18491367127756,102.89181532378093,77.797240536744,46.924675872899044,38.892534385208364,-9.70149093086554e-16,-1.1049162400708475e-15,0.0,0.0,-3.6538772645802905e-16,7.073294574859307,12.344156544635181,10.562744912380904,8.300239649441023,4.209872710986681,-233.12722515588823,-202.99277353637035,-146.66839123150652,-79.59380933166318,-53.645161916458726
8.0183311861874,1.7702509846777006,6.840436162837138,5.127993192477592,8.367151830231752,-8.861479019276491e-16,1.0034491463500932e-15,5.193694662486226e-16,1.7320194983936815e-16,-1.0615062780276149e-15,1.2249074473143247,0.16242406123688746,1.6336654876648546,0.9875208275964547,1.6412762259793503,-4.232250877343492,1.016808307227907,-3.923850964772883,-1.6184038517478496,-5.343676983052697
2.8201066573515323,2.2073803817999544,2.446462506830281,1.446183602501498,2.622637648904193,3.5431309647736077e-16,8.047352663122627e-16,0.0,0.0,1.3546338283845341e-15,0.7301980452561638,0.08983658999519484,0.2986522804254038,0.21099953182294023,0.17341081159166744,-0.2919911914519949,1.0949387591797521,0.7356588510980162,0.8143373697823071,0.9590017612011091
111.68522262165907,83.12053397415352,54.87283624290042,62.5953109418351,62.103462118184325,-1.0179219332063076e-15,-6.838673447223472e-16,-5.179559027091711e-16,1.8162197137618866e-15,-4.576509660011681e-16,4.6509897030209455,3.3564393660562657,8.779777463691818,8.966388507187913,6.414375636816712,-217.2061626265788,-146.2784383777661,-94.09577426312141,-111.30053333279574,-102.96845147100981
39.90174785762137,30.613016854485576,31.60341711426224,27.061076355391208,29.69604097621011,-5.342192564813052e-16,0.0,0.0,0.0,9.570874936889067e-16,8.417263523340026,2.1766630617415887,4.414535086614434,1.7634403611534857,0.6250036358010098,-62.966883209299105,-35.75711480814456,-41.33904433231798,-29.51554748274857,-32.9722667551707
6.824839370340149,6.325187956391066,6.224860428162634,4.551450347562097,4.730295374516012,-1.5616691409207925e-15,0.0,0.0,-1.5611347625503365e-15,0.0,1.0285874358462819,0.6751848840379431,0.2663493409059637,0.24159549447105574,0.633378975215865,-2.580058277410849,-1.5230265363302242,-0.9434196434657336,0.16832288062100714,-0.5223726588220591
11.821407935489232,7.387811975609315,5.26100989036792,2.9409052442079493,2.851431608383972,3.005321953347743e-16,0.0,-1.3505823987538817e-15,0.0,0.0,2.202289265020604,1.539596612273164,0.9866787283795134,0.23549177922713513,0.33494612176752636,-8.99031441699042,-3.910433293164169,-1.7991219327326677,0.810737401681802,0.534292502122443
0.0,0.0,0.0,0.0,0.0,0.0,0.0,0.0,0.0,0.0,0.0,0.0,0.0,0.0,0.0,0.0,0.0,0.0,0.0,0.0
40.53460318656603,31.97913931783737,20.53155143897654,16.96881202608769,19.013416684689865,1.4023430450072112e-15,0.0,5.19110358906847e-16,0.0,0.0,8.978030149381539,3.7163564725508196,4.611710603131533,1.6462120334567816,2.284661075187697,-69.7340602857456,-40.707605871275824,-24.81478127238143,-14.40810305573064,-18.68533209423835
129.42546286653084,118.58575978926834,119.17487218223886,104.09321024759232,78.91097275775803,0.0,0.0,0.0,8.191228619849795e-16,0.0,15.10220033668341,20.7055150789242,19.431773301861863,9.750373428948444,5.720693043961258,-277.05336497993255,-263.2664169732962,-263.9532643630692,-204.22806889442646,-138.53949684096804
137.6955059744732,99.98929522972038,79.73595651811533,15.569873115391287,30.4365290863081,0.0,0.0,0.0,-4.563574349605376e-16,0.0,13.194072170237277,19.020977103626812,23.734913137595203,3.168288305737567,3.1117675354518726,-293.3408143356924,-216.82778134889756,-180.23620727367066,-14.80694787273487,-36.48630832115237
78.6307644552023,59.71927989525041,45.46050027797607,15.123374156479104,13.609820588458195,0.0,-9.518436752839829e-16,3.1259785150421317e-16,4.698308250581052e-16,0.0,13.708802583404415,5.256229186412967,10.33811523184613,3.890146371159376,0.38573106767852183,-160.91334404426146,-95.13125202136924,-78.40918687856336,-16.63982926069772,-8.549029472172997
18.99374814394033,13.925189704254988,14.455872693812388,11.493122309348793,4.869379911546054,1.8704647718170049e-16,0.0,0.0,0.0,7.296028946881853e-16,2.4586340315074247,1.33115293702333,2.797977552339852,0.9400662721781128,0.3900988590387359,-18.366934583067852,-9.917641476962949,-14.84157973857315,-6.5273710992399065,-0.2532528245090686
56.71247150995042,55.53629240195046,36.359012465709014,43.56658620563529,10.086498616359329,0.0,0.0,-7.816964076570877e-16,0.0,0.0,9.89284455215892,5.16884096411984,5.106626440498683,14.305466052441492,0.40749504689325655,-103.15147177714685,-88.61645311158034,-49.987894611800634,-86.37944138029567,-4.525704805747438
14.517658253844997,9.408027712234885,4.886556485959781,3.5107563903478654,8.437666195593108,0.0,0.0,-3.635191457428434e-16,-5.059755340142639e-16,-8.421081366447136e-16,0.9702190750945652,1.1722470010684305,0.4812395432820328,0.6227500364103763,1.3411411756320895,-10.25585698633187,-5.0290695599764925,-0.27700080957744905,0.04513382988443036,-4.583858834710033
53.70618859009765,42.197758425056925,22.51929128094929,18.30750240084625,7.8988817600788925,0.0,0.0,0.0,-3.63858379034981e-16,0.0,2.850654679513517,3.314419142862563,4.552090746811349,5.384728693423241,0.8845263352683778,-80.43696487933681,-57.970219940392795,-26.888383725028827,-24.724763519062368,-3.447843148264377
61.23399815296163,47.07387293997885,33.554806779223554,17.783739007895498,7.824380058462672,-9.282983403895003e-16,0.0,-8.470234866022875e-16,0.0,0.0,9.180155567747084,6.0102158604307085,2.4967871841964215,1.4658321577067843,0.8398461931928403,-109.75975079397014,-71.05175566020495,-40.951371528350826,-14.943227213334028,-2.8747939867847467
63.73753312460555,45.71651357449921,35.22540377179718,10.38942036816994,15.32149228156075,-8.918358787071397e-16,0.0,4.03426311512709e-16,0.0,1.3912667043834183e-15,6.073424832303816,3.5791517892253726,7.236470659093778,2.1623888313439164,1.2403793985325573,-105.41834970908735,-65.05275986090439,-51.872923771179835,-8.085027396413807,-11.460972597286187
692.7815176982374,509.84703691367883,296.01190143994177,102.05682687607052,100.51839685521176,0.0,8.919289864647316e-16,7.681234245554961e-16,-1.1139562261686625e-15,-1.4137566017563469e-15,88.56121066161069,64.09671696858581,38.33763117439296,10.285604520547803,19.61824283606333,-2227.516084461098,-1518.1451392010815,-781.8622625491015,-199.2609387000809,-219.49694063376995
110.67295245447484,150.98558168281508,84.71175757051495,146.0901848182509,89.21956663612363,0.0,-7.529648623035088e-16,-1.3420431942635816e-15,0.0,-1.1149570296852096e-15,12.50756881347091,19.777860399166876,13.162453639310712,28.355656922490898,18.18428376462714,-224.37775037249764,-340.17195001950904,-167.997048448728,-344.86210459518315,-192.12795993472741
78.4494043969998,50.244755894102006,42.9283635336756,7.5302593525344665,20.510888891647234,0.0,0.0,-4.965547325390409e-16,-4.717916757548013e-16,0.0,9.762506286517965,4.4318458375297105,9.973047715681298,1.6450076528364337,5.433522710873085,-143.99997595674432,-75.154307405789,-73.98152442290018,-4.040224863070262,-26.417970631046693
43.13362107958057,28.57441541134388,35.38954881910699,24.767205193707248,22.565127097225044,3.2946120356979287e-16,-9.946558493413919e-16,-8.031102508732461e-16,1.9667554261554326e-16,0.0,7.670418358902374,3.6707103150167795,6.231857981195774,7.428165612793048,2.9878787773549216,-69.21225798111516,-35.15234206975114,-49.81995113329062,-39.292425695819404,-25.23996089305595
269.8598546300947,193.03756251873483,131.8651497168322,71.17866981463426,63.636776275861756,0.0,0.0,4.310723415767837e-16,-7.986018706002997e-16,-1.3398718992551195e-15,37.14305645341292,20.88074114381337,19.045737811684194,4.646816994797936,13.350653057788998,-714.2337806635251,-457.30659447536095,-285.3046383654781,-119.78555947627133,-124.79910670134996
29.10707626723179,20.76247837972387,20.154659475519857,9.64552745261046,10.039688456187271,0.0,0.0,8.813628637873239e-17,-7.366551380949097e-16,0.0,5.1302634470418935,1.2546963839078937,7.387670823758398,0.5860957558825373,0.19954862555908984,-39.09060438669253,-18.964299982951093,-33.424617983553716,-4.197501543595282,-4.379817135735564
131.2930741184683,91.08149127790023,54.0982714892332,35.421491474448764,52.11792849671934,0.0,1.248188145874163e-15,-1.0507437168694228e-15,0.0,-1.9086710825944615e-15,14.252774493138505,7.9557624123927715,4.712909372918676,6.1261138289282515,7.193103254834267,-278.41996285060145,-169.5013637835371,-82.76018893759112,-49.49656175276024,-83.52205574039569
52.26057019237314,40.591423935476676,17.979162667226014,9.333727179421338,12.189784160355073,-1.0876922821845463e-15,0.0,3.9520346353800976e-16,0.0,1.2750941395093119e-16,7.622025091699061,2.684855899538227,4.176262554431345,1.612105935389347,2.0969340187283243,-87.30383650885403,-54.24957091381982,-19.957569643081058,-5.6635499679366,-10.57923209726663
34.486622585532245,26.515132656784285,15.512644716473517,11.941129438085504,4.651255784654654,0.0,0.0,0.0,0.0,7.63818169390201e-16,1.0917348049375437,3.5765471663677597,1.873565499919534,2.409842537532965,0.2045609775981585,-41.644376526757746,-30.71225530550647,-13.01905883069326,-10.499715657337488,0.14043524986378486
81.95388450173783,58.00599549087586,23.47012816102925,5.4847995931670805,4.060350343582879,0.0,4.899788235661716e-16,-6.054868817801465e-16,0.0,-6.562328453532344e-16,9.210433098183985,7.043653229914792,1.364408578456891,1.2070563201545197,0.5277284706394237,-151.49688141168696,-93.94412682314156,-23.148938921923282,-2.643356327350981,-0.11261882845356912
135.98006799355187,107.4627162741932,81.25626227371691,48.296314865105174,17.245160085932937,0.0,0.0,0.0,0.0,8.240488719379271e-16,12.942180691954528,8.973054741177057,7.8053730686363725,5.56407169168381,0.889305800342151,-287.19789398716824,-210.83019000991078,-147.1290136926874,-73.32308335316073,-13.614368984700825
17.724106344815766,13.117421691006815,12.425207239403619,7.154896138384211,1.3080951680907063,0.0,1.0833573128890747e-15,0.0,-1.2413575298951894e-16,0.0,2.316550722477048,0.7436731830128084,2.234161529462212,2.15792513171832,0.13562571457308278,-16.30254414553814,-8.205725823469718,-9.469473934332042,-5.476254261905099,0.9747660294440529
16.010584616592833,11.438364378045407,16.290990972457983,9.544732259808585,9.381239005630864,0.0,-3.1059630217931476e-16,0.0,-1.4888688680186191e-15,0.0,2.6637994426035667,2.3417133817279443,3.96932175563392,0.7868161510623335,1.5217912278111596,-16.484970303197862,-8.737895215402999,-17.73314061244542,-4.428949130142618,-6.260410393105654
77.00130065205619,25.933360376417046,107.06141406485614,1.8731995859987554,99.01477666118393,0.0,0.0,-1.0618843279311285e-15,9.483008925891524e-16,-5.740902598338328e-16,9.151216199491682,4.080668968881879,11.944203921412246,0.07424865737531881,9.388226747552807,-139.17535209935514,-30.802421475529727,-212.71379506894067,1.1188659715146043,-190.10585138623745
36.10327464262711,26.96393530524078,14.496403736416415,9.588994473996605,9.960017483076067,7.872335601615072e-16,0.0,0.0,1.8524954250598093e-16,-8.917438360015999e-17,3.596728003977631,4.213573092109109,2.6778247223439218,2.0023632656918715,1.4370301972994974,-46.96646260324743,-33.34665584329392,-12.570903494847592,-6.444561484977548,-6.357272568588156
12.024314102759767,10.865651703638301,8.677993204568752,8.998040575475944,4.712533092568616,0.0,-6.539347617061746e-16,-6.140901925799072e-16,0.0,1.5077724056316626e-15,2.24617847320561,1.1646249198079508,2.0216107495500455,3.2945583173243067,0.4018084208636666,-9.913209648230813,-6.640071308583423,-6.186440604010827,-10.392583250420811,-0.10556708229709658
44.68087317504799,35.55572900133186,22.561484453085075,7.6691991385218365,4.402151883113726,0.0,-7.993566783383734e-16,6.298723270958707e-16,9.264888327010509e-16,0.0,1.4619053936617032,0.9093424230264955,1.7200026610337869,1.2291877170409204,1.0635498094862492,-61.19846611096796,-43.5154357337398,-22.19469693661034,-3.5872188448314044,-1.1512968927005152
6.127479928885915,5.4132809280178105,5.386778722571082,5.281975126245701,4.275926790275441,-1.1596002663517326e-15,0.0,-1.6488117768390573e-16,0.0,0.0,0.8484733172759559,0.893411811129743,0.7258979602339538,0.5105988567212567,0.46751367550413203,-1.8659330056922483,-1.302938417037506,-1.1811794684282275,-0.5600620706902546,0.02298318635472254
43.71789836841603,32.09396239385475,33.43775315106034,36.40009327056638,31.46423461014717,-1.3002321928145226e-15,-8.855780748296166e-16,6.374914599226607e-16,4.880088702510653e-17,0.0,8.517565135104224,2.7447891325336538,4.401391140015079,13.885182481643088,3.8057315008056607,-73.01400220794801,-38.859240199555806,-44.540112039866386,-76.5488811619856,-41.17338597319365
14.410105358097208,12.823049609640709,13.061181194675623,7.1407110525532955,8.041118930441458,0.0,5.541136916649651e-16,0.0,9.950587981095136e-16,0.0,2.0212083619667074,2.0369968887037238,1.7760051529779988,1.0322237138363677,1.4482581384742343,-12.289602005696482,-9.482848739932258,-9.31582285703988,-3.100454780071081,-4.077734550351597
80.85618162580822,56.20853604328611,55.1263111028523,14.914217998710585,35.99004302007875,0.0,-5.056475658522131e-16,6.444678788994243e-16,0.0,1.184565523353818e-15,12.852481848169134,5.172204497259167,8.497698609297728,2.065476887766202,2.1034054785104175,-158.05189974334255,-88.10963406126575,-94.55759983351712,-12.856851866505743,-45.144214017093205
28.02309246654695,19.425585987767715,23.530600331557928,12.207348858817642,15.198168573981128,-7.606684415094332e-16,-7.315534637745587e-16,0.0,-1.1641229295202114e-15,5.843983210060347e-17,3.5151117023197913,1.9979788815157509,4.605596022076471,0.8942084948713168,2.625304701312325,-33.98959232842962,-19.02488238068109,-30.14368030612664,-7.265743804724742,-15.20452182722397
218.90474039705467,176.99039343505885,113.61394986623947,56.20881432717943,29.0540019975015,0.0,0.0,-1.0006415396653525e-15,0.0,-9.782373331167297e-16,14.931277141814077,7.831730414356152,12.449181223224452,5.020723101501583,0.5079533904911889,-521.4696503559524,-395.0197391705141,-231.59636953385132,-88.31005689770997,-31.838745846146516
173.23749291955951,121.27710067163663,108.24773534161832,82.4440955809347,91.56663519592641,6.562484587236838e-16,1.874827763724801e-15,-1.050246800663612e-15,-6.894783484525619e-16,-6.207874597464388e-16,13.054355608159986,11.753401702253566,10.407926158150598,9.038526765342107,4.356533787939286,-389.05027079874554,-254.28641993234297,-217.30850687047575,-150.0151422119877,-166.92178435035297
111.02390134868656,76.57846000951544,32.73132686371797,22.603251607684225,55.480749899719314,0.0,-1.484579837561236e-15,0.0,-1.2574168497395185e-15,1.024561112882427e-15,6.589270546269678,3.6061494299466657,3.247895678172044,3.043497442589627,4.191296253343249,-217.44177910819445,-131.21668209414548,-40.903130558462934,-24.42863355695717,-85.43275349428419
66.60406842348313,42.87834739854615,21.673992820488532,15.303490274380053,31.911689874141295,8.534526524623874e-16,0.0,-1.3113278049781775e-15,-9.286021986103877e-16,0.0,3.411823355617199,1.510124526337545,2.46385977281535,1.692359927476457,2.703762257417112,-108.49575917929921,-57.66631492699056,-22.311446097458578,-12.31822785301568,-38.878703059800074
67.47297281318049,49.463190999603135,31.081306265539936,14.295554519112901,10.09054222989349,1.6849240959990413e-15,-5.746032323436644e-16,-9.144309826487363e-16,0.0,-8.802088128315581e-16,8.538759180771683,5.326098330492948,1.9012808504400749,0.7546730214004099,1.76007015015647,-118.15781447116888,-75.26374353743614,-36.401292939509986,-9.633557246930923,-6.823944286608545
176.9348416374921,145.83636904454374,121.29868462560384,96.69044538365598,52.52847794223366,1.2850701045590565e-15,0.0,-9.372470779260116e-16,0.0,0.0,19.651067817381506,3.7599257282001175,13.586329464311785,10.447228387217146,8.416212797375875,-409.88434931866504,-306.4231148154581,-254.03024251405228,-187.58819322743386,-87.34219921120544
123.13744555751984,93.37792712990986,67.49740266249674,25.810399702143915,19.83846183783408,9.232515520107225e-16,0.0,4.2107856464521153e-16,0.0,-7.163284548654058e-16,10.357704524255537,4.753740145512396,5.616657328407914,6.298879608031466,0.7322146503264947,-252.44877800227735,-171.7551207091898,-112.49245699054241,-35.55171717445796,-17.195880237449487
134.31906660067182,97.38980958420964,55.38376892220454,27.51958201229441,18.075635080739247,4.2319694663902396e-16,0.0,-1.0263551933537385e-15,0.0,0.0,10.781983348045435,4.121634886325287,5.264041876726927,5.059180931818932,2.7849335335469925,-281.2903926158813,-181.00723485070787,-86.57456594360356,-37.568323399548824,-17.956932776317448
95.17467981585575,69.39045466156296,45.14628444010144,25.767204101787932,10.780174815024115,-1.1945071729327343e-15,0.0,1.2590940664502732e-15,0.0,6.591198639653143e-16,9.590058131989297,3.1353217679668135,7.44807179623305,2.8465460106942913,0.5527308262792494,-181.24244485789646,-114.55158718153893,-71.40703758169604,-28.666602206629168,-5.405124499744017
258.45806068229956,176.82063167800482,106.87593132659393,87.06348083365441,85.66097397535383,-8.797314150040115e-16,0.0,0.0,-6.528962352127229e-16,-1.3271719015747562e-15,4.209200293274847,14.819720300030271,17.560264247809034,11.059036816682667,6.3338869382700205,-634.1048495740737,-401.5962808637109,-233.72246411129504,-165.04977517146253,-154.7692596038102
1216.6323727627273,910.6558316498857,547.7076607508699,292.8765073144085,234.32953713806845,-7.475509629154852e-16,9.987249520218261e-16,0.0,0.0,9.703158987988016e-16,15.09782805088476,57.32607037926163,76.87891555268612,47.65796471603344,16.130337219709766,-4154.831733650751,-2974.53508207662,-1706.0748842812159,-811.9699329369039,-568.7448905446644
88.69026913247288,120.19883662448072,62.63698825170829,67.6524887729298,81.36304321532941,-3.204602907219924e-16,-9.458231120554921e-16,1.815011240080105e-15,1.2603398609236336e-15,0.0,14.779826724926926,10.409320145846978,6.370260271707429,11.101025906219288,16.381004883827597,-178.11867009323944,-245.2271314520108,-106.81001272344301,-124.00644131576745,-166.79868586036076
29.1314007959232,18.29018176158786,17.559525634000362,5.471086532028027,29.030083120204665,0.0,-6.79845506069058e-16,1.6185920976914825e-15,0.0,1.223804170346259e-15,3.0732539344454963,3.757089802433991,2.189856831792069,1.0437528984517814,6.0001711992354165,-35.79758749125313,-21.0908089991596,-15.785997323988923,-1.9078092400934399,-42.413603412619295
48.67712318693285,31.160748496586077,12.520804827048122,8.140343919914107,15.895623632807563,1.1677645501463686e-15,9.12099702403421e-16,0.0,0.0,4.47005258915155e-16,4.441365149375969,2.1869563422933314,0.8116220390957749,0.7223971346207633,1.5927645757469986,-71.92679210672866,-36.77260349874302,-7.54411609241094,-2.9814258017632724,-12.652112657836113
765.3212358682806,554.2995156657487,315.60264569379586,180.27168794999534,168.44198410977125,0.0,-8.204000509368728e-16,0.0,0.0,0.0,21.93830641299645,16.43440190680745,37.94734020276826,32.919748740158596,9.763169067685253,-2397.159814811901,-1625.4174011275106,-855.3014915867902,-457.18418934330896,-372.02628632621656
65.11310576530732,56.82196824230186,53.48013122624941,49.35507677417073,44.48213705803157,0.0,1.0003775057283249e-15,0.0,1.1517238463816189e-15,3.1947329096761845e-16,3.097135412072809,3.137747492673362,2.196504214443321,5.409843910645799,6.687112539899616,-105.01430515085691,-87.13873370554437,-79.51002038533412,-75.46708018951846,-70.87734281510619
393.3480276918994,308.8723953933277,190.99283342627837,100.72165141577032,63.485581323497186,0.0,0.0,0.0,-5.643614660979223e-16,4.476876298190973e-16,44.87239922521174,34.58533526840218,28.90069886912536,8.449484146664524,6.6410013331917925,-1099.8805241418804,-826.5552181905125,-475.7027082020698,-192.94810015328926,-105.56352243346203
40.8011924905221,26.2867670709308,11.634766583275177,9.809068678767972,9.925443314623044,1.3931803310408744e-15,0.0,0.0,3.621866453530352e-16,1.2527901758788092e-15,2.750512396142152,1.6000167193645678,1.7358597907757418,1.396750870465616,1.8772567867231333,-54.70258305183759,-27.965547358968028,-8.59194692140375,-5.81388148162255,-7.077517314624291
61.39002415876746,42.431360767055935,24.643801985338012,15.859487812647705,22.323011639209078,4.629695104354336e-16,0.0,0.0,0.0,-1.273202285146997e-15,10.250753627781332,6.4247104078033,2.0635372426873,1.1030812460725312,1.9339550225283069,-110.24470847106691,-64.45070108779571,-26.290254880383923,-11.969927858515783,-22.02312063192593
36.1137296451573,26.035334906897425,16.26923525199267,12.68553420545349,12.821489148563026,0.0,1.0916590676494186e-15,0.0,2.800602340635521e-16,6.927264137642453e-17,4.839299068792176,2.7070014149015362,3.013940229787245,2.087043870477505,1.8856579625482297,-49.3298498463466,-29.12096079895722,-15.286511641367929,-9.52439581813487,-10.317514365858699
520.0033546842527,380.15701073831247,235.4265200959327,151.13192084777515,160.27553989107443,-8.745084945895932e-16,-1.1962092978458766e-15,0.0,-3.761178878819552e-16,0.0,2.562900255226442,37.49862427007453,37.14066084000952,34.72257055638168,13.104035489767647,-1500.6855059078946,-1054.1994100258703,-626.216138298533,-368.97459577463184,-354.39011683692354
22.45979179609581,20.47892557350681,19.363247348602062,17.412699100194537,13.760696671364535,0.0,0.0,0.0,-8.161201565266374e-16,-5.163566589173581e-16,2.319239746829532,1.2714868344986205,2.790144956826027,1.8056955878852503,2.6463347709271288,-23.081210164605306,-18.539359789395387,-19.385876674555107,-14.714024480615391,-11.717900818058592
41.35551022382841,21.640182873885607,15.430524900491562,21.627795011542144,44.79378434797532,0.0,2.3958861878455714e-15,0.0,1.3141288520275018e-15,0.0,4.683912670387034,4.9657484510528525,1.1993936764054653,3.4531219302169966,4.839392700319795,-58.818755450537665,-30.000891762069674,-11.78642285343721,-24.01371835686025,-66.44998312954166
71.49982758890924,52.03378964477689,44.644470807905954,28.359353171920894,30.377694791446775,-1.5900295365082902e-15,-1.365541008277155e-15,-1.2732465595883329e-15,-1.0021987898703152e-15,0.0,6.497021842513409,7.285148623121916,2.811003728026738,3.0236630318617257,3.579525799551019,-123.26474195858772,-83.5800223918593,-62.39375859068973,-33.38790033793722,-37.328798384095954
14.691361433292887,15.153557832630138,13.1353521744696,13.272203516162666,10.493397087497407,0.0,4.688949906074792e-16,0.0,0.0,1.354266363571988e-15,0.20749709745551054,1.4008716832989205,0.6575501985331713,1.7656346834662107,0.5834013528585943,-9.861224519833122,-11.472435816695908,-8.138168710703724,-10.194368783905087,-5.136197205377744
10.898591102670336,11.714395006866614,6.8562903182820145,7.398349367009866,8.282244318115023,6.519583394462844e-16,1.2131104258369333e-15,-1.0363370026287647e-15,0.0,0.0,2.194291043528735,0.711552893968911,0.5681650775807247,1.0723039431477572,1.1546020832219301,-7.989996886622822,-6.609521004935085,-1.747066315980759,-3.190185296608678,-3.834190341643518
2.90219680298699,2.7287749988056613,0.9402120906371298,4.749193073531536,3.253002821719738,0.0,0.0,0.0,-1.4961336057700748e-15,0.0,0.656429604979984,0.5786739570627345,0.08138434286579864,0.3414628763041723,0.7044772221574342,0.10229773075716694,-0.019070881154833404,0.9110403778624304,-0.08809165258277021,-0.46569289889654925
5.8641924416272,5.4822806597654505,3.4186784352506456,4.430026724763165,5.01237036958282,-1.2116634009421054e-15,-8.910491110390696e-16,0.0,0.0,0.0,0.585966816944488,1.218321798384379,0.373846211806969,0.6308010013070997,0.5310592902833292,-1.3010756566979786,-2.631314631232206,0.44149242748110334,-0.562431075256326,-0.46951106689095967
50.83462815305608,44.78007093499001,28.906577128782335,39.431009745732496,33.876173544378794,5.591013539988951e-16,6.34695498175194e-16,-9.832263883676652e-16,7.20795881558169e-16,1.6779763743488162e-15,4.037133904801137,6.518491043782173,1.1239984369960623,5.900174045618635,2.043209211994557,-75.67453580330724,-69.26409975315076,-31.855915425933915,-56.73610989969193,-41.309520846367164
18.872080460295336,19.821464564226776,16.950229098388537,12.13310616884732,13.895932303499203,0.0,0.0,8.383871765221766e-16,-2.928115545483617e-16,2.5566573017240984e-16,3.159002407965326,2.131470798468021,3.1424646062821053,2.9761782911849206,1.809254778651723,-19.85453897229913,-19.891142024381995,-17.67863726244897,-11.28420623455061,-10.694836373113777
42.74680202159913,17.44117195398857,33.95898694700341,39.26781811809174,18.862819767980092,-2.0777657688903743e-16,1.6295756675860497e-15,0.0,0.0,0.0,6.56835310346431,1.839628457940845,6.039141921483863,2.1579148229486584,2.437865679364362,-67.56334201851914,-15.865718165553027,-49.24222827322478,-51.34838972769482,-17.817370939439876
23.521039673868163,16.649703941235884,8.580097839154158,2.8246147910771224,2.2084278062468474,6.041762996977655e-16,-8.535199644004692e-16,0.0,0.0,0.0,4.366761800326235,2.588376180595493,1.5499542737617835,0.13588575432649613,0.42526206376360826,-28.48976800130392,-15.816577384399267,-5.104942849818532,0.9523159032879821,0.44079165315301644
237.27505877259603,222.65249304356757,208.46259719684204,195.5047520218625,153.06900864702195,9.582704419900559e-16,-1.0212042647047328e-15,-5.4535844439406345e-16,1.1630084337684324e-15,-7.427162345042592e-16,20.99753177583309,10.366192231208545,12.617089758687776,6.291790509712925,9.120601991743104,-590.4691357584577,-528.9773708823828,-488.5445362765347,-446.91699587730074,-329.16221255431515
106.63707086574999,73.33464303103119,98.57410553245057,52.67954757008424,64.92943894781062,0.0,0.0,5.766567046565304e-16,-1.0790415157834113e-15,6.565983756593596e-16,10.263025388590924,9.967842374200046,20.221804600957825,4.939845490869211,11.335134397011638,-214.81201859774927,-132.649641634086,-207.61693789049752,-81.02999428980802,-119.23851489244359
20.44506585227322,18.318175974053183,19.337777291995437,15.566933084999611,26.684310094352913,0.0,0.0,0.0,-9.128872487346699e-16,1.8306567758648842e-16,2.607281173199187,4.811863355569704,2.1899040122490137,1.4279694898404847,6.0283322293986075,-20.831087868542948,-22.94378322730453,-18.4268269559707,-12.055982296461687,-39.92419831213199
32.552529211452104,28.31346281545572,26.621032093962526,24.69325391768139,13.722834071614386,0.0,0.0,-1.067641154185373e-15,1.1509908546339003e-15,-1.0355626717513902e-15,5.155331248131647,0.8990112920731238,0.4537702048941129,2.451037958957899,1.119970330239659,-44.73699165541805,-30.730626148909902,-27.718104148111983,-27.475657950493744,-9.517613658326017
122.35327312908956,114.68959471393296,112.62501898508292,94.06064476387958,76.09291187818772,9.291687489362874e-16,9.91256774471842e-16,1.0094279117206964e-15,6.043273358746587e-16,0.0,7.773177418858945,5.398102075413905,12.320865391077726,5.684156607829782,6.152515736154671,-247.7946866570107,-225.30355764331279,-226.62016660621705,-174.32833007516803,-133.66271068653282
100.5710592524403,88.97302625869429,88.55461807909106,77.01785731650068,54.384573415367036,0.0,-1.2777674594439991e-15,3.2095118297523047e-16,-1.4761101085223154e-15,-1.045212185938489e-15,8.735359372475651,3.127743427937991,10.18884628349544,4.4195580808748245,1.2575312802047036,-195.0113673428706,-159.9474717111535,-166.2429938912555,-132.86672304210103,-80.8878974808858
54.110609869897445,61.23363298155962,55.60287136442461,67.85134790660301,60.91584557400537,0.0,-9.2830387636687e-16,-1.0223108531257815e-15,0.0,-1.8662933535659503e-15,4.462449947750866,7.169159864171785,2.2885812774904144,6.531550405193154,5.708462462654019,-83.57124551428869,-100.7627067358478,-83.96983085148588,-117.29322821934714,-98.75894366677254
69.78871203485181,58.303365434351335,58.653618329492176,45.99665783640923,25.711282276978324,1.6290146988934531e-15,9.749594802518356e-16,-9.691374629521542e-16,0.0,-1.1054178132473999e-15,6.772887465840731,4.146647307518437,8.136943987664703,3.960972280556965,2.3028278166325107,-121.05592165280848,-91.35885807789434,-97.1146591498477,-66.29952228090056,-27.834588897832376
111.84680797027937,100.79678953653706,99.04600935157114,88.20135466979343,58.23513871039736,1.016451338976304e-15,-5.63940767579738e-16,0.0,1.2889466170586004e-15,-9.761017165854048e-16,7.062055658319333,5.538391906290159,12.927476701364812,6.094439092020344,0.9140597004058211,-220.19240788306013,-190.3333459837355,-194.53913801169207,-160.66350514195292,-88.94282941519253
19.87720116152563,12.588603052411244,15.059050899781946,16.9241669840247,9.678157113203428,0.0,1.1288666944248456e-15,-4.718376612767733e-16,-8.396782381440761e-16,-9.177144050373264e-16,2.5056511852099765,1.3693615797947183,3.4170323581451263,1.1119314722956382,1.4485126843157545,-20.437804244229163,-8.211745505509956,-15.544439342498407,-13.365740102970136,-6.144305417195991
420.5648175451761,386.2917468560777,382.24754842275314,343.65954542762915,250.77223158186868,-1.0812776816206606e-15,1.1772121837640276e-15,5.948335741626897e-16,0.0,0.0,38.71870315864907,39.4572548458644,49.61850164750811,29.095864780298307,18.583711433608503,-1195.861214104667,-1076.4213339583546,-1070.833384779028,-922.6316944898641,-620.6779608024113
25.67254850666363,24.612576283530554,26.589070514824602,34.16664597091733,36.265612426453316,0.0,-1.4434546135577812e-15,1.068924519740456e-15,-8.318554140373212e-16,0.0,2.4295547778599484,3.667259161248712,2.4333085389022835,4.651155353305502,4.861867558137881,-28.46975388954745,-28.591204646526954,-29.504678742947597,-46.598961469048604,-49.77812592305241
14.335807661246116,7.8854368548649205,4.83154395519133,10.629921643017735,13.805302602997399,0.0,0.0,7.353164354394893e-16,0.0,5.146882731899173e-16,2.663461689573055,2.0752788189491143,0.15208125633135872,0.41937639852423114,1.7319220804353042,-13.994023023120945,-6.091986716176625,0.06616727278092036,-5.114042665144415,-10.202902187109592
5.6422395951738915,3.893605219288327,4.8392037944421675,3.9355918136689088,6.8995056510341986,0.0,-9.124483553702102e-16,-1.4683050475703452e-15,0.0,0.0,0.6391362829498727,0.25055582820361666,0.5127964555028601,1.3941759757919063,1.7822536648139644,-1.018587229120197,0.4947397845666445,-0.31437913219980695,-2.2919157159421824,-4.223902280839061
308.14001805568364,251.49798916077188,241.42652780491713,207.24576968978403,156.9578587734042,1.4757815416376305e-15,-9.040775085397673e-16,0.0,-1.097120948637825e-15,0.0,37.3209855913261,24.114818363604172,40.20079645882683,15.031290063995229,25.754300066315682,-825.8151815396457,-627.6060139076154,-622.410633764829,-488.40642463760554,-370.6265024307689
25.467326188718445,16.281114963075975,16.687021903223684,26.19670222933539,17.614617544013527,0.0,1.3092642685188522e-15,2.1290279951716068e-16,1.356168287022833e-16,0.0,4.3558833502924905,2.3133192894383248,2.2610923817479236,9.052998188924311,3.9820272063552555,-32.397807465623984,-15.257231011932804,-15.029523704359637,-45.185036494512836,-20.11642738446648
403.37172542864363,376.3180978651103,369.4388800303558,339.69342682869757,266.3040993297154,1.1273654602419792e-15,0.0,-6.154568123001818e-16,3.346748236578232e-16,-1.7076242988037299e-15,27.57098768649136,16.402777172530318,26.943610154167693,23.458391527349757,15.920226922820753,-1116.258872360127,-1015.9087382923565,-1001.3028387939573,-903.9239023795444,-664.9845291172095
3.7450437481406684,2.4555482821587473,2.1430387371562123,2.506307464373468,3.1194502664344177,0.0,0.0,-8.288962810618419e-16,-1.7718863952754373e-16,0.0,0.6477870201993979,0.4722432147823973,0.09832115360330843,0.508906179134158,0.7497563410796826,-0.23705752227175245,0.5334873587592989,1.0901319817970019,0.18372906310116394,-0.29673005694508975
61.87201359949873,50.7237494142051,51.35080565502132,41.44192707789715,25.125296684502317,1.837451718599588e-15,5.603235123317708e-16,-5.534812758604656e-16,-1.3716403379109554e-15,0.0,5.885947904811671,0.8393238054229817,5.871561128397387,5.2158752833166595,0.879710473788146,-103.44034264743765,-73.1301820454311,-79.56571689308171,-60.44369247799494,-25.44942684463139
41.097698110415095,27.4038252266848,27.9505118864829,15.458621492124118,11.12473305242971,0.0,0.0,4.289870866998451e-16,-4.596417191029022e-16,-6.387054254797721e-16,8.60657807027951,1.2733175024107193,8.223924451824132,3.9319424057269177,1.737117008875732,-69.73968389537238,-29.42165679514823,-45.378402905131104,-17.938815800288644,-7.678362951048355
123.70398948290273,109.69770691138187,113.27229655549003,122.69782493022731,102.33253599573254,0.0,-5.181823801178302e-16,0.0,0.0,2.2219099060802518e-15,17.730359832857623,19.79782646461705,18.105357434663073,13.665160608987096,13.229959670083485,-267.6162414450966,-232.2754128919853,-239.0010825790153,-255.98887398782176,-205.8659673456596
0.9877731604030549,2.5924874641062834,0.4607800297881331,1.7015164212781861,3.7608234682885278,0.0,6.851939937972351e-16,1.9275540654583274e-15,-5.219922703025822e-16,0.0,0.14198229860468603,0.12088555830049003,0.08546870091095643,0.12996159167979518,0.17431051898704883,0.8191616290972183,1.0178493805673126,0.5547403810732101,1.06450366345069,0.6066761685978952
8.34968747893833,5.795507374934426,4.654067480909379,3.314531540597126,1.764966587415509,-1.7019624687807988e-15,-1.226023348418463e-15,5.725175386970839e-16,2.6796499258538247e-16,0.0,0.6653263167989516,0.43166219976122616,0.7346831189115705,0.9170322899746093,0.1761058845575094,-3.0728639861690406,-0.8238940632781682,-0.7594221947726184,-0.6154249708285906,0.9993658731771484
23.334597368601386,20.521530674054937,14.737048630925377,13.63481519735501,6.782139534973219,0.0,-3.462425620416457e-16,0.0,0.0,-1.0476675274757612e-15,0.9021301346216422,3.191858801670706,0.9868784299685638,1.9455545572583366,0.34412317005252774,-22.637478311047808,-21.609981091399867,-10.350862096339904,-10.78721424893734,-1.4438801151308827
1.1863798828519576,1.3539819033705416,0.9545875262480055,1.214242062159173,0.8597149053803919,0.0,1.3119502077378344e-15,4.652158106397532e-16,-3.657336734492465e-16,-1.033108085182191e-15,0.21811019023340777,0.18616328519494857,0.2016044997772501,0.27684676009104003,0.07890960274718142,0.6494499561135095,0.885123995954389,0.7286849183285937,0.694939139332218,0.8545644257528693
1.5072301634089973,1.6911926849242724,1.4294938946789115,2.6413912123095162,2.2902506162555003,5.892785596137993e-16,0.0,6.213236887588283e-16,0.0,0.0,0.1191896225801622,0.30340760377315523,0.29256947483508206,0.2896041826306908,0.393237027764566,1.0501919044847439,0.663804030382384,0.7545560694436891,0.6648475068467223,0.4973411403568202
14.813561439541694,13.731764155382109,10.690933525110424,12.518354036228668,8.308773223652867,-9.593138539439346e-16,-1.0348892213992851e-15,-1.32924357651501e-15,-1.419001918510529e-16,-5.344822850452323e-16,2.05254445968441,1.832787191278945,0.8033664188667823,3.6942189955128955,1.2241743173917172,-12.399702731400115,-10.507350195851329,-5.556909430380153,-13.524374332928213,-4.373842406521778
0.23003929218934654,0.3231580996709516,0.578320300626886,0.9955607796424493,1.2019523997872121,-1.930492854605597e-15,1.374216553143017e-15,7.678949007473541e-16,-8.921388205139119e-16,0.0,0.02438445688544455,0.048815246015402755,0.04000331670022499,0.17168823901489905,0.025391554469946464,0.4065202643193949,0.49296770720514876,0.7474016679332681,0.7644921799812754,1.0602724084084088
14.16689093979412,15.59324957614457,14.0933717142688,17.83433909704966,14.074999655921907,-1.0031032761948066e-15,0.0,1.008336046427716e-15,0.0,0.0,1.5764574112880072,3.3148823660799827,2.2676383010825973,1.3093222786098138,3.073619801750566,-11.260314066116234,-15.177448272951198,-11.519985573889604,-15.079019510102817,-14.844432847815002
31.770402776506078,22.515185430683903,26.938590748446703,23.053461109866582,16.32283682331557,0.0,0.0,-5.27527770398361e-16,-6.164304200344105e-16,8.706118225052151e-16,5.822873146297412,1.9554355636631955,6.336444325837667,2.6028037688144297,1.7151462289754005,-45.776067026732996,-22.22143205808918,-38.59348429522651,-24.53283211669941,-13.536476822857873
15.353326385180589,12.168443632797695,9.278726756424241,9.052324654519124,3.396249295188006,0.0,0.0,1.531552236449138e-15,-1.962321179580599e-16,0.0,1.3809191023300433,2.229828120139434,0.7635010724248472,2.688003436774604,0.17708206013826996,-11.571026249547334,-10.23214695407942,-4.136090882817527,-7.922213636454175,0.7514104941561333
66.1764478367431,60.796831754182804,59.189150619214466,53.987625780171584,36.24407473973555,8.589675136544107e-16,-9.349733731297142e-16,-4.801844448360359e-16,2.6322429463866747e-16,1.5683506688746763e-15,5.538811961979544,0.5673649748374104,7.676764148344861,5.978109890350861,0.7757212604251378,-111.16716017702035,-94.40697281081394,-97.28157039631095,-85.81606185726471,-44.737858570996416
0.0,0.0,0.0,0.0,0.0,0.0,0.0,0.0,0.0,0.0,0.0,0.0,0.0,0.0,0.0,0.0,0.0,0.0,0.0,0.0
124.68764444668248,36.79230285282162,76.54850627152894,108.75842024234242,80.83698506058855,0.0,-7.724906359924772e-16,-1.856450949518726e-16,5.226576363848049e-16,0.0,34.06426329512589,2.299343327168443,21.339372061401903,2.9519099499211876,15.479423623627126,-303.64789995546766,-47.01065090509367,-164.00463784257275,-208.72487463725903,-164.86861591193005
23.704858454878753,8.682908397566319,15.131612502401191,13.405408873852164,17.932058025168367,1.1989824568876287e-15,0.0,1.1739375688601367e-16,0.0,0.0,2.3864107630059497,0.7158946308849794,3.8785649450356767,2.4620084839851546,3.0513774484755745,-25.007534746325028,-3.4667548976837295,-16.451702030415067,-11.398441647555797,-18.32200970565922
9.51851225736974,2.8386625606332885,10.933307394355817,5.45329850090613,6.439205981517371,3.7324253861729295e-16,-1.2515449099409377e-15,0.0,-1.6286994367767396e-16,-1.1034632807206207e-15,1.0987259255448885,0.5177136301611536,2.392109271674004,1.778301313615868,0.42822869095889854,-4.7782461822069635,0.24441675945027586,-8.387505572406422,-3.633871004013202,-1.2894086325209504
4.370665832434117,1.307079720271212,3.653676666088268,1.3809511238336876,1.9368585657318191,0.0,1.3590271594388028e-15,4.861833713660463e-16,-1.286328537442273e-15,-9.17132965116157e-16,0.7203099541358062,0.0858168719768506,0.6925763816045668,0.06671090205459637,0.18839422293911617,-0.948311293361156,1.0493633896745835,-0.08051360888817248,1.0805998233002174,0.9541471875339775
3.7253351416407723,1.1174890253281207,3.3038131192555173,3.6191140125997068,3.3731543614517836,0.0,1.0889668630440622e-15,0.0,-2.4541321898342817e-16,0.0,0.6142994614466166,0.25898573149611337,0.5798656574105844,0.6605058784304331,0.3188913674746686,-0.28349152198636995,0.4907369607012671,0.2332127553779349,-0.08501522001278278,0.5184217378050897
19.11635112517783,6.012160537945269,12.375748282794966,12.904582550206321,9.018529515821417,0.0,0.0,0.0,-5.506127245849886e-16,7.878698345595903e-16,0.5761118635695913,0.6597427635617945,3.091746283620356,2.6183675952598233,0.891195561736691,-16.064638340904114,-1.4531512123144767,-12.292702183617278,-10.800267402529016,-3.989753623759622
6.538697689647174,2.9489376555735327,7.661671196607636,3.278068159775665,4.1415042965314015,0.0,0.0,0.0,0.0,0.0,1.474188732777228,0.40661511397611555,1.7040226983062674,0.6704911949155864,0.5500416303798866,-3.7425933144103447,0.6004973095111659,-4.703016817010173,-0.2690035613781441,-0.1317448228754995
60.21781976014232,17.679662262424614,45.63124709511654,16.827867354802287,43.87454734733018,-9.439634162649012e-16,-1.607593460131303e-15,-6.2285629343331495e-16,0.0,1.2955898646841997e-15,8.842900361715833,2.559262282138314,7.828002579510453,2.062365828232661,6.349546495765364,-102.33559893761797,-16.9591309711972,-70.85239586855755,-15.058598895393029,-66.4798877025541
54.29657300777808,16.36111974493589,55.791805375590386,42.40629143685208,10.95399423214645,-2.093812397797743e-15,0.0,2.547122219747962e-16,0.0,0.0,5.476881262410996,0.5567438450138926,8.434075158734382,3.106396833096059,3.074524409640878,-84.96535596753452,-12.190641270518297,-92.10293213814275,-58.34986650276789,-10.680974669904913
68.91559542091031,43.83430249377045,29.03999381687331,20.465291833874804,20.790918039483,0.0,1.296779362894764e-15,1.2233865135109785e-16,0.0,1.3670252259390254e-15,8.210917669514009,3.4525100988021364,4.788219857301834,7.911082382742689,1.9298728183743783,-121.93103579623318,-62.0098834496644,-37.94192943937551,-36.52954225970148,-19.767801957613266
64.45460807429036,18.879656932658577,70.67257652371104,17.578332549822147,57.00262477168764,-1.7638279266329664e-15,-7.527072534151643e-16,4.0216036868088947e-16,3.031613210807455e-16,0.0,2.2082834676780476,0.9911367623002775,12.513145229742973,5.110397584612223,8.259635184505656,-102.96054039528165,-16.063340582566653,-129.68376455977392,-22.71205838412923,-95.93938181795461
80.40488861946095,47.83330910673012,16.82407276998897,7.893717850543393,31.14715940285672,0.0,5.941823796256046e-16,8.446738735314755e-16,4.500684906740032e-16,0.0,9.254776232930631,2.7822286365360536,2.2981647117253168,0.39992157318911403,6.0486212140090245,-147.8739342681319,-68.30971244645036,-15.521297758887252,-2.397382586371863,-42.65762912216538
102.07388173108043,32.29435735644641,97.58807634422845,29.902423143675122,88.99686359577791,2.08831894225028e-16,0.0,-5.824832396562538e-16,-1.1881022690804778e-16,-1.2774252162186244e-15,15.222789611374155,5.499429258759472,12.910147707253094,9.974079205174947,15.31024763521117,-214.79344319963977,-44.93155114750417,-191.13628102185626,-52.428640933859946,-183.23233045561216
51.014214553556606,29.810121158165117,10.472011380436076,8.447228199977594,16.76717923294871,0.0,0.0,0.0,-8.411548959479807e-16,0.0,7.264787341307164,3.8950934560735484,0.9470439869005097,0.514058643572552,1.3835781315751008,-82.49631189846092,-36.91511054275515,-5.580641048727672,-3.041205551202795,-13.514864394080918
7.813485243253657,3.210644281141192,4.036464143908075,6.70837646353752,3.479908869231708,-1.8187600376505454e-15,0.0,0.0,7.943904977852986e-16,5.10460735080236e-16,0.9558630679884456,0.18612996249421815,0.7988027202800457,0.669032436138342,0.5322165508925868,-3.330078262230318,0.7961022625497435,-0.43565492094499314,-1.8002293133418479,-0.08168322010058426
48.01628342761566,21.136964547692997,5.788382091359281,9.641215199942899,30.65514362516835,-1.1838362905887796e-15,-1.3446447982762078e-15,1.227532537668473e-15,0.0,0.0,3.6185866517509213,1.401003499799585,0.8748966300343464,2.154529892705412,2.25179303592979,-69.35628405731842,-19.702846849317883,-1.55256732633162,-7.5879954912197025,-35.903399907678725
163.96428903616257,75.59423717389616,35.00304077883257,26.614026499800747,128.56129091079345,3.466817024301622e-16,-1.5039087895032535e-15,0.0,1.067922188723183e-15,0.0,20.30137333238863,8.613008399883421,2.815995602024466,4.213398071110351,23.952502164158822,-374.4526236546342,-136.00258749455134,-44.25093580918463,-34.38402426293926,-295.186782811352
179.15688745843784,128.21840911634177,77.26564093788076,37.10874945669333,26.328110927611352,0.0,0.0,-1.4713763626579739e-15,-7.659031858126268e-16,-5.397597554292628e-16,7.40069618303446,8.450490954169307,11.108138618769031,4.911058631137167,4.634942403704608,-400.744578686406,-263.20767932888975,-147.30414989011194,-50.31599577607355,-33.592344248920625
141.925859174816,69.42278572419417,146.67296494913106,9.774053542742111,202.069485298644,2.0025744142507394e-16,0.0,7.751042447464313e-16,-7.269683275755387e-16,0.0,18.108220045412672,7.624456544077949,8.571283732018635,1.1406699084415304,22.957436397443807,-316.5590897980205,-123.52896780062419,-311.7409734674796,-5.643500291206282,-484.4900370948189
3.271542412358648,2.990443598553196,2.1413538676334225,1.3157533637630112,2.0942405589994357,1.0859445579490869e-15,-2.970055747347431e-16,-1.6590969538009532e-15,0.0,0.0,0.4909803393316912,0.5982323067445607,0.1825422660140156,0.2788943442729611,0.2548654031082655,0.10010211715798621,0.24472139970633455,1.0071773257226262,0.597879004386518,0.7787413690549558
198.88099030243373,79.77970227875089,187.26854831513128,26.10406785919428,208.06783030391986,5.716325001637164e-16,-7.125047754903456e-16,-1.2141583703666713e-15,-9.526866037028109e-16,0.0,28.088744508837106,6.4870553474303785,14.60847538049328,5.479512292799387,31.383097587559792,-480.1668487317591,-142.87550366648662,-431.1887806649388,-36.53249185909022,-518.5998955476181
25.701747019064193,6.502717045046701,8.157933881393399,17.476068412805976,16.868699869440228,-5.529139596876876e-16,1.0926859201129475e-15,-8.709836903443221e-16,0.0,0.0,3.551698837614928,0.7603602093045033,1.3773961683407931,2.6475383298821957,2.538321836211803,-29.202344368082947,-1.8200657261913773,-3.9355846124000884,-16.548872272529945,-15.761020663222968
57.37290799919565,17.137932585131413,73.64333685551186,13.508638518128336,61.80967596233767,-9.907710946359028e-16,0.0,0.0,0.0,-9.196524326619066e-16,7.757078611872738,1.5007313919505754,11.301291774853622,1.8397017835228229,6.384926744380581,-96.67481111788486,-14.025006668980177,-134.05410371325897,-10.437751871032548,-101.98904437370525
65.31904722827007,32.43332250167265,11.468396055795663,28.48383367528531,44.14586493320273,8.702426209947257e-16,8.763119914383808e-16,1.7546300479535424e-16,9.978189647647322e-16,-1.2876272544850577e-15,3.015460531080569,5.748308350307221,2.412484777994228,3.9306001938044144,4.870084481220381,-105.40046868290582,-45.95078184215472,-10.393165456855632,-34.47665362271164,-63.94192034139667
41.675381527131066,22.937254477424524,5.2172806975226225,5.093280686481819,23.07175643069168,-1.3639567720286475e-15,0.0,1.3619024487171925e-15,-3.487647645484993e-16,0.0,4.669297896221922,2.4781455518251683,0.25913845797535534,0.48920338008569975,3.723935194082242,-59.6150845573247,-24.101651196570455,-0.24419599853978632,-0.42668466299403074,-27.180608539579897
31.067326963407385,6.420718138275483,14.144208558786659,33.65672183590385,16.20393463659103,1.3722636709563306e-15,0.0,0.0,-1.688917272987929e-15,8.770002492549965e-16,4.12678516392034,0.15918683888112578,1.0522199799384016,2.961132288230821,1.6473993284687576,-41.05151664363073,-1.0280865733214632,-9.792844655532884,-42.5674575507383,-13.995156354424983
7.346687596824993,4.601002255620168,7.075234123100128,4.993215838435728,8.483259670239665,-8.009299365140132e-16,0.0,-5.021337268827822e-16,7.11508132985794e-16,0.0,1.2918255866328656,0.35681451620255833,0.8394005882606579,0.7396160844438534,0.878242637301024,-4.102143619258688,-0.04549723666070274,-2.1869585301668972,-0.7533297952939306,-3.483300348584656
122.54689661929586,57.98088335623422,131.22671870592168,31.494763371333807,163.63410148226836,0.0,1.470573115751679e-15,8.663391026059836e-16,-5.005647054337454e-16,0.0,11.154125023850925,8.377041367081816,7.441750144447551,5.212353071664491,15.56539732296767,-250.9003322974397,-98.36333540944496,-269.87237146146674,-45.96116534007668,-366.90989157192024
21.14475655595662,10.320278136022171,8.546744317522474,12.218098383018269,17.495190220013047,-1.1761306253770865e-15,2.495782946139805e-15,0.0,0.0,0.0,4.5150604017916365,2.3754135192397565,0.5363323020717551,0.9193588088747151,3.1810110449719793,-27.32229344600495,-9.514997196116683,-3.10608684849372,-7.369147391641465,-18.7764362661206
5.726793213400838,3.5712641215807484,8.059850646289313,2.996153041737168,7.748005687255614,0.0,0.0,0.0,0.0,-1.146331656881789e-16,0.3745623233216271,0.5141878405220157,0.2150115650620598,0.19084963568836816,1.2074134522886197,-0.6936508269379341,0.16764805323708845,-2.43883502892016,0.8526428600386602,-4.110703076039646
5.147699478757438,5.408106832842035,2.3043221449204174,2.8240077561308627,3.8177567239694365,0.0,0.0,0.0,1.2580396321814742e-15,0.0,0.7111369760749983,0.5041812862567095,0.44110500156956134,0.6111802960031595,0.7127889752494,-0.736306188503871,-0.65125550413191,0.42581121761856666,-0.11152687305315662,-0.5367995529898384
16.78901409549019,8.474586280649909,3.1395466726908894,4.397945305729388,7.502208557869041,8.464377142323846e-16,-8.384394379021052e-16,1.980301484918555e-15,8.078121558656566e-16,0.0,0.8852602723148518,0.5063238437609744,0.7521337978913321,0.41381935847378926,1.2358355202014615,-12.993784462779862,-3.022195225984862,-0.7337221797620481,0.09420884003007807,-3.6303377796263323
259.1555573855948,235.3841866269533,217.6770243061423,174.94122066942086,142.5535610742534,-8.773636874200817e-16,0.0,5.222730239169668e-16,1.2997146960171875e-15,-1.5950052298223368e-15,13.339314115475663,5.6227756835800795,16.424740983460104,12.231084849989783,23.036155375419625,-640.5094000949646,-564.4471796066848,-520.1135393015426,-393.0168546702326,-330.3771449081546
60.73672838773947,45.055594945416765,37.577227491169054,39.973141865370465,36.78360156504525,-1.4038478949159854e-15,-9.462213116318591e-16,-3.7817730748075195e-16,0.0,0.0,10.513854742603648,7.3588902809448005,7.025126276483101,3.1622414411922604,6.185884779606184,-108.56451098539563,-70.92421059306118,-58.49638096387919,-54.20734605880728,-54.87588900910685
8.989021366213452,6.538605795175003,4.818207424901951,10.349169657992164,5.23880252056537,-4.940351032196194e-16,-1.086688444017266e-15,0.0,6.865698014829454e-16,8.476922123075878e-17,1.5714535612637055,0.5376389250026521,0.26537207555000936,0.9861245184098258,1.4952960293638657,-5.810550988266703,-1.545355844351905,-0.008304983116701784,-5.46321642292292,-2.6905875112391318
6.785125276409795,3.6989760341992293,5.100028590186846,6.207348897561709,3.525226939122311,-1.5708097643321673e-15,9.60458690716986e-16,1.7415165503368005e-16,-4.2925495297147294e-16,0.0,0.9843654012728449,0.46866318236763277,0.6920407835575406,0.991816460874694,0.5733949694380721,-2.6068194059827654,0.19170598966048133,-0.9212039672025928,-2.6264147910297413,-0.10372979719427483
29.996322129181426,23.005456934693157,19.58736788135432,18.4029875905769,22.361437313552276,-7.402394332504481e-17,-6.177166902419339e-16,0.0,0.0,0.0,6.176823455048838,1.9011142690266614,1.2209671172867547,1.8702537516584583,2.2870433500405074,-44.993048420052936,-23.101306056669248,-17.20711782151188,-17.410411300375035,-23.873177213251175
11.236020278790772,9.996891875260843,10.368172710604727,12.137940371191824,10.391747448682015,-1.2647587279658582e-15,-7.107636499685162e-16,1.7132785968962162e-16,2.92694935891472e-16,0.0,1.1809366952487792,0.747262483194746,1.7141480941275697,1.442546363122453,2.0210772076982493,-7.117955211867908,-4.724118359569173,-6.966878503563247,-8.25634422435367,-8.046253329301347
2.197205912420659,1.9714160773719915,3.0400186724471467,6.527672733230589,5.59715920855312,1.0105771319375573e-16,1.8021125624259227e-15,1.168648637260062e-15,0.0,0.0,0.6080812293130605,0.21479342401120097,0.37304814923978435,0.7284303180190062,0.4866437462619203,0.1008027526817765,0.9614890994464524,0.5325466601792241,-1.7253264579914656,-0.6755384957197349
72.22337785340503,56.73850855409435,37.2991447760449,45.88127544159248,37.12271587269328,1.967625322654723e-16,-2.5046225354431746e-16,0.0,0.0,0.0,14.584990319302669,6.9341727681841645,5.3745196902634,10.471182955689537,5.159977219914164,-144.331015942242,-93.56560230280282,-52.71974046311593,-83.96917293360042,-52.425677159035345
3.888495605291113,10.16390278936191,0.5029008788691146,10.252974280776614,8.610931030678888,0.0,-1.3981690901329609e-15,-1.7661102953277663e-15,0.0,0.0,0.27481603459148746,0.6996382077388261,0.015236966997392128,0.6712958935520987,0.8021218982833269,0.4448120528844316,-4.896203998250396,0.7140605057987054,-4.937175600705359,-3.543828020455867
82.09160730664686,65.75254613816777,71.98685446994477,41.37070191643966,57.77611510616635,1.3848777171209186e-15,-4.322526061679897e-16,3.948180489296189e-16,0.0,-9.838567158133692e-16,8.811175874459847,10.179131052579358,12.747685401880364,2.6404223459545557,6.817817445897637,-150.18662661292777,-115.32244663219046,-134.71556042772752,-55.8836105135128,-94.5040414490163
23.108551040110225,10.038362979670357,20.50121513121335,20.045162281893866,4.723889694688417,-4.612206545491251e-16,-7.078272993306656e-16,0.0,0.0,0.0,5.801064511999877,0.6295744779522555,3.1549249114725835,2.9211900770994723,0.4635194568260533,-31.097578609436265,-4.7155023708055674,-22.136358023648533,-21.039911855577575,-0.24785901237168784
73.7694614174148,64.00144575306464,58.13612234981079,47.024424296034404,30.857221707058685,0.0,0.0,-9.777641948455996e-16,0.0,0.0,6.620354694897172,8.401347006362125,6.36535467650191,5.147541484724808,2.5754700863325892,-127.57383226347467,-109.26201883822186,-94.92007750577892,-70.39123815543535,-37.242168579507435
43.84429677164131,35.8269856348295,35.02213707776161,35.43375326903006,35.19216521173679,-6.482418814569127e-16,1.5866090281831363e-15,1.0144194430260528e-16,-8.021083517349332e-16,0.0,3.8501037587263207,7.443728817005619,6.916630520122656,6.019533724031938,5.67841010472017,-62.14669740069352,-56.645567417868705,-53.51009838104499,-53.751078990208924,-53.21876197994884
12.867480341581688,12.21338918234825,9.951375831492602,7.891816809336728,5.5891641417773,-1.1044007325411764e-15,0.0,0.0,0.0,-1.2712862205083754e-15,1.5272060991365919,0.20209241523529897,0.8498887313283733,1.0710924525500323,0.47178961627626487,-8.71025103368693,-6.803094350749184,-4.878035097324222,-3.660262949976542,-0.8293344375134651
3.7714804655972607,2.0022945712442635,3.2225735723337747,1.8374766793163304,0.5325347860210207,8.242451465165282e-16,0.0,0.0,0.0,-8.339158708639423e-16,0.7041257671422211,0.049118224273215966,0.5225823710158328,0.3784609887041179,0.019480125997026577,-0.4308819121463285,1.1289987472298513,0.20193472011235672,0.4947739103244496,0.7353143967101248
18.234538388214155,16.20860580646744,16.25501091810713,17.496755496909714,18.13835912836689,1.5586744684896604e-15,0.0,0.0,8.121994227850948e-16,0.0,1.4528578780943031,0.8726463296692156,1.342062593456829,1.7973515130077766,3.111465013123969,-15.625291434928124,-12.224904782430448,-12.780435651528634,-16.097702639263225,-18.98664863202346
38.460053151084324,38.902380871966486,26.12292389521952,28.17290556206153,20.26180382185458,7.389929836746131e-16,-1.4611809762463677e-15,1.087998783918869e-15,-5.044156586510822e-16,0.0,3.8323620143909274,3.409485155413305,2.5624615235179373,3.0086175744348296,0.9211356760815158,-53.123758331096504,-52.534034685460604,-30.026373489089323,-33.011825443767044,-17.912620265706344
299.2798796229593,285.1221215194419,256.4899395357062,219.6872111923027,182.90448109608835,7.597359225407449e-16,0.0,-1.7729636948320086e-15,0.0,0.0,15.25073921231274,9.51871149675111,10.208155604605714,10.423687068837664,5.7287630990144045,-767.0765233722045,-718.7569347522051,-630.6313511562322,-520.7382352672922,-410.47120304545604
41.11954896452553,64.99652949948872,19.122428492863236,47.23637622065371,67.50440203816346,4.751979466083189e-16,-8.745608311479948e-16,-3.715755747369038e-16,-6.016911478907405e-16,0.0,8.95168580510605,4.591587753699829,3.053616282177939,8.262444387609632,11.2197959069046,-70.55124961997267,-106.03571841958536,-20.030103269602005,-79.00619454992292,-124.3856618633119
49.643577869551294,45.69942264524573,41.60941935539853,35.669948967636785,28.197688476336506,-5.725153312899383e-16,-1.2438542014429942e-15,-6.83059506013426e-16,-7.967970309178441e-16,-1.007944656678348e-15,3.1319226966587808,1.3520997895772107,1.5849944160364104,2.155365198568429,1.873791920740511,-72.31804863346314,-63.13347944822576,-55.27584589016958,-44.540922316419035,-31.295450237706866
107.04544135743662,105.62248448041771,97.50223232625956,92.18064602632985,79.39296765704992,0.0,0.0,8.744941142055082e-16,1.2333048489283021e-15,7.159754892442346e-16,9.329926447496032,1.6370256578808735,11.065874342597649,11.449017640674576,11.389193713458596,-212.77269783007563,-200.38706729138588,-190.22631386709992,-180.28571478199117,-148.46795283377364
2.3753330570474818,2.71740938289148,2.1792264860243167,2.5676950047642944,3.303071088980629,0.0,0.0,-5.09457383959479e-16,0.0,0.0,0.26230116794176456,0.47136596387497526,0.3580377164291835,0.11203210923419188,0.5586537432899379,0.856327592783214,0.16171080942636668,0.5633075748019555,1.028495533630731,0.26052642914095603
11.0304516144159,8.855457413975973,5.247026738110827,11.029794826697207,21.221822977368827,-1.1172231205142553e-15,8.023783555648953e-16,-1.2695453025553535e-15,9.663045599546304e-16,0.0,2.5567817949597376,0.3169323959677864,1.1567252180168954,1.6231172083448369,2.2355607297187907,-10.73708219773219,-3.242940092623415,-2.3292624252094893,-7.263019707547304,-21.16244443823692
35.55945826160652,28.33662071123417,29.274538624634182,23.115905910618732,14.932994629904016,7.9927284665894e-16,0.0,-4.854339430389429e-16,9.221478126457923e-16,0.0,3.3641929094988727,1.7708247874411822,2.613113236703432,2.3427742863645955,0.8942033199318732,-46.98849520402048,-31.47412293199925,-33.98300580700833,-23.77443653934953,-10.59317909307114
91.12566712006407,85.90298676756741,77.54760511603308,62.20419870858309,48.47768501273303,0.0,6.617164431617783e-16,-7.330132087993463e-16,0.0,0.0,4.968307436951933,5.188668878074108,5.864417759136634,3.4829617594493314,3.628648040928857,-166.65702048260593,-154.34672478696976,-135.37159946744222,-99.08108636404654,-70.57224830399613
15.391348795456368,12.954299570128299,14.779637044853708,11.879171380275864,9.412811421421138,-1.8466029071340576e-15,0.0,1.201894765080703e-16,-2.9907083289491175e-16,1.5097354104918913e-15,1.7643551517509777,1.6913612970238954,4.6521949813670735,2.6292578677428553,1.3436865194376604,-13.026122587099334,-9.352578763851794,-18.67252295126581,-10.194664856276695,-5.227532610046279
8.052458617199274,7.753639204159907,6.50655692336405,7.499622618422911,5.630435266038859,0.0,0.0,0.0,-1.4211569806485535e-15,0.0,1.1818469922954988,0.4223942239192594,0.7687232498988487,1.0573353662533616,0.9205907207528884,-4.043501600715288,-2.2898813638423907,-1.7353849417399931,-3.0636355203854873,-1.8613454581322002
83.52692993421093,100.17169389211878,95.96624001662592,90.02302182381108,126.51117775836019,6.805400235059533e-16,0.0,0.0,1.2628640476445978e-15,0.0,9.502954690413194,7.485593814791354,14.206691656321864,9.344654328225342,20.228613997031918,-158.63891241517638,-190.6945100034675,-195.21517970913095,-170.29242499695496,-290.5180231072365
2.992310960964334,2.16815109785566,3.530463318857608,3.5069500962303635,5.5383957836103175,0.0,-1.1265315671915168e-15,-1.0063023909139758e-15,0.0,-1.2829396155883216e-15,0.30804259954888197,0.31971313229599924,0.08202164790087922,0.24990846850718443,0.19227056129261666,0.7138089517025357,0.6374646118798895,0.7485800954850442,0.6286880366331717,-0.40344002040169336
11.693387259445556,6.238145957923205,14.090851923067847,6.465944522507113,11.381743228680723,-1.2152898385985562e-15,-9.966501232636618e-16,-2.0170327234704246e-15,1.0989001425650859e-15,-9.364243088478905e-16,0.2951459250614775,0.9107344912340983,1.4445567866980262,0.944144187904343,2.050591405216199,-6.228379761084622,-2.0077937675141473,-10.957647328042247,-2.1304539950295176,-8.90709865100006
19.001793116470473,19.325853321234383,18.277969799326904,19.377101321452024,13.306406214936672,-1.495738284076385e-15,0.0,0.0,1.4667678595940904e-15,0.0,1.6050646043842507,1.9943364884134682,2.1553596671625774,2.5072367445532318,0.6105320782529862,-17.25434113952902,-17.596710660911384,-16.377625762600367,-19.190962987890305,-8.316342621187555
8.914002318276959,6.780501053783597,8.183782923597658,7.722717254431575,5.355204170052907,0.0,5.239603460894746e-16,6.511744712624963e-16,-1.1500853785504789e-15,-6.634133015259811e-16,1.7528783528358314,0.7188427004895598,1.30079681465093,1.143325062010724,0.7062413819848594,-6.029195135797337,-1.8824843292677687,-4.629125763419658,-3.5263549003636405,-1.1727479301507486
182.67875374090642,109.4364407820338,133.52123663700786,82.66647798049215,173.84465155278684,0.0,0.0,-8.514513539946172e-16,0.0,0.0,13.002663385228047,13.088737901141487,11.990834923312798,10.305678745105414,22.774630599818497,-415.2780028447191,-224.73429175369395,-283.2881087103082,-154.17021726344453,-412.8681428201377
29.192633367325996,16.12705216450672,6.8597247281852916,13.945727487492846,20.984345597822948,0.0,0.0,-1.2947726838815714e-15,0.0,6.77212193678145e-16,2.6879920378147704,1.4726420212886655,1.380567447051557,1.3482128399411597,3.614597412435253,-34.142580802858625,-12.913667691284909,-3.6218093912489144,-10.122128927275538,-23.57099352410344
38.65095509709209,23.73530343914151,7.732153345343944,2.5985408418182487,19.111821905880863,7.353430040475848e-16,0.0,0.0,-1.3671956282644376e-15,0.0,4.823393400693724,2.007410829085867,1.6869955760228226,0.45863652210366973,4.3042457566360985,-53.546650573760324,-24.155331701786363,-5.288617853602416,0.4171099264955152,-24.271757811525674
48.648096620149495,31.8477385125961,7.0880282086254045,5.804986075119675,19.63168784643718,0.0,0.0,0.0,9.18016072603738e-16,0.0,5.525043743806699,4.361553838895815,1.5383445647520548,0.9187982200441782,3.9435313371758904,-73.68513405875602,-41.0237062917226,-4.437853599959996,-1.700421511777737,-23.248272667636886
1.742078121787539,0.9638419063579113,2.142884931062996,2.7626004869299194,8.636694796260263,0.0,0.0,-8.289557752963775e-16,-1.2860034216343149e-15,0.0,0.29372334626406826,0.12374115822309464,0.1920095994175079,0.12942436435192162,0.9216894975113459,0.678757821163373,0.8858748839376114,0.9969608371200112,0.9663856854398327,-3.7079284153335683
73.09532273476712,42.566079713200864,14.543134228614697,6.9030111756334565,30.82582891239611,0.0,0.0,0.0,0.0,0.0,9.808217852674385,3.9877607548390723,2.160007450382436,0.7413705543298529,3.895262419146174,-130.25454446057805,-59.70791452809832,-12.750950925710962,-2.2081684872537664,-38.687444980255485
15.437791181862028,11.410828056737635,4.639663978672084,2.538265549556421,7.245498799573847,-9.205238332215842e-16,0.0,-7.657265041459578e-16,6.998309691082877e-16,1.9613355972176592e-15,2.0949194759497223,2.200168884089005,0.14323041611066653,0.46499565867147913,1.1853105353222788,-13.601946816402565,-9.250836918643497,0.17936572989700347,0.37861975384361074,-3.474804709150729
157.58671562866476,103.99949938988229,42.97692809265649,44.82273578910192,154.46959770045498,0.0,5.465739661660149e-16,0.0,6.340913585492117e-16,0.0,4.320590857990842,5.434556935606717,3.65215297008953,4.477501817196465,28.470049365342007,-338.7995061960652,-198.36160379355985,-59.795758748135476,-64.0769720348433,-376.7313144379722
33.77623139047773,17.15971044377556,8.386464732124843,13.151537644070107,13.681586610992337,0.0,0.0,0.0,0.0,-1.0386847022394634e-15,9.525974782582702,3.447921436177375,1.0646315614684891,1.7141400202715187,1.82738391784456,-57.052719303565176,-19.110432253830044,-3.753265685458326,-10.065299541788859,-10.92821893343431
21.09293615145107,15.526243260109844,18.048828710411655,15.480076703635206,27.081715031599643,0.0,2.2881991601459464e-16,0.0,4.590046608704739e-16,0.0,2.538715972898686,2.9661809663022294,2.4030750881014167,1.9221680512493236,2.826264128907283,-21.500250731232292,-15.796489484571925,-16.44079213914559,-12.725482455546311,-32.32089551158437
129.55017474594095,84.95364926332851,86.04179139304476,77.61545782447682,124.34101687851395,-6.581629739861353e-16,0.0,-6.606489467559248e-16,0.0,0.0,17.6270699202509,12.034705178568387,3.481003776741342,8.690912637062022,8.996785390528375,-283.9948661495138,-166.75830465478273,-153.3482869550343,-144.187572647548,-254.42941014671547
48.68789209516541,26.030246001957156,10.324095360980591,19.103611706523687,37.47390520422855,0.0,-1.091872486655218e-15,-1.2044152481192032e-15,7.438831428064016e-16,0.0,5.407131630955937,1.3046972324883792,2.0421778572683227,3.4059150917679903,8.412062949808556,-73.51407306064482,-27.212203859020683,-7.933738573553401,-20.547497168040945,-58.074689430232965
189.9090542369879,117.11582810179691,57.6110253027058,43.90558343835315,108.18296274483416,-1.1972766456911104e-15,9.707213752764451e-16,0.0,1.294674034809732e-15,0.0,6.376275904525492,8.023015094804082,2.428526734701561,3.2942946154339556,18.502058608899098,-430.76034304542696,-234.46293181968042,-88.39480613233076,-61.76507800702509,-234.87495294145555
3.7068126591311126,1.259501553376098,1.5999900406866234,4.967193415159889,6.790723360504459,-9.584281714504738e-16,3.5259123631858973e-16,0.0,0.0,-5.231716107688095e-16,0.33524125393619114,0.19826254744659483,0.09980450459066788,0.5976083816738227,0.6748182184904711,0.3793675964271723,0.8860584025064124,1.0840766597666778,-0.46339308672254187,-1.8779195702180436
17.567230503212556,12.121753065523151,5.529970395416642,4.437739375411381,4.493705894197076,-8.089410970387867e-16,-1.1723431947826675e-15,6.424471425281166e-16,8.005683475882724e-16,7.90597729902235e-16,2.30653689207003,1.2788529344494934,0.18303130609334917,0.8849734377524694,0.5244466840493295,-16.216725760989593,-7.798509714030698,-0.39419252879815186,-0.8422405925833032,-0.42727504109284803
13.685470868988915,9.59492767685096,11.091444725655071,9.715269963725436,11.933928211136873,0.0,1.481079919913058e-15,6.406223475257276e-16,7.31366949568156e-16,5.209725438182938e-16,2.7978374423819625,0.6702427507292206,1.5684253143981859,0.7951659753001296,2.635033373528421,-13.83475479767215,-4.313259473167555,-7.627876785602107,-4.7187339369268075,-10.568831841967867
46.29572030374189,37.6698356207107,38.304922208848105,42.614152531014525,49.49250444740371,2.4556662468091505e-15,0.0,1.2984751994018662e-15,0.0,0.0,6.817240141864778,3.5999584834746203,6.733066792879034,6.980576196840374,9.314182025083948,-73.73386122049014,-49.87973996564842,-58.01665300943331,-67.11974426554171,-85.92492330236294
69.76858552471101,50.22275741056566,16.412743821966753,16.39473823270291,37.62214236585435,0.0,0.0,0.0,8.667936330239986e-16,-1.8886291185931636e-16,10.186303251433776,12.160624138256123,2.7973983604276973,0.28045574660297645,6.8442766803623405,-126.32616667503534,-90.16421813426628,-15.809209986909359,-12.133759673810799,-57.07737683556986
305.6133384514345,230.3905253007993,96.60711199952846,45.47226105325075,207.1935954641707,7.439913342635873e-16,-1.7270846164622014e-15,0.0,0.0,0.0,3.0727384864614535,26.28428170592294,11.046955197217132,4.377682130602196,31.292528878092522,-781.2265195553048,-573.1492411117512,-187.38750142013433,-65.62820101932594,-522.0213321005396
26.2528079673495,20.8366270623735,16.34279745863907,16.724156090102184,16.827477188652257,1.0826159801935077e-15,0.0,4.347742407983498e-16,-4.248601435743708e-16,-8.445029849623096e-16,2.7708411804754545,2.329256577893746,0.8567069491041117,3.3201247941342342,2.715214919387662,-30.869816879531115,-21.456359463240265,-12.392887157587158,-16.64069964507861,-15.385661474058631
307.0438954640157,170.88506402081083,36.389889277894426,15.946386317865036,114.36360281234224,7.405249829169112e-16,-6.652824714263556e-16,0.0,0.0,9.940823384880879e-16,39.862351941574204,20.81271421981341,1.4746039682068393,2.564993449519216,14.41128634321227,-828.8846705470336,-394.78794483320706,-45.3852032123635,-15.157176915152775,-238.56718303812164
29.514654515680114,15.711700592327114,4.327259998768159,3.2725709491006896,16.95307263883736,0.0,0.0,1.6420153537397115e-15,0.0,0.0,2.821232865486534,0.5422909742175727,0.40851696079887206,0.3319943918931539,2.768730970796291,-34.544281616069156,-11.319453612225942,0.022696470816380515,0.5636047068750035,-16.69528331661787
95.73477737178929,49.366364449071106,25.836251972972732,21.893614606468468,77.78875404515952,0.0,5.757302517126882e-16,-5.500354590932136e-16,1.2981734602200777e-15,-1.4614816642469452e-15,4.212828817527379,0.9772276824140446,1.6474360687630358,1.852738056059913,8.037314826680467,-177.03162489283653,-70.38543800627745,-27.243251240625696,-21.39149002622808,-139.6582659696333
114.56301574210241,63.146061975559626,4.056452156620161,28.425547365009688,87.54130073254024,-9.923519993358173e-16,-4.500947254858821e-16,0.0,4.999324914564283e-16,0.0,10.852867679279685,9.421572643411096,0.4232727087054925,5.394868744976173,10.384401397294784,-231.57290596977796,-108.60601879933853,0.13567616725440523,-37.734008304183,-166.04571156364798
59.67897772018215,38.704857297370026,17.60142711183453,17.515810698284124,32.90401251033486,0.0,-1.4686378617567076e-15,-8.073694607210097e-16,3.0424344096860987e-16,4.318881993719915e-16,4.855715406765126,2.298388669550389,2.6222561897530627,3.1333568887947987,6.792609616667009,-94.93382187537993,-50.49320069493724,-17.232594098348983,-18.655655996952987,-47.02406833141291
18.580804224323387,11.524924665090586,17.066559148620257,16.5218772584796,11.107968575916187,-1.3384240774168699e-15,0.0,1.6653450284207847e-15,0.0,0.0,2.1910143500861734,1.0021583078006346,3.236776259043359,1.8985275280677953,0.9314923674619409,-17.541858103574334,-6.686859904016737,-17.992020263845525,-14.787229431981899,-6.314889459043789
13.08141391324519,10.869879290121371,3.6059578680617324,4.6112702773857315,7.635080926350055,0.0,3.2684021450258737e-16,0.0,3.852207163201288e-16,0.0,1.3137083228604576,1.8472161897682784,0.30010123968237934,0.9640128655986362,1.4004417142350845,-8.898511722646399,-8.19572268872792,0.5409843792095722,-1.010554431558539,-4.060865201292723
501.7103828898852,342.08437339360046,149.587444941285,64.29402614654282,210.88796765099602,0.0,0.0,0.0,4.420583238265952e-16,-1.0781728231148715e-15,17.467012145121377,34.01424169988783,13.932680028197687,5.662776299118814,17.52807064066575,-1441.2775267725788,-925.3525431483381,-331.46333313110256,-106.01996384780531,-501.45065426975066
19.29793435197331,18.67945860170075,21.512791366205995,19.51796518700911,28.04810914285298,-7.363925307243504e-16,1.9019361077611903e-16,-6.605769782867669e-16,0.0,0.0,2.2842199334212094,3.416305000423951,1.6463986834235116,3.276780944924207,4.401595161988898,-19.09568753442134,-20.687969450925454,-20.351221491924466,-21.021223908338037,-36.57631132900702
19.094267897031468,6.619789559944709,25.694422322620802,4.428087885916343,25.026337307629007,1.8606179079287094e-16,0.0,1.1061431572011705e-15,0.0,-1.1356719555498023e-15,4.047698457677917,0.8029989919159689,2.812990648348221,0.9400057115493181,2.3944063189744678,-23.312073413500297,-1.9513221301798864,-29.90837751965537,-1.3554617766802648,-27.377479021216747
14.480105964066176,10.192907826626305,5.4759519898476015,5.629233233953336,5.310833814201606,0.0,0.0,0.0,0.0,1.3379118244296226e-15,2.3072511251961303,2.2118455857140686,0.7776732440812711,0.3818627309782911,0.5010585801130439,-12.513947728270399,-8.142441378412828,-1.1595249612659275,-0.6545868246307133,-0.6774652869032366
18.50878090725568,14.70474019638036,6.92792175197059,18.132735904666482,20.634209322059924,1.5355797646976486e-15,-8.45611531366094e-16,1.0256217682568256e-15,0.0,0.0,1.4711434899645073,2.620521302687314,0.915446552357734,1.0094326514580383,2.3160282255901277,-16.27811860841268,-13.336705756157077,-2.563738456480051,-14.952764633002696,-20.233586071343954
0.0,0.0,0.0,0.0,0.0,0.0,0.0,0.0,0.0,0.0,0.0,0.0,0.0,0.0,0.0,0.0,0.0,0.0,0.0,0.0
137.23322079346752,100.88135428321696,76.12500523776606,38.501269682007,33.63633236362162,1.2426310159918763e-15,1.1269360778251312e-15,0.0,0.0,0.0,17.237751980921352,9.272344760726977,10.387743450405443,1.9775497654479062,8.849535183088761,-300.0884631156123,-198.4998548669648,-143.5375339004644,-49.64833940066003,-53.316786958920005
43.409406417439286,31.40652841715869,20.722499209648873,18.457575793587544,23.63041193055031,-1.3094723828790194e-15,1.357442745003108e-15,0.0,-3.8495994474363964e-16,0.0,3.666055240251528,3.411766990783242,2.8564849503797753,3.8822619205960196,3.081465017766083,-60.866270561426546,-38.97160326362957,-22.314385403876955,-21.03390632667463,-25.332388321971095
62.80059036574889,53.65668632141809,31.10683005044016,27.80775254480091,17.990337690341025,-1.8102829457415456e-15,0.0,0.0,-2.5551965575619563e-16,-7.899159515405751e-16,7.309146642800799,7.173858167381235,3.05585611859197,6.574729154850333,3.636345080255391,-105.44244646911238,-88.5905515876618,-37.61502315284565,-38.71780312767585,-18.6704168851871
69.49045060696415,45.61446979320858,37.99973756437209,33.29674084605427,42.847421499834056,0.0,0.0,0.0,-4.267941652579495e-16,0.0,3.463511743428547,5.984489866159336,2.571945866324734,3.796842130723158,9.762043492704807,-115.0149266584653,-69.42603674401843,-49.605201781041785,-43.128556970074754,-70.19292552939996
108.11329415244845,87.3940986908192,69.34930490499045,42.03745325041665,22.813498027496866,0.0,6.5042628406647145e-16,-1.639336369374843e-15,0.0,0.0,11.068349427747663,5.96523954564639,6.809136135309171,6.834708900487221,5.016402935760134,-213.88049611930117,-158.72897036648453,-120.74271026310377,-64.38018508706232,-27.987519984226278
42.35424222595792,35.49234794589054,22.80185834492189,12.600317355182062,3.7639323313079203,3.355237626348679e-16,8.007841429294563e-16,0.0,8.458629045575736e-16,9.438835149212092e-16,4.624101919505712,3.228303511210485,2.191240217355589,1.2297839136423097,0.167237959325621,-60.06253408258344,-46.13595021737226,-23.71864619830196,-8.19244302516393,0.6040411679858414
231.54603498712794,146.44484582839397,172.10871895898845,110.76694230344437,197.5307080508436,0.0,0.0,-1.3211049202998985e-15,1.2829508894694936e-16,1.4388501773146268e-16,17.21271155060849,14.05558479033415,13.293039079105526,17.69782762667674,56.93105063097676,-561.7773338637786,-320.75157034170064,-389.23139797634224,-236.12373248328018,-547.2624188647491
2.6758707391648926,2.1188694319405754,3.127806820962086,1.292125319256549,5.539961336529013,0.0,8.383512512016215e-16,8.518861335179223e-16,-1.1169891267536885e-15,0.0,0.5094260877776348,0.1761366122340768,0.32892165513774135,0.24503363483348276,1.5170325757404115,0.2586083173690219,1.015642259864803,0.6565781050731041,0.6664819264971388,-2.9649675781132983
31.561602938249738,26.726870098981266,24.275254577854753,17.92840883774739,14.466240492213231,4.502576989833354e-16,0.0,0.0,-3.9632225156762773e-16,0.0,7.473954708707741,4.730194872337564,5.531332671894336,4.868990911016653,5.488948345770705,-46.45550008344539,-34.96126730874918,-35.00197376389132,-22.3320919727995,-21.96237477066398
171.45674324941302,147.9027696625338,114.12795534689556,97.35704459670382,73.97336539909632,-6.630642549662755e-16,-1.537318577346625e-15,-9.961348854105137e-16,-1.1677309864176495e-15,0.0,1.102284436409387,15.324310161444608,12.562001599992428,15.8279321873391,16.836962416354236,-376.6354110763574,-332.4147781589156,-236.6443029431928,-200.99718579986836,-154.00075729730122
147.00328015746106,131.0997758406395,114.69102151158226,101.32855428966342,72.69253549205999,7.733625916363331e-16,8.671779718358173e-16,1.9824888857605158e-15,0.0,3.909852536854824e-16,8.168000585792512,20.36310130495229,12.165083369870361,13.582299928190848,20.73111881365033,-312.51833163749575,-295.43937564668903,-239.08661781489894,-203.20446810059215,-155.8816780086633
34.367395035088954,27.262791070141436,20.401498164765478,10.994694359423796,6.659316826515065,-1.44724357061176e-15,1.5637637406940975e-15,6.965593703184475e-16,1.2925193052794201e-15,1.0669904350112434e-15,5.055278820427895,3.2714097732073024,2.0039538137719455,0.7760331567676124,0.48823027940007574,-46.94867597098115,-32.21763388411909,-20.382083762484648,-5.9156513056302975,-1.4277403636453148
31.721104404453182,26.90540052998349,23.817227193310543,16.167243561508013,8.85907976058003,0.0,-5.281785230948474e-16,0.0,0.0,4.0102513746505585e-16,2.2209265516104955,1.2992710021501253,3.1342907017409747,3.3490520700900155,1.5944002002135251,-37.66432826112249,-28.642186576986333,-26.485365419114245,-17.54990158126314,-5.268301515893472
124.75446736216085,42.95242685009593,13.827163459102088,74.50257811006955,88.67686055924823,0.0,0.0,-1.0277490938206375e-15,-7.629725078349366e-16,0.0,13.58332201277205,10.682546614630784,0.7988817533570669,8.550594375745149,6.425981634125218,-262.49864911374954,-73.28817071190834,-9.120765188817938,-133.9367171620129,-161.60419489505546
6.129088453787668,4.220909295861264,5.730695036314486,4.8025136467467835,2.32811797089649,0.0,4.2084695853142945e-16,1.239889282639376e-15,0.0,-9.537515181824245e-16,0.5632743119095198,0.6860709735974292,0.46413133117684413,0.2854364670124481,0.3208853705212524,-1.1657499468708763,-0.45946390355949773,-0.8891534193545686,-0.03059925290843193,0.6680970941189361
29.90842542044874,23.423049519041697,9.386759370386004,20.665897880319516,13.875010672143755,0.0,6.067038667893919e-16,7.569627682177189e-16,7.306255562832909e-16,1.0242049574587e-15,3.145126102193978,2.888452816959863,0.20322564699771448,3.919547197036903,0.5925588501538994,-37.21209445220104,-26.043774925725792,-3.7061655484345843,-25.354721960137415,-9.020587620656434
284.70476542127903,253.1056895924119,152.77892143793983,194.80184168564114,174.45821112774985,0.0,-2.2458372608038037e-16,0.0,5.836024790005664e-16,0.0,36.25088085274459,59.147740475117544,25.53617499873248,38.92778153979659,40.673113902229694,-764.1806327765278,-741.1646039628765,-370.2737091747197,-490.2385575502872,-469.76185325137146
123.27749212409458,81.61598825800768,30.810748769097746,52.279866372033986,66.84974683449593,1.3833040699008016e-15,1.0447110929009222e-15,0.0,-1.3591135270005015e-16,8.50316142580746e-16,16.032767321203035,10.007050375416542,2.998991814474145,7.197769149267854,5.492226176358842,-263.7332832498515,-151.18378252660324,-37.8457896046236,-85.51177307517358,-111.31527497179107
132.95214718394593,112.61346750740563,72.94948308929935,53.112008847924926,28.926523566535852,0.0,0.0,0.0,1.3378193579433042e-16,0.0,17.9296659110667,21.958437023044116,13.833799468562365,17.36738118052359,11.169487358794385,-286.7520598065892,-253.58222391175764,-145.43030337320505,-111.62037000644072,-57.53159927338593
33.36334601710382,24.483768421950472,14.31553229693644,4.290795133998081,1.9449324498096483,-8.518842629223559e-16,5.804194219735195e-16,-9.926878316807795e-16,-1.4489736153186514e-15,0.0,1.364511657314897,2.3630746231671766,2.7241047016364575,0.9735548332710555,0.2185101719181579,-39.77809107113162,-26.30954538281638,-13.697845239335651,-1.547636418003954,0.9081357568142036
142.058859704463,99.35028066274522,73.43582801851267,70.08938310091887,65.18615184438329,-8.002798132980113e-16,5.721515679836765e-16,0.0,0.0,0.0,20.976141929721567,18.246026661750896,7.430986313424174,13.088933668030977,9.910569559004223,-319.9262467111043,-213.6925649134592,-132.42975557665594,-137.01299397054274,-116.25737076989623
112.80955080079207,98.89728358646549,71.02794379238642,55.657341815252856,30.45001506518018,0.0,1.1495445941366033e-15,0.0,-2.553275857545092e-16,0.0,6.808668001468641,11.882749004744936,7.433652262541837,13.170060026603984,9.248612683535839,-221.81242231116528,-194.41347967930813,-123.10237097840309,-102.41138951554576,-50.812258234913834
111.02675749242141,63.89951682653048,55.794295475510786,76.98065492890744,112.60707124452256,0.0,0.0,-1.0188034166639438e-15,0.0,2.52397199538981e-16,14.112494153289264,9.773103533492709,7.112520373423722,20.30722340790365,33.22365026579734,-228.40159041087514,-114.0445374829734,-90.63632684389822,-162.9227570502052,-274.7874403551918
36.08454570997624,26.4831626881006,24.174210592158577,22.518063501636533,17.970751305123553,1.5752843147223717e-15,-1.073199215861572e-15,-8.817777933860392e-16,3.155434461353484e-16,-1.976942209304073e-16,5.405753990349907,3.4096893270035653,4.520196265982788,4.832883801930845,4.831449438221841,-51.38564924840642,-31.609771391175475,-30.82229351303447,-28.895547344792945,-21.980302789648867
3.7540301786682635,4.72593160813043,0.9221093944786677,2.5567704822809674,2.018660756615466,-4.1403828965131257e-16,-1.503497711515105e-15,0.0,-6.947658586137588e-16,0.0,0.921250444055123,0.5315727021788809,0.10591137916775549,0.04935827748173436,0.16663303901926804,-0.8992264397808816,-0.3096428016472288,0.8626958693709956,1.057670196157889,0.9973629998020882
36.02276690988245,12.444271830155747,17.890714938574046,15.629979477562541,12.782824874987849,0.0,0.0,0.0,9.092049503713201e-16,2.2234294616690526e-15,7.118718252519538,2.3700940606208567,1.9093287854843468,2.4875164666236746,1.4207985275595838,-55.78650861859371,-10.529313179800491,-15.789699332995507,-13.49046107881887,-9.410017204627685
16.13935383726413,6.804317713627299,20.319248225730394,2.363140898514169,19.457639787275205,4.402547604598203e-16,0.0,-1.3987579222745758e-15,0.0,0.0,2.558929712210086,1.5785995954382859,2.390136442706115,0.20892372427817005,2.1699208219601807,-15.45558615903734,-4.541395930013132,-19.84643180989298,0.9577575388079193,-17.9961410736742
100.76722212766109,79.2957459496795,55.004428744628214,59.928941414064184,52.27156578356375,1.1282124814117352e-15,7.168533214490527e-16,-2.0668669835557343e-15,2.3712841208082787e-16,0.0,11.294827707873598,11.624410947634683,6.228086122964822,16.72965838160548,17.73733173206974,-199.95740636830672,-152.6684658674584,-88.04808053779213,-119.50513939359135,-112.57460091985682
3.3218718744800477,1.8781361941502306,3.5988307588715447,5.653218183684372,2.2548683036567843,0.0,0.0,0.0,0.0,0.0,0.3349024546589764,0.24162597702373323,0.6775252979132118,1.0686074097951035,0.3139910333662812,0.42817717250504983,0.8246265386236141,-0.3625932478293713,-1.653968074301599,0.7346572426295501
70.49266986270841,63.77100752344296,68.4323453063684,54.247883414219196,49.10445621479415,2.015933676916916e-16,0.0,-1.6613026663436038e-15,-1.0478458380904957e-15,-2.1705038316238247e-16,10.862302530899113,6.536823117300359,9.922366916601513,2.29213187346629,7.798087375117032,-129.58955312163454,-109.17896657237006,-125.40150151718525,-81.07404700075685,-81.62687490014837
16.26041883721316,11.84542592737866,5.6653110394248785,4.5805388380013135,6.995522090782415,8.739537927940344e-16,5.998456620439482e-16,9.406492390472066e-16,5.81707819393368e-16,0.0,1.712351783190813,1.196671094956012,1.0536150131312056,0.5759026132833804,1.3809166719621022,-13.50040051106333,-7.736951124522715,-2.1099024823808823,-0.3927992876482455,-3.7679358474515996
90.51487128120844,71.19007622332718,40.98857514071957,21.97428300555047,13.789705363850123,-3.1400044023820606e-16,0.0,-6.934056461545263e-16,6.467039089108161e-16,0.0,10.23394747917546,6.690656152562351,3.7206451258288102,2.68855871940357,1.305450241780976,-171.988226921353,-122.55525304527332,-56.64289742784437,-22.95161462274501,-10.19211554014029
313.2488685179836,217.29714137815424,137.7326162087201,51.032524684686145,36.40596090276077,0.0,0.0,0.0,0.0,1.951720866969941e-16,39.647692847042094,15.116674063805933,19.107032363975463,8.283510004771747,7.311984015936839,-848.6393097143853,-517.9462136813784,-305.5012445226598,-87.70916427270761,-54.94664227147988
200.58350184159588,154.0908171611278,97.04273346625308,56.814435468573464,75.00169161523465,0.0,0.0,0.0,2.501275353349704e-16,3.78947578625425e-16,22.895362681254884,25.219005044260832,21.708556911201043,5.9388034743701565,6.888967685815138,-481.4802106003988,-371.34632286644865,-216.79886101088505,-91.05023170052911,-130.99820305043434
167.21150097896384,110.33653026165695,59.754841683380576,34.81588376850691,42.76243699676044,0.0,0.0,4.756386031612371e-16,0.0,-1.3292838961707048e-15,27.95447685997058,20.063544643748273,11.745973468058551,1.158063370736886,2.856569556893276,-418.0183073157501,-243.68656618816746,-106.28483864736529,-42.28779645530541,-58.74641969585651
67.38483336801232,56.952313460837985,60.142933597357015,50.39587724160534,78.31855849859285,0.0,-1.4971319532057767e-15,9.451387795840076e-16,-1.127937878495342e-15,0.0,9.7280091050891,9.031338135843184,9.124991323267942,3.6695645267402344,21.42474090531653,-121.57318219456592,-99.14785151759507,-104.80589233554699,-74.554745915955,-167.66938681294187
240.56334899855742,238.35232777519303,215.3900882515361,243.01570651319977,253.46761209819698,0.0,0.0,1.0556366696767464e-15,9.35633662143076e-16,-4.485260928625947e-16,25.695206064953048,20.710243143361883,5.964657853445864,18.546026819591674,23.63264021510079,-613.0843423993116,-586.0352815541394,-504.93253323007536,-597.1818047443309,-632.7193048552872
211.8991037076033,169.45120453118042,114.89843221904111,126.66550824419204,177.5099960005252,-1.073028018830046e-15,0.0,0.0,-8.975358745843022e-16,0.0,16.414394447100857,19.820900861855833,12.226826925073492,1.9532328056023838,43.65969633035517,-506.7007351707847,-397.2681418818224,-235.46718190636037,-254.60716785378838,-456.126776920188
741.2393637453831,509.52698847812127,256.8889832086829,176.6994879134894,249.54117081728475,0.0,0.0,-4.425524064971791e-16,9.650863089423e-16,-9.111669817791956e-16,123.32505152643473,72.19228687041998,46.63758097249932,20.447768745316782,15.41444082921947,-2508.7959459032495,-1552.5118776385407,-681.9249994540181,-409.398335895794,-613.2175678858674
25.67294975748023,20.07818444922878,14.850454094773708,7.218389893769572,9.434198416456645,0.0,-7.077758823830237e-16,-2.3923266292919625e-16,0.0,1.5063128935695422e-15,2.050564586932775,2.0469005744833577,4.038628506939158,1.2411621313177765,1.2566639021844348,-27.340703493789576,-18.73748146718629,-16.424751453069117,-3.725488263210761,-5.396387429471047
370.8849419524386,377.25901812407534,365.8083377335403,400.5713943840192,390.75563050418765,-1.2261143536659943e-15,-6.026991125986867e-16,-1.2431300874768693e-15,0.0,5.818820195881869e-16,26.578802525799468,16.974023165732536,6.966818241155918,23.291207384460982,33.04552959193822,-1010.0897603684455,-1019.5356340415156,-976.683984319998,-1101.3878760069117,-1076.8053710932072
93.35942854395014,72.46752530233758,62.42589028148808,55.643397988786376,17.30911421176047,-1.2177327935131532e-15,-1.5687970197313865e-15,6.829308152974531e-16,-5.107831379408522e-16,0.0,10.138304679709517,8.819448581363869,10.408506036771007,12.050954662068683,1.5315789014580745,-178.33382280981283,-128.63832162389792,-110.46713660279326,-100.39785918782044,-14.252981002415877
328.2010695351804,246.17884200573633,151.92932635010078,111.97005158354617,122.12576672636487,6.927877345593461e-16,0.0,-1.4965752886923219e-15,2.538331368830104e-16,4.654498422775223e-16,18.768381379897285,19.44519443318835,21.950527589709576,17.384048870727206,16.519647751331284,-863.3503903945617,-611.0746458838756,-354.0087221147591,-238.02645798142646,-256.64315556748664
64.2777979839334,44.749069952083836,22.073210047896385,11.484016348990584,11.725082190257128,0.0,0.0,-6.438055309746995e-16,-4.737099508867764e-16,3.03001174844864e-16,4.821572183762302,5.495255370200966,0.9642132251536397,2.1922532229322065,1.139444707188465,-105.01247205972813,-67.02637221701237,-20.681817252482052,-10.013686173959016,-7.176230543003406
16.2944103971248,15.68875308572513,22.648045703713578,21.25560823809395,40.31325423070513,-1.7442612980595547e-15,0.0,-1.254929886764743e-15,1.3371393145770861e-15,-7.050214618683955e-16,1.5832003920550743,1.0506200578802822,3.1635342235509727,1.211669248515082,4.454827384335666,-13.888168294444235,-11.836968311299204,-25.510795690782796,-19.68861749942022,-57.139405964452315
301.03600985858634,226.1179273112493,174.86142078875235,145.16263458745385,107.2405628679651,-7.553039104857998e-16,0.0,0.0,-7.8316874066600735e-16,1.060110416070714e-15,38.82448032714025,31.24349282055794,19.846639245954282,15.502377040461557,16.86772752753303,-800.2647691319779,-568.0922671719527,-404.565006741197,-325.1290135834785,-224.91497246365614
82.00147226655508,65.73731111073,42.88672550122588,28.741604912258502,23.58030801698994,0.0,0.0,0.0,0.0,6.026577220688927e-16,14.110263867775515,8.504046996553358,3.7971703808802344,3.31258506013858,2.174651654231505,-164.73085347114397,-114.86536420160799,-60.16299167793708,-34.71399168464672,-24.635636655237477
8.156773157571303,6.009740162587816,3.4125051138186633,3.0406816306075726,3.2653900196905763,0.0,0.0,0.0,1.4308260470138405e-15,8.159929573597653e-16,0.7151514679515925,1.0299509529746789,0.5336593856109352,0.7420290644608748,0.5725336333627739,-2.9920986731117623,-2.206259650770689,-0.028537999433797177,-0.759716374437953,-0.05138634919224306
378.15389078937426,312.62022467148637,279.09537135632263,250.97599283469322,381.61543276438044,-1.2025457411986571e-15,7.273159491909561e-16,-8.146809255139628e-16,0.0,-5.958188687395634e-16,36.16790851493814,36.54399129669258,26.63824470410188,24.650694769052876,89.73066287939136,-1057.6665137686762,-843.5905736933138,-728.4094990787352,-631.976345699385,-1154.7595245181371
556.1998155788694,400.8226081484054,309.9839403747761,175.95570998764322,68.59525909666263,1.6351941807574393e-15,0.0,0.0,6.057286255245703e-17,0.0,12.633358760266272,66.57871273472499,52.2877457670774,67.11602692559703,13.160681326855043,-1630.4487553835295,-1193.6812218985506,-880.3117544863585,-544.5162821833701,-132.28355664810945
209.9719967380716,149.07866395675583,140.11899834089428,61.01451625035811,117.72551452747486,0.0,0.0,8.113591951680123e-16,-9.316376225546881e-16,0.0,26.051465046680494,16.41688778884235,17.39983111077792,6.883207499043111,38.58130928145336,-521.3583010049135,-328.18596634357897,-307.1010368310291,-101.23543765349922,-307.42150648447273
171.34044634646227,124.26890078347105,81.67616987828245,55.094950642127294,70.13155799198734,0.0,0.0,-1.3919217550362283e-15,0.0,0.0,45.852732236694635,25.671977825486515,12.8603738463765,8.067940371288888,8.844933275291611,-456.7019026062348,-290.6923946456419,-159.84207536680674,-91.84920501193484,-123.73296687293895
231.2350318981976,244.8598428727284,247.29359245772065,311.7637663582799,298.6995096929338,4.916505807462047e-16,0.0,0.0,1.4586279739893412e-15,0.0,27.326892693831823,26.82723635266007,22.666247587411174,16.549949439016867,59.8821026081571,-578.668986966075,-617.1892579327671,-617.3046671920008,-807.3269033373516,-844.8726356232353
230.01818321401333,198.67964102047145,181.18744303706967,178.82967867626985,203.68254059128137,1.482754573570033e-15,-1.7166354409192135e-15,6.274542861027985e-16,0.0,-1.11631401878225e-15,33.16246535104007,26.842251316170067,18.489688783712154,15.038839039085653,19.658643739846198,-586.3410789001746,-490.40567806911105,-423.59170551053967,-408.7121101555353,-485.12814180230964
163.32889492848292,88.07913933209915,46.35770670924523,33.61311901797668,94.52979098442933,0.0,-3.226837778607373e-16,0.0,8.455540652208964e-16,3.006640460580892e-16,27.84663923597718,21.281611875225252,8.27095653407874,1.364915758005992,17.111112049306783,-405.14086921853885,-186.91809915667113,-74.25433093916914,-40.24208866642107,-192.65344533688844
66.778847115055,58.00576211318016,55.61350977303829,62.30034320383999,65.53535529379782,2.128047327729057e-16,-1.9599231796970722e-15,1.0221152934383938e-15,0.0,0.0,9.787073711070422,4.29566033904809,3.6393459303918534,5.494224113566844,3.973809389738553,-120.06432269057474,-90.76237602424767,-85.18799405789629,-102.16305753921476,-106.67228210988088
243.610136802013,220.17407619083303,206.7769870532603,191.72649122243783,191.83375386872373,0.0,5.163497887148142e-16,0.0,1.1859272758475352e-15,0.0,41.10008873785426,24.5179725304366,2.547806894926153,10.37386353784515,15.584872364891954,-636.5772796151701,-536.1394794220905,-478.466034155134,-438.76869985323003,-444.35596226339425
69.35266614397864,50.43746785808759,70.28593175062784,56.49229169285463,32.79398140611133,0.0,-1.1270077835934272e-15,8.087453270518855e-16,3.773308080454306e-16,-4.3333728037528672e-16,6.184605953204597,3.895112094859001,6.892135400826008,14.523478843749501,3.1943972487817383,-117.48973946491175,-74.72159039516674,-119.8405570096384,-107.66554528247084,-40.873374448133724
125.85825582511858,79.11527973277052,79.86715585706791,20.260808623385117,37.48573839846786,0.0,1.4369770050187353e-15,0.0,-1.4027924530909168e-15,0.0,11.800046877142647,2.755253859819808,12.295449771682186,1.1718697279510792,7.729793234349022,-260.965687561963,-136.48789733270465,-156.09854958472346,-18.138873179997557,-58.11374680342065
73.97612872113395,43.011240313099385,17.14703523490998,21.84314327446739,64.67481721058563,0.0,0.0,1.2431468053092221e-15,-5.692632108647352e-16,1.0986389547055455e-15,10.205917788732288,1.6120683149946433,1.0848206474016364,3.218864269355561,9.676727777742821,-136.84628068025899,-57.985396954302686,-13.669281445084295,-24.908383441475493,-117.78440612588896
9.004572120703575,5.067749802650377,3.8806953773893365,4.15035427182197,7.656110892144775,0.0,0.0,1.8309675629270963e-15,0.0,-4.640363402319069e-16,1.5058717964418238,1.1834951259637916,0.596219189074658,0.8347988453487591,1.3258734027995938,-5.84132250307192,-1.7766834397214495,-0.2111013241459963,-0.5171199219884194,-3.869528961436079
1583.6115480897465,1541.6397122521903,1509.5721498203075,1498.922546380505,1535.2007946269996,0.0,1.1799056479211244e-15,1.2049701657270112e-15,0.0,-1.1848543916288212e-15,172.22699105888128,65.34559325894337,50.96981491055102,117.18796614301111,175.19062449364546,-5834.107264351605,-5512.044048731049,-5369.5803139066775,-5383.151606220618,-5591.247713761765
25.28732612182982,24.345834639443417,24.017901795761656,22.988433697113933,23.083315975639337,0.0,0.0,1.1833552186236133e-15,6.181741175774883e-16,1.2312663163472039e-15,0.7638937939893082,2.288336947724748,0.5190200840362865,2.3883366199968656,1.7950021955244961,-25.649541482961208,-25.65789533353113,-23.506142911436935,-23.77091323972869,-22.996215621553574
25.42456632188123,13.362220103988452,16.5687171628774,14.946776984290828,16.72117610054295,-1.676825618414384e-15,-1.0635100009286814e-15,0.0,0.0,1.6997434426565921e-15,3.542194079630761,0.9348085107964355,2.884585983374277,1.6165371612660502,0.5001302257718369,-30.749543001824495,-8.763540819650594,-17.170559732327725,-11.54748514898877,-12.656936335650709
398.1861409997606,324.405519055955,285.16086162437773,340.31080050474037,356.94467782210313,0.0,-1.4017867273337823e-15,1.594704645988448e-15,3.3406767446992156e-16,0.0,41.22296907278413,37.577607734384586,13.534156107710404,58.364282201432076,66.84606332326702,-1123.3142428615,-884.8048025235493,-721.7574067152253,-972.8061750512906,-1036.8613009724158
180.5564542291171,158.8194694262077,111.97393274980142,126.31552440650077,118.62104164966463,0.0,-7.158243138095758e-16,-1.015297354748109e-15,1.125028359100938e-16,7.188027276225919e-16,18.102768864030967,12.54246084150233,15.048632303079138,18.61330827704039,13.618244671814429,-427.305614853831,-351.82880478816963,-234.9421358945993,-280.7910327881438,-246.2756958026119
97.26831239180189,78.91985281225847,73.00836530701656,85.1053326601517,83.55800693281678,1.7531943588732082e-15,0.0,0.0,0.0,8.503586452599312e-16,12.264951152714724,8.32323838303123,2.8402621582815093,13.715511996357236,11.04402454151843,-195.90085490148448,-145.93266730771265,-122.58485781142913,-166.1823564888505,-159.74148081971916
157.15657541324583,152.00224126648573,130.30820150322816,153.9986035478887,150.3876235326012,0.0,7.479286935138259e-16,-1.7448915173432064e-15,-3.691164565861242e-16,0.0,15.020056205212303,15.188917539098476,15.185789231596498,20.05962553793517,5.538881888786645,-354.47190370669875,-342.0890633254181,-277.442774849537,-350.55418301601435,-319.67525769837164
178.19607964994606,144.2679477720015,144.32750934356497,171.3234256155448,157.81872099192762,-1.2759746223928832e-15,-1.5760512224279324e-15,-7.877004061019979e-16,4.976851705180684e-16,0.0,14.81533752319598,17.209183551833494,16.538831621427313,35.67671822922569,17.42264150063791,-408.66126561759694,-317.01272090461674,-314.3258352978917,-423.221799905342,-352.5712395206314
206.79349155675123,147.7388807770281,131.4797329306329,177.41840041312537,181.61906153590675,-1.0995204623296034e-15,0.0,0.0,0.0,1.564907845577923e-16,23.932002429762324,15.779168320611063,11.84633704239242,34.7122067726613,32.520431692466744,-506.0762045009296,-324.1040203136297,-274.2485177758035,-438.50148360582574,-447.86623593725574
1027.2902584739713,945.7151148355199,866.815089946243,838.0634541594296,794.3452124968171,-8.853337158321474e-16,0.0,-1.049237273695053e-15,-1.0852336983064647e-15,0.0,106.13028184015434,93.77540653707472,57.32226370898347,63.27330157506365,43.67732104048995,-3532.2312577409493,-3189.6118294746325,-2805.385105820349,-2707.237409470213,-2520.3769306802797
19.114592675822912,13.99737000357402,8.100357248417163,3.5430396155968786,5.673025449301441,-1.4869115922283398e-15,0.0,0.0,1.0027304417260919e-15,0.0,0.33649093272716746,0.8780961373325615,0.622821457207604,0.049544591216594325,0.9474169473264432,-15.973256043799315,-9.380653151821202,-2.8327567514981817,0.7528976716073483,-1.912929516820368
104.38791791521592,59.06257672223649,54.1320188151886,93.50862061478047,111.84204118664083,0.0,-1.9248540113017796e-15,0.0,-6.078949564979792e-16,3.811854978081206e-16,18.554952719904396,4.851560542937598,1.0307569288886684,12.018683028485336,28.791819134767422,-225.89580356226824,-94.82062076627102,-80.26751792488659,-180.96695544308295,-263.8363661974772
246.93453887829878,279.2559205721761,252.17163374889623,325.4195641153336,314.2567741443352,0.0,0.0,1.352493569932867e-15,-1.3974185975041585e-15,0.0,13.531700547135632,30.968840270826973,35.35065442945561,9.248892228959896,29.054105419841687,-604.128089538607,-737.7499131224316,-662.3739659470657,-846.3061539340706,-828.8390093125838
509.74319230797414,451.4998029701444,450.42202180333817,457.3351044745676,449.0057561380312,1.3381660346286206e-15,1.0071928002957167e-15,-1.0096028366148901e-15,0.0,1.0127873522108432e-15,74.94045340441416,43.335869622333696,7.019956607336505,62.29275491315713,38.2369825841406,-1570.1396716307086,-1314.561205751017,-1260.4776813547917,-1351.6225931973124,-1282.4774252670843
207.92883204892746,190.3666469366462,172.59632326081623,173.7121114868208,156.46995748398433,0.0,-1.1943986990478525e-15,-6.586863240986886e-16,-1.3089108957177258e-15,3.6328647220746057e-16,13.581674958421315,17.228483016277995,2.690159033504711,22.03753608837219,15.20388916418183,-490.2841601128735,-443.95666209751056,-380.12202052583876,-402.75300711729045,-346.13099475433415
102.68636894777771,86.72018784442622,44.9222211740623,69.14687229653217,47.985869919163676,-5.535634324524257e-16,1.3109616174444557e-15,0.0,-4.1103391211274506e-16,0.0,12.719709699744937,13.663827967564545,5.562773575683933,4.4266769927568905,5.131348871305013,-205.93474965107282,-171.16774485241044,-67.50897800779775,-115.1634096371162,-73.53288192500808
98.72232393357817,25.423676268533296,55.95373665125368,88.69232126176466,19.516242392189362,0.0,1.1179228814198424e-15,5.079501590313754e-16,-6.409057520666478e-16,-7.281552682953641e-16,9.501766844251778,2.3445604431991045,7.021005130685736,16.913052027548314,3.465292571465776,-190.33053716027644,-27.37910954001265,-91.91818984956457,-179.71067739242395,-21.411158193885647
9.837994575473875,9.982049114952067,5.196171531069435,6.268767679384723,2.179646153344814,-1.4444869435717794e-15,-7.118205165869013e-16,0.0,0.0,-8.1497486951004e-16,1.574595624236429,1.5874095095043346,0.6948266032330377,0.6408044838340993,0.2251291701420957,-6.097822119416997,-6.454135631428549,-1.0028647270123323,-1.612909574448996,0.9220322197670398
149.80935391145636,137.33561612398435,126.9826066555085,135.3483661380653,123.72504961729189,0.0,-1.655606039135273e-15,8.952945660505884e-16,6.299679170433081e-16,0.0,10.522130943059949,12.962310037933728,3.9012334934808086,19.56103949438873,10.933088017415027,-322.23696305161945,-293.25865767971135,-256.1395143615294,-298.82833073325463,-253.82880239095545
715.6002630798117,524.3144132440265,428.4391338969248,562.1552993687347,647.4440543819126,0.0,8.673180431429711e-16,0.0,0.0,0.0,88.05189071621085,54.4458235775375,19.99541583324314,106.61029630252744,132.47535459346525,-2303.7577469880416,-1581.797425423271,-1192.4159506548401,-1775.647749438911,-2197.58665980964
261.29005006116256,209.86039207777833,169.4889566347535,224.29016182389003,258.17647735099797,0.0,0.0,-1.3415250170736456e-15,5.068739386388315e-16,0.0,32.31862269577517,22.178109778314585,13.237785262941433,13.781323927913386,27.105934773580312,-684.2071355383983,-512.1450354069297,-378.86234379088927,-536.5494498200569,-651.7656874258844
445.50779034794004,435.0125159779147,366.58732641877384,404.129153509754,368.2309450845467,2.041478783261267e-15,0.0,1.240488467860943e-15,0.0,1.2349514807400367e-15,51.816069946748705,42.87300772233716,9.35041163013238,52.96534084561467,13.314676088287694,-1296.5135136043275,-1262.5674764126215,-980.1628467894393,-1152.6779184669556,-987.4570941901785
140.60995713676857,106.88209595703825,84.79947696748407,90.60693666491481,51.12547808863906,0.0,1.063665871291605e-15,0.0,1.5684069275796176e-16,0.0,9.714073512697743,11.027304021666648,11.405310548957711,30.553896361603375,15.284826050036537,-296.68139748006604,-212.04287106222773,-164.05662512461404,-223.0840396876451,-100.2938518638309
171.81373227823119,171.8753171174756,191.74277268220035,163.62996417080672,223.16429999171598,1.3233731229063133e-15,6.614494717930432e-16,0.0,-6.947800685389317e-16,-1.0188622259549236e-15,14.293047018089446,21.858261739955783,10.97810023307549,5.551793725384956,24.747305827233912,-388.92941952613853,-399.87023505138046,-439.62065665850344,-356.07626508633933,-552.0614941180027
691.7977690001323,614.0087749055685,596.4185168554201,602.7852026858013,536.8369946609675,-1.3146829066642367e-15,-7.406202801521884e-16,7.624635017773955e-16,0.0,8.470864627607378e-16,86.6943858796052,25.498565116698376,45.37571152481365,80.71329483814334,43.01373569323561,-2207.4979084621905,-1844.5660330161165,-1799.944639017597,-1871.521684648743,-1586.030364588582
796.1043179156155,723.5665618290769,689.926626676356,646.8590759083238,554.5841801643879,5.712157824706911e-16,1.25696065815127e-15,6.591242217700139e-16,0.0,1.6399578897171913e-15,81.58902325738273,52.735401911656226,6.118589271762014,43.21734129236576,28.783665976743652,-2593.2995018122497,-2275.364616362693,-2112.5674145821827,-1975.5581639093073,-1634.4257786392295
72.34783011433112,64.79050799554183,65.84224050689723,65.57427490225362,52.78097290029769,0.0,-1.7546835368143541e-15,2.1583188247844273e-16,-8.668554695502161e-16,1.0769680007260232e-15,7.630453413624811,3.236702608103199,8.917836787689081,11.327144007262651,5.669333429793084,-126.59530972837058,-104.4445498556755,-114.67663697873965,-117.8148868702768,-85.10490276404899
21.000606420898855,21.730972608390143,11.37007996486847,16.566256005378023,1.7829808413397494,6.766878265505707e-16,0.0,-6.249232529195496e-16,0.0,4.981424360301814e-16,0.8779360617719291,2.8630562235829737,0.4170100541486853,4.195352656434594,0.2942401254751583,-18.998902988359042,-23.30695749193757,-5.917203446105384,-18.481938640144115,0.8395220456587681
69.06495976054008,59.571340903153114,51.464830174700616,41.57916105286478,37.53527137326024,-8.230428144444561e-16,-9.542074762631251e-16,0.0,-1.3671131745187423e-15,0.0,4.194064418385123,3.489352920712221,3.7652878424769325,0.7560522692957841,5.22243588924696,-114.76958514184088,-93.38653705353133,-77.37811046389844,-54.82997521418308,-53.10908092736937
232.9576858419907,139.7973142076516,46.17489014917056,41.59498092899746,97.03789621096178,9.760299370309415e-16,1.6264523873863315e-15,-2.154330691097506e-15,-5.97884533089577e-16,0.0,18.137465329394637,7.063586256941933,7.536390737082594,7.037896534078747,16.359113509374435,-567.6867364117098,-292.13556360602587,-74.72263687118645,-64.87008032580707,-204.54256345005538
69.84685382921553,71.41568323398829,89.26523950160026,101.7141366254861,118.12117997512854,-1.6276586773628322e-15,0.0,0.0,-5.588546562618611e-16,-9.624593806593686e-16,7.02356794683969,10.505426966545976,7.845005348934009,6.51116125571638,14.765337568834548,-121.64000287364625,-130.0499829654262,-165.18962914808668,-193.57652060037557,-250.9495524982124
21.9071278466232,15.894132771754663,14.926322574564091,16.898341165803274,8.092626430341221,-1.2973726920932254e-15,0.0,0.0,-4.2048076127022856e-16,5.487578274774483e-17,1.7448075905520297,2.185832489540222,0.7601289050198147,2.4381066204371384,2.94558608134001,-21.597830753966235,-14.026862496265489,-10.416590479163384,-14.98236219825959,-8.72187516044184
261.12796981633625,244.4623890472013,223.94428614227434,212.91160922626727,189.96099259784734,-8.707365802413078e-16,9.300967577443182e-16,5.076567912493623e-16,-1.868869121189123e-15,-5.984746455936573e-16,18.192365564589235,20.33581932458232,27.665721619025252,29.367914809014916,7.2362321239884615,-654.428638176458,-609.3315252184606,-555.1119524000588,-530.4491027007397,-431.463881783938
105.10929483478462,77.16163062479662,58.814634176217446,70.13487836954559,67.74745172595011,0.0,-1.4733597100147556e-15,9.664842714229358e-16,0.0,0.0,11.227563984193507,3.8241164663939173,3.9749624734776043,8.12680401869309,13.09172046062576,-213.85364919580277,-132.85065576982885,-92.01076811716234,-121.69660989789168,-128.29570141882496
558.6655087182772,463.252683041645,405.63494880409064,439.03751454578946,455.5237811710608,0.0,-9.816399721652206e-16,-5.60537685703819e-16,-7.768368348151195e-16,7.48721641465237e-16,65.36754878601158,42.582315489375574,12.908175528641268,63.610685773126015,68.55201395227122,-1696.6948680187852,-1333.722513653735,-1110.9516899947419,-1282.3215523179117,-1351.8491670644446
0.0,0.0,0.0,0.0,0.0,0.0,0.0,0.0,0.0,0.0,0.0,0.0,0.0,0.0,0.0,0.0,0.0,0.0,0.0,0.0
48.70767507317077,36.988330314678954,20.391812172061524,4.339670435804555,26.57889003347576,1.6046690961167033e-15,0.0,-6.968902319859564e-16,0.0,-2.138667897313036e-15,7.902676441623353,4.1535133487502005,2.6855137261062514,0.5622991944528328,2.2823413123192715,-79.30366082226352,-51.33847349128253,-20.893341819642067,-0.31681866506370376,-29.596950178434824
10.274931973178006,7.566570962033168,12.576635089096005,5.183960185212338,13.978327920103737,-1.7288258881297766e-16,0.0,0.0,0.0,0.0,2.2123913099690506,1.2028915950752859,1.8847042000699612,0.9340345763487005,2.868648866303786,-8.751836123384685,-3.6967203081232936,-9.89759769999538,-1.2091683408179734,-14.096872768319576
55.983865009667234,37.32412189399983,14.530688598344467,6.935718718581458,14.785479705892104,0.0,0.0,-4.889945379746523e-16,0.0,0.0,8.276189962356565,8.187404012846155,1.474644183536092,0.6732414361508166,0.9939105198972433,-96.60712096327615,-58.389587248605366,-10.606031870546483,-2.0833053011395175,-10.480576514615393
26.194088925197136,22.464920193151737,3.7288877195995167,16.388308477857585,30.423647955030823,-2.170085740456049e-15,1.265159599323578e-15,0.0,4.1324340821163222e-16,0.0,2.675627833820501,2.9291024470265747,0.6391454965045424,3.2204726987638685,4.872849246053303,-29.402798627096587,-23.96348744184623,-0.45753786972331506,-18.198013154225798,-40.77272176514714
82.55055420829426,61.41422821570832,44.8331829606896,29.231547869264666,46.05557465141716,-1.7214729630215092e-16,0.0,-1.2678872011083658e-15,0.0,0.0,17.638658439118036,6.511435824162069,5.611720338587609,2.308246635012474,10.035012430551848,-175.61702262307543,-103.87505059116332,-66.86250045633811,-33.54175375340636,-82.71542867353966
35.076298568547536,32.06272786061371,24.172648383286116,34.87188450601203,36.56476439948154,1.6205649164983097e-15,-1.7728815560523545e-15,0.0,8.150322195952447e-16,0.0,4.698685498080212,3.5183904297467428,4.445125169635482,6.109250601858469,5.9282128685224365,-47.27353466528532,-41.638779001187196,-31.494713085308547,-51.45923799767479,-53.8620127700148
41.08698072014348,44.022236842340455,8.043615840387162,27.74177759954594,20.97421908217717,1.383489802961835e-15,6.456216555326896e-16,2.2084058645380924e-16,5.122546550670422e-16,0.0,4.115164895324115,2.6893664809580513,1.531336295715306,6.253895649845492,2.7518789072516476,-58.74284664766129,-60.83124414595004,-4.719970365107552,-38.19450512895826,-21.457749372960084
84.92954939925352,78.99999830683952,24.69199156305723,36.91646600825203,42.28630440561918,0.0,1.3378890406275413e-15,-1.151049697948503e-15,-7.698924762747017e-16,1.3442512808769931e-15,7.585067501351345,15.7897096598484,1.604459573396861,5.146601198171626,7.693035628336727,-157.12656328120076,-165.38844015971026,-25.293654149887644,-51.43430930405444,-68.49161851295003
27.270860558823,19.618877012667298,14.261228442896652,6.481410739188112,12.793100929054843,-1.9541262758122336e-15,-7.2434598096652e-16,1.992935569625527e-15,0.0,-1.1108217463466775e-15,5.197325086198071,0.7098516758279577,1.6844923124626603,0.6885547997278432,2.028261541076431,-36.7067637180875,-16.879068467910415,-10.818618825680595,-1.7983558230290708,-10.267077091978088
46.28738435152253,34.092087458866445,23.79875571320796,20.037369908117434,32.831381488362965,-2.4561084907766346e-15,8.336746602769928e-16,1.1942519084991648e-15,7.092175659962726e-16,0.0,9.570609106221031,3.692554903455457,1.7160728189875922,0.5216108600149586,6.843425777376884,-80.35741412671518,-44.62215640950542,-24.096420191530548,-17.385536295220636,-50.670284443379366
33.28518204714837,17.1278304747388,25.180943240695875,27.04919022783106,38.54457728401566,0.0,1.2445406967474133e-15,1.4108739473503224e-15,2.1014832008657143e-15,0.0,6.300806843739217,1.6766552292068115,3.8754064668217514,5.315857577169437,2.640205261373893,-50.90729159016795,-14.372850931178801,-29.939696918282404,-36.87153363153885,-50.14342270235154
47.96896427753238,50.20096403100537,29.1665954788981,30.930627698086273,22.83398022367113,0.0,-1.1323172763315879e-15,-1.5834991045774044e-15,-4.450852287812999e-16,0.0,4.248149082098877,5.070725154623607,3.977656843551024,5.034994258467641,4.730600266164607,-70.71447815640073,-78.96312827692346,-37.04468254434105,-44.097201769236506,-30.033883036569843
80.64192783022351,51.31919931520908,23.64298852133996,10.392995475779895,7.72203265962572,0.0,-1.1076443050420266e-15,0.0,0.0,0.0,19.409334752243034,9.542617449566016,2.48079838530715,1.0573654106113328,0.18454624689556334,-175.2098418847416,-90.12795242961491,-25.0897600138547,-6.188546988470717,-2.1189755736069866
53.328370413168884,42.12923298296735,45.77536133463087,35.111709945086986,50.66881326766994,0.0,-1.0119473137059523e-15,0.0,6.070989452276929e-16,1.1218620527092133e-15,10.422371340679991,7.1512668418050325,5.457402182333427,5.683815112988774,6.848892893256427,-96.21571226457549,-65.34436736403794,-67.11741314212145,-49.82360835005388,-80.29803723556246
7.566096564421516,7.701096633063045,5.194610658499973,10.79276387201526,4.872249590962174,-9.391140196403592e-16,9.226513698185968e-16,-1.3678459897613978e-15,0.0,0.0,0.6526761609825583,0.8617698701369814,0.49419216231211816,1.8026042093242587,1.0038740747224066,-2.5465876207812883,-2.8668384812589354,-0.5229025427639301,-7.092048648550232,-1.6981017924020072
23.324669741168506,17.352700119528116,11.099352200431923,8.656556257185356,19.02945851029279,0.0,4.0947099348560774e-16,0.0,-1.1799209204091164e-15,1.4935637509092057e-15,2.29206900882115,1.848470178375464,0.4416938387421343,1.4814585086800742,2.6831292459709553,-24.23029261877654,-15.004089655189501,-5.63614466036703,-5.319860090790592,-18.838309656908045
96.16617277522788,115.12287070390737,63.43254464483587,88.97460836321541,89.36836628558689,1.1821915590562154e-15,-1.851611408095256e-15,-4.480619465849831e-16,0.0,0.0,14.865281162160956,23.522236027351667,14.985310565479216,17.24137106253808,14.663769114887547,-198.03731370294838,-264.0685196089838,-121.83193614085089,-179.27045252959186,-178.91239838679863
68.63366426251154,69.59279620780329,27.33953309111462,63.767796614516755,44.353486792355156,-1.4493759596739015e-15,-8.168003293196356e-16,2.0791656781908317e-15,0.0,0.0,12.838548258552404,12.593126979979514,2.514456749451885,11.342545554326962,5.699438580333948,-131.19281353495384,-131.96142906335606,-31.51885374687368,-117.4566840517287,-67.13220893578543
18.083055076302976,15.51539975688898,11.67249888692216,11.20921677765067,10.953300174674194,-7.858658094684832e-16,-1.3738790109702704e-15,0.0,-1.1093101438268274e-15,0.0,1.5390967123499297,1.615102482753823,0.8994021064846127,1.579082739937159,1.6910066663019774,-15.555752413731451,-12.190006396180673,-6.72102586265131,-7.464124266199445,-8.114593713548341
425.42765247016604,212.91005295356152,392.8485983881892,283.937578272215,458.79590537300976,-2.1378363547647115e-15,5.339665090704412e-16,0.0,4.00393771100713e-16,-9.911756961229763e-16,39.87314022577326,30.859649396021364,56.47155557783557,59.80849897674528,40.46311311090209,-1217.1168667419317,-538.7472792467114,-1131.931570847212,-817.3564059433858,-1318.7059012975308
12.788804125263956,21.813791911243072,11.951004174179724,14.674028531175678,21.67592491372063,1.1111949620941353e-15,3.257309589507354e-16,5.945464710783346e-16,4.8421790529473075e-16,-6.556054595947915e-16,1.8724563499941071,4.077221515855372,2.2427031344587984,1.3634617473652493,2.4279048951656406,-10.142233254363104,-26.327901207158252,-9.150249892031633,-10.778423970370454,-21.901581368360393
33.15678333544756,16.385305113741193,22.538372580934144,21.008249374370127,32.706706590544314,1.7143827941849031e-15,-5.420579070909537e-16,0.0,-1.3528832852240527e-15,0.0,3.2504644211220426,3.183413318908428,3.308825793381469,2.1901332935816837,2.1466074094370327,-43.018856699064585,-17.1111622826671,-25.08895019479335,-21.593305556458308,-39.20097849915316
10.064245487263321,7.931496613382966,4.75349786896283,4.01230208758126,2.6882912356844937,0.0,4.479247551850352e-16,3.736946746097596e-16,0.0,1.3215508913772535e-15,1.3499086220605396,2.332053619096385,0.9087493314769431,0.3762140175486867,0.4384500365889356,-6.13446893263378,-6.497707531253311,-0.8884095449073134,0.22965800858187324,0.43130810313391676
9.335112945405553,6.275139608265448,3.2583072153910333,0.598531086945944,2.845841764187994,0.0,0.0,0.0,-1.4839303071660513e-15,6.241938191201926e-16,1.3270942024089887,0.8868357248177371,0.4689597284977068,0.06409128892237616,0.25550643077539864,-4.956424527233469,-1.832389853915752,0.34719432531989963,0.7361092618682472,0.809182096370567
5.4234177887405455,4.791361533207305,1.8348076307361951,2.971891501362069,3.434680703947633,9.826037244013052e-16,-7.414831158487717e-16,0.0,0.0,0.0,0.8202981559519565,0.33792597422972376,0.30378580891226126,0.3119190540035604,0.5273580487262206,-1.328407626617852,-0.06505289743647359,0.7402425766666877,0.635473037879852,0.11194901524794232
130.52556468484588,91.52686180645614,118.45801789949977,44.3797173188762,65.41173003522051,8.709928817095182e-16,9.315858383904251e-16,-5.998266291800758e-16,0.0,0.0,12.573229064540802,9.851297785080897,19.838906828950584,5.544927024599117,13.914607839487429,-275.50196192870794,-174.8599131203318,-258.9032383153982,-66.49736584566183,-130.45525484229924
52.63139318974351,49.648389754162295,32.25926043281927,24.840359229697697,11.436773432904968,5.400143851016784e-16,1.1449196870688545e-15,0.0,5.720873270710324e-16,1.2425580342717703e-15,7.097684662501776,5.507752487586471,3.869476651464789,2.7313594012722016,2.1197710275070243,-83.0854362779154,-75.51479929891224,-40.73965264677663,-26.705027840860655,-9.039486417838726
103.67274752604747,78.6585377323728,78.78672363329109,52.75248996819853,58.260731192758996,-1.2336674341989838e-15,-1.4453210166253438e-15,0.0,1.0775494937788846e-15,-1.9513458790188637e-15,19.554706703767202,7.182856814319243,12.37403412932477,5.278747758370218,9.347853499972866,-226.6404739795582,-140.39510454875222,-156.1321788782637,-80.90616575779427,-101.3917638434202
37.12558624706182,21.6374868295709,21.98863563952004,14.539952383755065,42.938126583569826,0.0,0.0,-1.2925635722173614e-15,0.0,0.0,6.329272638648298,3.156665410785983,1.207514512370623,4.709539058104996,11.04232472056064,-56.119504875405454,-22.802987181916468,-20.753821263835693,-18.730311182906483,-74.05678768923975
13.547135881504543,9.770550383105693,10.068192535170489,5.704396181151434,7.502252634180735,-5.244966478340124e-16,0.0,1.41146036545887e-15,-5.060272415095036e-16,0.0,0.7617046532278531,0.941979299109124,0.8339585724599421,1.2380755599587796,0.7432949934490503,-8.723460370363247,-5.1340176488462355,-4.926117554328402,-2.857953337992276,-2.875464531707412
139.1571784929087,89.05778760377883,19.157023269584975,38.172864275922,63.62695684940275,0.0,1.5956891696464082e-16,-1.1127136911007578e-15,-4.537118058252944e-16,-1.7867715721608203e-15,14.803051687747024,12.396673743418047,2.9086258439470645,9.693772393887416,7.782515994128314,-300.6467885359162,-175.99073764923617,-19.478084352920632,-65.7983187234361,-107.86110915580967
59.05947106036311,35.75463724396485,9.97979105519655,8.551526956355863,29.238074468882164,-1.6843358265898163e-15,1.5898194819583245e-15,0.0,0.0,9.720787003485129e-16,8.213097974768889,3.7207321045310677,0.3768039630467384,0.7652589040870406,0.5584152114964148,-99.37756608655907,-48.41151536148387,-4.409088955362644,-3.451876063956508,-32.164808760813635
101.64129278089376,58.624341649929164,96.43628873826026,87.56294516630516,164.9136984700309,0.0,0.0,-7.36800166261685e-16,3.245860378088434e-16,-1.37874341278297e-15,19.317080859999034,3.5414973885637,18.175819761321076,8.419119347297084,6.611009883344077,-220.90205571673528,-91.39561056386755,-205.08311533091012,-162.51804836503877,-360.2833069382834
78.37805033358731,62.4042013174579,41.28433198739189,47.7319927248009,58.29263216370589,0.0,0.0,-6.884381570975622e-16,-5.954435967982639e-16,-4.875694985017319e-16,11.629133990904982,2.7486443562590996,3.7416301695301892,8.585103768490647,3.479084395689036,-147.5509847573854,-98.95056162895236,-56.3847098055556,-76.19778391027076,-90.65472759545911
12.303077719037649,14.142677805093605,8.245937155832554,13.870214075816428,12.326139280273585,-5.775325101463141e-16,0.0,0.0,-7.684193609516546e-16,0.0,1.2195224731586267,0.9461794474552669,0.7998457557707616,2.7293430161199375,0.738592795412002,-7.908214618026593,-9.615610202763456,-3.0909657574785774,-13.186872470012855,-7.24568948332217
46.20592061278539,27.563104781359428,11.165710422123636,30.606682651474394,39.877690458129955,0.0,0.0,-6.363614216183121e-16,-4.643056183848606e-16,0.0,3.8269571129668694,4.626068292912907,1.2517200416754979,5.329059085387149,2.7961990024555092,-66.55162531762994,-36.48144146785577,-6.479746461209647,-40.07626315267038,-53.32655141452814
43.74196953726359,32.38290273366934,51.15327666033633,29.632478614900496,52.0725383658411,0.0,0.0,0.0,-9.5914046880008e-16,0.0,7.440681033543451,3.3817348519184245,8.354262887891906,2.4756120049292782,5.079614514572129,-69.08610181301135,-40.62953155357089,-89.36366896015656,-34.52933292985159,-81.3840560208076
19.4601427921623,13.516513688049965,20.827761697497316,15.100380840659502,19.924373230274107,-5.476907929315985e-16,-1.0513698312432377e-15,0.0,0.0,-1.4264794732523187e-15,3.482685920506119,1.505096820220996,3.71794645436423,1.0074274235402552,2.700010438747894,-21.480697980775762,-9.669619245733907,-24.731527893545174,-11.033713943089438,-20.66364835549377
68.02774211606595,60.57455798726633,63.66391483540004,54.961003595068924,58.01790552272955,-8.35591732029328e-16,4.6920209366412e-16,0.0,0.0,0.0,2.3078042675311248,7.61740829868652,4.60234155362037,8.091012208960105,11.617063367021391,-111.00740199823527,-101.27721193735556,-103.40784165363699,-93.62028899210186,-107.38448444066609
32.210232022598575,34.179714734534635,27.85117369216468,29.51621932868603,23.19093054383211,0.0,0.0,0.0,-4.814591786621822e-16,1.2255527813636217e-15,2.2205535019411813,5.607057848956344,3.357900633404772,6.410376828960662,1.0496310739371066,-38.55647498570345,-48.15751214810057,-33.467368072240724,-40.83861969077517,-22.479087535359078
7.497612770601324,7.731529807566298,9.623726375437606,9.86858903849809,10.898218556579167,0.0,0.0,-7.383239174106202e-16,-7.200043825801448e-16,-6.519806260731954e-16,0.6332481874669138,0.37208874835974837,0.5807591784535984,0.41227710506586285,0.6304680352804433,-2.3762479177226736,-2.2211669861579892,-4.172146233495714,-4.304790133208951,-5.558924698026263
18.658797044454104,8.667125804265071,20.420075843891794,16.28943065595312,25.39714804410211,-1.5232337520307453e-15,-8.198135711961673e-16,1.3918513157190707e-15,1.09049657837554e-16,0.0,1.7610148398974919,0.4367926196711001,1.2221972557461618,3.5656001152142465,1.9650167183973428,-16.749940919953378,-3.1326519776087696,-18.415556858781283,-18.56875126747714,-26.88426081846692
56.46509201594627,53.67210122945484,68.77187865283594,54.04037642639415,54.13550149750452,0.0,5.295434458378609e-16,4.132751640227584e-16,1.0518694098704467e-15,0.0,7.19724576723934,8.581898456873475,18.99845211997863,8.4543074221429,9.709038383765154,-92.13293332479795,-87.66649333243112,-142.45939031060013,-91.28271741584602,-94.95259344050643
13.126102445100928,8.75311134517899,9.970912446369196,10.769210086107163,9.368951738156321,0.0,4.0588009665354627e-16,0.0,0.0,0.0,1.5532563526014656,2.263135088341606,1.5747981635454196,1.0511156408292561,0.9718876879141761,-9.420378984970254,-6.6208650418425865,-6.5161520779519275,-6.461719411580062,-4.877508588897271
25.06467334966323,22.29618075426516,22.96306272432906,21.821161661872797,15.856024497506716,-1.1339349623236116e-15,6.373672187100265e-16,0.0,0.0,0.0,1.6860676721477217,0.7280076369962244,0.201762127237863,2.83309663190247,2.1426204247602922,-25.877135110056265,-20.896900185620286,-21.764161363313807,-23.089187399460965,-13.586576151670632
12.042283026488061,9.611531985482797,11.99785040351454,14.627575331981754,13.059990741864361,-5.900398904403749e-16,-7.392606473487263e-16,-5.922250335376413e-16,-1.943022598438631e-15,0.0,1.4306533255361837,1.6383003615145566,0.5328952358091374,2.3236489911878633,2.560904334634988,-8.228241783490155,-5.789483352976256,-6.705769004562856,-12.844455087721709,-11.877498584394868
14.463198183753546,11.224930809453745,6.5364144029136595,3.4126069454385037,6.074642808260011,0.0,3.1650205592433326e-16,3.397039894319631e-17,0.0,-1.169686446080316e-15,3.271087764447836,3.3354580275099353,1.7831077467136909,0.240310372226871,0.6958501039432213,-15.968514992333798,-11.481608306877371,-4.369953077313119,0.6773216743184713,-1.3523578648098213
2.0913946671322328,1.5291466137011234,3.8092333771888947,2.197991002130824,5.133223565534026,2.1234117922802572e-16,1.161665482880535e-15,-4.663292225773657e-16,1.2122594025713773e-15,1.0381528196008644e-15,0.47450075360566607,0.16353633048906918,0.6624757651513584,0.20245844443699562,0.9017664770053269,0.49678588212797586,0.9298088478080763,-0.3383361937235392,0.9813247760652891,-1.3982434026761488
344.4419134806324,348.37063267318916,332.7160837049976,324.3843665786443,311.00159410618625,-1.3202439456080714e-15,1.3053550105443827e-15,0.0,0.0,1.4622026365922687e-15,27.605205782057354,24.00560895141482,23.874781167653115,26.039027710843012,22.95848163942199,-922.8318465714088,-932.19373193485,-880.8548093636545,-854.9952723969021,-812.2797743315763
11.273556479891965,4.62211078385031,17.769188238480663,1.5820510305239717,20.01725892159192,-9.454107100462799e-16,0.0,0.0,0.0,7.099301043597557e-16,2.018843325927089,0.5574877799358544,2.279631009816395,0.3080241313856439,0.31478520073359795,-8.577280732127594,-0.3325123793056795,-16.39277136227588,0.6246027461360913,-17.291109991131666
10.914396752198996,3.914730392192416,8.838977586664088,16.856560988289807,9.566358275562965,-1.3020284160312249e-15,-1.1344056048808862e-15,-8.038743494860084e-16,5.269036906858639e-17,3.7137577084853947e-16,1.678924850561992,0.6496147394399694,1.256858274094638,2.6205451443989984,1.0465305703828809,-7.44494466256992,-0.25895333725575964,-4.930048860301493,-16.888789419051935,-4.890209132723835
82.37327347951327,101.0461323709708,80.38209328466706,87.53422593034583,74.47954483906086,0.0,-1.1250983590765988e-15,-1.4143303946937876e-15,0.0,0.0,10.40258522815586,10.351398159155073,12.68727202830564,19.5329898676502,3.7663000513155813,-156.4319732305536,-195.86155701971285,-156.98097833507103,-193.9453644605263,-126.54227433287427
40.42243799364204,41.77407869198207,34.62499461515933,40.59061901443161,30.92997127074281,-7.031171507981383e-16,-1.3607342313863713e-15,0.0,0.0,9.189051351395399e-16,1.4179849995162144,4.385667602201497,1.8560718095632411,7.385506710335232,2.448499475624642,-52.848660906620395,-58.76367242325152,-42.42423680395356,-65.41322432171346,-37.012611068861446
16.96346681345701,19.45114699842066,14.299875775218112,20.168872570869066,20.206871553769595,-1.6754658551197356e-15,-1.0273951682579655e-15,-1.6148838825735205e-15,1.409186821451534e-15,0.0,0.9816458771087031,3.610357009635939,3.1101292293189267,2.1334324332135313,3.868892531066984,-13.331958155801823,-22.737956980316568,-15.267303392320796,-19.665781044713643,-23.813136403367935
4.539726253742663,3.5049510503834123,1.131371291309254,0.7871643485992317,1.878560709104646,0.0,0.0,0.0,0.0,1.891189175618277e-15,0.6181560274727866,1.039626764460499,0.1162609399842729,0.059120264306403984,0.24783211877018943,-0.4840739922918553,-1.0667931324761781,0.9554667043013306,0.8684568617389731,0.8927321930690097
4.664881789116969,2.2261964341092764,5.727594410812719,7.024195504790116,8.335755246098113,1.903967688467946e-16,0.0,0.0,-1.0115645774317485e-15,4.262017746338572e-16,0.5605649128932626,0.24688771062522433,0.978393753244086,0.7252446438916933,1.4387360287428013,-0.4136067274691376,0.9108612941455156,-1.881506348654875,-2.0607077264394036,-4.736035396685007
11.512513381679822,4.753349536268457,5.003735680367281,7.056272646250764,3.556511317725725,-6.171916697971498e-16,0.0,-7.10012259988067e-16,1.0069661014836714e-15,4.994661005426446e-16,1.8360956545548486,0.4101101878112478,0.5262766468266016,0.5281697680354647,0.5318611452923092,-8.417660967018316,-0.15118765409018556,-0.400187889957508,-1.7763976225605331,0.11196900048618999
505.48063603804405,408.3135348271521,557.6116028129312,283.0641750984445,480.73958810009947,0.0,-6.960756136197034e-16,-4.0776352984088084e-16,0.0,1.8918656259770174e-15,70.55680048381586,50.45855852116028,93.29286309884922,35.088771541701966,81.22213408494545,-1535.9122039264064,-1175.5752177316917,-1752.1586915175214,-748.0488413127688,-1479.0699294266155
14.27680136470415,10.088997507862144,6.452066094690319,11.303457362873338,12.417602224127029,0.0,3.5213743248840587e-16,-2.7531597062560944e-16,0.0,0.0,1.9946534059991425,2.1863475402491552,1.0508162176741491,3.536369400701162,2.078250737934242,-11.731652740747675,-8.42101102063687,-2.9080658186510098,-12.131355111574718,-10.559539054868187
231.50424357174967,129.0265497275957,100.57978334218653,123.87369513187106,191.96715262599284,0.0,0.0,0.0,4.588820798499209e-16,0.0,31.891610675369005,25.759416526602767,24.208502594236663,33.12246750819643,18.370275504591447,-596.3302675996371,-303.4347813978517,-222.01487084202822,-299.1692423778849,-450.68830365420126
194.62152493368026,59.91785535340231,33.44497672409338,142.66096510823866,186.19535275758875,-1.1682863728496245e-15,2.3717228581338186e-16,0.0,0.0,0.0,13.426804931958435,8.64157465971569,3.5510654237534314,18.346847935870365,15.980611233811691,-450.21363720263855,-100.98523681371249,-41.92757351488146,-312.6497875724251,-429.21947381364356
18.720061246810985,16.469564747273473,15.962627947737536,12.490927181185317,13.954226473831824,0.0,0.0,2.2256446059084183e-16,5.688470723217152e-16,0.0,3.286541451836817,0.38701433228464366,3.0980895781241085,2.043378829818915,1.06407297120507,-21.071774938409497,-12.269161412665657,-15.189020883118431,-9.313082412132554,-9.715049728379686
35.63148368322246,20.863651642130836,44.7304957035032,16.431515114674806,55.538548118559504,-7.976571978614164e-16,-5.108473444255116e-16,0.0,-1.7297071652887866e-15,1.0234948659346111e-15,4.23552688029116,3.8667600739869097,3.915288957828381,1.759886670402782,6.000208241561502,-49.31054545669076,-24.252661125732306,-63.763150279084094,-14.39623112251506,-88.5758850484212
41.291178208032655,31.098578618259403,30.184756459433085,25.55096800833624,38.012971522569615,0.0,0.0,0.0,-5.561767644406106e-16,-7.47684495370983e-16,5.275005144434592,1.5035972603120382,4.487703707015553,4.329469052832679,1.5582581822946064,-61.36489753868669,-35.874823270930975,-40.048998287610004,-30.457920578943707,-48.42036783046088
194.08277612808547,171.6559167639381,136.35481010395594,109.76242795829691,75.11046972956692,0.0,0.0,-1.6675148846592502e-15,1.0357536712363009e-15,1.5135950837605225e-15,23.437995772102525,9.571990912369488,3.7813557691835733,8.394410099911964,6.862504826139747,-459.8626796813252,-381.50986283814956,-280.88243943842895,-215.9539801933051,-131.28086471212316
83.97150291583272,74.46337372692368,60.62946496204142,54.152469364755966,50.23344171317372,1.3538740379050727e-15,0.0,-4.687771770408683e-16,-5.248460460586438e-16,-5.657925967463706e-16,10.60312947925099,7.626184161116192,2.756607609710007,5.527265853878556,2.8394550066470856,-158.96495592117242,-132.76207218773015,-94.97302808436802,-83.9891767767944,-73.23960794877237
44.61622407312434,25.11193684104767,54.6955331725447,19.97489828842272,45.2110430636285,1.2740526577875293e-15,-1.6977011536569069e-15,2.5981746389365794e-16,-1.7785891209566874e-16,0.0,7.087319554384124,3.5646503081580923,6.613294333679941,6.939183958816364,6.618497705091561,-71.17603229387746,-30.305448807026135,-88.67151613603242,-31.291047860949337,-70.26315582988059
152.47227870812375,142.77996197185539,108.0265078877884,122.54566800582477,95.44547311714734,0.0,7.962380445515586e-16,0.0,4.638549839077638e-16,0.0,24.04708395138444,5.133902422438384,3.103939374033679,6.592863308589321,12.431316791436101,-353.9775802840874,-298.8678797097833,-206.93941919726493,-246.43651311578938,-191.13589869455973
127.32670906590221,120.17382481732562,97.47961424403773,87.89321539416778,52.74889248260224,0.0,0.0,-1.1662626960853981e-15,1.6168318170488704e-16,0.0,6.537813137792883,12.423816267914328,2.385906886675759,11.319674207633783,1.881259586996212,-258.52665854578174,-247.576885347378,-180.38232084308146,-169.71591760175832,-77.75701207935595
48.15598752855253,46.217328995135986,29.49747285602505,46.728786862565755,24.228624143939975,0.0,1.2299157068724231e-15,-1.4452954784869998e-15,-1.0643972343962544e-15,5.865316425223593e-16,2.9600861577408026,5.8066615316174595,2.976698873438636,8.642466899836567,2.5021957146215383,-69.40707833506453,-70.99609031186323,-34.99484655518253,-79.97220972529331,-25.56519760940975
36.96966054511592,19.296109692463446,17.724271281426795,6.4823180249929235,6.735118909517187,7.687847010583064e-16,0.0,-1.6035474169359517e-15,1.0961244619911653e-15,0.0,6.09473128156412,1.6255506579136119,2.270699063852127,0.33590615716734973,0.9988585504830274,-52.12838739259092,-17.227621717833276,-16.182768682709995,-1.1785786907006932,-2.453565618252686
9.226934414781605,7.0369764900219,3.1332413912768464,3.2483575882688296,4.756191449415701,1.1551118234163556e-15,5.048636561224953e-16,0.0,2.7342384437837353e-16,0.0,1.0949645693346388,0.43161848402430025,0.022402999415939918,0.7021360378569577,0.930989526353478,-4.504504805131716,-1.6946297489519724,0.9086255659663696,-0.06969652225338177,-1.3392704840402558
94.43990804932349,84.64038836031075,80.84304656995621,70.95899123219226,61.35002709165173,0.0,0.0,7.031330618103251e-16,8.010742243333868e-16,0.0,8.986599519594108,3.4770741072763736,6.441954823664998,4.88522839793977,1.6536203302738561,-179.41576201708259,-149.86475555613788,-145.27788353139775,-119.87424222933063,-95.91788480914177
369.0390482092602,326.71841110922736,247.76448377319085,226.34872859816562,158.0658606381686,-3.0806181154345206e-16,0.0,0.0,0.0,0.0,65.18554142551518,16.734506601355193,7.8579763793825315,10.524132456476945,17.163393064226277,-1058.2292085222516,-855.0207484968226,-602.8108551225903,-540.107806761224,-356.21610404204483
119.57646849464848,106.18580923935903,86.37579040385921,69.56393404900292,48.90477734825392,0.0,0.0,0.0,0.0,1.1623285483138496e-15,15.886372395614382,4.7261289003734435,4.391685687969694,6.212916058505089,3.422319377827263,-249.24593792498538,-203.09879794290896,-154.734662285036,-118.21722894679179,-71.48660051350087
111.64457272080601,109.61674838504112,82.21064821344387,90.4444647647837,56.38826196778256,5.091462798013352e-16,0.0,0.0,3.1424487396016464e-16,0.0,19.260055632577515,13.01477529830634,5.91496643344764,6.629578769667198,4.154929069770991,-235.924176310615,-222.37257999513076,-146.87341734895432,-166.7922455370906,-87.73079899867291
43.42905574253169,34.971668081255395,22.336739683523128,15.136008785248542,11.554200399641786,-1.3088799166577122e-15,2.0317667836409177e-16,1.2724197816286281e-15,0.0,0.0,3.8620170037161894,6.761955434388771,1.6159329774188624,2.5944849200020377,2.5071328876015513,-61.85710125760247,-53.648571209949246,-21.70354451693286,-14.09304703242824,-10.743828299139466
35.392664548106204,58.61696425866272,13.976164147309433,71.40209786617453,35.204104428629556,3.011398314448693e-16,0.0,0.0,0.0,1.2362405825018834e-15,10.904718192724026,3.571532803877875,2.274391894636594,14.455627775592971,7.396469553004216,-62.61482488214488,-91.70366353153092,-11.814295923195418,-142.01415773208782,-56.38314048154339
28.50534202651875,26.460697094338187,22.777330995692274,16.310235948437203,11.922421150298574,-9.970660728772544e-16,-1.0741103807308772e-15,0.0,8.71284435131893e-16,-5.959718473309476e-16,1.7020354210396649,1.1069179383439467,1.256371279470434,1.3889551400432236,1.1123587871621465,-31.625435610885457,-27.745066975436718,-22.105905865694726,-12.98038998784664,-7.154842493934731
12.52218184256882,12.785495087529746,10.462713901675691,16.928268476218754,10.23860831995303,3.3690993683175376e-16,0.0,0.0,8.394747953794424e-16,-1.3879674142342028e-15,3.744029013772028,2.070368157052766,1.0679365729613832,1.3730561824599368,1.581651213601755,-14.241420453064814,-10.425398851579251,-5.956846105139705,-14.0027192361287,-6.789868020378804
52.685596195526635,100.5143395487109,13.813770814303139,115.22464071828941,13.871655975201408,1.0789176352840515e-15,5.655254674708454e-16,1.02874551100035e-15,9.86653870325939e-16,0.0,4.065242014664081,3.5654570231602003,2.338812473505721,1.2247951310660228,2.373663618757684,-80.03044580350038,-188.4070891627043,-12.161262864720154,-224.71997199467785,-11.734190831251855
240.23487765100433,211.22320705310707,171.87256997987714,132.4882305766026,86.22680565035722,9.46464050792591e-16,1.0764616190401102e-15,1.3229200882366103e-15,-8.580900901675496e-16,0.0,33.44928877950352,13.836991853690867,9.25497893231415,1.535114621124931,4.321543518657674,-607.5070162483343,-498.37362659981716,-381.9744051264538,-269.90474146036195,-154.3358670077613
36.70432134327284,39.02505430511365,19.706181555614748,44.00178227497933,31.288179103080427,1.9358558059549257e-16,0.0,0.0,0.0,0.0,12.286328016645811,4.687112367861058,2.8162404745809666,6.783979022877089,6.310476837079896,-70.54732607399835,-56.066904944480456,-20.462432938085772,-68.78796105628989,-46.78426329236275
461.418383807291,327.90677485869656,283.4593229465584,271.37915024669303,252.5553927454774,0.0,0.0,0.0,7.592970690014902e-16,1.8005846002455138e-15,49.32892239397468,51.67597367720374,16.336396307136244,43.60469892897776,29.622203838787666,-1340.4576724401168,-918.7160316210194,-719.776579905808,-751.4133044791769,-645.0671086587041
17.049291196424527,23.077813232005283,10.158272194487054,17.620338850930224,9.592593332612042,0.0,-1.2315599032142085e-15,-6.994720383115106e-16,0.0,1.1110802539879292e-15,3.26389356243651,2.169719070574399,0.3737957375260458,3.6270802266761693,1.5635506424864354,-17.336971877751232,-24.36126200106001,-4.578931702898066,-19.248539363875324,-6.204791967657054
70.80766061870905,60.56541261820693,50.63642156566101,40.20294316860019,37.50764639839743,-6.020897142072998e-16,1.8770917724655268e-15,1.1225796986285514e-15,0.0,0.0,13.455494547755354,6.276116767286018,2.774621854987418,0.9674705110166427,3.59604801092326,-137.1940932213488,-100.30692775078452,-74.01258384232179,-52.258653369133484,-50.04799603230892
12.42131726513719,6.076387040356806,6.2625082616863565,5.502427802870615,3.8171789653329946,-2.8601746521456896e-16,0.0,1.1345976820616067e-15,0.0,1.396075627210176e-15,3.631346564164367,0.40438853833663146,0.8531299421163002,1.2066413341525908,0.5320771732016666,-13.642319458429002,-0.9540835133130716,-1.7815846470134857,-2.649336852222507,-0.1160228521080424
25.99773744667273,20.348363222490583,14.533191351222639,19.14083088598541,19.84010212525013,2.186475610710616e-15,-1.0475674057775126e-15,0.0,0.0,0.0,4.747584232647248,3.915146635657683,0.4354668075933047,4.478195506454696,2.93867303614667,-34.17161568436319,-23.81766013203593,-9.734734720124822,-25.432269660050416,-20.537777300189347
12.252865426961229,9.406621366412168,11.040770256666717,6.7370850366981,14.818501118612328,-5.798992407087248e-16,-1.5107288963436025e-15,1.2871252987644684e-15,5.273369208564592e-16,0.0,1.5121816101933658,0.877292549462916,1.2843006204151552,1.131245743147323,4.3337642774940965,-8.927643170383242,-4.685344800219651,-7.113822638379888,-2.5926760487194214,-17.40532079390421
797.2171277948214,713.620435584015,646.3916297004629,484.5159794642751,404.8337806645663,0.0,6.37239810144039e-16,0.0,1.8771201370459407e-15,0.0,57.855807332923064,58.73500853910384,58.2174498313801,36.08270662415611,42.61621659346489,-2544.095404790432,-2232.15350684931,-1990.8922083340817,-1404.6179379056587,-1159.4966967028322
14.271460208025132,21.821308623188262,8.71005364779456,19.165409756719477,20.449594587697515,4.97876689142536e-16,-6.512375110308892e-16,0.0,-7.414845231899942e-16,0.0,1.4390306397089354,1.651615448070704,1.535014469391459,2.9716839043662597,3.3859012765285956,-10.574174988439223,-21.04780188446214,-5.349467968702731,-19.635704867146178,-22.92437656288532
188.5404754342536,173.8460233544679,150.95617882020875,112.86853868053481,82.92135265716604,-1.2059674450249282e-15,1.3079026546360659e-15,-7.531115228944613e-16,0.0,0.0,6.571500756088634,6.0790809744279075,8.70455320913975,3.6356704789084047,10.610427685284908,-427.0534424907501,-385.0041187640278,-323.0831511661399,-219.48573383663077,-157.99015712264043
118.22137521977477,48.62791379577832,97.85421837257871,57.63573482361586,137.33751773157172,-1.7429791608105235e-15,-1.168946278459162e-15,-5.808990129007767e-16,0.0,0.0,21.81558593569269,3.773651863556603,5.353253280828401,10.09594102245981,28.74671079969439,-268.25523163791144,-71.44335253917103,-183.08330233302138,-103.37579652414466,-335.06537030914717
23.576389374549237,31.708320784009388,14.42806776472513,24.179139080840027,18.452702657322675,-6.027578900839945e-16,0.0,9.849451047038893e-16,-2.3509281563234704e-15,-7.701232160462219e-16,1.9357767526866347,5.289178649683926,0.6528971508210185,3.4005148156853946,2.1001455586261364,-24.144050724139667,-44.925755082793984,-9.759082150221987,-28.422105517383326,-16.522146827941608
352.1527631242963,275.11597814940285,217.8834772253394,189.31765372328596,143.7073244558701,0.0,-8.264648130315276e-16,1.0435563005453494e-15,-1.20101676188936e-15,7.910998145159065e-16,57.97436767185807,18.48117427230978,15.208659864874539,24.881513292171608,14.028302234001828,-992.4134333397163,-694.1457658855129,-519.4797433853953,-453.4762162776246,-317.0260646792775
180.7036459238728,160.32715451725937,103.55136660139291,114.01248694133349,71.07302853297774,-3.1456708341543436e-16,7.090928424690374e-16,1.0978786804353655e-15,0.0,0.0,48.868354203478724,5.891251546868156,5.941890051762782,17.53125774063692,7.200579104044483,-479.3244034007541,-347.31936375710535,-197.68992541609063,-248.49302993193817,-125.31947946259042
0.0,0.0,0.0,0.0,0.0,0.0,0.0,0.0,0.0,0.0,0.0,0.0,0.0,0.0,0.0,0.0,0.0,0.0,0.0,0.0
157.82693132205262,87.34488828411152,18.37606715925041,31.157623088238182,56.89180999142062,0.0,0.0,3.866674678550121e-16,0.0,-9.99149418332447e-16,12.842627798539395,8.56546517091687,3.4282830316620085,6.52128306842773,5.100397625955931,-347.3789670842473,-161.45791145288973,-20.316601646051545,-43.525981078454464,-89.66373631350034
72.43944912436235,46.37969277391177,6.827651547673994,16.303134152060352,31.296028242616458,1.5694050561654758e-15,-1.2256100776239297e-15,0.0,-4.358319873545931e-16,-1.816314147601744e-15,1.310778690569091,2.9320239837727318,0.6137071469338065,2.769195066793787,4.542566236355731,-120.5114731513212,-65.72087832323082,-1.8648268758968385,-16.153847403832724,-40.74555648199635
65.65972456187367,40.911802644304586,5.634394073463891,15.927614277479629,21.76946721265253,8.657273426001396e-16,0.0,1.2610810079943085e-15,4.461074479715086e-16,0.0,4.392797820711021,5.191714627748494,0.9020925097402872,3.2883055662261604,2.8151985132187485,-107.48385898205576,-58.42481763330313,-1.6698076147408887,-15.90074830021269,-23.359027676541366
64.97427924649449,37.47896228241485,7.176016587422822,20.94900884898444,21.396989223164177,-8.74860321961553e-16,1.1375065249767931e-15,-1.6090151570076494e-15,3.391772569681957e-16,0.0,4.915745901953644,3.926535326296611,1.640433213417729,3.695956651753027,2.82907589153788,-106.64604707533833,-50.09275911261527,-4.895474006862606,-22.598469100222946,-22.920482982851716
40.98391494954382,22.468119564595682,11.242570801587037,8.987892939151443,17.78835006448127,-6.934844917913426e-16,-6.324897227979359e-16,0.0,-3.9527770333409385e-16,0.0,3.263897311536807,0.5372001708809402,0.28963663631934417,1.1012961373047472,3.181616176314567,-55.371246540672146,-21.083702624804395,-5.718536225910095,-4.317218018957002,-18.54895706048611
45.13200644309668,30.76784628921977,6.306819869051779,5.833961034033441,12.109793971267212,1.2594923944380207e-15,4.6187356052221e-16,5.633130091813842e-16,-3.0448555090401863e-16,0.0,3.6046443202065612,3.970102672714609,0.7635470669995533,1.1266322902656183,0.43916013430517653,-63.923262821197824,-38.96608957768314,-1.6290320622281604,-1.8560557207374124,-6.77727545607174
27.189296142484682,15.940904856230562,3.3861728514041918,3.6487823376007875,7.7914189497921775,-1.04532714938485e-15,8.91471020206713e-16,5.245913062777123e-16,6.693988372519295e-16,9.119554991700871e-16,1.6019949390597652,1.711502085216312,0.4327181463083885,0.5697270082631499,1.2250404851543875,-29.352094076870674,-12.753239319072106,0.44112680177395464,-0.16355367484505381,-3.52083567556695
34.94695154192695,23.406804700428314,8.08210243091898,1.7747581933684797,8.051790764888649,8.132815074386558e-16,-6.071249321331742e-16,0.0,0.0,0.0,2.983437410807714,2.388391231485525,0.13536690368979615,0.17958399900353916,0.7364442969068958,-44.323869103781334,-24.052924445221144,-2.429030580292703,1.0227796565681493,-2.9110751138749955
38.62856572996745,23.412535532231402,8.70221676677258,5.554786504321783,19.617262616359827,-7.357692136199321e-16,1.2139526447819636e-15,1.6330154828437387e-15,1.5989424958260718e-16,7.244055907856815e-16,3.079260708888695,0.627629296050059,0.8788300426361499,0.8218229382860348,1.5570254594796291,-50.96320633539659,-22.591733724283472,-4.1655214359658315,-1.465015565417568,-17.694787305591962
428.72471249854453,238.1646996220195,96.7680192319617,126.6331890447009,242.8262542828443,0.0,9.546909168490822e-16,-1.1748389460065147e-15,-5.611030892614432e-16,9.363636403928009e-16,54.240386319907465,21.491104181155375,9.970596862724848,19.16751058370152,3.777252774988289,-1234.7097717225995,-587.2694052412164,-189.2605294928087,-284.39742265643827,-586.3002822065924
17.703053375763105,8.264913442264028,6.058432825065857,5.32790441542399,6.140538324624618,0.0,-1.7194196665790113e-15,2.9320401673033995e-16,6.668125780401748e-16,0.0,1.4377422845972232,0.4324355382599991,0.5662109359009669,0.834823704707771,1.3118294417242715,-14.751582232696029,-2.760221052688459,-1.1831502510976633,-1.045855528875241,-3.160539285839627
18.47199206790763,13.191356427687701,6.853546682114284,2.9208978321390844,2.7961114562354865,-7.693190135075508e-16,-1.0772853264259048e-15,-5.18375936370584e-16,-1.2163087800297054e-15,0.0,1.8004861070983478,0.8958848330290645,0.23086265963368094,0.4765562557506524,0.5878460671564801,-16.321350133935667,-8.44986753431773,-1.4029558468222096,0.26085308966285753,0.1768012181481126
35.3257823032688,28.438935792552996,9.824281964480802,19.342005050281777,15.751393558994202,-8.045599439640452e-16,-1.2492428354969642e-16,-3.6162578513576453e-16,0.0,0.0,3.094476408857797,4.497828424832603,1.8345285616127558,2.5471457700793705,3.0403064228000796,-45.833577063892065,-37.89222911694146,-7.075496413179748,-19.035538607335564,-16.47818925447895
28.370438347814797,19.960986629071627,5.859714128743528,11.33812979708603,12.041175323660369,0.0,0.0,1.2125894201471201e-15,-1.0183619047181048e-15,0.0,2.5691934737977866,1.6410429378376847,0.5911921103747186,1.718558842064709,2.3062064614809006,-32.608920040106376,-18.28844386388377,-1.1641314534409213,-8.4972809496211,-10.208982275662343
31.309414341950067,23.310342605245893,15.386151290365442,11.955675287497925,9.41534666840063,-9.077687982276642e-16,0.0,-1.8472266971793798e-15,-2.358684402792992e-15,9.43330554870582e-16,0.8739255223793971,2.201062336822659,1.9658321717686222,2.5634057591829063,1.2779566931056885,-35.89006380656074,-24.66569666038176,-13.193233476858762,-11.340741463650517,-5.39579606021372
9.026998726416585,4.212713937355028,1.6136350264905206,4.926488309445352,7.897268630274095,0.0,0.0,0.0,6.310021000131882e-16,4.498661303201984e-16,0.4948949020616251,0.2224197425604239,0.15777940168255022,1.2308818461648212,0.8994232648243684,-3.5337359651171267,0.3579794130820928,1.0007847990242351,-2.0202907944007062,-2.8980386679622288
169.8226253039677,98.66868559513986,19.001103015198645,29.176490482949713,49.832377419299206,-1.3388891794379754e-15,0.0,1.121844455858825e-15,0.0,0.0,11.785825901477043,11.940826512938523,2.489895498445372,9.15249993417766,7.882478527196135,-378.6562630892056,-192.60963922299004,-18.54394296701748,-48.541169493536806,-82.24983023595495
164.82763108147626,91.78562751365101,20.192765346209995,25.84377602921481,61.20664666418402,6.897316728735807e-16,9.289594743853637e-16,-7.037597115379374e-16,0.0,0.0,6.8875632176584105,7.234588412135477,2.5578801786724754,7.452145508605043,8.080911048366026,-360.2706425792764,-170.79592135313987,-20.771651745973926,-38.755762095886546,-105.17961088355513
12.257743454453312,13.008383988375243,4.89111113264993,12.985615068827778,6.110246210338854,0.0,0.0,0.0,2.7358840224125073e-16,0.0,0.6322373374118583,1.5486150108734893,1.0323942904482653,1.5794763818064435,1.2139360413890286,-7.095398134525232,-8.900322791667632,-1.908784145280885,-9.431699544232316,-2.8162446514999444
4.033360087958107,2.993572779528651,1.7734038497226292,2.0447082562324326,0.6668842957104979,4.4041612964428706e-16,-2.3735609189764807e-15,0.0,0.0,1.3318328612819722e-15,1.0806436276801994,0.5401022741386775,0.12483433844834801,0.21203133122837012,0.11810391254063696,-1.3816599766684523,0.1485533022689421,1.0535419516720061,0.9835611095364497,0.6471898108044716
15.932454155022306,8.023773163394425,3.714214832815867,2.679595586333443,9.232668634850457,-8.919438635712243e-16,-8.855468883413796e-16,1.9130361805739025e-15,0.0,0.0,1.1782269699047694,0.3973311995769497,0.17622512099993673,0.42127620244719205,1.8228926123457736,-12.06415745834478,-2.527503497841557,0.6160165581168879,0.578150818316821,-6.535666335275624
5.254165008415711,5.7396663792635305,2.205058534086364,2.2176730026380804,4.285848019281043,0.0,1.2379512828954208e-15,-5.034891398405268e-16,0.0,3.108527468908423e-16,0.4858919239881876,0.8684707411245869,0.506852935268614,0.28076719608770234,1.3035717363391666,-0.5488810781017907,-1.5092992119994018,0.10053638077273634,0.8483233685962395,-1.8854371559555754
16.971538916684356,9.916723843686608,5.140945947547153,17.52866261316179,9.865300392412593,8.373344800942958e-16,1.4330191038090886e-15,-6.91062251003742e-16,0.0,1.4404887991177217e-15,1.6389912790140209,0.6495325115984791,1.221394766630022,1.6524224291784504,0.5190815087772673,-14.684947778365531,-4.572911080451597,-1.9434306440835456,-14.857571978523241,-4.383219189745567
8.296838786784914,2.3955267750956604,10.538552894706193,0.9525562849813205,9.386946695534402,1.712803524378086e-15,7.415307805646695e-16,-6.74231787665103e-16,-1.864831367350733e-15,7.569476623299913e-16,1.0215474027877356,0.47265281997824476,0.8624886417832998,0.084642957616728,0.7525824090809949,-4.022436010984518,0.3971403867359833,-5.483967657740281,0.8968212752443883,-4.089761485543618
100.63848059120733,49.450178436994356,14.240125011114234,22.996916954092114,39.70175367206348,1.129655744539815e-15,0.0,0.0,2.317297805109692e-16,0.0,8.60541874027,4.2384570151046965,1.9107929718795098,6.989344657812459,4.169871699882253,-194.03185802689356,-73.52879432634174,-11.235046365134743,-34.263234198237946,-54.90365044755982
46.43402207363767,28.825587528263497,9.447895883484293,17.676529241550877,23.19698413291888,1.2241760744021385e-15,-1.971977806352534e-15,1.2221048578959845e-15,0.0,0.0,3.3585286100460454,4.032770707893278,2.2290842998735028,3.047720962702593,3.6607903154523482,-66.4600634352785,-35.9265026436979,-8.457208143594306,-17.19035656893899,-27.053007114078575
2.239554587401219,0.8187774700154329,2.90792626869219,0.18125484895474914,3.1661351514392595,1.5863483296127527e-15,0.0,6.108672212652588e-16,1.225040909004677e-15,0.0,0.23755869308065342,0.058513665130748946,0.05947460464772426,0.021097610720075603,0.3007713320442171,0.90483723539412,0.8799085830451466,0.9698499831384233,0.34953859404685145,0.6827553675562528
2.65176103394632,1.9880889730868483,1.3487578191514913,1.2675092025763843,0.6057496565984735,1.3397563480723576e-15,0.0,0.0,3.5036369672692796e-16,0.0,0.1567466984147096,0.36710623823727,0.14608436501605643,0.30897318130398144,0.08991260209226905,0.9779079620874206,0.4791877834929385,0.9778446127939339,0.6369928875325609,0.6902716043619309
39.97791293752976,39.78194875194276,9.595979810303467,32.96693811391746,21.100032859966266,0.0,1.7860933364291278e-16,7.404587648227135e-16,4.3106383328947045e-16,0.0,3.40286769739356,4.854236537919922,0.36052196552818133,4.1493528333347705,4.961204340265244,-53.85783880704676,-56.8082323843047,-4.004085193095997,-42.55009006041314,-29.362344788734248
1.9491956318876782,2.290244167742596,1.7482373810133383,0.958980842146698,1.5038045144640009,0.0,0.0,1.0160844623803966e-15,0.0,5.906209292214404e-16,0.1750633312737913,0.46639128168586214,0.33164984688325405,0.23041938955211413,0.1335177108342219,0.9712967911949985,0.39877608452725594,0.6185769800819216,0.475923046101969,1.0339788221389723
2.104017132457425,1.2661647785218573,0.9114620220543761,0.6268323888470855,1.116796059043767,0.0,-7.014714314964598e-16,-9.744546653718263e-16,0.0,-2.9823431475280134e-16,0.28103561327268123,0.04287163489412881,0.03985086832332335,0.11827263695176486,0.23007206564462473,0.8399178815886373,1.068116710112737,0.9488064599532794,0.5995784376586247,0.6814592165449582
2.20643931854803,4.142008795448375,2.328466450961963,0.9940858704746047,5.027678188344199,0.0,0.0,-7.628870232020656e-16,-1.7869249449770045e-15,7.06631082123922e-16,0.4478973590737685,0.8894652240704154,0.3192398510168409,0.07524715485554441,0.4742216907275366,0.3710445637588861,-0.7266033642105769,0.7004372559934066,0.9503441112070974,-0.5418169734752635
24.96537224583188,17.642051965295522,29.671259764075792,24.87799635860497,31.000698019240453,5.692226246526163e-16,0.0,-4.789434229687702e-16,-1.428054585903846e-15,-1.8336173858255832e-15,0.5034212198021207,1.164325820504994,2.562228600360402,5.142946466628049,3.894954303319349,-25.01974660043842,-14.414674658106897,-34.3975541389499,-33.60646757722069,-40.5194911017492
98.62955865767258,105.14753016898322,90.01071448839544,96.75291623106345,81.74381720577901,-1.1526649745661426e-15,-5.406063154260934e-16,-6.31518360718451e-16,1.1750223367956301e-15,0.0,9.50145457981265,10.301169129431944,5.276926683934003,7.353033323360367,9.76093757763877,-189.94917271714937,-207.88044096790264,-164.00438939276734,-182.75046321373486,-149.33167527800234
50.531952116553015,46.48322019851931,51.2240242059866,44.632204520299766,37.66713063758341,0.0,6.114401994745914e-16,0.0,-6.367982432388513e-16,1.509098726094388e-15,5.507221812469506,2.6244683466892087,7.569270179406389,0.2593686275377373,2.5433830712536922,-79.17777214523338,-65.60999493406857,-82.0083687275001,-60.71657417821954,-48.68316510410592
22.19024475660772,19.85398261818432,25.673298936175915,26.08684455941899,32.08309966832268,0.0,-7.157684676416629e-16,-6.9190829110676105e-16,-5.447517687635009e-16,0.0,3.778900403381423,1.0143249279483764,4.08928052431871,2.2000374116295296,3.3042518670426166,-25.890721356870745,-17.43136961086057,-31.56655789078817,-28.324650825347433,-41.330326491175406
25.78397093950333,25.777695293172286,24.135306849982214,26.044099590353134,24.02665696570837,1.1023014840146065e-15,1.1025698421507852e-15,1.1775988433486584e-15,1.636937533497888e-15,1.1829240110668914e-15,0.40958618392102303,2.874565867661327,0.6683159926198511,2.7136587853627514,2.002560006129961,-26.329467680488875,-28.629894143005608,-23.746940014534186,-29.476640632211797,-25.182217668270564
63.76656290048202,59.753045012799,56.414839277943976,51.62611283238691,48.42544986517734,0.0,0.0,0.0,5.505297197695282e-16,2.3476671468852587e-15,2.349665150460419,3.346164902238642,2.166819827937501,4.186537385664095,6.44272205523661,-101.55332355218835,-93.52327766092722,-85.61079232852809,-77.88157795271732,-75.17016400319598
10.742313680221327,10.364349663036517,10.057921818324887,12.894507833859794,11.721529473568445,1.3228858454735809e-15,6.855642262767189e-16,-3.5322542200792263e-16,0.0,0.0,1.2090163490590318,1.3889341778939324,1.257724059638153,0.23307907460356872,1.3013024655530745,-6.501690167486986,-6.192992843669025,-5.800810250275115,-7.623680486141901,-7.278658796359417
10.876833697086097,10.82782506667361,11.823004877178857,13.23335306998035,16.79119244924785,-9.798937202889126e-16,3.281096302280696e-16,0.0,0.0,0.0,1.4007942454453433,1.2214912391903399,0.8331931905808676,1.2901982044423452,2.0739144243176817,-6.70890994456154,-6.244171381221324,-6.767469410326456,-9.547363098808663,-15.118189332208857
24.574313383379234,20.585387227040943,23.049108811001542,30.54449047828243,19.489821562408235,-1.156561690534432e-15,0.0,-3.0827340943479423e-16,6.978764988061984e-16,-7.291423715551995e-16,2.3879540456087898,1.910990051888207,2.869792485742851,4.879552418850137,1.8663103667281946,-27.243322605128377,-19.604866218982956,-24.73818331469234,-40.40908348355746,-17.862294645523168
245.93811565874398,236.37131680217686,232.89572133802739,235.81165888328673,195.1045821843827,-1.8490316137798555e-15,4.809671463511897e-16,-4.881448103402884e-16,0.0,1.1653938256988429e-15,21.59253503982525,16.27302317832028,19.46874238713929,10.758512054873906,1.7225131659745714,-616.0145917022519,-574.8051515545803,-569.4907598964771,-568.6209067192926,-444.2987781889722
17.1450381045225,15.89692755285275,16.21644653023324,18.91460731035294,15.847136506144754,8.28861075056665e-16,-8.939371880481286e-16,0.0,1.5026328045862912e-15,-1.7934918033540914e-15,1.379929905991769,1.3242320429737484,1.2522811272122272,1.8986881128684137,1.5603345728129367,-14.052206396192588,-12.169655115104858,-12.62507516873645,-18.258851092730133,-13.000656612314204
19.380322500333218,21.10412182172009,16.215807576317893,22.35425390612377,11.515564488981834,0.0,1.0100530243748198e-15,1.095447655653303e-15,0.0,0.0,1.8892718642507766,2.7860543139877776,2.0833557278148667,2.865570344876191,1.6002143092498107,-18.3928217432982,-22.4372007679664,-14.373753409579262,-24.765759203927196,-7.764568892097915
3.4288579845918177,3.9203966448957352,3.028884810184225,5.488059314974245,4.066457540049646,0.0,-1.3593192222371369e-15,2.932361167099332e-16,9.710300513079932e-16,-1.3104945682368273e-15,0.5170728213008622,0.6390013315374281,0.44650218918388107,0.5117363991657942,0.6740436472038924,0.15535272230602512,-0.2527305542603854,0.43502656073926876,-0.721772617678618,-0.36791124452145574
36.3320749413669,34.062959225857696,34.34969866219222,27.616317951223866,24.826032011528092,-1.564551954506935e-15,-1.6687751197393718e-15,0.0,-5.14581804145698e-16,0.0,2.510068060800576,1.7492096089404445,2.4793586992989893,2.491087184339778,2.99803214268243,-46.15032742621328,-41.296712896620306,-42.48358935931118,-31.064947595555285,-28.87165427889021
2.9561234609511655,2.6217382579602666,3.514639639255271,3.1455466229976814,5.287553452707396,0.0,6.775492686986497e-16,-1.0108329852995391e-15,0.0,1.3438024638716033e-15,0.18016730293452626,0.17183662905715402,0.40961988798648696,0.16245877789818866,0.4896988413552452,0.8748926854591912,0.960718226750047,0.46295947246093994,0.8369545801695946,-0.7103476577395357
21.556602236050058,16.645448694246387,20.33750403926922,21.239776884765803,15.460623368918096,0.0,8.53738158474159e-16,1.7468779216666154e-16,-6.690679846733568e-16,-9.191644072884787e-16,2.9500414554870567,0.7685722149057319,3.4053916264172863,2.928360267053421,1.1961821382141036,-23.48634767412406,-12.719154863776588,-22.39614924353439,-22.73194983499623,-11.581883216438237
38.02633049779482,37.03997764224286,38.84298774649009,43.11488211396724,48.24072384484853,0.0,7.673252318054856e-16,0.0,6.592087937356712e-16,-1.1783284812149048e-15,4.596936146953805,1.267366953186635,2.5393636549922047,5.867377667345897,4.893729384671202,-52.18508988345003,-46.426359875889176,-50.650767073770915,-64.74308901001139,-74.66684084462503
226.39102743773714,221.0248153900427,220.89074972380448,201.04183575810538,179.06717309032018,0.0,0.0,0.0,0.0,0.0,11.272225733167906,8.744822376589182,16.841239641091143,5.854398629529259,14.824303704964663,-540.8499537461172,-523.0762998086466,-529.8129976672901,-462.761246049092,-408.2986598273849
18.03825350193022,8.092407138535975,24.4309522528274,2.6870609579890146,18.38485329062142,7.878176628175972e-16,8.78036316754877e-16,-5.816742044329188e-16,0.0,0.0,2.0944312467006294,0.8162515246888765,3.7705835578178135,0.27941503074242013,1.4729724254234242,-17.135983564754827,-3.037701590597626,-28.34988980927561,0.7801000050100984,-15.6709539054756
14.572809688498634,12.932958514569744,10.473808687809154,13.042383256384323,8.589290860445287,-4.875811534963536e-16,0.0,6.783995745378915e-16,1.08959033298195e-15,0.0,2.583393254055654,0.9683815551751761,0.486491675720769,1.4663651995979832,1.4462542404622467,-13.351517207748582,-8.127875002291619,-5.014356755548648,-9.388120894318588,-4.871075668280266
4.791501360260261,4.683274640617385,3.778092990171295,6.469288513986812,3.765821543904647,0.0,0.0,9.403457479852618e-16,4.118745443706157e-16,-1.1792624920553251e-15,0.8560936928160191,0.4634875580496924,0.5751811542142958,1.4264667830403044,0.6759523185188134,-1.2281327731619438,-0.3733123796750492,-0.0034193870598984762,-3.0401800200497173,-0.3376696864791944
6.703386313841336,4.586128464673911,6.416440794801129,7.945930677003761,5.199031478851809,1.0599758129603125e-15,0.0,-2.7684457726774785e-16,1.1177777101310405e-15,0.0,0.6297902793416138,0.47505539497312366,0.9018480393439707,1.008849600076345,0.2713936938109917,-1.8747284806589681,-0.38010856539131005,-2.263257041078677,-3.493990013521851,-0.23677955193597877
235.26598017314106,225.37266207047276,176.11905909314174,169.99141482622156,116.65310696195138,9.664536932874836e-16,0.0,-1.291022542443768e-15,0.0,0.0,23.971552363094926,34.845653295475174,14.583854845155136,16.89964603929133,10.209366847825079,-581.5565149241646,-566.5608644892092,-399.4671998395084,-394.443838380279,-237.17154179163865
3.9842815440079886,1.4589002613620075,3.7202272134953174,4.812999553441658,0.9841068239236638,1.783364774581993e-15,0.0,-5.968576438545285e-17,7.381495965982465e-16,1.7486370852586193e-15,0.3375112132079178,0.2346677773746381,0.661672095564493,0.5595575410320225,0.2200949712659701,0.24453902394152346,0.7600823370371834,-0.504678014455921,-0.521466605452452,0.5708320986749492
66.93257658827953,66.63336241469958,66.3649966011224,69.30830211609421,65.5410202264492,0.0,0.0,0.0,0.0,-1.734590601867645e-15,6.801003965221886,2.5093859499478635,1.8413651992819744,6.529810559190074,4.399334569682788,-113.49276203052514,-107.89817278491708,-107.01334182285082,-119.71553937530753,-107.6815009596537
96.00933752002254,86.62410426245367,89.46534584693445,92.07327428167862,81.2401154216962,0.0,-1.312415737970204e-15,-6.353680111857049e-16,-6.173715370098347e-16,3.4984821578446e-16,5.5013818155243275,2.679516305330182,2.6993773057134884,8.275384699316753,7.923305077202786,-179.19390514833,-154.14361429300325,-160.98442527414423,-172.59827262730528,-147.42377698364413
9.457913436137012,9.253689822466137,8.308482961820546,8.996903595711277,9.29621846058696,-1.5025359251972897e-15,-1.9196200364179116e-16,-1.0690019150084511e-15,0.0,0.0,1.2287801363242634,2.201322742471549,0.923277308271886,1.160738945568755,1.0961138250422535,-4.964815999115739,-6.61483897399745,-3.5021327319823365,-4.749461006285546,-5.025190077689004
1.084490155596536,1.8387267821600524,0.240856751318341,2.2961124375746476,1.3502322981974877,1.6379649277896352e-15,9.660798203599708e-16,9.21894876143847e-16,-9.670458697552896e-16,0.0,0.1078683675849978,0.18285628482246988,0.005620470225251046,0.35665858732953876,0.2511084621891343,0.8868057060889782,1.0042897504848651,0.45284604206060386,0.6407950328256814,0.7248375056058434
5.7206764412589886,5.495719092783497,11.93321718387371,5.249135440324565,11.876605087420455,1.2420606951924136e-15,0.0,0.0,-3.384094122917915e-16,-5.982709120409315e-16,0.9459691906015231,0.7894841041182266,3.6165828561473456,0.6833490456552997,0.5014781771222,-1.9215529258494846,-1.1959480143634151,-12.815179013159758,-0.7792051521839585,-6.568859480940479
3.7521340125910303,2.357669010599792,3.4594985385375248,2.2398465689115965,1.643750200693225,9.468514895466593e-16,0.0,0.0,-1.586141536706625e-15,5.403366152141307e-16,0.5712528941659336,0.2827208700819163,0.35172963386044614,0.35960269646276866,0.18895068455483144,0.10201593342209449,0.7943621434225783,0.5206064476531252,0.6028114954374258,0.992474722952262
10.026851902457711,7.833842041254583,4.9958961652928675,3.995715423273279,4.080424035769484,0.0,0.0,0.0,8.891308069907861e-16,-8.706726672661931e-16,1.4332044958661379,0.669680870168996,0.31715436828016313,0.10294889623966819,0.710782882984537,-6.216918335326338,-2.6614407222405383,-0.14049335906331695,0.5361394395763068,-0.5307831204415917
3.275863852267258,2.3732559714128003,0.7140362230673316,1.976021516963824,2.525415485548589,-1.084512006303813e-15,-4.678058490101429e-16,-6.219421305299609e-16,4.494781114857595e-16,0.0,0.4593967144281215,0.49483949250540743,0.11643028957905312,0.10547435530223058,0.3405247319848771,0.2481004023057626,0.28383285984574647,0.7408318614163282,1.0961864081941821,0.6093029859272932
74.58267110957469,61.73859411623058,26.630834903390586,26.74720068776271,22.63587884909222,0.0,6.905334459891475e-16,0.0,1.0626050091068937e-15,0.0,12.125110668253443,10.404287649931403,0.6183083777610502,2.5983879174240663,4.809241565464191,-147.74149839664332,-108.86610256168889,-27.789833861731356,-31.085104039897715,-30.17643588622983
10.980935431780233,7.440856837740922,2.805487506970895,2.4031399318841022,5.91259048094507,0.0,0.0,9.497583762108046e-16,-1.47836321625063e-15,-2.103054137754898e-15,1.5502663254546365,1.3738574665868508,0.34926069324800485,0.16800439769243825,1.1279079736512327,-6.980294645698034,-4.230321202347068,0.6166510807327201,0.9973169840059584,-2.649375623861074
96.43321019198328,86.02007760797838,65.54547768421982,42.92886458909077,19.979988659372673,0.0,0.0,1.3008544800298211e-15,-1.3241304983233416e-15,-1.4225087869142157e-15,6.360456242685537,5.6261417917032555,4.127226128512189,0.8548340769894435,2.217136789557548,-180.49932508447515,-155.11204979869194,-106.93681441244665,-57.483303138440924,-19.2966966398091
63.097276058642564,45.88820370535809,51.682802152913595,22.863701791131184,33.211911104959015,-8.164274523472275e-16,1.2387370668460215e-15,0.0,0.0,8.557685626877473e-16,14.920341421300591,6.596514256234839,10.127747761368385,1.3185988462100484,2.546604005464675,-125.08879498455957,-70.50132828113964,-91.40390164379522,-22.20278665988265,-40.39131928348452
22.444949851168815,15.688827538950537,17.290563327459612,5.174699183173285,7.582914162019984,9.497139541032642e-16,9.057945649488988e-16,-1.6437700086536058e-15,0.0,9.37031226489344e-16,2.838204910484102,1.4437846545480275,2.4797313774655043,0.4119550495539108,0.9156500086581129,-23.65915224881291,-12.181713583873846,-16.76342535627863,-0.32994734514931384,-2.731932123354155
20.52870998954768,17.000431815829057,16.39397902809082,9.278182529690932,17.509822564076913,0.0,-1.0057058999706134e-15,-8.668337742077097e-16,-1.5316420721112269e-15,-8.115933021706879e-16,2.486684217880794,3.246092391338565,1.4436758339101616,1.5036979828009556,1.1674548267247074,-20.558922528132136,-18.88607951273378,-13.188561013324986,-5.639278442795943,-14.244074339976105
43.305212429558864,37.173301304949,27.029369946034215,15.766635297586202,9.256312920621337,0.0,7.645731864718761e-16,-1.0515120954409845e-15,0.0,0.0,4.580040909374622,1.849715013740531,0.11431056471319445,0.5385501442269363,0.853056460240452,-62.1672344072906,-46.99532487686375,-28.34387988369984,-11.388377577703414,-4.142475009993887
10.338940764510065,4.624024661022181,3.2592533304759623,1.4052938060577376,6.30865148823546,6.872490634622288e-16,0.0,0.0,0.0,-1.126298919959581e-15,1.9046089119324292,0.3192137515431875,0.32532736513457694,0.4008812766647416,0.6393210115878347,-6.7707220461427395,0.04143642271092328,0.6177036191215612,0.39304263279574453,-1.450270060436721
41.70474014593664,38.13359354956354,27.134021782623357,18.99311231005535,13.95947352863986,0.0,-7.453194620502612e-16,0.0,0.0,0.0,4.859477160742879,4.543419903808233,2.1444112491030576,1.978410437745235,2.7407549421863173,-60.06824132464171,-53.091920947827575,-29.937649707377954,-17.539663753809137,-13.969332934000631
105.1956866410311,58.421429251409634,73.4653547883876,6.619614136635453,48.765037303723815,0.0,9.72989185461197e-16,0.0,-6.70868725402444e-16,-1.1656592920614318e-15,22.556178876196455,1.5369225152040629,7.333430181441519,0.8550767870146896,5.466642709612423,-239.90947682635294,-89.54523115708953,-132.63019855407543,-2.1779787077140353,-73.96455864159441
10.398840638860396,6.347060492004279,2.4092002135977473,4.434473738641025,11.655306189330503,1.3665806803593217e-15,-5.597415816780128e-16,-7.373222156358485e-16,1.6023158048464413e-15,3.0481513064433476e-16,0.7494760403355832,0.616326717371686,0.29450124065285466,0.463610481730602,1.2187721659956465,-5.247405758124681,-1.4713946127390567,0.7564501030240407,-0.2988254014626974,-7.140643632244393
27.69352054550759,15.279850069295346,4.8442700575562005,5.2729991780995356,7.214496528457645,0.0,0.0,-1.4667694561160556e-15,-1.3475115617525849e-15,0.0,5.099962696190488,2.46923138792707,0.4847584434888393,1.066927238655061,0.844583482327735,-38.455818120932285,-13.267350743220959,-0.2791436245712016,-1.9691096132147532,-2.418977392531902
41.257264838856855,29.528437893421412,20.93018231435081,13.873265998971423,4.5017213565432375,0.0,9.625199115844874e-16,1.357929376989546e-15,-2.0486675187018847e-15,0.0,9.093726189271917,2.581644320552538,2.7405431367746904,2.623813458393122,0.521149267506693,-67.3860013661257,-34.39374111427106,-21.789507926956226,-13.295716075117806,-0.17364820794359165
10.907624177302853,5.207719018800736,4.931848069264272,2.0112667559803614,12.24701227349126,0.0,-4.2637593181086224e-16,0.0,8.832030033402468e-16,-1.8855732644432332e-15,1.5996973230642804,0.8639089113267192,0.09452021751091903,0.10423263388863035,2.8440568033236167,-7.609841425840861,-1.5861598116076043,0.027304217907347293,1.088865846235835,-12.81235521124541
6.7038685602319505,5.60499080880723,4.376330886251244,2.6453018611095644,2.2224941784755914,0.0,1.2676965226126877e-15,0.0,-6.715138508446679e-16,1.1988941455531641e-15,0.37806180995455735,0.21962662751470333,0.40035468738029345,0.42902040975335504,0.13826553473281686,-1.3821001671144537,-0.46622481525181486,0.047194986900457696,0.6147773821322828,1.0497794253329655
10.694957954403659,6.45625743493037,5.606358007857328,2.5274601552357865,7.717535163647609,0.0,-1.925960667015419e-15,3.168468436925863e-16,0.0,8.056003381994779e-16,1.26971758194508,1.3042615995659486,0.8768965437932883,0.27660939721944755,1.6615777851393205,-6.806485856988142,-3.299092902242854,-1.6158057146834848,0.80960267857112,-4.585840193576302
266.13604192862647,181.42433042734226,92.18920404821995,64.9503206884324,76.3105802638357,0.0,-6.266350133624769e-16,0.0,0.0,0.0,51.12072894513476,26.7914938976082,8.501872645098569,9.746322669785922,10.65624697892595,-743.3040739963824,-431.70224367401283,-172.89379634627815,-116.62347990406674,-143.80145140061524
104.35477445003121,81.68468843329948,68.38899951933087,31.604881572390905,18.516901219935647,1.0894263182567976e-15,0.0,-4.1558890508948465e-16,-1.7985645265149405e-15,1.534906358943291e-15,10.379238612905256,7.398009232271701,9.406332170818814,2.3618646177382745,2.3679458136831815,-205.21357567248475,-147.36504681369738,-121.98752211150183,-37.777195588594324,-17.37870540834811
10.522637577627792,4.878511291750424,11.426959759791243,7.437804611842994,11.472190040635628,3.3762577610331604e-16,-7.282372564778417e-16,-6.218125824336332e-16,0.0,0.0,1.5852134877495991,0.8939887426813882,0.4249956261358705,0.8495408838020333,2.059337995551199,-6.797613889150721,-1.2867168755459286,-5.994534284937072,-2.8606686679793922,-9.56582820450376
14.766480084802698,11.212286875340235,12.263655506858075,9.117597941716262,13.792436648112457,0.0,4.752884560884055e-16,-1.118039751398193e-15,7.793091341625339e-16,-1.0303367764351347e-15,2.6571370258316316,1.992429712271004,2.070890298471447,0.7975287468979825,0.9123169568870972,-14.147758943318362,-8.344041769313316,-10.712904250047249,-4.193031039832356,-9.152487638806512
19.861111721453852,15.535443895666194,9.4030430302269,8.320103132819856,6.687043788755744,0.0,0.0,-7.556519027680706e-16,0.0,-5.312831485826943e-16,3.299222975090606,1.476760506044801,0.35983753162836546,0.8859266048325389,0.6762953173612065,-22.615633865744254,-11.895945738551138,-3.799917904429333,-3.354411046898672,-1.8219531989924138
18.819897736231187,14.115184758866057,5.910688697487352,7.0411451853703815,4.748622642521581,0.0,0.0,0.0,0.0,-7.481566648374408e-16,5.344053297283258,1.8075951486612203,0.9654689013640089,1.1289377487529437,0.5665867876957041,-25.25322334478539,-10.869958788050088,-1.869489377496879,-3.421256439829014,-0.48958394777747616
37.01606618671441,22.98990760368557,28.11371569077495,11.1887401605944,50.57171778141787,0.0,-3.090672429001808e-16,2.527388209994786e-16,0.0,0.0,7.217758451102793,6.86928457919447,5.213419255240716,1.03581744932356,5.731840837431776,-57.43054807329407,-33.81293302492791,-36.393530391810835,-6.521591715298696,-78.40909084818597
4.0653932334465015,2.304108666819288,1.6023194517904642,1.3492095655781684,3.5263557333170166,0.0,1.5419037000997235e-15,0.0,0.0,0.0,0.9799563632534717,0.40560741977621473,0.16595004556535492,0.19989230257909865,0.6546437973063353,-0.893575432933359,0.49669690336106076,0.9866681259816048,0.8074406170789848,-0.20657112027416782
77.51849495342594,59.34996858637173,48.64052526713455,17.99138434003391,17.353161028823124,-3.66644236933136e-16,0.0,0.0,-7.898699981401886e-16,4.094601177156763e-16,7.859548557036005,7.221822273895465,6.666956955050071,2.726238331007298,1.8437583999413556,-137.6837352371533,-98.15264239688288,-75.86494294710313,-17.472627811065156,-14.872087327946469
82.39260060201252,53.74509312337905,59.57971862610344,45.80155396803298,33.68465041904614,0.0,1.0576485323100352e-15,-9.540733016470376e-16,0.0,-3.164094299276184e-16,6.270511554942617,5.173498683480076,4.069494475388239,10.190338014871912,8.823501127946036,-148.39986319028176,-85.5139658444524,-94.19386517531119,-77.85188305230163,-55.46777162684494
13.346949288504591,7.745046567316372,2.4683870625825777,1.8106406111545725,7.542532330937422,-1.0647268082033902e-15,-4.587078525509114e-16,-3.5982137208694434e-16,-4.9053269557108275e-16,-9.420479814791733e-16,1.221574085099097,1.0461742062847263,0.39194171721123133,0.4473149640646235,0.5988251593882811,-9.381246572328193,-3.1958093082547108,0.5987409891843013,0.4722967122334109,-2.266682306882188
1.7203794582439826,1.0351353161615977,2.010414849535057,0.47723646946275106,1.2654665745984441,0.0,2.1450780536442187e-16,2.208943144012122e-16,0.0,1.403716917583478e-15,0.29884033447343283,0.2124263631276637,0.4481354337732474,0.01440396937220173,0.1765402943083967,0.6970062304246283,0.7055459187152653,0.5334952371804208,0.6931372458019183,0.88873517095956
33.04267775196874,24.36982486681739,15.509003242987022,8.96213045014547,9.734131596482385,0.0,-1.1662664621403896e-15,0.0,0.0,0.0,6.895567131519381,2.6070484219730896,2.223468744438671,0.9488204007676825,1.3376277658142428,-47.80130324732535,-26.482712353492577,-13.362799394554465,-4.019434092873126,-5.89605668897472
1.9656696401392013,5.871193484943632,0.8465743269160475,2.8206207869998634,4.5783573965209134,1.807380857013649e-15,0.0,-1.049144052047545e-15,-6.297751358805172e-16,7.759799795228311e-16,0.21129367266130006,0.302708498859083,0.008207348171954372,0.1449659183731504,0.3873353414373639,0.9257882389592537,-0.712771505684173,0.9335559606873768,0.9422073654448341,0.03234881536375984
0.6985266319137966,0.09512166205871657,0.39981446763512657,0.6379127043097926,0.46332544396115877,1.2715025871908819e-15,-1.1671610867562844e-15,0.0,6.961598457747558e-16,4.79241120510631e-16,0.08592185857612286,0.013428939345941983,0.04945945759410744,0.08058015405648519,0.04364404281823316,0.7609616222622897,0.21816981294876733,0.5762429412137147,0.7429224251086831,0.6492085148725031
23.486146377024767,23.287861389188798,21.74614397865696,20.739733749350496,19.115372817324847,-6.050739226041663e-16,1.220451674604975e-15,0.0,0.0,-1.8585636350134736e-16,4.152400605543372,2.462934875969902,3.2453535306297656,4.8830659097932045,2.6972374678217608,-27.009699205737423,-24.62898731926999,-24.068696008519037,-26.887537711051955,-19.743308752011362
0.0,0.0,0.0,0.0,0.0,0.0,0.0,0.0,0.0,0.0,0.0,0.0,0.0,0.0,0.0,0.0,0.0,0.0,0.0,0.0
150.15582833085213,56.781226173665026,39.465215358719774,80.28785486714698,129.27660341465338,-7.57125707242741e-16,1.0010953037004304e-15,0.0,-1.2389916653149822e-15,-8.79407678719456e-16,10.510902779274693,6.486485007085573,3.9658295925279785,15.465411589117911,11.775913008712328,-323.3664559506084,-91.3830215095432,-55.99096378399424,-162.5090933547146,-273.7131173322114
71.35463635794305,44.64371300280416,33.151613766181946,52.50550800234219,47.52379280774093,0.0,1.2732681723233362e-15,0.0,5.413091028304337e-16,0.0,7.405123188226746,4.647206860603995,4.182658685915596,11.335653384358766,8.152495541501056,-127.84149003857004,-64.96057076843168,-42.61852656173105,-94.77954107252746,-79.32798418460878
3.7837651355883435,4.999535399372425,1.9375692190100267,3.5776007707969564,3.7154546996269193,5.941705006265844e-16,0.0,4.583982915221617e-16,1.986087272677487e-15,-1.9123977903201135e-15,0.9189108643907613,0.08938631794043811,0.25254892857002575,0.6579637006474405,0.5513295032943007,-1.4201246483571845,-0.012042132937085207,0.7864837103538558,-0.22759796824100875,-0.00039281421590036904
42.5902831967409,18.062964877031966,50.64295922961187,15.405055381048093,24.693305235932822,1.3346569826320806e-15,-9.834248427615469e-17,-5.612173905861589e-16,9.22479949840671e-16,0.0,4.738217975660889,6.503266597012013,9.809578715129886,1.4667808873914192,3.8196906879730665,-60.90530024046451,-28.201176267382408,-84.24574637951953,-12.505492539117744,-30.80576427117282
56.07627214382101,47.68208370035015,31.466340149938773,31.02614847270638,42.010950226654025,0.0,0.0,0.0,0.0,-1.3530619648956065e-15,7.311648489536955,4.014686514419594,5.74668568739719,3.7444767724454615,4.400608228254214,-91.84971900202382,-69.51158438682748,-45.345580347038066,-39.14709072470108,-59.61745134922707
76.66430088545893,35.03738682321648,20.180773771743976,70.83831217655919,91.679892036717,0.0,0.0,0.0,0.0,-1.2400411387492191e-15,8.166419146841255,7.011133838245904,4.456075447125607,8.291852321932115,7.7693677712363955,-139.95440875841382,-54.09904725917428,-23.38581446560863,-124.7011703094531,-170.71226456756446
780.0011050730083,390.5372451949854,249.9060128572912,619.0074782927799,670.8103327167668,0.0,0.0,-9.098367536001375e-16,7.346395105607698e-16,0.0,98.46116759708723,76.77972887016446,34.65513901017616,78.35434758913841,23.778454460379024,-2577.9154086301633,-1181.847516051932,-637.8406814835766,-1923.323955034599,-2048.0680752304297
134.16433821726292,49.73271618856833,45.79532052089576,87.96003825396738,102.03679842112182,0.0,-1.1429783695159238e-15,-1.2412495035354358e-15,-1.2924828135404803e-15,-5.570874404173908e-16,19.67511949867456,4.401868272772889,3.60430966449094,5.263063415191205,6.247666268127999,-298.77972494004575,-74.73397286452492,-65.39003973348055,-159.09908485664315,-194.2239509605291
46.55766041200933,24.01520131928039,13.496463620334982,53.30384059883464,64.19222889276773,0.0,0.0,0.0,0.0,4.427593482987185e-16,6.645574590491029,3.8745600941289475,2.407213911130059,10.499889979522468,6.898949482849366,-74.11491750245072,-30.568016240423546,-12.02476722882376,-96.31695399044807,-106.5895418966423
146.45930477624583,45.57017214910806,39.91580123869906,104.28157384685241,131.17936648662146,-1.5524699901491659e-15,1.2473821401159795e-15,-1.4240831223925762e-15,0.0,0.0,20.354635714358473,4.930454072972489,4.43107169632492,11.161643632263438,3.9223239785636146,-336.39235120222844,-69.37236985034312,-55.50517824736036,-206.2653222117504,-267.1438334429453
27.52102662947896,16.402777031999847,9.923154941790221,13.151578914909457,12.243528019359937,0.0,0.0,0.0,1.0805436219594655e-15,1.160682990452691e-15,4.2361005722266905,0.7828107891768389,1.259930608093578,0.29209118150987545,1.0067447699300545,-34.306695445020644,-12.373998539959063,-5.310526743184844,-7.953492270027421,-7.491244534484748
69.33427213046934,66.87020209191937,50.24469685010226,37.31592082873982,43.28749355857515,0.0,-8.500560351630372e-16,1.131331711093652e-15,0.0,0.0,4.307896808027878,7.231259345203637,6.382334822873964,5.134146146439012,5.276965760580977,-115.4065803630013,-114.73544410387795,-79.44213630902728,-52.88297525296265,-63.434598069125656
158.20702617902637,60.856224968926256,26.120658253456334,158.9772452682664,209.51605096787478,7.185953776349257e-16,0.0,-4.760407549896411e-16,0.0,-1.0852327274825135e-15,7.874362972056545,11.60130931094912,6.354595022222218,22.94004099267065,26.316959998374887,-342.5499004064701,-113.23843614326272,-37.3455955068214,-373.8502358169668,-511.848480137549
47.02543542032625,15.711589991592993,19.042567690370117,33.43455024446531,43.06607171031849,-1.2087802771569457e-15,9.044822785476195e-16,1.4925355599380093e-15,-8.500700390043045e-16,-6.599559305427492e-16,5.878450553599426,1.113991795573767,4.256920009881118,2.0290071908752214,3.8475957444507616,-72.48961763343874,-11.975342983111677,-24.193657075034917,-40.46506203185827,-60.33900254890637
656.1742575296006,242.0292798922357,198.0503043058702,450.6101688917788,507.8845303301781,1.3860566630532594e-15,-9.394469774255036e-16,0.0,1.0091812885733586e-15,8.953754716467359e-16,110.21042408758828,15.442974750898104,9.45475825541742,23.56130541168424,26.59617380621189,-2158.829487044169,-592.6493088235128,-455.9261489152329,-1269.5842660469448,-1468.7563519044547
91.37014067088975,63.51787471516931,47.63635938464956,96.25709598435904,73.97056614369657,0.0,8.94920038110669e-16,1.1932779833533072e-15,4.4290307856922508e-16,0.0,11.20326140459954,4.711723481389226,1.92876268892486,24.53125507494198,9.718511104343401,-175.84594537095552,-103.59066577795329,-67.33591090162528,-214.32148353430193,-136.03883846335012
31.492678672711072,14.371142269631786,8.251243694002248,26.350234936694854,26.80807480702342,1.8049724969906666e-15,0.0,1.2917011582325227e-15,2.6965328296584234e-16,1.0601921113319869e-15,3.6910485413041116,1.5362301564635001,1.0111617322605917,3.6331273064178613,2.7519761407130137,-39.29850092627968,-10.933286114608258,-3.6585178253568857,-31.226935623536054,-31.734993950294147
48.35590681320999,18.919671564517813,16.652598102930185,45.50764567020644,54.37814787738134,0.0,1.5022305928241605e-15,8.533716256985429e-16,0.0,0.0,8.866381417508876,2.1026531177078556,1.0822493280143124,8.34586942335125,8.685555960018815,-82.30792503804369,-17.433815712161227,-13.1202089754192,-73.28145798715134,-89.10956121348539
124.93576000820022,52.17470977302677,26.694121273871716,94.95175671331465,131.9289000842826,0.0,-5.447411121987196e-16,-2.6617948141847304e-16,2.9932789465093236e-16,8.617280796625103e-16,12.35777461141978,6.147657391294468,7.988070286111979,8.27189443513519,11.81368534525545,-265.8134291308982,-84.46548434942841,-41.778556365688196,-179.76635585521817,-278.8364155293006
21.3019072965638,8.99663777787082,13.281093894040707,8.154251931035745,16.335125184782108,-3.7525305438685163e-16,1.579573954856411e-15,1.0700063434969378e-15,0.0,0.0,3.6016241935605398,0.9202529347778534,1.8813184187226673,0.7538273231503565,2.1659242171525004,-25.344404883921097,-4.424130179882078,-10.13318245933696,-3.005927863259778,-14.800299479682238
12.396143361033896,10.389550727529908,9.400944148551302,10.417846052018199,12.658917728836308,0.0,-6.839013104554426e-16,-9.447757647161373e-17,3.410219023261772e-16,0.0,2.6781921600418057,1.0932419651777878,3.4497365640700424,2.280740444021521,2.7558307315202555,-11.890008922634033,-5.744908316403179,-11.141062380704378,-7.685385790318569,-12.481625020693786
13.95894764439498,8.1655406152062,12.63951586643606,4.612327129622317,6.244290071985121,1.0180462795064765e-15,0.0,0.0,0.0,-2.8447698920487997e-16,2.0594043528090697,0.8583720464731501,2.7288594452971027,1.0576921136724577,1.2486034761213407,-12.013395656805399,-3.1782704457164046,-12.346838869327726,-1.8847363097771495,-2.3626550257854544
138.0305584424921,63.46072205063206,130.70976791194184,40.1692787990392,71.80341321512635,8.236352805091459e-16,1.7914520044526303e-15,1.7395308634960774e-15,0.0,0.0,18.24844969617125,11.53887641933889,17.733503439892957,2.5215621119273868,5.493739668583543,-307.92352371180647,-118.07877560503815,-290.00624387792624,-53.52871365773684,-121.73438884223303
261.7514177522517,149.02010363955242,61.671570462988285,257.0910592370566,370.0254155108788,8.686626318809159e-16,0.0,0.0,0.0,1.2289624761548156e-15,29.265960307236984,34.829889334583534,18.853677813414574,37.4486620263815,43.63202122020929,-682.2810449310623,-386.6192833741511,-130.20109877603252,-678.4892209394015,-1029.0818976719427
10.13771061786904,3.681247216660892,4.383882578106903,10.878855298989182,5.749384579871816,0.0,1.146037537082972e-15,0.0,3.265705426866561e-16,0.0,1.7911580499149864,0.6550902733865592,0.7915193823761979,1.5954994956484696,1.018473465167687,-7.257078265384157,-0.4121977313564895,-0.5281856711466938,-6.9192515602408715,-1.9565862990045972
17.103208135428787,8.879474952755695,13.051696138394746,19.044558854734618,19.9560235423115,5.712356734093173e-16,0.0,0.0,-1.4923795109771294e-15,1.424217072611848e-15,3.643573758894078,0.3455108273546509,1.9702710200347215,2.2485657813272977,0.9631665949209666,-19.698472414896532,-3.285675536798239,-10.6456923306023,-18.62768617420792,-17.519320796019677
14.155648276171934,10.397546774991731,6.334773831592436,7.63008369388787,8.359651246145793,-1.0038999583737185e-15,1.3667507367586047e-15,-1.121654465730916e-15,-4.656192279576731e-16,5.312293500937727e-16,1.824365748877631,0.8903752278915429,0.012593638675299683,0.4784979712739785,1.207665100302146,-11.103778883758565,-5.37746362749458,-0.9315198522222323,-2.2449772487919186,-4.389114031362274
72.33844472935418,47.30480339517297,21.302444077018887,53.4042159750813,92.95939206352281,-1.5715963779282513e-15,0.0,0.0,-1.0643994640297961e-15,0.0,9.256976022809575,3.607657661970231,5.469285882609792,5.570483303893398,8.608774881596569,-132.19109315546825,-68.24919230035904,-29.357972979980435,-83.05205414080639,-175.05244588465072
24.747933420563243,16.6186515876805,8.94948333831603,23.696877188503596,48.220427395334355,-1.1484477894541366e-15,0.0,7.939483307578275e-16,0.0,-1.1788244511973777e-15,3.8603109781545415,3.1265303729147345,0.5630867317166134,2.8188897858774786,5.208247810195087,-29.67377739179007,-17.393346756748986,-3.5441940998100776,-25.770120664642587,-71.52434730678121
6.05238305453511,5.345855512775101,3.3579608735595947,3.0283977680114846,3.3075972332687185,0.0,0.0,-1.0579973420102597e-15,0.0,-5.370535509986425e-16,0.5362653566082756,0.7506835973404284,0.17801870484631052,0.37225770855705564,0.7761556167437126,-1.2028612817422015,-1.2681279523019253,0.7537473255356566,0.6428697052928609,-0.27856201537562425
78.67047108970588,36.76288136639788,73.31463147460057,23.39607444635412,95.35332952664656,-1.4451017789378927e-15,-1.1596632951783035e-15,7.753352600633488e-16,0.0,0.0,10.908767504565422,5.88499520764665,5.840038764459573,3.0267047738064696,20.228144456045303,-146.36417705923455,-52.90525913325043,-125.75722406114105,-25.42851428648226,-210.6951970694558
214.90427819121692,24.252700115422655,259.620076995992,109.79851272559023,92.63855349415059,-2.64505757350396e-16,-1.1718987698334758e-15,-1.7515877668177583e-15,1.035413275640113e-15,3.0680217208053256e-16,29.113348494441126,2.395345701825143,19.04518944866086,10.695204295233752,10.549077553398131,-537.4193279967496,-26.94308787744443,-648.7221815296708,-222.61039225333252,-176.32683191358612
256.91798196329904,211.60434893742138,137.4934855210414,127.04620495737605,114.84670591339949,-8.850049097603163e-16,0.0,0.0,8.948463888374935e-16,0.0,36.626782412868415,48.709142316942824,13.75900376925836,12.56986271711814,21.87997651384953,-664.7236993706446,-572.8614918716049,-293.5662743480756,-271.34402597537724,-257.1661751184108
35.14024496681293,24.452376414348137,28.36812778243158,23.734424715136136,32.20081199100775,4.0440397409360656e-16,0.0,-1.0018887974695888e-15,1.1974888699231313e-15,-1.765279051866203e-15,7.570453572094912,1.0532798265926868,3.255332831699628,3.2126041539117103,4.005317160043971,-52.89281845848744,-24.479095222484005,-34.72154899255532,-27.415458056058924,-41.078396872987376
26.798017239995133,19.494012747475285,16.608694534179534,15.405985953334088,15.139595422556651,1.1268768879189564e-15,1.457971213960808e-15,0.0,-9.224242290138244e-16,9.386548529578997e-16,4.357588152184394,1.7528339123185437,2.7291971934368258,1.1230618296262254,1.56125250552658,-34.72045935660799,-17.992331855424816,-16.557106002285728,-11.464475854581073,-11.822002762132435
3.1989597118688256,3.362262790737005,2.806454932456554,2.2418451796097676,4.160384245236893,0.0,4.787916608248236e-16,0.0,0.0,0.0,0.4232183277261136,0.6657677036477836,0.5463244836084233,0.46913628149004194,0.2213584879218034,0.30501726292488907,-0.36010832432315826,-0.006926592529623879,0.3032527133272044,0.38191388221306966
63.118322734567,46.88363782946261,44.714524387679866,17.87336656867758,39.08262439358862,0.0,-3.031090455671002e-16,3.1781294578898623e-16,1.590171013457085e-15,3.6361055419638735e-16,13.523076861419904,13.3967050698444,13.32322645040411,2.096870309225964,3.1050439670979237,-123.71966414397149,-87.20389968673845,-84.99029509386233,-16.85410091795905,-52.00446401367437
52.72876255184014,27.574203852341086,18.609825349094383,5.324698369631559,29.70146067863017,0.0,-1.030735450517494e-15,3.818105341835879e-16,1.3344281430335104e-15,-5.980705321601631e-16,5.811668967041583,0.5769763539399896,4.184067860581034,1.0197841258898235,6.217655807017818,-82.8733162614751,-29.342664698332054,-20.80683185315292,-1.7978191029425883,-42.50130715852168
271.50434061228907,171.483741679934,207.23746777420587,105.90558316779476,305.6084564324947,-2.0936467804756385e-16,-9.944397930196228e-16,1.0971648992110126e-15,0.0,1.116004829009646e-15,34.82128927270041,28.460964528528457,23.42941408142278,13.194061222972968,36.96071044872906,-716.507424585557,-413.60241890852683,-501.63947260125406,-213.51580250677029,-817.4557065739589
26.675148512182396,10.142920068298928,32.88328868993022,7.88543896482026,27.94259666488643,1.0654752087855843e-15,0.0,-8.643207709059687e-16,0.0,5.085731610999425e-16,2.0410404463515746,0.6398352819895889,4.762164139473624,1.6533322882516421,0.8071085563744154,-29.22811681853818,-4.782114779124903,-42.903337898177874,-4.390948792235381,-30.05355190518639
32.09620720254068,22.900664412995006,22.17941287034242,12.823914580819539,23.762195919484125,8.855161375003272e-16,6.205433370368958e-16,-1.2814455277311952e-15,5.540763167768164e-16,0.0,2.0135919745559434,2.634372109433305,2.1748892973713794,2.417161257377964,8.044940820788629,-38.16308022248904,-25.265402154529323,-23.313469377257157,-10.3248068826264,-38.7595742032804
39.2140358896497,20.1485884813131,30.315154987935404,10.909688772078752,33.43978160584744,0.0,-1.4106054851814483e-15,0.0,4.884713605982493e-16,1.859237303396054e-16,5.311856926048079,1.957107032694803,1.59662702951822,1.7240683353561734,9.368597823163888,-55.89586101050796,-18.926761319397826,-34.54083138799317,-7.504063169385007,-56.60724078435927
4.187390862221765,4.312486664280025,4.424891144847644,4.324096639745877,4.407281667747382,0.0,-8.238202121822981e-16,-1.6057857978889678e-15,0.0,1.6122017817918764e-15,0.3769940573970337,0.9586968156431199,0.4497580912795069,0.7357869858558148,0.6423362639805523,0.07480182758155819,-1.452227833575675,-0.058034672611231276,-0.824572665460585,-0.5532531335880226
41.184367770149564,27.955439904716574,34.248756818544194,14.679705227266163,30.117836241195494,3.450545797986496e-16,0.0,1.6597221079285951e-15,9.680613128938506e-16,0.0,6.084008847874096,2.8454471830057813,2.049710250969782,1.557653959161826,8.125877299664886,-61.19778411496997,-33.61625300022075,-42.08525095897813,-11.813975148775693,-46.43111388365202
95.80834767728544,66.80811432301749,84.55755341735413,41.82561015067497,106.90861061571907,-1.1866068090909086e-15,0.0,0.0,0.0,-2.6585051724753293e-16,6.029764121184719,8.610468604711707,6.105928664938335,4.7981375220848985,30.081829947498015,-178.8833492207053,-119.45097791133409,-153.0620471543857,-60.1167219029492,-254.16937169526798
18.86169916226421,13.925898846385591,18.3978614654228,12.461187105960557,26.176411638502397,0.0,1.0204622963271325e-15,-1.5448376695204587e-15,0.0,0.0,1.1698303158208565,1.9423538722774398,2.137085265299216,2.5147105821553555,8.991447148545028,-16.15887424902521,-11.156705325130726,-17.711188333121925,-10.941700883347279,-44.85092030679418
179.01351019645784,109.96404745745633,84.08667120174462,12.324473415180423,124.36433775819586,0.0,5.169273064707809e-16,2.53503697650963e-16,0.0,6.856075449619228e-16,29.52452454154935,18.367598244268567,24.356301374879212,1.244521468462933,17.597621139012094,-436.04672560189607,-229.86826763464038,-189.27297477055242,-8.619843060682005,-270.67331156007714
316.4933006334977,279.85304068471964,231.27331884348484,159.7953192961874,131.38799872205254,0.0,0.0,0.0,7.114528649671688e-16,4.326378315652604e-16,34.11410981894231,26.316707877685214,25.852029308239896,20.152742343502258,11.370871844094355,-844.8657690754205,-720.1894027912896,-576.0448643853559,-364.24745172192706,-273.7106010225215
49.45703302989467,46.24144995536987,34.067955539393495,31.224628634287004,21.492437682150765,5.746747770579828e-16,0.0,8.342651908635781e-16,9.10233705684327e-16,0.0,2.8730460868473013,6.651649202872994,1.5597590898191716,2.4301375622983845,2.8727199263217162,-71.65035842098455,-70.75590394953205,-41.179372582688984,-37.44446657162729,-23.12992335473232
15.232732902146193,11.934653117959417,10.754122268435815,6.725839437091214,10.87338608603669,0.0,0.0,0.0,0.0,0.0,0.13095690384301117,0.47283485641720446,1.0361342942851954,1.5746737223091074,2.684918624406402,-10.552244186948025,-6.613468774593287,-6.029028272590168,-3.4564256931557082,-9.093068312241193
61.71817354421215,35.86248261609845,18.166961755023685,12.264472155231495,42.62799791145684,-9.210158952628099e-16,7.925192947363237e-16,0.0,-9.052350648059349e-16,6.667380787959854e-16,3.5754537209374933,1.6705046633593865,6.465389030189604,2.1822875110005078,6.1605962061199095,-98.09129754625216,-44.52479790910758,-27.9834931109453,-10.557849806061348,-64.66097046430363
24.618311693606785,16.378258406648424,9.558699800352377,7.398661823115267,6.845383531578599,0.0,0.0,0.0,-9.603665537735314e-16,1.0379882039951141e-15,4.955680298198187,3.2558883638809215,1.9457769962276736,0.6971980279022202,0.6830843822821719,-30.331782049732723,-16.90934954182977,-7.26657083424154,-2.5602854261985843,-2.268005190475845
2.753034617634667,2.150042957649516,3.2667148935435475,2.4973638994408685,4.0042503271297045,6.049086801416777e-17,0.0,-1.0875493560280426e-15,1.422585502896039e-15,0.0,0.5459672444227207,0.20510198014094735,0.3252156867995516,0.29033334704005737,0.17943211229915762,0.06839098130881215,0.9613703024279462,0.5494223571720014,0.7569192720561078,0.48758913845125307
1.7323738506927409,1.0510069264559974,2.3333585979049434,0.4240776480550485,3.0400686763913125,5.126944275595945e-16,0.0,0.0,0.0,0.0,0.29472985011106356,0.09545781400584641,0.2918507811946047,0.05097665354201171,0.38161727431775644,0.7784146114774544,0.9254071121734598,0.79063020614211,0.5969679930439072,0.6078928673281389
76.80305901245579,70.19933503694239,42.59598526743402,32.78965304864137,47.075485908796274,0.0,0.0,-1.334478320055825e-15,-1.0834862063133989e-15,0.0,9.693554779512976,9.726848872536522,8.297358407710739,5.543217324896118,6.380904899081368,-139.13443251040454,-125.27162275821868,-70.90658754609963,-45.78475985160608,-72.86376546884746
173.6934147912067,120.28104086481328,91.16828979421918,77.48050775587133,142.64496063433435,0.0,-1.6540592314663696e-15,0.0,0.0,-3.9849580811006877e-16,26.283479962572837,20.756676099141124,9.30443837804807,11.839506296093164,23.582265925779218,-414.2648618061588,-267.52626411377827,-176.40408569946732,-146.3719983726041,-323.74837040940577
4.5772691113541,2.8963357304409367,2.8231025161948624,1.387742431309554,3.253974550580986,-6.791439160173848e-16,1.2266235717983003e-15,0.0,0.0,1.0918074568733722e-15,0.7960868289378605,0.3268721707792252,0.35591920302521296,0.2948746977044356,0.4600446489230503,-0.9490379557745715,0.5676773421408159,0.5495918490353647,0.5696057833106716,0.33693910125252813
30.965236707791615,26.116570256093894,22.373695527086067,14.69660680547923,12.908193193081242,9.178586199295034e-16,0.0,0.0,-9.66948010741083e-16,-1.1009174175374896e-15,2.287174520359386,4.311786359121034,2.967312891352067,0.38349266972331497,2.0169275964710516,-36.259509717220034,-34.49242539655434,-23.99512097346655,-9.922116763155493,-9.70739713979392
5.408529346817942,3.8582911459767013,6.176623452652907,4.907995693448385,5.781879161294865,-6.568724048600581e-16,4.603998952366715e-16,-1.1503740534076376e-15,0.0,-1.2289131542503087e-15,0.7003067707121516,0.5855258762523816,0.8687002669290597,0.9022617229851119,0.6036781668218328,-1.0947453424716973,-0.0726014316314899,-1.777409900938997,-1.420791566070255,-1.0770022938399382
100.32054397986735,68.24335262227264,49.1371342509252,26.148041807016988,62.488790567128994,0.0,-4.1647586670775594e-16,0.0,1.3586920600100572e-16,-8.243774263364504e-16,7.908367099756751,9.275505703032918,2.1149966254713077,4.404913592443403,14.421842395602294,-193.34281817799226,-120.49219904938617,-70.5349125502033,-32.9555277310893,-122.55674056865278
77.49606759357576,62.461228908559775,46.80350363765638,24.16322099652203,14.982378572013761,-7.335006875306302e-16,0.0,0.0,-5.881192212432054e-16,-9.485045813584687e-16,9.689923304521928,4.386484734713371,2.367301892479536,2.3051624057195808,1.7171592742311061,-140.00578946273077,-100.56174053392142,-66.03301767952661,-25.155108785047368,-11.90722317352154
8.318820688661367,7.955880712146427,3.3227145491265886,4.547868567524754,7.637281959649531,8.541387804266257e-16,1.7862076153939768e-15,1.069220249369411e-15,-1.5623642706693783e-15,5.814754675764799e-16,0.36493900011556496,0.859953136887567,0.3340574539880843,0.6967446304385231,1.6667899436445643,-2.753509421943053,-3.4810007078634557,0.5560394924412675,-0.5583839727432527,-4.5290460581774115
82.649339066966,81.87293931033985,61.72888394982302,55.37716774775724,42.22413113855966,-1.375532327360805e-15,0.0,0.0,-1.0264775388970692e-15,0.0,5.042865085023065,10.724103513296816,2.5783722718331985,6.4405872969944005,6.1959359483563485,-146.59917746366085,-151.32803300914804,-97.22939081338578,-90.33971768174915,-64.9547160035307
165.82483136866185,125.68326278739312,111.18923834517996,107.67209414925338,67.98122877841003,1.7139597969629076e-16,1.809100674191275e-15,-1.0224625999207084e-15,0.0,1.6723269020656702e-15,44.82244563288134,17.5074543893431,12.519257790522895,7.634749177485337,3.3207207803081746,-430.91599400041423,-271.67224478468984,-228.4853138587625,-209.83949700483834,-111.48822949820583
22.63555822656531,16.530193510421675,6.956735879371538,19.409351504376517,21.379818406424306,3.139055501296188e-16,0.0,-1.021373742054858e-15,0.0,0.0,4.997018551514326,1.3404016284803817,0.6499248599963184,3.5081488014030207,1.563959411752449,-30.761201367413417,-13.0755383578484,-2.0078605994388825,-21.40780675452879,-20.1670062694012
33.465511760106196,22.07487813732623,8.66935800806677,10.497361561289592,15.826635739896876,0.0,1.2875137635458097e-15,-8.196024839428084e-16,0.0,0.0,3.9328903131988024,2.125286326710953,0.765569390711543,1.1668808215013222,1.8272209522896417,-43.207783744711435,-22.72056818878906,-3.5412102607007707,-5.829275766704859,-13.239372620072807
14.138504730354022,8.539988755975749,8.732519254296982,7.6772710568658376,8.610998544476292,-5.025586151515957e-16,0.0,0.0,1.7353400963467763e-16,-4.1257859474142687e-16,1.0483379978897696,1.7778019544671575,0.7523816515968622,1.5393227388031927,0.8744569163382465,-9.779050209165197,-6.204823594188596,-3.5155732587787605,-4.413648152303584,-3.6896162876255794
22.61151030431259,2.5839421921970245,15.642614436446815,25.8377232992383,15.486648461859449,6.28478793497117e-16,0.0,-4.5423528058363265e-16,5.500041373854693e-16,4.588098822737704e-16,1.9092951783930887,0.4248380762587863,2.159516200275334,0.6338825526350781,2.9532483467493083,-22.650718470271716,0.23807424625764095,-13.384740073247482,-26.48165716267506,-14.264619405855894
23.39010718094254,16.456312306635823,13.269184523834504,10.498890324864124,18.58636992856127,0.0,0.0,0.0,0.0,0.0,2.3850270442804766,1.8953779039593386,1.8298668373643752,1.3055379784852539,3.691501790167377,-25.398683639835742,-13.904410701634788,-10.296471317019202,-5.926440131042087,-19.633902067347563
17.031272971941075,7.213400777020273,6.90124143544055,5.581197649725331,12.423127984690302,0.0,-1.4775473269633287e-15,7.721901295662413e-16,0.0,1.1439031081958437e-15,1.985456721262367,0.9677147859735094,0.983164934124913,1.0078186972408456,1.4224237352186349,-15.065827139283323,-2.7358043390996776,-2.6304983604920675,-1.8258248884765664,-8.735263568690135
337.6026248387053,255.72913887756715,113.16063839352113,156.53034495382994,159.98210201306478,0.0,1.7782383066803307e-15,-1.0046500208514644e-15,0.0,0.0,27.87659925784904,20.345875263676096,12.915684369823662,18.211498472987063,32.602107021679856,-903.2787100381231,-641.6418920801962,-232.24969053791506,-360.1181677974078,-401.6063969891483
36.1105342792252,20.41775107548728,4.871666284519067,4.916732874458608,15.743543935976072,-3.935376476381207e-16,0.0,0.0,1.0838641541589844e-15,0.0,3.298843608199232,1.3431915483394286,0.801230998810941,0.7411247591077778,0.7526002167945177,-46.54416789571649,-18.553250292264078,-1.1460941351184286,-0.8187463583867381,-11.497790606605477
28.30857300055865,11.572569288539555,4.782755623242262,13.347341117738692,17.30826123630873,0.0,-1.2279775010096654e-15,0.0,0.0,0.0,5.352955887332575,1.9520134154659652,0.36393187182744285,2.517568679046582,1.9085831250213274,-36.6131725894921,-8.61786882307716,-0.09126917594083453,-12.38477525560673,-15.153478203440311
32.44315395267195,11.916993133925127,3.359127398325202,17.669702892636124,29.864795601600477,8.760464371579156e-16,0.0,0.0,1.6084995657877643e-15,0.0,5.777502939681054,1.7313955004835653,0.15278449922874446,0.9974659696233561,4.044364494952922,-45.548104546546156,-8.896761308888541,0.7693909854387339,-14.289269503688027,-38.165953521213474
14.50329724810355,7.5446411054830556,4.6067615411088,6.618670532524237,6.208533358726642,-1.959672269291759e-15,0.0,7.711954801865866e-16,5.283844407096474e-16,-2.145865299535788e-15,1.1089582792384427,0.2603033904414775,0.7975228652411961,1.128584922385665,1.272937106219193,-10.275981832199545,-1.9970496036893788,-0.8985106120073882,-3.2646030714295944,-3.0523859583601345
57.71454099061088,51.8375400154743,3.70632926374299,35.94506845260831,34.90038200947152,-7.386797748688942e-16,0.0,0.0,-7.906984366402457e-16,-1.1961011118610963e-15,7.047489347193142,6.072147862844602,0.29978759817134354,2.162914570068531,6.2738282547221775,-95.76488644674077,-83.66604651990887,0.49799943755112097,-45.24320222539904,-53.87224761713288
84.0603548858343,49.21758054749981,52.186457303063555,13.071237258012319,88.48950935305018,1.1833876164514926e-15,0.0,-1.0892369744644667e-15,1.0871851252253209e-15,0.0,10.87555263552801,7.39953456520736,7.064949680545073,1.9300642737095839,17.181940235941745,-160.68873274901492,-80.71373274319227,-84.43666573646333,-9.570167500429173,-185.61664057541907
16.143615666628797,11.696322712282495,13.656744689647716,7.104614340483222,5.480774063268681,8.802770710515556e-16,0.0,0.0,0.0,-1.2964277081262119e-15,0.8486987892025853,2.0746190362794312,2.619140712541441,0.8236829050305435,0.6587256920262073,-12.117507929664871,-9.516155551751844,-11.552361405870776,-2.6748519918362885,-0.9281511310036504
87.13924782553622,49.837194611179484,24.02710682030396,36.361624260428556,52.375750544856075,0.0,0.0,-1.1736604426151308e-15,0.0,0.0,14.695149168665736,5.623427809980216,3.918301023105777,4.201546119962248,0.3905104984047624,-178.09091676480688,-76.4305731876439,-30.968708345169794,-49.18041229308072,-76.46601876266213
14.61031246008009,20.7388534318207,6.426733369665594,20.33802864298578,23.49600135635188,-1.9453183843987556e-15,0.0,0.0,0.0,3.024100675615653e-16,1.4599130898793053,1.094564828246728,0.10492147245048532,1.1982581899424727,3.36787451057818,-11.219027418010104,-18.770349718967093,-1.015426377184544,-18.217234121410133,-26.30293275707566
5.226949618631564,2.6602812624726484,1.5050563528829775,2.097654433344669,4.1159473464412475,-3.3984579324590995e-16,0.0,-5.90129677203644e-16,0.0,-8.631581941572375e-16,0.7061289753248002,0.3703472741926309,0.10648799581304812,0.46947967070811725,0.4489174121174937,-0.7960512431698445,0.5197954774904571,1.0707582913887381,0.21942296717338758,-0.08591782712397224
23.11581181702754,13.674584247552243,4.805520718972713,6.304245744171613,16.752953545409042,-3.073838554251861e-16,0.0,0.0,0.0,-1.6965193243905733e-15,4.072632035272809,1.8882026618118566,1.1133688571134965,1.0985218679570647,1.783508487349452,-26.3588175223467,-10.633788768671122,-2.1502666307400995,-2.495836479441688,-14.760044961949239
54.53981762850119,45.87952942434642,31.348014327905528,28.53224940455369,22.070341105833677,-1.042237054183016e-15,-1.2389712704996381e-15,0.0,1.992251576622484e-15,0.0,11.53963500391792,2.798869465737934,2.49494216707122,2.767582050429267,3.096945700788183,-102.15176854980857,-64.56688053998027,-37.70318374112312,-34.32052620593213,-24.634196898786218
16.396697873821672,10.448576283772885,4.882048701531832,6.014921754395569,12.839652175932304,0.0,0.0,0.0,-5.906500240346863e-16,0.0,0.8289231839602822,0.7405058207292168,0.7337077530558904,0.48859634156152315,1.5813597167471403,-12.440020266831773,-5.176851838069278,-0.8968290309588218,-0.9907649955461446,-9.23868265325242
18.12176664612374,19.373902779599433,15.280940654021245,16.391170437490523,8.364084487903332,0.0,0.0,0.0,8.669823042470709e-16,1.6990328990285357e-15,1.5870938387728946,3.8720499934156303,3.1962783674068103,1.0866786270995274,0.8359859005296876,-15.899654334308426,-22.14459119068921,-14.714027774334957,-12.801952994850556,-3.3898910712874177
1.7576781679828821,2.4078041933030643,0.4563284673619364,2.7695444338585444,1.1808386685337011,-1.3264478072162837e-15,0.0,-2.4329471072524267e-16,0.0,0.0,0.29438408138618966,0.17993498448380757,0.07028881988849349,0.3378634165293067,0.08156044773497291,0.6108447233707468,0.962296005030428,0.5868967749166629,0.6518765739155528,1.0174842257806704
44.78601320821133,38.73649661184528,11.878603533760295,52.051359867760915,28.750872292220876,0.0,1.4674383032208904e-15,0.0,2.7301601247893216e-16,-1.235689005429501e-15,2.2114831877724073,3.7520284891797178,0.7472129211979346,5.147925837346804,6.2319605407972,-61.841413857573684,-53.81558385069615,-6.7597012508809975,-80.22394936743487,-43.065358846837846
81.92635458661329,41.4165768739956,30.061615022686908,22.97420379844339,85.9268608273062,-3.4691778456169826e-16,0.0,0.0,0.0,0.0,7.474821072934442,6.145959903358152,4.4838489349599255,2.0350324742224384,19.137364414893717,-147.71372365859818,-62.98312540795014,-39.79458987738031,-23.31610284698158,-190.87480348275318
5.4986150785198245,6.399832451784918,3.60567698225892,4.825103528248684,4.366194425611235,-1.2922212695626106e-15,6.245168008321612e-16,-6.158194591960443e-17,-7.362979173402298e-16,0.0,0.8759041063890184,1.4914981192831498,0.957443845269243,0.19365286874610543,0.6289995140286802,-1.5567232943920255,-4.064152136277554,-0.9054322790794402,0.04721474873501775,-0.348459344430946
13.251243728004482,3.1297114820709853,15.04800164217439,10.560920105666943,6.383541651250304,-1.0724166732492837e-15,1.1351569303281617e-15,-9.443682326146117e-16,1.3456076339008115e-15,0.0,0.9506348240096103,0.33159714761946363,1.2588670009768126,1.3449786074021803,2.1696658654606495,-8.707641819474931,0.613923572856469,-11.203089873869173,-6.22050001582933,-5.334873193285286
11.095228453201663,7.579015291192778,4.9651696398595035,2.1255005759597396,4.024846915247041,-6.404038806024444e-16,9.37513263214799e-16,7.155271494210276e-16,0.0,0.0,1.3093877371909262,0.6490481714624349,0.15721993201017043,0.25003016336227385,0.7239153255074181,-6.669511394210196,-2.500496737969168,-0.017157574647617333,0.9061815466646088,-0.4922288659334713
46.51579823971036,26.33706119666982,11.247556466259269,21.2754297403764,27.428407358423563,0.0,-1.0791526517771763e-15,-9.47596135069345e-16,0.0,-1.0362143546652332e-15,3.712667203681572,2.653625242104673,1.3503103645717256,1.0190838657679482,3.8791724514166916,-66.95672207738015,-30.5601673526671,-7.058049465837895,-19.56596513422267,-34.10062557251433
24.40215622005756,17.352671961439743,11.53502657389977,13.05417481970145,26.808105003396758,5.823606154738601e-16,0.0,0.0,5.443030644018527e-16,-1.59028637571377e-15,3.7075223353716162,3.1596653391644565,2.099465692782863,1.3631994801358762,3.892114042402149,-27.955724600826997,-17.99190807515723,-9.089156992707325,-8.704483936251943,-32.37144468585886
5.7562040286152225,2.195481416974344,1.8860273561111258,1.322179198027126,3.8387579318134533,-4.628979872593895e-16,0.0,1.883702093338657e-15,0.0,0.0,1.1668694181849646,0.3771780701977351,0.26899764098028117,0.1376078419698161,0.4813795314542236,-2.1020750882534798,0.6089201296498246,0.7698344910161244,0.9026050586945162,-0.01434542635229259
15.99866421461232,12.92632662490522,12.449861373691393,18.063578738976204,14.003421523533602,0.0,-5.496865090745068e-16,0.0,-7.8671313810806e-16,-1.0148130363225729e-15,2.3915943552913643,1.4811141709937221,0.7287659041697718,2.306572134208547,1.476989264021712,-14.3246989129392,-8.71324104869128,-7.401178215210527,-17.05499254040114,-10.222641626225895
32.35398983590827,29.04830987498902,18.19373881942408,51.0714705808229,12.444881247955475,0.0,0.0,-7.810849026825728e-16,5.565085380775432e-16,-2.8547590033325257e-16,2.3485964360605642,4.897190121677918,1.3526633875423582,3.121164682685065,1.6266475480399492,-38.917359743781226,-36.97143959396447,-15.446621657834843,-75.26587407841565,-8.466799560053891
0.0,0.0,0.0,0.0,0.0,0.0,0.0,0.0,0.0,0.0,0.0,0.0,0.0,0.0,0.0,0.0,0.0,0.0,0.0,0.0
39.14199981867077,64.98265756108592,11.746485088959329,76.74379725966877,13.42522496673573,0.0,0.0,1.2097963439768862e-15,0.0,0.0,6.0704658559769,12.27669356529978,1.0331067789694857,13.139269500283122,0.5250301653562939,-57.98474990193397,-118.9563561519664,-6.934197998986462,-145.68101814820022,-8.4179508851874
481.5030279335853,307.75764297325225,281.8807060555156,149.09512183479376,102.1578278539088,-4.72216501771603e-16,1.4776151340812906e-15,0.0,0.0,-1.1128548845438878e-15,113.58186825003462,34.71321838246231,60.612366303370834,22.430520327978886,12.390593324603346,-1522.7245173642875,-823.3688841034527,-819.0989920557789,-347.37806789651813,-203.66624731337706
167.50622385333162,133.7295244600096,141.8707996104145,101.4458246694133,57.67551321860631,0.0,-8.501251924784409e-16,0.0,5.603327593426992e-16,0.0,26.08633434593378,2.835620966859649,27.480971896118948,25.5294344060847,11.18615667900673,-396.9886702952101,-273.53617286607175,-331.3171964950166,-226.93569937713457,-106.56378827591212
6.334197115232873,13.415377182594591,11.879804717270565,11.44110223194805,20.34289649147717,0.0,-1.0592959498477226e-15,0.0,4.657829648021057e-16,0.0,0.7091468669332723,1.3884702930067947,3.710924504750389,2.943048094269394,2.48799467456999,-1.6155764568852031,-9.98680184346683,-13.060191043725968,-11.045122190594709,-20.57156916618891
69.17985452101429,60.08068542931426,52.90842810266456,70.75443241534003,45.37557270489719,0.0,4.730590076879621e-16,-5.371868046288195e-16,0.0,6.263658558151174e-16,10.562175256750708,13.619866365197646,3.398789057501775,13.728641318588034,4.84138547165049,-125.46569997942063,-112.83699102933184,-79.3613078469785,-132.75565924815044,-68.06219237609237
48.0424094639898,32.93696473568417,33.9200303529219,11.91368794260338,8.04675835673913,0.0,1.2943683332003435e-15,1.8329137306816466e-16,1.1182663470527839e-15,0.0,6.998773921781892,3.1293844810580316,6.626755438440699,1.9457135193120536,0.78491780772573,-75.39547569060707,-40.82979145749413,-52.04070633466023,-9.457181534780227,-2.9841975413324713
35.584074780923636,4.332131748509071,41.587410358134036,31.004930116644896,9.302632338481878,0.0,1.230126604537081e-15,0.0,-9.166835507603967e-16,0.0,4.35423473112737,0.8569728852365525,9.342070209911952,1.2617725277836134,1.6251368521798522,-47.89542843001894,-1.0062484747564309,-67.29663423364066,-35.565427326285175,-5.916641754909394
464.4929286031654,376.66232658405096,235.7685785271407,170.70811316481857,54.90634268546139,-4.895094444752814e-16,0.0,9.643934610101479e-16,4.994790623037852e-16,-1.8117393754720838e-15,56.05471542706751,46.40383849486721,8.055062177843674,22.64508689649211,9.402203795238792,-1350.7571869290318,-1057.8294493619178,-566.8144894358504,-399.7664724697761,-95.14293174571804
60.53994772679514,52.19715472642628,43.209779698536366,26.991254166514228,20.395265132054487,-1.877881332746806e-15,1.6335206150239479e-15,5.344308411964773e-16,0.0,0.0,9.090077226709608,8.4171811284618,8.360969228398677,8.123866819054358,2.835971611221454,-104.61586633967755,-88.73052158030573,-71.98455714301318,-43.12723470608182,-21.208313456634297
58.61783242476895,33.007233683092146,59.65415053108754,39.435974442045975,57.80428735226131,0.0,1.722150344575101e-15,-9.528828816560757e-16,-5.405288540322195e-16,0.0,7.00560408909498,2.4770892473002,7.6729353694678055,5.88441002054283,5.15925003489322,-95.01499555124646,-40.49979640080148,-101.18683134110196,-58.466634320687476,-91.5375252835553
4.030199284533344,1.8356472731341207,3.411455215033244,3.4172689522937785,7.713334683197078,-4.4076153906764796e-16,0.0,0.0,1.0396353721049108e-15,9.211874823841942e-16,0.8972836578322227,0.15985849828617407,0.39826630903669924,0.2404078027805689,0.7392704835749441,-0.6788619190694317,1.03053921730188,0.4414077899234621,0.6771390533877945,-2.967067897225097
61.227853997643784,37.567315363130916,14.88174122797692,21.04615036307117,32.72819798326937,-4.641957471104206e-16,0.0,9.549188161185276e-16,0.0,0.0,13.687178174526876,3.9198175892429634,1.0547444175442742,3.4134330749584274,1.6087690276132414,-115.7948414844255,-50.58007356202068,-10.753987791311204,-23.693288414918374,-38.83960264915618
30.321149130320947,35.160658369714746,12.39752327459547,46.17335276109876,23.867479489694503,0.0,0.0,0.0,1.1541441544809186e-16,0.0,2.5694470671251173,1.2872361359065303,1.6154310242709953,15.717274588498066,2.9768901749761447,-35.60396028818947,-42.98212266270181,-9.01727579788656,-95.48246744444802,-26.19237508433399
42.97829397439102,27.535773543222902,26.600873342871115,18.269455413417262,20.992263095102814,6.6130380715761595e-16,5.160869983512621e-16,-1.0684502371054997e-15,0.0,7.615763713599719e-16,5.960186335840488,1.7463572241735457,3.3359677783259643,4.031268583096752,3.9194445464210976,-63.821622101582776,-30.030258013307765,-31.244638774788406,-22.511218621762303,-25.20645642745108
13.341532982128363,7.507732208580878,9.524967875212194,7.612828821642208,14.747252093690667,0.0,0.0,-1.4919582828393968e-15,8.166805117469747e-16,4.818136499233593e-16,0.45081406096599597,1.2152770382078242,1.4376136973113514,1.1910930215849287,1.846372561641283,-8.25294662645944,-3.4345467747824374,-5.657550995713637,-3.950103408533973,-11.408587749202917
16.07402840384126,11.284121438046114,6.510476125997734,19.848405201942946,14.658049742747348,-8.840879434931191e-16,-1.2593674034105986e-15,1.091383674571434e-15,3.5798479954981254e-16,3.6355931462420645e-16,1.1671267680272293,1.5767543937355368,0.6640434160404526,3.2472701345230552,2.5147616321050332,-12.39095711100176,-7.605624694669963,-1.9803803051659965,-20.524491264035316,-13.638962556809059
37.93588624650118,49.64649345105757,17.953685574807125,59.79492171388983,11.567274923465193,1.4984075629984967e-15,1.1449634185513082e-15,1.1130870238306212e-15,-9.506395732533218e-16,0.0,3.3082972480395982,5.384039070485898,3.5811316221199525,6.682800397918501,2.3503582384032073,-50.379899787115384,-75.23921697286833,-20.820380753901386,-97.85203016389411,-10.143616233933827
175.2897504822698,141.81568743965303,94.08094703592768,56.394050969764756,25.81025524578164,0.0,8.016520582040213e-16,0.0,0.0,1.1011789368123035e-15,27.713435449889147,15.839635671046969,6.155058728230724,8.62298212100176,3.024132902788651,-427.4886355439533,-307.22433350373865,-174.55581532752194,-95.46181737261142,-29.17993489569142
82.0352487110817,77.08962069647367,50.33936331020389,39.56448982888216,22.172251285940323,6.929145672612478e-16,0.0,0.0,0.0,6.409297157935996e-16,19.56756795294501,6.737227845619751,3.9482179449588375,6.601058392720212,3.240636632368786,-172.78543716477762,-136.92241763708356,-74.57508579350755,-63.3033715968008,-25.02770020970118
25.95085603674654,11.691854528781768,16.07624574796001,7.765659946552492,13.456496541947157,-1.0952127895187244e-15,-1.215449155668096e-15,-6.629745030959088e-16,-1.829960983742381e-15,2.6401475805577125e-16,1.0271086124890836,1.5926232957643387,3.2615361506454135,1.0881824294411746,2.726995600481631,-26.908037913195848,-8.069895427915998,-16.072721086377825,-3.2984394810499045,-11.87025157114151
35.04215989367906,47.28978216970417,19.72476412369705,47.087800518641934,22.086793474049113,0.0,-1.2020232754893998e-15,7.204575236531871e-16,0.0,0.0,2.127237526398497,5.534188727898952,1.8681614274733063,2.904123066403054,2.559541102710291,-43.553468191676714,-73.64531715471585,-18.19936194750554,-66.99454442541301,-22.56124782606693
83.83457450508416,64.39702726912492,35.37221491331833,25.942193875136844,18.422079020200307,0.0,8.827025294700448e-16,1.6070076188360305e-15,1.0955784837320002e-15,-1.9285085439623043e-16,6.936421120407426,5.705977042975397,7.020815730676666,2.7807013602983326,2.7889338250970814,-150.79224064793857,-106.32382412551907,-54.43678044532885,-28.561730965185447,-19.385467016336605
17.677844873208997,15.963684170764015,34.50639172779532,10.920771963952973,52.82141811024863,-1.6077587304478203e-15,1.7803978784831947e-15,-4.118325331522562e-16,3.253170829431486e-16,0.0,2.2718388213688434,1.6063045626602874,7.663215172567126,1.5919304530404619,6.074588190314267,-16.431432647605394,-13.65831389973274,-52.091134509236134,-7.60933649714313,-83.21048033039665
61.0672978140017,50.073545810708424,30.42454643336787,19.364207687182255,19.165581297285303,9.308323914043366e-16,0.0,4.670851789467063e-16,-7.338722525997587e-16,-9.268473582128508e-16,8.770470396727614,5.066061030350591,1.6347064882824796,1.5398328372066457,3.5026663806176743,-103.91236734205629,-76.37189640491266,-34.817311364927804,-17.215016320189314,-21.697506497337404
33.93407518066585,32.42012391652806,19.549831007059055,34.17204818326233,9.903562840913716,8.375566235144505e-16,8.766687475834838e-16,-4.54315139286586e-16,0.0,0.0,2.679400848411475,3.1301124775293974,3.227590947033451,4.320861113768125,1.6802850987202527,-41.79132730478681,-41.379726777040226,-22.253139529962304,-45.96734064887334,-7.070840433140886
13.265375148501091,10.874571700668369,3.405709171765862,16.26107751695178,5.603620615014378,2.678185606535173e-16,0.0,0.0,0.0,-1.2680064989700895e-15,2.8090390892705535,1.6870566901056543,0.5656985398236312,1.6235769149991954,0.5426138820016099,-11.64337228312589,-7.346856497243112,-0.007658246782555307,-14.098605085386746,-0.8114315031882764
70.59046578638045,53.19042208879833,37.27246140570196,20.922056978408108,15.302796019123404,0.0,0.0,1.525078213699943e-15,0.0,1.857288654627973e-15,6.815196547562113,4.534395300813473,1.3164338945117622,3.088505938251653,2.352045051329479,-120.72879278580096,-81.45936435137773,-46.889436595205396,-22.12268964963738,-13.96933110839831
23.843539935232513,12.131322870718316,24.877942298389577,23.547357433660434,28.947371622238922,-5.960044000934303e-16,1.1714183907760882e-15,0.0,1.508752601564528e-16,4.909203813269342e-16,1.1195666762155034,1.437392443536294,2.756291658350541,2.916341910344038,4.096992706905871,-23.53159300838831,-8.590480138964915,-27.12072346557631,-26.037699620207256,-35.38647830467079
169.62374203999036,164.3408309977097,99.49904342503643,144.88013026791793,160.1073334491542,0.0,-1.3835495053958976e-15,0.0,0.0,-7.100663990367432e-16,63.820844346218834,17.399201117586426,16.93174783685351,32.31484265160786,30.782112771890525,-514.443116467329,-376.5942512433667,-208.96243690596484,-364.826326115359,-393.7185809107725
10.1776559204265,2.4018397345855367,4.863166167660273,8.144842271037616,9.232367092900207,-1.2217447684437618e-15,-7.39581752196626e-16,1.46107023955949e-15,-8.723836657791781e-16,-7.696214076090145e-16,2.0053642895080315,0.34293923009542515,0.5329909950841549,0.43923123522330554,0.861324260612774,-7.789518858544708,0.7178162559554726,-0.41784515347437307,-2.650399837053248,-4.153280746635524
29.036093485764486,24.144989469364006,10.194142591208243,36.2292359021132,20.378258841597983,1.957681355746999e-15,5.885633014349924e-16,-1.3940215754346916e-15,7.844965184249499e-16,1.0460305877207843e-15,4.236979986891089,1.5188276352241425,1.3596782588313918,3.0363525278261037,2.8684721895497725,-37.820795295381444,-24.313968697218694,-5.915956471637809,-46.75400632451645,-20.91243246600488
9.695194118105736,10.857699595764073,6.430984745890253,7.355143151921633,3.4127531831755573,1.4657627833013977e-15,0.0,-5.5243696248399235e-16,1.9320976385740665e-15,0.0,0.9959255799098772,2.205827868885093,0.6093069090499574,1.2874359894796226,0.20703552356643953,-5.285483259927028,-8.211113046870256,-1.5101570476286736,-3.5700617040865628,0.711594401108621
668.3371363413393,373.6194198038072,188.32403129146536,181.7145489200183,463.77616525287965,0.0,-1.2171405627824654e-15,1.509191855946217e-16,-1.7595962073063318e-15,-8.579654623016129e-16,81.07815588118874,36.93407493388362,57.908010013727306,39.63694003050101,67.6603679623448,-2108.0841961562355,-1025.2752172916078,-530.9860788136145,-479.86197850964385,-1399.5959345532503
308.4286719958899,244.21453349181002,174.08061561916276,167.82700464196756,211.10955001424526,0.0,-9.31040721419052e-16,0.0,6.774049144483569e-16,-1.0770411638312399e-15,45.10321388834495,30.589554806494018,2.1578258363043448,6.342906671157356,32.1540156107176,-852.3396892053652,-624.3043042880109,-384.1871281191738,-368.3981395529646,-536.4290132647084
310.6369721701342,207.9096231382469,98.33441075924401,73.87605486428203,121.12395882812365,0.0,-1.0936178518877059e-15,-1.1561246652502954e-15,-1.5388861510061757e-15,-1.4078986373324251e-15,50.393606924551136,23.225769093564686,3.187314288592642,6.758820957939927,16.26303439765876,-882.8083201812461,-500.405756641522,-182.77715000936828,-130.78376568852832,-256.6260791332608
171.1020801186074,139.11101606889775,83.18992041623449,67.76936786353437,55.288491560290915,0.0,0.0,-1.3665938992703986e-15,1.2581662036881983e-15,5.14061943603774e-16,29.00753876846174,22.705403025410284,9.930512692780177,5.517163136727961,9.188091210074193,-408.22766686286155,-325.6408408476167,-154.39214291297887,-113.29844064918451,-96.55357379139863
689.3543418599547,402.634108943605,200.84881185137192,273.8395626194618,586.7681881777156,0.0,0.0,-9.905558523296242e-16,-1.6606342288035236e-15,-7.750034171053832e-16,94.04332540047251,52.08737860072999,31.857455989613044,41.73791194667736,64.3153200151001,-2228.387718910209,-1142.6473183963155,-501.4995903523497,-741.0320682522656,-1791.2430642862485
135.73930082754453,88.92694831183512,63.15458926488464,51.5835767275006,60.41688182365859,0.0,-6.392147705493997e-16,2.250169762896955e-16,9.642214568787423e-16,1.4112798561845529e-15,22.064390371949987,9.69707087365426,8.984754639279451,7.8451573646769575,9.864973287026276,-309.79572968777137,-166.19649511458917,-110.69412423074662,-85.69451047688585,-107.82584994373151
116.87801455059886,110.93990352182416,67.76159552388813,72.33556152056033,40.849807578372015,-4.863482587326066e-16,1.0247605605610744e-15,0.0,-6.87600821195944e-16,-1.3915223162741123e-15,12.007806316233856,15.508303641073658,6.410147669491829,11.773215095722223,2.2144382255148507,-237.25066037148832,-233.56873357075276,-114.45481239328056,-137.09445981791876,-54.40613979962546
340.8071987794986,156.53119439375294,156.78265537019107,115.32633213976739,176.29593325254194,1.3343243702451383e-15,0.0,0.0,9.85783867502485e-16,-1.2897272855268976e-15,31.856094517237235,13.908890167180775,36.12196140294148,16.87338435565363,22.312842860665093,-921.6812334404983,-345.39852724353915,-384.3750818871706,-246.93678473893291,-411.29727784413745
213.75485813996596,143.06544343011862,83.894543452795,60.67785288134945,109.93413031202424,0.0,-7.946491828905365e-16,-3.387789987366231e-16,-4.684033478570892e-16,1.034135963043875e-15,34.7259299175131,13.495418697998259,16.721015556236143,6.819254524433625,16.81697266916718,-551.0441110093171,-306.5360510412003,-171.73751837461378,-100.00794446925322,-232.39683828392978
162.0348392365363,110.37232126947211,53.04326365612834,73.21510124118258,109.0864936030583,0.0,5.150151614735527e-16,0.0,-7.763892680221318e-16,-1.0421715279922497e-15,24.632017811005223,26.13032162436242,2.9531941376602755,11.149948457296205,11.729264091909657,-388.3442578509437,-254.98535426904436,-79.0811825712365,-135.49365656609987,-220.53949391547084
83.96218910369195,68.23860959011849,50.32774899263342,41.52401346672891,22.480099985239647,-3.385060553304971e-16,0.0,0.0,1.3689288225078188e-15,0.0,15.492711923299693,10.33091828098382,7.204199433249968,3.8776297103416733,1.7691540023806493,-164.34898081368323,-125.97283688843815,-81.04217502714577,-57.386318815891485,-22.19235047806509
66.99913673143382,27.21518800409404,55.51848125346383,46.91130832688063,15.366990096394279,7.953939077696391e-17,0.0,0.0,0.0,0.0,25.075614051752616,3.6385494411733617,6.926723081100537,9.864404532558185,1.76454276721121,-163.7850480447787,-33.33286112575425,-91.12953465504252,-83.15505618176702,-12.57804748847331
286.66089618309564,136.85280029441785,98.05589589173279,131.40773121060786,200.21164367445837,-7.931799504945532e-16,4.1536175173995785e-16,0.0,-1.297718597006399e-15,1.135666593961632e-15,28.601542896736863,9.243611956477796,21.07655344424385,31.103194375936248,34.217984583936484,-760.1891902114814,-286.49677891398545,-217.66167767493468,-333.453741907998,-514.5085182169353
64.32294291091435,58.88032376933168,49.567554795351526,60.3346302917751,23.139629760665528,-4.418595938585608e-16,-9.654060171866003e-16,5.7339341324679205e-16,0.0,0.0,13.083453274524201,6.769681695662567,6.110585168270465,10.481511193390809,2.076332948823414,-117.97891232465003,-98.60471342282315,-78.99125628781788,-113.46983189450616,-23.633646155336777
49.33806088656236,41.216859803026246,34.30755853403934,24.053981053111997,15.697250119190088,5.760605285187627e-16,0.0,0.0,-1.1815802701285878e-15,-9.05308548140483e-16,6.351586308259914,5.683719659201426,4.15611049897139,2.6557737049536487,0.9250717754910713,-75.41090969500881,-61.75077136494895,-46.40279383426773,-26.12888386276875,-11.568723191021105
54.668349005340545,40.79271629114725,21.522834271938937,54.97042963778792,33.137033000360596,1.039786638796335e-15,-6.967349079563997e-16,0.0,-1.1633317519943327e-15,0.0,5.032453602761481,3.152820627319618,3.5738406772251703,10.046277523078023,5.454773205756111,-85.89131920986493,-55.079816036707626,-26.428817381765008,-98.61622262141869,-46.706138681738224
213.3293236028819,141.203410945618,112.73734067193627,85.30969455845886,131.00016880376066,0.0,0.0,3.7815832705923094e-16,-8.328979952837571e-16,4.3391866880690764e-16,34.46067943828571,17.37271411942683,28.45991686124459,10.847136537287275,18.7569919399396,-543.1467451246752,-306.98795043052274,-264.7314356246626,-162.23944069855654,-287.09081660011856
8.520302716012996,13.537427164724454,8.145868956996155,18.51495341369438,19.31057795746849,0.0,2.099491216799652e-15,-2.4532698167319965e-16,0.0,1.103865566310448e-15,1.6457699823219787,1.1916917547330361,1.5431063060042165,2.183204845622431,3.287559645824317,-5.586014753245473,-9.235650220869758,-5.139353606586547,-16.727002565032258,-20.781964068794878
81.0990256633722,48.49973872619659,42.46829982424786,57.54653100234832,72.09458318665885,0.0,1.1720355687216245e-15,1.3384905705208496e-15,-8.643091188446674e-16,6.036617543460557e-16,7.121432923429924,4.911841873559823,6.596531571838225,7.5022875584695585,14.103401115251028,-146.12559403851563,-72.83548752051757,-67.16755669084566,-96.75883515534821,-144.44046214423858
58.38407016573528,41.9074099758529,20.1652921231254,19.66082428491803,24.516427548850533,9.736117865617487e-16,0.0,7.047185147843757e-16,3.614002777620891e-16,-1.1592924529388286e-15,6.546406578768044,6.9775464773642515,1.8094844486664212,1.8373505818299232,0.40916856345449126,-94.22061179849536,-67.12959444229854,-18.58726868392852,-18.043002741106548,-24.2734783361099
78.63973693090288,28.198566684059355,57.516380673264436,57.64167241745685,35.95676721287467,7.2283327843217115e-16,0.0,0.0,1.479227175674198e-15,-5.928308834496808e-16,3.2551209352502473,1.994098592371684,8.552313440681377,5.902244622716266,7.108408270336793,-135.66515836824314,-31.48894468105588,-100.41379500967199,-93.11361814700736,-55.994229259765994
79.81242424046498,39.859896672036776,7.737010038972217,29.755185397272157,94.7011703093845,1.4244253172800719e-15,1.4260804368990203e-15,4.59184318089943e-16,2.3879627240542754e-16,6.002398774492765e-16,5.1233376291649995,4.32395094743471,1.3743059184302198,3.961663568695759,4.5413372469754,-139.8708600598262,-55.3113661812129,-4.29624160618497,-36.84514881417944,-174.82583209848983
164.67010645037107,123.93088013835373,79.00265775776107,62.94832759711243,72.5584480257975,0.0,9.173406788905116e-16,-1.4390254827907693e-15,0.0,1.5668311659752658e-15,28.12286498934073,13.477553894469972,3.720100767846894,4.39784802901077,6.998141486070463,-400.35390875467255,-260.4012699153678,-137.02872471104192,-101.39393434856821,-128.74982718471517
49.655914388492505,33.01619837102525,22.36875217647649,11.469092872207417,23.23047839359463,0.0,-8.608413697728044e-16,-4.764745459342098e-16,-1.5488206950567322e-16,-6.117331926801981e-16,8.648496547256967,4.744792716098185,5.825252150683749,1.809897727886117,3.1092512417145364,-83.39366495715501,-43.08106991352679,-30.47422521995859,-8.320084767215857,-25.89054568508448
45.277020492679725,21.992632156515214,9.331043579907593,15.015203687383282,40.426201054183245,-1.2554584697108838e-15,1.2923286866317277e-15,0.0,-9.464310315778704e-16,0.0,6.22959224350178,1.7648815441797598,0.850445033213641,1.63898102595447,4.163508408159813,-69.53755097220161,-21.67527371006947,-4.2854747163522084,-12.144030002957502,-55.27619412016208
27.841043105374084,16.303337262543117,23.616759417049536,20.425976538580507,10.247641993583178,0.0,8.716531153318782e-16,1.2034550942618172e-15,0.0,-6.933719349339337e-16,6.594973265260661,1.6697297902578385,2.902275229709363,4.682245119757345,0.8173512874137339,-40.89888831539815,-13.54789422349373,-25.49756906340057,-27.337866431899293,-5.005735051766846
13.765569362943234,11.280199941052452,8.411218904118956,11.920203749632847,20.664062397964017,-1.5485216419878868e-15,0.0,-8.447559668339495e-16,0.0,-1.3754173251627586e-15,2.5657451326437077,0.9048084088363257,0.718506222668186,1.0202149164691574,3.2666868923030608,-12.650353579889273,-6.451705903315038,-3.249445935890698,-7.126138079612096,-23.056482807647807
53.07610860246102,34.739525594868816,47.49532695337115,38.71834396281918,29.111425407896856,1.070979398406241e-15,-8.181375232885167e-16,-5.984106490793759e-16,-1.468126294745306e-15,-9.763077222145999e-16,5.687458195536167,3.8232937060706935,8.126705218246608,3.613486791359674,4.680621557432058,-82.98854312684487,-45.64146962120553,-75.73030623888343,-51.882404160399126,-36.642355733292256
296.1220575633459,172.88253858219497,261.8809193731978,116.83071747615783,170.85488938685043,1.4876855165611003e-15,1.3151916746937974e-15,0.0,0.0,0.0,47.525325850276076,13.47975277952484,29.979073526148028,18.070385236337717,62.45788871117341,-837.8658628681346,-389.2486597062837,-670.97988554314,-253.4041361150025,-512.8925888212221
8.131175486207669,6.32525091489744,4.999618965328457,7.0361207202220815,6.616374546571711,-1.7476999161199829e-15,0.0,0.0,-1.0098501205614238e-15,0.0,1.3322768066414692,0.5708817105888147,0.6417637963328398,0.9952309706811262,1.8457582548557456,-4.3598347706744365,-1.3238200220724898,-0.6382412877900199,-2.388517562881131,-4.141644422859184
103.26025477233428,59.89953146118397,60.576405241580495,100.0608464728804,54.9629979097364,0.0,2.37244839292456e-16,0.0,2.272354107106793e-15,0.0,14.910218961960219,9.485900896292183,14.957819261633137,18.39961539446781,7.607300328811797,-212.95475127958224,-106.34635803800012,-115.56984252282885,-213.58945890187263,-92.31235287836363
3.328592972239157,7.96996541055522,2.7182884301559653,4.784553744420001,5.659904201793177,1.4675814523109274e-15,8.915254949777767e-16,0.0,0.0,1.2553971064297966e-15,0.5997254846202414,0.7857132099542177,0.4836880414591134,0.37700583128782184,0.2544955876983276,-0.028692563370745702,-3.0438844619373073,0.3187721188760081,-0.09747819317434399,-0.5291276041942516
338.6684328934511,122.64944420407022,186.38409010080386,255.26698664346256,203.30890648505155,0.0,0.0,-6.09959989933313e-16,-4.453644367275942e-16,-1.6775483133589371e-15,35.27127877288437,24.18933400216229,26.326598695089256,25.819075557874754,24.434588442989966,-925.6511312716632,-283.8563852744253,-442.3278878808457,-642.7262095032959,-490.49210292243924
114.92833364994576,21.941840260188535,60.73822571774513,75.63454074690597,70.67976076926487,-4.945988256816151e-16,0.0,9.358755246648698e-16,1.5031073977436255e-15,-1.6084779643319449e-15,16.323873300161104,1.663493196241808,4.132613600727934,5.49131338717086,5.659215191714941,-243.0779402811196,-21.467483824117277,-96.4224184370722,-131.05953253358646,-120.03701617068656
24.261964988286614,10.232320824122901,27.694881356117655,52.20816661461552,28.619970703477392,-1.1714512589613277e-15,3.472050710553277e-16,0.0,0.0,-1.3654748592058208e-15,2.062064447290962,1.2931837482766608,2.0979045256181483,2.4135116246305035,5.025216802869417,-25.43240324311923,-5.598800341033093,-30.665203239420066,-76.94260526856391,-38.78329939989377
205.14098746112276,75.13551380948755,87.61320211284256,109.56993530940515,102.94766274771784,0.0,0.0,0.0,-1.0375732850492748e-15,1.1043168410750176e-15,27.081762135477746,10.597041090437795,10.712173112899114,8.952885208740948,13.74258303708129,-506.24555324108235,-138.78870639827232,-164.23974507295938,-216.40883881760467,-207.67416662715186
255.24286797855626,106.46707291921686,181.10664325222044,208.6140043873874,116.03217901814439,-1.7816260822013207e-15,0.0,-9.416013323428062e-16,5.449626359240215e-16,0.0,21.08958496667226,17.938135549769843,19.911772032162595,31.75432648507814,18.09618613153294,-642.7194691049485,-232.92159052870335,-420.2274367987013,-526.189966319672,-253.04826910099882
137.54779894703884,54.156546727958954,48.01445754801126,71.14155163790454,76.37653868700849,-1.6530520821404028e-15,0.0,5.919406545827201e-16,1.5980370838726994e-15,1.4885047119967738e-15,12.10950355417724,6.531510425631805,8.10518816876146,7.789329627601651,11.594706108478295,-293.1648941057724,-86.164195123643,-75.78984124809988,-124.85393803276249,-143.00906571258247
75.55664844749872,19.649903305633703,42.662720311229265,39.052411386942275,36.1520097424549,-7.52328485034725e-16,-7.232022719993587e-16,6.661954329931259e-16,0.0,-5.896292412139499e-16,11.088175918790569,1.3410866732014617,5.15124679408043,2.793017463835154,4.3842301495384,-142.08192742666216,-17.612500920606543,-60.877537498442216,-51.51745160785253,-49.33478883083601
99.4688216664569,76.269303866079,52.29155033824583,89.38699763661295,65.86453097998331,-1.142939423800913e-15,0.0,-5.435239392704806e-16,-6.359249148505345e-16,0.0,9.070489796158926,14.939528794737669,1.7356459947242502,10.640163389750594,10.467438240293621,-190.26986633439515,-152.89146354130767,-76.71402942396486,-168.26932899183242,-120.6121386153479
183.4618122688623,103.52810353091397,78.386111822421,125.36452617768387,118.59990130564711,0.0,0.0,0.0,0.0,-1.4378617073461618e-15,4.868030160690473,19.488607724912118,10.69915442818997,17.953776786923676,23.594167686924603,-411.72151096126976,-224.33093792599723,-143.5076452300865,-270.71563290544856,-271.95390182280875
121.5794954438868,66.32796567176332,25.016043691661856,47.34333493572057,81.6417716822801,-9.35082328698152e-16,0.0,0.0,1.2006635979063576e-15,6.962541072972033e-16,4.28088179683645,6.266790371432388,4.784930681409892,2.2179228309462595,11.352437233405766,-242.22657957978092,-111.03775452086062,-30.790588721231877,-66.85997198883109,-153.7847110752815
62.9354383502519,16.925135497860605,30.37317487606751,35.223866999141194,28.14400805113118,-1.354803120885401e-15,1.6792603777970704e-15,-9.357503634827073e-16,8.0688782498233275e-16,1.5148007372706994e-15,9.378893770077353,0.9585475547097593,3.758113506695018,1.8889545167361408,2.977526190921864,-111.48092333884917,-13.259603892053432,-36.98853410383261,-43.61732474626363,-32.693905732558214
37.25303820369335,27.029356033677793,32.16958404506507,33.64857628830013,21.781509637949846,7.62936683848412e-16,-5.257563183338771e-16,0.0,8.446630605374665e-16,0.0,6.4338559297146025,1.9680095295523539,5.915802478023861,2.3898249303944605,4.071357867443107,-55.34186548467462,-29.487377197703957,-47.92989083845531,-41.293365595076345,-24.511432777955715
85.31171295202513,85.49684231242918,54.75288744312564,92.6114580996948,54.63939493426558,1.6657565794269598e-16,-1.3297197258604334e-15,0.0,-6.137838667826281e-16,-5.201688171070891e-16,20.486363081459658,18.463627208504967,8.332931150596849,11.770449300578056,5.502602054214283,-180.05973059552264,-184.88064157219395,-93.01921576753142,-177.44614491228404,-85.68981482234682
50.47513798717203,26.609151489685708,39.246250403359674,31.301527809888107,16.109052051929417,-9.853958500489417e-16,5.340589203195917e-16,0.0,0.0,0.0,8.038336577532526,4.113633914484062,3.9177573561673253,4.201608950284081,2.492139337273627,-86.14080967518471,-33.588677693249416,-55.5877479362656,-40.00077363372573,-15.445784691969697
47.15619314259825,14.47306327779381,27.506731061196454,27.058582354378697,13.601696309509773,0.0,4.909414974024843e-16,-5.166318994280332e-16,1.3129711055337645e-15,-1.0447854732108915e-15,4.36157860034113,1.5570386156991491,5.87925102074154,4.298317786073266,1.6224036397189858,-70.43721926320775,-10.869880127212355,-37.0153872239959,-33.71287010727233,-10.017769396386196
53.355326293325994,32.91360906510318,34.683998621594306,46.37321306692012,12.326279711412445,7.990310828806373e-16,-4.3176227459872014e-16,8.194473117268726e-16,0.0,5.764454096415117e-16,6.117189150105866,6.221914943820041,1.1758870040082978,6.825824677449231,2.5023007966406228,-84.91360288642574,-48.00749319938608,-42.04700116191177,-72.14711652814164,-10.194117052486467
86.06906689226552,44.6653282242701,40.96872792131219,61.29402964491045,83.10713920311797,-1.3208791709560446e-15,0.0,1.3874831303033384e-15,1.0433128085863907e-15,0.0,6.0845236654953805,8.576266610310125,3.8779082017288062,8.281950288319495,8.577014380367078,-155.63050352050945,-74.06884162736566,-57.716054679236564,-106.39643311875373,-152.2070887927717
4.078561176147688,3.558216985119886,5.10503266748655,3.4659119440166712,4.416839130801872,-1.7421406841106331e-15,-4.992266764024793e-16,7.829142630380815e-16,-1.025044414337669e-15,1.6087131876842932e-15,0.5005918594201513,0.13988281830258356,1.0930458798998537,0.4331381895619419,0.5847765487687485,-0.13430643923710528,0.708064871358312,-2.0276523595243927,0.28125839185834506,-0.3297421442656783
42.671430860531224,53.60715973363694,27.712879134968293,51.40081589436437,22.99133112339371,-6.660594420491429e-16,0.0,0.0,0.0,0.0,5.176202686391057,6.297678170439037,2.0549598699752196,8.709587151782822,1.6319194540591415,-60.86383268762231,-86.27493193304653,-31.057225461243668,-89.77256599510042,-22.96616272791945
43.220667809436364,12.606911293105034,28.630217134024257,21.70544679719233,20.26522076871272,1.3151906655268615e-15,0.0,4.96358607714287e-16,-1.3094275227764694e-15,-3.506217592542097e-16,4.294971760537755,0.7680065716848921,6.373878188882816,2.4234079017529773,2.888521080666068,-63.572023684711645,-7.623521660193338,-39.43251534275389,-22.255835849977124,-21.77833722974601
60.28711396787683,75.30410493247112,40.566174716885264,87.9325979082954,26.91587888441988,9.428784215992866e-16,-1.5097030609893656e-15,-7.006258201262875e-16,0.0,1.0559458062822452e-15,8.781752679409998,11.338094905517291,6.5861009466506415,7.861079958350007,1.9333300150623567,-102.01937006906974,-142.31339076824025,-62.67929198709943,-162.66812065455326,-29.283023531874
37.89385343300891,42.194283937353404,29.586352723173917,35.138871368873275,34.206383950516894,0.0,-1.3471829251849478e-15,-4.803178968413757e-16,2.0220989123444453e-16,-1.6617780746143163e-15,1.3241497716519688,4.212552789236796,3.035856173319283,5.697673497579707,5.150588838437011,-48.03452462135218,-59.47859139643415,-35.0501244192752,-49.90612355485496,-47.27371324480771
280.85944173982506,90.11365007066395,120.3776105220015,168.72099483278802,127.55737985778148,-8.095639371592154e-16,0.0,0.0,0.0,4.456301856010595e-16,54.251908836480744,9.637004763976972,13.640393746736702,4.533460303096849,15.042400206847931,-795.0158714398822,-174.60334175088764,-251.8108277928292,-369.8165526529656,-270.35167645472666
32.63084821912467,21.128945580278913,23.902843425227157,28.28477486674778,14.291226550939435,0.0,0.0,-1.4863142495636953e-16,-7.536309612936996e-16,-1.6158612299575687e-15,5.110560455113571,1.758833575952255,5.071136858815498,5.483852994146444,2.8575436615760474,-44.250772899500696,-20.488615192036757,-31.179011398254676,-39.235983821260625,-14.034254483610118
3.9017293837099625,3.1841493035861537,5.159068643586559,7.8396245334058685,6.553327658226779,0.0,1.1157497152533806e-15,5.810355266767694e-16,1.3595218739093299e-15,1.0842472295248566e-15,0.627183398007711,0.4014434804091494,0.9430357641127988,0.7571147249768772,0.7876103803681227,-0.27272615254818294,0.45422487824462565,-1.8209507709038106,-2.7575400637643264,-1.8385021852341892
1.1777522460468874,0.3228615325088939,0.9998230711143337,1.0878731334602414,0.8209529723348843,3.7706505026047984e-16,0.0,0.0,8.164356599882753e-16,0.0,0.19227576152312423,0.05163038227748604,0.2226457307149002,0.1290036487817712,0.08958516845174434,0.8661364809202383,0.49520825121834194,0.7068364546404163,0.9272949433664711,0.8338624353995446
12.50234991458036,6.3397181458785505,8.957614594634368,9.885267338855027,4.387129629232744,1.1366546939011175e-15,-1.120779693056266e-15,-3.9661381289261815e-16,-7.187896001226404e-16,4.0490183548802816e-16,1.1462368839469528,0.6504245478216255,2.162567249242551,1.2240281142561213,0.42874745999883757,-8.353482780824464,-1.820771981477204,-6.563228786165665,-5.613032302866899,0.02097357891925603
72.70667287238686,27.945415728126356,29.123363201919105,44.97751717808478,41.493101273059295,-7.8181845785432e-16,0.0,-2.439768823517191e-16,-1.2638185126080031e-15,1.369948668978267e-15,8.234510870488164,3.9193521584314603,5.4924921855422975,4.925239437978327,2.086614797197823,-129.4547948713845,-34.655329149154014,-38.30931871608479,-67.99959230814645,-55.3654018573095
209.6484518284373,116.83526026577621,203.07294969755893,114.6833099751365,283.65038123560794,0.0,0.0,-1.1196650060082583e-15,0.0,0.0,35.07850398881148,6.673325615388874,16.8375367319891,11.369101111623623,36.76622411448111,-537.6478524538611,-231.44469425092754,-477.2281072286739,-231.76444615755045,-756.9280512056165
2.974131521357468,0.5798968146950674,1.9299510620597753,3.85368198466095,0.5230306108398954,0.0,0.0,-9.204154832322025e-16,0.0,0.0,0.11626417927381019,0.06405157584948783,0.14901735451813392,0.3186180077607098,0.05430541965286958,0.9234624060579694,0.7232523980648128,1.064208591853522,0.36489180321432174,0.6968194906892063
61.49995483064082,20.488641636650915,40.44557093500177,50.67847627493418,25.209136677650733,0.0,3.467983619221747e-16,1.7567875031409025e-16,5.608240720619599e-16,-1.832084867283546e-15,4.840728996442547,3.6456707811993367,13.477218245346313,4.005205582579885,5.727866735869353,-99.1917321849866,-22.151633914363504,-78.44914453101981,-75.76248669661094,-36.743815966277985
5.585299992700418,1.6573489471959881,2.0002741667395165,3.479291455782963,4.6382379018531745,-2.226290063569144e-15,0.0,-8.880566818976344e-16,0.0,0.0,0.9872098227438889,0.24458854917496262,0.17523275987641085,0.3548358342276911,0.1770861774008512,-1.7786396105223439,0.8121796839675774,1.0154754633806997,0.3263558602164131,0.1654963553687818
0.0,0.0,0.0,0.0,0.0,0.0,0.0,0.0,0.0,0.0,0.0,0.0,0.0,0.0,0.0,0.0,0.0,0.0,0.0,0.0
57.39277836669516,39.394016954093885,33.256974455165704,27.734088921702003,18.223255168103847,-1.73324912710864e-15,-1.4429454840070775e-15,0.0,2.561983333096255e-16,-7.798197733671235e-16,7.971311784167282,6.600663279321213,7.359864259531539,6.806648742008824,0.30393258903416254,-95.92149792391889,-60.60363962055422,-53.64841106892841,-39.21598257626825,-14.684436004405134
556.1294051893599,361.7342517445728,300.4843184021955,286.2108726314403,170.02182154203544,1.2265509069735967e-15,-1.2571310255893864e-15,0.0,3.972135533369934e-16,1.3373205473334915e-15,87.21312926749867,52.67831015855654,66.67737337095132,73.23975436997446,8.996811545612706,-1734.6525152310833,-1035.8396691196256,-897.6678691568427,-828.2745196188343,-376.180018303119
62.12342428042395,36.9046840506811,52.05446224248823,58.583365608646645,48.672589877639865,0.0,0.0,1.0919989643925457e-15,2.4257491128342657e-16,0.0,7.295420482588584,3.8554097823850246,6.454132382626193,15.728741107891967,6.121790824463515,-104.06049017191283,-49.38700793493368,-84.67370562021986,-113.94015746953963,-74.10782023028229
71.26939222094417,54.5647083951151,37.618580833130906,16.064147081136483,22.24902131078462,3.9879264498696855e-16,0.0,0.0,5.528948503858505e-17,1.2774363884773369e-15,8.040905268664968,8.804557752669355,7.637642710659593,5.751769737380927,2.0513314608431408,-125.00261376026654,-92.43713281018623,-59.880759576731414,-23.760396896316607,-22.187417726216584
107.72946282118161,56.79938409289019,83.81068566011461,85.37663443592832,56.14270087087023,1.0552994022658682e-15,0.0,0.0,6.657959667345131e-16,0.0,5.802288781188536,9.025991381481045,15.94578029196198,18.189600178934196,3.9625812529869995,-208.06255923258095,-96.90959159210136,-173.46156958037741,-173.5044460259887,-86.25812921710822
12.545610797145722,8.374150717679443,8.331387989717436,3.0671918388111603,11.33920894602696,5.663675904259338e-16,8.484952799571755e-16,-1.70570074671123e-15,-2.8957380769648306e-16,0.0,1.1433871872917583,0.5932360131512967,0.8781931289916487,0.7031915261423142,0.7302381410672023,-7.959847315583459,-3.1034675499374034,-3.374843210108418,-0.06765223500771454,-6.091637433371004
25.05554587168052,24.119023841831037,15.44723140783428,34.45079285720136,10.574537623660257,0.0,0.0,0.0,2.0624858728369533e-16,0.0,1.9387786586239046,3.668826880427072,1.716294790976286,9.97139591678921,0.7652644902127412,-26.378777826304443,-28.628781370617528,-12.352593112782952,-57.897286910049075,-5.2953454708357555
83.25288527596769,32.458244248216175,63.824397867786004,85.17868165137713,44.61542592954654,0.0,0.0,0.0,0.0,6.370377249179582e-16,6.941910785685359,5.304835015715076,7.480507549682414,14.483248540335703,2.926259735003132,-151.40560251307355,-44.97999399029055,-109.9526609277855,-164.98495031453157,-62.24460732236173
7.811719603981933,7.500055487532123,1.1999960471821038,11.126154152558994,6.082707281581524,0.0,9.473833052852557e-16,1.8503778028806725e-16,6.386238461352584e-16,0.0,0.8282374243324219,1.1334721945961819,0.1869691951515985,1.6440309228898846,0.6012238694743651,-2.892047390375094,-2.9800941175418867,0.8331311669025072,-7.368457495370967,-1.244786681076821
4.471676482480936,4.876755887514396,3.0710927145203106,3.474405942537693,2.5794406054997894,1.5889851122813858e-15,0.0,4.338089902825618e-16,0.0,0.0,0.44056613709294334,0.8072561133299316,0.7200558697160456,0.7946428796707701,0.5668315511153424,-0.023908904944117057,-1.131533266961751,-0.09354634633723108,-0.6936116528289314,0.3006680173757723
29.090743311141978,19.43708716529985,14.153857432729426,9.4573490418699,10.006677740283044,1.4655027439356426e-15,1.4622411881315219e-15,0.0,7.513127966561888e-16,0.0,3.7442420139114776,2.534460730603236,3.262821443620552,2.1591123265135974,0.4899616100225826,-35.867611711641814,-19.864866119340334,-15.751165082811584,-6.647907141760328,-4.5020418715874495
12.952056094398047,15.870717089445595,5.765439326432766,22.457377236999417,5.940550956385105,-1.782932280704927e-15,0.0,0.0,0.0,-7.475555939348361e-16,2.3688581002779285,3.025402279636961,0.9599167625799289,6.300813191590553,0.7799257836217474,-11.341213080376283,-16.169866142946372,-2.017259356871938,-32.824731813288196,-1.6187034600603627
30.2921714373866,16.44924484854535,31.995144818309967,15.512123578582015,44.04913665444095,0.0,-3.239705267486498e-16,-1.7766263970237774e-15,-5.439419654186697e-16,0.0,6.890818344020455,3.167554452828445,2.118749283558999,3.527328419553985,11.239885316411726,-47.63697924754079,-17.556250582420493,-38.27883456878884,-17.027774832057545,-76.86108308216734
14.326974373233984,10.717934433375781,18.017228858590762,6.756926273430687,27.43452146737689,0.0,-1.325894910398894e-15,1.5774739641414003e-15,0.0,0.0,1.2563577784146396,1.5163891293182907,0.9923767403743464,1.406461947865091,4.219530792435118,-10.219953977041346,-6.750454066566005,-14.843737200722767,-3.7744920797202637,-35.18786641196099
44.41817401704459,39.72711408547134,34.42263205658872,35.848046153231145,41.610473305925424,3.1993333876689463e-16,-1.0731351905875596e-15,-8.256692685114968e-16,0.0,0.0,4.907599778361564,7.491615154459279,6.50707162793603,4.629954193422844,7.981353912819667,-64.95529765860414,-63.10717990645529,-51.84227751617693,-49.399471885792664,-67.98133818905889
19.109108052676227,16.57770786587345,21.817993420456396,26.006263311811477,19.82719084397539,-1.4873383599096637e-15,0.0,-6.513364653359005e-16,0.0,1.4334713199696724e-15,0.5997564820355819,2.5224331512273617,1.3660423742690504,7.367047037306857,3.0804525537517096,-16.066286580760014,-15.709967216846737,-20.619876187229504,-38.80007534705745,-20.707946602960767
12.144021455844602,6.128981244118194,9.643836711328145,9.73435580102235,2.9466850154668354,-1.1701934788959623e-15,-1.1593162182409802e-15,-3.6839214361928187e-16,0.0,0.0,1.5990772202990318,0.724307315453528,1.5958910343190358,1.1457466212806253,0.6402480886289434,-8.659287008443165,-1.5009039287249146,-5.693804595706977,-4.913223160566792,0.11605860771795432
216.0579512813141,172.61970881386196,82.72694006761877,64.58563079671032,25.750088085203036,-7.892801703020335e-16,-1.3171941779163352e-15,0.0,0.0,-5.518759651687597e-16,24.8916894855457,28.027223199335392,12.807164444248963,20.744228952182507,3.305592584249146,-531.4017374651585,-420.2817557102571,-160.27423186214045,-142.14592051504542,-29.475253874512514
92.81537204543541,56.16157165629082,42.28636574288525,87.3111829486169,68.59996042232854,0.0,0.0,6.721246655060681e-16,6.51043966432807e-16,0.0,12.838088193592085,2.8760073533588737,4.941328806971471,16.017335090372878,6.601907682904131,-185.31914881727664,-85.56778168942394,-60.88056371428254,-175.7540378805688,-116.86347350623696
102.8629123675866,80.81123600712098,55.83517431164856,23.688602691247805,34.75066583415864,0.0,-7.034098433514746e-16,0.0,0.0,0.0,6.235125159396058,3.1517342004387228,7.232816322392601,3.1025862164478815,5.45096145610646,-196.14148588463766,-140.66388560256414,-93.61654249657002,-26.850095215768064,-51.24945165305256
24.353080352024826,11.34535736154163,16.962448765903908,29.992743463982187,11.64141489064702,0.0,1.2525700392103827e-15,-6.283374047870584e-16,9.476195288548776e-16,0.0,3.9699908436348066,0.6994220154444705,2.406199324630822,2.0761635691273916,1.1043060610325868,-29.398426831157792,-6.168882413669776,-15.908914573742246,-34.510778422790295,-7.286154391320739
4.046006146030042,1.6803727814558198,5.027505770541286,0.1319625698010017,3.872156971234533,0.0,0.0,0.0,1.5774686521422735e-16,0.0,0.4504624432736706,0.16537882375842666,0.3691866813499368,0.030592201437673897,0.35386234521741466,0.17456705337527423,0.9926405750162609,-0.24493297448188509,0.23503749525304984,0.345720552616001
177.2217173454271,47.06109646584399,188.44725453449837,87.74578057714092,130.96386047198666,1.2829899114455176e-15,0.0,0.0,-6.478193992568638e-16,1.0850974203102178e-16,21.68669342959496,3.5168734587795836,34.73458038902164,9.290321190683425,40.319142612121816,-418.22460345904074,-67.33206385148411,-463.336051443086,-165.4318262295332,-337.5281385199854
10.195909361204905,8.036734625034796,6.897911083568728,8.790321026695018,8.301010304362626,0.0,0.0,0.0,0.0,-4.279856967450528e-16,1.0184925640943934,1.393223867167738,1.0647092061649996,1.1619305471709618,1.9871825646481072,-5.502975963098877,-3.833985701496666,-3.0336364041325083,-4.562560559104993,-5.6353471910113635
20.982850161371402,15.835283665624734,11.598992595761095,12.368642883906672,4.562486474518424,3.386302291135745e-16,-5.608857021160819e-17,-6.125900416729046e-16,0.0,0.0,2.878594323569516,2.6673985151024904,1.5117206957055644,2.0418308802743534,0.9050216385051296,-21.95486807389276,-15.79517264854026,-8.188513983769441,-9.930375353280501,-1.2447279874345947
5.348439089189553,6.629704594448385,2.966997607078086,2.375781122964998,3.9115492035426147,0.0,0.0,0.0,1.4252913251877097e-15,0.0,0.5612243271100801,0.4738606505234795,0.5625771932418658,0.5341243903761955,0.6438975375872362,-0.6156318623361164,-1.4127400016290466,0.08153813833767778,0.031301980188877934,-0.4217010618889302
6.975070778509618,3.6708461184232375,3.234385206082325,4.90769222242688,4.383204692804278,-1.0186889256368575e-15,1.4517281156121527e-15,5.49210043398596e-16,9.048839856352241e-17,4.0526440444737168e-16,0.932087546701145,0.46840459944287427,0.2497467083578742,1.801816626665227,1.0585872045025537,-2.575017090499098,0.0632698039204493,0.718068781879298,-3.8743632320075863,-1.1269372911004398
25.062484336916057,20.739096128076117,13.011593281393399,6.994172165990974,2.1521019408991,5.670170013540905e-16,0.0,0.0,-1.0159068420064071e-15,0.0,1.4414175903629476,1.3380770539235138,0.5023828900007081,0.9872373716910019,0.2385847358904417,-25.729401704205113,-19.022180435753018,-7.887915983879326,-2.511624257676408,0.8606641544327976
114.76935841998656,89.64527511849242,60.71086722540778,113.69633586697216,123.87282578619084,0.0,6.340927481752143e-16,9.362972637132546e-16,4.999582302046776e-16,0.0,19.059794936889784,9.492216296863567,5.542874467323812,25.91219463180878,33.98895600776421,-250.48456153487615,-167.26278188306446,-98.02656172257277,-258.5872191341973,-305.2347626307666
59.87569726064815,36.48878991131156,18.699885006818498,32.78706705149479,10.308636648816119,0.0,6.815516714050881e-16,-1.1399151419931457e-15,-8.668573308422303e-16,0.0,8.234302968718321,5.459852982250337,3.079804860950483,6.398872429296769,0.18026266574380498,-103.07729788442137,-53.242743021769726,-19.300691850716596,-46.235341525858445,-4.659192282036619
10.789449218924007,6.240548640743951,1.624814940110117,1.956361828573849,9.925937882382684,0.0,0.0,5.466335874779263e-16,0.0,0.0,0.9528268396786219,0.3700633496647135,0.1416395917471207,0.1651577416655412,0.7050169008024585,-5.822296901119483,-1.0594464388673421,1.037165700430586,1.035183090417854,-4.63906201855122
10.616141437344568,7.208940846687179,3.9279865334085216,6.911349963464261,4.748591573870847,6.693041346082794e-16,0.0,0.0,0.0,-3.7408077990422767e-16,0.2563510086488773,0.4524423860326412,0.5949940052999547,0.40405277185660776,0.6415147553990471,-5.016048776336151,-1.8642285194703743,-0.22629715171659195,-1.5709570529487984,-0.5389989472823031
139.5937723768883,126.27700066257054,127.54705563543132,127.76807777826458,120.46002441746242,-8.144119596873827e-16,-9.00297260190736e-16,-8.913325137552993e-16,0.0,-9.437723283836184e-16,13.006015338985385,17.012486709894816,13.289724383069581,9.657075393631343,3.832301628291153,-298.5829675683473,-275.6932705253033,-275.00501641113465,-262.8029141188138,-239.08185923905933
1412.2107727623882,1328.23715494121,1253.653758602121,1369.0642847827426,1322.1550487277034,0.0,6.847381872954637e-16,0.0,1.3286369557398196e-15,-6.87888082905349e-16,135.2674203834253,184.78341496281917,110.17259873467167,93.87845111371723,70.97488592045993,-5065.40251707265,-4838.243884690775,-4414.177177952097,-4823.259656641544,-4617.080033011174
103.96288376210512,82.8255289898731,86.55060524124319,95.19307591154381,91.65736505369554,-6.834580862397122e-16,6.86303118785491e-16,1.3135302451639224e-15,1.1942763339978337e-15,1.2403459084277078e-15,21.069444845708407,7.686508711634711,10.107118973834284,11.268598162456229,4.119625608650416,-227.43588864124862,-151.7254550164029,-167.1686445363588,-185.70632902828496,-167.1051600626231
104.54023750809087,95.58327928076035,92.18426459365571,105.13022257720043,99.70499297874616,-5.43746792773535e-16,-2.3788017857742547e-15,0.0,0.0,0.0,12.514722299430085,12.997966420555446,9.208314214792379,4.520742812282516,4.713685659482383,-210.49049653214283,-193.18701715439536,-179.23933791954636,-200.46778036866718,-187.274000462599
136.58386452681407,111.25039783107384,116.21457663349986,122.88589474324621,110.35135058746417,-6.242694082980265e-16,-2.0438010099387107e-15,0.0,0.0,-2.060452130696999e-15,29.425954130640744,12.130828884727013,14.954725393892177,17.94134067102807,12.134464381790872,-321.99964737606615,-229.36025060168234,-247.41544498037715,-267.73546711352844,-222.35814480899873
34.730172757529026,25.537030250116363,26.380323151381926,30.5363212961464,31.28679064896582,1.0740946751932978e-15,2.7824015901647863e-16,0.0,0.0,-1.816850424148153e-15,5.420836968049173,3.979925551863027,2.7067985002150117,4.420265479192371,3.008141210482522,-50.73491818029899,-30.719122075826263,-30.961665443403046,-40.57673497144348,-38.574321799888764
71.80886556581197,75.07949119618405,70.62717354125891,82.7485122884389,80.07633693679696,7.915933278281871e-16,-7.57109803957983e-16,0.0,-1.3738837663369041e-15,-1.4197307478156416e-15,2.8593354686674157,7.794013704075524,2.3907171635136395,6.432694793786913,5.380017585859145,-119.70139920348441,-133.59915867304343,-116.8475800102946,-148.4594717835795,-141.29156435486627
106.51091811466807,104.3031876721878,98.31143574649255,120.66507328488598,87.33824512379165,-4.0026473248224585e-16,0.0,1.1563948472359893e-15,9.421685548825336e-16,1.301684474659164e-15,20.442367334265178,12.779671390505767,13.269573799984649,9.417398957480424,6.462943432974453,-231.70558361424,-213.86041864557714,-199.73103840702558,-243.6622920131588,-159.24362275548927
61.72603535191167,57.44400422642222,47.51321072189901,43.76480319419344,33.119528806831426,4.604492945054145e-16,-9.895448554866242e-16,-1.1963708197604226e-15,-1.2988386719936125e-15,1.716311219049806e-15,8.493463566175222,7.099561599273251,4.336007759550944,4.1907206656790645,1.841504645045459,-107.62915594136473,-94.21379973963157,-70.59322400676984,-63.17133984157902,-39.84289575756282
37.19935385478327,33.61397029623367,32.88597213802999,36.75832144368955,36.95653901770592,3.82018859001625e-16,0.0,0.0,-1.5464095374400333e-15,-7.690576603178976e-16,5.151879094721784,3.0084743685426942,3.386635873618904,2.7435986383943947,2.3496809580259455,-51.448393520109214,-42.63539884118828,-41.86457354826261,-47.11583650923536,-47.20877000669984
56.75125208832359,51.08183515898664,50.66959541838832,48.61214148319565,55.19471611948221,0.0,1.669186865073144e-15,0.0,0.0,5.149353312892922e-16,2.6858979087488426,6.221033218806608,5.089350059162019,3.291862267469666,5.073820834923319,-86.63002527472442,-80.76843548625426,-79.30845882186175,-70.49543623298345,-85.59837510974451
50.32718152821144,45.999659215698586,46.056392117386565,47.06636082943151,46.62378766460489,1.1294774937663423e-15,0.0,-1.2342134554510466e-15,-1.2077292116721869e-15,0.0,5.448493412166164,1.1148918379645423,2.746351566302036,4.071193708755997,2.6906722375347933,-76.69279294131316,-63.63921039101422,-65.01799531485527,-68.24668367179908,-65.85488298870236
49.222783637138,41.80377265573284,38.71289872905115,46.62718664541926,42.97593355682196,4.330572246775602e-16,-1.3597676776431489e-15,1.4683327967417552e-15,1.2191046243703066e-15,0.0,8.756559842193283,2.9077526979234865,3.3141084537983807,3.8044320345812914,3.0912125448895535,-82.04491343655434,-56.934727430504886,-52.31966424832094,-67.2166243126712,-59.60946363431475
189.7041782190705,181.7120197139243,166.2376674021621,169.3477813401559,160.0701595265937,0.0,9.384643726424697e-16,1.367762667730231e-15,0.0,0.0,19.120671804380592,28.60053068420017,16.128135767654733,10.68165318273903,10.438754297383493,-443.19547336637214,-442.1939955543748,-375.55942600939903,-375.7655939593369,-351.1300816883657
430.8730888734817,415.51367047643816,415.8843210121778,445.7968386903003,447.4667919071045,0.0,-1.0944221170028886e-15,0.0,0.0,-1.016270612950583e-15,13.583141314804559,44.427586883187764,34.20504582345428,14.27021784988083,40.932871971932926,-1196.458556177918,-1179.0152108803925,-1163.749819190145,-1247.3772523199993,-1287.7698848285102
35.68606781076292,35.2004565608367,28.888333148806115,34.17126874022777,26.478708945809718,-7.964371300620579e-16,1.6148489086374757e-15,0.0,4.158714393437907e-16,0.0,4.747633714677144,2.8022762895921964,0.7810448045163042,6.117994275945558,2.71911068241221,-48.682066983013804,-44.52079302113962,-31.64874825300276,-47.46646311800407,-29.54224635440044
54.38381872884966,56.47378673828988,59.87521700101056,59.37596150555092,71.25510542556407,1.0452266903915223e-15,1.5098177971728126e-15,0.0,-9.573473409014834e-16,-1.5954904149342371e-15,5.820950355385646,4.840344577425108,5.054315409522401,4.95041272299006,7.480546284530339,-85.44963214945273,-88.21069667913903,-95.42059808833595,-94.77197803180795,-125.24609256565688
489.81255591613126,467.5681492728069,430.20986784688176,415.68570156030285,421.526169861375,4.642054857453765e-16,4.862899147361914e-16,-1.057036076746421e-15,-1.0939691915780141e-15,0.0,43.966350757906326,62.0995764166545,54.43559416637538,19.15724496756625,19.05597658681184,-1425.8791538175055,-1405.6966413457053,-1256.6111816985785,-1149.1754518591779,-1168.009013840807
228.021558542693,194.3039073881216,193.69014919854615,242.35306723541544,240.48210925076808,2.492896690299794e-16,2.9254902603303507e-16,0.0,0.0,0.0,28.86948047863295,29.192125045456915,19.858253623931436,31.75503139910998,27.028764335946548,-575.8342781592518,-476.3217273877549,-462.3990254110275,-616.757500422043,-604.2763850008606
383.7812883438612,352.35287951646643,316.3390135560317,343.82196978166394,319.81761475506687,0.0,9.67951542308623e-16,1.4375316714007417e-15,-1.322624470958737e-15,-7.109479433062709e-16,42.37551502431428,54.44836082233162,27.84679749973229,28.49961683302337,21.926171734101157,-1075.3332100617406,-1004.052219424469,-843.1719225821596,-921.6613223894905,-841.2893197364456
9.182231697948147,7.1716758880995215,10.45066907191068,10.137253568002158,13.163150212220367,-1.5476471496986454e-15,0.0,0.0,0.0,-4.723222661493998e-16,0.9621283782762725,0.6309206057017277,1.9208544095633773,1.4561030746773331,3.695189937953516,-4.243248834348135,-2.029603153565383,-7.8340753175933315,-6.555913067395944,-14.245642829210073
32.311107247366145,26.007594463259785,15.894657859269287,11.74082045292441,15.997094031283588,1.759253201248361e-15,-1.0928234624142027e-15,0.0,0.0,1.1659459385078101e-15,3.946345023114266,0.7421891122826164,1.308314947653145,1.9485710327236196,2.998624342282626,-41.16249485333,-26.811047834896897,-12.59769094449093,-8.814746034624202,-16.697452712092048
325.365560744204,293.06497361008377,242.46711019137845,231.3483651666767,225.4106577629915,0.0,-3.879236618459692e-16,-9.377505891985384e-16,0.0,-1.008708628508172e-15,25.422448328684222,35.09169145401007,8.016828739188375,25.362514860649043,22.41397288111092,-859.240106391919,-768.0528457469212,-586.7760759616081,-576.6988792067486,-560.8013040821371
12.117109789612861,8.813491334964823,7.063296018101798,3.8672035862242025,5.826071477774343,5.86396218320311e-16,0.0,-5.029824135496538e-16,0.0,-1.219591518007842e-15,1.3667545031694373,1.122879066838302,0.1900391985775096,0.44546227428044843,0.5857069267849339,-7.677635167611709,-4.254158226898309,-1.5559984858434892,0.22708090119327606,-1.3083958698447813
20.361248050497625,25.180752261905553,22.310494625411934,31.922396442843887,27.854646977366087,1.3958726577032877e-15,1.128707718291701e-15,-6.369582993922358e-16,0.0,0.0,0.20786316851932268,2.702391258976168,0.9852614500288799,5.948130541601758,0.7402175870619863,-17.781564043631196,-28.91927087930017,-21.04862688195921,-43.88266331941,-29.877879060680424
12.661983042409203,9.950786517901902,9.10231235098083,5.295416681172199,4.559070861622412,0.0,0.0,0.0,1.3418070352922893e-15,-1.3637096519461375e-15,2.8416474447399724,1.26298108509766,1.5748697282748803,0.7422995673669759,0.681568292439656,-11.04863414821478,-5.665871531269947,-5.679188168733065,-1.052958584822078,-0.7725958795461725
3.7441835883602694,3.3097490598000068,3.2721444871076435,3.612486087181206,4.681011052748149,1.8977240805418832e-15,0.0,6.107314185541161e-16,0.0,0.0,0.5464780644802315,0.5392028116630195,0.48819042583504135,0.41556103483049844,0.3097320657752229,0.027601614042845914,-0.16122285494409297,0.13010596272196284,0.32025632399175424,0.03855657675585393
12.889235868876478,11.507713086578006,8.94762158652158,13.243916552510443,7.905237045120479,-2.205073265749885e-15,0.0,-7.941135293768344e-16,-6.454825697307235e-16,0.0,1.4220007897030378,1.1810011814256598,0.7548013951315927,2.7104223633689517,1.7162438082398315,-9.38830988148684,-7.551745942970304,-3.718671906530726,-12.94325196164392,-4.64819853137455
10.325930175388937,8.517838670293656,8.32774597564049,12.613774554009073,5.902997133159583,0.0,4.1709098003825183e-16,-4.2661167730050273e-16,-1.126613976994327e-15,-6.018491282747598e-16,1.571168892283175,1.2333910068317224,1.8673382536717995,1.768813469928592,0.5175992573085625,-6.9839968788319355,-4.032796057739966,-5.102115717905769,-9.241123660101605,-0.9906186494862103
20.639772455576274,15.152616294260909,5.481126959419449,2.1687412117985025,2.3124959865762684,0.0,0.0,0.0,-8.190727550785767e-16,5.851185554986404e-17,2.4740978697335665,1.1479445244638629,1.2150767934536588,0.06287158360131428,0.652411847973519,-20.68537224886012,-11.13347024151449,-2.135667058179937,1.1104575860961687,-0.15121647976725466
17.426271948626464,10.386514007664413,17.702065715529784,8.19439611956678,20.775743965840313,-4.0774225138619223e-16,0.0,0.0,0.0,0.0,4.657927273716822,2.2513737865985783,1.9891730342870089,0.7934862758650698,1.6812940028722172,-21.88752232882882,-8.851504026421047,-15.888322088454903,-3.133585224191412,-19.484648138259026
10.734517709504546,13.25666769986687,8.038992422119808,14.105798094962022,7.950001519483086,0.0,1.875961313554933e-15,-6.629027915908303e-16,0.0,-1.7875285533437234e-15,1.5313292145989794,2.3455653476241394,1.287494694095324,2.927385360248581,1.0511270948388187,-6.864865366018916,-11.341630393192883,-4.398260501457339,-13.789628175047772,-3.3650921573791983
77.3588582091438,11.032242305874128,53.68106785009535,71.38291728315166,54.0901278746628,0.0,0.0,0.0,7.963168363563734e-16,-5.254509565269019e-16,7.66895370634195,0.4334843358511637,8.306213180628797,5.10432989615237,9.56365739253582,-141.2375608865502,-5.557003458379955,-90.74959097410388,-120.44927208863784,-94.73638062314946
444.98793759181257,90.53488018968915,333.6887717682081,411.62156570703434,349.59639430051215,0.0,0.0,-1.3627888900090039e-15,5.523852353378928e-16,3.251945374010097e-16,43.886307494111364,13.399190981730795,53.14446129897011,55.693755242295474,66.87000420705449,-1293.0990799062893,-180.14248893290153,-950.8783829328737,-1179.0049573187628,-1023.6860637347734
53.536227332667586,29.510118825629366,20.89457645685368,30.350813303758056,77.22877380078953,-1.8581059585742267e-15,9.631174173965005e-16,-6.8012169304062e-16,0.0,0.0,7.685716667523837,4.520989163104117,1.6938394151421035,3.185729672556627,15.596143712692637,-87.3672360258952,-37.91314621923407,-19.640305951615797,-36.922476284376195,-158.5384001965896
42.92237181787515,25.790450272628334,26.69089658650693,13.516297398403278,12.882565169914386,8.277067478645163e-16,0.0,0.0,0.0,1.1031075354766822e-15,9.535023650544103,2.56580930076709,6.274751918034829,2.1808790249838217,0.9552777489915908,-75.74782883498384,-29.75471084275454,-41.00199286928909,-11.778765551612134,-8.292449491849489
38.74315096819658,18.034403683489256,44.85680353118766,6.700957378006697,64.00396655692819,0.0,0.0,-6.336097803010686e-16,0.0,0.0,2.6706410137688206,1.3880147859940624,6.802462401097446,1.006904256854427,12.883718067699894,-50.59866891154637,-15.316270394254603,-67.95159370517784,-2.3950505674292963,-124.23578247561834
8.440292936048825,7.478662135089028,5.840768976428034,10.01565675381565,4.083863222154428,-1.683692120981593e-15,0.0,0.0,0.0,0.0,1.9683696256238028,0.9847376775014092,0.9645498725567754,2.9441284381510693,0.15338484480316722,-6.81078397583957,-2.9259303096151115,-2.2888015079508772,-9.651000859138216,0.46944207697625256
21.116466344971997,8.211816482932472,1.5635152356768913,16.411379123509047,25.689397521130232,0.0,0.0,-1.1361301756878715e-15,0.0,0.0,2.1275155547833697,2.1125706866214404,0.1155348960089233,3.8717585613677814,6.089886387977538,-20.798384824957342,-6.0335646548375905,1.0635040026998945,-17.641764364197396,-36.18254649573694
16.023673568592304,12.439453031386897,11.328661396492256,4.309876978906406,27.90822246467691,4.434331070952552e-16,-1.1424018949503288e-15,0.0,0.0,0.0,4.13927562699963,1.8916281197415288,0.7394124884551796,0.8580402336917887,4.469167576427184,-18.127783474738592,-9.684046895079318,-6.1456914281882815,-1.0373054753121573,-36.32563985844774
53.069034526059426,20.330137878000983,52.971390765348865,34.47004757969134,58.69214977368141,2.677805398593373e-16,-1.398008690396479e-15,-1.0730965911884653e-15,8.245335131811416e-16,3.631879587815269e-16,9.649166241174626,4.837801072366116,6.07625814626334,1.02002054846234,11.338063241181402,-92.92304441211039,-28.281687081925405,-85.53589123585037,-41.589418927158384,-104.84813628291599
2.503544968174641,3.663731834624727,2.9621518758725895,3.2085288624153003,7.663768414257299,-7.0953662186280175e-16,0.0,2.2581872921003073e-15,0.0,2.317863410506512e-16,0.3039115866713197,0.4072106198160266,0.598133178854414,0.4696474290858518,0.8458700516074922,0.7635158843073604,0.3317111945103905,-0.17047353098133186,0.3542485933858139,-2.794879297249965
97.67947330009065,41.29213241592866,49.7881278043328,33.953984156048655,57.14251722987377,0.0,3.4415405269116327e-16,8.562797202006041e-16,0.0,-4.973828737027586e-16,15.029248585031162,9.199621273008752,7.248141347080984,4.474331684464862,13.526625954869765,-198.357531398809,-67.01516123834146,-79.86569692462612,-45.62695330038425,-105.5886106418969
15.002927878219792,1.6644301339744452,9.54798302476086,13.573963176377974,7.945143058566655,-9.472054275374031e-16,0.0,0.0,1.0469200874165017e-15,8.943108141948116e-16,0.9831190440217664,0.390795190811445,0.9855004434463048,1.3460643390117968,1.5337382003423798,-10.799685647892025,0.503867700643574,-5.171363088030988,-9.364404048662553,-4.316869680735519
124.6720423690281,88.30154911897641,49.92535124385853,11.925537917037541,33.041347186903046,9.118871846592841e-16,0.0,0.0,0.0,0.0,11.96795322890952,7.013045059367265,7.655519823170078,1.026803993399035,3.062056941211498,-258.24658536890496,-162.79135681544128,-80.91507776946649,-7.12009218669108,-41.20134713258519
74.77715534814946,51.23504733829388,20.11116955187596,2.294139599944161,7.959688988000126,7.60170918459721e-16,0.0,0.0,5.081356757386465e-16,0.0,3.361258880049471,2.135047758898198,2.079437135034234,0.40131293637642546,1.2149540844799078,-126.76234879730217,-74.78950371810787,-19.021417914113734,0.38824768211878125,-4.209539282859186
154.24069985815115,128.63510047837332,116.41896951075391,136.69877132275238,133.25979458765877,0.0,0.0,-4.882659509845365e-16,-7.277021003469478e-16,4.26560907111531e-16,17.933888267286704,12.233936643629134,7.599468432646607,23.000741443818182,13.916039257895976,-348.33775567955985,-268.7402190774782,-231.79027486940484,-316.20348212587857,-283.6938761706476
60.462448300924514,35.19081679779941,20.070689017603563,15.020634111881524,12.573161460391752,4.700720898523294e-16,0.0,7.080402024433727e-16,-9.460888674440865e-16,1.130253099824523e-15,4.9075069771218285,2.78476175614655,3.611564858796901,1.8096358048596335,1.373942261883977,-96.75912628287884,-44.332648116307304,-22.151806453346605,-12.267374392928016,-8.257268200727417
28.05046106329337,5.759653682261336,22.852167586243255,21.76819974171941,9.248483607427954,0.0,-1.2336553115136764e-15,-3.109301264654819e-16,0.0,0.0,2.558645529362593,0.16123253889679665,3.835532765357841,1.9316711170743281,1.2417436069150662,-31.917569662364542,-0.5406891722757744,-25.71857879826028,-21.330958747805248,-5.146346895450998
190.9493698132306,63.11269267008437,126.13765199115213,185.55756877652573,163.41070116854925,0.0,0.0,-9.012918500305567e-16,0.0,8.696403976961264e-17,33.6539726232564,9.911917655199217,12.643101337381712,33.686480132539515,46.04090771401916,-481.9630074828741,-110.46114045039586,-269.75218221525427,-453.4231363265669,-434.67992372150104
1113.384685338358,1292.2575118150771,603.3951177845223,1005.9422493043271,255.06691401001777,0.0,0.0,7.536477135515346e-16,0.0,-8.914275547094357e-16,260.55037053645515,125.19196553941744,39.03829230665865,221.10922154518977,7.060546804340473,-4224.944680547955,-4600.611563343776,-1817.7377886617192,-3646.227661637122,-624.6831695448519
140.434917627879,100.57239767900757,64.27944295596483,35.50413826488638,21.306299575088925,0.0,0.0,0.0,0.0,3.3348950776551477e-16,14.852567374675267,9.596254531753484,8.948682617049059,9.76120751776157,3.013724894961291,-302.951111169299,-195.42057352057316,-113.32977033666401,-60.297859791871176,-22.537176115985112
24.106971828563786,30.236761303972592,16.790741731115226,33.16743802773799,9.564664790483087,2.9474574443157344e-16,0.0,0.0,0.0,-6.500226692823658e-16,5.457722703908005,4.599018329102826,3.85415001679755,4.3704596543640575,1.6290709126666088,-31.538525100712718,-39.50234890837309,-20.395039698168123,-43.33508320089155,-6.171696845723862
11.907415682395003,8.107490787860527,9.459953500882987,9.455283197641618,7.989440207966618,7.459035977162435e-17,-1.752805533430903e-15,-7.511059496156916e-16,1.5029538955265287e-15,0.0,3.113442930795469,0.8198602284356927,1.2705349659878906,1.0111424516816618,1.5740500762049272,-11.71849979966713,-3.5357701746600525,-5.2933838600133685,-4.91091588131679,-4.908046594569772
406.43081873276157,346.03773041836644,227.1610078526694,83.20643461502766,56.73279802385051,0.0,3.2853884917163917e-16,-2.5023404940021726e-16,0.0,7.514623926654075e-16,42.7696412492751,64.22911933483587,47.22103984175392,8.818309079156368,5.649805725687851,-1156.347109781339,-985.5093771053921,-596.7244272263155,-154.16184361565269,-90.40216066356926
37.14433639044502,30.539307982382066,31.224121707886198,27.99036830802609,30.991611263702637,7.651693957228749e-16,9.306599038458995e-16,-4.551242417048613e-16,0.0,0.0,5.9053038719507205,1.0880576497222771,2.2926361483470306,2.7815920584894966,5.7651579595279605,-54.32296219810568,-34.62533983170155,-36.826357677486904,-32.89583777843602,-44.6201878556246
5.996137509026766,5.010767435112485,7.103924145038295,8.340101443555081,8.171934057184318,2.073751286904693e-15,0.0,0.0,0.0,-4.347457595643652e-16,1.1617536736505196,0.2658708284588365,0.2295708392448883,1.3062552376061132,1.729881889279162,-2.656358694549595,-0.12127773453582023,-1.6072620426438802,-4.8397028100924215,-4.681415350566807
40.71769373095674,35.52549559397744,17.08084087995868,17.89191321806233,9.91974940703951,1.3960372912179762e-15,8.000369581113536e-16,-8.319762952581514e-16,0.0,0.0,4.89952027483875,5.44084377220616,3.3103732232827405,2.1614624989974893,1.2846627595004327,-58.55675815535287,-50.71677469516094,-18.570494319817808,-15.83883965197255,-5.291682531622105
11.10956809901035,5.947475267132842,6.1956820677934035,4.090510906168374,5.9308394937034645,0.0,-1.19469641124315e-15,0.0,0.0,4.492678080277179e-16,1.099378895951746,0.4035862010827546,0.9842246817664162,0.616868095519451,1.364202161308121,-6.740876770875027,-0.8689199372295855,-2.5742084233230456,-0.2101985999446204,-2.577279003849084
20.468246169730705,15.45218801635529,6.467451384624182,4.094667793945598,8.197081013054751,0.0,0.0,-9.269809661389857e-16,0.0,0.0,2.1248474813285085,0.49823919490863433,1.3856286118108534,0.44473188465635,2.0643005936232584,-19.891644687476777,-10.950237190066208,-3.399863328713309,-0.006120983563466552,-5.534182667781374
249.19406412576186,175.49793604825436,102.67763976991002,79.27225955421625,149.4303427741545,-9.124361619162903e-16,0.0,0.0,-3.473287019385769e-16,0.0,3.859224073053465,16.688346603241026,10.149977131244585,14.55017802343951,3.0168153165510936,-605.6755609751527,-400.7531927893509,-205.90123208523633,-162.68944351190027,-315.91397003794896
147.19453980013878,138.9708901634968,107.45189002841228,101.77682170130286,95.82214474414575,-7.72357710251891e-16,0.0,0.0,0.0,-8.89826965560811e-16,26.779697874051607,18.779745741035324,16.819343709487548,26.328250117536975,13.66771507112535,-339.3021578041119,-311.8956156748334,-225.23092220196702,-230.3437078650123,-195.42639881771515
36.606484981827954,33.35269315008063,28.351809893810902,22.033382400569295,10.488141528550907,0.0,-1.7043127103716539e-15,0.0,3.224846384646514e-16,0.0,5.132874764424087,1.975510435012848,5.601027788482211,6.087566426178987,1.3324654711061472,-51.54054721129691,-40.43239462533918,-37.21795061129398,-29.98626851617951,-6.376871945377967
85.555365693632,64.842648686905,68.65291843782161,35.223583850943065,26.921779630159165,1.328810142998172e-15,0.0,4.657401875517278e-16,2.0172357780711072e-16,1.0557143629006064e-15,13.656125451850015,3.0724652557254215,12.170492447438587,5.132989758291679,2.75792835591452,-167.91394484784817,-104.39116452331899,-130.7259596642801,-48.69230694043226,-31.924385217096102
